x,y
3897.4741467366093,9686.869644628192
5163.541626664959,1854.7950335642226
109.28398967748554,5432.608693258801
7895.506015797668,4491.261454190268
2594.877073758529,9188.561089257497
8165.550240405164,106.1923247695995
2656.386663803172,9891.704007670942
107.88496262492231,4797.3431437252875
1548.3131819344676,6255.396472335974
9856.82902572168,3600.5255580571547
3198.0124594798854,8525.266696954988
1088.2390201274716,5619.879451183827
1187.5880362575053,6628.109362497648
3103.427140572238,6489.047080606764
376.45041116763036,3639.8213989773253
5114.885881219538,759.9099580661583
2137.4091548932015,8077.062260940501
5193.106413968722,2897.159191843175
1407.6421869922017,8489.302284777044
4298.572290174923,6086.430087908263
5979.1685840124455,3537.03958097478
619.9993833810802,5942.471489736227
3987.4930925105855,6454.9269236143755
3025.238209896878,7066.834077586724
2403.5981648863403,8223.381345070713
6045.3462608449645,1597.549422179847
5885.419857654073,9441.443847686167
6306.998066776935,4108.406144275108
1588.8267043252135,8604.502983763774
2857.0924486232775,2204.7959536778517
2096.7877799507874,290.28972204714785
5405.036049978419,5733.440436228508
4610.656892096164,3246.6627907243897
3302.9373759275004,9844.620049479494
7860.148088684331,1044.5345471538292
939.737444083828,473.0286600352174
9748.966887556422,450.1781855313325
1165.4407781531872,2168.736952237945
7730.708125683694,5791.9111636533835
3682.3018916083183,5055.633736446917
8652.622291318055,3500.758048335615
741.6994878416206,887.9310741690927
3747.217101923378,2337.370947943188
3354.434065002363,1841.4706478471687
9931.570382255353,7456.668371560484
9855.489948896255,7799.463830013141
1898.0395866638798,7770.140130618197
6299.469606983389,9690.405444141486
5355.194199109402,8842.37946334032
1543.7349124073874,4978.047471785048
1677.7970610442305,4149.360209091651
9892.517284795547,9157.685177094618
4527.299936209327,6112.252520481467
1258.012920000735,2943.9866702559525
2147.900387392543,5644.640277151673
2683.4806724854966,9921.494226961262
5109.172633186193,8494.700601523622
3355.481295063093,2812.7971605954162
4550.11785889921,9529.54425917217
1664.9955110136273,9814.621114791158
3267.286905875062,2311.669594154152
703.1659271775403,8955.921185013412
8897.102734758488,8832.02717698832
1987.5247716857825,397.53573234040607
7569.001354287388,6696.891930616871
3495.51788203346,3052.807130311693
4743.973189397933,6746.126264918758
2912.6103946122685,9135.586941902435
6964.412711073699,4987.792479895184
8445.464192747075,4144.128307886528
2862.701847395881,9215.312711874172
2422.1764366359243,9741.149177385327
6814.402654638969,622.3632779380273
1951.5306056772085,9228.480691482073
6398.397656097723,827.6853352188884
944.2807969363554,3372.8621338358967
6201.371599606872,7625.741224303268
5134.067340104331,7770.369819396953
1139.0571557630835,7258.218906791662
6491.036348645997,391.12488061068376
4465.571570340759,1329.6604802409329
2171.150508170857,9362.164982197484
3533.841557021773,814.6138839589079
4921.021056389296,785.4591697311664
915.5422726438201,8356.459377578702
9576.094831283543,6412.657532228862
6655.621562121212,3516.5605584517957
1025.34981287696,1657.1048707162638
8228.621843284594,8841.704198928148
3225.549309461454,9885.377576285122
5967.995367131839,499.7172844282916
2771.4284157957327,5541.133820902018
7334.059449146072,2613.0358490581507
7230.089750001023,8323.868335497042
5520.434568724179,3460.730917748057
2409.2559247157806,7146.292891863398
2537.0380751214548,5395.234215262771
3828.6279669494293,5415.233815949703
1450.121673962853,8579.994311804214
3376.557131909236,4704.044259245642
6843.546012483125,8455.995341444806
8308.452800594212,3634.2682803757543
3325.822904933614,1747.8294246430503
2335.9025825436397,4554.773776566151
8326.425783351344,4983.557813770222
8907.040273859213,4783.8319763779145
4100.2152331206435,8083.304118792822
269.0415384963385,5646.789414600971
6949.616208941519,8884.44071758803
7840.332361831295,5141.854949159421
180.2425316444023,2247.1508288200425
5950.308533415132,1294.9584026275263
5883.68758244175,8683.62820944621
3787.0790874791405,561.7279890221172
7497.673258508377,1176.0961191976228
4281.790381143606,636.5851891764107
6767.759517913641,4237.341971818202
5171.17304635152,5326.156163935934
2484.646047028439,198.74731022600733
6065.008630101317,5155.861668916043
7369.084948458417,3937.5947129062606
9739.056734370037,7736.451824558981
3801.089468024135,8299.566217462232
644.7254466635111,6849.674363862054
9879.712212213519,4734.95535316624
6238.066594255362,2161.485950419881
9464.504581607693,8471.148673025602
1038.2708601111933,3416.6914004441683
3420.338398704577,3562.918871949492
1339.366988727243,9160.115471870447
8355.101545820595,9755.97255597913
8803.42741429316,8981.309563845041
5013.116998750204,9982.34723561081
1866.0621766203044,8689.088439014773
1271.1896903970853,7043.5751762008185
5881.641100802068,2938.1939957147283
5063.763245853006,9529.570488998763
6947.891023676675,8766.268316137537
3052.072626199912,2407.4679241565323
4023.679950243623,4891.62473241827
213.61073851157374,700.5566062555013
6101.43045075529,9533.08863267217
4231.435213464778,5727.683277214559
9197.646338134478,2452.005459281654
6417.862977048049,2923.9931362387574
3986.944914496938,9806.563726298597
2635.8918087335037,6156.142918041977
9052.849426076387,4206.831241064037
162.65074117443268,4998.454617855381
3269.124672523922,985.5007237734337
9435.055837880349,750.2276007287601
6540.330069815741,5927.077433003849
5327.190712832991,5120.040364403165
2035.3471792042744,3591.5319130344114
8333.747742543872,5661.1395251136455
2041.990625927761,726.7594943717226
2482.5353152124994,9439.911714315464
1918.5114287185522,2937.1168778422184
1581.4946056952194,717.7879067199888
9533.124959788029,1695.0427257410406
6020.315961413085,954.7391448251685
6378.37132010094,1786.0450435968123
9543.254656787834,4167.540548266119
2305.7505512556263,7380.508939355208
59.17538597692062,2723.4834745503977
5988.836495702912,4359.266219416439
5078.448532241586,9287.572878882364
4776.50377398294,2958.2173932597543
618.8021124619913,7947.197532647097
4544.348665747845,1578.1687248236642
2875.5956509069892,1783.217462572476
2745.646772243131,4561.528734762656
2223.815801790928,2341.0225046638634
3325.2835975457074,9030.280737942601
3531.330751434124,507.5229112347779
3087.757763619975,5972.725661438396
9787.527157195089,6042.293961495198
9327.310855094871,660.2592751944769
5745.100995248622,7325.642148708913
9810.548384103098,4688.97544512196
9911.980103191901,7230.733734948085
3559.397100173025,8269.249859350699
4451.875457397445,3228.9935199069387
9590.617769846656,4844.858829354876
6086.261992986865,2607.607797680114
2129.290828372725,2015.1346352233502
6893.806683365004,5.947580426574062
2057.461820460875,9636.315120798374
3393.577436718458,4409.284693296482
2275.6016309535153,130.69773058874023
2449.8021593384224,89.38577568048167
46.55581566782252,2883.5256855119505
8807.088321994519,139.37678710118416
2959.904952757938,3745.1461765854833
863.7437952279447,629.3850143894786
869.8740568108853,392.5159115030974
5560.182764609522,6693.8139407455
9929.20550533937,9068.412894428846
1450.2246727019165,4093.8658330227927
996.2178094965946,8367.704302759326
4383.038804020906,292.6546113574713
5633.312538407954,7776.900559701825
2943.8035887794044,627.9999232289091
3025.220925138664,8384.394231973516
4244.765018489495,8823.66344872064
3141.45615150606,7859.7384238231425
9153.315835685167,8207.49024411289
419.5457129062896,5614.845663323189
2345.701598702746,2648.8494258265196
8085.527962274213,6432.310026609666
8339.581246649568,4395.416490763614
1115.5507896420113,53.36560919045996
9737.634500127167,4768.2570643483505
6933.548498991089,6511.879245505455
2725.930559835956,138.8365969132077
4560.378648144545,6213.603361081577
2971.386195679672,6525.3190621685635
1500.2224985441937,1581.0757823889676
2911.7806474891518,4310.741851565095
5800.919374896184,9643.326008891325
8259.696948354687,8841.892277997826
3635.290748895772,4108.2142285825275
3479.015405478417,3498.462680241555
4680.007010813227,1240.8068097685598
6445.555999643463,351.89084540159786
7516.162624323093,2974.6277744207873
3267.9950479947383,9402.833470822383
5863.52467825139,9586.134513336672
3893.6084128088246,8125.193405762763
7163.998503633859,3508.248135198595
1646.7492051702081,1436.2643288211118
2569.248650512961,5955.334756056793
4260.604198427498,6465.050072061814
8894.147899213676,4245.735692456041
5733.257893506902,6916.467955586403
9653.961189814116,7466.818856517353
1032.7768528108384,7830.6166357478005
4601.754136509348,5022.981113575072
4190.785300453842,7916.407775597334
6002.061764059684,254.76426269456786
8119.646087075783,6804.043667388696
8414.480255830602,2356.3395705047983
6701.946087055083,2705.2029168765325
6415.363642455536,913.0170660673232
9490.295420448076,1923.922635931793
3836.8740163842463,9920.08233002003
8327.833141884883,4153.901305634753
9215.037270922941,9277.653986886855
4915.392442651969,1628.9952819279806
7291.025786033003,2040.5884209851954
3770.1985667090607,5578.133538150712
1588.7901419540406,3495.325408790825
5865.038814724253,6439.152085747961
1964.716508495319,4220.465757204303
4575.9913080386905,8115.97237465462
8728.793133283332,4315.590711710837
860.1818756368051,5723.49182438264
304.2853566464965,3210.7320002372876
6064.778473818876,7040.409874386541
3310.613265948951,6547.342089657141
4179.377069259152,3970.0103277405774
4057.105886583315,2760.3210279059654
866.2022900956357,6141.04374820299
35.664326795945556,9431.516492110077
8984.232428642643,1326.4302402660155
2177.9856090374637,7991.166183455604
4260.789918642883,5429.917728080906
9719.257966710786,5255.596951738591
8267.625819836523,9616.841475759791
1079.3085526270218,6058.747975685567
5085.190316125857,8305.17827748518
7300.79026495016,5144.772488756966
6983.927849992124,2498.5336725508932
7608.418524044702,6944.902714581096
4574.546548880353,9231.76904444004
1759.229293302821,8412.300956100755
4648.7244391937265,1983.6360624008464
6478.87249173292,3168.891190621502
6085.92086605168,5168.806739736777
705.2205378860743,5716.032952360652
649.5243408219176,1938.1411445852825
9652.578311552119,2300.123400151646
1518.0545503977105,7588.310690354364
2944.6246401172193,7303.174167149425
7676.3448215616545,8392.08814628891
4096.770758231749,9329.29807280231
1814.648532600327,3082.611189026917
4672.323823097815,8595.949565705794
5689.4997076336585,6660.117912761863
4527.666092780757,9577.704238917995
9189.46075472109,2720.741560234159
2846.992950995043,2696.7150163952556
6613.321606996709,7042.934486927267
1122.9472140989772,9284.107740382764
3922.854576640266,8245.558247864346
7409.932515849737,7270.395577933562
2248.1694058946546,3873.0919805738827
5897.710456544126,7177.67334701974
1534.3702920906032,8010.955764308144
1027.0169136137108,7532.8567979060435
5232.327489250427,6768.10798286123
6750.109960860286,471.3125169070298
1133.6706623448345,6597.149331148086
9177.76252372915,4782.946554829104
2257.722626974669,9615.692715496854
1199.7530815930002,6071.898833770711
2026.9890835021054,6082.272562352993
1695.7245653184193,9940.5518736975
906.74650612949,935.8778978090543
7978.392347787074,2763.162851003529
4955.37774744111,6560.794389690256
3885.194403786828,3152.3625603437467
9506.27926984133,3461.5014792912193
3710.0838706479076,8926.449397971086
1669.7272604718937,5793.539050397965
2740.4289192659626,1028.6558280415459
2389.6653358859644,3108.625857326218
4987.4127956330485,760.5837649941805
2915.0512395457395,5561.299334471452
5160.611721863618,1732.6819637598967
6692.934249467889,8571.151500251062
7772.987857132578,5773.140264564999
7101.577812672308,593.7564193109469
2055.9071645636095,3008.7566362431894
1158.9971924275378,6163.376672361268
5424.501591012509,3354.9831819382825
1989.1179120814518,5131.766685939558
849.3372177151326,9093.622946827356
5270.943429794172,3500.359705062783
3267.9418510779547,3358.7286246978797
7561.490119385038,8197.568413126988
3141.91630548418,3187.5652291676993
9787.171370558137,779.5834414039226
7585.231912607081,1809.449542374949
576.9322148886214,9488.00250796301
5088.7274035627615,9332.927925777214
5626.205012141103,2248.120907781478
6953.027106815976,5535.018730986858
4977.967970337582,1373.6810042300285
4834.435984145732,6746.7762851153575
3679.386116776128,1853.0579600981068
2714.6138389917373,497.9042292160396
9462.002119767345,8248.968072087993
3175.9666963437194,3254.003827236257
634.2132458033068,1085.2240356009702
1672.8473929341226,8339.039508622252
8572.766360412897,7623.974775461484
5866.334591233839,6837.584504319681
7787.8054937706565,9112.487098445292
8087.815461396944,4892.260868706352
8232.364392110732,1280.5649758679772
5506.1370774460875,613.4640989511953
1771.2059569910489,3184.410179596586
1482.3275223614173,868.3083013741622
5739.844203751124,5355.094403470854
3665.143536856764,144.9901782315788
5580.4824124576735,4437.633015093759
4984.778442378648,1784.6028985358541
6021.980796975485,3682.6804386715817
321.11790736565337,6750.340747706891
328.3668063012335,3509.6377105070155
7215.951708485088,3413.3988720021525
1931.2724382271983,9907.50732839502
6521.984621920564,7188.1472272628625
5465.759107914545,5138.617118500513
9817.944714046234,5793.756509975795
8354.058788830624,6201.826315188109
4131.345213313494,245.7539894084193
6164.12820093165,802.6459052524759
1172.89457225472,6491.893513566518
3863.86042962381,3644.688588483137
7338.877410898743,554.4404023192507
6226.7158412865365,2975.132460516261
4844.713243773578,1302.8342042139018
1765.2910405266907,9163.138422263213
8031.459261575446,2029.2539255311503
2731.666044115769,1436.9119739405246
8204.790816619095,6261.688170886166
6116.090627949935,5219.119302768327
3727.3142794878745,5759.324540357919
406.052219599915,4359.481480403152
2324.188443443769,4671.693109321295
8890.70925488164,7787.975558471295
8179.7434389571745,2199.221848256674
5748.533129340979,3965.293028312341
4663.2246396212695,9578.253849279492
6471.4267933010915,1899.8570118604518
4662.481278433015,2937.7359504186707
6443.0484071914025,1915.6692428599054
3074.040996601579,204.95496358135634
8384.972179114751,2698.2992504167037
7019.178934652667,464.67445962239174
3299.756284276918,1546.8512640663334
8306.661148234412,3626.8207006761468
4873.425308531789,207.21217068958242
1746.388647374615,7529.565659307166
777.1246200352666,7955.890137695468
6996.057476372204,4114.138024183629
8651.208042080107,9846.659793742694
8074.419885945436,6789.939148076991
6556.510302221519,7437.217479807489
1413.7505560476804,1923.0042366613343
940.4407597665354,8374.376228217134
3450.2962301172533,9450.463980215061
8549.108903987688,2363.1016657379178
9617.362703066641,6864.6429438638015
2413.608548470713,7469.410486633314
7620.9567058172,3051.6917180954906
5738.692169072057,4750.090025722964
318.0736707794274,975.390935807241
5429.163499329398,1730.9480395950793
8059.404029893552,615.7052364719473
2761.227833440265,5601.654905452938
8973.61623970461,6252.6289727726935
2362.604068746369,9161.19583433733
764.7313264405431,5421.848106236014
1599.3930943956402,2606.1137080809995
8370.028687209184,594.735465911188
4173.059190395283,8849.530527508368
7969.455636216577,4788.580785280534
5312.330609895951,7373.219894423212
4805.591247944314,146.49348595588972
8069.131514924654,4881.389226644176
4234.876117123759,3257.226231664986
8020.327310663683,303.31272613826843
1006.621649634456,7756.728070724584
6363.108155392565,5129.016528936132
7025.870565519847,3331.802429911309
8990.973961417427,8057.984839073993
2243.2391871619493,4469.234518501665
6042.198800928515,34.979563683013026
4332.565636892231,9444.476320383255
3827.7165554402904,2556.827404623855
1067.1355521195746,8305.755220633415
1342.3333059494225,8164.15384081273
8369.884614476463,1623.739313607313
7497.534323255621,4740.026812147767
3823.411302911005,401.98978498492966
8284.865813896307,3545.51672888462
807.6618482357844,7309.788433696201
6247.739170331686,2370.6947011035763
8681.760527142884,1171.2793074231
8388.642310312494,5071.235509350089
3727.8275994185983,5369.863843736321
7452.338530569891,6758.2893132115805
4274.681455198775,7591.377468025908
8401.381643899495,6958.095312646552
5307.61950155023,8454.122082948506
7648.570491050412,2229.0646428203986
785.7158229167171,5697.667462164962
5900.259716088628,3600.9535742132516
5502.8417746933865,9621.123570016422
6099.767217351601,4402.795234148238
6956.416079155902,9597.139331335567
9181.08970034142,7690.65654059106
7856.82081776031,7184.63862068699
2196.379914349047,4915.637119218269
8258.96269292096,4433.781342556022
1220.7967761509565,5265.481875184069
6221.985856750696,2936.3306292695324
8827.538082459432,9045.099398384667
1011.2205421490395,7943.306552653664
8496.926533102605,8013.958543250439
7986.207342302456,4331.535954494361
5037.754338390708,710.8894824421708
3088.9760229540407,6830.773179262786
4054.3822807154384,3744.135839714118
9686.581357002118,8704.303124508253
2016.9755615184638,7803.384384498635
5796.042878298953,1453.2814198975607
832.4074787868385,6017.1573053851425
2178.930641891722,6922.139259271843
7633.163880745206,5681.375798243615
3025.990403605272,5140.421761552612
9857.660705627346,2278.6307500594125
5008.1704309384,2359.0684442118436
5165.393253077428,7680.081386425546
363.1473933573526,186.8978556355716
9565.26749577266,7789.100627055763
1742.3344088441795,5267.987365391391
5383.405988104426,9362.22652384836
3956.746099587316,9973.21547722923
4155.847007446057,6634.845651089614
6433.001660361084,4122.57194420137
6620.886770924774,4750.859085606944
1542.8861485809687,2042.1542765150768
4995.866531218922,992.3432399148102
7904.774491418569,5787.633933021351
4432.864835522296,8054.950979666007
1658.044708265801,2617.6651772921323
3132.169431566907,4196.528102453499
2123.7956410507018,5547.736617769808
1258.1746791483706,9078.978199700572
3775.8112743535376,1386.3122766205604
5409.362431980751,2368.8316872966266
727.5152527663175,9185.304517857847
6038.233722281834,395.35593154691793
9930.244401696076,6561.156340598586
9641.249320200837,6395.258832179516
8291.734819991589,3832.5443363256395
2663.4111280240304,4681.646790071181
224.07596479367297,8549.179514805614
8335.41702882851,1649.8206334677911
557.2023197871323,2315.674782789271
2056.280814707704,5123.504114398905
5444.532154467844,4097.454230000301
1783.7803914364358,5743.724975451836
8337.88331298642,9208.391860937958
7771.596962598291,9171.020177378366
7557.695057372498,2300.1833971499177
8161.276158975766,3021.446128488404
2197.017802646121,1620.686812970299
7288.923761497494,9277.903714639264
3552.8150259176473,3978.641301981952
6668.447595683995,4497.051448836772
1220.2172863117478,8026.407807774596
7055.865800645149,5129.73472810292
9721.077279007795,1197.554822215121
436.0036531871625,4378.487094426966
938.2890116708476,6305.240432786318
1236.3676733801387,7192.090877570364
4305.639049413013,6453.51852782894
2907.8018493305367,1191.8071923236328
8069.201535406937,3043.445251618183
4737.872392009615,7335.646449632152
4845.373426885524,8801.901943360746
7170.381013253537,471.8641506225973
3619.6898253574573,422.2910806997715
3532.072474204635,6434.045293390624
7569.263876274805,5480.46154163281
7800.417458367648,1553.39050517714
143.98772532819515,5482.915816969604
1437.90475840733,9744.873435008509
2130.9818114847976,6309.00220396625
3516.004687578763,4491.411560497186
2914.4808343195305,8275.324879395754
6685.200483882765,2128.2248565215154
8281.352338029581,4143.264308269132
1920.8698235602417,5277.678918108474
5629.800606019484,5045.398920507554
3678.16251081036,9209.724692111524
5057.7787504606185,2926.681072466758
6207.578417833939,565.0372072961962
8935.99818682011,9163.772045137419
1922.926678272807,2170.6765713834266
870.0658705606035,3790.279739767074
6272.119190453524,5308.9162451807715
3941.308487726265,9758.804705482135
1629.0269329298856,5352.684416285981
1170.871673548447,4477.433065484791
5589.0978687402985,5836.3847951764665
3004.705945281956,9708.081599171377
9974.263795859779,8179.445987564404
4059.0081933071397,1689.6813631192208
2122.866087651827,8032.60014904209
6288.490451172778,8410.990598038885
2442.548896905069,6906.9410395846635
4940.8604323116115,6572.334591672643
4825.761837210074,4408.770008478043
4535.576297157372,6416.953871194537
7960.85696269575,7375.749721522578
2166.130014661839,1228.2024807429902
9043.073050704701,2573.299601834357
7913.405032135343,1940.8187896629404
3331.2236424332377,8412.118369060143
1806.0250628013853,6800.025915317677
2795.3502450674127,4507.7853957517655
3326.362469090783,8260.557504884682
5569.331688070467,7167.813399925107
463.68168813650135,9135.930815452968
9143.591298520532,768.0699609791575
986.7485666111098,5091.573815412353
2792.7339410003483,7067.479035762552
1092.874379529666,2074.9318680484575
2566.7282652566014,3271.2623197136404
8376.738186088083,4189.762513198266
6151.758113832423,7943.256182705891
2273.232250894807,4935.762010571952
8717.585297993377,4928.700328477893
8007.120592184848,4308.876185521453
7536.492823215805,2285.890892963154
8476.326983857129,9230.715356127646
6196.496815183151,3178.0112065667545
5014.373602112323,5674.656607699006
3739.3502617138943,1487.797355223065
2237.640204076984,4342.433920990472
5574.116576468949,9038.035161692178
8894.923457140883,9954.652385105921
5939.81788992325,3617.518567334671
9196.068617206367,1539.905463143355
3569.1736959316354,3144.515267303951
6951.379725274976,3272.4176838701947
6486.654724626412,6445.0879428231765
6704.338440627419,4961.567244945602
6450.420122407926,7684.597282656305
2216.5467493711676,7013.032844974811
1435.9089828314898,2513.087239252463
9786.282562320586,7842.556898857781
452.95128842501197,8474.61866914816
4677.364870282703,5983.901897540017
4250.803171418619,9276.677092485761
3600.1895821507624,7829.481227345503
7819.838535767095,5953.95906873199
7453.502883125159,9061.6599731333
9052.249235299403,6003.584802405389
3954.875261869222,5211.911273373402
5641.795279294597,3562.583404111027
8923.070473421207,8828.633305944453
9938.480628553843,1227.2717087282158
9692.94362365355,4735.027142174564
7178.438712687342,5374.133318750219
1432.2755781017959,5547.491067697769
231.86011793026594,6518.8983048524315
8252.183564029418,5057.956242538156
8409.420244918254,2568.1814763992707
7463.609082634695,8569.443961394998
2799.234859992201,6575.253278355283
6398.178595985267,8581.878137103062
3162.4844181527424,2760.4349098037674
4506.482461009246,6370.568949028217
3824.3508498051046,7141.737450763951
9136.400867900556,3834.0516036783847
2341.573307438756,8122.441182069012
5776.109045737502,25.087748422967238
3609.8152903385917,5949.197502142216
6630.711119142257,6135.684703521305
5645.63141177475,5338.430930386354
9239.776813659404,6300.484869194494
1016.1215170121318,1672.2685702327024
2206.408397567634,6847.814818023758
7663.479638310559,3357.8896283666527
3687.868398948434,4520.5374257591775
1657.8378622872392,3331.0936399626867
5033.212592453878,4739.362034994854
6521.420616113862,6215.692265117477
448.2671415349859,8383.43470895551
2916.218893674447,4834.35057640221
8094.225376960429,3232.2382760360324
5202.445666101942,4879.418789253843
353.7921517331999,6888.036640705155
2819.5100527470086,3467.007167257956
6391.4065597942135,4142.820747234062
1993.5946957802475,5628.398170087365
8273.914062194142,2940.0926382735006
6765.759070836642,2090.8465954444177
4713.790609477931,1403.9228386326197
9156.237810667848,3526.0998312607426
3918.007709246617,483.42906438057054
2350.7341056408527,5834.825267095015
6614.029925267008,1759.093659975245
5732.951874701485,3773.947923300428
3352.4790093122515,2692.2281539837254
3436.6456132397716,6303.899663417494
3982.103086341018,8503.456614668663
2911.385674793693,6333.01042988345
7102.414063609225,5425.049286733938
6513.584050512053,6690.837393220421
4407.776525463927,299.9063776019983
3978.546757792372,1228.4466096211977
3650.512693597051,949.2723597104424
2834.6832139225353,981.97165748784
856.9666315705937,2604.83715196548
2682.0468552250054,5320.522603832052
3212.0134869306503,1146.8157865674712
5476.840062653433,9351.162411893893
7737.885090780497,8542.568026544153
3957.0214483403165,9716.44353832982
9447.569058520918,425.0004508849059
8273.499634411624,8514.024470893164
9848.018478837452,8037.340754414894
8762.030410414818,9021.058646024605
6167.259493093792,5279.441676598087
5984.792878167189,7878.890707756734
1295.2612675421703,512.8687934265241
7223.992488915677,758.7778948398882
6002.0685759267135,1185.3224094958825
5069.321033959847,9147.88863298208
6932.868725572886,611.6934938844887
4440.478428379937,1001.4952669911092
5238.596624082862,9304.10402629527
3983.5230480325636,1073.9258183227819
7173.708933706898,8697.56298725374
8766.109705478882,7892.707880622864
8408.449391326027,402.8198853215426
7860.252720494688,218.4739688963
137.87704544550917,5343.883835135932
9118.804638774594,9971.754037667673
2748.7572072339394,8788.301600989866
8879.739429633759,3100.2543337128463
1969.6810308937652,3863.0923411540343
4396.457514247373,3879.059962381011
7493.987943269137,7341.788159050147
6402.789452771725,3411.327526623835
4159.219380294299,1477.9706137526073
6786.238567402784,7471.074085835504
5489.495100466395,4580.156182451046
2757.3630663553226,767.7872368646699
6463.2944549713975,7900.522684920607
2042.4708634452338,5853.112639502293
6939.8828425916545,4893.693252687843
31.108776232428028,6733.431671472798
5487.725137617697,5053.676828203663
4010.67627556141,6484.201479884992
3031.037738019473,8674.885453653216
5157.079672346375,6135.1436811112535
6453.116325358881,6596.004978542749
9653.122662134649,6138.560694206747
8330.644898880977,5311.797776332966
7171.498830838108,1719.7241097547155
4789.669116791464,3356.7764355886543
3921.4411966435423,6931.089673581222
325.2965458599721,4254.761067017772
3590.969030590482,4061.2901191102324
8483.771386726166,7592.692841305579
3840.2458197629,55.68860623661243
4615.849990621465,6789.944802453385
2718.3442402490477,4892.265104900153
2741.327588133667,3767.625812463521
618.717608917484,3405.366115735896
6138.039256198008,1728.7549531516954
4480.694030453464,3342.5208274860306
6059.6080749079465,3914.1847211037284
5468.869000288528,4374.489194248349
7988.445872971748,6723.006386775275
7510.119123114727,4535.71019423005
7714.538531378794,7962.843042233506
4992.390069416756,6397.379973783744
3538.813513539305,1895.9707949408933
9334.365905329529,2771.7317277051347
542.6977371655395,792.4918644138545
1526.2130785023032,9457.217549233223
4195.990921766397,8865.504812292666
6139.576525680111,847.9622545093713
82.00374806721643,5740.760158474601
7193.228193111419,9604.018188608185
5587.265427899148,7471.427899461557
4847.027586769253,4918.121939706727
4234.950388278682,2411.0298890663485
5194.870317406245,2790.370750812956
1617.857344817476,7362.379546713607
1087.1173927698253,7805.752732438466
2896.3747875183844,5286.933243514326
7095.047919853247,1209.4870151670477
5882.878838354964,9338.683736265946
4801.230176190126,8447.62734566735
5715.209658959604,1405.3877902742283
5592.580130393432,567.2758362885222
3070.4192548992537,5358.6768274973365
974.5594724472584,2841.42617729526
8967.823686630507,2832.4970941456795
5999.112626239146,872.2159275041174
6977.479996808516,9533.858352713874
4639.972243669551,8301.664596598446
7564.805799765626,1138.3459187591682
5844.972639786672,8765.987676508303
538.0112209719024,6829.56055963137
8900.970353936911,3254.411318286087
3055.3614678788686,8712.505544151318
1378.907774213355,5980.221877819584
880.4100770431578,8486.698443343861
7204.403138421108,4692.679244872524
7039.683668043598,5006.510401618275
7001.621248132707,2910.100294109561
9157.527726815659,3876.926919447082
3489.4302199765148,5677.520691282214
5611.330563589232,9470.592237086174
6194.955829943495,6001.177599681348
9794.818285664625,1473.7819178039358
3123.4614371859184,69.96185476486727
9563.311999039404,8509.8785550868
1487.3433308238139,3643.25423366153
7640.01456027842,3149.6593963983287
6328.859000204128,8007.311229423819
8168.960372719875,9453.642990898354
286.8557363984714,7480.450883519564
781.3104293905582,1738.473129114323
696.9577956914585,3913.7829359104226
5929.594554972878,7593.985524347407
6029.36067575538,9069.258146705733
9061.048893549761,9986.000639496602
4676.03514518445,5115.6090713818585
680.4905500496394,8225.248183419499
2095.2940162251543,466.31642777384076
80.73094817842907,2858.24749754968
7767.14525128405,3715.134033474893
8155.994368807746,9755.238452818941
9979.40416284136,33.93648214860545
4121.944490530943,3080.207377625931
192.98375401592517,9304.122596129038
2347.2988149037224,3066.7823504401126
5877.688676632958,2250.6676581457687
9619.429670527365,7300.885114359835
1035.785514707943,7453.388929998653
1215.730201607428,4721.778826475085
7017.58985278943,9469.174698654233
6672.070550215495,2027.0707954184186
2505.0635531183307,9134.158339795975
8131.44791014519,7555.0807652529575
1287.787554774632,3682.083408540474
9257.418447767597,8069.086197233739
2010.319303324214,1332.0217641375386
813.52372723005,1309.824931932273
3395.2208647385464,9299.372032474059
1878.4128853454497,947.8050784541169
5269.412250360329,40.79606849404671
6868.465373717261,3890.30491584902
4909.215784782912,1038.5097443212776
6606.073318109777,8630.36493244251
3649.205143999844,9226.93513442933
279.2259723863999,4824.263643564127
9740.641242251491,4254.715330100369
8194.135045399955,5390.392769440919
734.1882408462808,2261.946248449862
4491.763961563344,2979.65861420336
6350.1907007187465,1009.7717048400478
1905.942705726379,4464.500911113633
5779.886113627715,6116.916225336593
5336.486181176871,9302.23734391602
2082.6518853470475,7390.731706267583
1412.1030927745326,7230.6373355318665
7589.622896186374,3079.9896209410217
3225.8644614963373,8882.932975100444
2440.4053384224335,9469.556966799977
7378.7835280598865,9322.629365420371
7360.686920229819,388.0302652438505
2764.0165633622914,6043.506363040216
8725.684612518537,6432.25105725295
6882.501650723424,2950.6516021650355
3457.642178215381,9924.121831579298
4274.896501846589,2911.874588185589
7267.096859306178,2166.116581810558
2115.8383289549197,4841.456504431918
4687.60792475224,3231.4737977034347
6535.583422580996,9240.294598699442
5394.985480087133,4400.767313147728
6083.283459044933,4101.495546725834
5462.124994767796,6258.6213010850015
1992.274437900201,811.1467125112337
4102.053449726214,7567.329468165218
5319.854954775457,7683.988218048714
7800.627423459461,4740.258347276676
6539.042371695426,9556.979410004282
4265.909451859347,5793.391107957477
9743.998321591454,6952.364542449908
1077.9552167972518,9243.449555031013
2068.048685549684,6663.453434247924
3413.12610031664,4318.2600772554715
2285.7207698791017,247.71175633148346
6254.419968060113,7282.9931563180935
395.5072933625525,9648.660116010451
1774.3678427341592,4702.351235359938
2933.4723765860435,3397.6863778826414
6833.457750793164,5192.594264137784
8758.64882581128,7284.372056846592
7984.9177055305445,6.9047448204928585
1820.8093325025488,8872.117227318535
5654.057584410691,8863.62859678322
300.22645344687237,5412.979336087088
3105.3677535286115,1223.7876617560794
8059.837948283267,6718.057946136212
4566.657137433395,1378.4566296331336
1499.4132227583457,5075.471514326807
4385.533814883127,936.29971981117
1980.3292546222829,5890.653382975013
3931.914578639628,3180.6932511798736
4878.334727478434,8309.914147375028
3495.581125110284,7999.461262084148
9369.689504338608,9984.73875474441
5625.30297556382,2575.031747043648
8428.926739468967,618.0109277958035
7607.285470555802,4430.032651488448
6611.663092677765,834.0333496657082
4968.887483025822,1784.9971506576312
21.737837815875018,5973.001413615524
6134.676005520838,5921.308513442986
3559.574530024977,433.27477729690366
1177.621668013188,4429.0475141827865
4446.262636120777,5302.186928672417
7355.533222833047,2680.2423781998664
9616.77794698704,8720.43181875494
3741.04891122082,1610.986476464219
5427.232987049767,2539.018050062144
8512.44383363585,1569.9441503275302
3339.994199500148,1165.4663387055807
1422.5724497081537,8789.791840071259
2818.8183123268905,2778.5916506998187
8991.228298083879,7225.240194678563
1593.9310846183773,4279.823597252498
3292.2106100678207,6358.734807339168
4646.403105003406,9281.761961722093
8471.1322349092,8446.078670432495
9377.132836529747,689.8639242023785
4258.103096332548,8452.025352792178
9319.540483535156,4518.235152806971
1614.5909485775455,3501.4572687988534
1568.522918963704,6723.879254616284
9492.508196347979,9502.07873099248
5096.801335283312,941.3549758813745
1859.0783535395394,7680.770302502391
4879.903705755618,2035.0803075795543
7832.111553790515,3801.3612282699883
8269.203657235237,8738.230162632499
8639.692566492424,5457.991840123394
5695.709030874185,674.5664795042627
8669.460143678803,5080.485501367383
5100.302088032547,7896.419016414242
6070.599023910773,5288.805877655933
7587.198022716452,1668.8923897905229
4254.352927105085,4450.410750575319
735.8148713877478,9243.453680396493
3501.663568576976,6582.03990094113
6239.4421679596035,7298.865065085894
1923.3236963947686,7859.3650744945035
1483.8536349964004,906.9342419333482
2930.8054459143764,5815.365592699638
321.1146227782136,3759.151931853081
7434.228980869198,1391.5916367209713
2587.156021883388,2027.0955830402381
1242.3839663659953,7811.604737247344
6991.294159634353,1614.8910528977278
8429.280125432879,3124.186072217193
198.7559586177845,2848.733382630815
2335.9977074122485,486.3036391456765
9452.323248695835,4621.584492393586
3852.5413593277526,7659.298421692087
9385.920633819313,221.52632748899669
2742.125383706774,1125.5145047989613
2180.67635571932,7201.8667959756785
2141.0841172799587,5935.809906729136
852.2866042493827,7152.4761404868195
8964.322885091256,2301.0395487713854
9798.350226329012,8037.687832974048
9545.088072716379,4798.710601102767
8520.28139827274,6103.019741788571
8468.879076509753,921.5341720083625
6610.854671689876,2050.315833598213
8262.137119506135,7733.578816103081
2083.4236434304776,2239.084411887785
3879.1263038712855,925.2982752145866
6408.362932947479,5972.032822521003
8747.713325615963,5479.365161617327
6604.694623687837,6078.93928983293
8390.21958334206,6183.054963630913
4739.495158492975,5001.973458645037
7173.037377050443,4937.739205686557
9799.808063750866,9241.655652894624
1534.8855712975774,5338.8172487974025
9269.2069231589,6173.002024138587
5223.639478419028,2669.693919387446
6432.18030730058,8710.932008021911
8778.690069105127,243.68092659163176
4096.54172552317,5572.267622977744
4186.925748900507,3838.5029519810864
5271.818363471004,6039.041955604769
191.0208449685058,3601.7204977138017
4966.661809433508,7176.879117176469
2910.8726499423033,203.31442973430813
9279.541823917814,4058.8943876914295
877.3529875303132,8312.635997424137
4593.204620198018,2502.0071777943585
9474.68170377361,527.50878380322
9010.352503184775,4965.240745651686
7013.484423745502,9765.3346052679
5893.610519960747,641.5856153513666
2807.3093713284015,700.5649274979331
3669.571127524548,5951.165649466782
901.3486475412724,2500.6771287812912
7861.082977582377,4102.312336372253
3238.6976790381173,8305.071529993907
6677.818990302074,1988.4868418251644
3575.9477719861343,7192.99936981433
4643.304413962626,5044.855132675563
5550.02472376395,9049.576924142717
8018.524083906035,9729.620002935639
2111.563775406804,4849.6078565339585
3987.6538682985642,5846.470591154669
1300.8157189181757,7458.425407375533
757.605049212593,3186.7414187200507
6046.743561687918,2267.403505232468
1890.9104435890267,9646.851724430053
597.9934192609882,4326.153912195781
8970.979312064055,15.908265157736912
5343.144197853959,8377.182985250834
1346.2820740298464,5996.641612910857
534.2612744754971,1685.5856272030412
1198.6005341365612,301.3969317707899
4713.372403206141,2914.824310417311
6684.652551688978,9278.870954736647
6412.800749860456,9334.911700356124
1444.230862644985,3110.0348630211815
6334.889518377088,8359.309928207167
4048.656242175994,4418.453232570957
4647.437842994651,6543.447491365944
8014.304062453171,3344.4387587109004
3324.9937267963837,5159.72596270985
1469.9904716335377,2937.794465503265
8734.531335663405,611.1436235646272
2121.30575866338,1393.7818619153886
2940.298705546427,2906.7449447323725
7065.900589026224,9762.537839761299
6835.503170576073,9656.721502499917
8004.000212838287,8276.633424845311
1838.6664144794106,2325.060510960869
3522.7989331420326,4416.021405418225
1258.8323895626108,4397.828384907043
5410.391471686043,3869.7324481818387
2925.705925387012,448.8030508974561
6889.356410085627,5345.273742243177
3.4436798454107187,728.1199212486089
596.8299845957926,8019.186807179438
4325.603005193434,6913.071428447815
9581.841559755685,3527.370066435347
8908.51387359183,6471.363822124632
9940.090280619832,2330.370065590981
4168.302248640449,2652.500649566324
465.6848627375154,3141.335169254049
3059.561420197624,7970.115999353297
6757.708521739515,2106.913468460845
1351.6380976741527,5627.8122748603855
2999.7217876000104,2004.67114421485
561.6616454485868,2850.374250624149
4749.670383902342,2354.8129298649133
2089.2067769508794,6450.046710732859
912.4802689900235,5267.289444557803
4112.15809482479,7212.991459055534
3512.2540437415496,2199.4343733298583
5375.177369454923,91.48535726037244
7490.386553136391,6805.095671303348
1125.6873642650523,1148.5395849507595
7911.255902100085,2463.052244239561
262.89979875180114,3056.8615246122267
4431.019024958478,7468.02092290868
5874.302868858819,6258.918106574271
9569.986731397976,1842.6543652582884
5739.230268696497,5978.878106197417
1587.491932713886,7081.479951106119
5175.418053439092,3888.9720279017147
3957.839471914162,2459.52914027852
4793.5556760024365,6789.827729147893
1970.9701465908724,6108.912001414972
5008.270423112718,779.1215847082011
1500.3976429087684,6666.7964023375425
7440.430806908699,4885.179328352987
5939.062602255979,7533.689569777274
785.276915917833,1907.175418798268
8896.144679289799,2582.1641790137637
6163.796046156383,5433.127390975212
3161.0705512783143,4817.335278921992
456.42399527310306,3863.653710564966
6322.266957716331,7460.333144297888
3734.4026134833684,5647.515636282824
9076.181048784876,7102.718538941186
348.7783271417455,1532.5496231911573
391.02435342243336,7289.882951455372
9492.992869069354,4615.281081002919
9648.739456795063,337.67935684587025
277.422267726386,2344.9155399649912
7160.332349413276,257.56391740577976
2214.948523288405,4568.745219910437
7013.927662860725,3258.797605550854
8687.327966579836,9874.495599132513
1008.3147886227539,8685.04116956863
2387.6641676204204,8256.708603431493
240.77668326494828,5011.1654903124545
438.298454444408,8070.8749935076685
296.1785821777419,2668.696474627552
8006.823564264145,5606.494678465249
2982.926784307767,3929.1806131941
4932.114395719891,1713.419115227297
7878.442635970163,726.1343136840403
4949.436627067181,5582.1838297161485
4291.960626245961,976.3913488020614
115.73206489458809,7180.030966859824
5680.395025367562,9214.684787261558
1247.430781370864,1621.0610971156093
7646.482407910262,4709.385785102282
2577.377238150196,7387.745930598252
6741.874108086551,2868.3966103302682
6462.235278246794,9207.645196329373
6166.756029300201,8884.655588699108
2669.520075371926,1037.5435572967795
2670.8977717556813,273.99771531840145
8630.480434413299,9764.58482979402
128.07332630426993,9564.75024771131
1815.226334539579,4222.856044659632
6101.70917641985,505.6332410597242
8170.462544031698,6188.755527460279
3583.4550867285866,2934.1010738865625
6534.434586108001,9367.229869005541
5571.564196202363,7946.6192505430345
645.401044820354,6495.937841334435
6217.501969306782,2845.0384751352854
8139.034722724935,7012.685794417175
9924.483202994094,2891.6826675920406
296.4007265172286,376.30984151876044
6600.58172583868,5084.34587620274
4145.495531479622,4886.84544788691
97.87888706205283,7630.059730262334
6143.609437085113,8656.738823544447
1224.272985556355,3544.684886942621
3785.668501891366,4494.7301020367095
2613.670924884023,4704.004196445282
3611.634022710993,3242.2408437237937
4926.955815009496,7433.869236251903
3592.095324895145,5221.011852062995
5527.318705895392,9139.557743886398
2386.4969023285375,6503.107718955861
6353.617674283816,2118.965588939724
8537.630041248534,1648.0864874703639
2240.670469152124,3723.843379162921
5078.772158556225,3469.265402569732
6486.897845498886,4071.318248625102
5646.261312134161,1835.910703044421
3656.4944619222597,9782.226700264893
6421.997080057483,1457.0977286872887
282.4620621007623,6526.48774224321
3699.06231996433,130.6923506458979
5326.122146410032,4069.610383190131
206.13158835864675,3091.8339909503634
5076.488296842998,3820.2463773941854
6542.544607656283,4980.773447731136
7592.076977130451,6003.750015243178
1133.740814094304,5835.113447943
9905.648748916949,6307.1367012111305
6061.677013350955,8445.476825537906
3631.9379261233,8867.171556146513
2490.928544567138,7372.503005607976
5728.968616834146,789.4224292440399
8817.116471665708,9612.923915099344
5205.653961413647,9473.980863470462
6614.720556049602,7117.037945453537
3576.964395405602,5174.390714019238
3881.5228808897264,2506.183583358922
2861.7510577189196,7563.51139498876
7056.372943682398,8778.601787162892
3591.8755341656506,6651.876008899379
1907.1640404123923,6290.726328617708
3694.0057116623793,1930.0470457058616
8538.272078327562,3577.9652289418964
7382.520435769235,7231.362220325122
3346.408444635639,168.98738851223393
9068.089648367024,6412.642771888861
748.3263511746696,7666.70301010248
497.5379141364322,3347.0448627078163
1274.7035478524126,761.6776920078905
1164.547558586031,8191.193788839985
878.3431501234052,1418.3682948502274
6613.426119979924,3708.0110596977356
6008.423796554239,7072.5410506778
6476.055105817147,8169.859876514336
6883.6605416203,8623.819184885158
7568.797524806799,5304.171916111156
2071.769274864104,4758.7169645586555
6223.035132347998,8483.172770180297
5800.486593363733,5630.770950474712
9436.600258034738,5786.5072841523115
2323.677242396486,4339.733679938007
587.2293437433141,3728.139719210396
6534.950697145432,4805.408572898291
7401.728402367118,3648.4749369612723
2831.960058075507,3435.4644996923857
5708.48430939669,9936.643420078939
595.3606553415059,3362.1349407184807
9600.44841168289,2563.837475326671
1099.2497329916862,3539.2408984262656
675.7053615199571,5907.813406361061
441.1015949461905,9109.90486623165
4272.719065033527,7878.642501977611
971.5974345719003,8422.411390757014
7446.482409555752,8590.086106838577
8988.741606264057,9205.283964468674
2602.1893232485704,2350.712329088799
6287.731192513989,4583.6603103743555
423.3844701181777,3851.976665764465
3865.644716927954,3818.7699461350044
2929.4211342772837,6522.8365170218485
2286.190964403588,4018.030603177434
6447.234896286991,6163.303059172037
1302.279463585363,3822.7936372780778
8607.105232969883,3111.28182724423
6648.359063687347,3530.7717844318076
7107.35178688058,8037.570560137598
9353.44308657668,6010.51036228891
9423.728715025147,9739.977330166144
5516.523238192358,8326.562263797327
4953.798172859804,4857.8060833404115
3353.816082269101,2423.7633509407588
7155.716102024683,6739.091114551452
5382.088869798129,7266.460273119357
9328.750797401246,4641.75979791959
2386.2594871260535,2299.221324106907
3102.5268625049075,5572.383178632652
3160.9044741996872,2538.2925235944663
8059.98454556707,9399.983176304377
990.4033184215233,6288.8424803371945
4556.491209889797,2919.309616692148
4275.8073697304735,2157.3068833452458
731.396210137586,7167.232833851209
4107.969985443471,7077.932802417529
5133.779832839813,5971.322315085748
651.0469250491324,6143.010251792213
5098.621284446674,6038.690028256231
9592.37904683401,3601.034468105172
9789.143231615322,9374.144100074735
5316.797785898112,4792.784642629177
5150.96932602959,203.27900145589828
2855.0816641639144,3483.6134238832537
9971.154717121015,1302.825786475995
2742.2917102522606,3633.837910478834
4529.013004399563,6082.624850357327
29.340578026765264,226.64474521924106
3492.3229090913687,8702.005312278685
714.403006088239,6103.091184681754
7438.2477038513225,2953.7187625899473
5610.1445302993225,3112.051739242816
5721.718772876565,4656.681765161507
2865.11285899703,2480.9180600179347
8148.962902529736,43.419277609462185
32.709253312501744,265.574481792632
3336.011791641921,3577.4067197201985
6594.974904588677,1242.2167660860828
9079.22537416921,223.63674647081888
2346.1595692523306,8592.692700348403
5411.00051727418,2741.3731364285322
5379.914205333211,5031.225771668012
8741.743690436999,1794.0908419162315
505.1688955984235,467.24972243762267
4244.755610707073,7448.662994885814
1824.6567479193154,1249.568546467834
215.3260029859805,257.1690240365865
1470.3094052048282,5872.303282634098
9764.706728481991,134.6757242144958
2148.485095202679,4362.859448103216
9350.307733358,2888.3604847781617
2052.5434263094166,3194.1798493775286
9312.952273844845,38.990431140297765
6546.209352003144,9643.460803827953
1132.1857750192676,5169.631024835379
5819.151551265778,5725.121330416838
3185.140375402786,6661.22484912028
3831.531559780702,7975.217910497669
4401.709578349731,6079.091163091758
4227.070225303345,7621.981054933089
6641.088904830289,4487.352943628756
7683.680685907631,3712.7514040448827
3291.7768920112135,8231.33907482185
9243.639616856897,8653.105241734629
9384.663140188764,1378.066697869338
406.90437151143396,5426.601869600611
149.08788883018497,6836.424304861594
4250.66330151061,835.9873663196682
5906.452509876585,9295.968167427516
2779.047474520616,5201.097727171307
2594.1375108577436,6454.5741731675225
6783.3382970919065,1782.4274809035367
6017.042846555698,2644.346899554273
1671.4687499310965,1210.0121668120235
8845.009632651589,2639.9872185388886
6799.760701610699,4923.967652917988
3625.762491690083,8336.295994572964
6836.2468999115,5337.234150203634
1126.5308676781594,2444.635982310961
4682.5612457405605,446.21074890727976
1689.844095595593,6219.698359070045
414.3124612843663,4201.598973666481
3383.2627028829975,9843.5386681707
1507.3548348078325,7797.598854116929
6335.179569538247,8083.628192733694
6740.678940177103,122.35022880396795
1486.9230622660334,7777.953329040571
246.13005603426274,1946.1331067549281
7928.105616351604,5857.958722883059
20.570207285622864,4474.215723157186
3439.1308918378872,5716.038505776799
4945.832980456698,1334.435294229962
8186.421885384329,4568.916814111463
8385.586427461407,369.44685951663115
7249.394406104555,409.993481596308
2471.9762253989784,6577.3813077406985
7201.869343191708,9516.983734721798
2465.3919787694167,7773.929187047831
2146.0819173170166,4691.557805709771
5471.279542305324,558.7074009237292
6788.544438340626,450.20149457104196
530.5176591168059,1578.922611080581
600.2260112460845,9758.105039340266
7841.706868167898,3986.6106644116317
8594.972509654797,8434.072918726451
6044.40916341894,7051.424389485969
4288.2800970688595,6054.286592160663
8453.16479599186,9478.261116537416
7288.1703277533015,2304.1157061902195
5795.941984312686,4548.896624691536
3197.5712194876337,8647.229656745954
1979.9506165681623,5517.613076422437
4186.730392715157,2464.4513962611104
2868.2257596021154,2089.164168422768
3392.5858773446093,7528.810010423011
5156.310553120325,127.88894252088734
1690.939569516098,9141.92077402883
8061.7668007382545,184.1798811520301
1455.2946171476744,6309.8904688070415
4809.936394209524,6047.479614420073
7459.713380804365,5784.11151054781
4850.207076895963,4743.430508667556
3610.2206358863878,8524.30332688611
4748.913058227509,6593.328702904842
8486.706988741405,7818.622814993935
9904.316982839577,1155.2180597918982
6311.432892894355,498.98637457442385
7934.440426487007,285.2850892977865
144.88686159288667,1472.0598547359275
8803.644095245727,6670.078902544157
9540.497599279182,4940.217557411708
5751.693417575705,7522.522561620709
7538.048620602198,1917.3033674210749
5127.447429600749,3669.630419704616
2862.037404555897,8884.97548549545
8522.479719830128,9357.145460285334
5968.367119959418,9217.291549891717
5793.83083791407,8183.050442007626
6591.322038412064,6882.3587859789195
8560.031658288484,9136.778940274637
7319.0612577096435,7141.815918326391
2111.2419421574523,9539.362487254937
4668.235444073195,247.8833203688846
9802.983319862062,9216.42085894577
5545.607137627746,5557.405361393748
9382.453534707985,1117.9775182045826
8133.6948631305595,2149.112697372947
6660.234418087588,8521.592839149136
3493.6520265975523,5061.16954846516
3043.19347525439,9828.177234952365
6434.210652975879,1175.3110950497103
4325.612408464108,4125.034639001292
7987.5362281672715,3318.744430807601
7604.5673954019585,5161.354360649218
3121.304867385143,6334.378188697185
7027.28783061762,6616.294693816544
4945.501900971841,12.958799117780417
3232.9210081399706,889.6043378156793
4129.6659276464,350.6383365595189
8953.518672122618,8645.991463982773
3595.176921225405,3132.922531596556
2873.99273319458,3670.634418763643
3518.0722071013784,4503.712489466927
2146.184362086917,8493.043972535757
5446.349873963287,141.66260962134913
1474.3643632253222,1186.182743798504
8174.437864369164,6851.631221409004
2255.802472456261,9638.92522707597
5980.5502753964565,6427.864212970076
1250.2549891989356,2611.234684675232
9784.531482143262,5198.644287866173
4545.754588936471,9749.804755814343
8221.713407588144,5280.765465677909
7686.478356499837,3735.076297282024
7136.930471456788,3834.2555483872034
8273.648712046097,9670.335085917306
1004.6360865970582,7189.165267317058
6784.971974719621,6871.7285562204725
2658.2723527378116,2320.543216907468
7858.716640665898,5594.846377635744
9568.687598478888,3567.4519852231347
9014.895298426958,2402.015258539498
1149.522224736661,8955.522860141045
3695.52420672821,3831.5580876261347
3643.2275719759978,2827.871624713978
1222.9626635953061,9317.20396608368
981.2605334682745,1973.463964561254
3848.901349691817,7455.047847165227
9920.715504965114,6527.471444642628
5689.426510662752,9204.844283722856
6217.816286042563,8320.471375672782
4710.189100186823,7052.952179396414
6623.305523040228,3145.7166069709565
9566.620807447696,4955.690112705492
5886.979536143918,9444.957613471799
650.3845972119326,232.02630581493523
4928.905691681986,7943.31823820039
9927.512732519512,2518.1035045387935
3874.027205942633,1850.169432937917
5938.812372144722,2322.2461442231956
1066.36763428817,597.5099149684715
1411.8049873656691,9919.798242861678
8746.814531539625,8698.69143225145
3003.4462825161145,5210.559686322274
3054.5127335459297,7151.031785570919
3872.129960023282,5565.953629235077
9664.786729045225,8115.789444508323
843.9049603687643,8447.651915570113
8187.641025513349,2327.9042815320126
3415.5787646598646,4597.477706502457
8494.68025985475,6348.477341895709
9917.556495045425,9784.40830608275
3486.6741021174785,6826.893790961647
1293.5636621235524,8976.350107441573
1443.7549798292825,8461.120509870876
7587.40890949186,5820.6306367856405
1449.2155233813653,8936.553600618889
2604.215685346366,3774.2172782523444
2043.9834366207976,3792.835304483114
3556.7856403098253,7809.656432426689
743.6657514968748,1345.4366563501096
8567.424824072581,3058.2521745841896
8601.463118009935,6085.724508733423
4129.328984826898,4200.655988669486
6120.875690234753,9407.237098882286
6419.515709043047,9585.060696191365
7492.581153459288,5025.813088137891
5206.900875440511,5390.618903656813
5103.36045441686,7246.270918237712
6313.037773282109,4572.649252341735
7030.483956698776,1900.984679404768
3466.9037702925175,7469.691686229307
3303.7047326881507,7377.858893529983
2697.184040959092,2449.8110339177947
5488.465553127485,8329.165197810076
3601.5568955577237,6136.491964201608
5403.132677076319,2363.0161031536545
4059.8476582692156,6520.391441687042
8367.341825526608,2336.0952629056073
731.3023974546073,2652.3295408001777
5722.105936046746,8480.093068031561
5756.237505871977,9294.915692398188
3837.1731053869985,2568.826583582111
4210.208945631432,9280.510370851858
8001.313608829286,2387.988465023535
2806.7371026033484,1172.6736554258566
8714.03791426163,582.2387807126117
8963.433041346932,2421.132408326333
6506.193044021959,3852.465406772353
7728.577137080984,9275.483801093047
6129.475283544884,2421.579997060287
5252.591137465916,3654.653449508933
9666.777542502296,7341.55874743572
2826.549642274642,3020.740879872815
1541.5094664311214,6843.681516795806
2874.853631425153,4320.778192485024
6146.256083794451,1964.4495265917228
1851.8343810114368,7340.589009691361
9088.14043226314,270.3883335668411
4110.244006653927,2923.348250729789
8499.628782918437,3561.815391683787
2492.3654452881674,4582.18254987636
3131.6835508274753,6798.692319761393
592.2339717249658,4594.049941860369
2577.6769218557392,5943.241122862163
4903.138189633014,5957.7907841781725
9461.369177232422,3732.716498960077
3889.029738914982,9339.712657546985
6397.438794833459,9558.538308764428
4277.101174687879,5818.508840944658
467.91850767941236,716.9088029543192
5035.326258967027,4911.275642559357
659.1364670392086,1844.1932679400718
8836.99924597536,4832.145218729037
7530.36961950914,1884.831544985418
3786.514712523662,7038.552456488844
6402.186661912898,804.2912006634251
1120.281553133321,9533.040763959241
7025.549869626509,1953.7588943335272
8227.324089914695,6606.563360492454
8217.456485382345,9169.623507294895
2842.775476906558,2478.8631398406246
2637.461952768266,9342.9689903713
5213.976879026784,3886.7466566027265
9677.721619298483,9605.3081725259
9205.229776060853,9713.638581345256
3596.3848175598177,1880.7990506923977
7798.295061830441,8310.873369310544
9213.177640914573,1934.210128335503
2609.26465717605,2264.4062033108157
8302.956496029397,841.2650402339827
2678.9562690917655,1565.3694649817796
3432.8212588721062,6322.189682471078
1988.2069085075416,4492.527300517864
5070.797990727135,7909.442371688351
8433.10894261241,3319.9681482662213
5280.521374355123,9686.245673010588
1234.4000969309755,498.72540819374643
2517.7593222717,629.3595440244148
5628.618672813389,7013.748988181361
5831.874555705602,8875.388849728597
5769.0590354486985,7955.0019163414945
770.0349250621597,4898.170878669137
7536.958926347543,2696.4136130502
9094.281989890067,134.51529304714938
5105.189477298999,5094.514539197757
7188.292867718628,4756.361973092766
9140.154920365512,3442.4589947023987
6426.227549480159,5780.72787972485
6743.257244310511,7288.1469738127325
7214.044133839546,7008.882362282425
2605.0245145406516,2632.528417842155
5826.778747168274,5853.036886145931
8421.751145444563,1487.744785839984
2961.627302607507,1216.018438883546
8971.704995968603,7858.5583625911795
6203.81949765632,6937.459020955359
4231.748514330562,7679.289006316287
6231.82961400293,1524.6227420422088
4018.5990568907637,9146.1858937046
8380.356018481745,1331.1161322235876
4823.185800675971,8700.369681977289
9012.133597543367,3523.7929130593125
5098.080808478265,1054.340930341393
6603.683896373872,2867.689605655259
9977.444210068506,1814.4801421388302
1469.6584100854116,4906.697186917142
7367.291487334057,9497.453480397686
1388.7222791593356,3278.711615825185
8388.663657643961,6120.989856821137
5964.5338116201165,8917.208757399636
9381.595606064593,6300.73929696232
8659.566019448683,3621.9914086976437
748.7203746882343,9908.391271758792
1373.0254167886092,1874.1360144053365
6011.709286068252,5232.56014895508
5183.146399420748,7967.054987367973
1685.6513061344458,6.488695772243203
1293.5922827164982,7020.43252142437
5639.907834416132,2664.988967059386
489.2154797499948,1697.2672269187717
8737.35302953439,2741.9446336829146
8070.829198026205,9668.164258397841
7853.699717110893,8919.352592396855
159.97147040741066,2137.544564637025
476.4094341273795,1170.2677311844457
5498.391211507286,3641.526045144676
9944.256888941776,5923.364801000735
3423.1620097135174,8671.446285811206
3443.7481640534397,9660.901250400777
1342.7796686198335,7511.533681730987
6743.358037395014,5990.072127016558
6466.766889940057,1423.3202613101691
1013.2241637915906,740.2837637331105
4674.122870683512,5960.268785292011
6670.749088219743,5390.641057669271
4935.16136321927,8460.881077341022
6743.635818647555,3226.0585085510384
8162.703974314898,396.9085734981015
6858.154331217676,4237.082690910332
6161.142358305238,9691.823039377394
8535.902569444932,7955.74904936523
9005.885678697881,337.7217364227314
3888.8643717580417,8746.789038981753
1732.4988772388594,4716.894896213174
8178.604040080506,3647.680318179558
2137.5310729948314,3467.395408027916
9289.506697490857,5951.442530388645
228.7794522190345,5305.994184407626
9212.711826193035,6566.27244168263
5891.8299261206275,5736.414650400467
7747.421165128814,1439.4457484171853
3984.925870644045,2572.360087583182
9917.162919088802,8410.295721018341
2275.5142756629043,6632.5851469562995
2643.436626381748,4484.006254147412
514.3244403747293,1826.0143183386535
9404.733630614382,76.91035977311911
4560.293035986761,3118.8740318861805
6748.524147193492,548.4695692666875
6874.407274628406,4822.841330874551
8745.020922826776,8218.014527582085
6649.252506464093,2853.986613822973
5620.211823041872,8477.541615550495
7103.185241910436,7045.643960865894
7509.707990031265,1252.6232935486537
1859.2794624848198,6445.618912695833
1096.67038976753,1516.798073055432
748.4885048556312,6547.909202749187
3740.5349452253668,1427.144847281061
4980.002398377452,3925.11366015566
6156.498982898608,5665.942702381936
9580.3451968961,503.7417142394174
3307.8782020700623,1533.0834485452738
7608.740520772744,3204.0882505224645
5313.576195948849,4623.200857718613
2200.8993208691686,8584.872939214345
6153.054291287591,1872.7308835398214
9671.761782897036,3474.7095050252565
1243.082992512724,4757.762362801806
5072.79764549229,2957.7855598936876
516.0835415052823,6257.477787208709
3212.162988963623,2566.024347759701
6206.026775939912,7723.504211132434
8410.569360307545,5051.540948511833
7303.284217260711,863.048834611102
4628.567782154739,6269.988952319576
9092.227571041465,5692.435037987573
3027.1466502377066,3385.973542066727
7539.834102251663,111.57078389021358
4740.090217476624,2007.0154217437253
8986.357546727757,4057.0952888235256
7974.328216537601,1999.1403379329743
9014.696613070952,5774.911209396778
2142.4784894207337,7123.248939262568
6681.50432116208,8560.176567508357
7384.6340808164005,6469.8261868374875
7424.142652825937,6890.092212548127
5040.004504673376,6084.418652305245
112.50522347952541,9854.860576127037
2614.307838690749,2610.005690799082
3233.008750043811,2662.586805127584
8520.366172817616,1263.3364142185965
8408.858171042202,4856.843258695324
1046.8010403778328,961.6170363092191
9498.358817712575,2701.4659689810373
1824.5748665149097,4826.809287713916
4143.594513009211,9575.956159300173
2151.569661107554,9638.129938401675
8603.324688293575,7437.402341365558
7494.020318593119,3892.5016157568493
3535.2880688780397,8651.612733765462
6818.786260260555,8754.558019076403
1843.6688417154235,9101.973807965524
3822.9709237600164,6400.25048215213
3771.075883381082,2017.9279560788043
2379.3668172139783,910.8077277068172
8763.120495828825,9147.7550404013
6788.457354791262,555.4610812160299
2799.393105637993,2958.9005943799484
2421.207606290373,4869.617670377371
179.5347099923905,219.76692873475812
3465.8225379235464,9069.12258678244
5267.712833153182,2871.2099487223495
2777.1094190837644,285.04798920575223
7004.5827642977,9935.899972265184
4117.495290112663,3113.931808175153
3163.1783701066784,8767.649074853729
9390.576587903312,4534.744539208809
2628.0087728813905,6631.25901054999
3982.576200966563,2410.9014953735473
3822.907885207719,5028.75326977022
2411.983456712483,2576.5119242502697
2174.767398104167,9510.838812651036
3023.800188134036,609.4541241624629
8642.361699311808,2746.739275048474
7670.8288722929055,8931.088765498787
6809.995141600522,4800.359575072838
4571.029926424934,6000.8411190417
5077.539846326034,6516.933714956425
2671.3884549346035,709.2751177356338
743.1591383591763,177.38740908585072
3310.4055672048225,9378.410517113067
4955.8375599236615,2715.0284529688074
573.1304651933244,3803.1311043552882
882.3330205710645,6820.931707235496
2630.2523288456723,2363.0387707272125
3670.803735927616,7330.713701675182
3933.168111187052,4582.4218216327
1178.8606628800512,8566.098052873911
2258.213545347888,2785.4063576548238
2616.472520636087,2038.2248046329853
676.348762012462,8316.88353874872
3260.997005896973,3263.2606499283365
722.2157275550722,4118.68646000505
7034.578431096701,7937.0783268799305
3860.4776655731043,6355.7653737457495
3267.523893783747,4417.258904322691
1265.2217150360689,2498.90508904558
2265.036554448958,7642.009688517643
2327.052089391236,1804.3103449005705
9852.04214873303,9282.79600586428
8353.493795084933,1503.1606912299721
152.62291633431624,8049.336919472961
6168.365907684797,4242.488667281338
2559.1009642192375,1860.0623293351205
1043.7692881958426,4023.789382367712
7055.997631197547,2215.518161999336
1316.0554946834923,1359.9365083584735
4437.407795297357,2391.5539893055848
6321.651648399243,8673.984725382526
5544.947561549887,1059.423874798242
9776.29098302743,9725.395877678908
7857.426131225226,49.98453687676818
7741.933761274898,6582.381543912431
3555.9539408103124,8565.11984838086
83.95492084141698,9339.576481267643
7344.1092967068835,1439.8559345675455
9997.320842956724,6982.0849645234
4058.791077436156,1073.492161556473
9855.184989571175,3526.1149387443356
1417.0810953434643,7319.263575069936
2965.123516367174,3459.732261630669
1707.2693174247067,3133.7472828106784
4751.759729268158,1160.5461880240819
7969.814015072204,664.38094328088
3406.616915379539,1152.779912817571
9062.289371518715,8754.747749452245
5448.304133297851,111.9852538092525
4654.244137418773,6928.65869535289
7870.358421952763,7686.2422988829785
1014.4349704178456,5678.883041274288
7737.524712106747,7307.753611831486
2429.520001728267,6522.696690251003
2808.1254718323758,4555.584890946927
5994.537733200798,3827.1042787626707
9019.34425046205,9413.319884051734
5784.069497708648,9719.37992570468
6489.493487944869,6512.714036250297
7765.945896052742,1972.9883989847174
2593.2475899248675,4478.991624377875
8272.336728041426,4965.37490082607
4179.601490671497,7579.700524606616
1756.556934911625,6677.771313223193
3501.1807946112494,5148.144294278951
2461.3111171822534,6803.64557787157
2287.1360513564587,240.56846733773952
2825.631987191661,7766.353218843638
1809.308147420895,2116.3223400694433
6677.017570826429,6564.091395611491
5799.917570351172,1139.7325213700915
6484.418929834284,1144.6083592470147
3437.2472382816045,356.57643836702005
7697.334025740443,9102.328101535117
1296.0874095416475,6045.58757691812
5711.367094613602,3619.619362291483
2754.5297224647393,7877.777410193087
5276.099006976114,6260.822006246654
3236.3717524023914,6200.805179129404
7905.117650912953,4870.427943630068
8912.718388380947,79.26778668208678
7425.812233716312,2584.6250642493983
1755.8371284924679,1090.7669460008296
2748.6689838836232,6624.09852352776
9193.580655184158,2486.2082178699775
4372.201276582013,4501.6666405120695
9411.804093492668,3534.302982898829
3924.516888622668,1431.9873792536398
9517.746605906637,9583.702328827192
9257.38987733331,9334.19311627216
6605.268899866162,846.0818603664055
88.2704846150284,8273.653535279964
4003.3468197593693,4883.7368271637315
9112.351296955958,7737.358845808513
8851.102891081147,1511.5713091376692
1873.8780009611366,1322.741377775437
3991.824959691026,8907.57500895204
8355.099278794716,8978.194918410609
5778.778532500543,4659.121627536088
8472.992334462006,8701.57797614898
8265.673844485631,6674.589515036302
9074.82006952483,1850.0974261099202
1172.205881945817,3289.5426468214873
1452.1514145351566,1360.606505086699
828.0902896905251,7739.48668930933
9352.688410954317,9852.507246957497
4751.623843778932,5463.783265660116
643.2528348244815,6558.644141148927
3215.299025140412,7460.925681336366
3514.1264112996682,2242.5910243049043
8095.598234767573,3360.012476334342
7354.768921709229,4123.212113242347
6893.870495625691,5945.883121454722
218.63552591378732,8504.925781487756
9106.957964263787,2542.0354458990614
2155.5526691574155,4708.888007277889
6290.6140469267775,7515.339112047117
618.1904301141916,873.8499950462431
815.2609187205451,5128.934583261785
95.77296130122149,1443.7970336572503
5659.276445453306,5391.4889672734935
6293.796696169047,7678.227613154368
504.62303233228755,2369.474110449398
2904.848847640389,8494.78445484705
8514.544141780167,3348.0411008175006
1013.083668229141,1907.8486355777013
2165.4716455333123,4653.233950708521
4243.91208472427,8760.750821052052
8422.74102633116,689.3306117410292
2548.4905447520423,3275.7146621664533
9971.370153633421,6531.631689691132
3552.6181313852835,3575.8086869558547
3864.486584836231,708.2399473261559
1221.0620423079433,3319.9896878047375
6801.979008565308,8209.593861365303
2434.651827844816,9680.37522505026
6288.675952950463,397.791973977184
2231.5772840292657,5692.838176350693
3878.7226722646797,1053.0343302684807
8566.720919544176,6803.965291560059
7389.0591147407,78.92226008050952
1545.9089994372343,147.4162570737325
6077.081673741014,7768.798264305739
6286.406516738093,744.3532269729781
905.6847350186104,3051.816742870642
4658.056543359358,9580.40424103831
2606.683956676079,9852.471174474713
4671.301427634829,1614.0286188606678
7770.70991322875,5609.019214358502
1582.5955981031968,5591.488284902999
1233.0420558804378,4523.806905326133
2693.1649510577295,9247.001582639956
9522.754503465832,7540.3390912416035
7478.242111849663,7645.269356819438
194.55862814546586,2695.694317693431
4010.0484248337666,4343.197722016387
2573.9797908038518,4874.236984754531
6381.445683721739,2989.120412044165
4592.924535341931,948.1777516205802
9644.985248639408,1263.5922497221597
2189.784509842382,1806.711281809218
5878.564159989407,2036.5333436494836
7002.100149902226,2422.6180921054406
8255.644893453817,2554.600289634944
4069.710304280071,4557.163454875359
6869.2190765748155,5095.731908260413
3032.014713842828,3088.7920812635593
4354.7609236182025,9072.964199207281
8956.271312033992,5531.397233389545
9499.076093309543,7874.769280334068
7188.173469272648,9242.378324208434
3743.51890776185,1631.351145758052
8200.57789974664,4278.744837156345
258.67081725420184,4332.104017146088
1027.4591053942106,3544.722504383542
6613.737363753611,89.0586655163994
2912.4857527005743,8159.7210777809505
9513.862184004778,1115.593215539028
4360.6061209230475,9954.80597921759
4293.64820389177,7729.584919111816
6780.7951019093125,5800.100176065145
7675.685623061896,1546.0641774159744
4755.587381251365,5153.92971393247
2140.0090171172415,2611.087408578089
7733.086427256216,2523.2252454306945
3203.5127487362756,8295.292493824854
1751.107692938576,3806.4442395943465
6316.401899250132,4507.238033908041
904.536669903504,8429.647377801182
9713.52675086055,877.9062571884256
6323.97264412137,5946.178530910495
9858.955209217558,5782.156813730378
3388.9342347863603,4252.145692666752
9712.051611903978,8297.74641424093
1455.6224772862358,9428.900613356926
406.94772347028453,4653.358619136107
329.8406045460256,4561.470509983997
4648.70370599227,5020.637296707448
830.0419747859478,7231.240308330615
5121.678841676017,6680.602906989623
3275.0050350890047,2228.349492068871
3356.289924741156,638.9534859934331
6356.089965451698,9492.541298167893
1630.9800615162019,2610.6975973370427
7665.53370339731,6385.966846905917
5820.309197786348,8284.380027437224
9149.44628847511,3002.767505471863
3648.4065376752337,6354.334136569288
9827.149920671256,1079.0024114922492
5758.276467140232,9699.314443756606
9734.019561875339,581.5827505062588
270.60654047115327,4381.746738409763
7279.76322412388,5368.192420600233
8166.215242927363,7904.81778663364
531.7328667648758,1211.2851707242123
5789.696640162457,4408.079738551765
8019.422935894483,2997.1156954345233
5610.387252230727,3120.1071569334003
638.1359040546664,7787.879160652509
6934.472408983114,54.60945031833142
605.9691467330863,7490.836413359662
8174.688950164385,8103.984301231062
430.34183306694393,9013.622438420689
1373.973810103708,6268.818032304835
2751.075905232685,3334.5532827224124
6333.647922608,4272.347325488707
9763.59099631306,9697.360822874292
1178.228526199344,8811.868264358522
1427.0766921391842,4635.25909099442
3688.7039670098034,9430.630071109224
8362.191377553201,8229.54875406459
4672.309527508141,9010.898616597948
3216.1060025582165,6829.77234575921
5612.038322088612,8576.54043461995
2605.2319744575,8917.661413343258
4011.599072475209,920.1658454067141
3326.0514923204187,9652.169766606585
8041.410224146459,3336.130987640633
9242.557264380008,4398.995095833555
7595.721921569118,7919.037591928153
4390.835760299835,6648.963055724977
5043.349774966638,8930.599124360573
1250.7369392943567,4005.7375077677216
7468.647111345378,3732.881636761586
5964.756793950441,316.8884954131967
9024.399961374364,4627.253766696581
2006.1114357515319,7240.7077032910875
7597.261219326121,3011.7871762621608
6846.716617191897,4627.265136738414
2658.4553380975217,2193.9776848527804
6673.786395408251,7727.878058714607
9243.733805766495,605.115613411471
9184.35987667119,7053.830550004983
7196.265745161413,3789.400117449835
480.731125340601,415.9606938712079
8722.643373201616,8534.695872917859
6577.786070045399,4877.218631811652
3104.3425318273444,5993.189696161291
1872.503617056993,7320.306915244569
1162.038629973171,6550.7443300118875
502.3689925776098,7308.568708146116
7541.032479507565,7622.816845778577
2358.4299894327532,5891.515305646109
242.52936043255067,3656.378309077567
3972.7065184198927,2431.4214971634265
4826.070805923389,9029.032366527872
1692.302309001269,9699.248446382202
440.4833616254977,3576.627550982089
1891.2548309806887,1123.1072907230023
6791.027618365743,2225.3732711643124
822.4367725120641,6706.673459871896
5550.370305569938,1729.3336995833074
1464.1198790816668,7801.222730609881
1956.8917358041938,9230.302398747135
3930.778832666987,9636.515150788471
1008.2533605373134,93.2550597489068
1732.0350278221285,9581.541649544166
3489.5241145135415,7401.9441912961765
3296.6900549836687,840.5023226380226
7492.714856757319,4152.404687787264
747.8230512642436,7000.45474579509
8604.507356663435,9566.854926610493
8162.321707394549,1641.4139361139257
7659.916396919384,1277.3328192695399
3093.723624631325,4723.470532618785
8228.817855407875,9680.988937384893
1828.020802892808,9713.792152580105
1244.0920585502824,2279.147410529093
449.56333489487355,3193.4714797145734
9393.103630055759,9080.319856446546
3080.108977052737,7348.414908520642
9176.178801779059,9723.164286576182
2726.135615193297,8931.483630155544
9075.659593363496,2150.9605031374335
9039.290528460882,7597.268594126834
9236.76045010713,485.65231560116604
4961.534392841938,8178.32778741474
8659.46286798892,6015.567624446081
9507.658961673202,9561.009626364617
3246.169418971795,9600.324554690784
4188.744056825551,508.15109024355263
7192.40187335744,1605.2148555576784
3003.598217233009,4842.0704731869155
7538.09308912659,8794.935249461492
738.9214521353393,8144.451422960564
5234.983842885422,9643.700263517787
1223.134840837452,6180.841171113409
2933.2347643667645,2565.635195616206
2586.25392486472,251.0663950517733
8389.320735626661,2229.264907205489
1935.1725540619746,6752.731979536246
8084.479201591189,9262.748233430131
7939.60345907922,3209.036673082648
4988.830555572299,8757.043302892955
2338.432555961296,3948.9824834115648
2268.963399562227,3082.7124936855034
4649.246471158478,5088.442428058181
88.0900739351631,4422.734924096152
5313.507546113661,9137.998685170181
9527.795257670554,4682.569474081265
1547.0688186259652,2773.353872230755
5733.456214756035,8425.655775019037
9617.786886444568,9987.495116595666
8605.221394916001,6481.714191813239
8503.801163813403,2504.613689363586
8218.499303961891,2388.150770131793
3090.236060561856,577.0669621525981
8906.168312668122,772.9303851408487
9413.40351233171,9149.830951827624
4957.924232990394,964.8710704955055
3545.710472594588,4843.438482767788
4142.2901560585615,6981.217796931783
3342.0644183126556,8503.54782773603
2124.184420245401,1712.709502537273
6184.484702528894,4377.7867912535685
5625.968862453229,2514.801950137775
4625.850710392756,2558.2308996660163
958.4538668483178,3038.3930748667585
7968.929647059998,5871.162144184673
1749.335627507892,165.77471685588208
1145.6204339604815,4087.662863155279
6230.7139548294745,1868.3013523279258
3986.4436123772316,9671.185085126348
598.0847535232947,5827.291592503103
3555.6835496105823,8680.954688303227
7717.803522849627,1956.8998676961203
6152.4920521709755,8100.156993237878
3627.860229869968,4147.824613052333
1918.0479163458808,1776.9468884940243
6317.956208047733,7612.452023882328
8875.553009463552,7620.11097615281
6462.727180159138,9958.87906864061
8129.038546502242,7809.37261798164
5215.27838554371,1452.6724792712787
7179.711067410288,3225.4474178572823
8962.267737783524,4517.26917291146
7731.789782586551,1266.528057097951
9098.539533981457,7880.3897444781405
4311.396021160598,5266.985379125865
9042.202551270566,9444.495690957536
6215.672344817076,5893.081445258203
8700.487660816936,5228.990837382539
393.765304378354,714.2515293286433
6578.523819135361,1493.4590494457777
8479.750788778987,8495.260767641512
1742.0203364319975,9906.759778258083
6617.869334649231,4151.791358982695
8249.547142166315,8100.860837249291
2879.493696326371,6275.857663306518
4052.4632790639203,9590.592736717137
5695.177184992194,2381.3723544409327
5191.676888845621,5448.35743007943
391.8939303713564,4087.958183425956
986.7209808541344,5417.159759430152
1004.6657930436131,2688.5808341885518
2622.67905499175,4977.4616271574405
2458.6411280244924,6248.041467247652
7422.223837867996,812.1588399949209
5727.443860161446,7429.872548076231
7639.760846452411,7065.229631604173
698.9605741087013,8804.576014514852
4852.142374716006,4258.565518099255
3237.7557926526947,616.6913261471774
8499.393107557464,4614.611290216869
7077.8915690990325,1376.0917206196143
8692.584708267963,6474.468135218178
464.2712240606006,471.3152413130584
7208.234895666004,3739.9640622769516
5400.0835215957795,828.4289848749538
8250.000290155658,33.66434071603308
5071.60590925821,9605.572239015919
5402.0907790190895,9961.273480262802
517.6738094206512,5555.0295153181305
6685.228650359667,2389.558499454839
2731.3987560505,9110.990368086574
196.9392217882049,9230.365970761066
664.3716250603004,8545.08891170706
9572.856089660256,5443.69984567382
3460.7728957984696,747.0216089602743
8680.75628621159,884.3892753679783
9596.772340692558,8966.197877126551
9432.671888373228,8758.268474572295
8817.252406994201,4343.9724918121765
8948.439124613009,3281.5461947642534
2890.0804434095153,6441.239201441022
1514.6989026035828,8069.879482555249
6392.6256208792365,7316.84942051821
4881.055918688238,6156.029380507063
987.4671869517105,2315.110444448314
6775.413160224109,2625.0486922071514
5628.600074847734,7240.674813977017
8630.674008104392,8026.198524510311
6091.837956883986,1161.351880995899
5739.4617972175365,1872.9704771130607
4407.517233326279,6804.702621773714
4627.870698888703,3889.865874714011
9543.81226979116,5632.928672710306
1384.4600940023931,6148.149526556362
4462.188185821871,7762.034672673319
6558.272339268428,8057.169507169076
4330.106455903996,2800.962452614565
2832.1562704075777,5412.967289221713
2873.573707628548,1235.2393862188028
2336.5604625771575,8420.151686975487
3439.0320058308967,8454.479383331956
8716.74775583567,2995.0571899945644
5052.245503229952,1606.2020742204252
2402.3872807781845,700.9177820026657
3845.2671702653242,5749.764419115859
1058.3041207856802,914.281003998798
9040.357397387379,6805.948446205999
4081.97832091432,6781.264010341463
9803.912045930758,6139.874071316246
3475.3877326251927,8765.605018630944
8363.56047227121,3782.806927291318
2563.853132914532,9022.695826245776
761.5289337760223,369.25368846130846
317.333616738007,1127.5698792140754
6061.684266447835,4122.055625184433
3115.736716735894,5939.930186885735
4435.198804758284,323.75636639365604
8186.470356007953,5674.34471424264
2481.0808569480214,3073.983164830314
3086.5247673491326,8871.468078118292
8453.361850586673,5332.845916687309
4927.622733435041,5878.939082174337
8276.651670524876,9456.218111148833
3744.760034663164,7641.710266545936
3983.699808271085,4382.732661467657
1671.3836177825624,4768.796149560194
9163.458535949663,6479.2386855939885
8967.836940126095,2001.992166505131
9842.170145647735,886.5084049412264
4024.4712716971153,3112.3651594561843
8186.149417586421,7783.827979362303
4149.537316721186,2573.2379876995105
4542.987889209728,1307.592003359197
8299.993935948245,2190.2259846226025
1773.6677088639974,6789.7291200570635
2203.109344617523,6139.480566935188
3147.2824039581506,6883.149972964362
7881.790325000575,3219.5812268038203
3726.5154936808276,9008.561269332717
3581.6820828076156,4517.703573281454
9988.163452552417,5137.130319269436
3838.0614309947946,9488.079760021272
2477.7053631558697,9792.772679449756
6232.136782009433,6615.427259165517
8018.799519550008,9448.13192575791
696.0783372315926,5415.073863404433
6188.92231138475,3072.829455667717
357.35455880224754,3150.9285596654136
5263.323509795179,5589.405898823456
2569.9156375780917,6050.361206551984
3066.416976731857,4396.170699197489
4670.959639823826,8837.714835118439
9271.07460745587,4266.9611871355055
7106.673065878765,2734.2364699766786
9368.455962844964,79.81878343539806
6599.710045586777,9705.692781576368
71.07747087859661,8243.132831429444
2655.851973476776,6155.59584685329
9057.72577720374,8305.422539034615
6434.455209677448,8102.892302509439
9816.472365702748,9318.507802258251
1559.640192182956,3860.676833603749
2967.478331065194,5548.522420859407
3623.6765951703633,986.2802372024593
3265.5781816731055,9653.154257189732
2519.9153014988065,9851.270692824999
4434.657157567778,7890.842479312017
6422.981233693712,4541.209831483368
3112.56922886696,4965.667509143576
796.9992331425568,4353.66932987857
7085.325268931634,2933.1063652223042
4590.1655578126865,5277.914055487666
5564.823060900632,534.4506950056682
4554.006571639151,9918.870619371684
8903.575034549103,4240.501351641408
5587.4499716638,9273.665840371063
9232.768398517497,7242.714606600036
5105.753415560002,2899.4291686393403
2925.8816224028183,2220.526181746024
3554.425871761966,9956.754337623563
5221.292935847856,7721.263550540357
5299.894378050086,2496.6147414934094
6873.377015489488,674.450481772606
2244.948721866308,6969.165453013787
6588.428999655017,3030.1645681107634
7785.880083807522,2213.308126277174
6765.919894669901,7349.374151493361
4818.2810981759085,6792.613226543475
9916.80651116834,4814.126747601911
4048.1315912921623,9426.559327703731
1065.906145798292,6796.38366057491
8215.04215407343,8934.195606199093
2122.012188804182,1905.529423497191
7132.855729024421,2966.459100808887
1789.762827151259,1045.2013369372826
168.77390857939378,3045.799978720354
1597.9860378902565,9717.783292063805
3769.886965758219,9628.562460923007
1066.1824712979828,7603.863545509909
1976.7908423568203,5210.482627829572
7646.26277684393,7807.79798792245
7698.836079771308,5534.869512137199
8174.882271909767,35.08504671443369
8411.552365475925,5015.470739436155
4204.358946137554,5989.234460110525
8675.496606935285,2657.4835750300417
5259.368750140431,2032.9356424166156
4705.971169360081,2738.090948056513
7185.363289957758,6236.277495178657
2138.184113599072,1460.641149355525
7894.97376827472,7203.283013294994
4294.658265662032,4226.748209616095
1272.9541400376042,3533.4785920532554
1193.1191351696757,8072.312916803529
1649.0674384670012,5060.632494365266
8905.727342437824,3784.0056119092815
9909.378222590474,8781.547155606046
3569.7379920128346,3682.5163219947576
2921.4385220529757,8590.002829433704
2187.709725943373,5041.986984625582
8238.164771672455,2080.070974550072
2092.074824188761,6128.181881110838
9240.901299302697,2853.2352626996126
6673.503789712827,1471.5513217619514
8971.277916691946,865.2937139777949
5540.098543941463,2416.97335797442
6906.798621824968,7365.546420021912
6194.581006577077,8379.992223757426
8311.954563237969,8617.208459819216
8358.60811185881,2701.4827370994367
5897.929998451251,6609.729329453418
6325.076493297724,2303.5405991492953
9218.7592049783,6227.621139682403
9298.664839649695,8872.109930416967
6642.497838951816,408.9368260208137
77.54278173163543,9852.256677254061
1044.11214753941,8270.878774584451
8579.425317744162,7616.621162936984
847.141163708015,6913.628937117911
2135.1918085506636,7702.738889138784
2305.4668022165183,9945.95356040546
6002.347697799049,7701.912971125406
5766.327978837642,3516.00784668327
2894.1752342040027,6139.218529335032
2076.1136556844285,3369.230161598358
7645.320298574758,9700.654432566707
9354.561556059762,9001.397328257004
528.0567991643869,5676.202274628285
1331.8046270486284,7812.737544934491
6421.639887057075,9096.869429717639
8044.414516714257,2436.002636565593
7911.886687763996,5794.818569288046
7196.831530826893,4817.163192525483
8874.27954498092,7715.913548429414
2173.4887957081282,3790.825213338287
1072.9094649194715,7089.796397081916
6153.629700913683,4029.930890117378
8222.758915234324,1110.7486464450421
5820.435784805732,1071.2143160831722
9629.974874589063,1190.5632455318737
7955.644613917893,325.1987593216177
7007.918009092608,5329.73171596772
602.572908717336,6719.02681983735
1077.422387316821,1267.2840182568957
7848.376325911943,6118.580002216119
1982.3792557702934,5977.40078257912
288.35176078990554,1470.9405139686237
9107.60685746965,4040.8259996126326
8908.053737012342,7551.35709770984
2184.8382723149184,167.560255520115
7802.062580729546,1469.478838983882
479.7966121165509,9958.283743247446
2850.5800382326306,7335.448971490596
6236.669082566248,4641.302792192558
7631.789961583855,6298.014120916252
103.99188788189574,8462.209705984744
3262.0861327374405,8423.045855536368
2143.45560063674,3247.014354612071
9987.804057487236,4912.91422545224
6709.822323852351,6380.550964986437
4056.714528797438,718.9691651460406
756.5260198068502,9457.965993907523
5986.7025750696375,4327.41825662373
6417.014709360642,3708.623272579269
8164.059275031351,9071.003614498259
2885.7685291936355,1182.866487531047
9814.280804800965,392.6079738710853
4394.657393139495,6850.0241230027395
2959.4375465949365,3850.0296810510413
3484.4933400145783,7644.758088301058
5195.860529671238,685.446115267555
9367.015645071273,3837.5714353538638
7351.587979194005,2353.252120461122
5771.096494637823,7396.065329465973
1628.103879798618,2271.7011042737145
1493.5331089087167,4579.453347743548
5021.969138135641,8188.775511367119
7287.0870460164915,9153.905354644696
7510.121727551101,7226.057936657777
2259.143838762584,4292.284115329537
1000.9951284725327,5719.858747427331
3844.6098925378947,6896.899471524939
9181.725432440742,8749.326265741181
5453.672526693822,8885.739847602918
3200.9976683177433,9309.69491488347
3236.376683391217,8107.110989073823
1320.8704522218495,1467.9793594166679
4732.23736106158,7476.3953338624315
7913.626785148384,8145.923735632176
9685.586915273414,8778.714276763838
5015.949999579754,9248.168946178259
1672.1491584268845,5091.598135184474
6829.503998028646,6550.926951243105
7567.913427452953,95.52776616969072
716.997494231022,5727.83567692434
8501.391296312288,4731.983810739396
8293.223899958573,9623.060446947995
4725.41054039118,9017.09298602727
5604.225186158684,7976.039294333857
7134.080637109191,569.9418452026672
6767.481250628593,4020.2884228333323
165.35978193209067,6960.422221945601
1224.3530384848577,296.6074356428106
1625.9055578124571,2358.1379175280117
7556.758890720988,8875.071901181287
4400.835628923801,1297.8076729942422
5455.026263868252,513.7350433864418
7726.874368954841,5805.857562846692
3409.822690640908,9464.646154277803
7488.902273187731,8346.247399086385
4422.992746295597,9747.725047209555
3771.8018777420657,7535.231536962493
3330.372640547401,4373.697740845716
9649.448154923828,9466.16439589874
7719.734107089788,4266.332784533118
201.95940773529375,3500.9461634424433
9574.154865182018,4481.959177674338
7754.396297266733,8139.739543824645
1491.7471445425556,9176.935498488883
763.3812541131713,3576.821099596755
3081.940936594534,4622.4745653226255
6241.815293460618,8983.27323304383
6165.466891494674,470.43664528668927
2758.5012514922046,7838.686941138514
4456.749786574178,4542.177582343391
2118.9015571373548,3765.183510496712
505.7868516673747,4469.21291836839
5169.704674268787,4186.906755015798
3469.911342520381,7566.18618187806
5428.8243229793,9279.475222441557
9465.073224704516,4914.558254465786
1433.703116953211,8327.337857825114
19.620183109553267,7319.445357122386
768.7821328212518,3306.8078555647685
4627.08296101629,5873.138145265476
7069.320298023235,6668.156750156945
5807.63603317189,234.99371890463027
4948.94607373747,3959.555512242403
3539.631310924124,9926.381758474568
3099.74171531501,6372.564270700936
3762.8617510498007,3342.4406929177608
6116.349540090713,2500.240394007278
1677.539558655362,2094.816021007563
7713.620830546257,4016.414089652075
5752.5324009311025,1932.6569060760955
2691.563776114276,1351.8618205352816
5011.529628112838,3640.632844269589
9627.786876851664,6069.996926457933
204.9152914519403,1463.9918208612835
1995.2264090122917,443.43273862860076
4483.80239903278,346.3281806369156
6384.397217798281,2673.842524359683
2122.282662854852,1901.3229051630165
9314.039483761962,5392.553602901523
6425.720124246422,4557.201870508995
8774.319489564305,3247.6661433901863
3293.179302503185,8335.428341509607
8289.539343066295,5049.469929965265
3782.1921689944625,915.2999208409917
2527.5177246120493,2957.6435407369527
9116.55339163793,9733.392661965914
922.1847567885455,9769.773207580143
9428.887960564041,2546.7163554711924
4585.152058676055,1672.361287949139
9926.254734858618,4956.881462172443
5395.946537350288,4814.649181668466
7574.881720823031,4101.376872690171
70.71016338003999,5293.57227493953
4966.668199601651,2321.9537851820082
7374.534716181152,1149.2934154368718
7828.270199584491,5704.61458476435
1580.4858260159804,9325.97996782375
4189.709503827787,1377.492766202979
4190.719581193387,7048.147242314624
1036.4080849905588,4378.96687380385
4430.455076914666,2939.7658972880404
8070.929586960054,8531.092183924258
3001.80737618987,4564.91694537182
4325.745218938831,5833.120140679902
9609.586850621426,4430.562869399294
317.08075891562214,812.4958166955287
5915.217678953557,5949.04686900186
7434.360917776292,4188.409750381213
7608.824340311784,867.566060676297
7159.3802488404435,5958.11734418975
7264.514434684364,98.70932039227509
590.1266567304986,2085.203882545923
5341.366191363328,7810.695369052124
7829.690716572561,379.2742485873446
940.650490373296,6466.820980551388
120.49922386867861,9497.06946207324
8145.618315996581,1711.9245817300678
7122.943875664892,4171.118602095746
4122.064169144426,5754.976973709982
9403.96432574172,4504.1583873384425
7665.980946514712,6203.776861817672
9678.609416065774,4040.9752516699814
9293.152595474672,1485.0412902192045
4812.936029793072,890.4435982445568
7547.08978643566,7444.431561771444
6691.913888076389,2386.239495219048
8114.452100924915,8474.503127667234
7876.88402250992,7430.272438218404
1532.3197003322675,494.5318434236168
2337.3553180854633,2012.1111706373517
2657.3157717756735,2919.9265655953823
8184.9855921701055,5944.822488260402
8107.417039291889,8098.27000315139
4953.353469394421,603.3325515842314
5808.322592519212,2496.089518798109
8269.221529683999,3762.097623797209
3125.9360067774323,1833.7715458816629
501.787769163633,5452.920975063491
4825.9643827916725,4780.024793583103
9137.171438486717,3164.956420511599
7904.68260960073,5168.868869203568
3666.1730310848575,3558.2156435111388
647.7136048283671,3431.9406746729073
6369.195053825099,2653.955253569925
8344.907958705202,5404.379343143883
6649.485664546385,4441.153944523268
4250.746647630197,1963.2478412722376
1233.5361317907134,129.6626089819919
9107.742441373548,1509.2954061291941
2759.5832575338295,428.3460149853924
2242.8703649295935,4315.988336384321
8159.766656096541,2250.9685391235835
9812.19938723857,4204.553325247246
6601.602587447604,3294.4987337000885
6248.104890245506,5380.148106865668
3194.308692210626,7238.668287886008
204.13450685129342,4793.139381338564
1917.9786582270963,619.6806093913087
5844.304365565719,175.10481414907963
1513.1646181604551,2132.311662775391
8838.358069313272,4249.675112208537
1881.4468785288518,449.0502862726731
5221.044530119016,3277.33804839889
5120.132457687949,8870.257078951523
6039.456301296505,900.1902185216936
3274.34069718039,9485.165097695735
8735.342010653154,8566.717755091197
4443.015359750696,8317.811560135387
7001.53578736574,8636.585108762909
6359.1086096670315,800.5026525298309
1171.5608311970327,1511.6809397869679
6226.393527026114,1343.7242656108217
5507.02677981096,1112.4181075137597
8986.04063255906,3277.112195322293
8808.766364849032,8302.168829505274
1509.5478741164636,2519.6214363122926
816.8514558660767,2442.2167899226
2945.9221921086873,6758.887574206133
9866.128566843088,969.2510213671712
215.73776406316748,3602.79992361924
6728.922395728768,2954.26306844221
6085.1373384097715,8473.008641294213
6465.782804578168,5145.012776254599
2182.8588977074146,6464.73564121941
2267.173457998499,1290.3433820623522
4306.420821738246,9289.182605559103
958.5780706695634,3224.5215412510465
746.132090189402,7068.388378431615
883.594534860972,9546.261799155436
5729.791713062577,5086.488616160025
3977.418568978938,5075.352587338555
2936.167806572736,1172.4942355845192
3158.193796513056,3902.755564231292
2072.833058490737,8524.649388815355
4115.0533532193485,1351.0650709894833
2030.580691999674,9175.041305606574
6980.460422993326,6673.094143866567
1239.3251265393612,4209.598350590384
9482.420845808465,5464.984185256573
898.189401272822,1504.9660773670093
9434.607142798759,2174.8329313773097
8332.949715204066,2864.084270666728
6807.121206133804,3848.461181744145
9123.016555654836,9155.219949929848
1392.1879351737687,3675.69024965157
1763.1477418691532,5238.35240386221
2521.525920588158,1620.2616141784222
2448.115267658909,7359.732010520706
3108.482709271602,5602.808490667015
5756.308982730933,4399.074579833719
281.72611305104624,9471.864655581936
3822.725950399758,8906.508441418368
2463.851278925965,6595.112723444972
6066.29848052722,9218.12406156527
9851.693310515357,5647.817949330725
5176.546121833726,8269.371517152667
4256.852391184339,4094.6016418518625
3682.4354514511615,867.4419134794764
7849.4921887985765,9941.485895291096
719.8093165072694,1656.315208265725
9597.705144601216,2515.100392589893
4179.178859880456,1631.0338942483947
3137.0072582511298,3374.7951797874507
9740.681163997013,2892.8013372633877
9358.788632431999,6011.022485492349
6419.34139765721,9964.600144192844
185.07374850401325,525.090554855685
7485.349762065718,7784.43113293322
3355.574000420013,1279.9192440648656
3882.802308542611,198.35024632215647
1587.421289773886,6385.768201156949
5234.580838648993,8733.152288693673
7445.525962037663,1762.985066483953
2730.1111809306844,3416.1378464194736
9387.329080433752,1687.5020422307718
1947.3685600295432,9065.075693029172
662.6234059443336,2703.604324181226
6443.6387334990095,4447.128914061025
8493.187318800468,8947.412762830783
9531.328593075123,5528.692037626718
7671.710105165188,9328.498007687058
1996.5001150607231,9264.50414647039
9776.611848037302,4616.01019893721
9194.358760288427,5823.826127333706
1631.6742276244745,2303.142737129369
5587.858269153244,9905.358188011633
5555.174259309789,2783.166604117949
4425.3477812947085,7833.069879809512
9842.813302596887,3129.6906015522595
596.2223718022119,3130.4226208978503
6272.089084435846,1038.629267009461
2053.036226788101,5598.958107965798
5273.312047309596,2448.3233812820927
7797.407717875188,1483.947577576188
2467.2680316854635,2266.6669451673347
3933.595464831485,2510.931570640299
9507.680742803992,5040.83456119486
7614.807377203096,3859.2303655556225
5727.2318451183555,754.902810219601
2219.9738780671673,5360.285828958611
4253.054374775831,7877.474515887647
7740.613190499227,5742.351608939953
8205.430781099762,9745.402522517708
2446.0619814239894,991.502081444714
6620.602104170192,8211.523367581094
950.0299212339991,5056.9266989733305
232.1230745046443,5215.951775452281
5486.739234330213,5190.999346495484
2243.798542804287,3253.1882790763843
789.1203124213287,3245.5501424025247
7298.2831289523,6318.445066424758
4979.74588364645,447.6508538311641
7962.770109584505,5887.860453018035
6639.442396805569,7245.907182109155
7298.0493991549,3563.26293475418
3073.6058129589983,2173.569394596333
2632.7582568323637,2133.8691272290444
6008.748920952612,818.39653344566
2000.8214039808436,897.193192064083
8154.1211563202105,1666.878681945927
5229.2016897423855,191.7290505308711
2269.89932347761,2662.354075241843
6251.682323299085,3064.0182924796013
9450.357350836177,9952.21253356131
820.947265907741,9916.877376561253
1093.4520731350294,1870.4884683708478
8438.3914686334,2130.321580969244
1095.9377456687357,4919.063705604325
393.753693529878,1487.8433373771015
3479.305810464729,5040.394081581917
4667.058849215976,3993.897048050743
5694.444366906898,3246.228910498724
5073.002325642498,8226.051708097752
9131.845626581135,8281.176999930576
7686.681003916374,9878.894669837266
9838.102558617107,2230.8811408158226
4764.554232253223,8882.774971437462
843.2960983917892,5378.45929673931
9555.306429428745,5914.5943133235205
41.131615890973585,8962.932143325263
7760.960138390484,9426.3079637832
312.82030771679456,7268.112577006373
7612.141906516385,3478.424319351239
9379.389398480542,4896.679896685053
3892.6029733104683,6150.538640541099
2409.648512197177,8286.40038986097
2262.7915251183085,6579.477053775554
4917.176441502033,3654.4761668762303
1708.8703575679153,4178.804513602944
6729.23630659712,504.3770203927478
3683.523574883749,9242.67860437136
3231.0949240325904,881.1901332949324
4612.855762564571,5799.307906855448
5425.875024397518,8716.518812388218
1419.302622587958,4208.652495150071
7077.6336379684335,8001.254875113715
8829.470999053261,8038.160796362951
2779.8691620118175,598.4603858624693
1803.909018294848,4121.437257307217
7605.054237190636,6910.254866870436
1835.4172376564948,4223.535090688829
412.5516036295662,5451.672481793561
6192.432203827789,5944.5790460664
2397.514163053502,1512.2937673124247
1718.104089285597,4119.812061485299
9816.027417145062,284.63221683565854
2918.649833997277,1496.2608319534443
9034.432902155357,5122.540633764986
1782.187658886043,5735.859979388103
8189.771320624352,1462.344065916623
5020.188730484821,7556.1927021242045
785.9476911599528,3729.878878709927
7336.052936435724,9206.49928827672
8920.733717347799,3876.627233054065
1630.1699033552152,1498.1097643260455
7255.902423361753,7579.704586807577
4450.525190731239,5678.008004393289
7538.704532567183,3866.8816824415576
7139.2794818530565,3559.571634322616
266.00230463005414,1507.6897355727103
1787.2103596715517,3408.3462746601144
4710.272429322744,293.4414097833504
9335.941719120803,5024.01914075771
3420.734567548015,8967.23741813736
6288.734702801819,7953.307962153271
120.83745514428811,285.2119720421431
7111.269215469441,8812.603262682325
6030.6826275280455,4523.248288825534
7153.947466157659,1908.914654154944
9046.606130249449,7524.119552153874
1464.9893311781004,3228.735501770463
2615.8959600806706,2533.1842313685283
9957.80892168142,1613.1840678154763
1562.8395850962695,4866.219069002228
7206.2700652602625,933.9399954944528
7250.7591051090185,7856.131291137865
6829.937462355694,4706.74576666411
2274.4058931457766,4469.764168189202
2151.3406321387074,18.539564815209797
6663.41068034788,8178.638603085613
1862.5018445921603,4928.370590382537
6615.633317405373,4398.945198013479
4925.282820253181,7613.848852843906
3866.2886764938407,628.9854910076087
3002.3234937794573,3666.8045609520373
9475.769333231166,5757.339575537564
5080.936577427876,4605.775627391877
5612.5196251096195,1816.3888987797438
9492.560846867855,2992.7650768031176
6538.773180971337,3002.0055764763297
9578.529277568276,9919.70802765227
1063.6674052269846,3261.971188066488
8466.396317724038,2051.82062542299
3354.1462802309084,8226.371531041465
8104.875250703411,4211.712550036086
8556.366241949785,4438.636944870507
2714.878861425558,5488.890634957373
4088.306165154789,5956.891972625116
7260.14354314904,5905.556004103395
990.5563089697067,344.99722411043933
7555.3353433934,8188.424328979528
1104.7292605474402,1948.5281907483798
9144.557322680581,2923.421277838608
2763.3929329635343,1734.2952002067545
5755.993468673558,7670.766575358777
1171.5350007627278,5836.579926254195
2694.9315466247867,7552.961527520513
4039.550434871054,6533.984054293004
4870.4887668301435,1041.5863441940187
0.6749764657443258,3014.997758510053
8886.557623804683,5072.651595901213
76.74809558877116,3049.450314313636
7736.8456299442505,2073.0390440611645
4705.78912356371,8698.119690665997
5238.800249013764,7477.836752153759
2082.6547933454085,3452.2006055417664
6073.683503457041,7650.123626288985
5372.319091694521,6275.38618445228
1642.3640662029536,37.857336323967594
2381.1900134921916,3802.6202601163495
669.0362901245717,2904.874991943305
662.8357208945268,2179.0862170589685
137.75785952426565,2515.893940708449
2204.7432548308375,9423.648465755226
6796.612273970557,4863.170679915373
3162.153881423563,8477.087182241195
3427.3426986737663,2142.1715215298254
1319.053932554447,1744.037996459483
5754.706676564199,8887.895883139097
3421.4364154673726,4957.046857824678
6763.168034302147,8951.521253124129
7414.5946884255345,630.2885287127491
5846.928752483821,9164.355221763077
2760.6953681203627,4154.45316342223
5086.0779933725435,1553.7048742184777
2519.3080468230332,6833.826894351941
9029.128353539181,7969.02683294257
7663.857500825573,473.7472758140038
4930.0590600556625,9871.959744186861
9654.571431781465,6970.268873161804
5467.554467301879,3214.0199165784434
3285.354769569482,1512.9379569539058
954.6730079404708,3925.3141467821474
5437.456448134136,2205.656605586258
8604.166115813456,4941.532235980958
8667.187281564487,7818.9270849032755
6045.670666827484,6601.303889505533
3934.383632342128,4359.349047817289
6502.9630809067985,1189.4392458004954
7621.403545590395,9571.56922368007
4116.247843941262,2703.705254504867
4762.541692149253,2778.3454587501733
6806.16307377943,6455.022218385325
8766.526061027464,7705.096221471027
7910.103781422749,9841.527653173494
223.91369320348687,9691.642606278063
1243.7234378458784,9137.605242320806
8527.781802855217,4353.135673833498
8338.228280450336,1666.696597564481
3888.067831487092,5844.712032866277
5842.7792235766565,172.56505546768054
9058.449824286463,1962.4883899539348
9115.586810070963,25.293967947646046
7830.928457608908,1805.3591257153878
2095.8893835967897,4747.571233962561
7302.828073539449,3933.243110934159
1010.9843234705662,3692.965649266392
8939.38459454569,8309.528639338625
1491.4880357871452,6749.96304645678
6623.486401114509,9364.31762871106
6102.432742523487,4453.410906776725
7768.996558795831,2722.2967547595176
5515.775023584555,1226.8453803335556
595.6657537573218,6720.27395685146
7058.462540441491,8417.41088471657
3831.5455883526793,1837.393642617563
3202.8500121910984,8787.52744512536
9916.735495337347,5262.762016953331
5903.997659597278,1440.8063214095191
7107.190732694113,6428.633249017549
5263.261369356484,5200.527415372135
7699.726459516527,281.83547312732316
7520.727354999753,3992.432047266242
6571.461156801604,7847.87992942911
9977.430614437768,5554.237534221072
4597.935340831377,2820.4112626253054
7061.9234829815505,9286.417633825497
7977.779628049182,2377.790380438599
3760.3470959454435,2527.360069326161
4571.750275536186,3546.3934628026304
9691.672663905854,8945.378612561284
322.9101712660809,5076.253954255163
3352.9565396091434,6821.790592258289
4862.1296233867,9762.641725102805
14.649930691902346,7832.962968923644
8991.271010066117,1726.0011865109325
2862.444002121587,7883.539290399766
2577.0483210944426,7483.371492260189
8203.261953537418,2326.1699447722563
2779.8322850247537,3253.498308876159
6576.225939020223,7101.2823986307685
8215.031439019593,2383.930940678586
7924.768477103724,2081.868690026193
7819.5073742592895,7034.727721303311
886.3756986523485,8805.954928197636
798.469675723642,750.1668262212003
3067.700357373875,4459.077352581128
359.4788119601777,6071.752203290079
5004.297365192644,6762.76785832068
3947.8206627021827,9961.95912374829
5570.259125431491,6826.919603167207
2987.885386696905,6201.541129971541
4857.54002990427,9897.34152309002
3347.4476585905377,606.681403781838
1952.0809222330859,744.3689615309823
6493.666811378149,5606.825264240842
6734.359014991852,3586.6461434959083
8292.3169274975,966.9751374705593
8747.517831537249,3064.4889609279057
7044.619043679155,6743.5448740764405
6874.98086697512,8806.149636866301
566.756653364725,943.2447665655419
1097.7924145817153,5401.450624841043
8125.627103908733,2961.1556479642186
2329.5126162363154,6673.2616329380635
3555.65060217083,5494.5149445750685
1452.9735367587682,9267.110060221794
1951.51968574919,376.83886949888114
7754.1723537020625,4700.372749401414
2618.5961951553827,1927.5955535070898
4490.349662641902,5367.817086642457
1516.7137305923927,8535.79344066843
6779.299063160986,9113.165277860586
7282.697341334761,3982.316632172018
3616.9231789871383,8117.805232658257
7847.4664612275055,2805.080747255054
2399.0665192212646,63.049463191806595
6919.038621001561,8552.390575229689
7299.645814204539,1194.1224240661463
9686.573777887763,176.11123362948456
2323.2166518671625,3537.976633679486
937.1048004275273,3793.7998962495744
2630.354222897866,772.201707722725
1228.6219658211905,8141.82646484471
1696.9430849430967,4055.9273020833343
3341.145118559744,4899.236137695943
4139.907467220009,2646.252679528317
9037.242257513795,5115.067523465978
1956.1577150002108,7667.313906173336
9717.589759212162,9061.827155005169
8101.532098961717,9705.296007351493
8814.71389893441,4267.23924601364
9294.439897402435,9900.338587684591
7532.411971411207,2949.5571172268133
7887.7983161706115,69.7593528506013
4378.182966056195,7676.170438976347
5104.50234676244,1784.3564854119863
9324.854267666342,524.5483812386287
3782.5591155264947,9240.089225976988
419.47073064207194,7918.108304969868
7627.543854747729,1026.648015382563
5731.575117175184,7769.101523843331
8148.759623433116,8439.996974269963
755.5126661096213,9053.01665182571
6212.319904757898,5436.9406746636
2477.05887990758,7034.12070528096
9032.68594494484,7622.3927896101095
1099.0993974174567,6886.389351561069
8430.692727250631,6468.3362030559365
885.5425197191036,5475.5925277788365
250.97355496998097,4791.954541955694
2350.594300419223,9961.250195648307
3330.445409266838,3375.607804221564
6265.287718118711,882.6877044454861
1317.245973610538,7650.369650036276
4373.2993359107495,2138.2437786949417
2042.6360210287376,5326.9335961870565
8553.033215470632,958.0151660057068
449.6650795130497,6192.838608167906
3559.3772668852107,9440.074039032223
6313.740799691089,7227.047126069578
9130.88178051939,2145.347782266135
8679.934226938953,9711.380452888607
8951.919995171636,3070.869310245482
628.5329368298209,4366.149864913545
8409.232614634595,4981.170203728008
7799.1257854411915,9907.187433734727
9024.316492756188,688.9140071918321
3115.7626725800137,6967.282944355699
9117.651062733667,3619.3087569273584
4026.410850864478,783.2531910243933
6340.996855257999,9350.316576328565
4241.789912069983,5898.583191430653
4276.484305156511,7535.180075887757
5466.370187949015,2403.854355712797
3559.267096208225,7615.409226294237
7927.369942692357,8284.754400232167
6336.387354152388,4308.293972144763
6897.557615389457,5719.564727479654
2310.348002217636,9718.725349295546
9695.752884813925,8467.296417077589
6601.760977729654,4448.500610681643
1971.9586453039162,6645.738587558459
7504.902434710338,7842.31476802513
1737.141032076227,243.28820578248477
633.8489629950839,5883.659866252704
5275.533961458343,9845.286134127084
5535.239541623472,9471.806498263313
1889.6557473159858,8324.403947624443
3483.78944292159,1062.140931306853
9457.69295678697,9940.414525161517
2850.032320874899,6095.381531379492
1555.6806076536866,2229.082494294905
9925.61958665454,6742.686896143166
3023.0553638046676,8565.235620796813
6802.5367314607865,1123.2776084763584
2315.601814392664,9164.381432894246
5501.2119698638935,9202.042814189952
3862.8198660961552,134.64406231317838
9615.792611591885,9003.191216633943
4328.058745504877,9468.179182401562
5841.741841817242,376.9179698034519
9447.662659001471,2941.663235080507
9892.34299937955,3731.075068161265
1016.5836400499651,3488.904720663901
8343.20712042389,7590.032372701891
3821.164941872488,3581.0445922386702
5948.287062056128,9565.788098947423
3750.480789552455,9949.92625304738
4011.1620565479234,3168.1887070624657
1588.5753598511153,5088.0075320650685
5727.664584278659,5577.058403000075
5467.159459447247,5794.028299670617
1893.5578853839984,3742.0899419529965
5417.3042933394145,1659.9350195882967
9731.018826310861,545.6054173112767
7144.085958537897,1063.4866564983215
4809.825595833519,9012.912375938413
9160.839855813752,2803.7500662050707
5753.143565053058,768.2298321104453
1350.4799872780338,6235.296995443529
5475.096478124564,753.0715126128529
1809.731153658678,700.5293966902426
7675.048387476742,6215.705058712216
9671.742142947083,5913.952441985306
3608.185845433303,414.77286949960114
4349.178801251945,4604.778344369488
4214.964668386301,4357.683079060346
2852.9997579488186,5466.89129702555
7941.799648786311,7378.447104367874
6177.283327469959,2828.0004756219414
640.5155685655961,4327.8028358381025
8388.063350231356,7927.42684360965
1870.8823115320727,9225.563904605688
9791.511617091212,8913.22973049878
3766.6313900256578,4776.309520940417
6164.496471503238,5208.657970021019
778.236188960304,5291.054421521594
3446.6327468835666,8687.155697074848
8023.539573607814,8399.395069380007
4772.0849195325845,3115.3252854534508
9046.034835440229,1628.4968942203525
5751.384410508072,3789.745614921016
9285.721953957478,2884.0638324940114
9826.099070125561,9507.807248149094
4538.9455951827595,2659.1567943865157
5651.56572577808,1812.0668172693554
8349.206432512698,8994.790625592155
2215.3300553581303,864.7860435607103
8616.295737811097,2602.660514264602
5919.201403772696,4391.111940005884
7255.001353845254,5951.0737815968205
798.5402266344521,3276.728963733063
7661.876834534036,4962.33996921005
3107.869045736584,1988.311864306065
8052.32276849842,5742.741202254854
5091.525383027069,4078.1680827965947
2746.1433481563313,8492.596872684504
9527.59697021654,4157.341333886524
7650.623977114992,4438.154178820502
9856.86073873647,5921.749893424126
3644.698984122038,1231.7000407694145
6492.196335416387,1567.9517670628106
6115.8867786372675,7902.377472272404
6875.56741068803,2734.1877913954704
383.1656604133082,6846.969289284561
2917.193238773741,974.2696997720212
9093.375737908073,8218.466603180132
4238.200548722269,9882.281109189571
9606.436790815473,3736.9094520778435
2135.0317264497576,5055.301019148967
9974.239734810893,4427.119798398023
6975.809089595323,8941.877486390234
7763.934240664878,99.34037696879616
3968.611722025358,6534.593211638361
9070.081212606208,6523.682728035328
5454.6290095862205,3823.8500829795307
6809.383802246351,2193.3364211701455
948.08271336286,2396.8268141503568
6316.807008928934,8004.641212138911
8790.789882621566,661.0309637495903
1782.8322821598808,5638.241462743589
7377.25934634846,3068.4060297826554
254.0075899465455,2652.478124683204
9262.030165625189,5057.37665531036
9829.171160311862,8978.61506279767
3541.8006679809446,6180.919190373308
1070.7384971533484,7886.1062775532355
6585.76368163145,6006.837792628809
298.34514147479064,6977.157798727407
4824.862812971867,4324.076487932956
2717.7917513788652,9259.816352081838
4733.390539528769,5019.39020439161
182.7551473835698,5517.746692267631
516.1218307070648,5249.655032548496
159.75828843382334,3161.8902016491847
6191.31870047114,2312.384355991857
5600.929176752085,738.3496411555501
2331.5799853660446,7181.749820025486
6466.431289040213,2892.7526317037077
8842.07256894975,3891.979631956072
2773.2210102611366,9199.281627262128
8319.938078789875,5664.473494118737
6625.0913600218155,970.7806390393825
338.20443172983164,7996.119128238497
3751.498958294345,2561.3059910945544
5077.572158590171,5527.058426461825
7316.9918995472135,5099.814748639906
2871.3055825341694,2380.788423518807
9827.301048579324,1157.7103479458106
6845.397405050858,2112.6160649496805
3728.1367716436052,973.377995639656
970.2503907711202,2756.280189521012
1813.6776027080991,9972.975107374645
4876.077600551566,4020.9226524138253
4946.953549583667,8638.883913350102
7677.187648213535,5491.776921290614
7261.766255722525,6665.83079333733
2012.730385178173,1563.479697505562
5949.566205582651,2748.0586742197543
206.2180074288833,5104.4342302892555
3985.4739938433336,8811.434342268407
7641.052405716057,428.88035884940166
3995.0859328716647,5069.199595657209
8355.962398014242,510.1221250842991
9761.552901252815,4568.226764492825
6072.126026993657,6288.681593326369
1450.040763417566,7447.231914283074
3796.772079054107,1385.320052606267
94.83355068375165,1665.752834613481
6027.259238407526,4700.6492169179055
8215.685009737981,9980.364579790741
6299.400789230429,3560.468356567634
7860.862291834498,4275.274273629103
7999.039272758867,4324.467428145515
8510.125762174637,807.0082135709545
2666.6378299755424,7741.721452899953
8712.685228204218,2531.0152442610747
6540.939984634909,7036.670568829199
2897.2555659448694,4750.8987883559075
9872.94714996261,6117.79742219384
9501.82393731669,539.7163649499626
5744.409832063993,8899.656844165662
8432.083783995635,2438.5676941971333
2614.944887198717,6700.953875008369
4160.3699661089,7980.191120661617
1839.717607438337,5400.387172831971
5201.02642629248,3373.340220786242
4960.014300716653,9779.033744810768
2128.1322596156638,2784.397132706956
6728.016937160975,9486.623371232705
1177.9029552541253,1562.2413368473176
616.914510697112,3892.2213152234353
3849.049686623861,1384.9558414730222
4098.247777847049,22.404730736960143
3197.406065264862,2602.585403964749
2579.466375782504,872.1040091895471
3387.7634500953036,9863.455230903472
1633.7557395210301,7616.5331795180255
4034.5246913287738,37.047963220088185
9046.033735174437,2236.4658482359214
2244.2688120883827,6701.2424128371695
6844.511043503504,3985.5211316475447
1417.8451039783936,8318.425630442272
3539.066240102308,5048.607783757317
3211.7478054525627,6536.514197324292
9370.293944083278,5970.373975944806
4279.820558018089,6381.689006236343
6904.659437813839,2300.9885382718007
6024.628089713293,3732.8943920619163
1410.3007528476141,506.29252864491383
9395.404510306184,5876.365146882088
3458.692918557632,4592.584620757756
447.5835578364973,7607.161490190722
3004.4370684418764,2063.824646216421
3356.337258823261,4368.121160678018
927.453273787272,1807.454330573862
6199.774063799428,6139.792252484421
3467.6420554154543,8480.30256511452
6291.346063309708,7654.43248448985
67.40563589067162,9441.979726308873
9820.483989907525,9717.25781863591
1705.1635854468161,7720.338675819907
6593.309867049364,2868.0608538025863
7157.843032795155,2192.6137721531823
1716.0834974747606,4475.490345489437
1117.1228210241857,9938.836945771207
1525.7719184480866,4126.680208171554
2468.1825584494454,1990.6841057226877
1682.3211799290882,9443.42877783241
6739.994269560816,3859.1797759602277
4208.332037260672,6908.988872276309
5377.915945153631,7881.529786145868
473.3678880915826,8431.559020595341
8612.489631007233,8212.803871227903
1705.7155320619222,8362.468629999801
3601.523314550882,6676.5342757788085
719.0163982776699,4038.3106927245994
1367.9313464832965,6672.868540638371
6657.994099756615,8367.343340599133
6925.870022556889,3506.4246462442106
6769.654846253521,2965.0799029204013
5521.367878460221,3437.072171051635
9525.216640119066,5512.833960293684
5071.771607685764,524.4387481394452
4494.120292964465,7789.7081901684
2475.4556571714347,1388.5195845020194
988.4952926661261,1328.386567840988
5481.549299661788,1976.5913935610502
3148.901866928281,5769.274349724983
5240.253831905152,2855.68375803956
2061.190782604797,3680.9032898655223
8381.726722079113,9316.491109781278
9996.97209659069,8472.021799769853
3224.035101206495,8521.905331047825
8423.276072603298,5776.418333259879
8729.861363924074,8664.661472904807
9960.737887570796,7785.658253405535
3427.201297779794,9532.368029110623
7560.413937141057,643.6840502191554
2288.090036419854,287.2713365393287
6247.960012921433,1750.299407238911
7048.425694728377,9290.848205079756
7411.2069253509635,6055.65105954246
2071.7216858446163,4261.125176952809
8487.255704961948,5127.110614761517
4209.718603925418,8296.0458822767
2163.6951773455503,9291.09995803924
5425.310883719016,7296.988343109098
8633.571296069422,7598.478329372963
9670.879097781137,3203.7804416383797
7482.078217278744,4670.351952745392
56.22886271362426,8852.10193471166
1347.0076046595614,7859.3411007257755
762.7398643886573,6842.709184613477
1012.1374299388475,652.4683588812042
3830.349560197751,395.07219453954855
3384.9331482862776,1304.1094311399504
1136.8498126831005,5813.910991978334
8822.35351614249,5363.8684734114995
6154.275763323602,9426.908265470538
7964.633089564489,6947.596400433964
3715.493888554309,2939.7261734542603
4102.360162875679,1614.962938156973
3176.21210536728,8495.33239328382
4384.266120984911,4596.241036890242
6103.772623550536,6534.6949740884875
4929.840078402414,5651.4360659080285
8379.170061884503,1074.56346136635
9001.391686098243,570.5838368182702
4696.838533675992,3770.1818971641355
2397.4798034864943,3615.5029754571765
9451.924194593088,6737.981129689064
7350.3864305092275,6322.004091011617
6401.270860538799,9689.409284639944
7454.137336239759,8580.995027715717
759.8178239692288,4965.825257752878
676.2632763767251,5000.253525626956
1531.206525809874,6741.292291126943
1474.5096744053244,1140.9058277327556
4206.704748494045,9998.905646313924
1574.0408228536419,5188.08101243624
8545.256442665965,9099.0487390897
5780.969309280258,9673.56334652208
3682.6189635025144,5816.427399022655
696.2253822526709,1033.4864752477536
5910.277959591252,5733.458084199712
1165.3282059212634,5976.424371659868
7432.202504026062,7891.93136773331
8027.580967438214,482.2926699490615
5439.762579598411,4663.1536719509395
1496.0285914085746,9227.702583368131
7868.627237404655,9912.990786786535
3078.2778925933394,1913.8267875923764
2226.531427534598,8705.989927350352
4705.566410184253,1462.505616306441
9226.462413829178,8411.744345678972
2973.7329207452367,2772.7772746766354
9055.785009726203,9596.252660491424
536.5330873982788,6954.967509006371
835.2370501794682,3991.106013897595
6985.61025135247,2809.7332990816626
1905.9266144817555,2352.3752747444537
3166.206831966254,6807.923269995851
1363.7298098057904,8957.910025768815
3322.4826913254833,7549.419696143436
2804.5999389246335,8347.915380165423
7363.376389889836,7813.8376763453725
7020.233881890438,9791.476664980193
9549.271764283654,7578.049268263248
7244.216851730408,2102.2851847027378
6948.177530213849,7915.984654745149
6942.038890626517,3220.6936098480087
8829.674556481761,9957.998626628581
2962.3673287555007,3766.7262010014656
3000.9210919380425,2927.937558472299
7412.138097049367,2392.1598550891154
2287.051371501274,6585.146520583698
9120.200041479698,1092.210883875312
5347.81725086886,9535.59881732972
3001.2492809283176,2943.1267864313713
7760.999296899824,2954.0061103847224
3123.2062987529607,460.66095707059105
9632.783170718718,2460.1751787357416
9829.892097249847,4189.793556762377
6667.962419661962,3696.0639022422083
1136.3388975022926,2730.1992143622024
2632.088499332925,407.43837839198216
5154.169622160553,3005.813736056424
8514.474500979815,7783.309382631201
1848.8649694202863,4387.922853094712
1044.0345901393234,2907.753475987136
744.7748318903558,3047.921341479578
5069.675623600469,5544.375764939008
8847.009695947057,3022.9267773907477
423.5924264389235,6307.973198661945
2123.215339935346,9894.54513725115
6932.570158395018,411.7639775380566
8258.634351437155,1687.3675569736868
8073.995292991696,1791.0754528902405
7850.68057320331,4470.70317932015
1297.9980081333997,414.1871205337444
3972.375821829185,4775.215777425167
9847.446628317466,9289.247580766565
9888.875715880882,115.64088692701979
6024.273919541879,3649.3886718518097
7092.672047211342,7608.937721109648
9512.837962853091,1544.9450033381506
4499.278612412104,775.5900252654213
1368.6685788379327,6307.785372626386
6689.488755160782,99.50909049507683
9601.023049005234,8017.7049116971575
6972.060938662944,668.5275356609876
8033.211270237377,5243.542594203608
4227.488039706151,7401.277102277271
964.6315414485107,2420.109887464774
1688.8208655173332,1035.4016192273752
9826.54829435477,1756.2276641855613
4931.843169942876,8546.835719350085
120.20590177249879,7057.80291652024
9553.672807311737,1980.9804921509776
4977.79911971053,7161.207971309946
8362.683982918375,7086.1817020868675
5484.581420368935,9977.250981059604
1017.0228367476109,3915.5602352591245
6155.695821319467,8648.53494142771
9974.002763196093,4464.42685972815
347.3778264594307,8977.602236169669
8417.941975150441,916.004990989493
2354.8079565076496,1753.1263012524412
3938.662227121856,8499.5436306669
3727.0951177289535,8193.00324105395
8987.971942691196,3054.337918569875
5044.861888318382,5967.9831813345445
4471.742868344275,3826.9972210203605
8180.251088367763,103.17349303521351
489.07134304947755,261.0412656712702
864.5631509522378,542.5636548157642
216.888568762893,5940.721543255787
6879.829040075507,2792.277353055279
5256.161370791812,1439.4829831489053
8760.221258682826,9411.311084438876
4985.329029726056,1213.1866708121586
2218.1957276199414,6739.817164248777
8051.473731044161,8941.601828226587
2943.2385423262285,1638.2966723844972
9356.89782152209,2147.2968222871514
2504.238878522405,5738.135335759571
1677.2065287028681,5084.486863787977
4933.2399151068785,5210.274168862676
505.1511797024333,5546.780940180886
364.11728482617644,9499.029159610443
4960.14545255458,538.3804196694997
2151.0688079478755,7604.485206948191
93.526383951813,2325.0642240673337
2960.5691143152167,3736.7767017238207
4773.673538465919,892.9112296506403
3942.887014604232,4456.267691535436
1354.694661604231,8042.192522751215
5796.748278319776,987.4033853295495
7103.32991147637,2756.03598220299
6755.3916216329535,3730.6170867702504
3937.6192128327248,1038.9920308764233
1375.96151171114,7623.168099769335
4994.867734907227,7869.470282174255
8904.317549370828,8358.94997779968
4687.228489412329,5838.962048063182
1956.8104974158762,5072.388208543759
930.5330309373039,2625.5244547124203
9439.266380988796,6551.579672905477
7430.0940887691495,4445.634856555434
3129.6697270048235,9707.764060773883
2953.5240620517443,9681.794969744566
8952.184867225975,9052.051318175627
1775.682348096511,3600.8913801433196
5350.372896565445,3679.724553540591
7135.042751793014,8526.731640437158
3963.903519656896,7291.3493174146615
399.02342543088554,7043.609698180438
2277.5881371952155,2796.110110841158
9018.081374423738,8333.486115544758
5231.189668395544,5794.205722629432
8154.412464879698,4468.655742385731
5556.855427906174,8654.221241080759
9436.020957123033,3942.0976378211403
9091.340755568452,6539.258118677655
4828.880420104019,4659.05182004139
3182.7402543634944,5927.378061710562
6016.687873456102,405.46471648478575
6748.876816694736,4611.151631763842
4983.550923006315,5564.913074967742
8222.832210950944,4927.19334749606
1833.2852178488279,8474.103725068187
3344.1183062403234,3111.2397479181654
6863.76357366453,8840.765310045404
2466.8386538755726,4034.619699068904
4398.447446836339,6945.2673226065635
9637.335466282926,867.2272800729775
6258.759726865741,2001.540835688227
9490.572346411256,7611.660111412718
7224.414032485759,123.28685538640416
7246.66769667173,9685.277391470994
5918.571736902057,1906.2890106321518
1422.085948147268,9013.039862451233
5197.142908862877,5159.450282262857
2526.66200503471,5645.753668971301
9986.725543512803,841.3178797102505
2669.6194010122053,3652.187541573678
2306.858434614485,1562.188607805014
6238.831551240446,5259.314943609428
5109.488132196301,5507.3214567194955
213.5291325451416,7096.6694958431035
1295.3317899246986,8782.781579231832
8110.4294182751255,4681.7981626986075
4836.919551475606,2333.603700806066
1460.152148230144,3335.7166144164953
4652.425628357336,8470.898129389372
2531.490830824037,1458.6348507876146
2235.914611123437,6272.560783386824
9577.252764451045,130.85883842810176
3620.24526857741,2456.693284542427
464.3110467233913,5914.084975014595
9703.266726373027,4564.120400026708
7948.395747721578,4935.494902432313
2544.133065641585,6605.6205045960605
4088.9183470539137,2345.8602441856747
8622.895745951284,2808.049403265024
3574.1351932327425,6844.582074278464
5674.040420065989,5382.91407543869
5348.568696646126,145.86824258827625
4012.9454862879966,6703.2779528544115
6395.019018137162,6200.920407522781
4732.907373018863,786.0757379827377
212.3049167397284,7475.194948409861
8143.831076479375,5221.0145894707075
1131.557827537193,2047.4728395695963
4640.899308913634,5593.5636811642735
5799.007909274971,5954.585141710033
7055.060541932909,9201.187291902372
4107.965352879494,7421.444255511705
7355.484870305314,3019.2435449119926
1313.5008471857025,1181.3296756419256
6534.455482707791,8531.840720807808
8263.38927585703,8460.676878754459
8894.439728375011,1753.1001472395724
5795.664959538892,621.3118519788663
3128.951980750373,7118.6464981603895
1633.5651171362642,7225.818308364841
3455.587528774449,1771.4375370537905
5399.743731544398,6682.118595574554
1963.3022399156052,2789.237446969288
9525.14905693093,2606.1702796880404
8971.354288729095,3245.1793409034244
329.5719486543125,5203.963665168543
5619.617982303888,8044.5392332862275
7893.087902466132,4986.437508896262
2453.91959934007,2980.4269562407435
5238.962323927439,8839.742987118492
4059.91882409379,550.8995744236466
1965.462642180764,7970.914838980803
6147.373838758227,7843.8175792185575
9936.92175406831,2535.468101543431
3652.8726027994485,1982.9518252027967
5523.790082644669,8747.005614955973
3278.5468162150055,5588.712935603243
8769.486168024969,460.1135763141462
8646.027004236932,8908.325164671427
1787.7338794797026,3490.0598435567376
8999.488742380607,3421.565538100264
1515.0871105606711,6432.879371598733
954.3995962533425,6613.109427985758
6529.346157015319,3533.161208284148
3859.0410586989497,1432.789278968807
5307.405934618708,5522.697633696724
6525.707819374635,6251.791646752402
528.3723779298488,8602.223650589736
2929.5317109099337,4844.399873650659
4609.063117688671,6456.960795682218
2665.874098059319,544.0882781587519
489.71384285520946,8945.229002061618
866.7657323105337,3272.158132067021
8017.478687537335,6322.211243423119
9113.86759212926,9160.516313132415
1522.3330243044886,8105.25784364687
2492.619572914857,6377.038574778656
6522.494047310696,7036.078280700853
9542.717760924472,9209.051159649762
2995.897091332711,8120.93180146795
8552.136262360013,6098.590605371569
5060.246444503764,6587.027062096264
9565.586390807804,1472.684241652119
1362.586624281913,4701.676797705997
9736.723982079864,3009.9764768366645
4409.786278295081,4319.706344999164
9529.383904262617,6622.468735307563
4586.902170515193,1491.510936017556
5300.821341205781,173.75963661256932
8047.75009777321,3969.244032327296
7226.28500739394,3221.843144880572
6196.033204172855,4204.320597017073
4169.80023589556,9312.209203689807
7924.383673996058,7070.841012148437
9482.283332893205,3274.587745991602
98.10896943026836,1792.788222367031
5878.450964526612,6184.782942569364
8659.809289783485,6575.762515095032
6531.125373455573,4836.226838778351
8008.292578333368,2127.6077462216012
8950.611038489855,285.55260836530374
7509.510158530579,2656.606974672725
7170.174013647661,4571.70499290184
9647.458913639182,7879.34286442492
8636.846578915727,8537.538288451722
8153.778695827738,4129.345596669642
864.0336047187614,7961.240546835277
2390.2988313941787,9933.528235511529
5567.560243250895,7166.103748522293
7095.601049748137,7285.990316014068
3032.148933004769,9095.36501549831
933.2811312082334,3381.4412841690987
3110.9918681524773,112.05393057471258
7710.291805805192,9869.772716756992
8774.01029341373,4904.680776710238
9129.036483443428,7856.775931623269
3788.6667914414775,8124.911376092956
3725.3857486019647,3975.16677080029
4067.0747097179105,5412.730467223182
3758.094694214478,5399.155260626778
6661.966075072097,2202.1600934425046
3583.232621319927,1176.3893389429347
203.43936614245828,5435.723049426254
4390.246006878718,1201.432268514624
2241.5206617858776,3460.8872385951317
288.07137784619965,1860.833316409385
4708.429515340482,7069.161082827781
2059.545591982931,8720.088534999877
4527.418148397341,5779.146098521801
2777.499866102865,4101.558071715975
6037.088702804332,9966.426408213109
9908.773868739594,212.09135246539225
5472.3192071166495,3043.4108420392267
6468.9591689277,2786.731526470004
9192.757577512013,3562.035980579197
3740.004177250916,2305.957411585027
1665.4844978558303,2642.628354314559
2827.9728293055327,2576.771099173273
4027.9494071454924,5057.440507524306
6450.176812558382,3910.552770344311
45.8802942972103,6392.801019849084
8533.832147669844,5144.011598676854
760.9397304983046,1834.2185236973053
9006.551489185505,8100.449789345078
9494.345212048987,4721.951983405571
9901.02794112134,1532.3151790598276
8095.101844068776,1668.798429286622
1418.555259401526,7969.684104789559
7061.6704322518635,7029.931842231004
2033.212906081765,5065.27952539761
8971.27835580404,3060.815097523324
3166.0592565534475,4605.22036797076
3267.9597707504117,6364.835371380434
9176.532959148666,8792.823174295145
132.31070783704558,5558.678676787286
1939.6615148356977,2767.3529477375014
4219.3226656345505,427.39914693478596
7007.2156731019295,1754.550559167406
6475.661660447354,6501.776206624628
6694.118751671491,1604.3696682415764
8800.220284106641,4815.3955314345085
1210.304122932566,6989.550154763854
5221.616962187704,3082.2490140311074
7254.776891024885,6691.058898072862
6361.184429241645,5810.7206164781865
4483.141199392675,4389.3910692839545
171.14585872163968,8972.45478884261
604.5226564788464,6920.5889042744375
1189.4132685383663,3605.970331525752
3432.2775283536357,8042.645335255416
1176.534526671469,7381.022141696717
4260.823130626083,7916.839655081643
1786.419905855794,6409.559830409944
7791.661975262061,3793.7061583949862
8714.876167122156,3485.785156042691
3896.4750796817584,6541.513607592644
5113.317653156388,1309.0000796690115
9534.962415609416,8199.143504985757
5355.077553486204,3703.3538399807308
9950.73215843425,6303.71989365549
1421.309936920546,4990.639149334181
8622.264205966983,5193.264920246539
4972.030026729653,7380.061462013471
227.14111249668156,6266.700536714184
9722.229414393485,2503.089883457135
9650.47899743358,742.2593142373779
3832.7084018288715,8402.34067365291
9541.420710859049,8848.940747518576
1410.0964223854573,1644.965329173187
6801.101411206822,3094.770669195325
1919.2898688783455,2823.4238193173233
2466.4723633482768,9374.485607401548
7793.374372026054,2047.773819306884
3773.5808456529494,1665.3923209983202
71.27502828621179,1818.3854974819901
4142.384241955945,7298.691760937669
2280.693206329595,8880.198442464753
6833.299135582912,3933.674106332681
1944.486967235003,1360.7990436635675
8422.535284364758,5857.219974083399
2670.930121081643,2099.349583289761
3930.282582830137,641.5144736523481
2980.36860797098,8862.31378382476
6439.233478093658,8708.41276333676
1011.635412263967,9759.101602592737
4780.993726982441,4740.047549061329
3344.5481521505817,2940.0119821042213
8841.379632883147,7697.837455704024
734.1209357439238,1804.9493208391277
8296.950649328548,2432.9207681628063
1676.8047652990913,2556.826262073807
885.7765992995514,9516.194099121802
2023.22858123008,7298.22918831074
1026.529820118104,1336.9479258215345
5209.839482021256,928.4587812390677
9882.149529157814,8428.148535845117
343.2735192425884,8022.743230447615
4611.283493194614,6709.945780083552
3860.7032910786174,1961.0065239661612
3396.0641424640035,4802.835388892712
3318.6361043336087,6027.259454572739
8950.127566264622,9321.375268403515
189.76150208404042,1694.2374019741058
7749.1638738013835,5154.468071461137
2529.331788059417,1577.51638878312
3832.9551081757486,4438.493405741523
4201.499128485777,2001.349746309229
3047.3175407374342,8361.862083152113
935.5886183539785,2547.362776375129
1143.3084882943479,4171.047162440243
2981.3112408264433,4077.876524921352
8218.090528872506,8662.949600217586
1346.2765278741185,7577.974647322603
7426.398331459307,575.7548901508402
2888.697294292877,670.8745716816434
8834.649351120928,5511.972451307041
4283.284754006409,4277.190273577934
1717.2331329737556,2755.8422053684208
9858.444501105103,7926.209382074053
1766.3451922991158,1286.3517189899942
5676.1982123226935,9740.569128701518
5692.864780961342,241.02506752160969
3728.1345117777987,1182.3072461084362
9514.88592549131,3113.16654275852
8438.745624117317,5091.490952555031
8298.19560838242,2161.3615847932388
9741.519354294778,7362.151488540264
4571.093381963168,3575.419034259898
971.8577562002928,385.3833339693757
7654.559254497938,8777.219674406442
3808.125794519338,9438.65673086063
1903.451518035183,6185.6362243704425
4832.473432202534,8065.363885704051
9257.189401671632,1211.1153869330183
1713.5701901462842,2688.202817866646
8486.98815229742,3252.316876781838
4182.049416151173,9607.531669484963
1368.0198070314198,5122.226399073675
8483.823039886563,74.13558813959997
9696.203411914286,3801.858228700955
2912.7071583501165,77.5060086557644
3035.3620984206887,2378.0574047244586
3905.4598303993316,4547.0006714117735
8141.303644608071,3233.930554208366
104.17196739499812,327.3421228517071
2239.565517375344,1163.3572240877943
7058.998111063262,5508.86561222733
4056.394504855261,6956.049043844853
3302.9562296812755,4045.4901223290262
8722.828889020175,7314.817464249069
9173.339201462393,1633.3288851514371
9479.862191661954,1220.5794780768608
2725.5053265429665,8394.537159432757
9125.12609539107,3392.1334849219966
7369.655547272889,4322.4792194442425
1542.1474848858063,9475.816023172965
6102.700283082103,4241.123279371093
263.3481930699122,34.90105851904235
7083.781557708651,9379.719395498358
7335.675226509384,141.1863348582798
7893.3850859499735,6622.86283729198
1725.250541224349,3228.9090953250357
6282.499409475309,4703.90756560205
1788.5668482765439,5472.851676961841
9466.500833891758,4084.6005729555422
6750.106926808345,7743.687871821682
953.2584800405575,9307.064096644459
1870.3223000582282,864.1205211886827
6634.600981297478,8002.52881234973
4766.704961596087,1286.7114090064513
7362.976662108785,802.7718324960775
2807.887989256591,9558.314527221288
6579.175368470769,4892.97781491274
1769.6016803043901,1526.032910092886
5437.102633610331,5699.571132170897
9577.995915499861,2632.3713876955303
6282.222322909864,4643.090168079942
499.9361750491649,6246.595938799103
9887.621377366268,8692.698288699947
1568.663296488656,30.81398269308311
7180.6910269710515,2141.4066091594873
5325.300390641959,962.7054291877956
2943.606878043038,970.977015590625
1773.1048542770911,9457.774131399048
1777.023642767157,9360.829345150525
8583.996812081605,7493.0807970123315
8729.125141634235,6430.630424009155
4651.45521624712,8479.70446357703
1036.2146292497387,584.0873809056757
8841.651038467899,1194.8579310122843
4870.164861750891,3171.12923296334
4387.624228669137,8324.923798965136
4073.5702443762025,4722.325427665101
3650.1417385920563,5035.747634376183
5260.054036085941,2292.654296538076
6045.412266117041,6483.874811735261
4664.322035729559,8878.421540622641
8966.481634550444,3295.142198584675
3176.612285294973,6191.859397698841
5783.118567867813,3319.489641118221
2999.539201939853,7927.191118343301
7533.500237925343,4749.597369923172
1021.2109932823565,3394.6902221970468
1886.9899679533253,4200.488542112919
8012.014099269508,912.2752139622825
1831.9759521953872,8661.171533224406
6257.463461947401,9580.690553381048
9702.43451904197,4774.141797354166
5228.906137659658,2213.372080781394
1873.9644634006925,6646.561990889387
3206.910456926375,4523.814795411427
8234.580764542381,2523.000808384197
3516.609131199737,384.33143490149035
7235.113590298136,8897.04451788512
7773.500628840102,7967.343520450476
5011.828472451642,8290.060576393795
7832.13384366389,4398.397309313888
3169.030044282144,7532.553919534275
5161.596467164058,5812.252638799956
6865.582639721405,3747.7529641349306
1680.7314730438038,8427.4208812218
2736.219673821897,9987.575480444182
6520.366033936521,8992.823072743598
6553.601198295534,7761.919716863057
4933.026464529789,7475.079721923768
7955.853567821205,6502.488430168548
4820.549020049756,8536.174968395771
8813.222654137333,4930.81247824666
7359.034308719454,1817.29510197993
3146.948633033413,7680.497242692065
3952.540084845555,9195.063741758853
6676.866857698456,3413.5229193049954
8944.526188234913,7829.832979571356
1787.0873270350874,2737.227030824141
5146.635387419801,9426.00273358682
1187.8442132437672,6834.6099201378665
2794.551553201312,5692.7598718239715
6859.8135929324235,7798.701579035749
777.3463524816171,8132.311705575416
6623.585818888474,8923.69898225347
9008.11120945297,9011.195328474305
9693.702910184662,526.9082555354654
2166.322010255155,1229.0760801279544
7488.979566078759,8260.608781872083
9263.704487055298,9460.516533801783
913.69310849436,3076.7184812394057
4140.2360848920525,86.01818432715346
9194.09766872166,3227.0518903519796
2027.8749825483012,3828.6413597257165
9337.606837878418,7610.333647234023
5271.920710877785,475.8466563783914
998.9308253755569,2126.4023609266023
4498.77316755515,8939.685861946396
3262.6119546706623,1548.2040945143406
2822.041605518083,7592.476519683428
5414.755756336837,3613.1041557907583
4835.9269075187,6626.602149213862
4819.671596200919,738.4650330299191
881.417311031153,2865.5794508604336
8023.181810271366,4247.8973749671995
4814.393153557952,8572.12626077789
8209.058287018743,5634.958576461177
8245.946415509503,452.2529307768919
3171.353248480432,8018.665733261261
43.46303807612362,545.2148895148257
9112.456774581186,9343.665639919007
7606.946930862403,2117.1744604038954
1072.519568234711,4879.261446570547
7017.270340031013,722.8096876630907
200.232686688806,5617.123862977665
277.59069220698484,4972.287007284817
5258.232395978425,4102.4853488134295
960.3742923634661,355.7291703403975
9643.365224849189,8789.36378651503
8938.312266502626,8026.365988128626
6498.120312478848,6330.3002032899085
637.0897083831328,5722.299826339305
3248.3525780706514,6949.464313698312
3717.229979060439,1439.9001591436722
4808.7983582869965,9326.44246316484
1689.028740064522,2846.7329150464093
5775.116427971959,6564.902724430023
4357.706479092232,6067.556811419047
9472.969633928586,6366.139797156086
9361.952296252191,8789.521230821123
5654.739553399723,2959.1120665061976
6443.493359905352,7489.481882526573
1377.9646777374244,5983.910639391692
2233.232388401716,760.6033095464015
9007.154042019096,4141.546808819751
6991.65922895735,8379.515732657444
1894.3019728307752,3153.473889305859
5702.103060732229,4822.63883312876
9347.612504894489,4886.385681536599
3451.711061619036,6180.098668058626
1858.2037551908525,8840.178597901833
9420.252769090983,1735.3919878515644
4612.653602920992,5046.168826401256
4172.419986627665,4242.672592876121
2675.671997927502,2959.2009010059637
8915.852949471442,9196.081769537723
8456.16766889575,81.71092407713965
4029.9039943675407,1221.047926303771
306.1327989707885,7333.444499161096
4466.514305061395,2634.416046869135
1808.580165800533,7231.792610922434
1427.3407014888116,8322.536107155627
3930.936118954236,2546.160168345302
990.769373446272,1919.442878630242
9574.64506931665,1453.0063268115778
475.39181781281803,2000.8861088244623
4013.6962739872715,2671.853891171916
1627.0270203169491,8687.498165405088
6888.113215287562,7700.0441325243255
788.1144921456173,18.443169182416064
5468.055742086343,8741.191420980978
7731.014952019376,788.1229970197767
9500.598350489707,6552.656175468727
6985.275629694126,1514.7476821682637
994.9175763458351,622.758105109562
885.2054971414103,7597.706975211778
7315.980485380659,4672.03113855843
2153.2940500346863,5990.625133111591
4472.393086332488,4253.530187974589
9766.21101351359,671.7186250784213
8199.067984038757,7396.181662869746
8465.933573002007,8203.511211688266
8607.699047280787,414.2054308870025
6195.453401215579,3757.1719698393936
7439.339238624783,5573.1653707016
3589.6091463428725,6051.834227669173
9984.462265728507,5781.529411412987
2796.2216965464504,6929.4065390212945
5900.0740330351955,9668.16202419523
2820.616783211933,3905.8652112871105
1120.7105056007315,5566.235669555894
5675.858148436767,6990.78629463999
3533.4867086613976,5924.23822077805
5832.192675233877,3867.5103000918166
5586.784766649928,6240.792879498264
5422.567291435616,6501.115304401614
1233.0112204652944,5849.684753263367
4401.807743503571,2051.106607523708
8120.039393987918,5059.8135815243195
3151.4349554463583,8843.568097607005
4438.315052920651,8686.018780322436
4938.315903202681,7507.879249960111
8627.313125917448,6971.95514437225
6555.997692260189,1532.7913776045089
1002.0253483731401,4594.646645044492
8651.709858050213,1109.513097474941
8320.6597548209,8172.844496360197
7536.459805991754,2910.432064397511
4660.580183188376,7668.658642490938
7575.453834858068,8145.788915089027
4787.420626427572,8924.960974115407
7366.235343271629,7538.300784877634
8801.101649725362,5647.290005073813
8905.415851305968,5981.849147266962
4545.785741874546,3205.822768226192
8593.426793520292,1769.961913904453
1014.5738050771314,1306.3620482378014
1018.1941748678103,1820.2352111677144
5482.6694686748,9339.518874028474
6518.446184562689,1644.3325420068377
1529.9377597840269,7237.3744492854985
4721.800448059929,1846.2854331472467
943.6266781592307,9752.897702157738
6020.994855533104,3665.8453547569748
8550.94036752848,4121.364290290699
7376.389760195238,4045.115787821538
3782.9155242927127,8164.5918406020855
9937.937966371217,2182.9052474210953
6629.349764661368,8310.247359056293
8152.484344424791,6570.588544420812
6696.973872917327,2202.8016779692493
9894.162910871266,654.0754584091069
8213.59767217773,7749.925414389587
5194.232178954406,2189.6304581618674
3668.795628375898,8890.6682972283
6821.548291488424,1297.8527736473911
5902.218088070089,6163.645648075022
6293.505910275453,6921.683937215112
3430.1176628375697,6577.024145572191
4287.284205705545,3160.2981449625445
5580.9657489064975,8755.235232204683
8392.83401921843,7698.053167487472
7629.089177629032,5102.063416212807
1186.5587050279037,6032.930279384487
2455.542500193918,5663.712269473736
266.57724933027424,9466.985773454251
79.60567965591414,8964.132367792892
2243.7546928024176,2354.9728515607003
7993.209480093296,2627.597777150451
9047.476581743871,9814.380721324324
3917.683658985981,2365.607019528687
5631.985966066786,9534.793244825953
7060.526019553808,6497.537050967451
9529.366992517265,501.0943904106757
9129.322372974317,3357.271994608336
571.9230338137993,4761.540719128916
2481.658432092808,8330.928914504517
491.4454395517709,3285.8541327535163
6165.424209890513,3105.7831212454644
7104.93316472639,9202.632590286641
3082.8341235651146,790.3434540117349
8538.519081332146,5515.212147149954
4528.1275041149775,5042.392698481033
9983.815150970126,573.3476022251039
3.9969258932492924,877.5922051931062
1094.8970841855664,3819.6743297800463
3017.9324293534037,1341.61219344781
255.07597953713156,4780.719044478558
7823.394577382507,6088.8888540717935
527.7178787128722,6913.966845029768
7489.796332938272,5464.700659207645
525.6845878954941,3796.6001589331245
2527.2726465304563,1297.5862660463556
8412.768156585296,2474.8541480707754
9510.952942377242,4194.216770158535
4145.263426605123,9241.144834023005
9699.389643125513,2026.0058119439507
6268.809237585426,4133.442309326554
4158.351224329314,7323.0885737405415
8028.013439679169,7052.033520018946
2953.285201402012,9655.92594473943
2657.962613602184,1909.0129667967437
6565.476769110743,165.19611599961848
3904.8736196809496,3223.2326098720278
1359.1802694497956,1496.9261248271603
669.642352899088,5484.690523835062
7878.425762484773,8987.790552502336
6759.107318023446,6882.268329725428
4117.982246066033,1357.988563501249
8962.276351710567,1160.9002439548744
4108.5675244259955,9114.498132754272
7102.954714653835,4876.095498924004
9091.152752072929,9236.729919892972
8407.154587084435,7362.177155430164
5111.04776339579,9933.48460635401
6806.363924467327,8712.277426609733
4136.65776727369,4142.121922618052
6471.97172294114,7582.278275515904
2575.5243834539588,4712.28167319945
4347.421137695533,2330.722930991146
2095.4573760183903,2410.292587563595
381.84952679548024,3973.2214446181356
5885.398505753723,1114.6622601217537
8644.293453507977,1777.6628488864387
255.7827462319151,5006.08683720099
1960.2974072929592,9539.22477361806
4601.8505927042,5776.863420172252
6658.968168422533,4084.967491880224
1712.2919366988642,2427.0031986930176
566.9482897062428,1959.0130470644062
5190.487177268892,6584.070293788956
8187.097130573088,8483.253174216587
352.3490931277129,3988.5592643916357
3493.694503590259,5506.590463732828
6635.147427933352,7067.26761249039
1307.42006102467,582.9557505557581
2359.4677689275677,3508.9704743618345
5354.92643786266,7297.5288976210895
9532.31696364218,6846.1902651927185
2873.426182437561,533.4772441609136
4875.274212207103,2378.1849837340496
3999.308630644183,6799.572144450012
8973.9667203008,2714.1604235590457
718.8986403111563,8144.102939373876
5661.475913407643,295.0485919915935
8461.19699189944,1903.4702929344505
9881.175770625918,2813.1298005055814
6987.254975218074,9252.898348100884
3799.354756665245,7963.189563706656
4118.243525339439,8841.450865293176
3516.8221974276394,4404.7914717728745
6036.130998069534,8225.6209127642
7394.05770718251,8534.935718467486
8194.675635889309,3999.5682387499965
4165.931096831719,9944.618477442527
7167.085022590392,8512.386292158692
9162.225920297764,9740.969687447887
9208.247944507053,8664.971086451655
7040.290027146425,7762.036402556079
6369.021928125361,9438.438734645459
5315.260755250068,4198.192445845901
1831.9766818212856,7833.334334968626
1236.2965260541848,2128.9120591610954
4857.110067893803,7327.93854721077
1594.4415620745933,7853.532830523928
5769.99925669336,7165.244098835898
6457.027303012182,8498.130653571618
5256.155975200407,4133.354468496056
364.2671251261365,5447.681320754915
577.2795880233217,106.67410695270996
1133.4118468148547,1460.53163006024
1536.4580498833902,6441.939256278216
9898.826137693331,5623.17199645045
3444.9501686312246,1973.3251354140402
2919.7337364128616,2434.6479416028155
522.6663566422907,3440.8220192345807
6353.203906855965,7164.147129435092
6521.907851312807,6097.16602663301
1754.4868957866465,695.7126417528981
9192.41540924613,7599.391490123606
8004.935465951273,2626.5956302202953
2303.1931680750804,6717.596784044202
4858.497309165374,1233.6284466155046
4583.908561988499,9979.21276719168
3485.2044434232075,803.3517068771412
8176.347128256131,7417.340284009952
1092.64485621151,5413.303592530953
4153.142398277927,859.3919128413829
4280.3113054921705,268.10457550755507
4687.256046141797,3626.6571751667866
8613.499910986286,8022.23932007144
2181.6687020150125,411.512402813925
1029.2317351227275,7043.986633280541
6178.084628211081,6553.762762642386
1738.3447497804716,2655.376767727672
749.3208585461974,774.9203573489027
4266.492205710535,9153.21960554062
2196.4643085814096,3003.4980273672395
3612.166188679836,1113.8323178676112
2597.110801024575,6815.17078360916
926.3646272341575,2166.8122879162797
5603.472029242016,4756.307555626299
270.1841803948568,504.0554423603305
9663.753479943995,9929.839489081049
3413.3052173496626,4476.211267754924
6951.575104898038,9991.099813095343
8103.628725474498,3856.7487693406633
2791.0479553955515,3478.5255594221944
7487.3870911006825,9145.723282670735
8324.208554247096,3294.6585384448813
2413.172338116135,4320.055473162707
9924.946768960728,781.1043671415752
206.88682842089355,9554.623880354757
2170.004802355411,851.512408509022
7800.207562769929,7711.849335353241
1941.3102505575287,5386.15393811177
6982.598633062064,614.0514404753472
8555.304049829037,17.038280410561768
9592.142726342601,9355.536385271294
4742.4751540026955,7421.734042355439
9711.091229821173,6864.362435394149
4116.222966816786,4385.56530599222
2181.2803967438576,2386.1378671097746
5139.218530847253,6798.6307473057395
6498.232443114926,6083.010686170992
4579.6331604994375,7263.421948483364
5669.724439667916,3657.9251850026208
4164.091877271886,9869.237605131902
5247.619540212498,670.0865542853285
9525.956719465616,797.0161703621403
4998.3115253633205,9168.75847580615
2531.7963280926024,6477.064349190436
7587.466215125706,3263.340681821044
3375.8445778154933,7619.527577006262
8162.071708213907,4527.733878530399
568.4198898388515,211.21508807732116
3321.7797710869136,6511.0366941995735
943.5990826063945,2431.119370915229
853.1782424583146,1153.3511661006778
6583.895591724372,2252.731824994042
3853.348013536074,4761.578811292485
8714.789419851126,498.56431283240244
5164.051378735291,8831.523867795477
2953.432211722827,5599.1801656936195
7208.888879621947,2929.9618011541575
6240.167915856997,6870.0484808868305
7995.9462082920345,8042.364969799412
6435.88276341885,6139.246279834802
1670.1341709892026,2024.9468191052356
6703.10037667066,1102.884201464437
3915.491976158103,8598.996970333867
4631.430302575681,2346.874135517405
9215.645757373448,200.8243067749771
3599.64046297747,6429.021081542521
6119.591429908388,1528.8532986431292
3634.8173341223956,9909.698197645752
947.2748535779174,8697.30831739412
4535.253420483005,6084.457260012177
5970.615044596519,8338.656426085434
4075.032920375987,4705.357007686962
3906.661846781844,7884.862444624352
8203.78513894397,6465.335523971512
296.85172289470205,286.4464796965593
2955.8539674011995,9487.576675528424
8117.572653772116,8609.195781966871
9205.301486111637,9534.073905932219
4122.995858408282,7313.659345608156
8887.942431960764,4120.609216616222
1989.301221250327,2069.8522328628223
2214.270678601726,1799.9634756586902
8461.913765848034,1449.162483877716
9032.577413406181,2206.096426415177
2228.057679626675,5506.360133473953
593.2418996861111,6837.45063287841
903.2413705528775,3140.5656101626823
2613.8083537636326,5487.469695078635
7614.490771467948,3412.5265945385017
5099.918277962828,6965.09973673996
4555.888422427696,9884.86220320251
5841.3993116600095,6890.169683828835
8902.231134621861,590.3057683765334
904.3037956565759,4772.349578339893
6947.241276365813,7703.874926345307
9267.90845655405,5422.416062535823
2133.500417584,9510.63029722898
8377.723159618345,547.7167920421122
6980.2471075950225,2911.5554329567804
144.68536073144688,2207.181076397886
2316.116803621282,7676.222017635888
6058.447608958808,5237.930684840067
5024.003394912116,1383.442113530058
5279.36252526866,2855.93263461428
2319.304246068227,5226.593229963749
6750.034707086266,9961.289812536492
2664.183709367769,3642.923574153718
3894.3496647845386,1568.2609733969532
3689.1591588007623,4970.66525791658
6720.250221198986,3101.8637723306574
902.5276168321739,5659.6682382854815
2055.419010401852,4667.103027852259
2004.9707068506784,6894.899217125228
1084.246741157101,9142.907088675163
2075.9497883645904,2005.1435076875102
6070.602679233543,8211.80070368398
7321.681708741882,9492.657155485353
6603.034469691227,3736.0968151796214
4751.881379808823,1136.627005966988
524.3457109606364,8219.111707828917
9590.07010686775,7010.958094382389
1680.7646083749196,2127.1220483405173
6684.213704056709,4452.235931825501
9128.90615482111,5779.922064898877
6977.770959809885,1698.540866514242
2180.4964018895025,7149.128266295598
3157.9629876402305,6898.827413943565
302.05867011095177,8871.266125116286
6127.582408421135,5672.729644281951
6129.929808815667,5743.130306956369
7255.0058137637925,6193.873559693015
109.96289275621352,2737.8326138190655
8178.412888244666,7586.058512780029
7387.109574003081,6624.992612626312
1408.8660952408882,8391.45625460911
3476.266092689786,7685.8600497260395
6385.248929042168,6385.722305040625
4957.968749403279,1608.9215090959897
1150.9426390126243,9191.4732320883
873.453751365899,3672.121813831484
7814.562991080916,9642.985685167623
1559.6711801780982,4018.7080200054716
1720.9267393044358,1459.3829268317081
8309.231253567576,8848.39747499668
6121.396345632171,7950.587401287052
6047.156081539724,7862.9605611313955
4793.4577136334,894.1075073111815
5689.95014402291,8792.79833051967
6017.696903718111,5964.00637162861
9678.262348435803,4703.557362729537
2229.7330746757925,9131.716214131386
2145.6241970045908,6660.413524819403
572.1848770531568,1330.3082385298592
6581.987988093223,5195.371760567037
5490.421808222619,6366.165888475628
1112.3920384663977,8985.506977316341
3645.3893511818724,2798.9410167490014
1786.6320533120384,7942.338856474153
3314.8174040086155,7998.129038347462
9512.641693946101,1280.4948482368072
6833.188388805289,172.33182755872934
75.69100795141948,5814.0969589845645
2525.0807378412364,7894.788862909857
103.61547077779032,5544.308243272972
7148.684987686807,8133.474851998753
4694.218020554784,6223.031404675141
9940.186918143892,6532.923616723003
7335.832610226583,281.5442576252558
5179.129427078819,885.982029194261
8047.054282081352,7250.296177158747
7048.036512340761,7628.432823762891
2437.7617763598714,5421.779780643259
5302.582748275166,5901.6512745103455
5559.987248340709,6143.658398450775
4512.3169860780345,1049.913188539494
1791.9262285536197,6679.0860425093015
2233.6905165788703,4784.699767620504
2810.4740095596158,6025.229766872791
102.55149378163742,5631.418288105226
9169.438921695093,7630.002484540389
6860.959915834789,3185.6826371598136
6896.173157844708,3735.26245067452
5723.306138091213,3916.063065245796
6893.108081610591,7624.560991740124
9818.625498736365,4311.126218030352
3851.603376344933,1770.747717000547
7125.255868765637,9830.409704170288
3595.2900437752824,4933.818639645478
8542.887987468259,1092.4808315606306
8580.28606890035,6702.749559927023
9022.66425423485,7391.623575284837
54.633242418783425,5002.228389088954
2981.9144499609483,6464.572182773214
1339.2435120159607,1726.7486448272996
4539.861978901568,3679.223852803789
4954.496426792978,1618.286033716162
2559.040428296555,3872.3525636480836
7234.464920450704,5628.005221869191
2697.6971718896934,4425.394071819133
8538.913752833585,5932.148407357406
1776.5936814178685,5017.591733685518
3672.352947652836,3178.1437340175635
6222.3775842430505,1434.1599812101213
6053.350704632533,2526.728614212772
780.2911200514351,2007.1325189459988
8462.586121909482,7074.222936907106
5980.649334297752,8199.668444123809
8698.595487071685,7203.886052994258
8676.355782278686,6437.341469951583
5459.18690375031,3078.513538137696
9107.81457311438,7109.855591065113
8484.077988134559,6050.834599891464
9581.22944561771,468.9336668762567
8504.983985594063,9076.121183934154
8212.038510011495,799.5384110163927
4693.604806769115,5027.0790415883885
2120.3106037792772,5130.691527190647
9107.087330754859,8370.071887583816
7225.491864460757,9130.675010423663
2817.4786419852026,9396.757915097929
3409.957227556425,5696.721334789781
6860.785118572206,6790.422302116035
4778.173083536709,885.1986241256304
814.8256184636826,4879.160108440223
1414.47945745657,8978.567042422846
7456.486835123112,4556.971510380611
3285.6952848183087,695.9393543343062
5076.494284020392,2006.411424164536
7666.214782535258,4295.069224354946
7511.755937060525,2375.283049090524
1670.1502688727387,3922.9258534172063
983.9386439903531,3329.6187533605903
5911.5229296509,3189.290528159521
7416.328739312396,911.6460975683538
1490.399219954104,8827.146910865864
3719.552873272748,6927.062534654131
8702.779959676407,6233.819084691247
9442.23141560321,6064.694080954068
4540.697609496843,3965.0222471465877
795.1593403083301,8233.153088514999
2576.9645620237734,9300.399939279387
2329.69920315533,56.172489954411375
2389.6372054105695,791.984768380074
4938.8170537925,6749.756173662792
5832.2565169157115,2360.6672272307214
1225.0958867993534,9117.049987698818
8893.560065283344,6674.130651162549
6199.738232811148,3682.912551587131
5972.517302680054,4152.824027794301
9872.789983842842,6908.8250524655805
6281.439774931253,1409.6410260214332
9289.591493011849,8834.118802466095
2862.5697235979173,47.71698430177773
2401.2949034649755,9789.469533038662
5165.186868244531,1676.4548036309423
5086.089476366661,7421.113586138825
2264.836494838969,399.2470704316053
6996.556568999476,4314.288990430927
296.33819236693284,6303.136823141374
6906.304725494527,702.2745759308402
4571.778861233001,4432.935288999238
6890.07510845079,3031.364031102225
4770.806306415189,4982.436119671928
9773.33782884695,5045.765359691481
3346.849511031178,7852.316058423086
9825.729370023882,1235.0452844489769
649.7394247897537,827.1960104746645
6837.607747575566,4018.9023323879082
4542.1920678491215,8875.199193765326
8221.376255297002,8552.69519672093
7896.16069716998,5599.92909281409
8002.101828759373,8887.73818971107
947.3859930251971,8053.435975487118
8223.656998612947,2779.3946009304937
2140.4015744376093,1701.062804458301
256.80263859034767,3011.5650097670587
2177.387196844114,2271.178784388144
4792.851046998328,6227.187926586971
7421.113599114321,5848.991127746502
2186.324808328537,5984.373834527817
1130.0754809027135,1893.0353649144881
6459.672550239423,7918.627252764388
9838.980363600176,4336.260835426313
6008.703020856181,4724.51920366533
6910.573641234218,9969.618462112396
5611.6744374642,2822.7178596274816
7823.484442285039,3941.380041077108
9758.044202094448,6764.632079040874
5441.292294041848,8804.130201902413
4167.905117427258,1267.8100668403115
8603.430611601265,7350.458064271639
9697.283437599901,9182.805259955505
1291.8164086956797,4229.24613426869
5781.709654738779,2867.269229335175
7924.599925459974,6777.371467749373
5333.394051563908,2460.736512382915
4091.9696819294873,3842.897465472861
6552.298211354206,8969.133740898027
2701.280945133483,5903.325525913774
3491.337429383694,949.7726659984429
9922.766588813447,3296.9753144637093
6364.653343744953,6272.651651173761
8729.272983110746,4814.976371546779
8077.685130371435,6603.3931675159065
6522.725543940241,7614.414176803406
8407.290824587732,4806.151202047081
2871.58495433571,9869.516863019384
6371.164488122983,9146.738756739003
5906.034895239809,599.074060686563
6224.196007933448,2664.311377502183
1686.3192714677523,3005.4351230978405
2772.4303999806843,1842.903566700106
2866.583187925391,3120.1650305048024
6019.461625727632,4248.2063293546025
9725.46880439786,515.5097899245775
9540.67551182148,1273.0023613241449
2271.895529896966,962.4587879348378
3048.4524306677254,463.16939146650583
360.6189227916712,4814.970203016184
3988.1558985939414,3338.0308322614505
8346.741216803635,9354.472296497113
9157.517389861401,1027.605354417378
2364.964795679436,9260.353357356722
2657.9447348883923,865.4561739945921
2208.498165087537,6192.173466044351
3501.035675745787,2477.303373763203
8047.593985905447,8268.056464938747
6468.574698844602,614.7482703996988
7859.409178637,9525.081557696254
5830.311063353062,472.5720033290015
2577.330780591468,2411.1326830133385
2279.9418021254414,4641.847260673901
90.00705863749792,7560.578865662154
7809.821368740725,9511.12717543369
8471.212261647177,4280.42431294376
7682.825996284163,7573.100938178727
744.0205772849073,7271.625544452387
7622.2162716986595,5711.688952909065
457.6745315026931,6909.191761008196
1055.9306570639114,380.6668306617789
4404.753729326672,4415.774008975135
4761.470089248401,7858.6069406003035
8161.186366186963,4742.211450027309
6795.268920409106,8735.045842269485
1533.2017863121628,8336.378765647103
2261.467832288013,8634.460301723657
2856.751882586868,1299.9668562819943
1236.7263745485834,2441.411245660705
2876.4488635923067,295.97273212130347
7285.98155539733,9828.007268630552
2414.0147010728297,2361.38139416762
8353.596470603865,3670.9333448224224
4695.169951252078,2749.2644722843615
3229.3576124438882,397.9362284541732
4124.181045488731,2612.5800961010846
7094.9674059349145,981.9566620770726
5167.927032459903,3942.8308638458466
72.78663975058053,9668.241183367756
9223.23846585075,6982.623720638178
659.9600300185172,7069.007898078813
9386.213488143858,4531.759332912553
281.5282362005467,8113.040106894477
7709.793349574484,9082.841669175588
5346.747081832882,9615.500060838209
5057.2618060410605,989.9022274641856
727.7850254400453,8796.440086464778
2387.450103379163,2250.828835758608
7775.47317065192,3972.669019908339
8912.598299224941,3454.771947120263
5291.186810529795,6751.300400867949
3533.4339636259538,5979.245402337916
599.4320806421083,1091.0487476803598
6821.785260663404,7828.226295145167
2784.466106862826,4396.454018014962
550.137149921468,22.218433296466998
6658.517290986221,4145.032668608313
4857.197935337584,5163.315757471912
119.62149701723934,688.7468520822925
1109.2403910634707,1511.3525941620153
6992.019292459441,9935.72171490861
636.7133306578854,8711.954020224855
8659.630648429902,1333.2741934664782
3113.262774199327,5803.093996962564
886.6647043642462,3792.4329721734316
7597.573781680654,5437.404086999197
5244.272344530237,4705.3519356738725
3066.400323792976,481.48925025684684
4060.9834166926794,3154.2031099078304
214.12395604825883,1255.2058202812666
6626.98537539429,4889.680922907477
3657.736889634445,9073.167199795433
7140.375697281297,9955.327725695439
6281.711459525472,9442.530684824713
6512.5418590973795,9856.9712497481
7928.927110044324,152.4631578035518
6311.580783762511,7294.469784440278
4187.259292418925,2729.488101765363
3899.2756173463563,8656.17978269137
1195.821067648558,8137.334906240424
7794.434131562418,4236.745758829541
7611.084417546218,4732.606751031575
2462.9836708552343,2650.9166899253887
8626.819126981447,2888.0403622030194
5890.032577906282,9811.744233604846
4786.8684239456725,8888.528886701746
174.9630162549587,1918.6897211497478
3827.4118586431628,2755.2467786493294
6406.70768235663,1086.4799306226002
897.4783768838346,9888.707829796913
4595.673088875483,9072.098505305477
9934.359513615962,5520.979869873974
7165.386372090675,6928.931039471257
5468.708875016044,7479.4693959065435
5330.328849390767,2038.1122746022495
437.6508225819442,9346.663373311574
9573.14437407936,5267.427137216167
9281.77660285043,924.5153750042689
6824.047106754465,3970.826078336691
990.1164968154997,6016.465561765669
2078.338967494382,3528.2319146670316
1839.0953587558522,6992.044277518311
5195.7848510121885,8820.499804079547
2078.0387450198555,7718.92124382132
6958.005615441983,6426.580200973039
5452.29885969389,5121.574814116651
176.58177042655487,2544.6348578791335
7440.572370356515,4549.461649974332
1888.287366539485,2929.5290713817712
8248.851196806769,9340.233810897249
3550.45437122979,9073.111569866609
3386.1967998163645,1558.2638330357956
118.17335778210536,8226.202211942198
9877.28982923017,7029.146967557403
6120.043391718638,9752.117205606046
4227.301661859907,4633.065686001786
966.2140446133905,7221.743714143831
6991.480641510168,5178.839201283764
2827.3046999193884,694.004966923557
9882.808183755289,467.647497367677
9505.473591493232,1221.1144287978582
7352.966788027886,2961.910638524169
9710.71930282969,2591.131058118753
1056.3386245376282,7283.266687059001
2799.1536053654518,7159.227349221243
2532.4328879117907,9713.94579849372
720.126584593025,3103.9082544239614
9722.265979714559,9384.52083780593
599.7408664689385,6128.506034877351
8566.889039943297,4953.087109901204
7681.614245768392,6678.413778132159
3758.670874714595,7027.554515855868
188.07362629798985,1719.2902885924143
60.959049818695156,7517.155035352574
2039.9384069392324,7251.727644669765
4938.765800337931,9975.32283948779
4579.099781851513,9119.477806724755
5852.925765649275,6846.602316842915
7719.593096607621,7123.637130966528
3773.546148602057,9459.856338345853
1603.636955093174,9671.782729841749
8000.489168284239,8269.651972151274
3326.906813312108,7673.935455071609
2868.818977933507,1113.658233648911
7643.120384292353,8303.221914806358
9341.394380831445,2531.956784557905
9149.612820107568,5637.842960192129
1374.424258571786,4053.724704378353
5031.581534692996,3456.07300637241
928.7028372817341,3102.5000146706006
9609.759589063997,8554.270806574898
2152.278858768394,7691.361206718442
1974.2957476577471,5234.487524087015
8888.856730064796,6644.804938644568
9678.505551219649,9845.27950344009
6976.322592952566,3975.351357779431
1210.0503369922487,5511.00606009575
4858.556105406738,5335.237125744854
8166.050940616037,9359.723751517351
5724.771837082452,3515.6241761085917
1325.9485472833464,9862.547502177453
1718.8774950322784,3046.9761357318494
8641.41675834805,1089.0703532403213
5270.291636874835,1913.7354524205607
7058.367737667124,4262.213418642181
3730.6252623306477,6497.559498332474
5324.855829188416,5168.252200240196
9771.031403876917,3762.7817657444452
3297.0303696813808,5620.332657067757
6747.885275082745,8388.062763146681
1725.0555719522974,8389.310276384796
1217.3988526033331,7262.278881822307
7836.401112590298,9524.484582433424
8441.082099871655,5902.046674378381
6683.116953494155,76.57637654089
1581.9583754447508,2909.2963281215766
2405.8796564253857,3282.227044901007
9111.757080951116,5473.260773033678
2887.040487997563,9048.89471387482
8188.605161971175,8381.149635430942
2859.372889104016,2321.729853083079
9394.625693234346,5193.902359440692
9144.52912837003,6591.486354289616
432.63173628787956,9875.115406311474
7704.139868674086,313.0281936030799
1694.6176023440707,4638.773167703196
2152.716259063815,9881.086540077202
4598.452123314758,9772.05797028095
5763.181497494501,3307.2651759762916
3257.99718970492,0.16736257934746313
5753.833655542092,5867.345849523341
1706.583713411366,8669.388507928905
223.37654381037075,3242.972241778892
5712.243883617632,9342.6996483377
5174.1525996231885,3327.02437111263
6896.53964075925,6102.013199725691
6498.220619678245,7220.460731816351
8974.863802339554,3454.157644953617
4594.686201615459,3522.0641201928006
83.69474692942025,4699.948296837741
6306.52681596854,8352.23428104575
6751.324296032184,1008.5076756222844
5214.949893959697,6314.793853987916
6893.048702412157,6773.4792930926005
3235.838132361527,5578.7275998913665
1488.0830319107918,9358.383873756226
6645.536639564066,6019.907169345468
2451.864292155287,6345.767510770374
4563.159092842048,5997.600279148402
4916.227306116486,7220.18774928167
4771.995504683885,1354.0941565389453
5984.491436799558,8942.76323524307
294.5370892585886,424.9232291905325
9896.82494930088,6407.439600539823
7163.1047393857125,6154.809322031079
4253.877817987627,2081.2112742665345
1913.300302902443,407.10973684136565
801.7732244335629,1388.353970481091
6721.904206261219,2716.720549512216
3169.5561495855827,8821.056905590438
2294.7845824986803,8557.344041799903
3799.543871123334,638.555742660517
5929.230878077101,2892.6800803068486
6717.0521668400115,8893.162432490537
6451.700693545301,2366.590284446203
8632.655834919737,9959.653038208868
2187.5743107011526,2568.4019578730654
6367.461631971355,7391.132566709997
1011.1437618609409,4170.591735713935
5479.346898991778,1362.4455204452456
5839.584024896712,2551.5461332880386
2162.3729893417367,6751.180756214514
3916.9312999123686,3370.5640203645003
8271.928895838024,6041.282206004783
1484.0905375296343,2055.310427689596
4345.061976158402,4485.809721828008
9327.330712114519,5122.457802842255
5041.089276996009,4127.8456331432435
7251.33711833287,1979.1803135059383
8268.66039555551,4615.535246067376
2037.7437484549243,6929.005605390304
2182.1723553293236,9649.05662825861
7585.914560983835,7895.216204779495
7533.067381764009,1614.7048151904642
601.8332063961907,2727.0184980354006
3224.9824069496435,788.2389545335
3985.32491908438,1356.4952426007792
8290.404034711537,2506.8296486844756
4218.622554297374,1995.2736629821998
9259.288904032437,2136.4925076663667
9966.0777714064,2307.7022643928804
7807.261656943496,3006.7869578361137
6663.866895672574,1255.860686267587
3918.9716598712275,2778.3498381829495
670.3944605203338,6884.118272820565
5731.387563961305,2364.009998254578
3617.0490554399094,1718.3842765268741
3508.9807583234356,676.9566218446078
6877.092527094356,4999.714861970384
4636.393585966357,8419.827278722763
7520.9384477145,590.1664426374176
3981.7322268537914,5423.260272381492
1508.6338548656263,6506.189154224981
4613.475261902466,5924.616567788439
9510.125143253632,8776.232035658511
8015.246291165583,8663.955802085633
2057.492550733667,573.0759252845929
3913.005016449427,3609.4396922368687
9277.920952205377,6708.298304977527
1236.990587265665,9524.44655492531
2539.5024186493597,8046.8479645305215
2622.226458718964,1765.8931053381932
5709.328756619835,2792.088377472994
4107.3331971132275,7635.938636237385
798.7067399629988,4714.7484727267565
6291.814545770856,5473.024420221541
990.7786452015022,6089.79820175707
6064.149319790781,1032.9151772573941
5070.0838022602575,8559.620334332541
4936.686607253126,8631.344393767271
674.9624529922982,4682.394441283673
6392.204468835359,6268.452185006631
4313.2025858933075,6599.041200254902
4111.061222856865,1897.2258472988412
5964.5139641853675,1125.8482846627937
6062.480599465474,206.7294640375028
150.3329576198853,9128.818267776012
1252.2590120320665,3457.1328894469134
2365.1822084472064,858.3093501100303
6779.773333459791,4657.999784979715
5767.411270296075,756.2511334617517
7576.291323847538,852.5075280695494
7406.07805543857,4888.853457045251
8531.828692061506,5088.366597166351
3768.148612724139,5801.430853279106
3450.6386618330275,6563.114800086018
8310.154030534632,6682.673701791192
2376.0153386718453,4329.966875515175
4611.723736736069,6435.330585373763
1943.256520222497,3047.3975621451586
9138.407421392136,4413.08191155138
4078.0301309662536,3933.270485322804
2124.868982308283,3291.1000121863644
6920.13390568912,2385.708256109662
2446.4467821047865,784.5900054087318
9435.036031702235,5059.104777856957
3676.1701480941147,5372.881862058948
6646.40712101837,3361.5504410205676
3452.449311574134,9758.438630354458
8072.455829934737,5569.612103064583
8969.227410227759,8890.105189152378
7879.183594147861,5700.853095216198
8484.9901872752,1899.1585297166114
1018.8082793763598,9746.225396019197
9240.646770330664,8853.350104490477
6243.007288752803,4712.73678437673
8692.175321661996,2430.578918073144
6844.3676418541545,2226.6961626485095
2018.476685437104,8060.204271662562
6095.551016456765,691.1861145125941
909.4623972314098,6380.603814135488
6957.230302181586,6401.349235418354
4090.0114108057273,1824.5454772580883
1517.3317310020896,7049.1236843466295
9792.298158684142,7054.06289195481
9010.844242106812,3500.308674413837
8935.437134032538,4833.759127169917
7888.203063522528,8327.635511489938
6919.811251435176,5231.5327346724525
6550.794802922452,6181.57100984976
1060.9383770385527,4127.696504862779
9005.662353184542,1495.9908916490206
8811.283963046104,9980.666316340908
7478.526265248534,5315.365202826075
9273.149590751225,3364.4646142051083
5530.834513979919,7137.873259931339
4476.423347175553,6208.217666615022
9679.474021662787,2329.0828029935597
4641.311877976561,8769.254993975534
6413.244410671577,709.0293692123684
3730.6214685843897,6056.982518359033
6363.262260197279,4778.884914783339
7200.989956256877,3181.98413785322
6246.555252885504,8263.80128260242
5145.629412161978,6562.770742892631
3001.1079762523286,7594.994968775754
6438.456761362233,4146.587426445213
9084.288952613628,9423.983313065104
69.1259116966736,3447.23422719
1339.2902742969038,5310.4492445564565
1197.731584998557,9336.50111811559
9232.053028928542,831.8895788560909
6627.476889626148,1088.1043716695772
9517.881064701505,9941.877663234674
5828.1327321242825,9713.9115695566
4617.328971592537,7717.016058371362
7923.429118143625,4841.882760711647
1609.4226747522455,5060.608486364432
3813.3811631732137,2572.128735374356
4662.742405342237,4327.310361353249
2984.583945121182,4313.493778663324
3712.856124084785,360.90018926738685
781.0518692441826,4531.582080336695
1979.8358944955796,4797.944085174671
3354.967203309284,6657.831742298627
7958.9043323313435,5164.529133876775
1824.9735484286389,8616.829323752027
3466.4037398422465,3675.618252418237
649.2028819693518,4097.175912056023
5571.043448266059,5714.825136560745
6112.508881409278,2027.227245112795
8655.16463462167,3934.9808558221944
8191.159985019641,6861.674717533277
2853.779546838805,4118.087392748041
1369.5368918985973,9066.165100099577
1560.8318221040374,6153.0052094044295
9689.639430404446,1537.6774992136422
6732.2581400735735,4874.443409893614
425.70787803239307,7647.787455957659
1367.7925504509458,6433.451653065362
4858.000651009557,8852.635736721199
2078.2880429311977,7499.8289652261665
8036.589850000189,616.1377260988666
5732.171175693649,1125.126492381554
6126.3220778929835,6497.486987710983
4628.255480492118,2384.079585119386
2560.627754263155,5878.349026392374
5894.036132025465,7922.175920939766
7169.700461607318,5769.31587807052
3709.4807763016693,4154.885700062893
5049.436306178353,6462.703111127189
8396.839704720333,1436.194442746317
1486.817618224603,7232.079955032817
5452.244192741004,6970.251137120222
3484.1266182922814,5144.033649522891
7027.9475821723045,2788.134950131723
188.1024316239466,7975.637866297499
6704.732998031887,5105.503032280172
1028.977340161874,591.7690585946877
647.67752993658,9186.1255184066
7246.23300958613,7677.16436486892
6403.421529040735,5848.051476826817
8949.359308926587,4368.255172829012
5196.549558006452,9598.996980416907
5300.244255271671,7750.205742654014
7070.178355765505,5349.930672868365
3233.975763532512,6531.538951838861
369.12455421932555,2807.5040172979916
2300.4582571905785,1957.1594274888482
2380.134118963666,2733.195473040786
3356.5885027819386,2931.3609928272676
9434.62733040463,7397.384506387108
8048.427986631479,1400.6104071923253
9359.562452051921,7775.872017176788
9986.095901130004,5233.953133612124
4337.790040870445,3845.731043768018
2270.733166803046,3003.961095936887
5600.041612552491,5132.006045467552
8811.344139481187,3175.1846263004945
4657.318610145782,4294.51992428987
5053.993025722535,7390.152896823496
1344.391059278267,6259.985063531506
4204.55492567761,7479.823764731832
3869.9480980857816,7129.736896431221
3516.885028654496,8150.724933229218
8872.986699241997,2016.8995970671288
593.0143321233294,9951.229994733012
9721.471828973468,4757.704498715659
82.46825273136027,7182.329380808706
9455.94013949809,6777.5016300132165
5480.4750283854355,5661.500846170285
7024.452444001158,9958.162186058675
1871.3284969512322,2173.1584963688656
6542.11539016607,4217.288672790281
8819.576685277327,1277.3055922543197
1394.801398336516,1818.3547198254946
1270.8161227328997,7129.640635767666
3039.7790914947277,48.4267876328004
1617.2589247539815,8898.206513696505
1106.458480933471,6331.844832686516
6783.190359852918,4409.050537163301
2138.266139124908,3313.6110724692558
6670.148994019863,1262.740485999162
8619.292271158163,9215.625864538753
6520.2479141300055,7123.223250352605
1193.670699154009,3363.9299892604113
5735.775740474451,709.3617944062047
3936.2868421155085,3256.8283154101764
3433.7093672249475,1846.3429480908344
3185.3146862983217,7862.733132312091
9294.322238196455,7195.986847563597
7425.074566777278,4981.606273229251
1338.48789580295,8858.411030910085
4760.054797324638,1806.80688139084
3182.2307525391957,4519.655854334946
9779.383125459583,7106.203039641205
9780.289729531694,678.0234971867916
3195.3447433303495,3726.773608947109
3521.131161454547,5716.648021821802
5994.142071365456,3668.0353873702365
4793.070143275001,4801.989892727508
2131.008721584414,6081.183493670717
6604.1216698861135,3683.9061417958496
3341.2864387523846,1060.1435592246821
6537.164983321676,1394.4449734213238
3836.815223277997,5270.03969554197
7002.098938562716,1747.4002563189729
6677.9947088965055,8898.336721438967
5088.127559210007,8341.85685123826
7047.399907108308,3490.3206900601535
4609.656762320153,8309.871719949298
1161.382996501229,5331.878303410949
1821.0625333735463,1590.5092860294112
2459.9313416561286,6142.1185454132365
632.2892822569659,6794.511172164065
7113.812206306701,838.9157847015861
3673.902268316184,3144.5309042203817
935.232963269973,53.83987611918939
8199.581207255802,3164.288033561263
6836.542844635749,3354.453329192487
4522.242371277009,6302.086267790848
2474.253350927342,1990.4327964916502
1517.4589379284675,300.9098672779265
4583.74191755062,3156.3453349328142
8852.457430105624,8256.19546258924
1883.9532327196996,3991.4520555782606
5686.592289914879,4150.937698340198
9616.85995222256,4690.275628466023
6371.16574764613,7517.888308099865
4399.6473015586835,4800.248923785718
7163.729729389084,912.8275253678241
8245.779190187064,2063.9979959964962
5905.162978868421,1878.973669925751
8718.323589929925,5078.633184043358
5145.917593757376,299.294650652252
8300.290022062567,2836.166085127636
9520.192404056952,6071.949410431686
5012.43467023517,3546.506755316017
6050.017155853252,7077.121584188216
6094.675429498349,3912.213368567904
7814.348635982906,9792.575283777785
8229.658401774228,9653.562870583144
272.2931620606073,7998.407144645913
7333.595640903878,9543.905280515111
7838.152446302377,2047.78241617663
7004.294394582369,7509.2316579634025
7136.956593230961,3216.5863331945698
414.0285918426945,7252.9431894292375
4420.386619489061,3738.9346163319924
8181.796497217406,2894.206597441855
9340.071412951036,9587.950952216599
2294.679205719348,2098.854417558381
5791.94940352795,7585.685946065627
8043.302395505837,6746.721632045553
7524.076428591857,3034.7764180806425
6188.901169800791,4583.430174922796
186.91188262000225,1429.430959243292
7238.858401115659,9212.086043707226
7732.425032788149,9681.198015274305
7228.49506625635,7324.630317513596
7658.091614899567,8494.203438326298
4309.148926788603,826.1743080131866
9937.52145925391,3839.6861795639147
7707.869158726589,3308.111148822148
5786.800052799856,5649.51565619069
9341.91269746624,1833.5529467418455
9081.983394580184,5633.813206269976
8145.6706533426495,6543.653655765883
5636.949189837664,1323.5309185726273
5271.010191467135,1317.2070886544395
3287.0793197452076,354.23389843151074
2508.779791039484,7608.924496241442
5123.595169750865,3310.0853683880473
5777.817617119738,2254.2045574480217
2445.264314588456,7780.943950452289
9226.012436534787,1432.5569008953953
5572.7399673431855,4271.83427097305
5265.053253821466,7447.866755185273
4356.383883661402,5738.323175871766
580.7129571686054,5540.001434924231
8824.013344598492,1574.634107160251
3169.9422644302977,1809.3272783474101
6424.603344682944,5825.5879390974105
6074.335589700354,235.66861080660084
5844.868253845268,8691.179889634104
5257.122020115841,3504.708006409748
1814.3983343132809,4166.162170173271
2806.0574104796556,2584.3233473260007
5241.880712703001,8766.710992631033
7893.424515969259,6425.040728059051
4319.8897065041865,4499.084690350667
2039.2255304613084,5853.087956597411
879.4442480542597,3803.695959753909
6630.110034940242,4655.824782844121
4233.399706211646,3576.3219341428453
1253.708926226419,4106.747942108353
6744.668799869837,3149.7654400943034
2075.787308543732,776.4107754602201
5090.1604830367705,373.46278163168824
3061.8797507686045,1741.062042677386
9316.900644340003,2516.377438287304
2282.880662711656,8904.718605896824
4199.185215420284,6112.486545231047
9594.935968280059,9582.971696239909
3187.251799383154,3396.468601956296
6445.931630110001,4017.38003800437
3167.270437063252,7197.532275898569
1106.74979117249,5779.020776340304
6275.472326842928,5278.800803820985
9160.315352853404,5755.640415639253
4525.6466723409185,5841.353122764597
6261.765426924671,7657.404242045313
6088.984132566231,6680.82027315009
4150.897026278759,9573.142486820681
6148.966387647306,9479.63018056433
2593.180844189722,4219.228496782296
3780.379046030521,357.2260951191042
4423.188563623751,110.74782218727263
8640.086835624805,1231.9340488787777
3483.3289483325493,748.9739889809555
6351.370481158264,3733.6604897086854
2134.038374188987,528.7459888400292
2525.697290539267,6249.14036137118
6484.288754599776,1901.7422599527722
7623.099273666036,5139.653185695876
4621.171765262815,1030.7878263373516
3350.9969677776653,8277.29065828292
9102.715559322725,7799.58828193316
1358.078150490427,3864.872210513953
7207.142376493471,9105.933325255839
6901.7074974710295,1857.0064618537717
6902.451627277941,8139.367052130362
9354.204444235243,5458.55434376638
7281.903009807922,3295.8006829874053
3015.651894095841,843.6093491760777
3534.0922423230927,1713.1112640775093
3911.109731998943,8628.626053556876
308.0867409810606,6068.860751917154
9135.10315408257,2370.955583964995
735.5260386480389,4958.528774555646
6997.942820974717,1078.3666982524187
7301.610048433117,988.4249166859271
8437.150506305396,9077.646516371682
5533.622555955226,4578.562892629092
7252.644238565369,3615.6715395113692
3027.2292446595106,9490.718266442607
7455.8401091279,3990.006786071698
3434.157372618859,3362.4212805358034
9028.38478426696,2729.8617115784227
1633.8180776638278,5650.628207470953
3157.573106739535,5584.105922757114
4987.694515551307,161.94175996961602
7758.505571480978,6540.623239573066
7487.99105103032,7883.071030264536
2107.168743245035,6159.645424303895
1442.3569661179636,8698.881382840376
3039.6960429409824,2764.163610366759
4837.541516759025,1919.794027687425
5390.050448257506,6972.780938199738
4291.375909552791,1885.5910220032733
6630.90116648007,911.0487937526301
4275.589435972377,966.1506853966184
9463.290099387947,7683.934932257181
2609.6884798153596,287.37301668104396
6273.721206700948,2894.5670483919994
6113.779386601318,1291.864099440768
2815.7472188228403,7549.101467995052
4116.876245140273,5034.93085572984
3654.736194399708,2054.924144976672
1724.990600204893,7504.108986512672
4772.952126315439,7503.665091381634
3866.6225302184143,5230.226470686506
1783.1736006715937,2758.4978705520966
4498.800454177615,5862.770992622216
4218.439682587392,9335.301007541919
1313.6567765945972,516.363876262188
1311.8754191801086,2669.498466217923
6475.073798456974,2849.6919539267806
7065.808047171039,6318.116635848827
9411.804199089047,6511.643966619473
870.0469046109982,2063.153949437134
1178.614923782535,2161.0059766251065
518.18128467911,9282.126845191695
5322.284307569301,7562.98817662811
6227.466142952265,9342.696985317194
4035.2345193215765,8296.629881626983
7979.0222096113275,4021.1798026369847
6866.994360038001,1219.0763684516814
9858.4042094686,6295.503662567377
1378.9498329967864,3519.910622576543
583.1566434250135,4254.119905918185
2748.0370556938783,4258.797409440583
190.50195316844042,9365.196216642127
9326.114278665127,688.6241919259362
3039.5165868817544,1931.037614697384
5524.301669714589,6079.428710149422
3180.696328787419,8837.580658868934
2458.0862198882346,9179.42651869991
1523.6472397487998,5586.9292651493015
3203.659203291356,345.6121883439667
6154.189304079746,3628.8103433947394
9716.211996875278,9188.33292172679
5580.920403671495,4999.440859730924
5327.090660990051,7266.132791834842
352.6301810514687,2691.9342044949467
8400.990156676928,250.06970335905598
448.41374997573234,5783.601862282241
9062.322741034792,8349.810044364205
5386.717253567179,9902.686968900596
1684.6660523403546,8466.271078388727
4517.073920064587,5539.943623211253
9949.844806831983,6087.275888005379
3050.8285204409303,8241.640398711657
2694.5976854857868,198.10696827616158
1180.058950425059,9516.443481944643
5971.423487908388,5312.212458482315
892.2699901396292,9520.522444899208
7660.080638040771,7645.181665808313
9192.235143305581,1523.1767861470137
9318.711112154993,1652.5981463962735
1079.1625287743777,3536.459760127133
5582.625973529688,2639.8802193579727
971.0985490216661,4392.9875929752625
5720.161414842973,6039.038708753898
8149.80585209581,4365.794994867417
5377.901623032847,564.2058470721878
8720.538261066811,9756.316151509021
8016.743548493777,4251.221342013496
2765.483499399284,8510.750043217204
6301.022828824416,739.5429226115214
74.12126476131431,8100.648797166819
3960.4191592486436,1734.0463771130499
2379.6016778429516,6794.049429969621
9371.163459434862,6618.066962550903
4053.8901172316,9098.067182668596
6540.644284224806,3206.766803507386
7319.816092736072,1089.5975991564255
7732.125386815075,8645.658162598755
7357.751920175288,3315.7752964036713
2891.6506098773475,2325.337890604693
6860.676967292221,4862.0861198836255
5490.094822622833,1461.3569001178982
5973.726647975188,2969.633530719691
8.146173087548725,3852.8063406465308
2582.5760095285655,2772.5529349106937
9306.836967156556,4502.595007430821
2900.7608330572575,3846.5067228412477
4380.155222496426,7745.910311105995
1866.7398219574104,9184.086769247098
1386.0255190368975,1009.2321674785254
2086.689686387051,8233.02543444191
5536.47328866973,9317.712077019356
9190.286513901081,6866.131459686759
3261.991798961903,9964.196761706884
3234.0795220797104,3350.42999664892
5641.405868868683,8303.099415849654
3567.4271769313527,6737.025046768889
9104.16047983988,3234.287871974576
3778.480426422619,7046.764835103451
4904.422525194671,5096.218390575578
5333.892839704108,1889.7389079712257
7820.677951304712,1738.7968240946273
5639.059394148837,7133.988467658481
2391.5510014732413,7119.304623167335
1239.872066263673,5307.737609614334
9377.74546688964,5014.156672777471
8015.629946391074,1800.3844568886184
229.6521028891574,4292.8612300430495
8215.289843235476,8713.97521031101
5905.977939047688,8547.27306095151
5188.942350349434,6609.189018080988
122.29179023558912,9973.566779697332
7808.640563844151,8931.783466896204
1980.650142412501,1452.3042356810201
7279.81213194079,3991.364030937029
158.68247365817268,1319.3748475927437
7963.536496661862,4660.896164292031
230.3946835504056,7763.82824744832
2358.9290407251906,1557.8870992875948
2682.7821251271343,8804.220324199034
1575.086381069264,5690.575515405063
4810.581961953691,7489.444547972452
2836.879596167089,451.5581210760034
9932.879757272567,938.3815335087176
5799.68793365439,6208.611863976603
5664.778250542405,8381.919129287875
2208.6963010645522,8738.650845252174
4086.8943871491138,6883.693252670816
1239.7799436,2009.387201473435
7625.2925225038625,1950.2171466069674
3311.592461534769,8813.627473571538
7519.658333932103,1132.353855172754
3716.959999294754,6860.708641084764
9887.572401148456,5335.068390367454
1711.216222546218,4214.200961370855
15.238938833312954,4403.345661638556
5948.255413783857,9452.073627351905
9529.532000878382,8614.431998969962
6470.540549059793,8649.83863881746
857.2352274818096,4066.183081436222
5404.803824662255,1069.8120873730732
9094.869361377274,9978.394331176407
65.06067880012733,1453.430872554815
1669.1221283779878,5155.823303286578
8145.615561026164,2646.1918859839207
8939.071065774828,5107.428616499084
7071.60620868271,3049.3319410264808
9915.601636398207,8968.866406209594
902.1592958656933,9683.415957088595
5456.765158365603,4100.642826378831
6849.947226475862,701.896405775605
7026.447203690878,6633.3609934548185
7934.846153441827,3766.2556404846823
9176.260450993832,9859.686559564272
3616.4144561711464,893.7477788492043
429.63392807635836,1191.2644069516275
3624.419144809583,6994.23114186547
6716.147633872349,7586.496023537597
2134.560873336435,4710.964042905634
8099.729515587104,2772.6460244013606
2197.644577228308,3098.100491304523
100.63402380173336,3379.7296642127085
5080.807742235794,2252.8199064137298
7264.6157140362,8506.425481473494
3496.55340536834,650.7720755479751
7488.957995367868,4072.778240783146
4384.043341210082,7476.031448409924
1717.1461730673543,38.25474446726651
905.5839379895492,8780.325167809284
7105.871649073474,7062.932123793644
3857.1478760287782,733.73956834068
9127.737679237704,8949.965889944382
5402.550585739497,4873.049926308179
3484.324182207026,6522.393338903115
3489.9092698972313,8820.333745188418
1314.3786445264916,8811.623446894653
5937.8915358915665,4087.4411850750157
5821.671354103221,2376.8948502493413
7999.936919364935,2574.215443461767
2011.9696246707608,7659.415863837279
2907.896424758274,9294.303610041405
972.3796909558168,722.3067331364996
2953.4220226890675,150.1972807401375
4281.021157544007,8229.350614727406
9640.284059539837,3866.026032540584
6530.660028749134,2764.4924495816103
7828.739297791954,1883.7384761584185
3255.098852204902,3464.806098282446
1445.1281280809646,9714.68089278008
2567.199419133298,9770.797745436968
2564.6769099932108,3315.135265567044
5831.153282934271,9636.901182891152
3414.711324550287,2998.63449739617
8573.988643332788,8544.810952670725
9885.44519236498,2120.042091547596
3432.9840526344847,8264.87588371991
7050.602736870107,3537.3039755718337
6574.865819203688,1957.2351994295122
1944.6248773228147,9347.799074236309
9180.08594820634,2141.8433242866986
1994.4258718840124,9918.352257592418
7369.571316696988,1085.738923884898
3476.0964227431245,100.20783390207288
3670.8156700897134,8707.93546077083
4554.490528889603,5866.044083084811
8645.079780551396,4216.263020750316
1402.5194151121211,819.639255320942
545.6957783475391,5748.925309816939
4020.408189137814,3937.255852358995
555.8509914208809,4836.219129886827
6876.008830574405,6303.918614022084
7603.250750272133,6399.336056305631
8547.12394753259,9605.992413530394
7438.422454835969,6550.534134393448
9163.51393692679,3394.0414018223087
7483.011227232221,3296.328277650784
9360.756398784017,4771.609529076523
1931.1079420936317,2593.2769986818303
4998.631328677302,3764.389781262889
9939.305997049087,8421.127719298338
6815.781825427156,8597.616028671971
8786.411179892573,6277.924782003403
303.9379383285523,5828.409419940833
8717.578985684373,4270.998317335292
6977.132345720976,6358.989155688466
1707.5543398771065,8060.533457314899
256.8095642359658,7378.470579089803
2599.265781256529,354.595156776859
9157.733589927702,7311.299986056336
6681.329387002865,7199.476671750017
9194.691042833243,989.9053668870262
4461.507824942594,1502.4736458912614
9366.27095235241,7879.08511180327
4629.598154450056,5589.895782466019
2042.5472441833447,8216.289905856624
1513.9346418444732,1847.4413490598363
9938.118130350444,306.14764706336837
3338.626614745709,1619.4175467117866
1600.5302531758769,4525.700452830191
84.0843089075216,5232.927556099016
2855.695665296224,8577.011220526667
8891.16143602539,7162.005298520636
5340.093206773016,9903.906405290796
6324.350515249549,787.1959137536388
9223.91103890533,1302.2107253992133
5128.399181070292,843.5559382056967
8382.798458526146,5384.580465781378
3238.3327807635364,2668.60770806326
9771.0186284122,6836.329400971047
788.1387351245239,1326.9088845665533
7248.295255132646,1031.913995621263
6605.662867602944,4601.654699929479
1916.7150585081695,3758.9835326332386
3888.43998846536,8291.64915995099
3128.291167770064,8375.540750429986
944.9286833249537,1174.2866787347516
5847.880229508412,8123.227798420455
9936.698455651655,5641.6498237862115
5595.881410533892,5035.582738767001
5452.59906879362,947.6337624461473
403.13707354548313,7396.3076899458365
1392.2022336369043,596.3378239739603
5132.19089102261,2776.9176964959997
9851.785641840714,954.315347640231
8766.077354618588,5307.676098409236
3402.091213731675,6452.300587095922
5430.042542281275,8908.551464804248
5527.022222541366,7338.719209962635
6853.606127621832,9611.043989137668
6877.820412391386,7609.498328844452
7897.924883859737,2980.7310329245174
249.71024839682389,5475.848105631656
9436.801906374458,4579.396393200158
700.6204598924659,5659.687236373444
4761.601114769399,5720.893394123924
9195.792763590427,7021.010854690262
4876.688292310798,830.4381464556432
636.3683423311684,7467.451288817512
2292.400198119392,1437.4361323325725
5786.667553684227,262.0730492001555
878.6161789896906,5189.055419614622
4236.779310172965,5814.769606621968
3290.932661914049,348.5107011702893
8152.076278242395,5153.71114780023
1101.3193833544922,5345.702083654716
6827.984501587863,524.9490126498113
4065.890708759091,7115.85285114676
5877.506804723286,2102.897017843873
2055.3177192054472,7944.59213825296
6097.036847616255,3108.22129799892
6739.777274161127,4778.925314642169
702.3156466107782,8918.50879418867
8243.44267582937,8061.794668525476
8612.541128882414,7818.635785854552
635.5405568279471,1604.3419761542154
6031.874880972858,481.42386699608795
5940.11496972227,6057.589506806042
124.5841186844332,4106.916424888478
3423.4641395595136,9090.77276430474
9689.257827137477,3495.9326356310194
5554.50752268743,4105.483509979223
9332.11802741505,5260.0054304891955
6756.44635877384,7964.006656321119
283.9051822327643,2682.9905410080246
777.1319804839205,9418.206571623741
7221.789553674229,5399.211127215382
5545.6779036901935,8409.772611744093
1271.516645998757,5256.184834560188
6140.626783536163,7719.931957400134
8102.873605681962,514.2075248429468
7529.82430132612,7992.124816830136
2461.6246003206697,5239.594298099424
2581.9496665604393,4494.155881865826
9678.378051021136,1116.096666118679
8874.048021527162,7415.625389085129
3183.37314430872,1311.6365250413887
8240.544896690084,1923.1781280399307
1617.3852973254543,1264.2325570964829
1968.411013265644,65.75607713656173
1811.9605384534532,6619.137800671836
877.2077501351516,2708.440447716065
8546.781161613553,1494.7045919080126
5788.068982045753,3199.724825143326
2589.560924939386,4990.846915466772
8486.550327275942,5034.125208842861
8026.467593928202,3671.960083319594
1009.515181277556,4949.32271041429
6441.393737349718,4273.414577949941
7218.336015257706,8226.652469844857
7158.273369859639,296.1396749118195
7231.4270785393755,8680.301333230469
1694.5778564903735,2439.1525567862536
3150.8645426876938,7217.822150362505
8441.785085044625,4050.396163405059
8983.917502275495,2943.3296450478606
2791.888865648703,6153.473729998846
230.19516177752442,7688.844188631043
8597.669471661082,4499.364531036037
3770.918378250826,4665.538430654809
3294.6355595993637,588.5648476767947
3469.9967968862566,9239.959806278439
4156.964239676415,8468.966964462588
3782.6662165492107,3979.9278754243574
5664.308991335603,7649.506131605584
789.4027849819018,3132.791757084592
9715.401943085151,7304.217930127748
9364.510344721613,5166.917165640603
9344.066466154993,4607.667222197515
8792.776240819134,565.2299725811472
6603.263021817297,9654.219218088629
2211.0856274843236,8374.089698784202
494.83487146372295,7933.8806798644655
993.2106478176661,3049.1619765372425
3239.9250046560555,2895.9018442373363
5038.830254957855,5731.9309659464925
9932.53071184794,8462.231962261487
4354.434917945991,9346.284061686523
5246.460904913768,2689.2902600780553
6951.572471880806,6074.148003194174
1807.3397044779626,7239.027998934653
9328.270015622556,2263.921451832239
5290.346058427342,4074.686302224243
2762.563456017686,1874.7427371364067
9351.089863388404,6989.050777683342
6254.506185589501,8637.851365451977
4836.897312492104,8775.34354551655
5801.559099607742,6700.888704927071
7483.022189052266,3471.5236017436337
1545.3800369295334,6610.403768542545
8648.304307032253,8642.667271708186
9595.06810298213,6258.558339357833
5669.996517500745,4128.919402958655
6822.708467975981,9198.027507189989
8598.334808462409,8352.165932694264
3748.106314165005,8824.352402478118
9928.317948823984,9031.920210402945
6805.013693068977,3938.1230766031317
4239.986983579821,8596.390075073352
6773.379750016272,5703.496712466977
5216.800325134364,381.58973554040074
1116.4157153836518,6358.363565201176
7958.653047693185,4706.189242944953
5643.755802529321,2751.546591872974
7958.455578738886,9703.831400470395
1549.119403674658,550.7085829297409
5383.5715680077565,9458.773907070665
7666.242722129128,1592.6706063463814
9883.045675907983,3769.881793005322
8843.972763852587,4172.3517541934925
8643.496270606392,7310.205186608138
2474.60138146398,2156.092087367045
8379.846017090475,9861.018432275392
1692.8127754296306,7490.118527640229
1981.0766454843354,7899.526383470547
1101.1674374347203,1064.287727148945
8575.965307137873,4763.120095094502
1082.5449645131869,9456.093504782888
1381.1147974501002,2700.660715518065
2458.8715008238582,1453.836549508597
5726.62409120641,4853.944597641883
8801.801853004032,9303.930696512083
4182.281552555681,4867.906244306273
5462.859491917852,4048.343029196589
1664.8939995725298,6502.7243671377655
2659.4585589779163,9368.839988505513
1339.2576248577493,490.57449204066074
4099.188448670898,1533.955454766912
5903.356586781923,1327.543100442604
2840.1953003345416,853.3298229916563
8459.958555747926,3021.0608064839585
9812.383510066344,2293.0903312031005
1201.5485231458101,5486.912662093353
178.60056015324145,3272.894217257033
7897.769073947838,4052.0786145787624
1906.4267780334487,9418.646904998126
3531.46592660859,1556.5564126940624
3942.312182758103,3884.5732679480216
9165.993889009445,2570.818405187818
6588.38215766162,5491.659823577522
406.09490302890737,7363.362265466443
148.102407141546,8169.878734178649
1995.6809753028015,5152.966945173656
3181.719408727114,8549.165915269425
4845.23834086599,7850.755078773174
8378.394123088556,1570.0406143373846
3148.177560347595,2454.287590199952
3765.372192716553,6717.205283334209
3293.379300096576,9747.94019740608
89.65336032905613,3761.2970060000016
9552.015391181198,2298.078406447407
1389.958841364738,8691.294342955789
2876.67478203247,1996.1195954288257
1293.033020964418,6974.082740498616
4905.431561567226,342.4907035586455
9321.661149424992,189.8051509790366
1007.0071762548627,4515.667139441647
4408.969235884961,6565.401275499032
223.74845771578444,1424.344539587684
7708.982213861482,7638.824530015379
6412.26143554425,1287.3648241197154
6996.986637071502,5337.078078716747
4723.363608957327,3082.9919227708046
9076.330295564057,7522.532767832053
4095.5745087260952,8041.1675356388405
5140.85074787077,660.9123956247109
6952.892222706294,1926.0456930746495
5205.6064109546,8926.441095693956
1893.3564791632796,4156.128366008668
3170.70618044912,4767.3586537304545
922.9446813880527,1680.2384166256645
4326.134972172978,9948.947965009927
6093.92093086328,9230.476828393259
1185.2994426914065,20.246709822436813
6305.871214701289,5507.346826578851
8928.721397521093,8722.673836031547
3377.237329855196,4305.336062339602
2220.3309621881986,4368.142585766849
8930.06063841903,3793.4715672628927
6919.452358975486,288.2833515532346
1053.9486805655386,7902.833358537028
4081.1195206173247,4567.852033910947
6740.895997545487,5310.656384037258
5743.838749754547,2556.851168066384
6185.471193498731,7841.1849206681945
5671.351739739261,7937.48546704448
7980.613653048902,5529.208168517594
3204.2695679697863,9046.279258001638
7084.62347899363,1158.8423072664189
9910.794424942842,7866.266646435994
3899.588577811803,5585.841423206645
7910.483145547931,2310.1316703644925
2461.092371361711,1323.037826518949
2818.967122840493,3010.070403228383
9348.638741835432,8563.15918101452
259.38356248688785,7876.19349676136
2174.2734486082927,6451.324258180401
4829.206978120031,903.2700778367741
4018.4762170418644,9548.306397433038
6291.697312350313,3054.401323754071
1927.2205036038192,6069.999833450584
705.4700436853134,8031.018708054342
3693.3339780475703,1328.5583445875805
5243.552421441809,6521.967422558731
5620.018370849114,322.9599670421257
6014.935235424668,1017.8931150434112
5486.6199576155495,7231.436344271419
2457.519709711876,1550.8215557279414
7645.497359690018,4435.067233053784
877.8026173939857,2483.3255077736917
1983.5387955218298,4212.2950866994215
7393.780090191141,772.202402914709
2797.2613410525173,7549.005440409894
4934.734416094052,790.4117739411442
3271.9774085555887,8379.1449736047
5069.812116160032,6626.088641695612
3466.5579994736504,4165.855756642833
9942.079899060504,8664.865434704918
3574.775893581467,1861.312786763285
6270.4941739764545,2645.6422741482543
8883.432176508773,1371.2366165920664
6379.349943647504,3815.6869329003493
5658.572551096086,9867.331847340876
5692.294547562083,1610.2737780069465
4964.607109233855,8309.764858657987
8075.804014044551,6518.8007167307205
504.24078361381964,158.14130611859545
8851.299079293276,9448.901929377002
5862.922202456428,9710.912652249846
8488.732212557483,9249.007018615433
103.92702544208544,5017.396577070338
8692.764039616177,2203.7518247587896
1201.3751917326688,3912.6467747048146
7212.180063923992,6141.915464162311
4165.213928878437,3788.3638091744974
6810.723910979244,7081.716508696828
6281.897376773642,7955.755477765185
1633.9654706724182,2093.9289864805764
5146.137644475518,4049.4190828280052
2772.3047319454076,9577.4437602606
5604.368428480124,2498.06801262638
7380.03283052844,3464.47488594429
812.5841458183792,356.6050385197228
5157.624235310253,3323.6604110360136
6176.298207622584,3709.3139810410257
2953.6745359721385,998.3555962682234
9530.034827960071,14.422499849572334
5203.028255068295,5754.0548436871
1825.1708984593274,3015.266013287188
1077.8826179928403,178.23837260092068
5416.595491653655,8599.443039671794
3752.3838112692897,5844.09677066641
1925.4709776838463,1711.6835049182043
306.9848678577458,8652.466229409765
5666.0008003788,2535.8597047298035
5986.002368336619,2274.45731536256
1418.0260118146848,8946.34056997269
6017.380497703043,1794.5787945947368
9519.727547075985,8789.857931690743
9782.956099897394,8029.73301247801
8884.92936557005,3097.775408292334
8070.785808357406,343.97081153135554
2093.6783671333123,825.7310355131698
1564.3518249593014,1095.2826776957747
4449.476022853544,8907.988351604781
6196.317513185524,4040.359780374756
8506.78684008378,325.2975728649432
2319.6304113680153,5565.4846205567965
4796.479005203326,2079.922506069917
6474.402419568459,2351.2604260801895
4455.938545344191,1608.4173491807862
4541.936770792842,7620.214623987173
2251.1716102827904,6.128938052726296
9866.609049110759,4389.841638968452
4751.932834074434,868.7116640248338
5327.419454054919,5523.746010045535
2185.5929128682906,3459.9234616134254
5141.367183318186,283.5158077642819
2553.4955853430674,4609.742311550441
2023.3625138346645,5705.854978648025
2757.2225094293444,2476.5403166271717
27.59648505280987,7655.118970710587
5701.5111200168385,3710.4876579428324
3874.8000552284325,7493.465141440143
8986.890191939303,5790.157290087676
407.0717361252119,8692.530679868849
432.00300855750106,5469.247909822715
8858.735173125835,1856.2719332070599
1266.4464220434124,8225.911942786863
21.60104124001805,7830.352501747905
1789.1386371301376,9723.558147343265
8238.761750976042,935.8191910753699
8027.1408276010225,5912.311623058493
3401.32210843451,4916.689839434824
6680.30917259852,6708.721154801652
5072.497073358278,9801.798481232297
9047.34989845906,5322.7207711575575
564.2347541742232,6857.386349464292
8131.791287366318,3472.1344372204276
1705.9866942746005,2989.7048767168253
3916.2089743175934,3352.9656568366704
1919.5715143476589,386.0789359694139
7026.14409594139,2847.406454125949
6783.2617975325775,1729.4639380720212
5478.976016990269,4574.279798355568
6981.630368036552,4608.247638987314
6395.647806046738,7652.298312265036
7764.4205568426805,5022.91647892029
2394.0665129054873,4630.81588323241
4289.126149407205,2316.263117004914
1516.265293542287,8524.800101446774
4295.93564220194,910.0090568471908
7016.917514203413,9822.959649792861
6913.911607843516,4760.749958514982
7094.269032949428,1859.8699959572373
3087.6752864435653,3543.280557684829
6622.139737909239,153.7018270878876
3674.6631958893818,1665.2267925823683
9444.920461050498,3353.398193126772
3433.6636588033875,5544.1527875198735
6030.18234044388,1294.8084464485444
7501.45714192176,6759.632961831156
9064.074290263412,8442.764899891798
4379.286034539109,5723.396104739059
3604.8510820826796,2969.0144722522414
4300.28175316589,1213.9232548587142
3236.963515497808,155.35062983948023
6539.24490067314,7318.023329982868
9327.167640085841,6284.793683127238
1260.7100648936675,4762.834060353739
5609.22064770157,1019.9555222013789
8976.48725360331,2070.2518126396617
1001.1454465601754,8151.723036866421
4938.654107662809,4798.514680203695
8652.295958604462,9628.328596193727
9004.522117120823,9999.721473679823
5143.521611529165,8007.071263655878
249.51884467717457,2581.8360990709443
1056.3917842782166,2311.149621801216
5867.167452412337,2536.343204238226
1238.5860646634494,9867.850788165526
1494.177769112708,3353.4047806829158
7721.170977821139,7064.467436446889
7506.920585755003,9590.177098113609
8427.727594254718,8195.9614676862
1057.3513650610566,5976.038091306527
1981.4488109681772,1689.655246717321
8329.614298586506,1749.382446783464
7210.876086977921,4924.230855683833
8059.561278280402,9519.44495874243
9897.456749079221,9044.936957506547
8644.316061557021,1661.9205545441707
5204.632508497603,2877.1974477484086
3107.6818479725744,5888.113155559752
5696.765865747011,4774.304922529648
6385.865502344524,1193.6280937651234
3353.1214125962097,3693.0718699831946
7709.370374846784,9547.143676552965
927.5379265788674,9514.422247445027
7793.928506817099,5594.258810265916
319.98518681948474,6352.613046772276
4979.660607214902,2219.062808589576
8614.364634832664,7419.527264206313
864.9527402139756,524.9618713488136
5177.389364941697,2206.821881639309
1593.9143896131636,58.836876650083525
8948.157500609354,3857.0125875126882
8323.455270336302,8502.611987020917
9339.172432934876,9825.064771099696
8749.823415300936,6677.559753805572
7365.5330986599065,7448.666854264324
1848.891955885028,2627.4957821494004
3025.0261566890067,5203.326934888149
4968.551583080074,7365.778988253648
5888.967815147237,4972.758259667791
7821.833953132099,885.4639211404591
2269.5962818706093,7408.641931643092
1282.7739414696327,2195.64391874752
4826.101705936361,976.976709376558
1578.4141087292057,4780.57948825382
6937.368023295722,746.0907779961312
5756.308900917173,6294.436669816538
7411.077970188848,6404.732503132452
634.3655965510842,2567.0197313300923
9646.97560444204,9645.344218075936
0.05536675737993768,8244.5158674649
3254.4241501353476,1095.869578997275
6796.347933662398,7485.12127339095
451.42073862118883,3530.746876098344
833.4958135760695,7502.885216489589
766.814372282203,8007.947923526089
5815.097267209793,1513.780560604616
8959.25315038538,6618.419848379026
5554.36977712262,8627.299604893085
6035.7135227967165,3233.736240506734
3460.0165120798943,803.2830418096437
187.41158655532274,272.67479939198756
216.14717751216372,1100.0096039672858
8883.099664809113,42.05921283013892
1025.7243871964672,3269.4594239282824
9997.893718125953,2993.285879624481
1644.2261151127814,1103.4126768741814
6746.3444395518945,6511.178781027978
9489.554721809058,9919.063578396099
3622.892776420262,9009.264148445885
7344.331887479893,2528.5059967705492
3508.5664344233514,7699.81632971547
3049.4105676144536,9368.632632850191
2018.040825754389,9063.642370455485
8209.349068988646,8845.495213112883
2573.870636091479,7864.505121775935
2831.581629058576,2929.914761110475
9989.697421987774,835.6306621079224
3273.104354453198,4878.193528459552
4227.74488832049,547.9113435633686
9900.554577748348,9984.736845350288
3693.003454174263,3583.096830647384
3661.5200723586695,9583.399183888941
8277.144662138602,7731.209919009157
3119.3036848769207,4112.909536907998
2337.8610364240717,1183.1141271603963
4232.1025517532225,2371.9309034471603
7006.408005761927,6730.445761494025
432.43024979265357,8299.352033787553
3739.1602721856675,9794.404918313177
3462.4490194584037,1321.621840137045
2448.1834726203256,1559.4734538493603
6542.873359043449,424.3947669014636
2899.9008041367733,2603.645255021887
6067.31559008003,8210.674388113108
5043.368414546269,1982.5685673090766
2171.8987082589856,5478.64749895069
2665.660570421816,4464.071980060199
1706.000533065639,3258.26242340136
566.2921485095784,6183.464134544641
6191.884631049116,5023.257893301956
6727.886939143344,3347.6317348458206
1659.999936086699,6888.508851200049
6153.923846860733,2799.6819103853986
9820.84740057578,6431.83339794481
744.0209493782213,9572.458683415509
4903.708724988637,7289.519791815164
7330.382136438538,4183.99559636328
460.091978297269,7475.59321202525
7782.734939976157,8092.418168001502
9795.112370928859,3258.404669979754
884.8786353275317,7051.322156582886
8222.299054659254,4343.961960734147
3785.8154451209425,8185.224817818687
1441.162024340118,2953.775951753608
4931.932091963478,9377.596700244327
715.1873578121571,5747.869372639734
5221.014081671842,3533.0331393571523
193.56788004049608,4193.712687118221
7286.114416727301,3477.986133140325
4879.696858115886,1462.463358571553
4589.396609351806,684.9239688746922
1961.9149374208366,3217.7869513826095
3612.6315579476577,4586.904410781899
1818.694324216663,3618.16939436019
7353.901005357393,139.19503667312205
1990.2529943302727,5790.0624595247855
6167.53327051715,1448.1647989094072
2796.0750106775213,2110.05278561616
6569.821959233272,1207.4853428120048
5404.549589213423,5204.327300285168
4234.3863165272,951.592924140201
6730.008334104715,2563.572491839128
4157.220716082292,4517.08717619993
8213.706025750327,1677.0888517187122
7295.984582352659,4462.41361701833
5406.389945130812,3427.3512571739197
8770.60682585997,8605.971773696057
8288.618214680555,7949.032126282893
5318.393946204992,9928.545834655315
684.476937007975,5289.117329654475
5659.96352199244,5753.970935575501
3552.569895602855,9466.458481157328
5401.129428037341,3995.922146875185
6471.304604975934,5556.826845081922
6448.385748506396,3790.8549572547367
6735.240435180014,5458.607058980929
6792.686250450149,807.6643251753945
1092.8141871350417,7837.940933437314
1917.1233045729364,9852.79947429044
6305.4100454235095,657.4040243955393
4081.7238873103665,8010.397302314744
7628.516453057636,2417.348004950337
1249.0928226283215,1975.470532769813
1915.2299442053932,6933.703982734565
5584.64642436473,441.3224855658171
5007.480192678987,4632.393472523604
2663.9715397668997,14.444659153213246
4083.432435051585,5543.940286464739
349.81278056653076,4620.816677316233
370.38107994374127,9154.826066806725
949.2700282487166,7202.719027844153
5767.924532005605,1260.0617187894125
8637.164146131536,3545.399597519473
2602.2328925957504,9315.797696788119
339.39829723420246,7253.341472740897
7086.271020523125,5942.75114986289
8553.522390050664,5590.715907869017
1381.7278526310172,3980.9846640387736
3857.4769594040013,5852.0146266897755
1587.3684059020477,7716.644148675904
1063.574306093652,1275.3767635636748
6481.685384743745,9698.306396481246
9675.364761781313,2393.6486908897446
6781.656256207622,4477.426814373749
9848.146628076182,227.15624647781985
4343.952760702914,5503.459229584854
8978.697888273602,3818.668472616238
2050.842246663046,2497.5587227299834
1179.043670107931,9855.242537823557
7025.200509124363,4281.411426722744
3714.083308626358,4142.963635938971
3176.876027471016,4631.032644809761
6712.80577997658,1161.5377906616131
3334.840417694881,3930.9610981494516
5725.5817224852135,3364.0425910556137
2994.5510626130435,4651.244587625543
7837.575882112514,8566.211668412821
3123.883404953154,1927.8539455910682
5349.941444962202,6077.393257196226
231.7608369701174,376.3708975192814
7917.307833583927,3167.9250210002097
6203.37774821976,4726.576190926924
1922.3706699289567,742.7915079755643
2153.7337609102515,5439.679346235009
2624.9291850482205,3103.2562107208005
5765.301045955619,9928.100135923129
5483.16333093023,6309.6950218567135
2738.637196418894,2441.7519601571735
6940.622919770037,1026.7324544753553
8890.411659337311,407.19779371539477
435.1547765353847,907.732643752116
4171.966378226814,6800.595270289335
5935.201185448099,8549.9227599434
5864.352035369994,1567.3311471107786
195.3534698951076,4021.3445355275444
2105.6606584860506,3542.3534319589157
618.3072131212152,6445.180911880727
5689.650725499341,1826.778817236695
6453.898876694671,9533.193104475115
1597.4216342347759,7285.563818906564
3330.111193420726,9550.718788846452
3298.03743376021,2773.692449533665
8198.023315897834,5877.156378585556
1946.5940452913333,7322.679371103355
5483.141213256585,7109.562227677338
7829.355125008843,213.4609942836352
8295.781928970478,9982.891634898851
6665.66094284733,9280.59972768785
2995.2775226188287,1197.5208127261071
8230.465748288563,5435.667742951704
7421.660271001266,3145.5645531941614
7044.691338292692,8788.940159242866
673.3539888500717,6975.196305881542
432.64880651549544,2235.1715673239305
6953.652977015795,338.6114536729079
9447.948012339306,2917.4180261477413
7737.239280630194,381.37272807838076
8314.755664936885,1413.1071299836228
5449.822808497904,6361.380416137114
3045.8614408807393,7450.850681180249
6777.368967668842,4680.169000057594
7119.708754926925,6002.878706941286
6753.579716940069,1558.8503626600948
9467.090567193205,3167.951705327071
3671.790332645565,7128.838472777539
396.575389557835,3648.9111608509506
9084.443527574094,3488.112235877895
1604.991188540813,1939.9263702604562
6973.183393874325,5948.248760652413
8732.044397726844,8095.3860601919805
3101.4139801463516,4694.450286056356
8304.152408549264,1155.392564710892
3320.5812627144414,8383.674319094494
7942.579282362497,713.9710460153336
698.2986297372573,4717.273732012006
6552.429986709277,2610.7733615724637
6771.3808057879605,9363.181563200846
4914.258300809564,7375.4319794853955
6870.908638627108,5664.089829679203
9231.83670553841,6677.5544068935615
7338.54824968228,5327.272628124905
9612.960289846598,1476.0094521940991
4486.1231385207175,7090.986799965383
5282.907317039571,4926.739522694914
2637.386972377068,6343.092713227341
9856.016678008684,452.0166397726999
551.3673516127237,1420.3479256325313
3586.204176168103,5893.704759319903
2976.9716476861286,4594.289030829494
3865.1171312805545,2268.7366895365403
9177.178605198656,2407.609205335548
3680.3787406851484,6316.583125559425
9169.766527000005,589.6702692907396
4233.388616632027,4342.583442235732
8547.687692202082,5231.035047266094
5217.500985006688,3081.4260274233407
3113.528434283149,8205.498284923362
4493.497989678873,567.6958256884345
4243.810789782035,8657.827852469509
2599.140620855509,7232.629928877708
2896.3872999190676,4462.543789331969
1864.5392131105443,9244.673902125078
3360.0055720760834,7022.382964947168
6244.058032491711,9310.453496590439
3865.581687096312,4725.897794155661
7123.232109262923,4529.731009953861
9869.781696879532,5307.426314461787
3771.0107948448504,654.2670398580264
4626.39214089617,9084.942513366363
1641.101569480976,6677.170516418508
3922.152857793161,6175.856779093686
7268.324507906794,9264.635364705635
2174.0479974246286,9936.371776083866
1820.5404865522924,1633.9339065847691
3763.7487364919175,7489.969849050235
8186.494857177315,5799.4517448838615
6236.571897114834,4609.971885902796
9575.793775866065,9776.126016471457
9045.404349276254,8502.630111551132
1511.3719682324233,6967.499840934693
425.5277460721463,3826.7616719013954
3990.9473419475416,6660.408041546843
5220.794788186396,5316.941235594036
5155.706152187145,2493.684497426988
1341.072677710553,4503.813231456741
1248.1743215461038,2122.119681017124
468.6075577920368,5004.202932051846
8508.599260554003,7202.3807594512045
9477.441380681788,366.46223819128966
1156.8502021797167,7653.797093186519
2131.223685491116,199.93992008343287
898.6288473491034,5172.777029593253
8775.02171140835,5734.767071501634
9587.08733536241,7612.434596277908
2617.9657672089006,7610.288233408169
3035.8382993537493,4174.554458429062
3626.6968441293957,663.7251089843465
5024.637593807312,6935.001527758172
6824.6097864492685,5109.860073924182
5043.905832546242,3330.584566631015
9510.015816762412,2348.7378275299043
998.9345852149867,1197.5821311047573
7986.05512275063,2951.424972086053
3344.8309081347106,4584.89625125293
3775.476880865476,4776.091681792523
7088.294437102254,5827.38931414786
9293.77109874379,3624.685693540506
7162.007785535768,9198.978692387964
7758.605753793967,4958.69613082618
7507.792421587988,4237.250401184556
3209.7860598372486,481.6796835148307
7569.304331822478,5990.150821328838
7845.2076021980165,6028.689360667186
5334.003206505128,5832.89630030703
5367.5623866681635,8875.969176082204
7597.208030624838,7629.0083258929
8170.308622244074,8674.056195924268
3371.9544203067044,594.225569099307
8015.6221757529065,3181.2643225484194
8142.090066754112,3187.119436947047
2341.2564091857935,6570.4505776862
7169.50745316716,4486.150487045102
1865.3392183615836,7774.726032520418
930.4911298812923,3844.3056665569475
5745.430120502277,2216.075773124088
9086.52198783399,2909.510682942784
354.59023525763246,1824.6972615081436
8265.016375949217,1978.9269176290004
5064.712107035067,2168.3891543065147
8608.954487212299,160.94711507224525
8434.769351710469,7160.880347625454
8752.868048162885,3996.0234227113556
7688.739548066733,226.71331881828905
8429.92354546995,3700.075444658403
1760.2520720120363,9053.68127115412
3038.5314887494164,5112.443169674448
2424.861708072964,9867.520113463506
7424.283037280605,5399.5943187805615
1536.4311936713593,9627.98999051064
1822.2779037778857,2018.0072880441269
8789.647207219425,2899.348127193676
7058.821929128381,6999.701101797614
8753.799779190867,9868.216169994466
1393.5525826069052,8252.97411019376
3989.8040456130234,5537.052766757511
2831.511700763176,851.526143589153
96.81085279649504,3643.7910999979395
2845.2296043870683,864.257005965906
3795.8325197787944,3112.8136186650445
922.1963724271187,2587.9210066532455
5664.875578268198,3885.552966367184
3831.7266247263315,8372.76589989919
464.61662277545446,1503.7667131038013
7039.788648679768,3060.6394885360755
7292.798338411035,2611.1724432160754
8344.71442969435,2961.4164713690784
4855.405998669826,3606.2347480709223
9686.587973345098,2443.1174993363848
9140.641445324565,9425.812722231232
5513.516251001316,4201.017139126546
4449.519310694172,1141.1326519726817
30.344279029228538,4676.586100273209
7109.9453173923375,1844.319018613587
5649.545040496911,2161.3064250131997
9375.441454860807,2850.414176448327
5942.321252412441,1247.5985602594674
9928.5609389273,7211.1893258
8538.192718632905,7919.464747312489
9535.97935814953,3942.8492191560003
3276.6277128503893,6889.925394335452
1493.3599476726645,3889.542901706956
7968.721137951254,1640.7732363636396
7861.9710296913245,3971.6806133127834
2114.489394055632,5569.873954816395
7647.446541349128,409.9431407688892
5819.733580414061,6544.843906823702
1095.2514490167298,7426.079690047855
5017.835975702087,8599.702577085613
9311.380008386785,1027.7056024930698
5064.575454452288,0.9359385827234501
7886.989895534721,732.6636902216233
289.09986641956544,9241.168037861082
7280.814128625936,7655.55721041261
9468.373861374772,8354.35646761167
4995.277848929358,5170.137971659723
3377.099130255864,5267.198745638753
6466.505048868972,2985.055898391845
9162.612150932193,8427.530519681637
1767.6965053334293,8297.695830837843
4036.942100227098,3921.713457221615
1562.9028098184117,3292.6707047147383
4966.542322198928,7383.732712530249
5404.22013030559,261.68138337933743
9442.036147216602,8599.488985183878
4125.151537676274,4462.479893141729
5669.566135396983,4413.442465428609
8852.625740541524,6690.7784738739465
3214.050001761587,6457.493603105314
6741.6386896758995,2659.7406605636675
7571.6184882209645,9432.786045140967
3305.2823468700944,9863.299793326556
1643.4118553064447,5259.890142961851
5029.095419022733,5613.80798170347
3568.0173013330163,5543.179634236236
2664.6243179221397,4857.874081782609
9734.21310694105,9451.870536778255
5021.530187015332,2447.5244897741222
8564.776938434237,1079.5817625538907
1953.1741054335916,9295.472843248312
9394.427648991306,2130.383142111527
7944.314345690218,7491.55353542086
8086.921561891424,2038.7330923211512
3897.648751959286,9601.860156223589
4856.369930776863,7911.217703373095
5933.5432589868005,9187.181721148589
7897.655362050647,9509.848201116589
8490.567520604376,844.2438426899979
780.4530935193443,4333.888558249475
9040.623875331745,6481.003370283095
9374.96652504261,8024.561041262308
5928.874043567856,2414.7174441440243
1867.5061325490594,9146.048593892883
8184.1483270348945,2209.763290981346
5485.8761454959895,8661.764015406867
8171.964537163796,5127.125796641901
8148.081265893165,5154.221718701897
867.2931568579245,3740.0561548199116
6070.214283706641,1035.052314186905
4831.442992687213,3470.9006311953817
9461.194699995176,4267.36714982473
2966.4129192539635,4790.210565529706
2060.00106190925,7390.952904101335
8970.868560191548,3520.7011046505863
1487.1556890010472,4065.9286031398647
6865.194587244618,9060.986023221194
3000.1981384181086,7525.672946335956
5678.457554974776,228.55769503791535
6162.194328412611,8120.887577230375
4173.692819579667,9899.439243503593
9749.649802370957,9397.677413678219
1318.3316808497914,8359.558994960897
3913.99089036757,6291.737473372672
4303.953268743158,2781.9212216526103
6310.469489961815,6544.3061138009625
4072.597581945191,6955.924708758644
970.3601137216323,2815.5816103067054
9474.299981808263,2553.2962440843967
4160.790816386857,3969.2385909227037
3426.7372721707256,6411.469690335351
4467.221241740047,2930.622692823739
2165.9568212892245,5556.665221785336
1002.2168466865089,8992.374018541828
1485.7847910886258,2951.0032487924955
1666.548270035596,9659.737361275116
1976.7343821589511,4733.479786732157
4199.602122261923,1009.083376458939
6238.992690441536,550.3939372957367
6288.878380267325,3386.7451429931507
0.9756956192685795,2587.5895672987294
9209.576668983998,8437.133272032523
8228.471805323217,7376.384214169565
9639.380394360398,8845.462868700582
3599.8634473019288,5892.5349821186965
6647.99276689397,4354.572475905006
1680.207492560971,2705.6792808573705
8170.3302722033595,5831.088344232497
1613.6772295436886,6180.247782361531
3259.8570080774957,3929.475637418666
4908.348559469833,9365.9542182739
5945.316688527504,6399.545883495158
5596.330242867316,8374.812006015329
1020.9601170999726,6203.907473689561
4216.7600286385095,3165.367853317049
9229.092642058225,7366.191578787001
8723.685277518516,2302.545308836649
5907.8352325463975,5966.093649986084
5723.245754536014,4023.6634301940176
1116.751826493302,1498.8486880437013
2002.594523103034,4132.405755278928
2526.3974260409605,3102.808294540895
4881.957285238057,1122.220817084214
7313.560480957188,8238.282286598585
4607.253556042582,4985.825564345828
1260.6104183739774,3463.562722714204
4393.488770113805,5049.642497029508
1626.3325374888836,7545.831175084565
7511.473516928845,182.95393219249556
1665.0086040457902,5467.5176057362105
4825.3398954445665,4791.5078328396785
6934.13602661093,8930.701915150736
2281.980639452086,5559.716587878139
760.3010763732643,1373.2284253906735
5632.994760747487,3886.8321528514025
542.0266350439251,6210.693720525855
5877.68642968168,459.3380705578487
7534.985375862015,8846.490973976131
3293.159916723065,677.823407129543
4883.494090806921,305.91127846373524
9287.618382249466,20.15574100220241
4711.088641755524,6837.444916328548
9965.540613933888,4559.200872226682
1570.024113576729,1028.1769422910081
7089.3390248328915,8562.08522655561
6526.18598197254,2027.2027409240645
8723.048135263272,3263.2415897106916
924.4321199054073,1777.2147384827708
2802.065915018167,9267.562977226069
1321.7922576033525,7580.667831720358
9330.951222719215,7239.533966442725
4266.3532464525715,439.9603007279318
9100.658455350691,5227.017042393656
2944.0699435882266,5754.524367447404
1263.6810136165188,3825.208400826825
2965.372729860164,3217.562502976474
5971.743593280489,8519.428602187867
8452.325917845908,230.16591354532045
3853.9069322499686,6253.548482770669
9148.086592534843,3942.469139577666
2442.3205967792874,6659.506811432903
6935.406873037668,1979.1754579503672
7357.133504822723,2386.5935462868783
2739.6291933061602,5868.53806676801
269.6987830052744,9799.385462858012
3652.3734205075543,9746.835829863172
451.96147306136083,2489.809838106858
9007.537754021778,1023.5103032571058
9535.252629340579,5903.432379299968
7353.799159460005,4199.826080736283
7266.8458531383385,7616.867129707465
2408.926694117306,5279.8372527849915
739.2557655808463,5105.868059956411
8021.046358609166,6464.59868220819
5591.619315533676,1264.1844484898413
6816.27530787175,6771.617296665676
7796.4106808623,4885.197006554536
4094.3426895226885,8201.470656344423
1445.465899783177,1387.068337048184
7950.367993628954,3007.4704911640392
4537.656392284074,9502.463740155243
8269.242308559325,5530.728792900213
4376.991467600127,9293.009997539899
2170.164084573061,6890.351031118788
1710.050166537823,9264.313649351257
7439.217565591678,3178.2628436048
5748.891227939967,905.3375836915723
4046.029004646865,8022.417648980989
4921.16756191332,8044.687524623366
5496.386052865399,6188.267946423144
2394.1644182579603,5795.702031618322
3781.6557969768915,9149.081706762841
2924.1146510973504,1764.9846702153093
3884.2384674562722,6165.379713707671
5005.622135179048,497.7061082221068
1733.575390543659,1408.6493675762913
3935.1506264888803,4372.723484432995
3854.944433069235,8212.073693884158
2860.038168422627,7331.326907500593
9984.963248024522,9740.643910459945
736.2750899429138,448.48648469899223
6429.511392857357,3813.522188262349
1744.3860653643562,1587.908015751609
8395.239892851823,369.61284049501717
9141.965360093009,2643.975562944748
4014.7798260895884,2444.7184418721636
8234.784494207097,4200.2771846219175
2499.094493500604,1400.812079005932
1400.6850732926157,4885.675792261175
3158.7826640261096,9200.98327314242
3416.7401389104725,7481.889315983149
3973.575447855789,8421.773294932667
3729.5894195781875,8047.285933215332
4111.44452850504,3896.2633644063403
7100.3336580513,7089.610362978351
2455.8013286573523,7542.562394229975
185.75595765121687,2056.4810569923566
4896.8055138127165,8602.623666197733
4482.91244204864,4577.473985222636
600.6498984343045,163.59739509384409
1338.0140150141374,6433.841086138505
5099.2089468489385,6767.63091917965
2347.5076001957927,5517.622966768333
8775.98294141447,2124.1530084715655
1732.9248645949513,4822.780273560653
201.22631848516258,4001.274502455071
4475.637693910604,9746.860738439258
9861.631106082554,8246.78434755938
6338.725263064764,7618.996050872148
3540.2972126192444,1810.7370300016312
168.68011467858324,3310.400174212166
4849.484397422268,3797.1183556922015
2064.6600213843026,4926.275323004795
6477.540854466461,302.2451206547139
5830.084937313012,5930.092280746514
2652.1377538718493,3578.5654397210633
688.8273421867164,5616.771454259149
7550.191980403347,89.7838425670694
5854.640945929423,3214.331389975237
8421.262495086283,7686.660560129889
2598.000156367163,5010.815525270401
6528.620647804121,7888.8732834563825
1186.8050052868496,6989.603925173867
2918.099079168437,8549.205751509771
6565.391118773696,74.43588552173641
8255.81305144793,2613.254918443939
3209.2550174334688,5488.017266010815
7988.535565565013,9410.180766521824
6777.524602732825,6797.901801325391
3486.7477150759983,4565.887862818485
8763.969377444393,1301.4133050768305
5092.2906603543115,4932.153547574522
6482.468225460822,4410.869724560662
4956.313419034801,7784.432746887019
4527.19960490768,4133.486404965481
8479.777172388563,3188.3807483333303
2947.0441503862576,897.196824688209
366.29222363724676,465.01063925366793
8797.826435449611,4391.34427522377
8250.23953051183,3468.6197950218466
3665.6047456961273,5553.241695128591
1854.5113870521125,7119.28437115068
6755.33643048471,400.0681357380298
787.6090363563926,4962.171097028154
4237.547555388085,8619.718941819796
858.6232154003116,4551.665861403283
5979.096753287628,5212.422109507744
272.08383809629976,4867.9184071667605
6292.383756343116,3897.9291848341036
6732.055732893966,1101.1952392337244
4871.444746251511,1263.5621568252664
1750.0732929761186,1790.8924173769335
1013.9393862720725,7925.646408976549
3132.9234813700323,2753.323005617132
4652.066796000124,9481.237817754107
6422.083168448445,8101.7016653662895
12.501275184996219,6845.406681986812
7110.639192353631,7203.936293957401
7127.119321252765,476.3220867835116
4445.378064924998,5683.893669865452
3434.0644574795174,9410.569099217297
8423.085646703586,391.10183392508935
7845.87482031228,2910.1651851354018
9832.76088517724,515.1149213393536
3719.308053389521,5697.415778661655
9068.326048570983,1162.0062717052904
874.0188589295228,4792.501562243991
4114.660662508522,7199.494367875447
4653.741187486589,1644.3853493546756
4408.7431620345815,7553.644370782708
6250.981884311237,602.044619498987
1702.0783883816891,1496.244802569967
8664.52171726252,2801.103631822235
5517.640185396393,7960.990674120872
9042.095480132644,8501.36889123401
26.316440214847468,2203.798143662371
6299.881135929964,957.8382552549614
4124.578468548329,8479.537823472516
5050.990617494575,6493.6743752210705
7438.045107802853,1578.5543639868138
2271.517483366896,5577.1678515075255
2048.9943521438804,8723.71432885535
7030.078177371431,695.1494205176301
5213.657589441801,837.2123364828021
2336.3909806169036,2736.077606625681
4840.186346694154,6522.623255986566
4595.584057771595,1780.0850947059855
6914.444274153116,8163.672043171644
26.611036192794035,7504.3017679496015
5867.60265771483,5610.0485362798045
6056.781505122754,1160.677043703432
7455.101371879198,9882.198283121978
8892.304660354492,4900.336295628249
4401.897971116889,4520.731478672796
3425.202243088844,9955.690796673156
1023.2037751128631,8638.682634713361
3368.3584489323302,4563.677340314814
684.846644444077,4188.02985936272
8028.202053414549,959.0938256698611
8070.061478458365,9265.117463890796
4172.376572947781,8437.748477191979
2596.4123387649083,3100.0249287991087
1180.2007545227177,7533.212875687773
8512.371660218463,7627.294262739242
8774.952783854053,2279.1071722661495
2662.8961458981403,6136.554699386831
6217.605484677636,2550.2880341221135
2586.5366479038867,7898.860519359116
2251.266271435788,1538.0970248291403
212.08050631415287,6689.059986872773
5771.594175860625,3260.1171165176124
1499.415431855572,361.82057535268484
123.71182866931952,1237.0464421089312
1048.5116433681728,6548.99138183594
3137.691915878138,2399.143032219824
6691.631901117116,6310.353725846716
2026.2305333212516,4148.2216600128695
8875.905625316718,6927.134638762466
2884.8841038295004,4929.4862218548005
3312.2628942364995,3085.47097161171
2179.771799519773,1458.1917985760185
2538.053370718384,3410.982524212802
741.3511455314181,6348.940779267531
2947.705787161895,7404.735051974354
8596.174596006229,1603.3967483999056
6884.245413956134,6642.724088881171
8752.682038656165,1792.7950965151229
1048.5901437935663,2218.1934348998343
4556.166308421591,5313.17240280015
2292.5487298011503,2892.0230197607475
7212.155905561481,6615.954412364865
9702.378247258905,9557.766242415382
8153.594790502878,1488.9220133739423
352.7816675100637,5705.108323094167
3166.5969464423415,9232.991826731928
285.79690450523555,1765.2897665161238
401.66966930985535,3668.5090338485816
795.1530416441389,1236.1683498978714
2763.2692897056186,6420.377183139484
3042.0276763813113,6691.429276947012
4004.535132348882,6641.8231943563715
4049.3109446629614,5421.270483633453
7714.09011843181,7462.6086779777215
1414.0324357889976,358.7729637997972
1577.4061580425769,9575.134874453062
6265.89051672234,2220.9620792935348
5717.421521924967,1215.6196869174341
1540.0470548211242,9411.360429419316
8522.64426853919,8304.369163615833
3290.594141012074,7648.704192916801
3669.673485444862,1047.457089389816
4204.6008083458855,8075.292136761658
3227.0187073893576,6090.235230097827
5574.550522726265,7319.08611011845
3886.477231581985,9780.702798183924
2594.347259452876,1944.4117711800025
9044.748677107744,5043.819608185301
3083.507401401547,7533.51946459115
6984.889254688219,4336.563507716983
3472.267703568962,546.5308291820847
4352.199868774719,1114.3889887552116
2359.4352340133164,6020.919725456228
7523.296193872542,2850.0414639075657
7372.032514262531,1378.4064730259338
222.3994580810018,3398.9199752458244
601.9404030129183,2009.809320447855
9223.764547449397,239.39466574774414
8888.268472378508,1518.139885671661
5060.871927785303,8830.779609176725
4933.573915583364,120.37282502716073
8124.241743837925,7738.503035940957
1384.50146884879,7534.6110587158355
6536.991213459591,5642.376883589893
4759.829944872596,2084.4776570837066
7433.310293156229,8780.592243002317
301.0279131199045,4750.7556879394315
5927.2554972393855,1732.062290477354
5567.282152155576,4290.225924892261
8408.483295891852,1949.1722774425268
6768.362975550278,3760.078411299246
8801.603583956376,4966.877710101203
8872.73321642559,3599.0088970204993
4081.6400089971785,6570.4427407270105
1374.3413375181312,9359.178040884384
6302.83655822188,3481.493476469635
8737.460984085104,3557.3951383648573
749.5334419476075,7383.024706022654
5579.232730846642,5305.909315210847
1149.9952665982394,4288.394396207411
269.95991755201953,8138.081884565026
6796.353539408336,8910.360671914113
6818.496118721639,5905.866060471836
6006.58044996362,1851.0327275550608
8592.228039017971,4662.858890019778
808.7643979347836,5043.706621481342
1052.6026169875936,4322.0735711085945
8645.354379794471,2624.318788653843
5032.767198862631,4723.2180772385445
2730.5280883823725,4465.461520976896
7381.569779852874,2094.9352395193864
8944.03722604402,9034.30652336065
6896.032862029622,8853.40950847468
7919.32596678449,7596.164284505898
2824.972401951925,4009.4657761228136
2887.7535941054243,3703.4190789213562
8641.238803546325,7164.653773959645
6148.628486552154,6081.192350030688
2341.6275167373647,6005.983239467579
5241.618154622121,1241.1152749485666
6858.604714722493,6182.837802954484
2185.4908125078796,9018.630111233657
6549.06408207736,858.1647067043341
421.44849817767783,3391.7129907078734
3036.916230041612,5090.142914470724
6739.718117261147,6860.09494831487
1493.4906548990157,896.3492955625119
2221.9903064249893,8728.061932888442
8790.932903583893,405.4562040815146
6743.210994316085,8576.896668072426
4989.187102566738,276.51755865255143
2108.9339212745226,1535.2330432735573
3414.096565822581,8003.238271536735
5743.304982873591,8601.644372037783
1553.1259390466846,9822.658292862256
4817.440798981889,1157.1482834367519
4089.743941380224,5264.511160906317
4766.873414276182,771.5582653969055
1055.6082128029943,1564.0762596384961
1064.970870450286,1744.938579063633
9641.109527463213,633.8825145908544
9793.677337247686,8929.798059283372
4261.646579118183,1263.5551801435984
7889.954536508373,6293.408430123237
6557.914269230769,6257.470645631413
1169.1685461838897,1986.4520536621221
2966.786573346978,9984.112612357812
3136.5140864452046,3473.677731958863
5957.744348592239,9050.943709633946
5799.7671231447,9482.847322537451
9235.086937027556,9489.888142996964
7900.36313976274,7528.375876017228
8568.476646029736,2538.0500531198304
8912.286136110093,1206.55351810258
8012.766725549804,5698.849771542218
3328.812610571077,3600.3913109701048
2150.1297133450003,8310.390118192245
5717.67338021047,7449.900526167516
6895.683164533188,2764.6829617341164
3865.679689631658,170.15233689728794
8483.386499645103,2373.1575895091196
9605.665928179835,5671.155842422665
5693.95726137352,789.9747221259412
4565.920622162183,6582.725997166149
8428.87116942518,6716.962847722998
242.6954698938666,1693.9392235987905
1290.1261583424805,5963.182340854309
8456.576590062677,6069.714279612337
7320.285856479924,4779.78146354054
4161.36698204326,9532.458075288741
8888.51857724405,1081.6318029849958
3514.582876453871,4066.2566870291994
6338.453578669174,8829.20772253161
6343.344703259159,3863.1401745960934
1843.3189261423622,4246.396090053349
2848.51736164058,6682.738804369526
9160.069226960857,6655.635495795818
1834.1485379341705,229.01958438765413
1735.746218476245,4556.974261129539
4796.15473733874,3335.1184469840946
921.9736823784098,6276.952471467862
8946.261889843734,5557.023156952715
1001.4913831247108,6508.616271136978
6165.574768407944,6537.67386506004
3397.818564453181,2548.718613076336
8042.728854710338,2464.6476456918485
5898.107457675385,3702.823950231532
3883.0614107943816,2419.58460536694
9838.729845448108,6828.08077818667
662.3098846553066,6028.659752244591
5777.863032306767,2163.870066420501
9895.683115440448,8841.048087996913
6909.526432130171,4606.62615071135
7397.69631642193,1270.5322329166636
320.9114457948592,2129.6558809158205
213.631630969624,5398.505631303454
361.10111982192825,3384.2401645559494
9917.239021762321,8512.219365944684
9795.197607408514,4947.354074021701
3345.089257642618,9152.948004344036
2909.8181626582887,1018.2648093835478
1459.5874551784427,6685.931329947581
3291.402991647584,8857.84852352689
3701.499305472703,2929.304755572203
7482.828167590336,1356.8759631528803
8662.935529197348,4566.44737978198
7467.351197413881,9613.342263276174
6464.751010955725,6334.619255033204
7659.000780887979,6439.769710302393
7384.974791518053,6715.012545305886
4757.496937303948,397.61375593790893
3358.514024613578,4456.498013243925
2827.8071687759953,775.7201044170959
6793.554595127816,3158.5882937195374
9593.041244452252,8215.990243368775
5810.547189356301,6562.699497270292
9125.265024722661,9955.726987353151
142.29370972947518,1721.544243726769
7944.706467360058,3970.5423618542322
8536.026579600795,8096.402163229345
6309.938379436958,2156.916023934241
9340.609993617296,1537.21846329125
5899.129928812996,4276.125569938261
2405.3690252674933,3837.264901575015
2157.1722944819426,9802.059409033516
5558.3626669271525,4562.515290266508
9064.839304962108,8609.463431027536
723.6794575507699,8879.655192338896
6043.90512210911,1578.7171409440925
7698.034729820246,7153.048012484546
1154.0206962356913,2776.0713921140336
1167.6969071201293,947.3896826262951
3661.279966695881,8747.04911101587
2738.8117354971687,2924.330409633514
1983.1415889368975,3453.6567019081012
1986.9417361134522,3239.8903651933997
1306.6903242483586,2002.954229533699
6108.540130819524,4345.03382028624
6881.25603584087,4282.928208024397
7029.362268790445,4087.5162571118294
5323.539761386061,9162.977471565793
9529.062696655667,3397.516286958113
8805.327775900658,303.78908344156685
9576.3114266628,1784.370062407763
3887.9547812717797,7214.970765734737
8777.831599550247,5908.586063145111
7628.746994068838,9517.348037411855
3399.7290303401305,6944.351071908832
1065.932585042193,1942.4167339871135
6826.212498968077,1206.4421862730312
1364.5232412188036,5207.597753144768
2937.7580700111207,6652.627361423423
5003.6457644378725,1656.3673796853639
6798.825351484731,6016.930103827182
9262.276571973049,8650.286839296576
5932.400448489966,7275.6892809304445
6714.130996720948,6641.910808818076
3100.1385015097803,7893.310545099244
6872.926164285389,1040.8270905373097
4377.901207300745,2038.3145581119445
8569.311828837737,380.99497025789077
3924.5051390147432,1449.7794542675679
4682.720216565569,9131.823426695264
4325.8775691025785,2221.449279173131
8111.228343073851,6620.972163458629
9536.991970119054,6915.672491353784
3272.76300983274,6453.254594195881
4750.2790076207675,5539.210487358633
7059.262666932356,4861.303474468118
8953.816220347311,4199.208417808417
4937.006968460207,9168.986966182847
1088.9350822672727,95.143608771453
3686.7138350132154,534.8962602691531
5503.61885440113,4925.124655026485
4175.246059660326,3305.100818041931
1865.557267880701,4082.302131032531
369.89495343217493,9978.485195589412
6874.086660798949,7751.346991962201
9927.371907771425,8774.07955988225
9192.066338966171,3685.7456424561406
6832.709108608135,2395.604400061768
8415.298085164291,7679.904683224461
2557.276184671932,8075.760942571126
6224.344360784464,5498.984459741876
606.0421539896544,8959.415146473044
7071.839273124577,9673.252567953257
9698.723390242687,4710.206784313101
8607.97307217859,2226.666677807322
5344.408747716374,5171.131070513137
7887.402193127766,9895.332236756369
9438.988099481647,2929.2685968307997
2160.175779392154,6175.99323732801
7932.58512977378,6939.836640699472
2698.469579688534,2139.28794345277
8769.474219396665,5884.591228221657
983.5450569014548,3145.0700596911543
1782.1841886984146,8542.096090867422
7206.164634718018,7147.535707060441
1747.7750386324897,8262.664274789908
1580.5430190304437,1996.8239459195536
5554.66877398872,345.7470568556764
8349.872377090707,8505.256848098748
2684.6742527462907,3867.542004164299
8411.38182705485,1797.2241191214866
8079.5339654597465,918.9536526730491
5791.054009593355,5165.008060570913
6465.627536872701,1501.2795261194578
404.4118661190821,5666.920244412568
3671.3555830371324,7273.065425127446
2633.9493111835254,5350.5817151625215
1500.038607274724,9036.99782688481
3896.5932915698154,1555.696243356378
3549.0419634743284,4939.53473250499
7288.91678129727,1631.9045938663223
5980.963404767533,8759.019264465465
9131.000688020193,9322.392763511381
1454.075830558389,3999.9588164284783
597.48605323526,3057.4825784867467
5346.077874911287,2793.1609542924875
10.271386107850722,8597.273459907343
7877.189431349656,6824.419246266452
5059.728886850095,8805.930546538342
4880.655760578936,1175.1682948378307
3624.959787241744,4760.2792786407
3749.7383614876258,6761.790944650958
4311.336782506559,8970.90760752795
160.32344426030187,3820.1921391298865
835.4578721620464,3130.900727102779
5050.480200112371,9129.657091858457
1501.222652198041,475.3326983016248
7787.6260834699815,4795.954898555801
2744.851740045258,4586.265606065831
978.9963734932405,1460.5641389081213
2352.099259034498,3949.5011118137813
3570.9823015578813,7225.997399834834
353.16608594883616,3668.6844455425394
1416.7552438632902,3096.604796097795
3238.4675447751965,7818.954979063462
3104.804738097641,9887.15411027402
8003.866965598392,7793.5237393027965
8432.554753126531,8463.43288159082
1934.1859914354998,9395.00749812513
1239.3988391284738,8017.724660760315
6341.624843214183,9803.542898167081
8046.235556954314,7472.842547570616
9637.230972241316,6615.225511672419
67.9628474651428,6933.485492496247
4136.781134268045,9000.81826774984
7339.8783409438565,6830.081508617985
8285.592988743545,7612.051709476738
622.8594868309779,2160.0993369706025
6806.1451946412735,9126.496129348101
2889.3871739897004,4472.132421792107
745.9695933312538,1610.6733091280478
4891.025817546672,7997.871914274612
1581.5334320414597,3563.9301763297417
7370.075180616847,1841.1914296162124
7412.617996994535,2562.5115917059507
8420.677649875095,349.4898039047023
3775.686851477522,906.22982893385
133.09797230643628,5926.247353861251
2597.3593837447975,8662.178280944558
4678.116995252769,4485.304133988261
6940.112794160505,6260.581422997227
3820.4058568674136,8097.331012292842
5360.48396067138,3567.6891045806938
5242.635874557169,6543.1407035133425
1649.8234935831656,3504.32425790954
6230.495000800127,6427.153547720692
4392.517282053978,2176.07720139248
8079.18701652493,9778.3965427042
6906.1120812889985,761.7776855654334
1114.6918619755463,5052.328495225576
4887.584100365685,2862.9641305207697
7024.943584941874,6008.378348160848
870.1172580734262,4283.06979910911
7924.970325566315,3066.6558760992702
2220.045146443994,2500.3763828293545
5030.847954736897,1824.9861419761482
9405.612874726361,7828.793161887624
5713.34234822284,2221.9993709364603
4240.544517039474,7735.261963759153
67.9492739914267,4850.386091543447
1334.136227740781,722.2802135619821
5786.638850979876,1654.4267765373588
4938.250406537382,8929.046441221986
3638.291756468314,6028.158220051298
9232.158853941173,1843.3317872168443
3324.825374259408,7037.649152008011
5371.507564441066,8232.6174442849
5687.134095241301,3306.5314755847485
5274.6839006392265,5565.952128107126
4775.853915400992,2934.49970283137
3370.6373601190808,800.6171772058624
9087.636330396195,3995.090777369359
4508.032617591448,7514.320191148862
5284.488673460756,4586.802788882769
6564.779838302423,4052.690080201573
676.5604243153467,3660.071888394212
7812.881414632452,4589.168226695497
5125.073100860355,3182.2895213266543
6571.769358449668,6121.841949118747
7720.120654136914,635.65979524695
8740.993907642147,8073.8817344731415
3922.2041695293096,1731.6694715333758
8114.298926822551,6334.447282887445
2588.368955659017,4498.825230522408
6603.356509573663,7734.935468788069
1027.073006796394,8261.399868210567
200.30467424075215,2042.003721856671
957.631261126397,6771.791474377556
3193.824865624758,1899.0750676750622
310.94613824664276,1239.9826083488463
6304.912721872625,9302.961014712511
3165.445383822648,1643.8907044134287
7363.76067714298,2281.3193258273336
459.15136269605637,1303.2400778796894
2167.0156654749817,4702.918893714558
4080.0342532969858,9196.073225243903
3826.515622940463,2640.557387122444
1309.9867283634048,5418.521307492897
9941.36813581657,4114.587370927649
2844.395808338359,3360.09410840477
7210.320846514631,5721.526912635747
2200.266972117182,5588.929011688108
8778.51210726084,3593.6660088400063
3877.5831014969244,8505.632965660418
9009.024889891045,531.7210774952518
3418.3491963397105,852.3839516730791
86.4382149691345,9907.812599667379
5170.204310784614,7476.829120511791
5247.879361510964,8039.289034300985
1198.3418278863555,6027.010751387972
2349.6357341929242,4198.6042602645975
7834.955909813493,6292.268787323075
367.5582462865923,925.8470560871301
4895.266866866807,7577.691683021629
5304.081234135628,5407.430471438494
6887.12060676124,9567.318905380922
374.5626740013519,6374.752577076498
5856.463270904639,1516.925371784511
30.980365781831942,4775.501149780467
2651.7836728919065,578.2224921932111
4996.842553164812,7454.295592918714
9112.813374256171,5018.315215683176
1265.8981600553543,3696.533697923695
1692.891290032751,9685.49381672039
6692.500643838276,9405.985189673798
3748.6169382239887,9528.319968261196
6234.214019228718,2209.7024221691017
9974.541671342671,7285.6959571899215
9868.716613488541,9453.82137202456
3537.135794944214,5708.702567066337
5039.253538248327,2141.603439331712
9046.901586293932,8178.124638822623
921.6766240855756,8799.182473267118
4523.039038368471,7032.35386386514
3775.7734831645894,2935.5287753559624
2948.8277266099726,1906.9389865445273
9942.042119223483,6242.698011967175
7335.492939723779,4828.005248024479
3887.46992392922,6687.827244132722
8290.218916654192,1116.9966546236599
4896.661007120569,1359.135510480638
8728.244123678587,3628.8955597687154
2663.798456305784,2587.6028762887504
2236.0022738706543,6193.386310926709
2472.866812474476,3675.4052936218804
5384.805761250524,6839.707861478839
2913.1339115513465,7687.984021056897
1471.196841463841,1871.6757021918174
9946.279185057321,9198.23835415061
9004.3322744141,7871.598402865701
6350.124374930797,6267.8080215427535
8915.42873923946,9089.288547481374
9354.627375078187,2658.687496191996
6761.082918658355,4217.13201972018
5186.797786913082,857.8698040060162
8820.017922146772,4561.818211571078
5677.969969129095,5064.007295977209
1268.0054285387398,6160.669236600616
3668.5600045750575,640.3921308436733
4459.20951735377,324.66019233702406
9353.690161355955,4198.901652810969
6591.8547230582235,1891.3331227592523
8752.775627958907,7587.883421524628
7575.917008399362,6687.362841352302
3098.6088652268295,3258.2697438305186
7187.089930641832,457.83265163332754
1952.9973592387462,1824.4362384351764
4081.4581171746768,6916.79342613111
8060.918571559321,9901.648933369768
6119.291619152283,3264.604050995823
8254.12505952615,8019.962869653935
2547.035823500513,8670.964915987572
7497.488324272949,481.80872158477104
2023.2436144183653,9162.215979222146
5453.041723980072,4662.027043699545
4335.345944544313,9642.422065371677
5564.75857770807,5385.558274531159
1355.334240282725,2351.4350989864784
3612.278755130117,9746.683074076278
6669.038308661737,2433.049141159669
5585.307940810273,8824.782275975038
5489.697589118196,1731.2849471855006
5108.301121312544,6747.67572756628
9438.849100388785,4112.91608886194
9345.696979397342,9720.18173151445
3601.449727982943,1847.7263113925458
3518.9501158420476,4087.9467300808105
5548.984565730611,6397.763240437412
956.062841392078,9776.204232754402
3030.067007675159,3038.630766313405
2308.675658011727,3968.710510447775
2233.896683364285,4617.919873223596
6385.055258952679,2527.004912961761
3843.503343441493,8173.547004036423
1711.6437475830626,919.956057523027
8875.718449877595,7047.899317063026
8741.486879377942,5339.2896995753545
8624.629235322353,2419.2695598571245
3907.4494225779276,4928.304735340487
569.8245351045239,8299.490921942052
1067.4201789443605,4454.416039221264
2760.4807977129917,1218.9776491497717
2199.700041086546,408.01962131519764
8739.856201488354,7777.962941135569
9863.581803892595,3304.331458340406
8166.736623318024,9312.44696574136
7298.489027491884,6171.471810005225
5886.241399273142,4362.838911681629
7699.082991798728,5644.649201507126
9470.333121923908,4571.326449126326
6013.446699070811,9058.110823832865
1546.132440198339,4580.218693672909
1638.5831726871968,1040.645085887474
5838.628031285862,5970.8803915845865
3334.6853978480785,6229.81046150319
9102.473752449694,7653.3007279303465
6116.423338359723,9332.841415510087
6764.926134233603,4430.8168212345045
58.207101009025706,3520.7660660730576
4988.48552062623,4907.710157474992
4311.647213889117,9001.98901911297
7058.71856767533,9799.823818365201
3826.3866033336567,9712.35006613742
9765.750318871624,2296.9551280522805
6702.031815564018,4968.953615618763
6599.183331425894,2594.7402585501145
9193.411447579827,3679.8278236704705
9952.048338983457,316.84105541547103
1978.2068926211327,1606.0117927158346
8105.33143214728,3970.7595468702716
1623.194953220275,3647.046322230644
4570.434530542099,2788.325511313381
1001.8540433247014,2303.095770863034
6233.709784671648,7489.557144473902
4685.18163405075,2945.496998113911
6286.989483257151,7065.436314627434
6779.60752615413,3686.2510908166378
6194.322500312381,8019.792390755577
2940.291226073731,1672.3334873534213
8369.591572436688,1576.0388036957818
5516.861993751241,6796.722670410044
4898.511732168032,9149.152418088552
9870.638042348744,1429.8670483287135
2835.0790670647684,737.0461784381699
5280.303048951731,9346.372068218237
6823.245786079914,1173.2694386581943
1252.259329332336,2503.6691976568272
3542.3972414653535,9294.941674200807
8016.887159973262,8029.178929602216
2367.5823459983003,3427.5781365729385
4932.903649036067,9545.277196565934
6306.306059829711,5680.485131987375
6711.623533076001,722.4826262769324
7283.104420478259,7030.668772678146
8659.773170429444,5372.773578233019
3928.5944303363763,5725.880505191555
7066.319259638562,9941.04244325465
7321.746477702515,1525.1428329954153
3002.741301269902,6567.959002878923
9681.579502116412,4587.410972296917
8652.19173522062,2718.9312488799565
2898.6132869956405,6935.447916629628
6750.686766869876,6682.128072499999
7178.00634459294,8564.951081235302
4314.836362753794,8788.69235186504
8637.432859409664,5618.194530492381
6902.293535090397,3255.7256606771743
6581.546851527181,5295.804504381451
2208.403722847182,3592.5512670286284
4078.423113495825,2773.5608402961143
4339.224891323499,5515.753777771667
7336.610965790205,6579.341741630693
6183.9454525755245,5905.712869103942
858.6059062626705,9544.195213633195
3076.9795188724,2986.361185539649
4730.475044615455,3723.4168505467414
7367.3294585699305,6676.4282322355375
7435.6913007967405,6003.586275036069
4905.433085716368,18.633853373635212
1169.3238226067758,3122.854685267412
2929.0340337283906,2537.6185246863747
2546.9238224706924,8399.148866460157
7810.264103082412,8662.48730884929
1799.8631400565357,2838.9314103115826
4649.212223951922,1020.7115362753639
6707.1880351439,2052.0194705869944
9647.86152950037,1765.6839891905895
9992.405802244399,2374.3535928508963
9529.221435554391,2346.449022974153
7182.42345253535,4798.386489009734
7464.4083302209165,3196.4138073756453
7592.100976090173,5598.217508554439
8626.0487654629,3441.3462434084154
9517.85462852208,8146.769299652705
4457.061445203275,9507.924777837377
4165.108780421269,4039.1845335502476
4604.644623786307,494.68534786554886
6598.171714565941,2395.782473678394
7754.453962777647,1018.5816420304172
8705.443909013291,3447.6390981290674
4562.107542826056,6451.142341801696
3633.7262618012946,5189.079089445107
9833.526147022265,2428.7567802763842
2318.8762100722624,7672.590526426567
2220.048352524773,1314.807293797291
7154.074548264956,2281.9597512470114
1796.5729560264233,6760.471505926748
3994.0899974612244,1972.3438668886683
2923.8682231425196,6787.627158785893
1687.1045675694863,9769.413502961499
5797.072390978936,8313.532871961532
3735.1149075462886,1600.1054036292383
4622.34172848446,5204.984215032536
1958.6300482551599,4223.215634324846
7678.668026717565,9916.69413233397
3147.1208345074574,9644.007017405827
3427.181790268988,1271.1205277090487
2521.5396210011263,9087.308720163333
4344.035721190338,1934.1833803845875
4635.76627238672,3194.5150171274927
5296.6691632951515,3534.079797309434
9675.682819819396,2868.220451218215
9046.918080457035,8532.437931669294
6093.926309870537,3299.3240587637497
389.034677630975,8167.384190851912
6122.603408767345,9943.768165049572
896.6860676411626,8407.615378270457
7103.442385187473,3461.429264342922
3900.7764658093056,7112.523934128624
8376.964915685186,5339.234469910733
9425.292452651305,7865.177838834085
4171.10341465609,1530.9739464624172
4605.552954737462,6381.345926459039
5901.475810128502,7736.667733417346
1971.3272185805054,7612.313354066401
9273.328408283613,9635.930056037816
4329.9992650137265,584.1138078432007
1668.2033591600732,3457.7936909229056
7627.31833418884,4765.535817914388
2191.513724439852,3097.635283920812
1435.2927507185498,3097.8951367247087
5628.720754940071,1761.2860668992637
6714.952552915908,8129.514030252078
5695.627406649163,9080.690443845424
6565.106489473632,823.2735957175053
1155.2401230774444,1548.9891175829862
4760.180378841073,2284.5299987185317
3570.186440885412,5089.874838541691
9733.686162401218,7911.720333009671
496.2393417946742,714.5552476495021
2982.9420305992303,6368.129856584286
9418.62194091722,1493.3545627041979
9834.961831843295,9714.570678762653
8249.016077271335,8987.734308517418
759.9824401640931,9495.828489457519
5613.550283435404,1061.6387758270807
4001.2299267046715,4880.363828541919
8064.5256769540165,1652.4656699837526
550.2423557133329,6003.555507831663
1971.287516447021,2327.391126618641
4891.950662226294,7706.309833689707
1576.4766294782694,6440.026006496678
6927.151426942983,5716.045942872687
8207.672211397983,8252.2715796533
7045.198936276434,5002.730308349489
4402.837136399823,2698.517403456846
8783.876662526462,6207.054968000882
1376.861317199417,9570.626321978061
2603.385838990089,6011.593633442058
4895.396852523033,6296.194490394307
613.3859887925197,9347.506812596643
956.8578156654728,5152.751003077449
3974.433717223721,9963.574617147924
9438.86296734554,1596.6204353307544
9084.136932770003,5370.398430123202
4659.748582784111,2129.0084101438147
1421.5854451073008,4533.263683406926
1781.076559584356,1705.739095017681
3775.4605460912726,2225.287715258061
2100.741950867814,2108.000496322635
829.7559439037783,3200.313390240079
6737.774835199971,1346.0503451883644
5814.486377926948,8093.421749750161
2912.967579780851,2206.7559729221352
7789.483825523042,4165.689951433751
7759.488877058345,160.57138230024304
4910.019702127618,1048.8154328178211
965.3255551189388,8962.719004132516
9184.694001013575,8371.602038404455
6686.605235409713,8409.224524551946
2470.508191519509,4113.5341725485705
6104.5454703422665,1415.307988516642
4050.2149582763027,1078.945214943161
6353.4963973595795,6056.027248007154
4738.7089573102085,8281.932549086296
4854.721502397335,9001.14482140243
7358.820919073593,2887.3165056022654
6137.2574606397575,3210.2656983345355
799.5269124422566,1008.7665686142466
653.7357044630365,7744.09789268012
3050.0923749672525,2756.9027112113886
4302.459965387463,4809.294695634297
2752.2255917928605,9288.973045288323
6514.59858069918,7522.15730324937
1951.0793172562192,527.3789628907177
7041.410963961697,81.54594459429676
7731.507418889302,7874.0792588040795
1243.1930759565057,5525.0023697869565
6508.06243362988,7203.344093627009
9614.359759001141,1568.1532182661351
1928.2381726334675,8720.478499706202
9093.028311161544,7733.2497901446195
6060.479492740166,8908.389140546136
5909.448673317119,3410.9608265747083
519.2268232086716,2757.0519528324635
7483.002783863983,1517.314399239269
4782.730526480582,9300.88507946997
7211.743918351341,1768.2920355784072
8091.81103446606,1193.1723371150504
5237.963733722786,1926.7820898678233
2636.4431327831417,7713.817267601133
1415.7249139281337,8895.29234982881
1605.0312793241428,8109.1345649642435
8669.346539457987,5632.385528712848
1235.7809563038868,9938.842507777232
3846.9407304656843,688.5406449344878
3342.746462890308,8671.916778216255
8654.556667389703,4277.138617137689
4776.9350069429165,4551.2234870546645
9964.464173481376,1275.9489365128052
7370.5474630314475,334.32974353828416
8509.235754042857,3166.2832606943325
986.7226602667489,1748.5353311392926
2531.0225526489594,4833.387560713116
1354.4619557182825,1473.3052605377195
4636.219724005597,1379.2773650227575
7182.874881619098,8769.789841038495
1690.6356820300016,9212.94701326409
1301.685445697388,9642.1620858791
6146.087487804403,6805.02442873912
2303.1275376342396,7710.165047958693
4793.250717537409,8357.847552426292
511.1772772771772,6589.220591206645
6806.128120674648,3302.4310470252917
5413.163816420536,1563.869984335241
6474.228989586328,2372.733071581501
2754.0638005974606,8404.140514049626
2786.029753615311,6960.972382868412
8013.605330907581,4557.957635261516
7185.623129848262,294.0507718045271
5797.286511986146,2662.043704338831
6281.434757820805,7288.974931257638
940.4417950110544,5123.87235095023
8561.713044512535,4355.324944824501
7699.070330116627,3136.7940077990775
5904.915338234477,6069.318305770239
9185.951311009072,9663.853853716892
1686.3790769939978,9011.23643297506
6866.5738603416685,304.97938084282026
9629.817776521608,4809.538225834458
3100.089645699209,3294.692980469477
152.92314067509528,5106.04662339801
7348.674669691331,6062.136898717147
69.80324456127063,2000.280679975468
8725.33649182167,7815.680695482563
563.0125210356985,4750.680500859663
6527.647298718772,9920.060548982461
3771.841444231504,251.27385743561214
2033.4065371673282,1897.191761864585
8982.58399853829,6896.298005603981
7462.458519268622,6951.797465255588
3404.4056614326014,5821.882244169449
2841.53092857225,9719.600286906287
7360.122941611394,4153.150087199334
8365.707626063304,4170.368120675194
7158.504642958094,9104.763632241733
6399.892250357414,5384.417819968107
2279.2472518864884,3537.2766158560044
8528.039832764722,7189.379858338591
7496.619834583748,6196.7061818752745
5172.742897664144,3064.100502865915
5115.877622667807,2979.2879808121565
5691.7302780734635,3956.1279752725477
8282.763941786627,716.2006566019363
7422.595488375575,9426.169024876392
8562.449939458833,1830.2004019666506
5072.827716587224,1938.243023277205
6246.490590182571,6470.384050170776
8545.718068959795,7242.470472998112
2323.200601767154,7368.354595998724
4440.20680256224,3750.7502350423106
6206.52236979387,8733.289529099255
9151.462573581013,5439.990617480444
158.36011046124975,4385.875521625555
2125.731581732275,8103.864608656673
2344.5050776129037,2435.612492238377
3266.1268026179423,8601.854434355191
2817.8662042067895,5388.293945649275
5901.387855622386,9000.581576731365
8856.202642547454,2016.1253105575915
6369.778410723894,9360.630760024258
2415.2655895435914,6878.767419723901
8637.528500700844,6183.285268023856
6320.457891475133,4220.675194830073
2189.6212498790155,9563.149999657242
3616.665371665032,4439.196283115128
7899.648067397825,4985.429524475759
7389.311814871142,7814.9810858531255
5765.823695056426,2848.424296127061
1447.6750274056183,2914.953128137918
8032.892973145042,7752.976876212199
3075.4252855274813,1285.7978919010793
7715.979389991624,8229.645202930233
6475.663657622588,6251.750083098483
2641.702816435182,5390.837664032711
2123.692281326567,2291.093821798815
1309.0992325771876,7863.681693444088
2419.4623658811574,8049.530895087492
1578.2902244913998,4829.418678765178
6170.512477877513,3891.689748572088
5987.831189772535,2461.618375239398
5861.720601327972,7542.340170891749
6418.898092248384,6394.5192312670615
8147.8453396456625,2066.3102936685773
9135.527115498035,7944.6807968490075
2303.755379017621,8822.053133584595
5877.744901689257,592.4726274824587
783.3622124727146,7724.206380240413
1201.4243835559512,8528.019334276525
6543.393129613904,9915.07899474547
4865.8056169045085,2376.0149893736693
7583.320868344337,3710.032052142528
4256.7748099057135,9661.91092200879
1275.984068329381,940.1555029358444
8720.536538308255,5237.078439147541
828.8847114532227,5067.445798378877
1889.6464253538204,6065.477388811636
2769.76865961851,3307.926148462901
9952.806070654267,9259.180886717913
4168.598201759839,2700.612609590728
5017.085304781149,6496.955175844024
7696.967509738684,4959.270227549362
6364.155853388137,2666.734524800799
8414.206919413335,1888.53795722427
4864.334585878938,9565.62124257659
9721.77687493222,5612.9146159578595
7968.12361586308,6041.909122244418
4013.653883132652,7828.954590419783
3812.7182294524796,812.2665859978317
9294.911920442179,7137.642677967787
6844.156358147172,1651.4013757232037
6214.336345256386,7404.810850764559
7578.306374338108,1413.2867162737728
5608.338281117114,8324.936998735962
1591.6677308572669,6810.162607270125
3192.154620784311,3858.9028885242037
5579.4486370896975,3588.3444390258346
181.67820927166954,1489.470635559196
4373.507049632278,9040.533557661165
7558.028792759367,1185.2927284881243
1642.3400451627235,4720.773885291256
645.5895015690571,2365.184547898035
8360.291407276985,9963.27508019026
6172.738684633619,5858.440515186982
1765.7897248946397,1495.8450339101282
8063.049805831935,6675.639976218071
6581.294714872123,9916.090172225513
3341.192696484382,6050.432806153741
3761.962719617392,4573.790945561946
1558.8816318704835,2932.7012161865464
8352.555942087403,921.2341482876795
5090.06651643742,2282.4629898988755
5570.190766436605,5536.207795648737
8834.919151977478,7537.856986495823
158.30616453093916,8779.308902296496
669.2306252329205,7937.122503726705
1615.78981859815,1254.6520137241769
300.3781308814557,7734.598850130467
6581.561566243995,5816.045461458056
6338.794681883208,4691.075575048237
2108.019029289856,5727.641184720806
1494.0644488669475,80.75328772487511
1456.8470138660673,677.3024297102681
9532.414133186423,5258.4927907298115
6935.045286247416,1736.192494815576
5854.288284650793,5455.409521334333
3224.868718050943,3542.1357187481517
4330.431979087896,9074.120206747526
894.0588119920767,9496.834273044537
9981.518880550015,9797.841130685196
7550.854635716348,8989.379958828187
6214.531568282278,9858.90851192333
5877.671952278823,7061.471257393618
5043.1437203317255,9605.422799010514
2574.2742767469585,6417.924654568271
2263.904034597337,8092.1420688572025
5495.3245718922435,1319.099927237103
702.0081455795168,6825.99587602558
744.7079886853569,9311.033093352597
5608.136031603502,5400.482415327627
9198.120482102391,1868.1971353030924
9142.718511298546,5268.885607250015
108.28300660792323,7069.409940594883
1073.9421564744978,7697.884990973979
5830.77693758695,5237.020099319839
8484.75721806164,2173.680242186501
9544.490866568287,9266.887885787473
8605.822260457793,7736.1741645335715
6776.131352964559,2706.88400617604
2005.2507758923578,8118.129173963744
726.2147397896234,3478.626495180591
475.1578268564471,3124.3134466838073
6120.7678462541135,8630.766273471441
361.88604015357726,8732.352068171213
7392.399564655506,3984.8140281897913
7124.707373509691,89.2280508156451
796.1082477667891,1865.656213999919
9066.223650367947,9092.963282245586
5219.292886253023,8987.493370550577
9044.385673377317,4533.447480934476
9016.10056188322,3041.1670727587857
1970.340638871183,3027.4829210517164
3805.776279362848,8971.948026285381
1346.2633350381625,3247.333109755165
7749.780101363207,5115.802597401095
5041.249155378626,7310.1105059289785
9288.075753949819,2094.8104160941884
2082.152148762774,2538.3908158589365
6883.67661519226,3580.6189309512683
9892.368277727088,6542.2338934739
6653.812618209913,8174.9065114632795
687.7393283071265,5467.057633309995
5884.243496951905,1329.2873664962367
1798.427496812367,4462.455230697211
305.02777419315396,1276.90722123194
3349.6069730521417,882.9716966669532
2661.040830540657,5896.167698514479
7887.708988157541,9562.12111797923
3736.8054107810044,8376.118333340593
7329.587803851965,7744.71262542493
162.38991949331427,7270.5596586533375
148.1213343339105,8971.278571356976
293.13457547557095,7528.350841427777
2193.5844178258044,6268.773453007714
3739.8778502856167,3646.8008027372034
6078.458031168546,1009.4388985979275
9859.138858269727,4610.333638440104
3544.0956701433256,9247.842361453673
556.5890675716622,5831.002653751526
1949.0016166584867,1845.0417989513357
8978.51833814862,6490.233084808438
6993.791901477089,4654.622340805045
7902.008240385599,9313.800885829663
1241.6820567279262,1609.3991006200258
1349.869887075079,7120.117485067625
1122.46007544896,6816.024648068016
8571.69164309525,9835.415785215047
2099.676086936044,5649.121266184387
6431.517453797216,8715.7403593364
5161.663661832591,247.13937531430696
5443.899118738536,1228.9196822413262
1954.3535839126823,3459.385728465305
6352.460934539895,6193.273971572378
431.00534458331174,4490.793449674086
9934.722762576286,2026.9624734658887
267.5890649272905,5892.0373989143445
501.5654071586217,5666.990593413628
3246.4741989168133,5244.4747852084865
8316.253557695383,905.5611211069814
2571.892117767429,9270.254927562308
4719.350137913282,5922.553037014364
179.77331176192934,2639.9174719865728
788.7931648364421,6874.181903945207
6079.660485407071,3179.0799086888733
1943.584694494286,5058.560267744258
6942.545630195254,3411.3177105898294
7853.911750171771,8803.94026537693
8503.341994722832,9939.805845349301
1337.9933799932264,1611.820653278987
4555.085490319249,235.78950556596868
9470.814499038457,2193.225069820425
7720.8354244430775,5899.5198309761345
1169.6038184614831,1739.5113957753306
5025.0024501839425,8114.844246061533
9223.805818388388,4086.705767944424
4400.388055231859,6105.327407141295
8374.176088409688,4556.178416228589
4958.437211885573,9033.279216189536
1068.1167724575369,351.35337062277785
1478.5492605950735,7293.018956565997
466.75752808179703,6521.721333408666
1953.1474057556452,6495.1503098575995
8936.14099870434,4139.893930382052
6501.980459432567,156.7522847589753
7388.569348829111,6892.407219679579
6216.614583933278,8294.712128082532
3865.392921383477,852.3031098734813
2168.6113279600163,4416.175042439686
9256.145840098308,1625.948539470542
5148.297815580215,6109.377864296082
4810.998812079393,7856.048763590366
9961.040885935457,6667.065649274064
3839.2998838847657,3180.600704858855
8541.253148922391,1397.3270283238382
8623.440603168561,7942.681460504623
2326.7021035779558,3239.1685849269215
948.396923501621,221.3983174442613
9756.201157158643,5714.2121434925075
4258.968641355669,2466.7731023337838
22.20322010195508,8412.059983581768
4990.178338289586,1432.5520439077854
6193.003637474503,4348.008490592503
7760.882474480341,2531.302036110118
9429.421182236387,6896.016192210814
9151.706289454629,5485.309093574216
9401.358200548686,7909.87719248596
321.2514825947277,4586.125752236521
7117.741338304677,48.08431544395586
2258.579628056866,2151.964805394957
1875.5268720565398,9991.571081942737
8003.185685992503,4053.449893095102
4171.296891728798,6202.351078862255
9166.000757823358,9049.316080587572
424.3509079570662,205.24182145088443
8021.808294871632,6596.073963973953
1368.3441128259565,2883.7697397843676
1765.7720156498447,2792.482553524315
4773.517155244989,2248.5140324830686
3955.8994087279953,8227.292162911597
4861.723061286711,3729.477324464945
9400.265220310552,671.1653826042574
6573.889355635732,968.5115788316311
2903.0938184200063,1486.1436268680206
1729.08712317845,8989.275872509252
4200.462751309336,4274.434265073424
4516.410272677376,9160.493395995209
6012.944098995162,8174.794727621244
2660.02703539768,8378.82621257848
7675.092470968168,2868.3181113183264
984.6024547938159,2713.144127095357
5604.533636006545,5600.68379837828
6235.316532441113,4179.249619899508
2068.3158106514534,5090.6068830034665
8260.11350499621,532.0420185769947
6154.321252076776,9715.90191262528
6457.2221464797285,581.6880784012312
4977.435057634385,1788.3129766188733
9095.942171763385,6782.005248352581
6939.275814876244,1555.0155172858315
3818.3556489576254,1068.6992770778902
2386.058877840862,1536.2038137092215
710.6167482348724,619.202432164091
1653.6083718035954,2513.187402583443
9926.829520836598,2711.192710148146
4067.668959916402,4986.220875483217
8986.872272774066,4387.225172047751
1705.6935688526441,4737.134151488452
4253.608713408496,6160.395042089026
9605.184670334487,2309.6143124954383
911.3225141929993,1347.0413109189517
5939.842838125028,8788.782786455437
9191.719006963021,6339.413395689513
9496.833729542506,606.6329393479963
8460.074771117757,9610.516499008203
8559.344323601494,6930.685022684089
6521.829541174655,1517.0464208701162
2204.2310809499254,9691.344316764007
7306.785444849197,3654.073432496331
9783.844644587232,9845.100798647702
5259.335146728108,1032.756293932885
2606.9735907690115,1599.6921703549572
5734.710677649978,6574.195508748441
6906.103562406164,221.43465166073238
2082.803094244131,186.89641218235687
7191.893476094226,7919.828322249004
5874.328588843919,1677.8033173982033
6123.499091480522,9187.899925876072
3059.8792973983414,4258.961621713717
1552.6681011120113,8736.523542992756
6234.49895305657,4177.635840865285
5862.329891525718,5302.3000497214
3380.121877138049,3165.141616764128
2958.936675458872,6580.764177559352
3472.444616622841,3182.0116594306614
4898.833384988202,2231.7009785004925
9748.197351111612,810.4731196270076
7635.646220262063,576.6934782784672
8517.397391654884,3059.743532022889
5056.4956890353105,7364.7334524925545
5261.23611778777,2056.200663436163
2043.2466143702766,2992.2745013949657
7210.458363010784,9051.714185221239
4215.840057906362,6391.574958113207
7424.468588177112,9197.223894219765
4090.553813126254,9112.26034003634
1085.1718721390812,634.1068248568993
1730.5368778588347,9550.093249283647
8115.700780746833,511.7795906125566
2586.1648955893256,9256.189177484868
2643.5442256706933,5467.334366567159
9293.680900023313,5331.895828773915
6576.3562286684955,7132.64062619819
1143.0755388435632,8792.1127076173
1435.8527013193423,6170.045556612569
2723.6743272027943,4253.998537813215
5939.956878266328,1118.893429847735
7528.254699056728,7892.093058948786
2744.9644345319703,1282.9349247080513
8706.420374149644,7263.6586119924295
1091.8017888414854,5279.2494578202595
2075.991680431796,3858.359247580685
9704.649211428776,6129.863862533676
1347.4486365365767,7723.56086074543
8881.11307723811,9411.39618450621
7039.350754040954,2646.968828377999
730.8709064170671,9471.301602116982
4837.068288999439,9609.480459877921
5189.793531448064,8136.305144796802
9321.396314158375,8814.371749423492
4211.045930771687,6924.275137171717
4467.636154642759,390.9721993128468
1124.837547863783,5750.785447053921
6391.725634376625,7472.04562960772
2108.969758890966,9417.03134706335
775.3325822370682,5704.5184701887365
9969.19000070794,7942.006782573834
2696.296279628052,7050.38717544494
1410.5316512880395,2808.0288854758182
6994.903745971764,1547.2807515135855
8216.821559219019,7509.053286779003
640.774931263467,2337.683611795074
1053.9330746978703,2446.915546301409
901.7382358204584,6439.462387006476
469.5930332251119,7890.684640295284
6594.5647863428385,5823.320928612362
5883.13189739364,8849.831538790711
6628.06656559933,2114.432692506745
5056.671632741811,2524.1442954073955
8175.0768540558165,6369.555041574445
5466.683024985755,8293.68184618297
9187.469347996248,5393.518016782335
4856.485325039933,103.81573302546188
7906.586612115988,6769.431292069411
4073.603536836341,8135.824330179347
4352.238947764428,2765.436278959741
8489.920452379169,541.9822888226744
1076.5983535766331,5179.519781075483
5649.17754983208,421.55220350953425
7263.364677787856,4160.167439152444
7504.206154170536,178.1784447029544
5914.935271699754,2249.667229079365
4480.644841595138,3888.224518869099
2607.8244386675774,1117.0588974525785
9094.262353541222,1141.5590398868326
3697.879475213254,8270.617403256258
7989.920885333458,414.2386675739951
316.6561296263626,6889.662486736457
2321.692146866091,8144.820493493516
3455.847928841226,1307.2235413563892
6715.740633102042,1953.7073451347264
3193.30807161891,6414.933015950293
413.6380081930713,3156.4661274321893
1738.6751605401607,4764.230712349003
2591.6535236932605,8360.02708279732
1760.4747993581905,1379.8317138428984
2037.2456014113338,6196.52521904706
7689.569406733544,9423.977222808
4120.336439504602,574.6662968717053
4051.792446679252,600.0676498476121
9666.06336659486,5547.423726176371
4467.018379442003,9600.757960943292
9276.581325323948,2204.7364236678877
2990.6309821668033,3307.919697162005
4006.262599041731,986.4797454787366
3962.8335606746214,3622.472304368498
5460.788323146444,443.3248002007995
5842.472908539522,3890.939977447432
2481.2502904226885,5554.87774942031
7935.842504171186,9750.048266842612
4965.259546767925,8183.8797964195
70.43553518807477,8220.654107753493
5913.406333166802,2281.4432457219714
7980.594415291364,872.347021688451
2504.6673781545783,6030.747041042436
378.71009361926,5211.381950557674
8071.786556507227,5165.038765776313
9762.767159716272,1090.0798620070984
765.6361466490235,4938.848942633258
9380.368073257212,1503.5574059956834
3592.7441197606204,4221.145937118383
9414.396085880875,621.6263264481603
6488.3932400244685,8568.92599408569
8902.443124484133,131.80086305917825
7858.330250514134,9393.231394453298
279.97742820626837,8628.918227289389
654.4250232505389,7526.080725693029
5257.44605118544,9825.505822857247
1296.1901984491265,538.1999712758312
4610.342391571515,6415.971060523467
9546.302985644676,8493.02090471716
2947.5728755448426,1266.1709653076937
4889.127138157409,5847.749786665273
3842.596300680694,3939.219086946718
6298.269642482484,4358.271133470934
1938.4493065155884,9125.240853852261
2599.392901342833,5386.514502747324
8587.678513640101,932.6204484632417
8113.362238603383,9372.161738444289
7891.896888706405,1852.111705628955
7709.196093178961,8926.36816472064
4594.37493461579,9709.2072108536
7288.907725322082,8778.374631606956
3872.048178721178,6771.337778089205
1007.0958018948018,7435.518198230902
3933.7464164889234,6998.672437647551
1586.6304422793087,4605.2438785506265
3908.5168063250962,2744.1971874518713
2974.252153628866,2850.027299510297
5991.606670679249,7311.678612861376
3615.404154984234,6260.3644832055015
7055.896633791784,5848.840339691468
5121.466810476494,6526.088379243976
9194.922785153998,7747.862354308889
910.2543535038699,7483.409146455336
6877.091886413323,1053.9640579240183
6723.968775700397,3630.3504970671443
9506.265474127007,2639.671367840857
3715.518670436525,5382.386622241452
3054.379697121623,614.1608237157881
1723.9344421365654,7624.64047492507
2652.885153552936,1065.2733376272383
5018.907727551386,2714.020259106179
8377.129619599771,7827.415052210476
2842.8660348064127,515.5998291870844
1577.4211665739058,6602.010685559916
2721.284710741687,9244.782717943863
1009.2697502848458,6176.378171877879
9266.954163079961,7126.574874014109
8726.241520222471,7922.668725225469
3084.9171698515233,2222.4632218615147
2469.8781593186704,5809.639180125632
9053.973140649156,3090.5671603018914
17.71951320955978,2494.953792253053
6005.775279913467,1924.5641508555445
9160.037609456705,5854.306153027108
5085.574889063528,7945.319265538051
29.66959599633889,8758.890641884456
2188.7142938515567,4285.859461418594
9224.415938919341,3728.9900019793886
170.22424179829244,6873.06902100591
3947.7976606320144,7803.592418523506
7897.447263329782,2533.193366723966
8380.909936850034,2972.9088421103665
4776.079326286701,5333.933191509504
2324.8375173285253,4443.856878399437
5997.04717686159,7057.877330597222
2637.7803155730153,5044.849909877459
2552.6425799591634,1115.9910572258268
8075.997633970132,1659.5319478810454
1542.658352966131,9019.088438206396
55.21478401990798,2273.983648299289
3367.752170058491,500.8609141790021
4909.739549950299,7314.545582872252
7050.8039189532365,6840.111438446408
7811.152576042886,6000.760186548198
6635.192111336301,5022.561544647606
6265.088803169267,9695.803540468196
6657.487223194351,1198.3229591845334
2715.26517581099,5101.627825781501
3823.613229645678,5640.4494347004365
6164.365009995645,224.92918380839333
655.7066035397286,4119.924248043385
2953.2535006785565,7828.021253886412
4064.1894475765307,4710.987552429325
5334.40682853936,8752.784497909168
4864.821073609611,6447.9893188945925
7181.318781539937,7660.853640498742
4734.2667541646115,8044.801351923599
9041.299838249888,6895.002394401333
3803.1834215241734,7493.8066002635105
5253.717061761564,6953.105398212477
32.103896020267975,5504.6374845362325
3104.7795644618936,5665.32965595433
8665.729773139923,1898.847826368013
3335.7639459629163,8274.392333790569
2531.86333332462,3121.373137718988
5435.3696244222165,5357.368824653311
787.3009844207246,2495.4555794251596
5316.051316503992,6958.649791062275
3036.657982421883,9751.689521839357
3831.0288987438757,8019.402346474074
7913.650043371448,6190.954818875669
6619.640186141183,5675.065337421009
4461.060931238429,4897.71257352929
5775.163130849394,2049.7143176360023
7668.587553202292,3480.100518442455
7457.837451961883,4063.940741713006
1853.217105511784,9445.690748410103
3009.1922199920473,4255.828540360124
3482.3693096602524,5861.903547959259
1875.4229000500445,9224.245406117589
121.61454006304196,5184.2640781134305
1739.6726878881218,2514.4977986403437
8082.4432708148715,3810.0610659807753
5459.204513924711,3755.3920045278287
3416.5802698718085,7147.175647021545
6083.444456294647,2961.2073046002583
7398.341253467917,7302.885777603942
3544.2778302086263,8892.427118867257
4660.748415349744,3360.7301171371187
642.1321667011559,1353.4110024576905
5970.905362124792,6385.543509686428
3564.0709555218464,3608.544675239942
4335.236476007876,5339.861671445779
4226.006179469247,6341.656318396107
6324.092887425428,4077.429440609115
5724.6534895448085,9246.944517900747
4221.06047776568,3996.1465417047216
169.55021490728694,3073.743272400289
6209.626146313793,8856.752210988876
8795.774740343271,1363.017234258097
7695.515715938976,1242.089287855901
9816.156322500821,9356.982076056258
1390.7533802071337,2089.68414109449
2225.200527878537,1484.3740362464052
5392.674652219791,5351.683040195485
2358.8170234380646,467.8846621029753
345.4978128168984,6200.150007275601
4022.8827616394615,4529.307983390647
2876.447341539825,6404.119644147335
2637.608456588828,2839.3690353275047
9531.728170242486,9054.722143489416
2384.5411626544956,2705.8071272534567
1294.3257118739782,6375.646855428606
1253.1925790785115,9450.918506276246
8063.240734885292,4008.092883412826
7148.480745267402,1614.2652829284498
1294.861955670622,683.8247591183377
2197.531188607863,9630.179968076063
7473.430084435303,7637.01485993939
2746.163978346141,9189.520600707841
9815.420751573522,6988.330531598115
5405.700666209088,3424.485041893569
1920.079704100882,1230.1658598338017
8588.08454512733,9293.068592750007
3194.7554589723513,4896.190441309412
2888.073550643778,3965.0899627762283
3274.4123345149847,5777.920612391232
7681.972482230377,1065.5932143106904
1732.1294971594814,3092.038193744839
3817.85780260938,6378.76107098167
308.32772784410434,1001.2294635715524
8266.266173496077,1352.427589648839
3407.1876630700526,5105.878640910555
2481.729198083744,6234.571246010911
5798.932423754992,1870.017057937907
7049.918837513754,330.8463445549181
8128.960371829431,9583.66892766756
3477.849454990679,274.92657882556836
8123.008501490696,20.52041520641201
4648.810003714582,3233.4056882819973
1011.4226754522493,2224.531687755682
8463.074827157792,5735.863620982109
5476.3478210461435,8942.088768410802
6024.695719473855,4811.076724393146
9374.912696947355,7733.012088169706
5591.514849392553,9092.270384789499
55.83530677989002,1893.9965360620747
8706.158410031027,4883.108861220059
2847.5108032345997,6420.699995987295
5017.669207840037,3318.8323792034457
2048.866025614202,7397.521109884252
2969.835684549734,7053.14975221825
6866.4884806703385,4210.942841514196
4295.733510379139,879.5375342446143
6271.3063058138705,115.68783482579614
8235.75691312951,3693.4956216085047
3408.2202218634516,820.6884511759827
5683.400383260409,7816.24443208261
7775.878933731363,3343.257832689808
7151.231927693746,6660.982757916968
5398.43435981851,3463.7898730045836
3833.835107273551,7959.384168280181
4075.0198123301752,8884.12496619781
4331.352119962656,8375.141492627401
3488.4552894615185,4844.735639798533
6990.756348896979,839.516108698205
1254.152522718297,3717.111057934295
9674.541207172768,4244.559947050827
7789.855019715402,9602.540108568746
2981.630521667739,5654.973052070956
425.4756927063563,6408.462328964416
7113.031723789261,7820.035810020739
7343.590449698332,5682.024672103387
9636.226105275766,5984.84609182762
2537.05557575165,2453.277973346053
827.2509020422381,588.666075612756
9151.347577184326,7213.858791090356
2586.490346127752,8486.84697354426
7215.314473238818,4120.001833251038
606.5963782767791,5489.144532482098
7605.84804976167,3072.852273357036
1270.2589713714042,4502.205934657347
6955.863480416035,2088.897262664551
5323.430478534048,7598.86808104961
9554.881304672605,4919.117877750951
369.1764307734302,5471.565532110789
2920.4874580005812,370.88078261223177
695.089173342438,6223.983922933474
8791.976352397189,2026.5581200778947
5939.011536611078,3833.9464436487215
5349.6961235789895,4127.157000958421
1314.5789211630977,4487.325974880907
4890.322573130509,2274.363891147633
3987.036551758154,8501.102247156407
3157.5186813902324,4278.501507046225
7721.8895549859435,6121.344579082613
612.7603983344476,6139.37545693773
6466.857273622018,6069.8467442136525
8229.930312022118,5593.1800894959715
9073.072828603244,8226.257482647887
7459.165947554102,8126.178137471891
2824.5567885821556,4171.445726048591
6005.074605237034,6358.460481306217
1414.0361091435527,1028.2924452668674
1170.60623744776,907.7267826835011
6386.241421385146,4799.164055212619
8511.076545842028,9002.040236060213
672.4812569961891,6499.997025236956
1060.0373213329872,6692.164226475942
5656.073074293569,1576.733120795013
2182.118610193402,4533.044442688389
6118.181227776478,4007.9094498449363
2145.438252553399,7829.783467541931
1164.8197430605944,1378.2409677226804
5455.749821648274,5391.910073308044
8621.951380326189,9113.515025488517
6851.219721505299,8924.59889652398
8187.251375359647,8523.371097477204
2663.3517439004827,3749.853129363834
8859.786512970257,9411.006906550578
3770.3917457627067,8053.005086593718
8524.476678569936,8511.413192409032
4711.755901487261,9323.537943249872
2678.5764736049623,9370.012656140809
2602.588310267929,2400.6496325999083
5676.678843646529,1276.8771177716687
790.1027020684581,6908.749435713153
9300.561945885087,5632.139566371424
2714.634956985357,3274.265056319321
3356.248178458553,6844.495067770156
2333.0155374123274,619.9687731592173
30.0796056072139,472.0831649588342
6925.502368087978,3543.105842017601
5905.529010342235,1938.4662343216087
8096.445401971157,7185.560507375774
410.10773450980474,9480.21837908192
9286.556447333203,6616.274136846255
3308.869400603656,6547.843671275638
9130.698625057938,65.95573419583167
1071.3148206753954,5122.769717246301
7439.205814696411,8171.013201751594
5793.582314323266,6541.203653380177
3581.91215252584,2277.8238464883448
791.423959330193,8484.752484272009
6047.365098467405,9643.767242151824
264.398830739131,2789.928475002704
5012.820991460075,2070.943421658067
6042.085757936549,3385.2690465267588
7325.23747287522,631.5828387767108
9913.346342248458,8734.326730868755
2600.9371350776487,9292.994805324812
3223.8982137347507,6333.030396331303
3411.45346808992,7643.34812853446
7315.8271185883505,6686.50677435156
9318.192682561139,3773.5422928986904
9743.237495815587,6320.423620542658
9458.113665581292,8363.201708751129
8793.830077152434,8099.074102357671
9909.77373820631,810.5752641667452
3759.457268344969,4626.009605431171
9483.213199987063,3973.2146395725
7610.199623959116,7520.087457798647
1684.5985952797826,5013.759395457833
454.6518787720233,3497.011085694196
2144.8395787032227,7063.497605932015
7787.511242876261,4735.785203358988
6316.968812258842,2566.24027752975
2243.562573466852,8904.169226102256
7419.214544713593,1130.478481530517
1413.22239438203,180.87706885486554
8218.413938586944,1439.110326480394
7941.609759707321,1636.432534973442
9725.759707060484,5380.422000475656
1502.7956462931813,6248.655006370375
9066.129944146003,4486.111340587991
3411.026637218385,2041.712452789758
4160.598647953117,1321.908987939252
4684.450628867695,4921.519691237265
6269.040532025559,5654.830876198121
9947.633701180428,3039.61371703474
5999.5880305523315,2204.3994734097414
9267.158650404073,805.9272684742724
2550.28202084723,262.444869922327
3984.1166181514964,1057.364308361799
5044.995294385808,7420.794122839406
3229.019897866707,3440.1865015388944
9768.671029643301,274.1891540190222
7256.835538972272,5081.652718543446
4788.813521825601,5360.672668886253
7513.047012097939,4286.887796123935
4674.424990826512,1106.828120354859
172.25327367926036,7549.673976059636
5431.934078103361,6890.8158823661915
6251.852187612016,3947.291382715882
9812.074187185617,3808.15356748068
407.9284826061769,1559.3511494594313
5120.969574551338,7535.4934708774945
981.5475670836182,5995.7390433976625
1489.9590157096043,857.9344551294565
6104.63338968476,3780.6345843691347
2315.677122664973,9035.609425685027
7491.741112950245,4523.746016562262
5141.986925952728,3249.2749930057716
2182.1288516573723,6437.840754485948
4937.91677601065,2029.723776840583
8.817269081207169,5238.0339820717945
8627.40043657841,6695.227535636455
126.78377055762802,8548.784159750778
70.09892492182534,6925.0430277787
6115.039431796471,3844.0979716856436
9735.20925790083,7678.00173348311
8559.334843539787,8983.999280708418
2520.1891258945166,4777.636246599396
1966.668111476857,45.007854832823654
6261.121806334554,8809.180259518442
8226.377470220774,1654.4199160875096
3620.786709000298,1263.255049803733
4323.545903670759,3076.785657400315
1154.8951367775117,3799.8374539076117
1528.2642125535917,7993.76698186652
5683.515950260208,3891.833851131287
1026.5614574843696,488.2116635418332
2020.46124795901,6359.616799906118
2346.770240118841,6712.210234300083
4439.245332136304,8142.209208321036
456.11964123636216,3988.660806611317
4997.709716929386,860.7107620767706
9286.744063940814,5530.622776945526
244.63661119072611,1209.973825775066
6309.848652074654,170.75323024309918
8358.423651515423,7785.834718513456
3124.608425491772,4034.1060033838403
1315.185450192249,5250.05172062436
433.3978760926305,6628.49202768534
6439.030594358025,4010.2766671123836
5522.343802290683,511.31592477395736
2292.949883919976,2527.4365770796057
8316.17307631748,1943.4119133794547
7355.063521523434,9773.940208242655
2764.2878498678315,7395.054540254599
7533.630228646339,4515.499982631925
2449.9421350077255,633.6739645751433
6752.674618663609,1158.5052247827055
1185.4504107387943,8128.9956927141475
6922.394633332072,9454.490938370005
2387.7441898226025,313.50184475328444
5724.693542417141,9103.971226882759
1724.6386685188254,3805.6371338599192
7259.669475679523,2136.3266065367393
608.7957439305169,1022.3235741319037
1654.177868027188,7717.489419531948
1841.3647987083648,4689.104851818137
413.43585853998553,8324.237819352567
7450.1251616024565,2261.571534249621
9809.525047399327,6785.680368324246
7783.977884116824,1181.2170486612806
8606.319621223956,897.5068413476972
60.076603382771545,1333.998503617515
1178.6996377459325,8089.013005603072
5590.203392948624,6556.197354326399
9778.688847941674,1659.6389193365824
6607.129310482036,3847.7221068518543
3741.3669373807766,7636.860097564568
1461.4930548145921,2856.7438941388723
1528.3569438265076,9212.637123130959
3627.5320231678375,9146.027913502572
7138.101973440073,5529.008256947235
318.19291024910655,6319.742691521148
8521.775914616384,6532.1835338782985
9415.514356898057,2584.6845775507563
8888.164605308311,3653.21388723987
9130.269093968931,1359.4111048988466
153.3927941826374,9248.71341653869
9777.923159498958,7238.494386955521
3663.5711489034884,463.56266332647556
8692.811183651747,5493.874500979166
1868.0887069961416,3430.7373473795933
4465.257426622369,8152.878770614091
441.64388623976646,3438.0008783351277
400.75996842827254,6441.501246008949
9432.761007696381,1657.4033345657258
8106.066125290391,5587.554896490587
5298.2604441379335,2938.8573255354922
5254.581735645378,1648.8842236251278
7487.546184761863,6192.59146936456
3416.687815704901,6386.412000153758
7618.692758619521,9833.537811337867
4850.083799932724,6691.060596611157
6379.174029114649,5157.099385271282
9648.294501031478,9126.208430847497
4713.155575202615,8282.808186884558
4184.046597464501,5487.462784401787
9057.491739413586,5113.490777408073
9025.80494916344,9419.691857158768
9924.187018831759,6171.270439589308
5508.629993083092,7137.791691695069
3442.615410266028,866.7904214720312
2403.9006317770363,7183.056212492593
340.963569516618,2646.818422066832
7267.286242108855,1155.3792320629175
2334.761737354467,8496.661088053097
6066.408852256573,6911.91086652746
9165.923653643955,4075.643122381304
9502.136073945268,4314.167262080665
44.10133980310316,1971.1772220981638
3170.750313763564,95.50995466275248
8373.780294652268,3493.591395693767
5364.452053515352,1484.1435968258554
8075.087334821528,4217.267956873153
8533.23282837938,8338.250879299583
4426.262199413228,1147.5436340271972
3589.829380247855,917.5360213614647
4554.332660505254,9021.02219965562
6527.952026242663,7451.395624383233
3671.591528868183,530.6986561759009
7749.882886977527,795.7048525758381
9039.927936850225,6849.242281489275
2823.112021587265,3703.4420214768616
9649.896441742394,7241.732955444422
6227.252467253106,4044.5406930047766
8781.68771219741,9677.866873211677
1039.1643527210547,6944.166122606511
2514.991370562387,466.1576484567487
3210.190794325922,3305.017748773662
3028.221511745133,5636.061861360293
1718.6115659853185,1418.7363820035737
8682.009475248324,25.203000752956896
4186.121412895501,793.081323217163
9631.302124667882,5242.63477696168
5834.723667901471,6322.55090885571
1383.946356448631,929.0337569421248
5459.047098339571,6651.565239056132
9935.451477242423,6171.241572546758
5651.716870992748,9398.969820112627
18.69345129562605,8406.754915622701
9330.799035904192,9432.418637389652
2348.9440612818935,9661.076231567662
6885.290530689566,4408.08535979622
5150.801549554427,4879.106812780107
3254.3375684088614,2816.21968289101
2826.3952367638867,5084.324025948369
9287.598625071047,1507.146981992119
9119.258959198372,6714.309607581979
5131.348400537792,249.3253466502954
2584.9519553513924,2356.2775628554978
1023.4203217199778,2080.716981913151
1565.7638285908558,9378.89071422054
5222.517257406045,1449.0175170784914
3078.2996057900914,8907.754507830941
420.681422599567,1243.5822136816378
4551.673853111001,6506.979862804624
7461.892924643136,3198.8596817333814
8916.951159599876,3160.023685469916
5852.840456830893,9982.711001214651
7232.92123842446,2260.428577929241
3640.704708649324,2025.600679344426
4962.381792169394,5893.347490979636
7296.268565100292,7407.52397028573
7276.582273722945,9825.045235234476
4245.262645695041,7014.137742374608
5436.673415583227,5618.710662504095
9238.553395509694,4091.3171775808764
6319.976049432336,5951.128089726664
6425.746256865897,6008.349967526917
7846.202923853601,2177.1149386432376
1152.2289631597282,6712.085615338034
5228.842916487275,2044.2379066440408
9594.31736270982,4899.548233953591
3616.603921760989,2598.6951262991233
2949.2614642209105,3128.0102372975107
6012.0796560475765,6138.770199960299
2211.194245653034,644.8511473780028
5559.45156523649,120.34815324227455
1556.5201085764058,1306.2000954764364
5797.934606979056,1687.0697807449753
6023.791836451775,1978.7296804563393
4184.004790122628,7739.310702144799
3827.4642543868854,4468.579670378786
2454.582784004493,4699.361338442722
3309.2230783359432,6443.341628555435
4983.459671913633,7291.087684128476
2476.5890102910103,35.08349553436041
7828.344633718626,8567.253358051696
7090.352413257717,9884.348472741083
2693.058671459955,1218.074322384217
974.3516310154798,6510.805836569036
1.800389839627936,24.137544009764646
5967.188523814889,490.2948617458236
2113.6374645364886,2850.010200860553
125.82470101539123,8464.040844196341
3590.8527059202265,6525.009014377374
9619.984623174334,4458.209319723269
6899.428076298173,4385.984736023928
8577.637029224581,4660.535743531266
1447.3909826073007,3110.331078010038
732.8815461943639,8777.145176255144
115.29763509722457,5678.691311997974
9556.62290019487,4839.4996352585285
3002.0273535354845,4650.766031571038
4595.04942340858,9358.264668979426
3945.236236017745,7236.619282196818
7304.569353928593,1448.1455471658567
3099.648819527431,4369.701699432651
5354.528826140516,2883.722104145233
9955.822649554675,9868.686577301627
4440.635513442363,4153.957063131808
5512.715406997556,678.7010302978235
5025.280623108378,4112.1200146280435
8031.861581360322,3213.5028060593527
2668.39654033575,5995.826470782478
1704.3801614279696,2260.7817522902983
7540.93158264862,359.7364969938166
4156.181863686542,958.8037515889137
9137.260089766873,2831.4758953436535
6441.592857933976,3483.226315331076
5643.431117117426,8344.505400447328
704.5705482587716,2700.696840143848
7304.119051377979,314.9305347604614
6860.403655129582,7807.334832028542
6400.719244871548,8689.175700889626
2679.0952357069054,4923.062374005278
9467.393216744445,2849.2723075647077
3216.5512703282006,7721.398801184159
1522.3095675393429,88.9840668199049
9872.011549350138,9240.282291078945
7462.462791237681,8655.316448773112
4147.868823261813,5448.332099548357
9359.164308887068,2775.811879097886
911.1737436619727,328.4488274899766
876.6121642655778,9998.237501968622
6824.510186285855,7620.73723038684
1779.720483788435,3387.0987580815836
9171.395151932842,192.7197163878458
8403.591742988709,6392.917284607711
3063.6722410118646,9869.040057516955
8888.395822693703,7070.727086326672
428.87687007328367,837.1440856980528
5486.378527374939,4022.7837217355623
9355.627737088333,1091.8346272755807
8553.829789356982,9121.605496009475
3560.7332380099497,3304.144709525808
1828.7043523463487,7333.765293406711
2105.4058840374455,846.9035800910663
5145.0787807840525,1284.1469579543952
5967.72943836474,6794.876620506847
328.1431662363643,8434.799483621693
4135.515592348881,2014.4995633127894
8303.871156439045,4183.372459970635
4443.289502357971,6194.170347031267
1691.7539094941048,7962.763392602726
9548.602930190968,6281.966103792811
2662.7553992646667,954.2592064257672
7984.282656340605,5428.19328334084
1937.9416633893486,8846.066814765702
4231.727292215899,8680.23721023984
4904.225397748119,5850.156077509613
5006.352959482445,9956.96206770839
5164.738681007048,1051.2372238435541
2249.475406897614,4785.9535739165285
5159.155219608352,7751.236393527404
4817.127538777542,1410.3811811415924
2087.1949712626324,9727.497614828546
9881.915595037108,3540.4654518364496
8655.633927865501,3501.3975397859085
8875.76351022483,2131.943011412062
6855.710503828949,2880.1746406659436
1598.9703069175653,5775.889000730974
5680.920638997489,4293.542890509545
8214.39631627386,1933.781783267302
387.3648868866253,8091.399403164693
4958.431032876197,622.3930712405968
3961.2287999491814,8346.52744500272
2121.247296593036,2749.3872464791248
3782.500037653177,4959.033330959718
9834.975108694529,3810.6453858839186
7232.433263617776,5706.021133897141
2995.3708001494138,7959.899951401754
6053.550514808296,9893.19793474695
2466.5624028567977,3060.591456539016
6108.4390902427385,5538.044123635337
8961.666894849317,4660.075487749974
5568.767999425523,9989.281593131207
7333.399754526827,8089.136304994489
4533.389987162968,3970.838585801928
5241.239176639966,4768.790556076464
6950.750787548786,2459.5659442659335
8124.050050513973,7552.473197488265
6594.5138652544965,8452.117863784422
9774.91993890093,9649.868236229204
8198.225877982828,5658.288968177971
7771.602046078751,6706.8300223743945
8451.015789810255,4460.588316694593
2812.1093542434905,6091.285103376437
4320.471539483807,3487.4903024013083
5644.629183945907,7376.891165206392
4623.863184426857,227.00365754377395
8474.578182240797,284.56849691983587
270.6851767923202,7161.208901865981
2091.7541723282084,9306.82803125166
8817.06541001855,6322.489344364463
591.001376769672,7265.282990036969
2269.8830360879806,8239.342912181677
3512.5033037648623,3616.742644635794
7507.405608116909,1081.1365755940838
5601.806961668484,9330.922872500963
9546.04702780331,9385.705650024402
2278.7501507297347,4418.40555572079
8721.204049887294,2171.6965699461375
2829.134897492488,8923.54382769989
2454.982591265602,7084.266970852532
4983.7519809935075,82.28350546961805
712.0450525649369,1077.197014590825
3843.0701299328316,9831.996427717446
3556.759681097437,381.28178808144673
1601.0155570177353,2825.5501036362207
8607.948452749106,5484.963447061364
3858.896437093833,1843.5561620554552
9819.201795136825,2320.5408636295897
8997.079490377742,3529.6748656200216
1948.1069956992546,2695.542683229536
5051.2217233793845,8033.562279200071
6018.041383665529,5002.744733926048
8189.605029436211,2786.2014757761044
8856.427496513948,3130.960334946984
6240.180211554899,398.64959588031377
351.3420314221538,493.92076180875597
4812.764495181294,7179.075663588841
8848.035361863323,1129.1083707111404
7140.896025442599,4757.967746817818
8701.419414094578,8423.656428557968
6740.797897227073,3684.5350572720113
440.3500981497266,3457.5222701070597
9680.066562066106,8730.482757869719
9180.185405696788,8648.503966496726
1265.7953991262327,8801.368014602836
1126.911668437488,5719.139601317589
5390.785004770201,9523.042735732603
7570.508345568833,8189.639478173773
3821.732119382537,4156.344269523687
1363.8216354324206,6295.551419400384
5105.560987813546,1217.8908275830968
3375.6613621897245,5513.3218595085145
3517.7195555132466,2631.490835542687
6449.855368403822,2835.472265113689
8856.08099229504,1257.1823292792483
5585.917308556443,3581.992235739265
6876.025108296356,4813.903302991576
6599.469915212415,6003.544411868631
5511.4619255693,3048.693362693096
3107.581455831301,7922.482343100914
3777.9418491023876,5209.599616037181
3157.037984904162,6380.521089557307
9174.980964820548,2781.4360897853285
8266.186705104432,8141.358790122647
5793.473728512207,6242.744505659372
9122.434709742007,8623.48749449157
8864.08693147978,1599.5157893829448
9276.94399751835,3806.6326693099863
2217.738576555329,1130.1618405725967
7175.030377638946,2155.2731090439247
6092.244999235018,3945.4750448487
7338.306378346071,8945.819076593742
2633.793639182872,5570.40669071904
6948.090714382977,3303.7833071425825
4098.28515254387,7468.991628795923
8340.917963063002,196.82706194301457
7953.65725161773,3700.9221124266787
2113.5761085891713,6008.316965933785
1838.5527640330301,5832.37303862202
7177.31721284866,6075.5788244249425
5504.748947281605,2115.00764814466
5572.059106820489,3370.791529934788
7525.153234593546,9315.654521146267
8549.7079302179,9739.755312866975
2389.6390060871677,3120.3835133189473
5555.395467905501,6445.037034087543
8289.547094920772,2412.9677913690584
8727.941711950025,3685.2866697371446
2874.093883385166,7923.346968159638
1041.5385659751253,5011.787300064157
2328.232538777799,8495.899598415397
9454.995140145273,6287.402456590569
4624.797124352142,6289.211851461486
4185.737905560249,338.8002814782509
130.8434873421016,7496.703592419095
510.1468292135114,9778.66527950497
6686.9592947472365,4730.285602533847
5898.270687249965,1585.8001495917217
5755.282984954038,9769.776713805393
1103.2287602447154,2901.258748178663
3520.6116956535348,4091.9795573717042
8123.581386401479,773.6641410153167
1749.1122391663728,1108.3686569241856
8826.872509824363,2165.6567055940636
1214.7830034890317,5484.66065090201
1691.4933012398815,5577.892018644081
4777.499611537285,6062.4382284288195
9452.999044485374,5838.169570075963
3295.476781454236,4952.3698308341445
6582.179935580489,8020.98654602109
5886.712559890762,9338.996973738726
1496.2263650055752,2697.6133327922935
2481.6690139416332,1301.936823064349
9301.52772643822,4250.87293905958
1848.2962365309952,264.2237509397594
6950.098897551133,8833.188737116765
9646.944826003044,2397.0626024632415
1195.059922022781,5492.96629748295
3991.8199018731448,1150.949898964757
2239.321444427372,5532.573392432842
2215.615174045429,389.934529018644
1189.858439996808,7688.066955890586
6495.511839914659,9554.214626439147
7463.435099107118,3069.7606494359543
6767.939100230562,2582.146104542926
9246.564576191528,4479.949715868402
1456.7880871805417,6199.736602503758
3198.453733850062,1889.62461991808
3445.7280970245597,8033.079972628775
2320.8210384690465,1985.3481335041079
1422.049441569666,54.742199837080065
4867.034759262638,5242.505835855745
8344.396280474284,1151.4971116591178
9545.39725603318,6982.387253870641
1293.4063221849767,1674.699958685052
8231.57228072736,8173.803955200354
8245.811229652749,4703.68132875998
3889.7812155256693,5662.7790461666245
1100.2962414545414,1865.8516530271174
9900.08006756898,1466.8807753046287
6555.930305288187,6312.92466520212
9821.956950415804,2554.6061534168516
4836.555156846584,3859.2556831775782
3951.9299993672876,4794.491539369859
2471.854759704538,2296.336055809397
9835.720017720196,7954.238105597035
2532.572694622737,9394.244089089056
237.6275621805035,4318.931620602278
5124.684135884779,9175.483844887636
3770.5049305091543,8826.828173423586
2613.825034292645,1660.4722872012578
6346.081164811734,1733.8194582291321
3642.6861489782227,4774.050614703837
4022.5088831687285,5258.571792319536
230.45603894044308,3411.297256523915
5890.7092855305755,3129.209798386172
1220.7102984704277,4313.672898015456
2138.048588954218,6904.792813992009
7171.178206126382,843.9363301188107
3132.42726183911,7105.820035123404
1632.1019743838094,9262.402616321348
5774.241470624808,7635.067088410296
2149.0449493794063,1916.7685634615905
2709.78213958705,874.8118877714195
6213.393099778737,4903.80408989539
7398.617813639149,9564.06089178987
7396.596851955771,8190.5928738882085
4822.434118708305,5627.336390129929
4542.969110094355,1429.8142341759278
7876.451842312574,7138.367821115955
1930.3472511251707,8129.982386075647
1522.0244752845924,9350.691364258431
6646.950660295098,6121.162341599153
4095.069343892553,5144.658146454085
7099.984605701809,6191.820435676793
2566.0022346323594,9432.525046585446
3248.718810667669,6281.270861732842
8966.776491853907,2575.918493937076
4216.565268215882,6361.514079423462
5909.534697203844,8797.445728015548
1066.8219411830949,5670.020285960169
1788.2917219275873,5026.9882800970745
358.8772882264424,7333.692495025147
4243.708117616666,6609.886951448122
9889.20004495024,566.8759895368892
8738.73152651466,7253.111408974308
6329.089149405069,4075.4943008608457
8610.96491957466,9408.98280030737
5941.693563524231,9708.029884185415
3687.688803341377,4487.388181245502
1735.464011011153,9687.948466579228
6530.487417602242,3108.2051495599626
1930.5127639074537,6826.444214519778
4174.284172000602,750.5471110941763
8258.018421552631,1449.893485154472
1292.293025617285,8645.259023778184
1290.214190567951,8937.840392969634
2244.0241559159736,5326.111919697447
5519.17307122299,3397.7342694691524
2517.2347825991305,4510.239317639505
5031.979372550008,8696.24489144656
3019.826110596872,2109.934226209179
5062.422049084055,2948.702313015964
2776.314490017302,7854.429342527676
9800.123756085652,9352.694459164159
4927.179011419677,929.2734001550429
7436.4343410824,8037.723013522957
7005.465588982051,6450.683069318244
4905.593748143612,2307.715444640489
2388.620616679252,7558.17196664768
5107.182779128649,7279.160649993278
6809.716237204345,1420.2981154941142
4599.192705632118,5022.510574113887
819.2510736274161,7582.910828506659
179.83229558083957,1915.4412680781252
3278.768084678385,4627.660223911702
1502.239260933119,1207.411246953114
9061.902459259956,3068.349240408936
1758.3267008492487,2179.4490090153417
3942.827140115661,5050.711267248559
7120.775120714814,1412.1533482075245
8154.21660016061,3831.507553925129
4777.131531781309,2751.629049856594
1811.3500960839212,7460.489142069767
2708.9522357585306,6996.697731353438
4189.684476411471,949.3052966562276
3645.9458932558296,9534.838878779183
3486.727571696565,7446.829180800888
1318.5380175666428,6159.586957477684
9133.102521709498,4777.0149478468475
297.56606417715045,1779.2242076543896
4400.021278757512,9620.159769867938
9803.214925030867,78.58376702408188
6597.239388241021,6924.811342298775
3554.1066373308327,5074.443245382985
1460.9758445316988,9025.81890024574
9638.72605645761,3806.9727935477595
139.8636187314972,5186.444189679508
6813.8757061314345,7423.39391913386
8801.374714453274,475.665433225223
251.60489886242198,544.7524102502155
7251.748640905012,2116.7274883792875
9988.377612547349,1464.2458352922872
6396.424685733494,64.43468333892865
4146.789478433988,6229.898221062107
8744.00719356282,7959.379674560076
5541.792464226282,9571.14976335591
7494.4084678994,4409.003176719183
5877.789918185049,2797.2065824156834
382.91092487949265,8639.024487784975
2131.4498820534754,8443.956128393924
787.635739867496,6248.432109337034
1066.8776238322298,2731.490386419346
154.0549358807197,9085.175949059345
4211.64979014153,1784.0133669177903
1786.516317541651,436.46503643685605
8556.965204939717,7966.182847273643
7500.375375406604,5636.590604344586
5731.76994815496,2464.678171185252
4890.213453503954,6708.956623202127
2558.686405759758,7667.165238127653
4749.514658749855,8445.459513422937
6412.292758644108,2821.260159686312
7822.288601927755,255.8745125194939
816.820662595934,5100.388200268528
7084.6468874555,8560.785981303934
7427.298767612853,2078.213372619382
5589.722009248564,4211.254731185384
2143.1919570320124,2564.207350848887
5391.845875011751,133.62651423909688
5027.048818153104,8985.24096443347
4757.100963867962,1350.5322670899156
4606.399154671841,7667.671157535068
1108.2556629151975,3466.0323179166053
1828.9248485736475,2776.8190890666524
973.3208845134234,9410.288865053686
2424.778276679844,6571.994867406424
2634.76782730673,6869.226619214758
2450.758614930454,7596.529184538446
2109.290681856034,3409.3333602266416
7354.220454847889,5636.644806957731
8185.653995981179,2702.2334404688563
3271.0921657256986,8345.41515476869
3051.288916844489,5993.0737929866
8440.32349752508,2434.068260411176
6239.239016657911,8997.584063217782
2934.383247890575,5808.400004838518
7136.122925865822,4950.305032574131
3445.9281023316735,344.87586431967145
5865.556143421731,9098.020051606125
9926.340299878015,9522.73916031378
3015.9437521603327,5625.986278378039
9305.26000708333,4425.133536145573
3206.5241428469817,3595.650660046903
5402.867043748234,2680.4798253603567
4599.837895990399,5745.293378042063
7831.595623439362,1280.9505301456536
610.926994819948,9191.736082451402
6271.223040686638,1759.587380578208
7606.669443488228,7455.132623435174
4721.448513821192,3068.877723686515
1052.9260653780536,2260.710776786783
2448.050134848131,5578.691793547798
6796.723701008636,7651.249811595051
8954.373855003152,7267.366689403147
4216.086070004886,2337.563508972075
5604.120350782592,3305.0235026960095
2283.8503672686206,8688.32183000376
4122.1331403687145,7232.437445164081
3367.898077704915,7126.939053525621
6555.255479715236,2689.05076331891
9846.98951675111,7920.043076744355
8133.034519856862,3584.177954324378
1921.6458492618515,4013.905201593099
5776.785933067668,2875.610890007261
664.117149484016,1213.9024703924194
2469.1548684263553,4203.935629957981
1722.176760603904,169.39501922368595
3355.455376394629,4559.102394272597
6788.139690442135,7250.064381031529
4993.933169168267,9607.45032764475
9329.092598292176,786.1314456603341
2127.4883984850867,2812.9070417549506
3642.091462539402,4941.310516117002
3298.5257679246947,1703.8794870191632
2359.636259599299,1168.2852207630467
9931.707691262445,4523.181054505505
3872.2554544305444,5807.305288922068
9405.089804995983,8202.077265463622
3904.734738529895,9978.034217941788
2040.9167874066093,7742.707799871848
1192.0633068271113,2213.4045196632023
8555.631931755051,7479.780687612475
320.9764048507824,5371.536243190823
9643.945883392813,4508.095757034389
4181.912117855484,9357.284939072697
2473.743510843571,7020.925869196615
6174.461322153625,6816.93073543958
1329.1299183618632,117.5596472760021
721.4557356635576,8650.71491379783
8277.83351909567,7933.00477410311
4246.707746253268,2989.4187793044257
5182.54912104532,2921.134125066087
1766.9600887506488,534.7846005190005
614.2424452694229,508.5642372867716
3677.7613265184673,6685.945134616813
5061.462523800894,1862.376129077794
7654.306218780279,9235.478498385506
5010.520002354634,8424.044280249525
7825.070176859029,3488.8516003218374
1154.3277967431386,3800.685518124355
639.6277204395162,3272.765608547806
1588.6096414345163,923.949131917593
7720.121268887286,314.3015765021795
7593.302308387015,4521.331583398973
1413.6780451064146,9430.401144914944
309.8865825067976,9172.493208191352
6852.8193621216515,8098.387411213645
8552.817832429775,6285.949274430047
7541.076955101822,8562.224066914489
2027.9898061507818,5150.685177315641
5837.678972253356,1801.6013302063172
7573.657206255412,6841.703477892318
2558.2870454703952,9206.460351784954
5277.20801369453,196.05097405746784
3144.604039737703,2514.4405220793074
2255.754173270211,2654.3819127127144
9695.893267708525,990.3953861626092
9125.819603869262,2254.9422139854937
4456.67730951487,3839.820779114188
1367.7806106397638,9398.35424848324
7279.073033206487,8602.657691267965
2557.0113012822026,9460.062242626169
1685.178058380945,1205.717767223392
3815.2901773818458,280.4846161925667
5298.49809166739,1098.83164411105
974.4032982041462,9142.956348526272
5717.464730485265,1574.8863853555063
153.4837476262152,5726.367065725249
8918.690605930868,2275.8236986076195
9207.416892788666,206.35424916799482
7330.707735118514,846.2134214257766
4665.494085741776,7097.970229664131
2548.962705633112,1823.6645201333913
7441.120907113965,2291.3920543347945
9317.972019520636,3772.565008236858
1585.3370489743957,6572.415601361734
4658.21989297698,4693.723929596663
3152.6163603592818,9446.102159937696
3567.417890459099,4341.821907396634
4057.577813229325,1991.3092019747169
9517.963443713385,5361.4283940900805
2586.3716786809364,4508.89615094867
4926.758390935067,7871.383385350298
9514.874716617904,9351.212305394823
4760.568902183173,8362.952280365074
8635.995219214534,3890.397249259422
587.6477432528093,2161.1612229135967
9530.30418463236,9144.889370139274
1875.311470260509,3859.39651437168
9799.350347312842,7702.066234487102
1755.7686525854842,9895.273412128907
4443.659477949742,5774.426815152761
3086.144915725445,4798.804683688855
4332.314210950441,6998.707824812153
2505.247399255255,1939.3098079064087
9653.174124276418,4882.397387986502
3057.2498407309167,3123.3075711032575
6532.749120642229,1642.278706756799
1374.474895987885,6101.3654903095285
8243.874848498837,5757.0608545814675
5425.079435095134,7612.035997425398
9794.461245313158,8729.701242413612
4234.022168334352,2203.7598602088924
1954.4787497666039,7797.026520538002
3460.189994409836,3673.8516075292905
7369.656060934943,6288.056017934248
6591.06520995876,8502.400275958113
7783.474076177252,2561.851152858189
734.7029220420909,6009.612839658372
5803.687753447864,4803.188772001809
9321.686770363047,7905.77293450719
1079.0191948157735,6972.412989411052
943.352589129789,7696.318359032417
7166.043645195139,2879.4312960320813
3151.824558442019,7043.56294089096
6585.792103609069,6058.058742596187
5453.8451305036,4566.804560457567
9860.666583399056,3783.436903681503
8890.564169548741,3316.000307954309
6780.727815617117,96.74361302829948
2616.746261031505,1695.5855130678765
2619.0816215046952,589.7821222340649
8822.438005689459,8483.575426296693
5853.41065275393,8600.88870415082
7892.817820521023,8461.933366892677
4498.642065368302,8179.197643537826
1030.736366515266,2213.3045352797685
3326.8645823962606,4917.861745106739
1611.4919428836315,9078.437719683969
7818.328164255023,7597.8179404706425
7005.119896570902,18.20285954360901
884.1292238804066,4594.265764037935
6213.853987618771,106.70199259654622
8741.355069947955,2806.6104698067484
6973.642953999666,4357.62441226885
5111.119129844214,8928.99292650279
3118.6328493888727,6543.842841473265
8870.967495858955,3624.845654899076
4228.048821410199,4906.549024529209
8553.935802337854,8173.89488596974
7829.998382181971,2996.555991137132
8162.269652808597,6150.347754686664
9897.975201616462,2622.4688388785044
7487.585158729645,4799.6343722366255
340.40935718648416,246.5850356206334
2054.3393498074493,8522.753194916919
351.95150325164514,483.4883151217995
1899.1356994169062,2243.6049983843177
614.3951068611331,3335.1187895881053
5016.170411862529,6251.611167671816
282.0621313307781,7200.3346557505565
4725.790996152595,804.510422854433
8988.40907120012,434.65485884790377
7485.760125748095,7989.898866293488
9439.55923651756,7121.665339041263
2266.467737565204,8315.503542546565
5310.858164052937,6765.382651835163
3185.794531658388,7510.122703566528
4938.19795692034,3790.3838304714477
5570.758295842885,5901.843203949698
361.8613047586516,8053.923428701426
2332.5613521498312,1721.1753440651712
7047.727792439974,4228.229608261917
7729.280245402996,7404.897684798612
5694.513674875033,5326.3657176518545
2708.290279486767,6816.574529261715
4050.8411672274,2928.6919587581397
960.3681188138457,323.4245131768465
9531.796167925917,291.45779754376156
8686.774712102882,9427.811765303477
656.0234690746336,9445.400439950414
1664.9066565833048,2112.823399546194
5810.944411887535,1474.6565797094402
2324.300741292159,181.39833893020872
9344.006980141283,2312.568563152585
7555.905808710746,3343.514411545736
2732.915129110828,2412.4263363788114
61.01411190476136,7973.841403062013
7994.473912029747,7494.304992754353
4240.897096010656,810.1414468587398
6423.77711857777,6973.216081020926
2869.7482542129746,5205.851198879165
1428.7325935817096,1321.6610637485971
6753.115917857457,7395.354304929824
4503.245881466591,860.4556517420259
2351.697010699809,1771.5066580137006
1376.279995662032,1492.264815531631
5804.795944416334,9390.33404166484
7255.499402075743,6981.560032046487
2838.8696212311525,4112.8592916476
7351.425353471239,8222.04150848802
1831.221987327719,2159.5940952226433
3384.156910951093,9310.932790450988
7448.822867999555,6969.973208791025
6601.435196470793,5595.806410081322
2705.236269039125,7946.484487033281
1221.3500154693313,6447.809814251584
424.7342494724193,8871.092750104823
8379.151799192856,8291.52660074422
751.4194956786002,1978.3050504077883
1148.451522063878,2396.638005443684
2377.106302753337,650.9741377564349
4456.6970423984785,2201.9891717280248
7897.870802364961,3434.888649381347
2474.8032594110605,288.2735517249313
5435.082483597519,3149.6254621061394
903.725220500431,7715.458416273004
4645.110051365247,8403.275980136152
1776.3899337730827,88.73289987423317
2111.9155889056506,71.47038269232687
3668.2843410892942,1463.0710825100114
7613.476987008574,8725.770607337898
7439.864299002346,4692.780511323538
4149.7297648532,9829.020761679809
1186.7115419240859,8873.314657668014
2806.9162002394633,8901.2811347304
5053.557765301382,1284.7643192877013
8694.11778695123,4752.293492127084
9682.546148133304,9935.905973180188
6374.709350239135,1490.4423026041925
3506.864904974013,5742.334536181946
6934.534536943787,3442.799919530848
3362.3013582059857,3878.581400203552
6254.734534166064,8907.92504040501
2437.665716956766,5879.02569192283
2669.8870123137795,7587.763893888053
752.2558904112309,6732.3439749524105
4201.41152213175,5290.156905699694
6181.745200956678,7917.11198770376
7887.949438106211,9707.32905910384
8103.485448376937,9668.195539557863
9924.444495071639,7894.5200099337035
877.5572583696189,4873.29755749229
4931.367684458288,1631.5895919120128
5213.745754024134,444.7050897189442
8045.334263778923,2314.449683659441
2663.5851558884706,3402.5799959754345
693.7231993946702,1298.4961591805265
3137.5881026841967,2247.653296124522
9839.27829064261,835.4546456088408
8994.411978245864,5236.769720629788
3952.4696094665155,1263.1819117354703
8762.719987450606,7427.686299229546
327.5448411665871,3326.497781440827
3142.0407746420055,6720.627142112312
7268.118479875445,8825.194350803846
2214.5225101683895,860.1654253701041
1983.9095148730669,9890.007874127105
8618.075459643735,6452.433423667354
6159.539610767439,533.6593543665591
9890.227183120358,3140.0223192616695
1346.696762791485,8862.451489414563
3561.2840723314666,5962.336043728978
3112.1337180368446,2872.2236724491513
8801.322377189097,9404.94584398514
2552.965200430106,7872.525704078219
3534.6099767417004,7355.384961499478
1428.338756754275,8884.271200067027
7754.0098264918715,7697.799447086158
2377.0328395885285,2867.383531988629
683.2027223221949,5838.860755256079
4351.087326908967,8422.861677619632
3914.581239615347,1808.481067228349
1776.0920430537553,1630.232795012032
1335.9755989601551,1589.7624757087992
8965.572133832608,1942.5527466252079
678.4448655123055,1032.3081561321767
993.1095669631995,8376.290199641662
2450.47281138406,8183.1822039748395
9528.391896565021,1513.6899185909504
853.8424951985513,7055.37176710346
8160.148267428822,6269.755592099496
8920.521533188272,2761.9426561236137
3778.6774145088543,2273.684336933195
2938.943998318424,2505.8585527542145
6773.77728257408,7306.306081068677
7026.346006102229,3193.1706634045086
7799.771628241555,2779.592776174734
8305.667813289258,224.8109986864888
2683.9545601234004,9082.364937765216
6869.61601886649,7527.041444789639
1349.0572428467551,4727.836758067204
5107.313315441536,9429.269203505723
6128.869165125944,2935.3221177542223
1617.3193667654796,6747.050431831482
765.065397195408,3051.503776787243
1947.4628627619295,3145.7242551894815
4205.887478523671,8447.0916671527
8878.409778153748,7870.219534558307
5319.144245347272,2941.074306573488
7484.928917339906,813.8951566659381
1741.4452829144655,3575.841395911985
1059.7819805522545,7600.575354853153
2396.173576322398,1005.4436118500654
3138.8041279035906,6721.008647232525
5481.020188221994,8897.632599139048
8812.433203644408,1792.271556050471
4260.926167773654,8622.043242862039
5187.981878449701,513.6388245689105
46.135359849206466,6668.802580905634
333.1206289128663,7910.3892037587275
837.6919992754761,4447.661176593323
6989.940854790287,2037.2869481351352
4861.913687719174,9247.294989035056
1929.6119853185812,199.6886860316882
5925.994386898191,5550.712292295325
5446.121518190361,3728.4940870503224
887.9930180999573,4610.571954810457
6404.1277271714625,5365.650562788958
7671.548726305102,5347.486222665088
2865.544077090969,2036.2366375643203
6874.888619943076,6797.023229000433
1997.1951700878399,191.48291192146115
7567.288137117448,211.84094212856718
9117.741691227202,4784.873412783099
4418.671238016471,5419.028802702759
2446.2207821161787,2748.8948170026038
3991.7670219769984,5516.755336268336
2500.774726557169,5161.092329855901
12.393757663754501,3492.205547726448
6504.566118044451,6517.746365451166
425.2664196219691,9579.372165467692
2103.9074021723104,4908.0269442513545
7224.495561298211,7860.507592749803
6657.250139157834,2475.9656357298963
733.2891204616565,7619.505935074812
6600.54741079077,6489.059545019943
9305.748895757826,6396.977799283038
745.0246901818314,8930.353404422276
4156.882276766362,2333.502549522517
7294.338901141414,3684.501170909421
6677.230031779133,830.6745701098572
2265.105424694983,7261.199767692121
1630.6727749670636,8438.672852996118
7842.470040409319,4058.3350363180302
9562.446552387966,3568.268184682595
7675.834675428291,6586.518558565275
9632.0448219775,755.9046078933695
6049.954241370428,2938.4189613631374
9290.98860691917,3662.127985351837
6904.356945448869,5185.90284030752
9088.847502010865,4765.692194690094
1615.8896796959077,2086.804227746268
8155.652157439489,5407.878738633325
1967.458009534525,9258.686908867698
274.2910194595727,270.87890297129877
5175.861340429629,6803.065724046725
3182.517805618443,6247.090272623088
435.31361788017864,9244.269547116623
9803.043787281593,6453.449404070818
6664.660954899928,6248.427124810434
9018.121732155987,7698.0566009824015
9990.825858719481,2678.0594881966026
3919.6673667109203,5957.322624322371
2547.370287341152,5194.211093618459
1838.8439268682878,4384.725066549735
5151.871077913426,794.8716736946083
6060.807775021575,2926.2885801284133
4724.227360325248,2799.8171399016946
3872.520148456824,7242.50957164001
1682.7256345912833,9206.561352104349
4418.596238106239,2307.872228768486
852.4313707906495,746.2393889132591
8650.47758887592,9999.569543687701
469.02652097959407,6912.053301340548
3806.4606173155466,8864.708469902575
1001.3786904296851,1438.7941586379627
7749.804994670782,8007.680411173687
3127.3697882792685,8133.237459881002
1131.056126525548,1514.8892599060914
5314.912988645138,1614.0418009409575
9162.770072295401,2954.51216121801
9086.448711192033,2167.8744763573977
2496.510411327899,9754.099080565938
7196.596759602335,3629.4383363643447
302.84192840991267,7613.064117672069
1318.5179650342461,8050.508034826726
4994.723703137795,3859.4088715467456
2287.5643448835212,6825.855542823355
7982.618539601381,1078.001408957271
9310.721720526612,3969.62051481936
43.333164827822344,9673.106600948999
2329.158296009798,1685.3065391360367
4395.5334607622735,3857.113047006313
5630.792883523885,7905.2150989203255
9159.027775921011,6654.232549104601
8918.834905152935,6315.186015743985
6371.700994679659,8532.574593424224
2573.880140838846,290.93843023697553
7832.8780987836135,7711.643681819922
2026.5177128723178,8825.490392158183
9651.723240968167,161.74477496196826
58.39915733998002,5589.629511073055
5697.7050390790155,3485.8848521063055
883.9724692162775,507.62708813542724
4075.995301820213,4177.481193181434
6349.335403104172,6440.3014117188595
6895.984955919163,9190.136315893924
7855.6946967393515,6205.3048649607135
5933.277027647701,8567.430815559872
2513.193512859945,1215.7150667456506
8892.532429348716,2105.2116752313423
8111.074130136876,9702.928642145678
1600.5231770685002,8874.006902564439
8265.11184207849,2352.269530200255
9726.445159104818,6209.738817975795
6372.191168079176,3626.327585285325
2818.0522311389377,4685.9850872883535
6065.9383127341425,8608.781490922902
3425.35069148299,7357.126101330329
6759.464706423063,2384.4256172009536
5447.999594558734,3159.930746968824
9294.906120897513,2897.104598189978
6179.085432008028,7806.6277834074435
2139.816837271691,4900.884211368312
7251.098733418847,9507.24307024386
3008.783178608819,8166.871772290509
2723.9095294880435,2111.9443085458133
3917.7662557450344,7859.427953545497
119.96679062675652,5060.7934721392685
9691.406601612804,2537.10126180705
5323.311113586982,3633.3174281789006
7734.938938729603,9721.261167433362
2578.522223778783,4839.614425841249
7466.181316336256,7196.05849610663
5671.705022781353,4770.852951627721
4241.441737795024,3715.5727384611923
9706.69226196462,7964.200182593585
4938.437141464058,8483.243517750629
6574.585818896769,718.8916566587034
153.42191489879698,2789.7758913166626
3014.5520649864834,5078.710476308806
8886.915661600664,3164.9774744443316
7589.590611160189,7835.8300496075335
5367.540361756498,1147.3336074886863
9001.597071132854,7977.982862865732
4862.205132075558,6178.864171948737
5665.070641877756,2893.67718537483
3821.528471975456,3444.546884411791
6200.400367228842,1828.9915509320142
3190.015309208738,2525.734002981378
3854.921775423572,7172.688689824964
9663.262632072687,3758.8414054119303
1113.0867979959014,6874.841386870489
1052.5534524604097,5141.07541101748
433.1601945501573,1452.9774964392573
3200.4451976026758,4990.706477996921
3982.2924246792422,7564.698458426329
945.1564406954627,2976.7550472432436
5491.309953668297,6480.816646869281
5833.015290548691,1990.3265454170837
7510.266936133281,1356.98957916751
9759.681166158016,3602.261306239567
6193.522472923995,3892.0359369967027
1116.508066809454,7610.096303671024
885.2424324578278,4600.787512678253
7775.468636503711,812.3489533081973
6503.341285359267,6339.994983553954
1619.1439470656178,4692.532598660473
2533.5997268353403,3316.4320056531615
7502.403872925183,8022.188086109862
5661.557818056465,1543.8479022758445
5850.00062502539,9132.123439779632
2100.0867128790956,3340.6149031711107
6290.579816577116,4609.414448426277
7706.285954072552,9292.329955601916
8852.52225463847,7612.398317377076
7367.173248180492,743.024338048196
5763.756510090161,5782.968587553706
6732.593072467768,3103.6287167319497
4851.114625138777,5084.882498407201
2268.9824311762254,7429.690416341613
8822.069727719354,4961.7291391865
5326.226331674253,710.2187694504514
5943.18311147235,5299.805186096838
9901.089137531826,241.29666560143704
9850.156782726404,3484.0935735994126
5863.109849999373,4780.305229234317
339.57262017466184,6446.735633766275
3961.4753804484335,5062.067876216803
9372.932800508892,1519.4681054716884
2883.065923760092,9322.175639610417
9992.686851963159,6502.9967275114195
843.1752685655247,3169.6778512490755
5681.141810051872,9659.396951310415
5154.493601746943,8825.776091089898
2553.5291336770006,1434.9008867816392
9486.071306451,6554.290951065635
6191.712099973102,5600.694520865486
2302.2828344467616,1928.0892288619423
3840.4819783833623,2334.7514048902895
7212.294268820626,5637.737735509698
2976.967126963136,3212.8828433397703
8796.062020611811,8348.314310951553
1656.738979576241,977.3923530627416
2645.0508986484865,9140.307732021125
1448.986133661,8405.525490682898
1041.7883875949829,7386.234831137467
3003.154234639268,2625.6725093516366
9991.787463354405,7149.57856042119
943.294132616681,4387.697796186323
2130.021918472883,6337.578972291662
2716.167990780021,3125.5441720335452
6191.296844722038,8358.578538080286
7453.456964078526,405.7609931887807
7519.336748540457,6914.597466959168
86.35981938831195,8286.312403833144
6518.504587994652,6464.281151638992
6307.36879367103,1919.9178212931245
5176.546818898772,2849.8077978026304
3792.0856140375913,5149.052945027504
7974.4419746122985,3294.4906927224315
3438.8079543335225,49.16421707198304
2300.1227210660127,406.7811244454766
3100.951745676129,7677.684310100086
4396.479171231658,837.0718168136426
2140.5738800273953,9280.218556382319
6075.712462054866,4427.364458963309
8842.092025118956,7581.866383643671
5954.60124162075,1255.0459606860709
4466.683074773813,9265.074200770383
7968.68766224904,338.0882984215472
7480.386228745288,421.371607295562
3670.581215306962,545.8578021302341
6041.534706653619,1034.081609634826
7298.428603179912,4868.316438859111
2454.6325801944104,7882.764421149684
3662.7387908418987,2849.4783145633105
1057.7607054997052,7457.768216935956
9876.802783068333,7740.609747685232
858.7765042313578,9082.77329851757
1686.0612512357743,1493.5192014776799
4798.319496641398,1355.3450903434293
8652.718335445394,1220.9505553411793
3558.8202294795947,3593.106090541236
7685.961475313458,4894.126641919797
6760.340733162361,4616.093550156168
6386.640771596789,2570.4873139979454
8450.1725096684,6219.796254634997
141.70289628625653,3382.7363070054407
9291.530385603917,3660.8298807951987
8292.261803362931,1055.300628025927
9378.672196518271,5922.3133509107565
7935.878838566871,6552.803752282912
8785.914074542725,7579.502204615923
2030.7804819947917,9040.092131271771
3192.2906687705054,7660.044556570162
3152.2101347073094,2357.4366615006847
1091.6674587805676,2356.5515946436976
7295.792552845908,9150.871955618968
1361.7089268707284,7901.335694151728
525.0916607906064,7822.464303109049
7754.4687005506385,7197.13660110536
9046.631697319293,2672.019912537813
7641.233479651332,8474.103424070456
8253.522128319764,1428.8467808012606
5956.216778307712,3500.176092979035
8877.463379147532,3464.7453993642953
4967.034823578551,5601.321417080347
9883.22618487465,4634.435559955775
1034.150427694489,4598.081330998705
8091.807067013839,5535.724312795916
6413.894160112753,4154.184549121288
5806.460682211951,2499.832313177356
7258.105308611213,6641.207177673373
8402.915307988487,7906.333788384025
8628.840668405099,4789.958788445894
1753.8096294398497,6494.8318671450725
1970.3592975296924,5353.6328182303605
161.66509513597106,589.9643853710246
1318.4245779227276,4230.8466156413615
2638.824928499246,98.52499521737279
7210.358225502829,6618.79278164758
4757.675090025101,5081.614698846014
7579.035355840174,1268.3153517969693
4865.358478198907,5421.915320788382
5555.974529099683,8984.260030279893
1110.6658659358247,3404.907647776182
7765.582846760325,9823.687662329665
7581.265321995548,9593.799067421674
3075.615916806196,7853.098424564885
3285.7807780040193,8137.9997781895545
2196.814505731355,4105.453601998423
8138.396760361527,4025.4109529709012
7470.068019617804,9543.973582669927
6091.477381842527,3661.9624955364206
2388.221031296974,968.7288907304326
1718.5333261374424,1527.0108819126503
502.68851174613104,7103.9896519292215
456.1148177851948,3829.809350896444
1871.36139808327,1993.4283971219268
1005.3253232322212,8137.861286830637
5561.07672922443,4886.734906732922
3580.9012779447703,5676.412047697843
4449.4578216814625,1539.493546501064
5940.671835871898,1927.5420141593925
6591.017453535136,1258.5603697380577
6482.01719882578,5145.427992344311
2608.5658682083244,7756.570117272543
8096.270202961026,7322.852438814743
9177.096699192298,2612.3082052221193
3159.3834722319525,8515.501879056374
170.6541656606797,1056.6084814041344
8991.54186648505,1140.4997008311125
9235.48732953476,8493.042826041832
509.4644041303353,2444.1956117589693
49.56591859212267,7081.158446400949
8164.047829927422,90.79591921675956
3014.6335448310656,936.0108861915306
9145.821672959884,6092.887087222832
2167.4357326954664,1824.1595487790453
8611.546161265871,282.1368631276222
686.4426972503668,4669.467566833231
2606.368473139736,3305.2049927851867
9731.28879145641,8022.569280831441
2311.9665433128234,8188.289911033042
1330.1298407504114,6144.231212091987
8570.546524729953,2930.337463464525
1178.0079176147906,4616.266512624505
974.5610857950348,7022.560271046094
3234.2513418953577,693.0855315530171
6353.285065969595,3324.9708832812507
7107.463737786957,8223.697009091718
8812.387838273957,4060.2854224701778
5409.115259591061,6246.680113154659
3934.177867609754,963.3436913527038
3588.337618344651,7770.459751840522
8469.02728477474,1004.6548993724191
7238.1530948266545,8615.252545027572
9054.290137251393,1066.0104488968814
9640.354557316141,8908.927631696766
3000.5083608380746,3637.6987422714847
5296.741187008394,6245.307317743087
6318.208073648329,8465.505516384577
1638.4894677645757,102.41420990566574
533.4703392498475,2656.9316140630463
8677.639141153135,9083.383212925257
5355.235107553732,3881.76060584812
5707.742163600392,7063.759257976245
5549.143454279548,1400.1205615350243
7549.607048326904,6783.716014112629
1455.0194468204324,731.6099552604327
6140.484407715327,7173.251397646671
4694.795115776301,3238.049543867787
8969.581595077243,4658.4765595326635
5196.209378963254,1662.6018096705575
9429.349740741656,6278.490177342105
3532.5299417990664,3375.6762878097356
9668.947063899905,3833.750060493565
8751.579480917677,6521.929249541363
5842.6328973535465,1788.6166122255065
3537.0993331902455,8520.088935722437
3759.233574525599,7392.8640557622075
7727.520864582916,5777.300031381626
5806.313511690445,1283.3306708244875
4015.8758546932095,6871.096944002459
6360.549614121644,180.99372089526057
7332.333979009443,8043.958015339438
229.00512558465925,3037.9769680609193
898.628011175101,1172.1155053034627
944.8544040707918,1644.8895405619678
2319.338052633347,9631.343985084006
4269.90439227314,7738.304178508307
8036.498992925544,2378.719733364002
3510.990349995574,9634.662434629445
174.77788380604764,1401.1767066254354
4833.61852951729,7335.272119014413
9966.28595424622,6567.396268523469
3490.209956549191,8214.767723855766
9612.545187673148,3816.987206732059
1013.4513113642263,4018.354583107764
1730.996579053048,6245.670184427899
7241.220701457083,3982.0575696522164
5012.124489707063,413.50892702211814
7651.218034658861,7297.080318117405
8635.5834502889,6409.460630551272
2510.848760610346,4237.12812755981
6828.291704397419,3028.2956088011947
6076.012366337561,3207.258383273683
8615.350291921312,7410.286237117965
4301.039006098827,7291.608789795428
518.7043071066,8189.1842034125
5741.861272725119,7621.8042823610895
9588.783191184577,7579.442021060651
146.31179505223412,2517.732340554316
2402.579884224546,1016.1255459876384
3160.6778996412,7617.522660360172
7658.3888789097555,986.180196557529
3232.7692246816187,9821.114052949799
2390.838631963139,8750.89267450007
6485.580144670411,5334.616019211872
464.05288960999604,3521.835651021614
1705.9685995874695,5268.43035947429
4080.302286694437,7343.018331033707
3555.999623400311,7563.299785606145
3471.658191833632,736.6599864991763
1085.5501311966175,8048.540948948172
3608.400194497966,6414.970817051555
7979.927719914027,405.79613905202814
4138.442017973953,3131.6120581379027
5861.71184815685,5106.413686943159
1635.794093173175,1884.5149220547496
697.113634685761,1552.4052887455475
8799.560419315607,142.81164597328754
3313.7259614595882,9115.506334512585
3503.3723306813267,561.0795503018728
8776.878494788585,3660.11421464029
7077.7134890874395,2057.7163727148995
7562.627109876129,7410.331022073613
6820.0348416766265,7071.846574815344
1057.9224479153638,8062.224119619811
9579.958210562278,6168.083012449848
9091.362871279276,5916.53160333335
2362.2012683145444,4071.107154718845
8039.941911438413,6363.587001088682
4093.9643149731996,1152.0558496675303
6837.66967864483,6845.128492021847
1656.02999813234,1038.9775786308796
5385.542506564208,8617.399025326664
1266.1629955990607,5056.828058270553
5361.671653581159,5303.569045356406
2435.939560572128,5848.576022052359
4524.665287688146,7760.524989788571
6679.693671744308,4784.706208721674
8770.745816606188,4275.88073647322
1652.8900308527805,2883.334567729022
8932.691154176982,1280.393507175913
3900.376479272901,1903.425410760331
8437.96568605881,5.278436858323632
5125.4791841776305,8694.216477856673
8622.0857176294,7649.5839489888185
6628.240675201996,2186.824288189564
5087.161406167683,23.900905955053233
3125.386330003288,4921.163048620391
9689.090876186554,4125.731993150705
8008.976576664178,7760.066213420587
3811.8718517226134,4028.9550669751784
1667.2359305904604,8641.128075237584
7795.354185932938,958.3822906525286
9899.4428781092,3658.58086252548
2789.7495379247207,9339.408986687307
9158.630723349957,117.29622326878797
1253.7070558792018,3907.8942400692463
9522.06254251854,2597.032600665309
7453.389124430634,5318.607224430782
3465.962292637035,2787.66800278628
3046.3182229623385,8699.080454614725
6434.353539393513,9371.382528532742
5935.071402587,8491.342970739406
9189.367014936865,3985.678452279493
7662.431342092142,9899.337655361987
5403.648725739268,7350.363166241917
9275.658418396546,3556.0893662861904
5927.3063133321875,936.9282119879507
8496.848356606773,6670.464163817288
8409.426520978563,7285.674442318351
9191.948589495363,1224.59132888461
676.0203127910459,5497.363517962578
5838.196679467777,9870.879840538204
4683.925911710491,3262.4210249913685
4905.423834646725,3018.9502243286383
4599.106036202029,9033.021660929644
8374.66689422341,1174.1604466505562
3184.328974169388,9335.275033752338
4627.510816297784,7794.8706027348935
2006.8254290108566,3908.404089329198
2517.166159247347,835.4762035215168
6604.20083343875,191.74541253784483
1169.3593825066196,3758.3119643778086
1878.2181099467732,7053.535844768445
5280.345595713141,4875.292134689021
437.7302796301352,7386.518928105899
1269.2699942039153,6705.708487261095
8633.529389667488,5729.071893683664
8461.467657949957,9674.990807248545
3477.761050469822,7283.8443435347
3479.913153111844,9146.134491814422
9365.154492640037,2421.6056432002842
258.41139072023236,7136.396267772012
5802.955130852708,5978.028634151593
5973.905790407273,9242.960968388532
7878.870671816612,5104.530176243732
9517.505158226008,2796.4137902915163
3558.275870433439,3848.3896037854183
4378.334734560012,2188.298054262612
6712.984805201774,2199.729993881867
9672.716223441766,4704.2158602666095
8907.923537367074,8925.688352929712
6670.530032700446,1918.6934286125602
8567.23571671022,2878.7001212411556
852.0443089143625,8529.881280515385
3771.2694285185266,3392.5627756051535
130.92495698847185,9624.134019897141
1774.7223826095037,2689.202764635412
6304.92571202402,4421.434216985778
8855.616237336668,956.0993919274085
6327.803099917955,9921.757952986016
6641.381070085667,8901.420448756195
1038.2160525620188,8175.622528761247
6648.604909133798,1573.4247056094064
4543.46717369191,9693.580578479136
6514.4023158182345,9291.512856799243
3261.7310952982734,4356.714419975193
5814.859416631702,6816.370297014068
4240.692968309893,9924.58427692047
5586.3705543506085,4097.452194995819
1470.895183298,1130.4568905408296
3958.2485361728504,8677.790348189968
3742.7865725685406,4764.851184424968
7363.945206528083,9869.694550592685
7064.095139680655,5508.928604048076
9088.58684731333,294.77603589202374
6320.555922831975,4917.269636043802
3145.4712979347332,7180.621293289605
7832.2466323533135,260.3002820307965
4969.976435336264,4134.487143624287
1934.9321062907854,1555.6020045157625
7474.114683271265,6430.968210213586
1325.31395719229,9573.458487780414
1781.533312461292,6245.849045552929
7587.559284351472,6948.777063858891
7701.446940712881,3965.629004256095
7907.812688042153,5631.408689519164
2933.2512441711565,5438.5770968585975
8665.87457371519,7596.06345267944
7226.681359620728,8569.116470202953
8339.674095513405,6628.859442830998
7086.0548474689,9798.08801924046
5795.964587463406,8282.883925244996
1093.9477157401934,1246.4674891692507
7109.362119519492,5074.753983861711
6904.607754581841,9032.360786937701
3124.911332868604,9439.348687312138
7358.197690464261,3802.0593843239803
5504.545534313275,7257.040615165246
5594.06238543415,4105.4548364237835
3676.0467878571258,1236.5972217943188
1167.8504134013656,8846.113049224183
2169.28457865989,9319.531227123078
7688.316533360582,5047.505312658066
2714.415504968939,183.07430820143745
22.530543356115153,8160.362506962598
9970.174211315501,4769.603662307909
2106.822338503709,750.2835754156856
6553.831488703939,1893.9148287149487
9269.220045749937,1521.1934023042838
5997.12734633937,6862.788663197142
7990.3061508445735,2994.094928674781
9763.71712148815,1276.905173114432
8603.634259297858,9176.488262358436
5579.040886783617,9565.310590158031
3637.0293048207614,1385.7587276697225
4824.644491639596,2302.358533098746
8418.261681905444,5921.207196064159
8533.546101506403,1505.0784949847407
8458.549223583637,1585.9169290361185
5972.24402750011,3365.760417373901
4769.5591775761295,9491.70332868005
3113.380560956618,9624.421963562685
33.60855181929301,8417.8824982537
7644.852708609558,6957.129179290506
2769.9828001405467,7206.733658567527
3296.7789538533743,4695.728430874009
8434.81224847044,5301.546281555489
522.5115712262062,6344.526600059881
9276.203314574386,7312.866374945891
13.619224385064133,968.4617251055128
9391.691148254062,2248.870096795551
4547.584910834164,9629.431913026789
1021.2262515181958,3351.422654605789
6741.613672411873,2684.742108082029
8958.564257212218,4219.113121243232
4380.7281684762,2909.2075043326204
6913.579040306663,911.8019255185517
9793.62720189294,2079.611319042033
2407.0082371300505,6401.5979758233325
8204.494569226881,2231.8255705273273
2952.371093471766,6476.671966948355
4263.375999901599,1000.8089490347005
2817.658684972608,418.7634959247577
4460.117484341224,8615.676826591922
50.89032428282514,7600.2619554169305
3034.388473302715,6660.276828463732
4452.940639376958,308.9923293686503
6322.40183706096,2393.5393515373926
6373.613911759088,8123.143271522606
5837.856184704928,1446.6766505854455
2930.318295922969,8128.534398937637
9474.043159357454,5842.335497091802
3919.6982374109934,7403.683677969792
2168.939412390578,6445.07078451173
5545.129396679873,4169.895800837546
7489.2866988091355,2919.7734889692438
122.33572822266225,6727.291785908471
2763.4400739554744,8069.128818048943
8249.778526000298,447.3263616186174
5070.210933855982,3799.089337238306
4084.8830457991403,3507.29784179863
9309.012795823119,5594.708404584525
895.3509712283869,1139.2505638779971
6155.702007778491,9334.194101392794
3421.88716243777,5485.102684338225
708.2339829292572,9237.52804283779
2137.445086108202,8169.409234616506
6279.332130172843,1916.3886231518134
282.76933854557427,1323.3901229295718
5922.48815389351,8612.502400009282
9568.504212173044,5361.0022258421905
7950.960623702693,197.42747897898428
3455.9707933384566,9342.267484393597
1382.0764636160832,4730.283993930644
4650.644339129786,3009.3630175239573
3929.5043617840543,5165.9787117064725
9717.32960023852,8229.183904341551
9898.68054508422,1102.927350357904
4105.846563237911,3589.3290323753245
1487.8398352993684,3188.6667324555838
9106.095496429052,8396.495200281477
7935.422756669933,7784.672759772122
5112.742066556975,4001.040345769321
3653.546430151413,6644.883096645599
4481.658275997274,3944.4548229478182
9018.811753051104,5713.138383162337
1846.4344776353846,9912.152946251192
8067.835211234709,5355.744672355747
181.90632827155383,9885.747328305068
9205.71993142085,7471.991062647437
5002.972796462057,1207.2229026313973
2267.478263411722,7959.661686003467
28.56502817182416,1612.8564146981516
5595.464687447742,5323.286083866126
2444.878705598381,6132.45234465619
6312.643360108433,8922.304552193602
2811.6928145204724,2104.242102571148
880.240291902269,8759.420723638626
5050.516298435593,9344.93775958301
5644.857362881444,894.873512595683
4525.900255395508,8852.851180120224
4580.355543297814,2591.80048607747
5896.501279000154,810.0094938213754
5263.535094101535,9585.743559183244
1325.6753886265815,3922.0348724959085
1970.8564648503236,6229.835051369697
1417.9104142905007,5528.731197953151
6932.9558221974585,2131.8192465983243
5285.98412166966,6695.657281670652
4298.551235309283,461.1498900726496
7983.389952728494,2030.9492631199332
3257.9465976080514,9446.637509339445
5681.0666309096105,9535.075245907667
744.0760149019843,4826.551918134535
7444.04083825112,1690.7173891377859
6951.924448155898,4216.200610349533
8023.79629296882,8770.708332918994
8844.759580165537,702.740544360414
7580.282672954186,1278.6857716351362
8444.898901272938,8956.528458560608
3456.5459896172456,4153.83400692745
3433.373620149397,834.5860514237625
9443.008198998163,1392.0907717398156
9145.745363262047,8824.481779607937
5484.973411052225,4901.033716245117
3665.5878527264586,1629.9430786124447
8660.015302588003,8940.597549281154
3234.111324273662,8452.788891787573
1536.350828944444,230.23350788303975
6394.9267500548,5809.901077494719
426.2180973296692,2443.366503807077
3791.0190616648797,5331.358119805644
8076.63815694622,2792.6833220533067
2952.1619569283475,3158.7628089197106
9313.154790735332,6018.525324325804
9558.246666166373,5388.591777677273
8158.163007651189,3951.923977808073
9876.433189920626,1075.6797182901557
5307.641115114377,9694.238985796157
5691.995521389716,1746.055504700512
8361.668152704784,6331.172449563899
4928.052557880904,827.447627040645
4067.200068330695,6883.128325456186
6147.53591174539,948.3978338390275
6576.595108488819,2295.0834150598175
7508.958216961663,6469.8519937803785
6682.006972600853,2829.3519194435344
7457.217952633285,5328.508151479235
6745.596708887523,1245.0539333740928
4804.452385001789,2024.0053926620294
1349.3458433647031,7337.759082546165
7854.432289352584,351.38860282232787
307.79151387683055,1118.0020985705164
9925.000917613395,2149.560186106396
8284.5848993968,201.90559104281024
6709.106079813049,953.786985061853
9666.067718544533,2813.9147763622987
6124.702814562093,929.1745158314235
564.3288074434805,8661.194300298663
5593.8217401452,660.7379051115491
2772.041856569428,8609.836991782395
3694.775279844368,8228.600860602663
4595.851558500289,1007.6159456338718
7746.007463887835,251.91314271911457
5029.292143709562,499.92014895313906
4746.802908250788,5903.78064573757
3019.7213774184606,6703.536244885746
5398.72241852703,6206.533912462312
2483.9085443531562,5414.76851991898
2609.9381540822797,1746.8409062948908
7572.587751445204,8409.538946352715
3425.4726450909,3275.5493636024858
513.9967293911185,9861.781961128854
3436.7728589498083,3848.577978941905
6385.722078666189,2630.048439743654
8139.855866773223,8942.508137817375
9619.366813923612,5674.141631910332
7462.20421474976,7218.504401747397
4288.516094168369,4083.987833272448
2991.1927920495764,8869.155059435901
1296.299901708894,9177.252129843273
6276.864344461143,4367.689311169147
5098.833141090064,2407.238353687605
6777.015164441413,6476.71384433488
2371.331564550696,9545.843338205157
3236.4416810994558,6224.464595729413
2920.95349498639,9542.224384077364
7976.518421744106,3438.079649726146
1712.2981486334677,9150.79070799875
6084.721170244956,1125.6683241659405
513.5501575910672,3588.3441893768218
5495.275759017196,4944.712344905442
639.1397575305591,6531.10338252292
1758.7659078798733,2941.3924494872645
1130.253020535622,9242.393004337287
3467.2535388342653,9034.9620919416
3437.314177077291,7993.366129655624
8264.192807282563,1143.6252499173215
2256.874513805287,782.9095113828477
863.8674177397698,4981.314551193417
6035.117908141297,7653.437556959169
6874.506996000068,1232.3589291126125
2948.236160214538,6414.374669360187
6028.141163613772,5278.553911023069
7760.56568006644,7259.894197343722
3475.529390761123,4353.752261662679
5253.538399331118,6932.965972200091
1466.3327367232005,1596.0867148406387
236.46801070180356,2145.942732316288
9813.679748108296,9033.340638140044
2997.3085053636996,3293.7507529745635
2789.020507218216,9855.058148365508
9732.451331730877,462.04597650093217
7282.335237631167,4958.75814952907
5852.978879404832,3249.8716444635265
6993.233950933568,9959.650370509224
7099.2656669540265,9900.3475636462
7633.358802929825,2352.4329185293213
671.8923141991995,2672.5687968213597
4128.3141978288795,7496.72218717047
2951.3031783301644,8896.744313942909
705.6963851700549,6636.969878549185
4125.989968464288,8647.089550613633
6161.734854131468,632.9245539572814
1784.976799744188,6405.284813965935
3050.2674388785376,7001.708891706962
6391.70821917154,1903.1906306471246
5793.246575572134,7779.702093246055
8687.85463173224,9442.651697013558
7912.309696503834,8979.664922780657
9656.110522860296,2449.6741791333898
5971.933101133772,3239.9263797218614
6984.673664116263,4996.113689462462
8605.062588144028,1583.6118428056966
8399.924448252681,9539.531631162756
7187.2164202623435,1615.9662971082755
5002.562093739751,7614.229579903359
2732.0688823072883,3414.281511709286
8772.157539354059,5737.207976965968
7766.554422373049,471.73824394361577
8379.069519584791,2050.118575373239
1407.893181472042,4443.912383212123
3148.1287818927462,6771.912172405029
4248.850378996512,7775.619262108798
8383.519723005607,301.4051776330229
8928.866727146555,1524.9021607878965
2848.9271425528627,7297.917386892537
6864.291672657648,8130.554258120163
778.1420615256341,2365.7152728578612
4095.7327196876113,2296.530470060806
4866.691077518851,880.2943947316588
7656.328148991159,1502.9397559700674
8919.722368371205,80.15891882246163
3372.832358244562,5898.312397778945
5277.388899419013,9038.91344089432
6474.482223675242,1495.7609953817885
3286.872289468147,7514.4366344104355
9855.382131740444,5736.586863224966
8757.743795700246,9399.218926131723
2964.028288666166,7981.225224702579
5079.462309990484,8527.290227591286
2308.4061324724435,6391.421523725668
5145.039189033348,8113.3611953587
6833.323448232849,3508.695034798609
855.210927929878,2090.175948372197
8701.172048072718,9125.199712329644
5937.458684465835,7343.358780724205
9896.028985770017,907.0289693809019
255.9150724950321,8669.095277514538
8314.983510982322,3489.039399784726
7919.630482545475,2982.777905417768
1328.5251204003234,6233.135672863878
3353.056350834067,5685.986361064635
8847.962030441728,5382.567211654883
5184.542950722543,2548.771834020269
4012.81487467239,9597.737512562198
9054.964322508418,9501.209238295332
933.4452447706143,41.62189922499837
4731.227829022564,3378.276291677085
6523.740979753523,455.4866406204672
6085.414390150126,8502.487663099077
2642.7645440889146,8865.182382966168
5633.129045343365,5182.9828368624385
7085.617642859817,8396.780344607154
5848.8540732669835,7033.603158537919
6844.622259773223,4995.739429284242
2560.7873938879043,3638.113989890274
8328.489502717826,2662.2502532655976
4496.895369849698,2594.2913742305195
9872.238441045687,5620.643842375915
232.8532066693756,1668.0882649034568
3803.1537124764336,1747.9187617295588
1804.7505230511085,103.93340327031653
5556.095269940534,6133.280595591237
2432.050943736127,9943.44185660052
7374.779465674817,8892.193754279237
8818.658623375188,7056.898044271013
2108.8435358211086,7855.25297766573
1606.7761830179838,4168.52716263746
8753.571857284785,2980.7955491606886
3612.7191508850565,3686.2828188468357
4345.8363495902995,814.2208173004839
2209.6950244353566,6337.951980296325
4253.148680511472,1748.6502221267385
2313.000730779969,7628.782111600385
6659.2744063418095,1899.764622638127
4988.764124800872,2281.2402526733654
7880.604459629089,9573.056393761679
3127.2811606729447,1053.9591202372756
5055.950154590378,4988.425392460298
2595.233229771344,626.865074015972
9344.739302466314,903.9099208220636
5219.3566779110315,6335.0036213842695
1734.6249631794308,6307.272630585855
2727.6565921002903,1931.2028132415915
829.0196412406015,8724.865152583927
278.159955977334,7021.869956829773
5259.21826070671,3006.105828711646
3371.229225256053,2483.8655800892816
9637.734552603064,7542.852531308287
1713.313963614842,7336.239241326038
7939.1265273694535,1488.319115314377
3159.7144219290276,3491.878486702683
2235.373860587052,2166.7724665844066
9696.368190013074,2941.441960858732
8025.765987457657,2875.6396249487225
6306.2089144533165,9760.236999632969
6971.2103722375205,7502.1137311056855
9913.814748505898,7800.520489358751
5932.074088248868,2774.2316526562117
1019.0045080696009,5.270850463684473
648.6612670138137,581.5700492198949
6666.067774738734,5529.997666567957
6576.011439251482,2854.8113889838646
7481.737929780887,1929.5460064818838
1087.7873023261375,496.40921616318724
9449.022747551717,8758.817394297377
5511.584139106448,6001.273470579758
6495.555210212154,1073.7321444825732
348.52383378130236,7664.040160965936
9609.742145155738,7558.25591076799
5625.918487439486,2894.0364101525583
5633.631129946286,1884.268915567444
9435.553162303799,8139.8187613937625
9293.501781836674,3295.6473265113564
2202.9859181724164,8474.280810809569
9310.988219059293,436.516130477842
7366.212893800614,4992.8894891155
189.00727331417454,1795.952813996199
2398.4314873833832,6720.448132281359
4129.801454714463,9972.13761469047
5828.224555057547,4125.110320269345
7013.29730488689,1003.1054689195729
2102.103939568993,3176.7311947286835
8367.005142736889,8915.06499565082
8457.153238891548,7657.610241039212
6349.988192605773,2322.1166189225737
9210.939105156984,9535.987193653255
8129.824268971879,6221.879346931049
2216.2365929354087,1680.494003175237
7986.768663103605,5723.221424462393
9532.02078753105,4512.768676639939
1376.0644701843094,8196.97674773564
9786.97884791029,3441.6002961191193
249.92796770090254,8749.783198369463
5221.672447737723,8119.703864383112
7738.931389784842,6746.034511599999
7904.381025462543,2586.0722234617338
7346.725691462679,9703.29576279778
5293.513727531619,5486.667803021536
6509.643220703954,9075.139783630291
6999.321856531138,2157.2989925019615
4945.392242138956,9833.783020855586
5956.849751346376,8160.592289447652
8463.680534575731,9492.268834271146
3128.790211458272,2123.6573227498734
5232.063269686323,4306.58078582548
84.7972102550787,976.3392183360764
6874.363997767931,1369.6960655912105
1953.8546461484175,2839.586635870015
4810.012537137689,9516.256604732565
2102.052162804593,6671.916811199773
235.33714578492294,3146.323070668885
4832.205516980166,9545.733188379749
4248.33606610707,7397.314066170983
4251.4951352438065,9069.790132443113
2088.061599288703,9272.207938390982
9472.045897481792,7507.697499120815
35.07151810694498,2431.33429791586
8915.454499973386,9965.88955118974
7369.019231394821,3250.908400616365
1720.720335332715,6717.057495677185
4721.919863035545,8448.116949578009
9888.500815082725,1751.5099442465632
6436.982369843073,6090.416799448086
1273.7672381866748,3751.727769282579
4576.422388564319,2442.8906963916365
4682.030965728123,117.71812756312005
8022.633328831083,8719.740637979714
9161.629328261553,1358.8154722685542
822.4154328873457,8781.171606848544
3140.372869528323,6006.905988084481
2984.3812688511493,6210.555545150412
9960.481249190183,8286.51794257545
5592.271166913997,5094.411466747806
8798.314961199845,3572.845681343422
4260.328494448239,1388.0668399252027
7227.2315040893645,5704.153812081121
2865.856423041461,5531.670542510789
9117.860234892334,2938.964856672858
4551.462409865338,6000.569256534813
8037.254973160872,4393.668859683629
2558.1688334256482,8055.301539134709
6936.043419218791,5594.862576265114
4051.584044000358,9336.785863468287
314.3942297454705,5179.829683849783
4130.082537590634,8874.953031572362
5500.216417554205,5205.251380141021
1517.616139131752,5580.348036403331
1839.1310519261506,3668.0799545558675
4648.6279832315695,4001.691234605622
3427.2971243340667,9331.014872916123
4407.405380033627,2232.824019805375
4608.269893227228,1214.5772167282498
1400.7604370275562,8302.109118039409
1811.9457527011473,5769.107997448797
8481.653934794942,2846.4731446147275
1627.1868931048405,4324.00220289693
6659.143330082608,5249.0522677726685
4185.280467677921,5921.402568364347
9682.366859696409,8210.510229384736
661.0436188823754,3943.5232745601543
8303.888660307619,6765.0311322643165
4914.492311026215,8347.669737641405
53.523708641886046,8437.73455958029
2636.602189395537,2542.452050364242
4076.9685254926944,3501.7304425012308
3141.947534489251,5949.060342622143
3624.494640139333,8857.723912469462
9166.719091371799,7904.4608669189565
3609.340323923277,5839.629014162216
4188.293794027328,9837.33630623844
7611.315535781128,4389.872294234416
7938.335657483752,8424.505711862468
840.8965178669458,8184.203799729463
7040.700345670042,9080.383116702818
4825.719536767758,9876.783550252123
1338.538932376554,4956.966975798289
2647.105639468843,1956.2964870339272
450.3549730651868,4608.953568281512
3602.3718881183518,8538.84876985432
2554.0644033402414,8361.066342554313
3821.033973800176,3359.6990758680968
5803.405475307568,473.0680695867373
7323.395520366199,5098.420978262436
6053.519865595297,4741.009290788121
6783.773022599457,857.6397777713163
8656.391206187933,7948.899557235948
8738.24443461511,2835.902739385511
8607.19348359174,6457.520921741139
1531.689154795266,1014.8786265499965
2510.6913359364535,8607.031729096028
5023.253049275721,7392.745031551632
3587.39294016027,3884.227089786657
1316.6896827996322,6294.8894932323465
2877.502346056514,1874.5389268557478
9754.287616656391,9854.224909589451
3469.267554965362,7961.080420937186
4189.140682959614,7889.40003069027
64.01421857296974,1533.8021757787612
7194.148797901987,177.3352489386215
4135.500655453798,5853.7136776963325
1031.400628951611,1441.2061183981095
9685.567383046719,7804.33456488845
7774.332125850868,4160.761401782463
7261.500894327269,3385.9424898743173
9578.723348416694,736.4926246171055
4074.800845171378,9960.650799446215
7185.335402924485,9560.107803868797
2062.078973854511,1315.9690780685107
6971.205474521201,3328.116041814918
140.79092187602836,3907.8753802460665
1263.0538044061411,2968.010781155954
4252.589186028485,9344.685596548446
120.92694806008164,7213.418290220848
4619.658554504193,9559.16405594065
5227.917490650039,8745.05402524098
6216.065975870821,7545.415194691729
1003.8667699361637,6969.671070798783
1810.1191312721232,8661.624909794813
6132.833707171951,6841.498967914552
6581.877124626393,1887.1979898115098
259.00228210276265,6481.265164280981
5403.673621150382,5150.016399485733
7849.817319988326,9818.946770953266
691.0087778539408,5099.655470658696
4131.728652465197,384.5498315104368
3265.1127303010185,2641.8951076564344
9136.656253520167,9173.817604547656
1858.023932064553,9623.563304466363
3183.6041314448016,7284.9857664077135
8984.44744991303,568.638987869704
3306.533060599728,235.41387746265795
5313.474405855944,4795.950027991002
330.35337230879367,9996.72306560885
9849.024361750362,8692.967374994052
8249.467078711896,9331.076208819979
6344.009447466763,6235.4150499291945
607.552730899803,8591.247282515013
748.6996137278068,3196.983743971925
5449.736307906897,273.640034510314
2850.6443620343425,9182.50628222627
6227.894475031733,2184.3062464893246
5981.924818477724,7284.863549412298
8386.513982792978,6589.673148771538
2813.7706071264233,1581.635484196572
5778.635244909926,1957.789965311465
7773.63318838761,3290.7248142979583
4907.729863223262,7569.306529485845
8306.436649389445,392.44244696566733
1312.7620157377296,4070.687402885678
7338.977651471433,6651.132062885663
9429.820915209784,1714.709459386331
3318.833209935661,1194.1727257763857
3663.3644241196494,3902.122410622133
835.4967719085471,2865.59217861702
6414.927795747118,6490.956642350989
5524.507256348702,9695.685365212797
403.45758732367784,44.68935929150098
7522.1202697131175,9023.79912460559
8292.84495745025,4332.230363904925
9071.19604140754,6640.077292676548
5457.3408617064215,8510.270328448072
4525.800349017573,5734.5866112212425
8761.371545320773,973.1182719133791
3986.9681906813903,1405.9517570820058
6554.431252345617,7892.800423195212
6153.622564009263,2290.982314442329
3721.6109981851187,5690.376161324339
868.8993756604813,4280.805124787795
214.15538670685686,3036.3898280912817
4282.377405353872,7869.675641223875
4812.015748233568,7312.166522248189
8226.78268189892,6461.088844716596
4144.116499114712,3726.7136842322525
2811.5987473346927,2264.7032402128466
4620.964680751533,5158.949509981398
2379.9048042402114,8171.041003287703
913.6061111495652,5756.64970384194
1130.4303368610724,9701.396431949954
3191.5445989692757,154.3748806239731
126.76417558490694,9983.46781388623
2202.032866812381,6914.090463586892
7875.231409323539,8326.740171909983
2346.171924303109,3349.523677674553
1107.2951103951589,5083.413280865555
9490.805599945392,7969.892478843314
6224.701163516194,7606.494723669865
600.2594943566586,3340.344288792759
622.4396649490283,3244.1023502380294
6121.2212569916965,6628.112029121311
5401.288020649116,9336.591814719946
683.7477239298483,4387.859906741301
2243.1547497333536,3529.41799309216
9290.429144855883,8946.870362361818
5720.108104810173,6830.560614565807
4403.253981478302,3882.759797060824
2501.554119203661,572.7623084779455
1336.9804230187099,7214.892720477849
4026.3168411068104,3528.8649069038
9223.665593313006,705.6619777235973
487.1139567754168,6122.890872463768
9909.788159428666,3230.068704938438
2078.127202020078,3384.5650831052944
4087.673603990093,4791.701307478927
450.51308165717563,7174.74767328455
5847.822031080313,2763.3047763629415
4835.552654009916,809.4591577890097
6667.070347347799,4244.257214395062
5426.781272914725,549.2542311639437
3981.77784647069,6972.685098922165
7377.566978116707,9592.434679225742
250.21127786957754,6587.588076481316
5410.2902087459515,2753.9044975085358
1138.7620382900932,1817.0238753760348
4360.083330858333,2327.8357130008985
7911.253168580165,2216.100031681215
1424.6074626040017,3138.305060445157
9358.103487724853,973.466781281449
8885.046923914046,8957.190576464352
4149.050708666985,8851.204953295077
59.7484072593657,6152.36253568195
7897.44826674486,619.2036687302516
8808.958034122828,8040.007407217661
1747.3809235543258,617.8858373824536
9161.922088165571,1064.212237631318
9140.97277294696,3252.9639264427014
4712.908510341905,4314.703176655602
7980.348107978419,3538.889567153192
4449.479782719884,1652.2978097836394
5640.462659186179,1121.2971768177415
3198.390098097633,8594.152267044165
1594.6934532082446,3631.8122595192804
7465.365838140318,2185.9937811150853
13.92844519135683,4869.913566233755
5795.526896487815,368.23400537951744
8646.860263784636,6002.811823322503
2212.7728677645055,2484.895868495981
3328.9945679800235,5981.964141313244
5874.858528644628,6141.25164445869
2468.702465311401,8092.241913586461
8474.86857330783,2299.047556094739
3666.0316711255505,4634.646386192802
5816.137198198862,9618.873381917876
2261.211475992088,7271.2484408462005
413.86336990985706,9753.438080175583
1737.0026601366062,9273.657130771038
461.98937608803226,6107.48596806432
4686.038996132193,2639.3035588214343
5866.373909180495,7569.241566624167
446.75207685452744,6981.192458122928
904.8222153793284,5888.901203573977
4855.250268103509,6978.29228491301
7991.799322009761,6135.86414545251
6280.091789157193,5193.790230728465
1047.1022010386944,4159.554816833432
8875.422738414947,447.0837457744048
9174.502347897467,8656.87919103181
3249.568278494609,8655.405825997457
6160.177918813622,5940.4731996892215
4923.271501847118,2678.8430515815407
9420.237686298222,281.3104403889244
5087.485329487358,14.28804166974218
9599.658137120643,729.0738972253885
1993.425505302061,3598.86326351165
3455.3675769567994,1883.9594599707775
7813.452400961373,2650.5808563752353
7836.107355933678,6996.60377304932
7321.832739567051,9591.497743591575
8596.11464665304,2067.7584302003247
7025.461729438121,4656.439341364895
6360.851444722339,9914.794014994102
4589.250130775121,9316.743982341788
4670.877433293269,3523.163030292312
4061.6149320424165,3196.890467980832
6202.117997038204,2421.70640337248
4066.6392923299354,1554.0284982908893
1474.9431408659698,4600.520791287783
1065.2961620864676,3411.2051340674752
9244.722752437778,7448.375938703949
247.38907537883102,2368.665038305111
1054.6726180565247,7363.322390200491
4453.048746455866,2881.465859819744
2629.2626690437983,5927.287846475592
4058.4890040214596,6384.300963947311
1174.4738159388335,6717.814255003328
1309.0693684737398,1753.3898603726172
8006.579087251153,2827.113697216943
7591.087441003038,2461.156854052332
1042.5286572461434,5761.6041101548035
6677.9041489902,757.4640227136687
6093.113233554834,5182.564499608501
7133.627226802297,874.6705564304181
4744.489045624741,3370.5598993311382
2699.8682753344083,6867.060929511154
6636.791693565279,4125.640550117688
3713.57426522822,2803.4183938222777
2189.5290101216046,6158.571758990344
4086.290137192832,7402.691124821115
7632.69835600954,2545.8493477259626
4757.931965362019,2993.999010958772
2998.642634334221,6402.939169510861
8318.686148238283,9652.232601805852
8816.437551809347,2138.7153666977565
4332.504237726747,6542.476357112096
3746.880207268947,9065.898410683882
6126.98947018965,4619.667650443613
579.7444605791302,3168.442264953246
6913.231605675971,6668.710652065414
7822.876053772468,314.3180648078625
3974.4192725717166,3601.6055053337404
1746.1585000739644,2579.7402681711355
288.183751408635,2246.2170277842797
6372.455994870999,1797.5926352696326
2689.934066349098,7370.633015859539
4638.895871212842,9550.997953259643
3863.5552165753084,3847.706453219428
1748.8479594746264,491.0330690804099
5083.686684607041,7189.118136725779
4595.93522740738,5382.043344635895
6241.476228698322,7236.44613845808
2518.8499452978676,6479.041641989064
2146.390798534058,9054.359809634767
8143.450597564721,1404.4019272691744
7021.922449640415,1691.6184525974154
7722.064516915633,3415.6922402313703
1232.8981175502806,4913.888159974527
2240.3964332701767,9257.137810077209
5755.315162036399,9069.642293499606
8572.013468729081,8718.72119269377
8921.146431684701,2225.269339435919
8319.099622549273,7296.7637721368565
433.9794608442737,3834.917440904594
8208.791846557262,9311.829275410804
8990.911775210818,2145.358363785571
567.4909015265206,1412.579532039594
4162.808937769881,8423.851746335127
5366.103232967017,7169.075951190082
2327.5037288349963,8214.2167822383
5166.856560371106,1579.4338767812765
8859.557879610646,8847.92687749463
8669.425063457646,6776.203566471365
9398.37281257481,6515.608028985766
4841.09798394542,5825.838630980549
4105.669452939202,7648.764855911764
6657.878190323534,4156.083138806236
4167.605776010341,1328.2124593316723
419.4459600085776,5392.648664941966
7199.21452170455,7481.019577735623
2809.839412828238,1536.4745288766012
490.8531226719048,2240.206676112021
206.21076526904147,6965.456220661787
9313.612685773182,2696.5093409728215
2520.760086441689,1699.4086058660096
4478.991925230635,8893.920773052985
9505.764528988553,1608.953560541556
4675.169787807252,3441.4857904734263
786.0932352631133,4284.302923985443
5519.360472466592,4761.399855903964
881.9865345406519,3613.0992582048616
950.8787837353639,9125.384993991307
8514.770738024597,6586.252211762547
2894.215433645895,3594.946492227026
6786.702001124363,3577.1971953761995
5089.243353286618,5029.5249918474765
2223.266912044142,336.6320416963331
5178.2029865320765,9266.428388329596
689.9353589975277,2233.0937771404224
3472.1234958970936,6975.925656888866
5228.362250204917,7777.227470057301
2283.94338085652,8273.830151873093
6601.881301813604,1656.423098675096
518.1192169630677,5366.930697557386
4848.098978706269,836.7436213987012
7149.957812893834,8047.923453135553
4299.460589567729,4864.515339583904
8745.864153189379,1584.8905892347775
6321.927812406656,7186.789456080637
9584.929160587377,3311.6984875197786
2841.218127749787,1145.0660376010758
9387.893308547471,4610.738249936476
6068.225898856967,2352.4659870971477
7451.7889921339865,9502.218357374424
9021.61117043447,3613.616578067773
5511.971879918209,5724.5290514650005
8621.807919496654,9483.609984570618
5416.969395880553,3937.211865679606
5991.989276172377,3581.2687377595544
4450.985728973856,1624.0564039327598
1456.3855184010288,9383.035645657652
5535.032333488666,8007.447783462386
9774.48230266181,2210.109890218921
7871.859957322843,3326.744277483319
7474.984847534364,9149.117780819513
6433.088027296295,5372.79595807825
3479.086734872445,5563.342866058799
1696.1519447837848,6481.444819513794
2245.516016426898,7621.638179077981
63.22089542650122,9392.8554566433
6734.804208983547,8022.25073470025
8118.775585564337,9345.491984640214
2689.1135119805977,8206.09758152236
918.5039964427189,464.34060614666373
3357.2706782191785,1175.3462053694197
2920.512294169779,8848.92925646334
4508.763607777319,276.9644904525703
2641.0205432101097,7941.746488199306
3397.327053450291,8498.437319035123
9075.547793492427,4154.6456208245245
3348.353528896062,3548.5475282321977
7855.18046729897,1944.042191180496
6258.337002244594,489.1887166236297
3375.3794563137385,7453.829563109936
8177.882697803505,737.2708444738663
5950.760695962649,9446.696280089209
86.18727598900367,2967.4346277506193
687.2820157239978,7942.443175942318
7526.395594523188,596.8265103681069
4465.277895851944,5362.78684651872
4055.0779174354057,3490.99537090549
1458.27184195808,300.0110517813681
1573.1859396127024,6557.993544091716
7977.524500959005,9431.627209084949
8290.171339614553,107.52767203065727
5600.025406387293,2704.369261802404
2951.278098056874,7036.057426975649
9327.008166678303,8712.537240416299
6239.623909952266,1907.791735000781
7966.421194517882,707.1678453876884
32.829202882154185,86.41400337070837
4503.1960087536045,2152.064216561842
8709.490863199559,713.1729205424753
3382.3328323272126,3593.8208910259796
7265.51176872281,4401.2577495384685
6576.748251286455,4799.238058822062
1522.1836635429943,1423.293102446076
7749.038272544051,4639.880488265895
1125.2679031279888,90.51641755863038
7279.140965719407,2394.2108812204565
9909.683367790944,3690.860493093199
9579.814318117627,1183.515759435666
8002.417430570047,8140.045973173174
5345.174242297022,2012.1239230815413
6748.245758207399,7548.897116462678
7281.083903440927,4738.930394558275
84.01524278238703,4797.430931451644
1023.6622095295644,6451.943361056267
5970.591320788624,442.7771163299876
65.34540142909107,787.5934000014284
9089.056507734973,3268.434897725141
4896.627132250778,4168.225005017222
2577.670756051217,4299.407971948197
3938.211695975993,6768.87130825468
8507.764106400029,7.050118361522362
9271.928737641158,9591.050920796886
1162.3498047732005,1744.8741097694488
7779.606339555767,2486.3167630523676
5782.271182165303,9056.271845251635
5855.027576644867,54.91400869552243
7794.5212189582635,9913.060815589539
2228.446867859575,359.5733562710335
5310.449679749582,1205.4551949355962
3193.5261545080916,2401.0671254888816
945.1234497651484,4387.216401129073
1050.7944555660388,5184.515337155923
1364.7147062515076,1047.1847116866472
6148.998489048379,736.7389862102891
1058.3019837731001,318.5903640576804
5701.0384259017355,2567.5070067420315
5882.970579772597,9215.329735952424
9038.965101218912,3898.4251888790313
6263.765963255142,7640.073920945492
9855.878408815013,1901.8819453895076
309.9257994083482,646.7922572660423
7041.461366451189,5542.797884836627
264.8007805304331,8220.924003705019
7293.7757787470355,8984.59916663545
3858.5020920403545,5462.046035351009
6113.077653925896,2940.32284031031
3095.3807208833773,1095.117452372608
1591.0503915264906,6678.228542386298
7235.125180892824,2804.368171180852
9046.203802700868,8439.624244481976
1835.8244370003497,6051.21118453288
9207.030012036006,8588.785633547259
1401.8210920454378,5666.530100051514
7356.618825495312,7717.423627044433
9594.45158179006,2943.0515091109864
1473.708817562377,5030.587903825815
4350.900467553533,194.0637290290992
3374.5748235839947,6078.317433235556
3884.7775018409816,5337.393475604532
7531.397391317766,7552.823224302032
6611.889325555593,7289.559654860656
