x,y
4095.6900137371867,9436.240636185352
1638.742228619684,4686.813346565555
7113.605907756597,3025.0260726137203
2210.895776336115,1907.7291123062157
7488.956455116084,541.7095587590992
3131.5983398007284,686.5357443083132
9258.286213113759,5741.669263780136
4454.166017013462,1762.6195808281043
8395.177196738492,8516.170954008325
6281.660030390131,5964.71819791414
9773.982149034702,8648.86557852245
7427.227507120846,4274.618322595025
7277.033223113856,5957.769950017359
2648.6598244931856,5254.283031424191
5048.597509725403,9866.767496633269
2901.1368868563845,7968.198932432787
192.9343701840369,5954.0008219518795
7105.853326512335,6065.859893096074
2358.364997042687,2488.0171265739136
3973.240303427875,7347.529434197651
2846.3878717386624,9828.328629689666
1996.3585646365045,1294.313055464773
671.1932438375345,6372.611979690993
3378.899087712863,5178.813215202944
817.4492352120255,8504.111926910697
5403.191404032229,0.46869791606507505
196.24103761471278,1365.8488740361263
9400.198796428596,370.7278611889109
9664.750194526765,1629.332683699577
3046.53848296369,7079.362803287491
2601.9464080646994,1396.714243823186
1044.0519970180117,6223.3105139698755
9049.189265806688,8682.057577202308
5868.639252999043,346.2355793539118
6101.249229981065,267.8641588012654
8958.564626019981,9898.482743078099
9107.867938565985,6732.745655538726
8283.416697105109,1406.9522174240878
7734.415610996612,3066.919899143843
8772.412222999837,9850.051532730195
8759.706066845227,2272.165740539365
3686.4485627189947,7528.26565128105
9733.912199789842,2411.8207714562254
7091.322131603893,3984.6763048393786
3702.0943401266204,8807.042517466565
4420.495172755089,284.38941241743845
6871.310582814713,3072.351593887408
3610.9890963467915,4871.927084006441
8265.577120200163,6254.947378268421
1480.6362119147632,282.41654961538745
9075.942987109627,4106.709664386597
3011.9751183660906,3442.8718190505915
1527.1278534313094,268.6660191838319
8580.242814460233,3553.6771076737627
2394.632389357878,9316.882891165165
8433.957380496013,2746.2844273339106
2962.644034486761,5855.912975175551
9338.642876541568,2980.957073692857
2190.776398013112,1066.6612063070745
696.4999107200132,2897.2348004027904
9365.31163342389,4707.591389100257
1656.257422436529,2962.083978464397
9441.325417222752,6241.693211540613
8239.773501183365,9490.887219819522
819.2538971663499,692.7156401709267
4451.351989429355,7170.043606743311
733.9965813511562,12.564070943131833
3297.865646118113,10.214990505441612
3515.0307823998673,1329.193547103359
5996.333303275736,4799.305041936497
9758.955678431124,480.0403491483396
1697.6344010755906,7221.5176776140215
3291.509647488121,292.8154512273962
5871.024942145305,4954.317747265514
1714.2085531959717,6760.986376536918
7107.096622587192,2375.5060599295007
4036.597158863706,5792.9813711889
9495.722956353171,2617.8141496589246
6298.709452157262,2140.9726068597624
3630.80711210095,8183.894143525357
7194.731210687536,3329.1334128064
8387.545779899512,8139.795669675893
8004.797640295018,2169.0941177855307
2627.643941286838,3558.655705176883
4169.833521488591,1026.5881365971795
4521.776610305049,4965.003882942609
3883.833921723755,3815.9429239489227
3108.635828558175,59.56619658828988
7527.477992813478,4648.551276947912
122.24243431511073,744.1463644775481
2935.4422885877084,8369.560457702417
1416.1725697290362,4936.9317432702555
1287.6931589994722,6900.506965235911
2769.5866689747863,8211.359956205946
7621.530911150485,511.7790575025294
9694.218690784337,3371.977508527513
5146.184665410988,251.17826942122946
3389.7181757691787,496.2658596975011
8291.70466311087,378.3245123706058
671.0342526824942,4779.065412017966
931.6794187902822,4506.78047565626
3453.663147492667,612.4044613297718
4484.084994713509,2623.6846635159263
7978.3786928137415,2444.91195506772
9252.639393357897,2966.1513409240624
5312.765349917839,6407.623987888333
4956.446695712749,6970.672722235737
2130.110190790342,3390.714298501034
4511.815436999833,7882.306377906902
9236.442312740452,4178.601760069281
3928.995362733715,5224.026908451536
2106.824878009624,1455.4960041949482
3372.950292051431,2328.9544406596706
5145.946126351735,7275.552354208882
5985.850305995709,9770.42236519681
4324.298796401692,7046.535556298819
7585.361795403025,541.9838582207859
5844.533821067067,1428.9135320039582
6650.481340116873,4457.785419342499
8629.189246112304,7325.728628929403
8656.885702726528,1659.324579491487
2035.083123020981,7508.211365925147
6233.447448326498,5558.357239593209
7166.4086104166,7745.431787605763
1458.5295326085113,5576.376141129366
8427.698370589183,6025.231779248632
1804.6986201133132,2487.470660249561
7992.794232748572,7201.897369278279
1614.6575662344942,8440.143682522988
7417.785368110011,8712.908078188222
1481.4797888666376,294.5305261761133
3788.293108584687,6245.978009661893
1435.1613347207192,9895.383341835815
2707.150963266297,5869.156565528893
9845.147773534845,1712.6900752861973
1076.7565606938367,8776.080908081556
4064.6482641788816,2643.064148505675
6769.193408855229,450.13459561209277
945.9857039728581,4305.179678243881
1090.3298741953338,1002.7269341553224
1432.628725238746,1152.4228683756687
6449.863780330233,4632.891474224612
9093.369179792064,6126.834120759108
8259.894539686515,9053.920616587324
9830.552393574917,7052.529340125178
5781.378845993938,8426.031516229203
9614.773046181857,4117.844145397919
3049.34165215452,3185.916951465455
4215.045938460657,5928.402668182311
3960.4136796612966,6954.995674265991
473.57480278904296,5682.50444851471
8297.052685405584,2645.2127390643454
247.18188692368636,3697.238893384037
7298.762510850118,4483.047060559076
4070.6478265526403,141.51904095302535
62.47716076909104,8798.38785423281
2899.4690286279947,5114.101697986611
3461.276959188273,7510.299472176981
9647.024710600153,1719.1129805607043
6610.790976074561,5566.436914201638
5435.715915061403,9261.311715185564
1270.5056420265803,2142.7678556411734
3911.043395128169,3458.562008202015
357.64353600368,3883.2317115050796
7616.854184723676,3833.0361154707803
1627.7670219374784,6006.225941643604
5944.357009464011,3937.7024658788396
6993.9153825631865,6740.544964930651
3665.0912770698565,4845.603282999756
6325.931520994418,1576.2592665023801
7642.328616466826,9485.682354714962
1841.2379510598819,2395.1634344734916
6008.603288374848,5624.699279242282
7338.83135440869,606.9403762682424
3570.480894166259,9186.216800764823
1624.9115811654524,9279.960867362068
2861.1602112442347,3645.439239443362
9330.74666839829,1209.8016112106059
3574.4795476593704,7699.841164155568
1077.0058775888203,2622.526762240721
827.2650764932887,7006.156374170058
1804.9506574384377,9151.481971201072
1275.1233568975174,5902.3828851749895
4950.436599571362,8612.375110099732
3475.514441756089,2246.484522638258
8414.05654683264,9104.307514156204
8810.785324312177,2266.4455200177626
4732.793878877798,2258.001126428648
8885.271045645944,8798.688830342528
4504.616387310099,5549.034841949852
6419.621239453586,7994.416139340355
1625.3483264775082,8024.887465331384
525.8256182187548,6469.613199464878
1600.8517640479736,1890.7372243638665
2518.4523584540643,6920.940350286763
7509.818930403453,636.3466676412954
1735.0524246147058,2006.6804616869415
1306.5469553603205,6429.118323693761
9276.093791294486,9078.097968995105
6888.02422343942,7716.92809636166
4733.055857282805,3324.577584426639
949.6839321575857,8237.017806724998
8517.909115713563,9665.972922908275
1082.5843078886444,3319.503411192604
6110.465317428558,1868.2543173282684
6676.764926214869,1975.1445669531754
4001.3880514998723,4003.2362284462597
9112.167250045752,523.2340777432876
507.00611709019404,4877.573444755508
8181.169057986892,7322.985392667754
5537.943982581997,5304.595398194485
6112.0372440761585,9700.502464215113
9868.255624823503,4617.007967886348
5826.478031178226,132.58845141901787
7970.27985562393,4701.243546934991
1535.3076571977076,9298.82156384427
8092.8959210981775,958.6135358447312
7610.729072241665,2229.674565333667
9681.100733676849,7155.592665096354
9357.106349693206,2941.0068554634327
2139.865455114055,7652.409191572271
4649.331292643282,4193.242374937723
9114.831781728533,7960.671248229406
6407.650697076446,5515.329354950808
4637.003942728701,824.6863331867937
1089.387616008307,3861.3625477863425
3517.5756723622953,3332.4833006091912
6652.399491535791,8100.811962711754
7769.144819504971,6248.783074627892
4471.669140092526,7774.008085054878
558.4449301108297,3721.4975891446943
6331.721822695305,6917.43259300792
9215.863922248833,652.3438709986607
4964.107489054833,367.2345763161955
9284.247012892929,2874.6787648142913
3541.00723662542,7736.991772075711
8863.657699364192,5340.874769421038
7863.397526321838,4088.217906896743
9617.415499400027,8966.346284391546
7910.21235210428,4973.616036752369
3214.797496304687,6133.891437984954
9005.675272993176,9858.286139249825
6697.31076461139,5223.9197054483675
1620.6932574123723,7835.026146135373
459.65079739360147,4138.255555303788
3658.4560414828525,363.40425547715773
7868.641497316774,8344.720702158242
6182.1459544691925,9444.045939567188
5271.27159729342,4343.8202438696935
37.276345902581554,5036.36268577019
4355.007020987424,4241.379006044345
1577.2338872524883,9969.058165794693
4545.673971131879,9033.610535681226
9917.703219878365,411.01447015147505
8795.38823119929,7790.186701950394
3106.3060410658104,6008.367446495037
5935.073929629318,251.4170377794367
5020.952334139177,4447.122779131224
1300.4700521468283,1497.1158407330686
9898.065158151845,8730.477556055223
4251.751566132909,126.98756776021058
5056.590370718293,8731.058076155987
6475.9931231094,9408.391486502076
1915.4453313061792,729.8446649523971
2222.26602359603,7198.375325469909
1925.584251964374,5488.921924056246
3844.655434665284,9542.767205832048
1996.7695645772033,7981.496809309348
9263.959679423891,6944.140447602508
7143.140463502409,9255.09720661328
8978.35569222976,1603.4973114383456
8484.841303101983,3759.599880510135
7031.519515634316,8429.418592030786
2427.4618907515933,1015.85457143046
6153.1886428646185,9354.47349078725
1862.9886063526735,7451.554615568099
1324.760485102776,4393.329334023812
6325.752419526063,3387.213661717555
6246.255935383099,1476.064031621791
1566.2214201948832,936.7352489858782
3524.2769744793145,4235.945789610733
662.8117385682908,8430.984924674016
7157.331136860525,5318.505376497849
9874.956513975438,4511.487795152171
7399.061554250343,3190.425185395821
8441.521695754413,1569.499113191005
4763.432422847193,9900.992948376841
955.8408116675032,257.32593018978343
7266.065225053029,3118.1590173584705
2565.2020013081465,7693.79445028597
3882.9395325752957,5205.581562436537
7030.992499618434,3138.5490081429843
9047.845261955823,9927.393056938134
4862.490489992497,6191.696440115716
9616.055730956616,2951.5578315611324
5199.035282940041,8479.531432016316
1225.1044846314064,1501.6415176745345
5184.337458253974,4635.740748191478
8606.277059379672,8395.88796248413
5380.451331243199,9836.580523627072
7477.5534786241715,3830.5759248712625
5479.576118578754,1381.096588030043
5460.545603729003,5669.295200609284
2847.6090129726526,9439.930381449261
2012.6048455574664,6656.117362185113
2789.1879584465382,6021.595393331148
4408.378909238132,3092.919768420107
8095.901107066984,6063.398198340168
8289.911073038604,8846.779974691919
1633.7781607271806,3755.2598879296784
5528.549141543084,2420.536539443456
4160.277229634279,4809.575719868352
5709.357256381633,3761.8779432432293
6476.233870170266,4699.259934996657
2796.1199271885594,957.2964005793605
9192.423819415915,3362.0999941627438
9354.481550020175,8265.478068941993
1053.5774254927899,4003.2110921432995
7030.18481116219,9678.951010653254
332.32061694948413,7088.44811199241
465.6379790728438,3660.365865439671
9577.99914083022,2516.636885144832
6948.531348703155,6853.67987092244
3245.416298480499,3024.464899783766
6698.776677458906,9268.928198577758
8458.350506536815,1163.3588137693584
8709.034764113037,287.40334571612624
205.19779024165354,2210.2677545201786
8182.280074102644,6066.191333012123
8532.027150599326,8349.62002072133
5955.702048985262,1701.280699438068
4799.038435500223,5847.228590064176
1109.9891719762657,1441.5309998493353
2396.1383966889916,5631.786483305558
4904.85119665424,181.82278112284345
8650.797111735103,5578.07088419022
8031.34356799323,5217.758379651614
4959.295809187364,428.4793926116004
7856.27022830479,6894.1689116068765
7657.333750164519,5722.545517420527
5790.153513666073,6230.972790518704
2203.2545343196675,5297.739465166471
3480.0376875984953,7219.936221464049
1640.6455019241816,5250.038643140027
71.50506422759273,9222.697689267245
805.2543134143652,9435.093329639833
7596.256343931247,7266.754916037551
334.86150767497725,9117.619976646065
3998.52638814125,9231.548219611132
9857.803316719528,2619.9846373374603
7952.392178102201,9939.296780694844
7506.176050391641,2674.3682890457153
2747.087679731536,185.3920811082599
6417.302156108583,9622.249633753043
4987.118476843829,2237.180421402187
6238.244013183498,5841.208632624666
4358.16118993497,9706.681574749875
5309.630403031398,494.50395319522
9883.962490176815,2693.1195365512485
3293.128550079647,6088.239726036463
2164.527734843297,7625.580565831435
4484.944428307229,8073.664468519425
5243.20510609053,8838.453772259509
856.2883624372586,1684.3602548175795
8059.720221785701,3700.373308472198
4220.527876948926,7142.54250001984
4131.868338310326,7153.100380130427
6588.398446832632,3080.5467889676097
7732.443333486324,3042.2303863191855
9859.402697781368,3206.420135496313
1735.1969849525517,8920.80189607586
3455.55683453576,9095.10762687998
1682.5726873651392,148.27475584839877
8808.550282272588,3250.1639158865305
5484.932386621831,3920.355271802394
8524.400957052836,9823.854853046327
9852.252910473493,9441.678195850016
5502.066808344759,6283.251148032849
1181.5181919071692,458.0530129681626
3612.6772089667693,1912.1705469601268
361.89297268663825,4342.06260092575
8493.009469362476,9590.35624897787
178.86941606900297,947.0438928830738
5921.849901299412,7913.523521289888
1061.3328590735782,1911.918129818222
75.57841394162269,5078.511075660998
2561.504422614047,7669.708167044698
5518.521930375623,6924.953480358908
750.8791220455469,7757.478193658512
6148.878829801947,8135.926907075943
6719.922211374055,3057.4242477995126
9696.98100113452,3640.3059534424096
8995.370803881227,8157.426744405807
5667.911025788351,386.43111819479435
7933.648087099936,5144.54697559355
3636.410816469919,9204.046153204452
5857.122160635566,8850.039928330847
4033.541699365023,8043.039376387324
3370.417617120576,215.4883827104137
7276.394858749435,8876.87078250198
2966.7054428674587,9116.639665227354
3805.522700050772,6636.700606237495
3671.7157108077945,2989.13898225311
8704.03427186231,4899.273713436462
1704.0446995100112,7626.1942076788
3814.757919656465,8130.286787894132
8878.697917288222,3433.439854812322
153.04425878583382,3260.671293927926
9478.669953281134,7361.812150693934
8989.004197954835,6863.5588198137275
4178.481464091152,5131.972087298637
6530.252804661295,4202.604632125142
9910.666606220044,6571.597430653424
5549.483770617768,324.33320339974927
968.9869144560837,756.8957580592684
8536.410135304115,5730.86754631505
1341.5161455720815,2102.7874074136134
2572.71655605963,7747.839952128177
8735.153530592366,7723.639746052301
2560.2921183743633,7099.620806177209
7450.85930652749,9036.02685643734
4476.736787588628,1408.3493815598902
7597.489456323179,2592.403374349018
2323.522450391876,2522.9927260433037
4195.655249589017,7823.8867608852415
3181.6133859157003,5213.446582347823
2490.440419820348,2526.757900997859
3144.29865739676,1364.271418217199
3229.9219889847186,8930.163346646532
9553.781936563273,6921.290467211955
5332.303326141029,5285.2499161938895
4620.521883275324,9654.708675166476
5033.18569903519,8495.90949650841
9961.309760734188,1781.2137573397547
6535.891048912536,5081.305937529125
7034.86641463788,4860.78651589115
3136.218295403246,8442.864208630088
4715.377099678695,1490.880714437952
1840.6538949913465,4517.862374567764
6851.894556906662,6365.405533378342
3444.9452575321993,9452.546146807086
7482.883657618686,8992.649349229623
2131.613101349381,5338.478698439092
4035.0302820150396,6067.207906298864
4711.843399614088,8524.013431261608
1665.2535377020095,7443.8826521301435
695.9109444124922,8793.356091241449
3170.6769731847216,8959.306143317686
5448.92143526181,8325.860200290579
6526.789485677399,93.78209893879053
4252.713432286302,3109.3387297100007
5002.776131050455,4035.1698753472087
5431.929744096614,6779.15300303286
5119.108210485769,3068.609815279688
903.285555236255,3235.581310623503
4050.0103271462726,4002.030395705224
2043.3142332715747,9553.336004357854
5337.359742897543,4371.578465443713
7580.762522812572,1406.722230591424
5794.8629930554325,63.55806676923703
2218.218514668525,2366.126611163718
2077.5688559751825,9388.108936714852
369.98130415711427,9549.925356181715
4263.808821530905,5290.013559482721
4328.615361624312,6463.633447864693
2364.3634533602344,7959.180098811374
7642.584676822604,558.8762521170754
3864.8669660344503,3743.0729909325732
6694.01398075399,6422.473024976013
6400.703322237786,8982.534293704897
6047.404563953748,7268.295611363325
9080.661604839734,3500.614658086789
158.9011578871913,9099.823183862198
680.3731084344366,6646.194482509591
7221.406503499873,8302.352861025298
3535.2591897914376,3855.075418322077
9865.223953225423,21.588407498399633
2164.1272253256216,1661.6859399350537
1834.1903809175376,9271.774172695063
5882.218245941179,331.2403374851247
2794.2527888867107,5960.392599351491
3404.929850690213,4091.275067746748
9210.243239828435,4295.786824809295
262.4266864772651,4008.183491342121
5312.594199172156,674.258284326732
3348.99428019535,1223.304961754522
3459.919759532891,629.3934889315256
2478.088098883161,539.0785914203223
1348.5008677816556,856.1060320839575
344.81661725059064,6966.1719178533485
9876.95506239954,1142.0520022316039
6603.660251134209,2614.9306570429676
7772.053066603625,6569.491838561349
650.0229929993961,1122.6566274614636
148.37413504777075,9102.56248551984
6002.886873194444,4774.841780014491
7238.313892335184,9630.574903388364
3948.66266225365,1925.1073861827483
3877.5510868392757,306.2438723940053
3844.795213275576,5902.814080564759
1527.5584796102094,3287.3838725303385
7539.135112007355,5723.905421231307
2151.927323403886,4736.501707187361
3244.104959762911,4571.561670574809
6712.597375655835,8511.776343041716
1.047107981435591,1918.3400395881322
7662.571859599794,4996.349146079705
8990.94748266758,4160.042615948969
516.1737526326793,6737.694211773179
5916.238064602847,501.326667183456
4084.589698143404,5294.204419684046
784.6339139347225,4785.406565298379
6822.309873202942,9735.80611385447
6123.186226673364,7558.218157997074
6426.60327216418,1549.786187107014
8134.953650370442,5092.144389058023
2869.1897560982825,7837.369222461549
6770.680714343818,5245.693655155961
7433.176945832773,3567.0077015753086
1688.1496459993893,3766.553764785263
9570.668750624416,3670.0394587191563
3399.8104468813285,199.544757896305
7137.082264816779,7305.9614616768395
7540.2012628588245,6108.8375909991655
5040.3091930637565,2686.775221329316
1287.1730613084997,6300.23373260519
2756.6293241757667,3087.29381057926
2342.469523287262,2433.813502947666
5186.423299175882,7411.528879949374
2612.6887099700702,8091.09609822026
5467.704769577979,6257.086251855517
2882.06754387033,7841.466269978789
9.79133676900057,3657.001141253905
3632.567337826115,718.0379134921134
6068.508531891526,6048.856082288205
7736.967765373129,2559.762490895352
283.64460979974916,7774.793464468438
2583.1300067659267,3581.075551347086
9854.621200476677,6706.730389414137
2618.1538853055,5528.661170875194
7771.976565384348,8174.847881157075
5093.736184075444,8323.054217152454
1221.7398405535362,682.9773697889807
6434.001289950534,2951.156577427656
9663.408522543701,8708.791375954588
8868.290327489984,4039.896297434158
6902.927878387065,5148.693434309236
5121.482669437062,1833.4378701787746
3193.3300554954812,5526.862676874383
3569.666265664394,2646.1493204185326
3462.067408870878,8292.335780320236
9220.819807687256,2002.44714569209
2113.124590284371,3598.552068911902
3780.298416839647,950.7398240521514
4319.632356237745,5879.820832255768
4089.009953752709,9419.720643701941
41.98247840519586,1731.5591389630747
2709.7357691559077,197.37169503681983
4985.685525556186,4224.631343920082
7604.933151436839,7484.151607439164
5694.739853805872,9751.006430518135
3848.6200458461794,512.790675638225
6651.408768987019,7859.618870594961
6658.932078749099,3686.7407265619777
2479.2468274880584,1537.3149745532533
1037.7414717265133,1923.0515670556247
8031.835083464408,9238.837624970825
5297.823793336925,8093.575349633434
1765.247619471898,3117.290770031268
2620.7106577880522,9401.902654485624
7664.244925840371,1052.533058965719
6532.723846070556,3225.364432329818
9451.665640361085,6529.211690663888
4649.4741484809065,9994.190764531733
521.8662987238254,4656.417170903769
7004.228674226322,8107.148884202307
2549.107549687579,9158.65892466157
3238.5455345757973,96.28423831255839
1966.4825376676797,2889.407285220292
3089.3539955052183,1003.5975302845568
8294.804756134845,7760.602490431196
5767.133050108688,5670.50426893844
1091.5374327237248,955.5994375058751
5866.036733915648,4207.243751150137
6335.633555537972,5139.6937219591655
8848.236912928693,6977.514429718654
8596.454435976231,7794.842356831017
628.751162397877,878.722019482504
8666.980949763965,4876.455957343575
508.847340093711,1611.2343587131438
1541.2198421264256,7532.555550660392
1115.5000207592514,6576.688339095841
1816.972406222671,7230.00954132139
8032.6199423569,749.9425729612985
6861.193446534396,5103.246129514838
6869.624373283231,8405.80653561708
9221.276186789697,7133.4139854619
3918.5103243996878,8617.479790283967
32.87443112213517,2061.045348371998
6397.684520689752,2869.0066740692423
8680.743864256488,4412.790906854705
9762.60180561045,5232.571409786333
3638.9273031597036,2521.6286489062013
8221.521884430947,3812.3735467902975
8492.277143386606,6870.427041516647
1444.3784108724255,6453.813384525368
6314.985552556654,1104.7308677034018
1731.4009914086926,9857.026424588907
4466.308181536938,5627.452215695388
8792.669192056812,4835.623861259709
7894.671121574775,9672.471825656768
5703.394570317467,1403.2944198895336
8087.091643431323,5436.733528685257
1528.2750884401619,8050.775819349788
1949.1936758662898,3989.036888272721
2088.6479155693773,7363.046920393624
7760.135553964244,8991.629424147859
8909.655045397616,2616.5308712820447
5628.363204403689,2414.600445893392
9579.716247356753,3606.8553540116723
7280.302512054606,4184.415111768286
5636.838338402289,1110.4437108816035
6115.905268527292,2312.8900836034695
8495.341532464174,8732.280262114924
901.8070742089412,5665.910808970351
1680.174869983848,2678.2029049837165
2662.9498377508166,9435.947411280438
8947.758559903023,7743.1110323758
9449.449711206553,3624.3034895508995
3561.705484686619,7654.428654368509
9238.57226011243,5960.522902155428
5468.478009671489,6838.183699874662
4732.7374417875935,3214.4931378136343
8327.646779296,2094.9544123454466
5460.834368858497,2535.8065095410866
4544.822988678808,837.3445976837701
159.6350427033466,4710.376179313661
128.97662403908217,4062.3328237696987
6275.914001244613,25.39672350048705
734.1693084691614,8563.666669376169
7369.453087362632,6818.692189070956
6223.4146329200175,4467.4115185379305
4577.295327121543,9670.212253852236
7098.036431116867,9405.416101935994
9930.713444694486,950.9692843864448
2463.567736325204,6151.392384257467
5570.557001472605,8170.22483044514
8428.55906207189,1729.5185092879406
168.74904539759595,1279.620724020535
2035.0832870251222,2597.7777902471967
5209.586561598897,2796.711453684946
5522.460249325004,9649.846121892107
863.3326405235775,7804.773305713535
4074.2952566641266,597.3790437973158
5197.847579861811,7864.814190307155
4229.756988103447,1696.3951834658942
7005.9625580379325,3572.41957420913
7713.638886443675,3185.196075273652
4602.61619256777,2723.815717301951
4256.597278381132,3087.580326664118
7053.636707861228,7542.0152860790095
5553.023588871225,2665.5389588593125
8704.394466139689,8007.24096936208
4811.46151414673,910.1698620979548
5743.274756721628,5951.6991133179245
1288.0520314070832,8630.008727773164
8359.972418449357,792.9716943276433
4222.9213168380265,6348.877302115816
7190.632927893217,5116.167517462242
4294.827490811309,3319.411346295038
10.122297369256072,1006.7453772090362
4004.102502664021,6764.852962834645
1475.02195078566,3093.7796431046218
3986.1507930166695,3389.1903559254965
3213.4394022765987,7175.927352160822
2025.4737867560136,9453.535638956451
1237.7209716627412,3336.3744448590637
7285.61222249406,7467.330738389173
7548.603022996687,9566.090274517295
2649.9750521715746,978.2695024370458
4951.902247168188,5292.019492445856
4640.709474602311,111.6433503573
3552.475710570018,8251.78030801832
2776.371817967549,2868.9070136721352
1860.3174268169375,3327.6749371721503
8728.926200686428,6872.869382480532
8333.124876573445,7891.798142866566
4171.794102367166,3999.9025119622843
7212.012565275506,6655.200674736188
4983.320823992187,9563.544113988997
853.8326529272832,8869.022954918664
8223.905084430511,7012.941088643999
2192.7154401409853,9430.638893103684
7068.175107281432,8759.380483359962
5273.979649151659,7290.09072995574
6905.399698145001,9172.477590531716
4712.0305572396255,8173.90464212095
7025.611484769867,5022.540984108744
328.12552945086225,5022.819031774541
408.52939100912033,87.90790409811788
8963.399652155098,302.497340369281
7496.940159715572,7462.275949700789
8284.67519882902,5547.689001497064
4565.8538692131415,7609.58119733071
4596.468618828774,9496.628191982625
5340.0403555107305,4525.30655566491
2436.620467598505,884.4560092009646
7335.024984885612,6265.594423209852
8294.544034005605,997.3381238064217
9072.24092655396,6213.029911345133
5170.338483754986,5277.388439225584
4145.765057273418,7122.171043044446
8309.332443449623,3509.5955711439974
7526.657800643747,1438.6180097816925
8672.732197091927,2362.1049564735686
6557.310574524086,6836.34349344305
8833.133034728666,4781.655822528383
890.4166604532127,5408.174807961586
6795.615776854958,3229.984224109136
887.9508848722184,8367.021681835911
7489.076432935146,9994.550795994208
6284.438701329399,3122.0610829454354
159.92021581576532,7186.516117238492
5992.609860734446,1711.0024420384839
1462.7980855867384,7424.319361894408
1424.114197790698,4308.513710339968
1504.630116566178,6053.056902774968
4838.236022468424,2375.606310279147
1155.2025403187504,8516.567352344215
1256.5574845272777,1733.3530792866047
2561.679861338765,9286.05440736903
8.582238277602405,612.4836760691754
2757.8976695736624,2879.8154939381648
6184.077668020328,5629.454976697604
6015.705605953655,8584.685836933077
9695.336481646462,5770.248567296401
1196.300789797774,2161.136904524715
8655.713314655792,8590.333864795799
3911.8975989658843,5961.621107717337
3870.3628796164567,2323.46969782362
3488.1088362434366,5618.435619562892
1247.365314429585,6752.992616735157
4785.050370989475,6805.274551095913
7873.779693470139,7240.046089281781
8754.32407147698,8957.380380882569
9628.592581273628,8248.220492070208
7852.924857004524,6076.970017489703
6230.917056547689,321.65405444817054
4975.337797059971,7495.223685342168
8748.972516013959,9749.594226491789
7395.1360685816035,3055.6662115702284
1612.5817597151415,6068.98616867329
6825.504927962065,7686.666091187358
4310.385979300118,6390.889794582331
5957.996774218147,9225.488940209958
8983.53083817429,4733.399596687691
6525.705487339041,5318.4677625608065
9387.242851762801,382.43390366905714
8663.696752640759,9002.213121988383
1289.0125116344775,2622.828118754492
116.51913778953914,9784.210742942676
3844.1140864888134,2021.0636204159528
8653.299883587093,2534.556784257077
2301.2599271016875,4846.256340867168
6913.99921899496,6605.00076769755
4759.953692230107,4406.646077585496
7460.777604290668,3518.165315787595
1649.768789779572,5400.869777440598
2390.910389833882,9582.983180441019
2425.2446949666673,9619.519962271737
5484.658135082107,3280.447885783947
2896.244578050269,6801.5864104043885
8117.223728346883,7219.122969915212
3467.9421910416954,6534.171282613564
6608.511487903874,1130.1025422563725
9485.018860968052,5394.756516697553
6069.237176808208,7632.516076153564
2421.535222138428,2008.0955648223664
8304.566731354773,3482.0883038748498
125.42520696833925,2038.0043899208144
2565.371614310422,8869.285544558354
3874.9048854778403,8585.316160539698
1959.788613678697,1692.0312032581985
6040.180925390109,7605.50234784524
5580.006169402517,3639.760678526893
4064.965684387696,6861.709837780566
2943.794466543951,4933.681460703056
4339.07243362022,4719.789344598242
2912.022567127354,8812.848123768284
2212.5850827835225,6369.642655748765
3512.7013230934645,2357.6794276526525
6023.355819507899,1107.5895768237376
6483.9085671906305,9334.068430113723
2973.471610636259,1533.8595153822887
9473.980363295808,7340.764719258533
2619.592299176039,4958.495171328179
7121.321101782967,1400.653827423396
814.8005689799998,7766.556075902884
6648.445460983803,9044.845361527674
4599.487486588852,1215.06607463148
5691.078446433954,670.8882808030692
1840.7265951386541,8498.49951313571
4335.639685796311,5009.534389530973
7662.778565571535,6745.352570270431
7670.848328015827,4414.803372425563
2375.5596123159607,4124.282564345428
3525.9927511302903,2996.5913522209444
38.13555392101486,5629.281557362577
899.62174338176,1598.0790770576014
1267.3035264875487,7172.307697285149
2936.5132589590003,5494.297492599041
7590.154867424669,8475.208460416789
5102.501321559869,9210.141107641304
7926.081365522494,9005.86763698544
7549.057075970432,6012.309146142226
5871.382095076755,3187.343050988588
4998.602011960785,3571.6964106357796
9313.2086154928,6525.3606425942135
5692.702226144151,7119.671012062302
4828.239846157096,1612.8553504965394
8691.20809539836,9979.493367128713
714.3871475230578,1075.030990160558
6560.263195179042,6070.922373104439
1130.2725015973936,5310.236942968241
8198.216278861046,5909.88177868637
7926.661850496388,5337.648634793059
5036.000342532465,579.1012287580444
6610.441500859928,9959.254190949543
7726.216913041647,9812.770411485233
4833.038700163667,5243.519465342668
9059.579137893272,2083.4889715875706
4370.3000925862925,1829.4208924618472
8920.225151726947,570.4853219283723
5827.440488484103,6118.58955014694
4262.432639395406,4782.36550243048
40.97534312602513,4163.117836272774
2955.5592055647494,5252.133411377437
8679.214923416584,8728.52926759108
4287.1278906369525,707.1865131255539
4214.685271740372,5440.892675169238
4894.106810671043,7010.16894983179
2863.040315225779,9706.888162170495
4915.512697574701,7396.921534667566
3757.631164400768,5481.145432128997
9094.425304325132,7667.687218700687
5639.6677119655415,9970.582272908412
8341.509691424248,8887.343561148184
6868.740955763406,890.9628197507957
2126.029840560979,5748.2795037608685
8676.656097008894,7864.74155710988
872.7079738852384,6718.754825578105
4486.378605728893,4169.678628017514
2391.5542553204473,3224.4437432108352
5375.554226322046,6270.049345951675
3000.495794447966,4123.687258159363
7228.262592246238,3919.9753207039257
9369.18701153804,8367.418266405452
7090.899782152368,3156.554231852873
3553.103667758055,6449.2393704311635
6000.699616579538,8734.334380129394
8885.26091798121,6217.719139604743
2700.2838978690556,4927.873723156316
1182.047637382707,353.0270416096626
1307.6398861099192,6815.725543746705
4948.530103433477,9975.260272829986
7321.362611298428,8084.305533062727
6572.577420864065,6344.661863543918
4538.895004846818,4691.445020504684
7292.980401813631,2243.241971156114
6339.699561410171,6921.091988220286
6282.307556008476,1773.019175120586
2023.7639729420487,8870.484506316245
3125.834330262819,3539.885872496948
3444.2432528921017,3997.9640945267024
8081.907582838953,2160.4160987956443
7751.104909653611,4816.623514049464
2526.7275741490434,6804.544901522734
551.5227430997982,3027.7917023844157
7677.838092064555,7018.375945754056
4098.661787943184,6205.822140187162
2198.0316899028417,3723.882738279917
1170.1687057109543,3128.042112265995
128.14650588500953,8613.293528891569
4277.2963481388615,119.35009043021361
3397.6381438682547,7159.057119531629
6964.701507072828,4172.538656358788
9766.654321874083,7176.917722618246
2067.8261961615394,5075.130233471455
2430.361403739374,838.6063736899985
3373.0257686439645,9820.523494127192
4659.376348833053,860.4554142024068
6976.986953405354,1584.3484806572972
3520.3152183860666,4203.352805120755
1042.0054297077907,9446.233848195496
7303.416372477406,2930.7223657478885
7946.416780178532,5686.621405910818
2476.4865558791416,5214.364527087449
1367.5624374230656,3301.4752127470183
5278.010514657503,6963.324338984261
2083.143008713465,5014.623307059382
3741.6343334862854,5782.8662778569205
7773.612201288504,2101.5542128385946
2196.070431845888,9265.490605864348
8062.59261118711,1105.7105083928186
6740.199878163105,6902.692299255484
2197.258637379008,8858.961105845177
5264.046010460834,840.2065142553927
6140.7076250626715,287.5202369020302
2002.7603781364344,3331.53745157454
1449.493358125169,7899.4793326735025
5311.679344262647,7173.665175038394
6938.411661356609,8221.570854487401
4650.688400715482,3974.9854503833326
700.3924853192034,9937.590183324704
9252.12706696798,3661.061050203066
6949.654458545106,8053.8320136198345
6211.962857868949,3508.064220451441
6436.270119306773,2184.43771392864
3986.056009080694,3366.6907306176918
9844.004993061018,1926.777644828539
1326.7921171851194,1291.1060657718876
7391.413774832266,3639.6390738363016
4208.759602670988,1467.9418548352774
8810.960476081264,5023.287815354171
7172.612742170478,354.1222619091233
5622.522233596923,4313.277581390106
9376.936343881804,9580.05521403658
9124.433609397369,3588.4491206045545
523.3399595224564,1376.413326488931
1925.8804673939278,3051.967303640112
6760.465849045786,7912.7791333323
9218.394265060846,3136.590958885659
4303.3000253514265,3834.959369485659
383.05245360408026,7887.865165251648
6432.972599800373,2605.6049415788916
1946.8699724114358,4782.906803977334
5523.217333166839,631.6838633046118
3846.832586245532,1740.7058230929174
5580.270391020311,2094.473088636505
9324.363194633997,4635.815963552277
4858.0059044297195,8209.80379916691
345.28823772123184,3545.101608911291
5809.179862794438,3804.877578870467
3257.4553017531794,3010.052652033484
7781.3488439580515,3204.9105473189466
4699.284702946755,4035.0440037599988
7413.707378316422,8994.032838298977
9088.209953483138,243.76130633505412
3622.73991272451,6245.853297105947
9893.779123908036,8876.829050232833
1498.1286593978516,4169.60089614464
6439.316818931886,6509.136091701927
347.6760313124483,5857.1457970544525
2130.566658511359,3386.314955068123
6337.785914565751,1374.1784684439529
461.91739561096676,2196.1722146443008
1017.8708528835867,574.4513409935392
2910.1059491521396,7647.274535011184
5756.371359822509,5328.071473808441
159.82555391149123,7856.335736137513
4823.542575778121,2901.966611867948
6257.437487451048,8046.72139410792
4025.2278883232952,3092.0438389089622
676.3980747890763,1213.3395042358586
6108.7463519642115,5338.1072860578215
6058.353969144674,9452.955582084116
5060.42355034503,4143.940490320224
6931.454755955399,5153.886538855176
2078.0173315328434,4512.894118808574
6785.407423505577,4574.34801509832
1614.5473965025258,2143.552982473597
3926.9363103478695,4224.823708122414
675.666462785981,4969.009703698189
8191.273320802067,7448.584719919082
5382.334210149409,1398.3183200329697
9710.492023636883,5716.139178599708
9423.26601077081,6621.931236280534
9985.611362318517,3827.9265635339375
1012.6617028223972,5491.643727984491
6065.80378536662,7107.420515856307
4075.7521163416054,4651.0121116140235
5326.64587403624,3333.5092069156367
3087.6736600331824,8247.032224754572
480.6883805842987,9888.168812075659
7077.502696069947,2166.35552794626
9658.170738331703,8893.947473737018
5323.81826084405,5454.288641168015
3295.7995046189526,4479.232624573978
9382.78248731973,8931.63141112903
3646.66529474856,9103.388659298053
9145.291927403829,2726.567574490952
8556.908548250707,3583.7227155168825
5287.110057487415,8519.2424165716
6768.726666684573,4908.245302366804
7003.174436156106,2880.2869431122713
6410.917050272576,9621.759240916035
1607.4995497195866,2170.3808307960794
6927.762117068205,6103.372109871886
32.18084111683783,4279.164202041174
7100.368183792631,4513.015498515466
5548.361346252008,1059.881717390978
2597.6042214283843,2571.3830538068314
8037.643447438484,1669.9709289205189
4052.789388765209,7496.248699812289
4857.771846161324,6977.4439900867565
276.74554867134657,7941.039460352001
4013.196857665261,6992.628797967366
1673.6279248315977,1287.1040775868657
2761.433118347436,9785.919802425558
2521.3949868673935,1885.1680448703078
460.20793734093735,3504.496684952999
4604.945452476179,7068.772623138727
5225.924131298888,1404.489282210436
5710.626286813167,1705.062049977536
4622.197704923548,8765.751441013152
8695.268940170736,3320.1495003844907
376.7974510864269,6655.842454847365
6138.086057932604,8587.484918284508
8661.31679640283,9732.007289918236
410.4024091236047,2102.8569085081494
4963.0699942423935,1229.2811256599457
5890.271928818982,7407.369458228515
1909.0574957667793,1882.0182544990616
2525.0010883189934,5801.902026905121
7855.933375433521,5326.451672946754
5673.977817095202,5599.233002387604
3157.78697242063,6497.928403386729
7647.552222772703,8508.920760207518
7467.155742042457,2718.1808241599247
3454.0178530838907,5552.433380636993
4886.47630449274,3366.850259351597
6645.189335375971,3187.340434972149
3432.492178820159,204.19550030299493
6290.09411001177,5994.024429931413
2510.7373073177296,9725.05559791269
2920.2082748825896,7612.563289309122
3106.726433744439,2427.9362964236584
9360.547704155138,7161.24820807713
8336.721421076496,2973.0546169417103
5651.65975589168,7536.493514943048
5638.722094115392,8549.323644102398
561.4652205514237,3343.2945378385025
6495.080632705115,21.867961329151697
3281.1985732824855,3050.1747123930513
6122.993621300796,2058.5637832238644
8402.337477712363,6186.145811131679
454.9830585998482,2900.7288348813763
6070.635034109309,360.46298130815944
5642.006145667629,5313.345789728968
2067.6655522943356,8746.85675009215
6464.32948964679,4513.390143565773
5548.35233945291,3762.974708009059
7673.201240223181,1785.1629637066878
1106.1856814934945,3873.822594347345
4436.073537040206,3309.1896551335785
9979.32933768173,9949.229716405313
6892.808482044705,304.69505076524797
6842.982226364886,2388.4837736172326
3178.71100352343,686.2899266268141
938.8810422118299,8574.183115383346
9494.943752360206,4173.0940142518875
1054.7140296859382,7962.697545628992
9927.063106043315,6921.54094598851
1257.8097242193564,9280.315810017868
1709.0734852592782,237.6424174560754
3083.669550500321,2073.448339559899
5123.751934895382,7020.327924182014
7904.016521107658,5852.237860287159
9710.083019348387,6946.602499213417
3588.2488095743247,5754.797245491265
204.13093225159272,5810.212134834791
6166.795229958033,9325.740269913173
7107.8986124876965,9212.922324857042
3974.4421553566654,379.96674364258354
1834.7604897642334,4136.685306889075
3060.155947380373,5105.706217599958
6557.997093199129,3579.0447716026565
4941.8286976796835,495.5841970526076
7434.2402865225395,4722.983348693566
2181.7024452331425,9756.9638027323
8419.856183037162,722.1128056619142
1558.8491819672433,8166.784265617054
3299.1542891244408,1956.525690219878
5912.076298552212,5767.949435256203
7368.631916524695,3870.307038786579
2661.814712040226,3490.082555592845
9481.19735481841,8704.13603732223
7061.112831969251,9734.747520435883
2176.7503175891225,3866.6711942970855
7257.6553562857025,6404.433727421598
6963.336947178913,5564.137494745096
7526.840718115591,769.2160185962272
9158.807247264358,411.60891657030965
7117.171853791992,7734.049286417419
3519.1029288410714,3945.342546073494
7905.174777467047,3075.7414401714277
6958.617578022927,9855.827662790902
5742.591858585778,852.2999823812249
3538.328933302258,2690.625518103392
9210.491764082793,8568.016725739313
5127.547427524448,4149.987579612022
6281.03377037235,5842.470986880149
4153.630880272745,483.8217430310532
7808.153088147861,9202.91903949599
3410.3950638710567,1369.1872426673547
8106.34391508951,2133.6609618867387
1079.4142867158075,1567.9621556398095
7089.618941245886,4975.00548930156
4768.821492310735,8168.538716376821
6987.535629219081,2669.2282099911936
5313.95643046668,1423.2044125347265
1343.0632770360196,4099.2163377983
4769.915425504253,9816.550831953095
9645.589706646886,110.58078823907192
7548.406012367885,5039.979528778707
3001.892820214471,6693.6812606209005
9441.141479068454,8067.2075506736155
7789.462771891076,7461.908286222866
3644.4712107815867,744.2764279741887
6035.73965776185,4618.704450551928
4266.856040363896,787.4957941035232
966.9039389196365,6198.55321841049
8060.294063618239,770.3154915136834
1910.7812512752164,484.14807889010535
4580.38296159045,3060.2814442863714
7026.381208885781,9388.318299570963
9322.136888268664,7099.965343887594
627.2609044706268,40.259836067370045
3932.335567840376,2847.2800347489815
6146.4772488635535,174.97895467589842
7793.093054519453,2943.109415716726
9209.311761005012,6854.921760219206
4.973150531231152,7597.78671680698
6277.633826987775,8041.078077384969
69.36925194663269,9099.900967767915
7872.552875407968,3657.93235096909
1496.6659701437136,8625.977169558377
8946.206393445258,7276.687291201123
1551.2423574603872,5377.558487625125
7643.2898191258,9546.307601990848
2893.0392781395162,9477.409328583442
5572.538818302541,8976.042809370605
6084.342351046323,2022.2732207272386
2067.606486471367,2078.8674891168803
2986.968835260547,9010.02951723948
1075.077824371915,3979.13150900847
52.89005377082101,7974.44260196377
2394.6803851606314,6869.406198755751
5160.02355839037,7623.567924214608
7135.972594249814,262.7383280160267
7935.596250919318,4299.571174563889
697.6596073664209,8570.93505767741
2724.128865488914,4899.256442483642
7702.2397874166445,6901.339183729026
4808.688749179089,7559.519029446714
1821.869873265517,1207.5838050084885
3922.140078964912,1557.4556824808883
2700.3419089995596,7245.536178410238
506.5350525422085,545.70550053193
7636.271455980685,3418.953186687992
2916.936609201587,9180.835954518356
9451.313279330596,5743.55842860098
8881.250404460186,9104.785519213874
7162.77480233708,3094.164514744948
3266.343872263089,6366.264091370967
2799.2355268105016,2867.4277238474556
4752.714801584014,1111.217974320755
3546.0250032764084,9906.953145364292
9011.583240254598,1762.3214945143395
1234.9513928123456,1884.8255485177845
7244.675756150425,8419.183689146945
6108.967943258577,8022.369853735502
8063.011913363678,9778.298643799459
5424.8732675020665,717.4401544572851
6295.4067761547685,941.2559269031417
9627.406319664755,4487.139950934056
919.6155269916162,5917.4743147348645
1048.6565881706333,380.2918294530799
3936.0768472789755,1583.8979601679748
4727.327934009928,7033.354627254353
1998.7204206266263,6685.3977355474535
826.6779698286886,896.862035877044
221.7625656415967,9316.661851866887
7645.922504458385,2547.638050340715
4850.573936638251,8872.306464771937
8434.034298331691,9229.88170563489
3608.372350385709,4900.697105877421
7034.46130027975,4119.665087417833
4885.205223631605,2781.370534138141
6120.699986131904,8073.819987685555
3701.968411211154,1965.8857802642115
811.6977044734075,6221.245678581746
9473.735822114755,5671.340483605251
8360.898529186143,2488.9498762980734
3118.9177315497395,9830.471706266026
9587.02935543944,8463.241973671747
3004.88731415116,205.2842706742497
4429.900202168703,4222.524239296716
7551.356606888771,3589.719278486707
3090.042483323804,8828.092593769454
3245.079786357309,2644.954984143052
4100.821587726669,9984.506514075007
4683.89359602664,2000.7959354052684
1236.1624181342768,2438.84586646679
174.91658019392898,6660.816224263893
9191.571928550542,1610.5687330298247
3531.8863202299312,8888.022055299853
1016.8860155153736,1099.2915940445114
7591.7140214004385,9833.174195085536
2950.606709978908,8746.431286799681
1816.6407420144703,8396.56506570234
9626.110328606663,4072.1733543388996
9205.428914541097,5136.41657806453
1057.458579369902,4563.578881366677
8992.852098215546,9874.269292042389
8908.67526003275,348.2594152684093
6343.745529184762,3817.0897484444786
5297.380008901814,9683.883204327807
2174.385178013084,3693.9021524866066
1213.8427540586893,3983.8332830395484
6063.690509600312,6313.007464172745
8219.572567228926,9072.68805769131
6886.438545425543,2945.221651866795
1808.0042366735593,9476.05400054685
2900.1864025171,2825.6168831001005
5464.175871895194,8153.944654868815
6249.925175434623,2758.3813594256667
722.5261250735559,729.8365279398589
6140.51638244679,8123.025468429529
7363.193948636227,4500.763879162391
1813.578486078259,3907.489413103492
2462.187150530625,4298.829734798574
2588.9659017871427,6115.762844878767
9398.102525758548,2626.9345524907794
4070.1612078798944,2372.7453235452
5305.714563845661,4834.392193782804
7243.143497170241,356.3336944670348
3714.6026338696934,6428.493928712081
1055.5554694435498,8228.440782471853
6543.218707187206,7274.167916545567
6672.731665737256,4693.024879448358
2605.4781500121403,5653.903153149409
352.289098507218,261.80781903861083
6653.531542453765,9123.53770860408
7034.2555244822215,5580.625551767657
260.64892572764677,3164.091093302217
6931.832684562178,2935.8233023589087
9389.285690660725,6596.580855597885
1787.852830141048,5843.2891060207385
5213.237546019458,1878.4257722284003
6967.764547083679,4099.191169307684
2300.794021163678,6761.813652164999
7515.488916625472,2976.5473377604967
8680.884296380853,5092.765725725735
8145.509607698325,2548.792711382113
2588.989155943514,716.8150834032838
8042.1644083508745,3882.457696740447
4133.432444023837,7320.772697280068
2664.634248222458,2138.5043200013456
1679.7146717492683,7545.034133872111
9089.81442506687,6694.923361663242
4268.975415166277,5073.703701046382
8657.311868828067,9714.556748090654
1595.4498892979295,8834.145455666163
7669.934661531188,5631.762198250997
1100.133477898897,5577.798748306356
175.64946079942746,2777.713011660643
9950.49307726413,9201.984175385318
735.3733325699096,8959.285450705376
4615.404520628345,7420.569225014208
8783.85382930131,1278.8206498169718
8193.795480657569,7036.459540462024
4711.757129556081,2531.1395402360226
6108.485066734489,1888.0979454476787
6297.061516628193,7592.116905419543
1098.2498301065568,9597.329382468612
2849.0409433964637,1089.0572499409545
3009.831611810966,1639.7605636902736
3781.281505346685,2192.344884148667
2739.1753514597285,9629.110754194686
2514.984614613226,6963.98293413665
3547.855127184657,6782.879593217358
3792.265079031819,5050.268001300834
4872.240567586613,5375.957829309011
1735.3540214828956,2901.732529393296
7883.366635189697,1545.4803578156707
8606.6770037064,7802.7543045840475
2481.6488349058172,4706.927608802192
1233.0072711791506,2560.0869065979437
7223.119812634452,6327.8108035251735
9242.451227229343,2094.592300612362
351.48339172960675,4887.763231036473
144.359790343207,1902.2009667885154
1834.2546138433656,7596.713881272834
6847.924853079367,3208.018988917123
9647.810078308918,4416.989616240672
7503.809551593263,7548.812351086319
5730.326003652615,6595.963613330377
7005.493928755477,3997.032171737641
2306.983112921892,710.2800023991151
6885.519480651205,9216.069933307812
3214.4495347864254,79.25176206831863
2224.221328326783,7345.941424660794
2365.5599851230168,9454.039918518814
6677.877518561464,3066.71053890349
7672.257222002919,754.4235506942154
5818.021105585471,2495.450205216195
638.5526139255882,3134.182870886121
380.09333705462,4513.202822898777
2171.6685007817073,5252.39091583651
2864.6870242398513,7253.302493849373
4048.198928411846,9009.151945295496
760.2807736940331,4647.935820925188
7251.587659423253,7463.284354927386
7114.9815871349165,1271.989302485308
3466.775936576398,3287.831983941245
5630.025243684105,1180.7922512270663
1009.1594436889307,6917.411867700793
4152.186428001058,9076.453646665115
8575.647574800556,8890.58134596836
6606.224631215976,3264.4834946183164
1039.437756738808,2342.1944048599075
8475.780312173547,2740.5028934551447
6806.962294190494,2873.3462146086176
4530.562940859236,822.4575684576407
6920.910390131472,1333.4413945922386
1728.2025543031932,2144.836476134976
5504.864702725486,81.69002752070553
6179.270035655277,472.2999690888385
9277.44822943114,6985.50276805633
668.9171080164125,6193.237524059322
3747.8271426084884,9454.2224781952
9368.147099309335,4017.571244180572
2172.2105512859325,4443.316779831805
8132.003283226635,677.3512181971208
16.055349594957804,1522.5064137009847
258.8406984748559,6916.0738845045835
3276.2288525311724,2350.397335394775
7685.037108302726,7732.773577023776
1041.434692351091,7056.800776293866
3828.5364362811792,7472.624080347468
1314.6816872949541,6905.82626308186
2235.935694414082,7076.62749531451
5029.9419212859775,5467.995226957598
3191.3874195921176,6782.370514992139
2119.1264598008265,5261.793432533499
3934.969810869274,2060.8857161181413
7010.5496427363105,2176.075669172899
1194.181066009884,4053.0269234525663
4795.944453607578,139.17420116694944
2747.1970861393957,8892.96847091696
3786.2087353995653,2682.662066790157
8215.55178908193,515.3806252990634
9297.299797044285,4244.256083981493
2429.7790512095976,8155.979067467175
6299.709568294901,3973.527446687427
6766.7727986717255,2626.830636915366
8424.859989824326,5449.023827106095
8990.424685011967,5743.804748677903
4679.9179753402595,7591.896888323174
9825.756452485002,7997.535573562946
9708.28973597063,7062.077479382561
5064.679708384689,45.38622388791769
5420.321206468842,20.784368072888082
6677.498395508988,9774.499862431849
3738.1614421979357,2642.0510452087356
6620.43913910311,2823.5039594488107
5142.853936547086,7322.4110480172385
354.36765777239196,5815.857075918455
8527.289366767509,4635.644352419689
9404.458011570085,1164.3969825222134
262.29078546995856,814.876662841365
7892.618188072851,7036.23184906142
3858.132609410273,1246.0448453367933
5856.318000289242,4358.102550030315
4999.949469607158,7361.260731849036
5513.106508330471,9231.989424533607
4951.863047580844,8735.860606957405
8533.753714878756,8640.336618191266
6835.066846953113,3584.978170809069
4126.372555458275,9271.7080484736
6885.68581150549,6836.623224924058
9650.478190838814,8864.876852792078
803.0826205343267,889.2456724320718
3880.8997155805714,395.58159165390293
8704.540323237958,4296.463852408715
7390.551108114733,8280.151073404388
9349.288894483516,4085.327325219934
398.0988762323923,8846.47134365796
8627.756092127871,2347.734043851063
7917.987699548718,393.44135007250424
8150.3901608237275,7612.86287533724
5972.627281121508,6261.68388690353
519.1703512060575,4400.9055761731715
5391.299289508364,8452.576904434658
4077.5113698986697,8241.757062133043
5270.41752651845,3245.342197902381
7402.95973621342,8379.73899785342
5959.606345117609,3451.5841252042233
2925.6288985929023,6219.028182535151
5995.073430704215,1924.9760132030524
831.3844308102437,2641.9218379847753
53.659912173198435,4478.781163711924
4015.280272925481,3145.960440119213
7571.863610907356,1291.424431708007
8226.342309888385,4823.22851803797
5498.393133074954,5113.574106571279
8680.068862751052,1587.0593307430436
1259.1485056277763,1743.1330537598144
9641.058553017407,293.47076364046876
9217.603365078188,303.5062189655047
5992.372504977761,3586.31207312882
587.2212403430299,1466.523386190739
4542.028628088066,9190.916453659042
1792.7296112248637,1994.1417272280148
6284.252684106753,659.6158765458671
1899.6519469027862,4041.6988139285572
4817.9766042413185,1924.6594076727363
2056.2692686019,617.6933857436861
1818.4513032901873,7527.274695115783
2479.235759420422,5570.984967633257
291.96455515993034,570.1079810517128
7161.149273798656,4680.18948118443
3067.263763500697,388.32907465619627
6981.080539383803,3543.1420361403366
6534.782184343469,3632.8672510960837
661.126586231866,8229.83000930661
3120.3475812333404,7352.849979470426
5668.6053330812765,8969.437499748337
9184.011939896083,1405.1752959012042
4013.1971044850234,5337.643564622719
5047.915452154142,201.90467673220968
7501.588035003506,8255.22002480112
8032.9547381536295,3665.802892744523
9233.405036867613,693.0664657881836
4971.894373445728,3246.572343662598
1938.379295018654,2869.124128816761
7644.212298010604,7660.012007237427
1255.7526460536994,1266.1142188586116
4183.423121726104,5557.753219376215
6282.13049852017,7939.19186897592
6918.561864370739,7395.380995423651
7330.27717215927,9359.051188664022
1935.3239154041878,6.297503913728075
9816.492013720506,3538.015349247958
1784.1857661896,3695.8354914419565
960.7340525621655,333.0841087934666
6640.504019288651,8172.666061923288
9099.99999856586,6888.906733871335
5593.837164993627,5280.8239046477875
5954.824345147394,4050.1893683218536
5384.84747934319,8954.156927361759
427.48194092889213,2644.6522251346114
6813.115724933623,3345.4149058098737
3581.9912054347324,9526.314519580754
9356.737953134527,646.2502342791598
1867.9004754861382,7806.122967687641
3021.157817162806,7180.597381840444
5048.547488820471,9018.884281513103
4773.550436190091,905.6332698311487
4003.047416794543,9704.439668222296
3144.029376872882,288.37934355148695
1471.8473659918352,3377.034416988719
8209.218728736056,848.2651422418475
4487.697872721846,511.7619461053058
5729.5655909905845,9647.210731914485
5465.52863635768,7196.682511605374
5754.889466482039,5056.898457252897
7048.403718446835,1081.8907675650769
6293.809950402374,5260.234170238948
2739.0291739856452,3200.5221800209083
5537.099260326105,2715.87277375788
2445.1290554094617,6181.035471837616
5888.36459908135,7909.252190713158
4319.346202024313,4432.588175253292
394.1837829659078,4932.98553662786
7339.856873683006,6514.287717090297
2746.66417736995,1246.3804265504796
9201.943551338169,8286.067022413541
2805.572416618366,8369.386554773293
9966.227431351714,5410.4661396307265
4629.511678071229,1875.6008415088231
264.0731958905307,5007.635737712659
762.6898183651243,1059.392818268058
820.880157305689,7632.894975636482
562.1442100679463,3111.538919207907
2677.893996705798,3110.9465309795423
3245.888291499839,9450.488119016045
1112.8586410051066,4218.58609838009
4381.314848013865,7895.752958194944
3653.5082168425447,6371.626826581733
6363.239958202986,3161.7570464926703
1958.6455950181369,1237.9076044735393
9139.854902173402,7977.4230693095915
5159.907788077632,7625.0368068836815
6237.330394828175,1691.641526322032
395.2033840042335,2491.1588051209533
5590.886988673518,7662.373023944301
3681.0020451165005,9836.309054926158
9241.720488153283,8436.412866192368
8856.433155478564,6841.51551017105
6376.487000217169,9154.259408560783
7678.513508057418,2852.356687275721
6445.931571159426,96.52199293853636
169.6811160743694,3209.680729206521
7031.265446731676,9719.343184954174
1770.907638436947,8819.703303436187
6825.709549702196,503.56256097220273
105.06784230170818,5019.584312790314
3109.0680839240836,790.0986430762669
5169.279790741825,7890.31417412866
3331.706003607783,3726.155739875979
6939.872520300649,9119.45089970623
5227.095387504458,544.5248801056846
9596.673809616852,7339.964733885288
3578.124235109036,3993.657695259023
7218.593315507838,2682.264153086561
8358.416644219926,5174.491381164813
2536.1778710947538,4854.866979291574
7541.314757949204,3488.1089787121023
3933.139999829951,6488.565370818762
1287.2715163324644,6613.1624796385695
36.47077432513357,771.3818399766769
7437.57552637125,5954.150717742984
1862.4407887843774,7107.35128236568
511.93634210325524,758.8845869936289
4972.090875396412,6591.3063932173045
3466.980346294162,8039.772378214522
6918.067044767164,8319.4398959172
1073.6429539087521,416.4737084275894
1326.5316963019748,6974.174732875442
4041.0770830060105,7969.765709215576
5204.08171568919,3968.227983874504
8241.939187216227,5428.4076422749495
5856.251909349395,2651.1557624186044
9025.97445145982,3102.412217799679
2177.678361383587,5016.195492659692
5962.195159983843,1511.3832513954217
6552.384097925982,3705.168136018718
7258.050517153206,3014.3563813052674
9886.506982286623,2382.4960325866086
4680.3382241209365,4838.887091060276
3693.1957986289453,8386.772199020657
8522.06675153828,2422.620965292275
1767.9090508531547,6597.301399816405
370.28097279772743,2541.926217923269
4435.890535313331,1420.8345374750697
2472.0585453660215,9433.219051659764
3965.254012550907,6332.357350239211
9860.833114463208,1045.9622748080078
3484.8823021925245,6326.43997421581
7079.657083933803,1763.4701567819334
2504.02009750465,8877.964839155671
3034.229437661755,2474.7081669320683
2431.551934602577,8067.978826526825
5721.60870225751,1991.9523372783353
2261.0858619643373,5582.903282586193
7183.6410266176545,9123.286777358147
6802.7419853576375,2960.0262288143554
4212.696759894029,813.9733357904522
255.77021037805457,5525.919699850018
226.51132226368165,1723.3057318120536
5328.068171089332,7283.446982572562
8391.988285566904,5908.211533461326
5988.736713759897,3463.75109049147
4356.504615850743,7056.53211661208
8821.188334824925,2385.2797528679216
1969.95449026778,9170.36561957505
3594.244293163037,3468.880327586794
5653.094518706133,7629.68114960045
2916.694691483861,2585.1934374471753
9977.124818599814,7148.253456902776
4523.20916935245,315.2941574986745
517.2222334115206,2955.178680665722
1760.834187524216,928.9026537493395
5324.808682746838,4512.205224230246
5500.561996856092,4351.0799369147
9841.442671946945,3590.0817214860194
5999.664184262686,9811.677681129044
6666.273203592175,2440.9054712562374
2137.2276993420182,7910.51125970778
1068.6488163504505,4474.471412190105
6020.100081480877,3348.104788358296
8648.799766031034,2034.6670365953523
5873.729517902181,6334.038950282746
4427.832181846204,3336.7812887242753
5782.066413216291,8129.187596282718
4687.71578485721,9684.648486881768
1418.8157601531714,2271.3156481933984
7411.844252529017,1286.7038583171898
5330.381634646725,3155.1780120250614
3993.2287605815577,4671.117670554853
5596.385020420063,3009.6681594925044
2412.269544533349,9704.668060547983
4279.577154704322,7792.0163968067145
6224.452010037281,9661.407330422757
2261.93573667232,3732.399573151225
7489.95084664565,3046.748609982892
5210.109118565865,4073.62527688207
8617.067104185158,5228.333933273008
8472.365776964198,7415.552031175953
4945.170437193705,8811.018750963169
1954.6561063218583,4631.79875379001
7366.417866100926,2891.787316734076
4186.7813568329575,3188.465743554615
5946.274834524972,6969.482583643939
1072.6529017393882,5675.580339914962
6315.839895159923,4864.941309772571
3735.5048894512433,2027.7407877617404
3341.8974971849448,8754.556874989034
9799.155787778012,7810.204475074061
4324.3064276024725,1406.386017392296
6780.383781157342,3673.8845460213665
6277.275355738411,5421.320936388914
1043.0355088515764,4543.38622771532
7479.275370643161,3977.958387377384
3231.592034335765,7188.318975605293
7989.395491967351,545.0350423783746
6076.407826153824,4714.1033912594185
3170.9148995348955,2621.8169038960136
3562.9296033107094,846.1838523475895
7315.073696663607,4648.871580029655
5500.593151228819,1713.6869107056873
6683.510406713152,2582.242818902086
1583.1832107518828,5070.08729510076
7869.7667222841865,9737.089799328214
3203.913189150347,6842.550068035559
6198.612671576733,2796.2179815682475
1146.798252420087,3824.0605257537654
3214.20241156967,4061.3315232097725
6488.672930666418,1536.3762334437713
2742.0613229025057,1606.5418885968074
8803.121967498171,1483.947234873645
6612.283994434204,5216.641377369169
8702.783932967957,6741.860867397083
3953.9070225112073,5907.206846108266
339.85142624675,9777.671854533484
5761.399633551027,1258.7457225765186
3391.935027253723,9864.744063027552
4481.883759223533,4666.739338878919
6811.102139227489,2186.3278777713767
7006.6466707087175,9432.80826005757
275.56414865815395,4686.1331014459265
7693.026728396135,3473.469552105204
4935.189149560789,2138.1010381795663
5566.9877332455,2678.754511158021
2979.9418518985253,9792.195102272193
4208.3378600058095,3039.7343990477434
7103.751339793317,9778.059237596051
7767.138029442585,3302.1498661208716
3871.06181167978,2314.1846558856196
6911.175326513301,1833.6418290184731
2580.4350168843803,4118.545052739971
8320.226651775152,2368.0644853502718
6098.142389073653,6969.37963827053
7751.86516066895,2397.7173536397845
4771.548523178474,8353.96844997869
2291.0928498195526,8340.11258488167
4292.31113313644,2855.2637404806615
3814.8539447832077,7535.401304868297
3327.165434401591,8575.458759794534
2121.7374774147834,5901.328439371466
7591.6714187980615,3663.3241086405487
863.5166132056049,4409.671867126791
8875.609298858339,7862.2886503478185
1750.247228977535,2933.1746399681415
9798.736518515412,3344.62334376194
9884.680480870744,1607.8433625785071
3983.8704124115175,3990.524030130026
9878.21072632263,865.1513224948593
8690.685172807263,3210.344409891115
824.3027694666561,3734.7938094785704
9473.285636286182,2554.791324241321
425.14385904594224,1013.5811913498816
1819.1429373910717,5216.67242561555
5845.955408466743,8650.811697554707
807.371784000136,3356.4474580047045
1617.2775698936891,2368.015714201387
9534.917871122387,2850.382176905034
9946.87884887608,8618.871813042368
7981.365417802973,5278.075896077976
5152.093914647028,1307.9035127077477
9003.009356916753,7092.216490554625
1118.987708835687,1543.6893323344948
9428.918692450088,602.4440294223665
3515.529274554322,2556.8487649791728
8614.893912331945,1680.9017951676585
6683.7340598539095,6049.974743746681
9602.74304055722,4845.664073400419
8646.779477958182,7240.645504928672
8878.978135509062,5115.710502602458
6317.543561200305,4190.059352093876
8331.585309762759,5262.18690437743
7571.311507613385,4344.861130877778
1616.2313090388725,370.8689391403952
6485.968913532431,6806.9911299624
1481.7554652015863,9621.303262144555
8694.561218855299,4220.335570360464
659.4979933996848,4237.329837680467
9870.466701932753,457.6887863724655
4006.266661377115,8903.790846867483
1706.2935370143562,9291.213874629299
9356.749836612229,8131.3911801414315
454.2598622984795,1063.454715418567
4701.056345089834,9002.236811539391
7702.271279245027,239.5566339504085
3167.50475431701,4445.743232363087
5288.346699028011,5006.2365410139455
7004.130163138019,8340.021010263388
9519.764210013209,7508.59213453971
1027.0263927102997,7970.968964998858
1572.2670371491977,8679.009495573746
5088.708951940669,4760.709204927257
4184.749611500469,7802.523535171715
4107.961606836664,680.3309440543892
2969.615029361532,4445.4642275053875
5606.847985089561,301.3267486964111
8832.883361657163,9153.150653185941
1609.2434053786387,9584.137819529209
2152.8632949575767,839.3906028816278
6708.234977995858,5326.266444077605
561.9765428730417,3251.396063368691
6737.641995630065,3425.3428466287805
3144.5615086333733,4507.000613754847
3578.5393140001497,1250.6596525455072
4055.4937382290022,1807.7019878391266
3495.8756149171486,5773.686601279447
8412.096212795323,187.55909437488282
9460.684574003091,5998.010220142007
5480.114753161884,3189.171877866693
5818.784988349394,8322.064148040015
704.8310801343516,6000.0650772868385
7131.9192836100065,7080.912007121719
5840.988729640841,1144.2518123794532
503.9452380760034,2658.6236468168854
1984.2566707170329,9966.696089720366
2019.4342039256273,4336.522469092238
1709.6795194335923,3588.6520532420964
6586.459546227771,8738.553589772742
9284.39615355769,330.74608863134847
7629.7532535835935,5347.733616761196
4773.734852139132,2102.5721378592434
4040.5129798448193,3681.527914537632
3864.5810530922254,1997.77071870328
6012.46957695825,378.2275954870773
3592.2065894453635,4165.121339685566
2261.2197118871713,7892.030211950896
6028.4290657558295,9519.54432626891
3907.0541342757315,6238.529746100123
141.24829143833838,3888.3709235272145
222.31113566774542,7698.552735473022
2741.3661115441832,5052.239834292209
5124.221995068638,3676.202798906616
3542.395076679887,1790.8969255297468
240.5515238755196,7961.299843370574
2231.517637532404,5004.257905170166
964.1930867461613,9638.03741311063
9486.320013614166,8019.0960034872
3128.340756285265,4200.16119142277
147.66371595495875,7408.500408674572
6605.632519856636,4533.91492852071
2324.4794050781716,798.6572841426465
5667.362550310041,5166.810515582188
1507.4545460948784,8657.286195341496
9840.132351224647,8554.413185170164
9702.59186565333,5749.669136399746
6559.833516903059,3800.2353641484997
7072.026218220607,101.00602310371798
4258.788912916513,3114.097789395127
9621.793454181689,9898.085773077342
4237.396203712009,7264.910332929943
2394.6799740806023,7175.885638250628
1153.78609603904,7610.833903317611
2081.253003143856,6201.133833419443
5722.135039287221,5858.586571750079
2450.917179392991,4536.192553624145
6542.494284475448,4439.33993669687
3821.8451988504667,8708.484554371988
8868.729054172443,3934.562616967805
5584.7806746557735,8402.917840677217
6226.040531012761,8377.344256249371
5565.59802992677,7708.98199341511
8855.687741910242,376.42399863446195
634.1956792919134,1479.7224440361979
673.4870709074514,3147.05142186515
7017.402449247484,8475.333422594817
7679.6390204817835,8732.593813561658
4335.8941828196785,415.5729435549216
3523.0520805426336,3247.2455312859884
2779.4506620541315,8503.842046380707
2343.9488583354773,2496.9324903523825
9119.585896786051,9760.033065971318
2951.3954636117246,4893.037665760274
6480.787958111967,9373.1268939841
7870.947803836221,4288.26394365263
219.66578447580875,3237.989270876299
338.741498831866,3624.1017520885275
3331.374046373693,8843.005825306731
6960.157443137032,3306.8938628833266
2607.986352623497,6693.462214597103
14.832904322502616,4698.4268212458455
2881.47899943917,9416.711887268475
901.3081664351274,1593.63472071141
2194.133057923232,4286.568301018422
3331.900006992976,1246.3381190312195
1280.5735506875183,5781.393419601891
7063.6472744766,4028.991913380774
2559.202320061883,609.3723248441663
6610.947993049624,8498.38109766753
5990.328528211694,3755.147828664389
8980.45487693736,4936.307409504639
879.3317234466924,4075.133354835784
2146.0811136366474,4886.5267844996615
8651.78429043976,163.2519766810081
8221.314563856931,8154.595293079749
1921.0555718205069,3323.080119461437
1077.3601194612415,7244.617644261435
8562.414646201938,648.8679538113173
1781.3805682470474,5238.252524980913
8711.097060707953,9087.919720707374
9611.146993777405,3982.4803550368747
2208.066385756704,1972.5901008403057
8403.875999209551,990.8115711509724
4238.310899822631,8590.879634880926
7887.784247534958,2388.0622735961742
4073.9554097884325,9750.711114986512
703.9559873371693,2478.2278332790775
7126.952726136643,4809.909957427998
1506.8863990357906,4579.941317991669
9270.25089316699,620.096193665074
4177.462830207012,5318.394198174478
820.0014790957955,6726.409796885369
2284.800147739944,7421.356632912185
8625.176174676946,5225.917563109291
3210.8546962415317,8125.851651213526
8563.279949796895,7520.975018439173
1722.8673839214891,1939.7431208722094
4682.181235772945,4016.0168189850688
8782.594917866163,1425.818512087107
484.0483232325654,1334.2365377092146
3042.7718277962044,7121.273546232116
9098.515894387858,5304.591323775849
5965.263277080431,6009.498084781026
7162.321310221347,7321.842832725891
8421.284385924073,2772.349321617468
5235.964262691167,4013.6195865265568
8453.659010216,6068.030889836208
6387.645706684082,966.2898141836118
6856.504505635022,8330.540811952571
1528.5445516813945,3434.4962418887603
9390.188292347038,6587.529840348395
7960.843504349156,9955.649018568158
2541.959961471495,4753.624453773155
5799.946663830531,2150.4844928909883
3764.6590486116106,2164.333987818479
6604.019988099116,603.7621618598043
9937.468432024702,7670.823009964602
457.46397143645146,2934.313400920273
9525.236379636246,1727.257625360824
723.9133214365023,7136.960338155216
4607.64635840778,3091.366414141341
4821.092005934361,6004.68947664389
2687.2445459980854,4178.262138353389
5666.992860596864,3341.5272967977007
8339.64146338627,4894.295955389597
2939.6218121127317,3137.9323937219715
704.0493765213762,8705.649191425171
6322.837006412624,730.403044251241
7517.451291482517,301.53624946904546
9545.2300979607,4063.9302738351944
1595.2464684338297,1728.4363498898235
9013.598658048053,7437.2645502287505
4821.234771891124,3534.339107231458
2357.5823702404155,2614.377121620939
9627.484701962694,3593.814632028295
2384.29270536323,2194.839313100261
7334.441857359318,2996.5247899984524
7848.867784041294,5679.8528537037655
4305.1905242391185,8640.32545958421
6899.848447269451,3708.6935891678063
5724.7707502925105,3206.717772441303
1920.3275243311768,7817.8987864490655
7598.878821135384,224.2638355795612
9280.161448364344,3020.763254118234
4886.380547191401,4521.708185442338
9943.102540667582,6006.616768491085
4279.653135348607,1560.615297786937
4797.36575671427,4328.543980552912
6738.975139736347,5663.004668819045
1857.701442243438,5102.5045847360225
9019.460099472064,5745.510780465695
8012.727971394672,6623.982674615219
8724.172863917795,3793.726691315218
6095.5857950408745,636.3574177599263
8837.47961179493,555.5628230625342
6799.724872780552,8587.146470198228
5115.608997857596,6774.192168285453
9317.908039847158,7641.846825172538
4397.197688215013,9288.046199302022
5005.698554918739,7505.4440330563775
1695.4373082674967,6923.012684145628
9476.590098589604,6557.585389064014
2210.5280846230567,2585.733846758108
2014.1592419166666,9572.940717475576
1011.9460423117077,5420.443080659695
4533.594511519688,2220.7389461860716
2736.145498780829,2098.2621107280306
7407.810005314429,8152.659114940399
3075.216202040534,2502.0860145627976
7207.702617243944,414.2639787584179
1959.6108277628966,4284.12272834647
2299.658434000832,8173.504547328779
8061.741604415052,4144.396411860094
3710.935519247639,8035.4757760193415
1117.7397560469283,8272.109757617001
9614.03805088408,8577.071627894074
1773.9215644361138,5888.998407660207
1501.971186619574,6994.707701724257
3583.820633516198,2618.5906083657583
956.3376923132349,996.9794301639301
1556.1637595116883,5327.805241800846
8464.445975349496,105.81892597994246
1715.0685570966862,4657.378509523667
1114.2681366253837,1020.9362006957579
8799.575368812622,1084.2029980506452
4437.96508112435,8707.83415885449
1571.6294141242747,6405.181923060354
5815.174305045195,6452.342986480478
415.05839875918826,4044.7667548916043
4273.825546295546,4132.5432393751325
5903.138263753434,3031.0769280931095
9571.200302613086,4343.585332920799
3264.647637847401,5871.250614068569
7650.510965364443,1865.890577064796
1326.998139051293,2616.8344691792236
4335.82350034,4947.539361782014
2231.347298804688,3847.8030202551927
4924.678358763742,8194.865134900534
4172.318588658784,8216.870270768133
9797.850499599133,3359.920408309799
9174.979979206446,4507.952800131594
5822.058996660374,9765.874980571836
1765.0977791511991,8274.760832860638
5569.5699142188605,2156.6041647357083
7920.822783237723,2802.2897722073117
380.271119773069,834.8033824163658
4340.293486548234,6778.231426173299
426.46914829454596,3168.9530003432396
2439.5793754792385,5365.951871199167
921.1465960092868,7681.4228191838065
9605.782822250823,8360.35067379689
1688.286527803552,3253.643440735856
1501.0388233625195,2372.469370744137
9720.549664709592,8485.363726118605
5159.672903030734,3812.7081159293784
7579.850314045474,8219.981403791957
3273.1465116953505,1497.6315064146806
5328.607059348555,9119.09410376025
68.53712077723118,4831.256571279342
4088.18471377416,1701.3339000181993
5550.897864439539,5350.681502624544
5144.101634991237,8700.159819292618
4058.196872167559,3893.250687590909
7879.0766374444665,1780.6150696456625
5016.408266537079,5765.561651617974
6361.205236459396,8344.67111582599
1846.2113163402682,1213.5377603565166
8615.00096411124,414.08307652611495
3628.361818896314,562.9349358184365
4821.036333264626,2304.8871970045593
3521.947798246464,73.02001273524317
8919.071760071543,4286.727694012879
9007.401469622328,6977.4945392091695
2242.8434461024303,7104.58189271282
7527.145557623336,6367.115232411064
1028.8354570819924,2962.0013459500683
298.5035330779828,7359.377057084176
8365.84113500212,5764.8756762493995
1311.78145519945,8611.791967673655
1547.8271786099174,4780.055155192783
6065.882592940032,1801.4730991556305
8167.685165439734,6346.528330341737
1896.0092004104224,1507.8422935405745
1141.9223471229955,9631.448446082193
773.2234550085304,7032.851897673639
248.464115854532,7563.218874224475
1164.7914985807195,6792.68442467408
9426.919095686668,975.5956992356729
952.8251258446186,4652.998194550749
5975.5897407512075,6514.152429123855
9209.663889160298,2293.558730849594
6278.20140776172,6795.021069094571
327.457545233476,8198.854752386784
5964.138072159623,2749.2997941829512
9030.65306840576,1996.033002657578
3225.590350801266,8831.599779348891
3136.279295708444,51.944927645671825
2488.6358870080703,2557.4704840992868
5055.4458694628,4067.3039814591616
2379.4284610934556,6722.59718786898
7237.887713990296,9970.634944596719
6448.617474196121,3708.1839490267575
4007.736153695908,9488.087260395192
7225.550577942713,3667.7428215822583
984.9630643971541,6955.2925668402095
7495.284033840995,1653.6701732446068
6029.081815837024,4604.078585847548
6300.82875686638,8712.735186392601
646.6370022248447,3199.9438007380922
6181.350117282778,1052.025986807329
4941.220238254925,5227.133358625299
4858.6250231694385,4395.346862840107
3218.5339979116443,2295.3963011951637
76.13883340268357,9056.15226147165
4226.374000461586,6016.867381802531
4009.162242257386,3471.7362183327273
4228.054073186366,9961.312390539406
6119.940065800433,1375.6620327569347
2999.062142601525,8479.515125836944
2693.8344923423474,2306.2493578382505
4977.812794732802,2395.068579029618
5923.176759852398,4981.621982405471
5673.2842665670105,6619.419698175189
8816.417341315868,6904.630975119893
7691.440583448206,221.27636102699077
521.898963750096,2868.579531975072
5634.75415148099,6606.040752735674
4178.142094898768,8897.347936877923
3610.512934173575,6698.908884063027
9578.959061244137,2658.8131475356913
4567.957825280524,5077.727489877177
7194.348949688374,6475.764187454031
9670.869699568235,1353.3935089702466
1510.0013590241101,5449.069032673095
546.1626214895288,4716.662280526613
3136.2022944702285,3366.480347413471
444.44265347305276,6235.376682587857
1167.6461125348626,6362.162930304626
9917.09822520839,9714.699060403114
9601.789047677663,4283.05197412896
6912.926589588965,5312.671554836947
7529.869996043059,1575.0258097065894
1404.920776430255,5483.623388757914
5952.3557595434195,360.8594917487495
1544.1274440816267,1498.7757445686611
3783.861561022024,1712.4680349508048
3453.4502538981305,6326.391175044026
6139.60461188406,5672.946407340433
796.9310877615987,7980.369569444418
1034.6206992170248,4643.994318717968
6099.319242120347,4748.562368666113
6361.176569396264,1615.560321245514
3398.8242524316083,7427.014297298196
1468.7112778948563,36.529256519354234
8860.799157916123,4248.908731463496
529.4879784433238,1883.25091136336
7173.755176047124,7710.099245419837
1400.4471812838426,6733.9136068712505
6373.739084269467,7067.687098370855
6636.558469288995,1485.7788569647046
8042.596370353704,6688.140736603107
3950.250822704374,6908.937098203935
217.96468232780475,26.370847033859725
8110.4938596899265,3176.008591114934
4440.680193785339,872.8818124243176
8470.898195975806,6813.9423241149025
7759.849496609471,2121.0866980743494
4983.068212326648,2646.5931522932174
9993.994089926262,783.2907547015055
4620.750770358093,4838.066652719982
6965.046200469594,330.32809492381745
6698.03819922849,8455.922128750106
5180.667150335773,263.6604001627996
5853.5028900423695,616.3969418178417
7986.087617780333,6404.066332174872
5716.1326779439805,9169.33523025437
4501.483052843463,8921.211346441967
6620.82474623576,836.3051101386231
355.0903537172001,2884.4672163905625
1091.9387500437772,5210.368568622786
1254.2638002078431,266.237386964665
4257.676635480468,5286.426155484824
8717.752398510593,4477.656408439569
6432.94597766822,5884.10995559521
9726.184787970096,9203.148835436032
399.4096938755265,2746.193057114631
7220.070448585214,6390.965435185888
3142.015573902488,4298.323359730953
232.8543641103109,4351.28724321577
8259.266899343134,6472.714022593479
1626.9354342935583,9513.363951802348
2140.749097624003,8630.315056658379
3404.6585865052493,6395.224454791683
7883.571168608697,4615.38088945903
6245.90579171343,4239.921009118271
2648.6113584698887,7871.329109605402
1684.893383253896,2182.206837434115
1095.48237001865,5876.665441624591
1498.1657296976048,5049.537682364711
8681.451530778888,6493.535607005073
9226.833731493525,1874.2102784980164
9679.578076055714,6957.572238045302
8347.318844782181,6269.997942038847
8873.903250233498,1801.461214696266
8161.035004634256,4496.21689291029
9580.5576904603,6786.1935484334235
8456.509415443596,9016.042694423964
4620.02681617936,1220.9962821129038
3232.543143579526,87.39418248606023
5842.118888515663,1651.5415807516777
6081.8332780765595,9892.737345188167
5749.145389131138,7683.702576118146
7067.263427209661,6143.6901884435265
6989.76578900239,1330.1306714937589
871.9428392487738,4160.458492614759
2855.224517474285,7152.388681467186
8898.601874152564,8958.841622363783
5900.350540369819,3818.2325475924163
3285.2469819140274,9996.898773860397
8504.586495830763,1397.3641232889045
2490.4228564554264,3869.3592101789486
4091.998643762307,8753.974588663039
2762.54771672068,6499.156094483276
8713.499237855996,8109.194930073628
7282.8868680043115,9077.991387728838
4602.2564464986945,5073.1639550668915
9323.008324721626,2347.4715088704324
9274.44780543316,6937.069050624437
7115.250261624454,5634.796847093573
8919.936332493555,7726.492047567129
7193.931214190745,5117.137545627663
6282.118675424176,8111.113682112549
4207.8301792650755,9020.174759625976
2734.697621048108,7495.830266523974
602.5735868376547,7436.551538926042
8008.69971506801,5871.893412409877
1221.630808343105,4716.420121160376
4103.492406598066,9725.876568098887
2346.342142453275,6451.125321172892
4546.262990702408,8403.56502225362
3149.838254674194,5054.090285435765
8296.93846254922,5548.578579442208
9781.78561239822,6628.890236121589
9415.547757668877,7285.523686503388
6223.699187739051,4483.557415366309
9792.765475026818,3563.1492833336574
4007.226582459217,2394.199224633483
5224.874439487512,4236.4542285521975
2568.498321092494,2112.379105572764
8979.825321496255,4167.616457785178
1797.0912113596028,8746.594728255119
6104.8747332295925,9770.701815888136
7994.541186871682,5771.019706415461
5953.98746826733,1460.0538027880539
787.7521786969987,4275.555810641559
6114.4687874914425,6020.7651063756675
7670.793221114919,3707.7175493803925
1878.2815885295036,2051.561737274875
7369.528559551475,2268.242706471584
8785.777080737262,4739.288890145288
9864.584947219419,2164.2869587327227
4100.592637842805,2495.226918418373
251.62382574432706,8730.841830021864
4190.790004220472,7790.603185665495
6602.278401620623,553.1298293891917
8913.650378997532,3201.7673005786305
9381.057923232798,5319.331521089473
9095.757870320707,606.0863952195539
6579.59772519089,6831.712629262854
6825.2304258017075,3844.451480432639
23.838071620591037,3971.7848081049888
3637.3124340897334,2653.2736660665414
9068.562361164239,3339.289938012805
6896.176642142391,8616.898971813265
4679.207510746685,7886.029753914975
1042.5241488342963,9357.718962016985
2463.166659342859,6989.973812352522
5549.225178174944,5778.717626742365
8975.015136017379,2592.562866125554
958.123476456455,6668.553204824734
1537.5544437548638,9061.580883777018
6550.050763691355,691.6559756443374
2941.4973149706634,4430.702313879202
1697.0379151160985,1493.607129556027
1784.3596508718595,8106.164810003058
4926.132260965741,6140.982426652945
5837.442560421592,8796.493170190191
9043.494667335599,631.0012251665764
5298.171889420855,9057.30679114099
6912.735814944333,671.9661851978043
1806.8595269830023,2876.0580084445564
7134.6028691034935,1561.6574713000375
6486.93588935139,1453.8566408763188
2161.8206254655124,1716.6989797900467
6693.774650554093,4802.17871770544
2114.9204432453107,7843.622877984587
5935.777751199459,8982.772750471964
6688.497046054011,5668.773584480813
6933.505445473833,1577.5155727412182
9092.665927375609,791.906725341851
9478.373549972035,4941.296195782659
8101.979524013617,7653.802348170146
8787.481131827692,6201.6105235395635
193.28883108552853,5827.815837180015
3626.681087303365,481.55214250335973
397.22214490941377,4115.45388430821
2248.4535735891654,5503.838691373927
3817.2432278000656,5982.915586821161
8675.755101181714,48.08062187060869
5117.540861927833,1995.549764706621
6488.610511077872,9497.860109387608
3628.1559468392543,5086.438382788067
6029.159067500735,7036.422019511382
8155.364989269799,3081.867321963474
3012.413819771028,5853.719930185311
9322.566979621388,3564.6727658885025
2133.1349588521107,2969.5887878695858
9193.013065366209,4113.979805737346
282.9754534689566,4598.279291596723
5427.52277749765,3311.4788717249676
9851.729027660553,2579.8961046940817
6097.787267572158,6238.203767851158
5548.616230361759,3807.3247658451614
6824.702467549614,2018.2603058049087
2893.02247821968,7583.677080585346
539.1533907786361,7237.415809956867
2510.6424918184057,8868.15828185292
1762.4716715023924,5550.19019118954
9235.69236786239,2794.3700741176026
8522.620286623545,8637.076790532807
3177.1388355856,2803.011205826992
8360.69306293097,6556.006032152558
2117.5268864813424,1903.930360227245
1995.7925367957773,6291.747152852124
7675.354289603354,8408.571893573551
3269.3061256731025,5399.44100334915
647.9263942457625,4708.87511311814
7199.865809344818,9934.729244548751
9896.013800923318,224.5209122630043
5659.77714826915,3317.315806247243
2636.675753207729,9185.983577955078
3729.0569368012616,6426.426851861329
6486.4955859881575,5420.97275409897
7013.796121729151,6376.917086513855
8863.322228960526,3219.4115026671057
9088.35372319164,711.6813792401622
8612.785122499961,2751.4783516831285
6484.9092622487415,3364.9609965284676
4498.523698192839,4798.651301614548
6793.054843775875,3938.9651431046636
6665.654573594721,5210.022239029171
2179.8292130558825,1960.8138323383994
5075.536294021115,1840.4846201758141
2082.1476393740713,3517.1247764387913
8991.237809853528,4737.151415774721
3232.479086006557,3417.2859259866086
8054.259890591154,5765.622323861214
3772.2706485802937,3100.06113589645
7637.361415607631,1771.6899443854495
2209.1245485479526,8628.281100085107
7637.432175315572,2006.020985760636
1795.320344946354,9666.413898085888
4908.175402648321,9874.040742511212
1136.2674478939794,6968.037955199114
5278.98080810051,5020.009941378373
8207.143500914504,7954.188312706285
7555.4695252155,8732.027157281556
507.1521534124468,7095.917972001607
4921.775713402674,1020.447554366517
8522.253104082656,29.878694246754378
6501.0349031761125,1919.0132241055157
592.013190194055,1885.3189560521578
3256.3202344414676,1825.1749663995288
5565.8688873064175,5097.723187297301
1726.514752143644,5200.844636456625
6819.1406720176365,7230.220467086721
6348.464093650843,2014.6781297021098
2024.4428016206284,926.5995824500473
5503.97964794903,6660.913177090527
8117.185558967874,4839.970229358965
3748.266997771814,6663.206500436703
2469.8657500037525,3807.4024474648295
7012.205734530481,7507.95534448621
708.043140114003,6826.0077760236945
8326.738070872012,6503.418553132153
9434.589672641121,275.692833212845
9647.870051700123,8581.241587046226
4325.387543156783,3766.070234487151
6232.028409675497,1356.1554226918893
8573.645574705202,7555.885221385743
2234.2399004293434,4864.749214518201
277.02668758005757,320.053816872381
3845.6623248524356,7818.714697490404
8843.71059017667,4350.37463052149
5050.719115454885,7549.259362478632
5302.189485122859,7555.910194228117
6914.74045235888,999.3621042976753
5745.172603742548,6132.258231678035
544.766390380188,3601.3706443202054
5608.601251469932,5464.018940056633
6479.588508875555,885.469790718435
6415.957778222988,5881.835591567188
7283.441590780306,7775.400229737779
5199.202770971459,9868.1380404516
9000.587977521622,3202.795498356987
4642.606134245424,1551.247508591812
5181.864730121819,3659.0120282521357
7803.05756282929,193.02484473865954
8332.349757154108,4087.7332213174545
6483.614669980629,9145.894849220404
1263.7321266332135,1943.510941244937
3319.520941629722,4777.196484229283
201.55552360038408,5726.170535778663
2954.498081564917,1799.0711988523556
5702.442912614084,3301.0552370065684
8052.307393468722,9113.575574919982
5856.497736023277,2957.287383454231
398.9465572203621,6353.630189829578
2591.0645987329563,1369.5191871664824
5780.61681452305,6698.667793426039
7090.477216027237,2791.4440996246003
8664.53850019428,2312.627817324362
9676.452161421887,1241.6518171819723
8917.866212924986,468.2438505117148
4673.279868878174,9678.597114295628
7469.295110947567,4139.047161022582
2405.277997742847,7776.155022927769
638.3079450736773,9200.892998522317
550.6901406597575,2040.2043627779665
2413.056846792082,8698.485961111483
375.4108514615917,7080.245478783155
8502.724139349957,5779.770559756994
4899.2075746118,8090.778083550787
8109.000406917789,1106.6457951418395
9398.982768580687,2636.003362634296
9939.078865505138,1310.5087367704893
9371.640094786455,8959.705701940517
7165.567971709816,987.9765975980604
4419.79651840964,9799.504215215038
5979.8483906119145,1098.912146981944
8164.963679095664,6618.196786501732
8975.545051093342,6604.940486351103
9564.68468603881,9312.46177637707
7306.056990569898,3231.325096995344
5399.535491216623,3320.1190994292274
9683.71709820257,8462.933063317603
9586.249617677917,9785.755527377965
4775.528375852113,301.38778730953385
6486.583904946284,6353.169207639709
8092.671478921399,2436.39650386179
4330.791066848085,7279.622880951043
8293.776266831397,7727.190092049641
1114.5547248523635,7625.255569408174
4811.517208526814,4355.111763221794
4826.124988889784,1578.0138640834052
6846.570561679023,5847.646309510581
1164.13010175357,7890.380730717113
1032.1043345028147,9121.94999116345
9005.948124055092,4526.443237792795
3037.414644533617,2456.7539712741827
3269.223783080386,1188.2247312119953
7768.615466950871,7976.0110776941865
4149.09036111569,5352.973671337608
8329.237540989187,6741.840924802151
4014.687311640175,1592.4040064789979
7605.997662077416,65.78817205510235
5253.099578497181,9675.816068824115
9358.28126338231,8108.8819197708535
3273.88972958668,4000.264094891748
3626.9059503914227,4571.47784946299
9699.865162440183,9290.653599939576
7375.250979664448,2076.5028374950202
7725.673386243334,8028.286854760425
2959.767489470824,179.29528071708222
5320.443972891352,8757.127863942624
3135.409854292347,5892.840063930289
2598.688868593112,4775.779593943378
5352.411876272168,7064.577021764154
9877.606242498838,676.5113128060973
2146.2264721435554,1955.4395688268567
2425.1985908753927,4069.850821379716
2431.289883446949,6178.661767301317
7917.0226161329,1445.4829022325255
5104.820611146644,3794.923011184901
3847.676567309415,2608.928246456622
8437.898343671912,6455.693672182431
2974.906383605359,9192.78449562048
3922.1789867461466,1659.7913331940783
736.2055929342848,1892.6114392769532
1189.1010187501684,6005.284797113769
1367.3106672115898,4535.625087746888
3469.7523844230172,7181.046055669684
5240.852604876935,2878.853271732196
7.443148890811102,5448.1961620712145
1899.3231149983214,3868.28149576827
1756.5002019103104,2812.6415215552793
2533.4684878851676,7292.964115097963
1660.8092605322934,7958.937485925746
1951.281811639114,3289.514548195386
9838.803609639977,6229.7183772669405
5947.3025915461285,1785.9138987930446
7626.931648531967,7909.678827901601
8193.433770806885,2812.50755107759
6676.805974259451,1709.5474562262937
7040.80270027243,9399.613956663467
6322.8344453528425,4224.842809496965
6493.734780462979,6434.999133494333
9284.496292375945,8092.133595761616
1857.3847387547771,6861.423172034329
2747.300358262692,5646.600540220723
932.585488187374,3716.134590984259
8373.24462964272,9185.230365058684
4487.553236278486,1335.4200787091918
9071.045605475243,8839.1972087281
4116.757132463723,7098.4883025679
4426.141580815101,5714.106762744538
4483.565012875831,3247.4776148480564
6124.930921810058,1460.4415574762586
7661.241169658622,4431.605554534057
3512.9227611721867,7837.595205905456
6301.6545342231975,7453.097250815051
2039.6743675693474,6454.422026762544
5540.471045014498,9924.996719843637
5465.8489984368,9726.347706564042
8887.15865648287,4000.048744227902
8958.452238497272,1925.3434266461234
4872.111582995756,4638.382698215352
245.9946577838401,8445.76609512643
8446.219506181691,4585.630877007308
6.224705651719509,3359.819650532061
4782.536355075436,7412.315006063613
197.90157633456818,6501.374118018845
3525.912943560229,9686.976700757763
6367.64686066574,5492.599813339645
3712.009030540807,9674.72191066679
9268.913585768563,2909.363113241984
6407.636334448088,8648.241603271857
6464.438725547403,3509.251505574409
3744.370459693697,8096.757423916385
385.43524296259625,9259.86184488691
7381.79723491956,6231.910845463716
7162.447305444656,7285.490877116588
5301.250270038174,9586.396981639342
4162.680392576908,3751.5646272811155
5383.170500086214,5115.837255892338
7468.1540415038535,8982.919207651856
7127.854307878652,6728.158970090862
6581.096623281903,8735.911047033307
9037.772674033293,6182.5450592936295
6098.883773003035,7397.320822214933
145.0964754503725,130.62433104143233
6180.638356352548,3396.7312981226205
6125.592456702794,7704.207370283034
696.3616350543822,4040.0795036802097
4277.2975431596105,3628.467265559554
6510.962619583276,9515.522357833008
7045.012317480518,5525.48491861153
8930.496252379637,1924.920850363865
8413.809807098805,4722.266888705705
1165.5180931093246,5186.712770549231
6087.844266374145,9887.31634057632
5964.814111966464,7182.195389832123
3037.4791767759943,5194.021305776289
1841.0570611789256,4319.90761007215
1995.0865899390135,9154.94955397944
1775.4776904012338,6459.410762768686
8062.636724149866,3560.86788541889
1483.9305065808828,4646.303618121411
2643.9197734180543,2781.247833611069
2177.88404521714,9604.286814628025
7128.568324090317,7019.450850187077
1583.9589439213164,3922.9826225994902
240.6495260847885,1832.1320246577122
3742.2542191823204,1770.1908489824757
3050.942611509867,4777.4221902143245
3977.047049557508,4675.670499769544
7538.15739113376,4177.88638767448
123.66908895161788,8518.060286557922
377.07601737558826,9791.831168803772
2556.446318658078,3548.231729731326
8892.084862798261,2946.1063415154
1690.7450059776374,7701.1078210187625
9970.379567816066,4497.929445905771
8056.9256607136695,2175.6859284123766
4561.365531292127,1809.3926238833913
7478.622452486066,2805.67758391174
5188.151249369125,13.236286719449097
5659.9226463985915,9414.299385814593
5807.71741918851,4302.488765543561
6487.205128636212,828.4717201742365
607.6419003058986,1649.5712834425801
6164.9810493635005,3233.3780940829984
7169.485818585107,5516.939431307192
3107.231350367129,7037.160793550481
9785.78830473357,3078.511888748412
1444.4508601144435,9576.164822197225
9104.425225283872,7603.119028323408
6764.494079457165,8257.987698901348
6643.144781887336,3236.4568883501643
8760.226599196654,3809.6120588775416
8317.292113006397,5380.617843492541
3454.344322994487,4516.96961745579
7053.698023157113,2598.917909751227
506.02582686928076,9972.709175592801
4640.184322258097,8483.575784068564
9377.772607243145,2379.8734445792024
2740.894478013225,8923.9854468441
499.7078906551655,5868.859663414088
5829.4499194141545,125.62048862692521
3550.9976306646063,3461.513809664476
3796.8347009920653,257.3275941465802
5824.571870568151,877.7053122200884
6215.890593482194,1789.7730646453313
4373.219655819948,4843.986436662036
5075.492421894838,3812.887073752237
9932.557567458054,1489.9617191358006
9571.479580345549,3945.554251793573
7073.170720243042,3043.394911357222
1614.7952693898249,4101.559389080358
3599.600839875342,1723.10886267098
8830.882240868257,6097.110384843856
4235.659161791849,445.31225665284893
9553.676493762834,3878.772118135977
4883.017832590286,8948.856735832014
8617.691342051266,4196.702757027701
353.78899527998,4410.799365920245
4341.636947927748,680.0865439495229
7002.618507491564,6053.642948895797
8635.645323432427,9364.02799571454
6096.328928212278,2916.1039654384344
1732.6202594111883,3932.5164859873253
8857.941652325871,5881.581020272875
5748.131626739571,932.111601641622
1080.1818175071132,9502.834489504337
4638.467773898346,4675.966737668175
6989.433935262958,1150.9630438611262
4510.157463163793,3352.2725734632177
8707.901072645544,3738.3091822202687
4236.943145607719,3453.7753257487093
5834.526895331611,6932.236496364459
2111.70436001903,3455.207293166789
5126.863500451115,3238.5396654742326
2228.57309932729,3220.885235997274
2251.8714794945904,7778.4851589135915
2799.0254224324194,3083.8152168900724
441.99267447675106,139.98092843828357
1633.0964173976781,3655.3513718407494
4243.606253330613,2782.37179692039
1310.6049870733593,9090.172504296683
1333.8475051708076,4779.061757236185
9679.318283806768,2345.753341342843
4270.973631972062,9815.833445964025
4037.326996223689,2467.4423040558836
2677.3565483998286,7630.241450791959
5124.471591074683,6495.506193303473
5960.649016580532,4622.280927744553
4181.855219594928,4058.3510251564703
3938.0851645508487,8723.824793071897
7004.266836440549,4750.823886090619
9497.767008861185,3753.5713922992577
8778.220709825862,3542.50204894491
1186.2026690538908,2758.680048025671
6523.086703672395,4089.659516045373
70.47612501010492,1199.1798771184913
6330.917773508312,651.2303273862041
4643.535889249329,5414.675299921723
4911.130523438331,4542.615288098979
5880.256078521116,1733.9227990689976
7426.553812889195,1067.9920921705443
7294.578026479444,1432.6723506826745
444.79031546680756,3152.444993688712
7364.943863014933,4514.846675007572
8298.15980669154,1933.5010930641183
681.7262443560246,7556.2498411737
3229.466006776863,1933.2437910127232
7920.640768320306,1241.2644995408484
4931.068157017024,9945.54869230668
6948.91068809956,4477.115632273892
5023.158075981345,1700.0701716038159
9782.224498081661,8945.5694802366
9361.930728663616,2310.9162459116615
2811.4524190619904,9255.799553590407
3858.84821743494,1189.6085364608966
4313.459978353186,8418.146959384327
1042.0433294358488,1842.6710862259865
4040.7494687944613,9383.376485752538
7748.478211866275,5742.436427147684
8468.962814491164,1899.1369574765881
8861.32750438261,8448.200542887242
145.59000171474824,3905.7599217086736
7888.060387483584,7328.134212621582
5026.276844852346,6434.407215563033
2061.5914482863905,7142.94522436856
4987.45022511436,3437.1489447557833
8442.604666817924,9388.254872114678
4342.4936776062605,5598.131463257411
9904.61080599024,775.6060999318281
6166.831846685051,667.3400736009938
4897.636691457417,7382.296278505336
2948.893278673509,8499.74436149998
110.51062639031106,6952.79635091173
6105.483566893044,2774.973114757574
5774.955463563677,2259.03961495752
5168.143552325256,5654.365895089609
5377.044539786631,1967.7949803556194
8435.223711439643,3790.9975647029805
3168.699246402308,6286.912311451023
5502.539440002071,2849.1133657512814
6799.476258585463,3754.3892170823146
2098.1892692856095,3605.1789487838437
9248.194150470239,4605.235148599116
7371.2252477391075,6743.598239704715
532.9540015607348,7823.491689270832
8651.066979379291,6650.82479480506
9298.701453601212,261.67830497481725
7936.70048223755,8968.39695148039
4262.246016936689,5811.887855525105
9943.768997177855,9202.464938565368
1244.3589941091104,9638.722914208933
5366.058413535754,4678.467825861227
1703.9080407253948,9163.656024362575
4393.488028462202,3653.8563913097787
9274.2430662558,2603.7825478214627
7942.611284016664,736.3027265371036
7820.8194153034,4518.304542651217
3538.538009818214,6886.872817370464
9342.701774435405,9768.35668276168
3682.609306539929,5213.092778715739
399.7343571993761,7344.748318100984
6378.012624609642,8961.471525631678
3626.4761652589327,5431.853013731911
1537.2488823551612,1667.652830361136
9346.580620540915,8482.08415200001
6372.395340342434,5741.737062434408
9405.296895102307,7585.11249498849
5829.786822940819,6584.779276796348
638.6365962577223,610.3750618718984
299.4051371037609,1691.1496362986754
9005.614350022894,2862.4975245077644
387.27936878708016,2847.0781997659146
6151.757971827795,8391.977051130463
2979.7580744236498,5982.393611750388
6876.581391029673,833.753359774605
2847.22428717146,3871.98573698351
372.2217044948994,5563.3068543498875
7308.384727989147,2515.0282996727015
3109.026302635449,398.33896124636505
5507.989272598827,3802.6373927718237
7738.658199351997,4611.889005769668
7028.233018300055,9047.649419153337
3485.711052046474,9083.66165733572
7478.266592262973,5004.024723893152
9256.810070250856,4714.945575154023
6099.745925160445,6405.020598809099
7035.060606445435,2581.2406643862805
8659.081396803764,2857.1417883450436
8436.406162792784,25.578523676552667
3516.0132748578253,782.1187658297879
9917.005967763931,1785.036313265609
285.66000047050676,6405.7273784269955
9867.07571768763,2126.5725674005644
2459.971333866082,1240.7900479996636
4404.370504552478,6163.047237472899
8836.887378247142,6517.5002358559595
2443.288385274184,596.7312822531356
2247.8163509005913,7728.980875995222
6431.087621880824,6061.570695929176
7054.505255952768,3970.6544356125837
74.70684201027255,9831.822918306076
4504.442359757868,101.99352869293409
4891.089778806201,5448.51727787323
2718.3519972195413,1597.0340873455557
5461.0971462890475,3293.3276823699052
1545.776056721565,1332.0228351267826
3236.0580185739886,6682.145116084643
7132.3923355454845,4015.715934019739
8737.86537869304,9862.995006735066
5893.789617132054,6538.471173009271
748.4453934119795,9173.348172106651
6787.458697650417,2408.2718783286937
8975.978208896971,3187.8406315415364
5043.14042996682,3626.8223947027077
4936.9196610306535,8385.150142976985
9914.135794522885,2116.757700029416
6362.9778754604295,9467.207780529445
8060.289016661668,435.7908901125951
6464.934852762119,8898.58014371704
2209.156865639108,4514.138782808661
2840.7818399626585,5258.980340845232
6657.057587489417,9973.97442490804
4560.711300719113,8700.479803284248
4043.477902161414,9040.215908666229
224.51953381393164,5855.350063932518
8843.690673986963,9563.417825499222
8844.97789836787,6878.054326370096
4609.7112472471645,8193.2703240588
7007.392086256818,7209.3390763171865
1778.193537353112,7809.144308227644
5038.110245837941,6379.709549201383
4388.656418998552,7264.086164140788
6566.135708116178,4359.384778245944
4696.45901144204,7068.67393438657
4984.342826689623,2768.105524478038
2957.12457013357,6349.407904398119
484.23168304580264,5237.524325185369
9170.257590173906,8985.376171905456
122.31623507424128,6732.228433629974
2813.24428561327,5966.205386255049
4476.107821943013,3130.741037201177
3190.9235429240257,8628.039182724406
5519.178700632704,541.5769016214778
4616.1301517051625,8997.51031812002
2554.7623586357936,6529.775840385652
880.2013090543992,1894.9259651013817
1375.3527058416948,9029.955023954786
4863.200692570141,3263.5398052980204
8459.455339857392,1682.7259658427863
1006.3889192198017,3191.4606160499757
6772.063852035108,9610.723283712807
7920.911458456091,7527.58499306727
2767.722783147282,9167.931321712056
6682.394928518995,2988.720301785597
6866.579446829169,824.3927916105864
7077.927310264263,5627.552269399621
8908.090915994873,4830.007733051277
3985.2606449110526,7206.04783823829
2436.891376714263,5426.751805776782
5438.448678872697,3964.66775476471
625.483732354154,46.85854078445351
3339.20930200452,4677.465584057189
8832.25126713838,1206.4282032790052
5320.57560244213,9220.011031054873
4366.753042395924,9217.063305302376
2656.8391070103103,8036.490073774325
2503.7568470617475,1578.6666757674416
2366.120213603192,1474.3881373740098
8292.336681198818,5633.102337554166
9850.203721928096,7274.617690985309
5347.984332731123,9045.392695701481
798.3341717281322,8940.343754686884
7510.390459351902,1553.2758077675412
8770.544234203202,9954.739500762209
9312.281709895122,1567.974815772305
6287.753460213852,8401.18250488804
5068.808332588195,5869.455561034011
6205.273144664129,6782.864742407158
129.507176129795,6039.71777152516
6554.198752987499,8696.82042400622
7096.46393255548,6370.976823880592
7220.303476378883,8486.638214806993
5630.7178090941325,1543.6797873837593
7000.443713213624,8667.06730746265
6388.323907301923,9929.533204219602
1155.2841984229922,6615.067949946806
8983.66769402436,9763.611042994447
6227.2750768788965,2198.835385626687
7277.943704830266,8292.83120346447
3428.8751991745094,1690.4698336979318
9192.395162290853,5159.42763348248
5026.157661886912,6640.349914680738
6790.059916586575,6602.622518935487
9521.820605978992,6708.609418520612
9160.827449328599,3209.246930245214
6447.987707387078,9737.210970080854
1657.4139153324475,65.52993993558687
9505.684309736156,6209.984487087404
9841.356973109678,8661.097194243277
1033.9669538201547,8911.132051513952
4502.976821183036,7202.054014008323
5482.555638461766,5748.122045245202
920.8154046892381,4573.350557494594
1896.7994945965993,4495.159949152683
5377.05391079373,4250.991314310648
9630.89447850655,6998.926473544687
278.09975928758,7312.084395526044
9124.430741568738,5147.6234881190685
8986.081700493907,7408.117651219323
8571.786351865563,5284.551817514094
3775.509286642442,973.5170304015639
4908.2353720800265,8516.150694596618
4035.946393258726,8704.804520715907
9475.861864288285,2664.6121739459736
5213.506197739061,7864.334145911161
806.12608667043,5111.709987378334
2740.5984431117736,1240.2718012357616
4620.332129147543,3979.986957368319
9535.559323177944,765.5195827675043
5689.510906223058,7864.669957789595
6960.726231680057,1962.3346277342323
885.1984733382734,1643.919011116902
8773.24045924748,2085.3763154717653
5390.182220137874,2261.310127398287
9212.284125406086,6739.521810365596
4454.766853905559,6386.009821095196
6830.839969449177,1293.3662411160174
4708.38593726967,7244.191861024001
1425.5792951431044,3490.57103042449
2720.4997795534146,4574.7273070354795
672.5729444118034,1248.599598195106
4402.663429117802,7086.260560983356
6493.415434613467,3762.2214720467473
2437.1127580964926,6321.296032741978
4903.88058206604,4272.2094465972195
4589.73334238163,488.6880065475074
5334.204909033406,7034.895658562398
1845.8466702707854,5525.081602467127
5339.840884068534,4342.449219906587
3642.055567871713,2015.5199070784113
2860.418489590482,6243.432148194492
5859.8201402361565,2751.9744639409882
1480.36803501586,4291.742986259294
9006.586506074758,564.8514708875163
9348.52812989715,7767.465071684263
6606.0968979528225,900.3708241815023
3031.5468960373328,8908.396077998796
6260.05870026414,8675.746190478932
6015.234665281477,9710.89924817562
3912.5098162933646,9084.412428049438
2872.4724737330953,9714.076542163368
1684.5295231223301,8872.762441747103
2173.838400256506,1125.086050424734
6530.299235485608,4376.818631430055
8858.943310657909,761.5636181123454
3849.560549354558,5452.982066793366
1218.9948450183185,5297.567614791858
128.06301651249407,9221.783601162928
4059.056550623854,9696.947451149834
2325.669511864088,2596.4404682514187
3225.555670088405,5823.128497620902
2416.698745057956,4644.417896529488
6641.476320747617,5467.351747409527
6385.143008447924,5317.28095088984
9123.045245108136,9141.244092026338
6997.449148446736,8961.257752523028
1649.4138059483687,1227.3668193723163
7515.944293080459,3451.1017841686144
1812.6786255243933,7527.75073592789
5586.0088594376,6839.8710583006305
770.782094853929,6311.925556095242
473.2505696764866,9938.10432296497
4642.299926241961,3369.35057298282
1049.8356144250342,5152.48705781926
3066.666048820813,9791.503732512745
3388.3337831335602,6955.522786122463
7694.2691904713465,6486.802721875087
3326.801051796966,1547.4724005099883
4943.001849218318,2466.569034453927
7725.859300005002,3774.7318938670173
2048.9830684988196,4648.471003633044
8048.973922379676,4972.102397051575
8317.947969619663,9021.371814296457
9888.467951691842,1072.1198570894585
4440.47678864306,2483.525700506627
3706.493286604362,1436.338035484418
7020.05270575211,7353.10725753111
581.5111727078304,9705.798011091276
397.51511529855344,8939.608033877106
3349.9086346570684,7233.0076880554525
7295.15088176603,215.2280416847252
1164.5444367810364,3470.308699974486
6355.468482124358,8636.180500027458
2695.052652996426,6530.702539609364
6516.746726855003,2096.0132124989473
4569.761238893253,4664.8713466859035
1151.5167529470104,879.1813164505746
2472.828147629729,5208.015365725885
2197.1375389307545,9010.284476851633
1645.8459270897008,387.1884633696676
4683.45448404777,6138.91525079295
9546.655393169956,2331.026979988786
6580.888002909872,9903.850721788558
8360.02031498108,651.0172070353493
9810.801890314737,6172.9138308389
5406.226631935678,2563.706877591414
2380.700756863752,8824.630625479329
9278.110070435865,1219.29799339065
6989.839890717581,4292.526128040931
9589.412605470168,1853.615449627367
6510.319616555238,7994.437223866821
7751.450100292716,3514.435663214106
8906.361947788784,1867.1319845619316
7592.493115200815,7259.0106807663105
5626.457720127221,8172.1731783129635
4719.209322614724,4623.954873696424
8233.773349128454,3788.494022589551
7719.858128206884,6321.441923770895
3664.3082393101645,6513.965889391737
4983.319673421538,6607.45395636221
6349.907558856923,2757.5764196927444
283.7021905214743,9413.024726154743
2475.6869993164632,2134.4424774373515
2502.143950713559,3741.5827588819693
8832.315594813123,2836.93942335692
3314.877534962913,9311.23508169197
5451.433877979136,8283.701424783036
8315.864670042281,8112.7193728586535
2596.938125433359,47.10081875119787
1237.5707746686414,6859.005002083209
9483.598065084472,2302.7369512868945
7046.829360341629,9677.442571932996
1770.537656801413,5307.514080354652
8197.115540126597,5647.030013999449
7871.266133355852,3564.8282482330064
8375.410974754857,5367.306223024113
2762.1257665422927,7497.371876241443
4485.79673388971,5619.201540943217
6936.737432281136,6412.628898916902
3906.67574229405,4724.680779548904
699.7217221626584,7163.997107228298
1364.4975399543603,8995.590170883765
5971.135050974303,510.5119991096518
3751.681995986217,1072.96530681676
53.801318097077555,6856.091145034215
7668.54526976098,3777.044152705974
4167.03742795161,2816.1843799359244
3137.6928544593243,1785.9328346235613
7135.191790510994,5726.362767712832
4551.088189864035,3475.3239559061353
6948.311093921871,5079.608261113848
131.98082381222554,9585.612282138145
94.2011408482446,7582.676456658153
5599.019304103781,7959.508692733578
9822.120342285076,1241.979030630248
2723.5723791833198,3249.803187968916
6828.935571666752,1062.3547202286898
1722.5754290268235,9685.209301540643
3115.486317608338,6821.876151332016
780.74890475208,192.33837504258
8807.931599568446,4755.048218211357
3104.3740155316314,2635.256365508287
2304.6644740299007,5399.588512670729
7306.041784399004,1786.5768647186364
1994.4015561049277,568.5549063165762
2402.7536049838304,3231.7753227831604
1036.162536607146,2955.0711070472234
9628.71909194877,7169.6358473137325
2476.3774952167896,4745.488591095351
9956.633028023825,2913.2780333358364
1761.4944096847896,5704.305184284607
206.51849978170046,713.1738823124078
8956.936134442833,6623.526117537502
5800.172518401156,1472.893667664772
3514.099999841287,2796.993693208909
5133.396624570512,2821.2288717172005
2607.269549074286,4658.519198433073
6347.588502816244,9531.573664299487
6164.685583425663,3246.592504354285
801.9228903968933,2813.2186847093967
9106.881006010768,1688.0198529660395
4605.253422251084,3919.689000861707
1951.5413208222376,1820.4111187257065
3073.8385943601565,1377.693363156305
8662.217548376064,8573.586058147856
3831.851719821011,526.3873452303536
5619.611711956284,7108.251194599854
9476.897348829512,2025.7090102007114
6517.164375819664,117.15023287961924
6757.16743925602,7951.449587969596
2485.6883716207535,7022.855192235235
6682.951850279846,3342.989063743409
3938.0274419250127,793.3253389047356
9110.424845996738,3606.7156369778663
1295.3884791057712,1813.275803018285
2856.4034966362806,9325.03553371556
660.0072864221185,5296.231022547948
3809.0384917000097,9638.436377269243
1483.72666156411,3513.1412190042743
8451.43754462411,5564.628186743985
9250.432019891829,1901.2343009521949
6694.256448047157,8084.290940375288
1033.3459998583928,411.003123694198
3416.308816224203,6956.154229361279
9644.91892347939,3916.600923589073
1363.012239595003,5784.157740250772
5564.893826227964,5922.591349165696
3529.2947599556255,7107.951141343168
9991.626121528618,2042.6220323125954
2853.89064641812,5313.859212156312
477.7226528344336,4269.259363933958
7021.828148246675,2821.8110886036407
3267.3933024410994,4957.2782276452635
6575.814339546228,9520.15045251085
1046.519868145146,9488.849471790223
5230.6320093025115,2788.173199617424
3752.3154840264774,8842.071649020068
5367.671339786306,8767.54809387134
8534.723979411367,2495.8464760127554
9727.472879612755,5989.507464230512
7531.3214911800305,8699.357592784248
7668.583152203979,5149.948019518032
5289.3608973939245,3697.694669010072
973.9994385827622,6507.854302432062
6670.595463217278,1724.2506344317032
1477.798717824721,1617.313816299235
2456.610565787304,8326.46131774237
7075.8251307019145,418.7491593812576
6569.92594118097,8036.299792257493
3143.25941589781,2904.9415809293155
7720.442359735712,4831.224909520323
9393.15784442255,5435.150550479289
5452.596211444001,7670.692734606802
6776.866590170899,8838.579865433598
2717.795844702683,8042.241253964655
9708.07044642694,5723.437752804575
2737.049117857889,3480.1367034936616
8874.090242488182,5265.57824958654
9278.691117987193,300.216846274719
7196.28594603936,2449.801152397356
8115.874277207463,3661.5536588757923
4578.568077901604,3197.5452415150407
9195.46789450054,951.4694073115681
7426.462450391404,507.54081414044583
3267.439915343533,4207.147795741529
349.45167655440423,747.997532982232
5407.83226356881,2862.0805854153386
8406.503247411254,4748.25658753293
8606.681188723014,2099.612713581811
8351.187254835377,795.3492634557391
2147.464854211185,4321.33270645793
4261.484795998977,4484.764984919699
6138.258551814724,9156.142963287202
6675.564920680333,1278.3764257646712
3345.8342162618546,6149.953776776283
6926.423237504611,3197.0256636537097
5908.970074676129,1235.9783039692152
5667.755747061516,3931.4710677525277
6630.248237352772,4279.375853642152
6033.6792886617495,3635.6451429076296
1668.7463465866192,7657.327409353287
8744.163273652799,8392.064699539362
2405.6975347251673,1487.3176176321745
7444.887812323944,1679.0507162963363
1764.566729584548,4212.175981433277
6609.664128612271,3201.889611015385
8956.837587991564,8195.736053923374
97.10515370624063,9968.11203114993
9796.776665402893,1811.1037143446217
296.7586665990474,7625.441508398028
113.67620894654263,6072.468162166363
8575.600983372982,6444.240666350147
7087.040031040692,2644.4146900388655
1058.106579283765,971.9622213912194
9374.149065959395,5432.561059013257
6719.322411628436,6135.058489038421
1110.4354353809242,9630.489398824702
8605.535959244567,6752.310640888769
4809.048522598003,4436.843001715214
2781.336900668848,9940.011287889834
8250.410502326778,3732.389748775028
7384.46453690877,1625.5850186533937
6230.438021440628,6179.800527846582
8985.131521327632,2662.506334218907
8612.79810068169,9222.048369006587
2267.9165844489057,4278.683644721995
8786.861543814106,1496.1634988073558
3740.398395737058,1416.3057016514801
4317.743358012534,6496.394060100703
9723.323871285691,3658.97307978584
7598.7432854581975,3637.245470510636
3214.859543625255,6123.239552853375
6479.258896665372,2215.118764620899
5393.2433626511165,1454.2825829487715
1166.0323704558095,6572.625107282069
8877.523379899834,52.37036630238001
8218.814836339894,9073.649817524287
7777.103568869369,1829.7092079398458
5591.533875770127,4478.560601559394
2208.374402814182,2114.7853514353587
8838.960293195943,2182.1966872976604
3529.6564361898054,8350.013670135053
201.18117955144731,5850.335131822715
9817.741777461568,3114.5034396266415
8611.571034219174,2510.9872994373404
6226.803554379212,2128.6243988458054
124.07139427494607,5544.483530199581
2277.1605717480415,7307.8941271695785
4520.4988797582455,2535.2738235340044
6280.849232464205,3323.005948224257
7081.545167426531,7203.655960367759
7882.726978015201,7372.780166620805
5556.609256870155,2073.2315178166837
6561.8342785138075,3822.0233004732218
8112.426982153637,8699.577250643355
7198.413103308045,7401.922466597429
9548.123322067066,1624.953240280914
8746.459003980885,3859.629280277347
1693.6127779542387,9732.937819155784
9474.191267170807,5253.7760418680755
2041.7599256461194,7193.4615868616465
9912.637857014366,920.3501804102565
7013.295420000065,8325.099620668569
6275.315527413199,6047.849220220365
3243.2277626471364,1756.0043212173648
1331.0752491639798,3802.1177104363824
1261.730164493703,830.2759527571768
8665.751925901905,7770.105281537847
4324.418461996376,7448.78999977278
5598.518568631188,4902.310202011464
9318.361076373672,4520.163953085105
2553.5470480994913,4634.246193908844
7639.374854271516,374.66778675343096
4704.647618382221,3682.4496708503175
2127.546591191375,1285.039813724943
8529.716805804077,1847.9236220345108
6799.491734497504,9621.167086852822
949.2168257689016,2617.8520953451202
5417.571952889822,4836.249744747125
8517.638521932598,8877.92479194958
669.3480822154186,4134.913839350732
4162.747972255457,5286.181396191686
8052.144705167662,1687.8772766418026
8583.572801102084,2850.7939250514437
7753.627763346166,5061.141598844887
3057.0957502655606,3649.0148602606278
5069.29560629047,382.5570065207573
7412.779766649803,4008.2903338043475
1525.8775294545578,8151.057640019202
5949.97763257416,1160.5944298643556
7203.737252089718,187.31394378097454
8499.9186936106,1187.0275675510268
1116.7172385679369,6868.701946482667
3296.7469459254926,7946.446387784879
5416.539491854653,487.2655559560557
7010.568999145405,8875.509035359737
7300.362955249206,6273.253615815433
2532.5917397215967,5181.313484576454
138.76612017187261,2535.918880136969
6938.169780057876,3717.0031473565
9091.262873397718,9469.732726795477
7975.170451034392,9115.4643364622
6224.661030626192,6254.645535017813
9775.704405516004,5789.112176678487
4331.167780943553,2105.4466415704687
5250.497509880962,9532.785378516517
122.86763958382241,7553.917131090458
9459.51362833712,3822.5969793536374
5833.4665493243665,8158.315170467119
3907.9998390561987,2118.7466226686192
445.6433588740494,2132.286538313385
3624.190643264045,7909.612345570305
35.98101675653665,5593.079808671538
3243.351379981384,5558.352885270039
9514.549240685246,5736.708273705077
1542.6736423039645,1258.0681701634599
5454.111090894324,3495.590743968876
1866.1732010492215,5730.796698419634
7833.791303081712,2475.884265733995
5623.978072386521,5040.049595255212
2022.3601835227955,5570.3523825401035
8662.412982388532,9428.13878387764
7840.237828334867,2457.758090583574
9513.01329425553,4393.572915573264
6.281928926344937,9815.112105441616
4571.169471970793,1867.8987621794463
9998.413004979218,7800.194859331496
8111.879169718101,1771.5495563695727
8312.861318574274,8500.46572777236
6211.324627263177,4879.739373508939
7128.9965208323765,9721.614847099529
8053.26258783608,1700.7496744056393
922.8064759190013,6879.263457451211
6925.805836107297,6952.79250423816
8154.081000327389,7188.754375364809
408.6578768509208,1009.6876376229147
2970.531805269141,2885.6098822464605
3240.1161588284235,3380.1682724655193
8545.823952810524,3242.876080326795
7803.513895968672,6750.207190002862
6564.214709155066,548.2967061386234
8047.231808428686,7300.786179852054
4534.2970065770905,5265.843745506256
8748.80590302111,1729.9716916722762
2342.158431030733,2261.1868990374396
7045.768814998524,975.8031553423951
2417.5118477375468,4590.58852386863
398.619734108222,5949.214032596419
2841.512398197817,5809.720492564255
4929.068284906286,9623.678724058645
8434.360150711722,2959.660320045171
5088.564893323571,7620.798456028799
1791.5060257309212,7230.775430131221
9927.659709997228,613.2698061222253
2700.7306798062423,9300.05076721791
9852.947250983862,9313.039188457502
9363.34681508224,3963.3518213790585
5424.415086406432,4176.778350057363
919.6308264171305,8195.969296010675
6954.148114544751,4950.306554718692
8457.176615488142,7992.0069851578455
4453.010996795091,361.2516910486419
2390.4045934589103,2502.7061238059014
8028.241647126567,910.6498518836314
5450.778256759288,4541.980522318096
1976.3000481547788,8541.594445708955
9495.386409674771,5697.877434660406
9480.982266851785,5203.33538598542
3670.4967344458473,3661.068938956099
640.0310914174012,636.0987672651108
6307.885345497092,7664.09670488431
3172.267345834646,5707.66065982748
663.5526100004918,9309.655071235286
8918.06414468566,4319.652243229457
9981.16314600281,4014.996365129426
3504.055137102818,9743.469904059028
7447.462633841955,1411.574949452642
657.7079228015348,2523.615327480382
3697.054395596306,4881.64215448496
1087.5176604964076,5235.4430152308305
553.4993716351655,5487.166199653918
5887.910405094958,2121.099297955502
8020.309875232321,9268.480484566096
4529.702511417205,7035.020970577321
5241.791104409618,2584.3984955961973
2707.300170252096,2941.9299884670513
7363.872808738148,8803.584652735573
3610.732671418502,3803.554074888027
674.9902032632759,5563.633615709599
1655.0771102566619,1204.267786634925
1284.6860524551728,2517.3279841501994
4358.777893996191,4165.766907266984
652.1267458334756,6561.373778717986
8064.843224670357,2802.206587641982
9080.051900215012,9507.615122621333
2483.9417920231676,2202.1715190259984
4855.09756781953,7789.068899598479
5190.63064396569,3645.9881273376573
9850.012164579464,8334.008768618205
656.1957838657706,9231.057118887731
6678.8236774289535,1870.1556150452525
3457.64983212849,4914.770420655013
5018.062121126549,1543.6587392441936
2170.3457069537058,7058.25230785949
1602.4228017622165,8322.380812277695
2435.652986923652,3894.679382578932
712.6196425810926,3967.509029593388
2780.902971816551,2038.3978074439378
6903.509219818777,3065.3465734716847
6514.819352444364,3238.930590375796
5544.962055923362,1555.742767712297
3.8741297044453393,3099.522300653288
1257.8199980401116,9072.569011777623
8428.694286486641,3253.858324805613
2717.3836976457255,2744.37185269672
9121.98888579123,3846.422829029845
8745.461147783164,9602.730379980334
1549.2703413417541,7645.7913188512275
8981.520422531237,2017.3831754775517
6278.348305625211,7525.515951030842
6302.868053347271,7662.348421545849
8526.798655735955,9501.370746802848
4050.557645474898,8910.951088619227
7352.632964197793,951.9498313102848
6677.643563536141,4545.765413677291
7715.146679199264,7029.935780869553
6601.889492405368,9733.68800869901
800.5480065671155,851.5471815443066
2927.1100231037926,3682.327489222185
9399.208730227214,4922.238026840638
2234.251886561239,4132.441935278519
4722.6040100261,4557.784430284026
3569.2797575473946,3691.021397248909
862.9872332746191,9706.226141266743
1811.886889877916,8032.447789612897
2866.6712125797158,7366.599117633677
4633.184856856524,4107.0135810645015
8745.23985641134,8815.235808502315
5156.162821758775,933.3928720443263
6519.0496078287115,1434.1852625748497
4259.5515169694045,9540.578532810883
8700.623519518129,5669.883034225529
6626.214540900936,1594.5777566924091
906.3025313938622,9491.45707750745
4775.012072659322,9748.432747641276
8272.342045102527,8814.930681952097
7336.553526655217,2385.578549816191
9053.111477799013,2784.93985918012
2276.678389694885,4069.728525518729
9771.721641968998,5793.2172585800945
2850.7766786986567,9921.814095695121
501.79877591753905,9561.335468327858
4956.726271964876,9211.390586977404
1103.3873847645482,892.7629881354582
6813.109410096725,7571.663452240955
9005.562707491245,8768.458613396913
9213.432718185193,3332.7952953886643
6070.372426864613,2195.7403420080755
5352.648708547855,7484.414938868724
9939.914232052763,908.3775639150682
5794.257189858903,9408.582021478273
9274.58323812227,1560.7764425628025
9165.950505440658,4575.378521702091
2895.13795851007,9827.978496670961
137.5107557752797,9882.202165370105
4391.68407798182,7759.902866955368
8613.701361114108,8391.88484827814
8361.34217084376,9671.707421915004
6036.691875331541,9274.295094143692
1566.5841002228453,6221.086322838477
1075.877139298833,7346.1698092873
9546.81983778613,5937.765539485278
4213.976819852572,5064.9527397157435
6481.610167337426,8808.290165289472
9058.644149553647,7380.251121370198
8698.931763205916,8598.161703680309
5669.031821306699,959.1096340541028
4879.051805727701,5764.851676244815
7352.592131135894,3295.168283482487
3496.456924201109,5133.93978306116
6253.90630125431,6129.6544463654955
231.52433609641366,8457.584721322844
8243.125607505779,318.7772455861504
9980.322752195905,1639.8337268159569
9547.06492358876,9214.457412803158
3598.9484053781453,9672.707099232539
5311.012820441634,554.2268309744758
2362.1696312373188,3317.875429168885
3029.8740534393874,97.29973767240496
4573.461016526299,7574.480131947373
7470.809068535663,6819.4018024098405
178.82390838841354,5648.051153986337
3937.741304151291,6916.61173255565
5564.969183233985,5377.9121255782
2151.8304218678754,2388.4117558046582
784.7869809603991,7543.3373495548885
5395.738593183282,7832.777710649405
6378.099844857797,8542.018930732665
6410.02290376445,9540.766784617561
3565.8438503559278,7475.4161174054525
2373.6179593906727,545.4979153327266
2203.864390159004,208.38571546499261
405.2394005730664,7398.706707045249
1846.8335196497176,560.5096492721118
8186.061271089271,3159.445982962267
30.512657610765046,1361.598875239668
438.88602557329403,9688.999044021633
1270.1894027906712,3163.9415536541637
4202.405826757543,551.4690817032152
3337.3783436474123,9496.075425158831
1778.3585805447854,6087.443786006679
1109.4947410690104,361.09068748973795
9388.625369397774,8333.610398864006
9112.5022129299,1525.2870305840638
7718.986083862802,8024.362731612393
2520.219747241678,6027.5174620665675
3236.9803201721625,1771.1521463643153
6658.449682635487,7525.980527530949
2916.9889509771197,4545.049756036133
5306.22813227356,6381.009397561159
6512.838443929847,8695.141653149252
5191.962965129565,2602.9811542901825
4132.847637151508,3659.713407055072
3478.94013557519,9972.717852144788
7777.499164424934,5081.144701563491
7389.989949776366,5585.026743966562
6962.280641433584,2854.385398313436
3746.771131946115,4160.27252603275
7757.366263482795,5015.517471734037
9577.036319785568,2584.4472638795855
6889.795191164917,2381.4551114401493
4078.9925106991855,6004.668158641183
7964.812628269693,1836.5144431961767
6093.020760521302,5534.577348015908
8776.770450937744,7062.140236195006
7131.8253164416965,1982.5762173025607
7699.200537509043,7458.780617560281
6674.36463136269,3596.8437481294122
920.2045866155229,9925.045378552051
4851.17219941498,9790.76810100704
564.8987486179435,7985.946335185506
4475.491530230421,3427.2077652951884
7164.269885904259,9372.101373420595
4212.554716855478,9987.79005208254
16.302519343888157,4622.785649417783
3692.850931008287,6145.893808966138
677.5898319035445,59.87002983719458
7805.963884990607,435.33210330802376
7837.515692918499,5005.978109669884
8063.785893710249,6093.138739238714
303.2719136773432,3123.9300255763637
322.6930888481461,991.2982038305074
9034.493586559358,7822.721486703728
1236.8388028141565,4187.600384132587
6700.902304440852,6488.483925347122
7954.5439219618975,6502.011953714764
4478.6370373059235,5468.386830726523
5464.720927141867,1784.8957071229565
2273.807235759384,6160.813433228553
9235.99955142896,3220.840092621765
3018.011028394301,8191.252065959235
2178.111893760758,1931.9684939342542
5254.035251218286,2911.484139825972
1905.1372290085012,4403.059662987565
6866.916293778727,7400.131302029762
5151.1544967225,7207.505771555667
1478.0445401098395,3371.099537249047
672.4641835527334,5107.520308816229
1369.534947409937,2342.346004925966
1366.246551447603,7703.652774938324
3128.505251158286,1967.0988483487772
8332.706491912506,8193.469134771402
572.9402029487285,9368.641007556333
1280.889387623706,9916.160720194182
3028.9918275966743,8569.621573538767
5533.331789038217,2216.9898944045053
7628.828404436464,4165.136315719739
9211.914525478624,888.3684600502173
4120.882086410433,1645.5135989921343
1058.348144232265,496.9708297165165
2135.1554336215618,6410.879115426854
2872.476302868181,5331.871345163941
7860.976444949458,9170.128167865741
6866.433176014331,4630.0767679433775
2090.053234041753,6423.067054443018
8387.455050635082,4015.974714111631
8591.55844349756,8294.570393558957
8824.387749586464,9263.756983162428
2750.0418872766218,4317.317367810739
1337.3024491507913,827.0132047632428
1039.5740698027146,1635.3582918506304
4000.8775343969314,7205.443304579063
4293.24810279675,3252.674585886148
8682.099979741763,7853.849725281095
2677.5604486093416,7497.59570513246
6268.921416327119,6943.016678964797
7882.127098247622,8142.168844497945
2691.528944194017,7565.558702727565
2671.3959677719577,6325.87899157484
6691.552623536041,42.27208580241837
7261.362803798217,5156.772080933597
9597.626412580426,5952.528930648933
8499.4067065767,9606.459008874024
8220.514038698942,6504.820615461886
6923.14223697303,5754.737552212846
1184.8663354793775,5411.9384348621215
8092.412253824815,1032.92993742486
9353.21725863546,4276.198773847131
3907.1781649246486,1343.5569249784628
3136.6195838607546,526.9775059742432
5224.81642320119,3294.69192143905
9564.556004691238,6454.421686960652
508.3227417343927,8667.973350495728
7088.806407231514,8103.658672441125
8146.683332073655,2946.898506349036
7887.491667235357,459.9661835663771
5667.744049703283,4026.781759371695
9205.629971727109,3147.792906640542
1345.2375856355836,3712.6453472342323
2451.5059674386207,5590.989408751053
3069.5630308479094,304.13523221447747
86.77409691600468,3708.0573637305924
3706.6925720751196,5586.333094861286
1606.5983782861115,4309.708709665275
7246.261521579726,6672.289427977435
4149.528071273977,1861.3179191850727
7044.5944709185105,1538.2810926378943
2936.532697455395,3078.7442408178
1319.1774742160212,1017.2924185294419
1319.8902355508112,2362.61869361996
2032.6375243777518,869.044575863831
1152.1569262089115,4019.7775359977218
2205.47073906477,7114.560724480375
5790.343446794402,2865.3808071238886
2563.3601496365454,37.30914778113048
3429.46561484032,5570.67435439091
527.339835390821,6919.415472179956
8922.090925697978,3913.161823695932
1381.6099207899679,2969.9990132182365
3486.6583560347676,4906.377994805036
3794.7925033831066,1012.3966478836365
7721.2626902631,6439.262199905868
4835.428533064822,7332.971487849614
3829.562888179576,7046.3067717253925
6958.746985904457,3286.6694020631257
5970.147507018604,8427.106644453435
781.3458378701388,9468.487705736643
3127.002512075839,2970.7422299383193
9786.08128599269,2627.1918728785204
4833.352030306935,7041.057597289204
4241.9306981101545,7082.819588650592
1499.1980127970571,5104.1742213891
8390.701738651545,9233.200035978414
1333.078774920593,1463.1502453567236
1050.8374419234779,4773.670912705046
4390.003505247579,352.06871500074175
4366.468793691344,526.5594201811485
9814.689866805686,536.84534135784
1275.3348657298468,4917.881730857723
4838.270986710427,5889.645530140759
2012.4531209749186,34.87496512757038
7017.638917149922,6325.464040194374
3916.868770679288,4897.007521396736
6484.678894008068,2238.018860616634
3384.1118362762777,151.00122076510013
5645.459866337847,1561.0319984442833
4691.36975187918,6003.322355914908
3743.6497747035237,6588.402037399831
5375.247926679849,6470.6120186891085
3837.9867704781136,1531.6232010774556
8060.18777784382,9112.143140022266
4952.376002528862,4109.520735536549
9031.272664866194,7680.074218887072
2228.0424072218384,1664.8093970490063
1121.2387978511872,4705.687124253418
3809.673595083317,5215.2117738580255
1836.5956138643535,7703.552508283321
3931.193931037277,6215.189349953261
2074.1094437731613,3993.024891005944
8682.163089731755,2825.1464910888067
5679.045297896549,9729.567507650878
4975.89264981638,2845.299933915072
7877.450940682961,1294.73920425785
1303.670131723783,3004.1669071757005
8570.147205205165,3269.3639962267953
4833.040582062402,1278.5950903760058
1364.3322952456992,7081.451023878498
8194.114661287722,6191.650142278921
4607.752104118521,3166.1547748348394
6046.005424568959,9930.000940299933
8936.08885851233,6550.110731657644
8906.916322204155,7031.8538670577
8928.188915564524,5571.826501038408
4169.174591929565,5515.747405862161
7496.058817800527,200.22266578279212
2332.7085974420215,7709.06276969037
8311.769885295322,9107.407591655987
3417.223063993192,1222.6397766388918
4639.124619604966,7956.304788071562
8913.916481937753,5343.070078636017
8057.399515941825,2853.091615162733
9525.112051391725,9208.840676943211
3634.7298982777775,173.70902073700623
1510.8526965758228,2740.5855831799663
9104.104230781102,8862.498305262114
4931.543871093634,4810.144937078689
8894.007910905826,5989.218044943393
7320.735927332785,7497.679945344364
8748.02905522036,1479.736162233386
6547.2293570421525,2151.751038505947
8123.720137206606,9986.28852854259
1203.3599884460755,2374.5270625622807
9682.946892126653,5392.0250635234615
1809.792226418151,2987.0726991682827
245.02767897627953,8514.196632193642
5308.073749442845,9617.558287315513
7119.122628157743,1412.9241400409542
7164.184342504875,6005.734623826423
3392.32845156053,8115.765330043442
7538.318364013182,8230.278629979039
8425.600543729226,4404.476858017485
6100.117423734293,2253.7634182802035
3859.920072200983,3871.3992611244275
6135.74584166214,7511.527090242549
8622.304003513234,9937.778922806718
9004.717608370136,5542.8920788001815
315.16627129498545,1951.244086491224
1223.9855838097558,419.34766770814315
45.14047927874465,9436.898398976604
4924.42182359821,4830.332022722792
4363.909274802632,7165.926685177141
5458.016617917158,6601.810351461427
6836.467319672765,8908.712841505421
3657.8374193790264,2660.905725479831
2085.7726876334536,4417.200932828623
3948.2037838565984,9136.208319844649
90.11000686818372,5855.761917879348
8294.466768555929,713.6163640098204
3837.2629974694337,1944.8417654301397
6227.883424486998,2372.150170288433
3247.2562250643446,9937.854932786826
6148.123888399811,2241.389900568387
5404.353935887133,8696.840716153894
2085.593298856622,780.9564994936147
6253.2402484457,1817.2069344052254
1096.2241935614204,8720.552116699986
4810.858468283544,8989.364767325962
7198.780589892921,1761.962519528012
5490.627218326598,2298.5218419838593
7462.710674543588,5305.673313321601
2731.62587695178,526.8295210475749
488.18529990509063,9452.841674553605
559.7037763637969,3620.7672509168265
2687.2548532538153,4892.879657841518
4076.6709214609086,1050.4835512754817
5375.052053757877,325.4463454405099
7576.612947379454,4678.169064698942
8396.094834925405,1216.6737008576013
6936.809738974252,6303.186882236411
4632.089547226834,7944.813033362209
2644.8701587175806,316.7113172289016
4278.023248739267,6122.225024410693
2733.961519128325,8156.267507215649
6244.626138709946,4394.279795319738
8182.068604949079,9597.046638429934
5181.887435803441,1111.949066922784
458.3947465925986,3229.844634517467
9397.486279164936,2300.7503393557063
2942.840118023665,9961.911555409746
9145.103385188164,2941.7635420557876
8130.683025269883,3879.2674839401407
4131.251133092991,8476.164897089824
567.0376718414549,9299.635079864132
9477.03904422807,9377.472293250454
6590.53667191499,5581.680386490836
2496.53982589391,6633.022260479674
5335.362034355498,3491.717267634168
6353.705088765585,6071.58729350281
2266.5932714468886,3027.4806845107096
935.4049983672197,7460.283563593224
2674.65545834663,3072.10116551903
476.0266826162585,8794.107082420644
699.8651024485924,1434.8388927216283
1565.850434932563,5718.0512914845385
1584.0637064810437,5206.754962749477
2479.5158493331646,2637.174743942765
9374.292321889288,280.02109176876286
5758.200228744027,1485.33686396937
4225.051799401337,9679.511665478642
5637.9966857900745,9413.045276393706
57.11553180304585,1193.0072325295148
8947.469097143327,3748.601988693371
5323.131410539451,4651.266191305881
4516.506650289014,4780.719307894212
9416.019393806313,2988.1982046554213
7304.080844837139,9129.528326700685
3374.2084004228977,9084.90600483377
9361.574814569449,189.28420535729296
8519.9762499355,6500.013755174256
9545.337293096718,743.6240846680741
962.2393741130097,5974.976621312753
9552.84889387149,8668.92896401799
5428.828388715553,6495.309496235275
6722.150795923556,4689.276149437619
2122.3889968384156,9578.957291715938
1404.0149005196222,7465.9858301753975
793.8749757600139,2493.093727528036
4223.130921447226,3869.369010520175
2213.494696259185,7598.753340399639
816.2290869966648,193.14248116055532
9550.661959286914,639.633025482721
7333.913432475374,8594.231784597667
5178.545082003968,429.4598963386853
7433.474828075097,6785.138411991533
6114.581722976001,3189.059570558348
1780.3259388028414,8258.917177447092
6334.364440206182,8473.460655306271
6810.122688635378,9533.391080817286
2374.708391575193,955.4955303748269
3201.446472789873,4228.470092293496
3833.0065975935954,5739.585899553449
6025.466396802377,9160.568795898105
1268.0798205636756,2665.1414543310625
7434.781235049653,716.2749072712105
3460.2427076336407,2017.6462059410105
6917.726196928239,4955.783237551897
9328.873933835346,6810.510022787905
8698.746467584553,6906.740213122925
7375.811294819381,746.6330709431346
1933.2698365123856,7614.102645624203
7320.743685755086,6602.394032194333
6357.894059660302,4075.4318721335226
7725.4682251209,5710.862684229696
8688.139208384,7677.404462914931
3114.7511403889393,2620.9274800062567
6443.0407242018155,9400.335034041158
2751.381852546666,1377.6760494702678
3462.8493923663505,9022.228117035604
5206.4454425529075,7408.579561211016
4341.633917321441,6605.186193291938
6006.306024703318,829.0799725867804
7587.614703787049,9190.046075556884
6050.200246044209,2953.303505403946
9698.004945957688,7456.122063121709
7381.200091203063,8848.014126899634
9850.11826461981,2442.834934020296
7434.407240540864,9146.007708826493
5079.188722492985,6119.416485940278
4110.057630937014,6590.317822975011
7356.603901365853,9145.128864442908
6871.24390546235,5267.349219529072
6687.647036905729,4406.475576155775
7217.838442261945,6332.317675754883
8721.721132466822,5540.235170585051
2277.6030754075236,614.757124473283
5648.947288945176,1804.920469315159
6033.0118762730835,135.6647892301377
2928.5683780504614,1081.628394980847
9879.49614764399,7298.496597775842
7855.3791634621975,47.11161805349362
3212.661025053857,3044.0551460776687
3584.343556680829,4493.21404378605
7182.581488401267,9378.122490987917
114.93421493342649,3270.0701778991615
4640.403376744778,7831.307631083072
3431.109721022263,4087.655795525951
8540.029679722546,984.9138008141344
7912.949104489228,988.4374799692919
3320.9692672048695,4324.338199825178
8647.969774987678,578.8313151618074
9136.000060675284,5716.192412612946
5524.588491342609,4936.497353668783
1592.3700265807295,7025.3518569617845
7703.280828482681,1856.215294098289
3193.442400276957,5929.292537268355
5272.813900398021,1745.2247634545404
455.88664527468126,7222.337134726492
5000.904226171115,3071.5865824970647
3802.6453324038603,6144.16202699048
6860.652932407991,8826.772600694569
407.8367995610854,4882.341261816238
6249.454721359465,1922.9210992925982
7719.5607357406625,8861.229009199267
127.78146633863786,3585.7955023165355
7499.633446720101,7302.528753471001
1302.0402727515357,3200.956785292035
6980.561154729612,2982.1544265087664
4552.763763757076,6420.282593137559
5519.9130631176695,1563.114352059678
3373.472504308128,8669.738708479164
2454.664063274178,3876.239866258526
710.4735805734919,192.77435968500401
8646.899874812065,3054.3647361056737
6104.29215635682,7849.66324599502
9827.991593209174,8593.588553347858
8504.519004049165,5678.802769483777
8696.332672191484,2941.093180425446
5978.496806826731,5278.541036916148
809.4270446604468,8363.752986316902
9133.962620658764,3160.378297282528
1178.862341492367,3854.369735959898
5171.460093585691,5396.941329900443
8568.557381116441,8871.381956706615
4724.080143233209,5821.48933831465
1656.7035415758303,2076.151553866532
3731.968487069104,891.0403798140998
9883.873602098822,950.1395692786585
9997.591864912429,9502.495737866471
7108.349900477426,8224.124753115542
8879.923093544556,7658.546901255901
442.0672816458071,4963.645791700466
2759.7157498249126,6725.396172775873
3689.5954937383212,1273.3030454247396
119.97647468181883,6208.957156799465
3769.6155559694866,8107.807325787796
930.3158505940023,621.3874023625176
5174.093020156069,2961.5042230927725
44.19308898930052,1102.786733629283
2704.498885671516,2602.270360680573
8662.834026342114,7725.238719006051
2130.5805392026455,3320.491662879732
648.4342964894818,6896.838478879517
2497.3078444945495,7733.025209449149
8275.587060034868,8166.386906723668
5871.873634945313,8733.754434083525
5860.743693375408,5976.358120193033
5.7401166750215005,2806.398319996245
4721.512138756111,1505.5853195558334
2656.1803970123597,5037.086542132719
3362.0901221639497,1035.572314882437
5986.866376681213,9107.239789817015
8743.397751253548,4424.802379429739
1816.5690583787764,8729.84145710589
7682.220236685471,7092.703836389635
489.0217743843739,8572.175628318546
3267.2916591260946,8839.580892545653
2189.1268967985143,532.9349841238451
9155.839836729552,7252.578478341637
1779.9790636584944,2265.4769641727257
5786.319181310116,9892.9690561189
1647.8316575523988,7784.029741259659
4734.8371527668,37.650028032238936
4133.999013650809,9274.163218022033
413.57192233847815,2923.0590220117715
8258.67593700604,4166.535996364497
7801.127151166437,6122.855789278673
2778.5837206780516,9163.097940442185
6139.951368959531,9273.266232540607
3626.695808807784,5634.717627307392
7692.271432799548,3167.2449581144847
6924.844562828574,2791.8994170560727
904.6698111996187,3643.970987784789
8441.88165369863,1805.1368353901087
1794.2610509504198,6698.330183200959
1741.097024653937,5278.020512062873
7337.468748195516,7734.647002698
1832.5106139076197,941.1131688943263
1223.9695354142855,3999.0582434016787
3355.82827228481,2398.628682008913
8387.124808031767,5351.86206259405
1768.087582325213,4682.43983678613
3390.7299311782012,4495.65451189029
2862.5395057725646,3156.536319439425
3560.6086471988597,7268.455744741269
7142.717943576958,4815.677042617569
4054.6558098438823,2022.4377981319285
7595.766813408428,5474.474728997933
6404.031382483674,5966.721560393939
3610.9918210891733,213.7967726533241
4322.407816072306,2037.7866084851348
7036.227120585031,2424.0391012728237
5347.554131782302,2480.7516216313143
8683.401614273867,2388.458703600308
9331.834184767673,2716.411715669158
7177.073260383427,2627.272262548277
9892.071198222791,8840.688373236058
5965.36787419335,3196.4787224495517
398.30790310707465,3497.6271436624497
5048.5205612716345,2661.7726258315433
2300.092793858589,9675.743595425578
3337.1318038430863,5354.908002350419
4900.70052148203,6105.461142075163
2950.508044108314,7354.872620631027
3096.2163876517,3337.1406878937314
4020.163364101822,9687.804297648188
2864.573477563108,1523.2617257433756
1695.009951812475,4578.146004943443
7655.602625713122,1454.3926235243355
3952.1176237384425,7903.757462603832
8317.573004899603,1073.1769202193286
8827.169895146286,5538.99603413583
7509.6348615182,1048.0627500066564
3966.7316204183444,4526.618881847099
7213.221130214745,2803.0799087262603
1552.2050437857292,9032.967579593264
6611.157591555525,530.9579507095885
4060.3206395386105,6499.376298002449
6556.444149917248,6952.512329577897
7547.905921417233,8889.821023812086
5626.864880333017,8777.294563111605
6424.78593054894,9770.562866075985
2135.2793140525805,2539.0935434710536
5926.995547093319,2748.2537614777434
4604.742887952491,3972.927280776151
4280.528595572074,5375.769806364738
4103.157543712945,3671.4191860127853
3109.240279858686,7402.964105448687
3053.346623864285,85.45051909653267
6997.064279505371,176.54315578186086
5577.997558356445,7160.567598309163
299.5210736366427,8831.212225507421
485.25230078869777,7765.474537321833
5701.190010482266,1170.9161342784114
8462.834788051601,9349.740269318416
439.77811208956496,5219.126185069014
5072.069341101135,7422.951520854697
8511.353755057024,2010.4619766317878
44.47978098829242,5487.956309341538
2757.9390760180613,3300.608038436161
9199.202183460407,9747.607735287289
814.6962339157127,4741.961398127057
6069.9647749948645,7555.769856046911
5073.816665993269,6032.319363596584
1516.793631488782,942.9874872294774
424.87009986145074,5429.277554076289
5025.871017445005,5402.158674680092
7351.301889890595,7157.093491765745
1772.427773245775,3219.080166075575
6913.1982882038965,8606.521142662647
5463.833117520974,6226.0350069612205
3578.4642559073322,393.4131405379848
6644.304962251527,7068.357884645461
1919.7677758382404,9069.669100418343
4569.313209514614,6831.470953054654
5493.049815648999,3799.9730439462255
4586.955402655568,5906.488306061865
3975.013768571686,1713.9827101947192
7409.136395682366,6012.5547355908
6561.009665223499,5009.927445349254
6394.62085361417,261.57688457715267
8918.00644913562,3218.898862155437
9935.006573547977,1912.4724910162772
5672.045332202077,3906.51926762283
3482.678776947099,2418.324293349486
7788.753491818146,8342.486978705243
1420.990627828328,6976.834890013829
5129.091710441792,7401.147416378772
5245.084819546395,3608.6731016336016
9834.678675296525,34.46365161408838
9910.068149867146,2191.5369220039815
7992.141382808866,7552.982044319848
4730.156877855798,6028.368073007967
5472.257899747836,5385.781656630303
3197.416315184244,2805.199354747547
8298.457036778142,757.4232692038852
7465.46193835706,7848.664702333418
7714.25287824123,386.55567994680837
1386.7633815510194,591.3646886259282
3986.3397131034108,2949.3523563104186
5373.516904219443,5729.336773976137
1246.579686567889,9922.265165894689
3686.230263835929,906.4157539216067
874.3252241421051,4731.707992702921
9588.412272749307,6017.533030601896
7512.633295760242,8231.052404496533
6207.481209847619,6896.139151150576
2048.564335269475,8077.415796117661
3341.274371774744,5224.690071183405
1444.8490191335984,4339.7080350396645
5361.196269610044,6187.283172753543
8205.159897881345,9008.70809481329
190.36521689811624,5508.471621610891
1033.0866969734498,6055.931191917308
2293.4977394111343,3379.761532125142
7140.667431590878,5961.214455498589
8939.798387693472,6277.641228164504
7530.123367744916,7534.254860382471
5249.4755017089465,5721.766950129786
1051.1236411427049,1975.502946651242
7549.14374356487,5819.260842557968
1056.3974037388002,2978.7140907635257
3476.8985508939277,873.2449504173967
3079.9151149864056,8254.33131459861
3592.234633916066,660.7211282512183
3295.2904340069354,6317.032350261339
7691.797167167101,9884.946129994769
1717.237339617187,876.1917147300979
8458.460501073587,2201.318439529135
8582.602474777374,7608.042126344473
4909.258228227109,968.9413168337358
1061.4874848925738,8327.250254907016
5754.072390156422,2.7012235672785323
8209.313717991747,8899.473405518775
2894.7351922435173,668.2315231774494
8377.474241964886,9219.798485919537
6769.188527146782,8645.512330507116
9872.464407428355,5395.631188770967
8247.113634886657,7779.486283975831
2015.0046409298473,748.7684788485304
4490.040596075087,1351.478519426722
1035.0846480260823,3692.8734355267165
696.7056681322425,5374.585880849324
7060.54240871172,8682.14259773382
9129.318047740106,5426.804475114407
9735.755166752519,6652.051824905534
2704.6635422886643,6798.844202269756
2017.7134185932555,8775.6812758605
5602.1988706123,7767.547438735874
2008.6007308015796,9770.30298480607
2959.0709006821858,200.12638188141474
8372.26330078445,2078.2867655675595
8104.628564767061,9304.457354318403
8950.732750035426,7922.202207028808
4822.435149284641,2673.6274603494935
5640.8573369346395,9742.466551204674
7705.895081626999,8698.810272347162
2392.6553311959897,646.5722642925664
8230.935912826373,8113.098449515443
175.5747982895517,7844.876133506718
7976.598888118275,2211.5305147721156
7759.079478525069,6692.465110881046
3017.7994984259317,9702.259190313269
7279.12358161098,6758.687964487868
2139.936141630525,8137.651894996501
5762.326376538784,993.8651976092583
7005.867749163321,7274.58789350463
7146.988824025648,2047.547137078578
9829.351350223598,718.541724535956
1820.056618456638,5520.774244590313
4807.986288905578,7506.1111259738045
8801.0454423916,5467.448654450371
5615.126060700008,9315.968739764468
8763.890254240901,6956.663455660691
4340.58777392235,1175.7482399549567
7953.514211271494,9345.18194008747
8700.492990135317,1528.8798245477165
8464.393697106125,7582.554435973934
8713.650445571817,1485.4367930308988
2195.5469660723347,9985.80275799458
4389.841306153061,3321.8750812657972
1745.7187105845974,4959.293220614067
1805.4117744262398,4668.375069847526
4878.273078512136,1018.9720487566689
9600.877547092547,4940.149999945883
5919.113063011133,1495.0599430057098
8538.45096583972,8019.808178222004
9371.839945227339,9583.134334095434
865.753588640713,8080.5844136547075
1620.6399017954798,4310.639954058672
2908.417801780563,23.713969543908142
6167.770679929719,366.434606593965
617.2921849609137,4950.351449381789
7866.545098594681,6794.873013403088
637.8871692263888,8195.140651574258
1584.318075647846,5995.315108804511
3817.0786417018785,9783.13126243504
5577.198566480276,4937.780322928308
8815.04673940334,6000.287999572816
9637.297785974617,2301.0232317036516
8846.42124044809,3396.6048159597794
1070.4465768491978,6831.317390378993
6312.2948525464,6016.41333662542
4417.145721200749,3696.48879987131
1257.922181112562,1119.8195322955796
5551.123712525353,3426.1521484347236
3566.58305585428,441.55589915922053
3457.8783929635083,5807.6722597763755
944.4511871120565,3230.154762647763
9788.529656707145,3798.485085318195
7259.599002238202,5750.882210607639
2803.342113404189,5812.877981166816
9174.751572375017,5883.433114082466
9480.871963302094,4915.912093029756
8103.748433166929,4881.224334289685
6593.15164111286,8212.194442662301
3763.766197225885,4675.544531407339
4343.46507750773,5360.30160515133
4550.112534343695,9882.298765024661
9487.626550510335,1810.5005169305732
7601.346046958921,7264.209827814987
2920.1430333695375,4731.871767424122
6246.405869547702,8305.416798723434
5939.00536715307,4040.3256261530705
8121.269993061877,3029.894270204153
953.0839598255492,2077.8619464549165
7012.715915178323,8722.371551362434
3311.6984032523524,7183.2846316571895
1296.320407123891,769.0045178255589
7317.733310765852,7134.902362362359
3316.460238684198,350.1563114862516
7301.237436706903,1816.2641576087913
1624.369500609828,5927.977062467526
9859.278244770405,4635.103322334411
8034.080156804339,8404.835814351072
2891.5178599630053,6078.9037825463965
7405.242540619062,9649.745623317398
1357.9987575965336,8551.835473377678
6534.374521687708,3402.152974599879
596.3686470398433,8341.509462841592
3333.874597669512,8699.352921278138
9784.625453218865,9697.249905644157
1209.2037420812262,125.62927374773824
5974.240324409884,8747.443049730195
706.0538596592725,698.9531566623764
6694.012115293623,5281.15874590989
2786.6215296054606,4146.635397524613
3099.7560145759485,9198.816210635961
3378.0253529521788,4051.518401045052
2051.568146256092,5960.426738597536
9416.573850709981,6918.786723440135
9058.3184239535,190.29756594396875
8700.15229983891,5909.312536500241
1064.4554674678798,5179.918353298887
2334.4483850675424,5940.086396214447
6122.258593117594,757.4405805568907
9703.710013898277,555.5837002227604
6048.17382304684,1775.443374484651
3271.0176167483596,8695.00675657173
8174.041112301305,3564.710683713186
1354.305498995665,4340.3255081932475
8817.418834546477,3901.6628090418812
9746.767901195293,7143.701300660087
9676.526539497127,2594.7555124449186
1476.965634157954,683.9335203028418
5496.075068295994,3781.748934079646
5849.190296448425,7278.35535187443
1949.1859042027927,9149.680313608951
5467.773472268762,508.215640788815
6465.375739730736,8104.961208798348
3289.617447470593,661.8015495008456
3156.8076650295006,3306.6061791749567
602.3849977798035,223.01528105472036
9568.255599244043,9115.41698957562
8036.159280089622,7067.889952001273
7594.491309044657,3691.3523206254094
217.78919941850995,3774.5658292454564
6243.09104592098,6398.428635014631
1806.285354579099,896.4830486815667
6617.17531305297,1450.4863135698508
6211.554909754254,8472.24211588869
8519.253576639112,2023.1308612691146
2554.3409531480097,7266.66397705373
274.61778954252503,2258.029028220987
9141.108793759251,881.4631719481048
9086.360284798191,9000.32363274916
4558.595410487594,9016.72783173269
780.8805892712378,6053.1189762576505
4979.689888344847,4620.338444055473
5240.142207767798,5527.599224151477
8217.254717733123,4081.274267243602
7171.014443661955,7571.746160084957
708.0457592859024,7545.60706914964
7053.376109201375,8189.796097391895
1357.3946853128682,5229.260793692803
894.7202704948743,8013.418616069817
3986.0713143488833,1557.1859644383735
773.6360683417554,301.3472989171251
8292.689937849971,6480.530485986309
4631.291850066823,1054.7601788517813
5870.037556621178,5506.699110835127
5768.645235042132,7211.249550010589
9781.097863499584,4070.8542622727796
9157.825069463057,438.72712217722597
8491.280587853684,8871.314002988738
3832.692269131348,432.4504177144839
1450.9970050498412,9047.525098512826
5918.670025070754,526.3058792557463
4403.160751100662,7351.594984685019
2255.266524126264,9248.467622236247
976.9211526111776,9069.80313701082
4360.9329732739225,8933.849078683243
6508.67720321447,8830.786232095754
6253.898137372344,5104.097309119581
7739.214398210903,5576.908362602017
4665.546269243583,6197.174732601457
3216.395752605448,8959.483987688316
5387.004170319981,8381.60419563532
9750.060597693988,7829.785668983247
450.9053804631713,6757.2420661071965
5286.658032319433,6183.837219871616
3292.6450237570216,9224.6685681108
1053.502389223613,1926.4418728384703
4346.705659641111,1927.2500418553307
6411.641299828665,9824.695290855563
5281.655672438163,5531.590329890295
291.7647026438996,4833.741336339747
5791.174644884014,8505.953748261581
2320.025838007108,8497.67922783801
3414.765550409813,1765.9801636940165
3122.0474325912874,1735.7230693315273
8585.133077748354,7952.6476506540885
475.7301763635446,7856.324321494923
3479.967520236924,2251.866876888058
3948.1633686180153,8415.101362431717
6188.342634836919,4800.51130303379
7889.648484796406,4699.891146734305
7276.651376649737,9856.935929682066
7526.221032916196,5192.1459658201875
1923.8701630345245,1370.4537856450916
9117.372737452815,2801.5582038251773
4141.4867946100985,3336.8211507970027
111.0903095068827,9584.669379060622
6680.961820848625,2640.373841616309
6040.02799044515,4304.029393537202
1259.5763508917935,7496.35549478091
9598.676054093388,2740.963086683906
5615.64430812715,7016.420532151102
4692.639863089862,2075.1759635664157
3981.222220374079,2425.1747584943073
2098.5137839361646,9863.31937380475
9528.128092119523,3689.44409275728
7021.586390756696,7296.8611561795815
5676.0374892526725,8400.630969404327
6312.002017967389,3468.5231592368473
8404.204584522626,3571.6950142479054
6357.202809814763,7730.8846040344215
1145.9072897137369,6070.01344258824
6972.951588249187,3617.5191662279817
5648.693758927693,7495.660635123063
9663.441076623722,8637.05006591627
7337.19214672824,2350.382849575665
3440.0291598026156,243.56133897517785
1353.9785140777606,2741.470664898643
4822.805924694089,6744.8963919970465
6793.542808117829,9152.522516269077
1772.7551790692398,8630.643731951946
6494.442742885165,2221.705989273851
8256.11758012906,8810.00166585007
1570.5017838458434,8107.3172015210785
7057.8570360768435,7344.009500880241
682.5763359981485,6882.26878807732
79.500828867336,8070.924917005361
326.3468632806565,8617.295085551077
6315.045776431909,8191.114648414604
9733.620526841874,1218.4834235950902
7713.722521397526,7221.547692594861
2544.0926004049734,8413.042207601868
716.8868650084803,1857.0600674866932
6166.54128992981,2137.975443240432
32.288851522511706,7859.769744504906
7925.856242720477,3439.292000038936
2431.205257589223,3997.0100502730334
2992.170759749174,3771.592775269729
3439.789870734865,2128.325007415489
7635.529417182868,9387.942922791746
2657.4187155070904,8058.599690832318
2844.7089388705103,2505.391071093185
5409.919381536803,1060.8717359588304
4630.005286291653,3726.10190696967
9555.696888343764,4153.084257248233
2633.965820806727,70.92134404718897
918.9124327050879,8871.52156348097
5409.814745892215,8512.838884253908
1845.1957867238145,8501.632879497061
4136.2670027589165,8058.032539962683
1871.9794356532727,7331.259248088475
8809.698887250748,6345.206957735971
3274.4963231900338,9602.892573653611
7748.675053417479,7117.299162625138
9486.033931142314,6302.450889548558
9405.505801770913,7888.250878935695
5248.0109664998145,2462.6632473331247
9832.55106379999,9671.455359859205
6559.3721837644025,191.61976697068872
1284.8893670119644,6484.049704916747
8883.769430582375,770.942004322901
4686.892417535773,8533.0590189527
1526.9428779393402,9676.401196758068
7914.217554092727,4086.1072979250644
6244.030075776045,8571.646966053626
8821.209716107036,3357.2134462108384
8273.22463323143,1594.0369445601686
3201.104261560984,2766.493932655957
2563.14564999371,3018.4196435682297
7338.285482294945,6306.680375985505
5733.128644466514,7961.48037807536
698.7481018313213,2052.165473970655
1816.3779929545653,882.0626275435307
1513.534468103217,2216.518428693168
5897.968828579987,2965.378224121822
857.6226316755398,2798.1465999455836
2077.009368918226,2199.504652950515
5453.76495813608,4660.002057820645
1330.5680990918268,8559.828448107819
2482.7181579607914,1003.4849960741665
9067.910338329511,8620.30026877999
6971.175184723854,4970.084310051158
3068.814279732409,6604.680063469243
8773.55122354281,8153.671206035814
2502.8480826996447,3043.2693357311346
5890.827103145968,9542.34605208079
3684.94337644248,837.3626661824895
7521.494093589222,5276.664445557477
3715.873559379346,2548.033687985767
2488.6167267258843,4079.462974011824
6077.046074677101,4488.641282645607
7453.404417167676,9145.117231189522
5363.636881854472,4415.815236408127
7162.882856899611,6979.478697874544
4220.162053645727,9517.631725308616
7954.461450599077,4945.325812526644
5850.2467954454605,4083.0992882149044
1962.4998478466725,9729.68443351931
8907.517031004874,8276.763549616444
8368.239579294403,9397.729082346044
9639.12209172821,3972.2522673631142
5690.085163706873,6963.243905593239
6757.409840972446,2496.1057424286328
8635.792362293125,8658.220088703389
525.9133209316691,9330.79177671915
9122.046333888895,2678.6645372881803
2711.6342089129075,1049.3240727857522
570.4368169161056,2007.347458751465
2376.0698684075587,6328.321305831993
5863.599633716104,2721.8328709705843
478.4699874170739,6386.108350605053
7.647663224981116,3501.887015094771
6393.626731324085,9168.354426988139
4533.873474377012,4525.976839775911
8443.302510152691,4976.219529524329
2575.4728685861605,3480.6496324510094
2807.076043251486,730.3783816077247
775.4640390916657,4936.362271118744
5385.116799279423,7743.644523287405
3659.043898937737,9530.14752855807
3397.0784848572566,765.7561728552976
4576.326742181135,7973.975264018134
8496.87376788704,2670.6144946217937
1051.8859586562935,8228.171842630803
5235.936275201628,3420.135700669944
1964.350036947835,1144.332398366187
2123.9119735624954,6120.192208206971
2567.35212038933,8939.043900531746
4594.016927270614,1815.8881642431556
4944.000493074558,218.05006251193527
8715.11261631554,8838.417311877314
8921.121406377666,6978.29617375448
5866.6420304408175,8086.961743850025
2814.041556538661,598.3779609964446
8184.369909095695,8904.55272722089
7928.819935364811,4191.560348018529
7979.534326999698,8976.171669384776
163.67583502369442,649.2471760350693
7538.638580067996,8848.077146092428
8527.194571309146,6733.765392178104
6050.329383099668,5542.685061219355
7512.441979382037,617.8082443566179
7761.702068289194,6884.175293626416
5065.83405717689,5977.741726838604
8136.207162153189,7262.8892103701955
7922.9097350107595,7167.168086006761
9161.043569633352,4437.343231472898
9213.736321187018,2046.8121735274892
5297.145830119809,9189.68319523071
314.9384007553757,9255.895866876295
191.06906448747353,2119.3130043026053
9389.267016062286,6306.533157975993
3373.610858950793,2028.7053593927806
3775.332030583438,8612.245118127239
4699.080294020154,982.1331774715292
2657.98997201204,9901.973804489251
5904.14194811714,6108.619139361767
7846.203915962507,229.12578138179816
2573.4163704079415,8819.033308277905
7430.612577708977,6844.58196894362
6720.191432585503,6973.223448834847
5255.834628056628,2750.323113687231
3254.420970460341,3367.9635674757315
8727.744596449202,9144.173453108077
4027.9607171202624,6349.579816619801
3746.6306822422634,169.54137426453687
6413.7085143776885,3274.070104079574
9203.316576991685,5985.4322983416905
5080.179187207042,1480.065222366186
7226.906635544305,982.9109974759053
4568.830248960084,593.8486575315183
2188.0765100683752,6305.797387515817
1239.5232625838205,3205.9742572751516
1363.2643649937913,3736.7865576447402
213.25715860515794,600.4037127510564
5529.022770881103,7380.188245844326
1311.0597937400448,7667.567872521949
8656.983409410943,8294.355553759267
9828.97524668012,6516.6334656161625
4958.687267810753,7732.885728976811
4496.7394595013275,5772.2641086812855
3480.724754071729,4916.370606458878
6380.269455093531,2598.1254099592657
6080.270920147171,533.7752943975038
3433.8212092725407,2918.2196662832603
3431.6665173650317,6836.262131905205
6448.038333165996,9268.34920010043
5545.461822303767,2562.1372613373105
7185.554277383682,6698.4914701291245
9413.923495041605,4782.446466606582
7795.915609996673,6275.484179606866
3043.4570803370775,16.218429037744286
7591.224338506772,1226.5311709833716
4500.245273122126,2170.2112382416526
7776.563906876931,8934.511937972793
8865.712705504753,405.27653275480026
2499.393491299022,5696.338626810773
2386.4501152995654,9286.393168326133
4326.249082741453,6520.699178712835
515.3387364801675,4844.041223432206
6856.859392769067,3859.9177952306827
7497.0107957336095,6241.951818235574
3454.3000530189092,4803.851505683801
4652.852530967259,7054.119428629347
5903.565871252286,6177.745803307214
735.9784601550045,5674.086784839584
7112.975338654592,9568.103780252293
5267.016707490449,8356.919262125117
6242.622822227224,6088.579408684021
7238.305808508831,5386.502283714089
6755.587407731556,7239.437460397443
953.215886856319,8039.155409706545
7825.920761157946,2952.37086536025
6100.465818337363,6669.471829154216
7148.808420070503,1351.5444072816617
2615.0172501208835,4304.513239805696
2214.2721918425755,9384.365186657828
8260.922778607863,3262.9935617579818
3903.8918490286023,1542.3500884628882
5753.4672240507825,1461.4585739410068
5515.954723662167,3937.2857012023655
5851.668224530189,2251.7631545899008
695.0642746649415,4269.208039856039
3024.7364561658565,7188.857038861026
664.8053948641764,8881.597653333702
4801.609752686542,1101.6653144462618
9020.986804069891,7684.082494308662
3891.7618331427907,1034.802845431878
7824.497539306405,3794.342722973403
2872.4635893503014,9965.480722573519
8562.657720368057,686.777375551122
4195.031088744642,228.8103322856494
3552.1741565089715,3336.4866677088144
6974.796045377959,9511.208291426441
5127.572822557825,200.3839454371492
3373.2004473518227,2227.115132269173
580.9222947747661,6031.62391323203
1666.3932381659986,2337.5334440185425
7723.237171265864,538.0761381465127
9207.31707562007,524.4470416486613
1688.3828477532793,5591.593434469296
5694.412215082058,5618.939096659855
341.73693939253513,7064.738170826078
2908.4345724977866,1317.411315956969
4487.879590204516,4998.516929409018
7358.778672988095,6009.491681541941
441.0785346981849,2223.758583708266
7812.306510028161,5473.426717635296
2026.4776430531906,7082.383419464098
7595.317710449209,9908.406291639873
6254.708117859797,5964.227049808786
3395.7583692430226,8611.907969249232
7237.51480791174,8336.72749478575
2363.2258381392257,9402.668976443098
2197.2795901587915,7230.555969885584
617.4475817451586,2131.004133911002
3930.771738241009,2980.9112766015464
977.066311026823,7846.849635945917
4195.0090535964555,5208.227471562351
98.03576077060727,2513.086469565986
1550.8334715777771,6566.703397516586
9323.719406921997,9065.359013837136
7955.618161704118,3576.898587636694
2361.6359073554495,5962.448639974435
7182.920070713487,5815.005308815011
6684.817910754367,1269.7467013341002
1769.2561404380524,902.4498910898083
3710.5852701074928,8894.267695892277
9137.057425616369,9335.368914530016
7387.178832056504,9042.417881502792
7603.491963064924,3966.547944410315
5638.86033734629,2876.2009173350234
6655.397987351061,9421.72277404497
5087.384762683055,8828.023684740438
7408.938033362336,8198.173407610333
7327.276454216958,3341.850011925603
310.8318757224693,6387.426112806907
6317.743926397637,7504.202757555511
6298.136637241806,5761.542963206049
673.199655996316,6020.043332994766
4103.812651736429,7566.877828797671
8987.891236123298,7668.279815932767
9534.388247033143,2399.486653941936
7822.109477132184,3906.747191855894
1514.7118897085,7811.8442163874115
3747.199567880547,2614.475078111421
1825.5334921708932,9155.939659811156
6521.361361606152,8388.932749500222
7731.444513126749,8954.562059379103
8837.657186246019,2972.9991879879126
8606.484754683705,1051.1701040554433
992.0992766091085,1005.9063037548943
1256.7400697904286,5559.075397391584
9096.718129420688,3055.904407077087
8437.844319179327,2635.2168350276484
4603.7816504943985,2224.0539396964587
4300.520917771532,5620.976104877668
5527.996748831201,5480.952317444415
5966.35849881623,4223.126794917682
2542.1656043430476,1384.4003523403892
4037.4176347725243,9287.948068392847
6196.929641389178,4279.3596225803
2062.673860691122,1236.4229494508816
9988.332376332111,370.78939155043787
2829.394522920373,1525.9329839106272
5524.152780219997,2971.262317642365
5541.5959373245705,6300.935228217896
4514.8522838910385,9709.356703312398
2415.434566771443,2720.6767600592007
5653.530723355195,7898.042718314594
910.1441535011068,9113.863379639623
3869.2611333553373,3915.7257505248076
2242.521950160038,2532.7359392477665
1241.7777396894635,4910.668995591355
9254.829308811575,8967.120982073093
6999.4291494327335,109.81868139468331
1688.2888234113325,4866.3147694210475
9493.958605995163,7575.952619051362
2159.921081477576,6011.304291591861
2356.1326379723855,4973.393835045083
1332.7037554506148,5536.1320142003615
7278.531354314829,6192.316579678383
5708.75432634896,6820.751544254234
582.5113241487068,3561.855863629153
252.9994941496294,5173.7454693777145
5326.594877757307,2735.7021347957257
6515.31191922687,9839.9005247474
8228.736165158667,1872.880671774174
4782.729241555394,1506.5722607082544
6765.304787590571,2688.222757415958
7336.55660957089,9200.542505076959
6130.526929781059,6588.560580847713
3522.162523674264,4559.275256834502
1318.9548302764308,9253.954075697839
6475.385445295018,9001.4719250269
7686.963318123997,4015.9250593528427
1898.2711865396172,5636.409631231923
4948.667190814813,9053.739819585764
3972.4538478695436,3193.9866239471594
2057.030755253163,4075.3723139694107
2453.1314986183684,7930.14594854856
2376.741483276761,6986.388453566246
4189.30954493365,486.5039199668264
3904.61918331774,1173.7643653796426
5541.7873222677235,8462.638781382098
932.1068986263581,297.3873766590063
5812.503359042619,9199.292055569382
218.46088289812383,2717.5275233537245
2573.7512834032095,5983.791823991187
5021.38013979457,5645.808842921723
6869.363033846573,3962.537561577657
7712.656236145972,314.36923609219457
355.61316266380595,1924.7126079543452
5374.86887966994,6149.734858335937
3544.365925226243,4463.727727090822
6949.089202882615,4138.370460189232
2837.7976211163414,977.0290078964861
7437.236296274505,3471.274252461791
6022.369078366592,5264.305520592686
7896.723837176005,776.9273494241136
9843.93958071329,666.9575262196847
9085.85977164167,4915.533832188744
5932.901948462174,5612.521738408613
8937.621774079746,2576.415046256045
1530.8981285480427,3257.663469656409
430.3515692194859,7968.704245386379
5331.332499036143,8692.36023999132
9743.697761388605,3252.2868666032145
7097.364474419073,3557.1456428306215
3051.424035836312,8303.265572809549
6687.7135280711,9738.345014111093
399.07713104701645,3205.931952970459
4706.196206604849,7887.265712201369
2372.5568341332905,4796.923688747903
491.98151562231175,2637.2804564481244
2499.1038070618542,6817.851965563972
7224.604313277683,4625.503768356014
5511.887822667607,2681.62439499007
234.34898287455042,1072.2964389414026
4097.377531539961,8669.54413814886
7521.711045335918,8786.67803428624
9546.046935633512,749.6175591379229
8743.575708590344,6633.95370608244
15.197512299724991,1625.7743061494923
2187.0199702682035,6463.200801696007
2077.3688424188563,9076.17193560369
4130.946300277425,2602.146902221586
6457.545645423408,3479.2923277679643
1530.690608812627,7951.299591782732
9156.786940054562,7353.737927433249
7771.169148214385,4086.552844554141
4193.319373276432,8485.480792776129
5839.934762741919,9205.854778312978
5418.020052824397,4526.4363846758415
5822.30055677077,394.5160260389502
8601.152537495684,5094.399780471277
2001.1963945067334,7396.824595378402
6837.139686758529,2200.357424777325
1070.3280013748617,994.3032060658319
4591.639747890438,2852.146435570164
6358.388689485049,115.86888676363039
125.01661146784303,7154.717296675528
1080.662640073431,1460.683657226447
912.667694247723,7236.4902209204865
3746.9260760114475,2345.4799258695334
6220.089568784477,9920.621087826905
9959.65030465636,5317.953820667521
2540.7888534171675,413.3885600151965
1359.5953149158945,7726.788774966463
4147.626483876188,4100.902451304971
1459.7543266845637,6073.212882816074
245.44542598428754,9512.132228379469
5639.59058988316,5172.6977184547795
8795.725132259076,8043.763650767884
8608.501051206908,3027.9281729088116
1007.8857281857489,7145.210434427344
1474.76915297887,993.2300436120934
4911.209931583737,8933.490549623646
3677.1652013844114,1997.474073589325
7030.745427681897,3019.2953472532913
4949.410002119181,9582.118813364219
201.18178687317135,1552.1359228199626
2845.641782794327,2544.0975948195533
9014.918706917953,5801.792981961303
5115.088268743205,9806.939991802828
7979.487517031589,6914.1947456592225
4022.9609927692723,1141.9007501008082
6769.636478462389,7481.1715230033815
1690.0321723695934,4262.154645363293
7365.332672216834,9923.28940860563
7865.810464168156,6287.170601309976
901.4025911594548,5319.558950926423
1833.1074305329353,5572.651563778469
4628.892735895029,6415.618107895753
6374.367364076315,7318.29277679064
6374.91334574843,783.2183522605529
6682.029805757094,1306.6951980957665
7144.152469996997,3004.777255204597
5057.666377208739,4779.543247720093
5748.554892513662,3110.6739743481994
84.06133808297467,2138.3812906371445
1666.0070534223626,9250.297083832898
4985.640420949176,326.0053432439336
7455.930580703561,9386.981706632805
8089.249000233989,9072.423144665541
7289.436920805519,6837.817499068785
4864.027232852096,325.3458192968539
2812.775478468673,2253.555615828732
4447.161602415107,9791.006236754973
92.94898090054681,9059.50365087117
5979.594561118253,9645.719609910026
745.6690410996148,9961.231598239221
1453.9009487371213,638.8746629492625
6259.766204522629,5708.625364757712
133.48672345749324,8341.376112202568
5735.553332944306,3197.089657843857
6383.800873202798,4355.5872225360245
7882.750135168789,2837.386486554818
680.3052796352238,380.72135799396835
29.316633965185133,727.1334237168625
7668.578939298572,214.41769625463513
2900.5387919915884,5272.444489361143
8872.052215235804,6184.230832180342
1849.685941247642,3077.016825069958
5855.057553487441,8261.485371419643
1094.09664354148,8880.133513010303
4026.901484044082,1397.4830523430958
8820.643949689304,519.244627419444
6083.47508410439,3193.8061302866163
6896.170357664869,7129.875324463042
2259.703304041497,5074.238913109669
9227.509203680309,4880.899973497285
6234.824403478228,1524.1039844993943
1058.8548421982314,3514.541184383807
155.52247836587597,9588.912583337034
159.22516513863116,3405.604390185201
512.1179221585359,5914.324125500918
9116.158622716139,583.4889908192775
3583.787296697961,638.5425785763199
2982.325275453267,4242.539924828587
4165.457233451677,6041.12356454691
4095.7158019735407,3723.410433206764
2384.932756895768,1790.1357588021606
918.2800958495085,7359.573151657888
1086.265926254013,1400.4381693154432
5991.886982271626,6680.167446854484
3968.350516397654,9567.344882768439
9024.553879162182,4705.368583500981
4637.367104876744,2004.3367861220563
5034.915757093484,8419.817983539862
9282.449812962554,5054.761968079288
5016.407394901954,9232.220151674224
5019.819775543107,7205.860753732079
3631.6298029330096,4306.096058596256
7104.118603834132,6173.842810574391
3922.2766815165933,1699.6442013717638
5883.221703998906,3872.304067489485
4473.953437280784,5938.712736505871
5287.448609658862,5900.418502514663
8270.272991617061,5872.15366802018
4137.33021342699,7435.360765795457
2300.778060196584,1056.5338489079722
5703.204254480023,736.5708804406468
9375.088185416305,1480.2072001369716
6932.120208290181,7923.943102911737
3083.632438834449,648.5374678649824
9629.938318266964,2252.354784403663
3427.1690116641507,2547.760055249867
9832.54023818947,6472.516223630627
1919.8972865646347,4016.2952618209356
9996.495343405326,1989.932234217887
759.0564990860005,4495.384557735539
7132.398817256519,6854.513556248137
7404.415860458121,7860.518700049715
6795.746869647934,1238.8318733227422
7776.067676462704,7147.155983606694
4718.329416475755,45.2265825769016
541.1394657590752,7243.236679022554
3577.532927344881,6610.03865317551
6423.144972001485,4686.665785158301
6462.47047300883,1368.7327963620821
1951.938323133201,7645.4900387224225
2530.0520630988,717.530887523723
4866.981378824477,8955.686137527347
7286.105227122195,7734.603669615611
8527.98103002456,7409.634945457608
864.8484804092271,7543.942402031954
9256.199156722123,675.7323920821934
9277.316625459749,9899.490844298061
79.33742097972596,8585.996199111178
5064.095756753021,5079.334306457232
5871.442640413287,7194.003108697801
5537.134291234408,7392.571616777125
6157.7165752819365,8297.85284382365
5033.512818629397,2553.740834251469
2938.0691376667587,3720.527247193999
957.0438616071497,7996.853021356107
2083.794105886537,7689.838852765094
7402.551137879775,5226.153233225499
2410.6351863197597,3962.0534474486744
8297.103356277297,9684.425709069717
4034.883670045254,4150.213906528342
4144.758548981248,7639.857195904097
8684.987411819315,4126.423648517181
2142.888282763948,3098.361636941365
1896.192366998316,6409.9675336672135
9854.064055278317,8076.158750147812
5406.04440258069,9813.775077005683
1905.207040576561,1489.0409181992948
1658.048300448375,8761.144706356443
8616.649693260058,5241.419333333301
5998.459671374714,1077.4247768579726
1150.3825428176594,7943.7861916505435
8869.080885562602,3315.444230793988
4439.050056806209,8682.498071468428
9893.572721303915,1578.0187254704292
2817.6032768588766,7110.916843011085
5288.17231448206,3007.9626024023064
1731.0028073263072,2573.4873528237044
4397.0597868998875,502.6016324839655
1765.375490093355,4819.086771173002
3072.3108651893162,3915.024203165726
2698.657378199687,616.9035704230064
2830.9393225719205,2266.422503531873
9698.263113913312,4872.718470281406
384.46485788183105,8082.714041656503
4968.615253734097,9294.478835290716
6292.458042643282,5153.32172948304
6607.613744440051,4033.067379759492
7545.45688132985,9547.544261512938
7609.6540822637935,9628.623945880365
9555.029824359603,1904.1233932829227
7556.679546037096,5314.553048765207
8236.892491731616,8209.100809382155
5323.154152526205,8222.589969131475
6576.733438233238,6849.786163947791
4781.2431682719425,4714.689168129944
2764.170468044336,4036.564939152012
3133.8308029606665,8064.12169497446
3605.3274334518705,2257.2317579911282
3406.433478855433,4284.298887188393
5331.61062586909,5668.646979613298
2476.3172530660217,8317.839201138397
5166.4211353175415,3738.5012616254144
9162.413111608224,5486.557636357664
4059.6382886203887,2791.6383710218815
2226.4606446152934,8369.12675435277
3468.5589563656995,7855.412372749991
8768.872945043897,8200.98255793658
9416.979234205048,574.7628447124508
8866.868931683946,4868.981341297181
2873.476113546234,1358.4281936517007
3878.455136712404,6737.604417791962
9749.33824533775,3113.909290077822
3238.5231066767674,7745.762329747735
1378.598845947402,651.6690479816111
2820.9420431106837,5132.6055448496345
9639.775254399365,1236.6515764502362
4158.754504839807,5578.991013788794
9338.81939930005,6073.514754278581
1040.8221443154896,4621.435233478569
7660.555722137677,2796.4661647547505
933.4339728115126,323.27858668482867
1974.957246962854,6621.141260807762
6161.02241345116,8704.418962186903
4344.781618993384,7336.477701070746
6666.742528438331,8930.180113820727
9734.062920466695,9295.009032476666
527.1372672349262,4495.464652664614
1916.2667195448125,6979.9136626703175
6402.239225389723,3973.78749176328
8965.26450190398,9195.427100172117
7976.479100438488,5629.728584395627
4655.824855500669,7524.500087498738
7454.746750844375,145.18229774890702
2080.975610331431,5755.492262040175
137.30591574291796,7419.91100121695
5700.166503254148,2570.0617573805284
8132.446709927228,143.73969288691168
4334.435393803259,7436.327655863702
5692.4877044875375,3380.8582015244106
4221.811946404597,4287.896075815503
5140.378998720343,5620.5241394936
8843.462637849168,1102.5116587099137
4781.401093027233,1035.5266589334888
74.75586468569718,9608.804494101136
7998.486423371508,3388.965064154701
6177.17341402506,2555.2484610305914
7303.933369355956,477.3811978965403
9010.872063406436,1739.2871743369587
2862.142362304707,4308.9508572381055
5030.699212669656,3420.733234338548
6024.835493458787,4245.817472671537
3453.911644956822,7039.0971123467025
8460.671523538209,6417.894922856072
6975.6617989985825,4931.530676665879
7334.075838130512,8148.21495228451
8080.072683765928,8573.245509696284
2580.841813115833,5908.1267411053395
7456.417896649775,1175.710234176711
7738.068595503005,4061.792114011513
8423.925466510336,6344.634801940918
4885.37830501691,628.5101101635826
5041.896154937485,199.06532210425155
981.782201011705,9483.344101417439
8521.209588182299,7300.646614636446
5334.881887126651,1531.0783002107976
5944.347216442184,4451.264703722435
1214.4065648612257,1935.5726857519262
6018.225319063348,102.8540143501222
419.8835009510593,3916.9312990169924
9232.087666406505,6483.847363683708
8635.374720025971,9541.288220040475
1943.1742363122462,7698.34718965888
5938.006660566319,2301.3819728314766
6026.991205028633,3362.1188745954587
8034.324147019728,5205.805120930672
7569.203627523046,1912.7291508660505
9932.432155768192,8329.458238170131
3508.406771345671,1679.6491284489023
1246.3245181772686,2899.7304494952537
5734.717199517302,5776.006659287223
7639.916740667151,1232.2403146683614
2857.933523056404,6246.149414226227
2362.063668579889,9442.25202184869
8024.54595279684,6915.358703863874
7537.2229172522275,8127.845916799409
2033.9196773718659,4384.943914985642
8692.70603995332,3653.1724978402844
1347.294172591591,3286.0269067473478
1092.3982527179278,6604.651752011809
3511.072364584986,5185.3567929461715
8865.325929586335,4723.194184081119
6954.401686592102,1007.4609230946762
3947.1858255123484,6733.731540587532
1572.509234518722,7253.829186531317
7134.765127226445,1961.9829061062667
5991.472194883127,7597.053728437978
9876.82911069131,8793.940403789671
7655.594618145449,1746.237680359467
1021.2395640847138,4520.416811624641
7282.1505941063115,8761.851826047936
2574.4704551645027,4872.980417585977
9618.956989754177,8152.537056590634
192.73617474210747,2157.5289972331357
2383.5059031796445,639.312412926718
4989.983765118249,594.6684862188633
790.6840045385943,9723.563767080757
3440.6283434419847,1647.1781289905773
4972.349732119234,8648.911917560452
4469.332527067009,3157.2859647014893
4605.852250674007,400.88550993412355
8790.230519393539,2409.7728301399957
5052.90873565318,5054.925034079279
9410.46850825897,1067.7182735849156
1477.3168076407871,9221.63352608126
2802.5608750603437,8998.850417493975
6565.157751939338,1491.4747423848119
2831.2258190228144,7371.083722663224
3472.760694140515,4607.0831595666605
9010.28198007591,9821.271100809212
5385.591748050331,554.0429104944589
3346.607559593171,4710.345942645637
7767.117778909127,2854.7306294110517
706.6475405020323,7263.783808028212
5636.626102062126,1111.3425703563196
996.6972214657233,6281.086865684743
1768.5080204936598,9480.593487627273
624.4545428950332,4538.804261338196
9016.830287828005,4542.306568533408
482.04458767836525,4957.023108790918
5164.16447940187,4157.082182638745
2249.774019840989,4474.75936350742
3835.8863369722762,4632.386788989872
4936.561846798305,9980.659227232802
4500.601412837753,1164.3601818010907
7480.871898717718,2853.214126982052
9118.833262561258,2107.873309090469
3002.7221408469886,5441.880004449542
245.40497156058882,28.08935384187583
8939.454357398325,9210.986377977279
9787.840656993942,5311.209005976834
4333.511743728645,8960.772037336876
4557.888773492279,3449.6521464645457
1441.5611048627497,1499.2992215300983
4755.23450095985,1922.9255240186149
3033.4923598097384,4707.323860854996
9943.80067536136,402.6890399943406
1848.4796420664384,7818.0410750668725
3785.8673201245797,7906.365850345982
6165.019819986037,7019.5502849325285
3451.2355182239853,8963.398155942028
4744.235390520273,5494.772599079946
9734.836332408764,4793.194789591736
5080.713760507982,5291.757626589209
9103.204384738176,1819.53671008111
430.82868745279444,5122.912614280462
1198.1834390183576,5417.570196601162
9445.115947531172,7645.898535399749
1287.311116880948,3479.194563082514
7365.511953910377,922.2708610173447
4460.036041521495,5974.625053080209
4067.483291999553,7879.582873690955
6592.202642760787,9695.597145386746
7276.008252588279,902.545661886891
9319.692802857062,7463.511451435714
2568.8548887519446,5958.400632663685
6980.803776614165,153.37181842562165
3422.8581767265778,7182.416048066544
7176.097448829774,262.01253871629973
1421.1612592037714,7852.561597234252
4575.425497305294,7213.221922588398
1836.2972767632345,6879.200898112652
3364.4622977267722,1199.9616916490875
7156.29407462472,9190.329572239763
2333.498494759655,8989.130877859347
6848.839038169878,9002.609900691132
4959.401940474869,3603.623892132172
920.3655705661307,4921.729663901851
3866.9468521613403,1148.9533637894056
8692.062029602517,510.9535765294282
9892.908979563472,587.7746944596096
3689.2109731775836,5687.696097507119
548.7473121869779,3214.0315396784945
1301.8777430610794,5795.556172266294
7881.484139444392,5926.643524353822
6557.8707318967845,9070.623710413283
2850.119992218413,8822.83248051258
3912.985627074137,7185.834788168103
8111.502312455718,8185.033573470853
4131.099469578682,31.59639695175298
7557.732118360941,155.3513651955818
2952.0570138356584,4585.873122036519
7248.117985949771,6536.9371150619745
4663.974431054343,7940.842069610543
5453.542816604049,4472.669801842304
5987.331123503698,9401.673190653772
4505.746944997057,8149.852614192557
4661.356196971947,1027.5562918716973
2657.0862069262403,4401.783305415112
9857.643781105671,9948.782250682914
9058.150560487886,4099.418443532787
5273.8282761878545,3862.69794186088
346.29412556489547,2940.8035739897377
1684.279708549884,4864.890024563002
8539.352114361101,7298.57114514829
9308.120730797638,474.7191492326175
1612.9210457444333,8357.176197960242
7345.1865635679615,9175.796096906064
6230.233095760298,7810.925567343566
3033.849699511225,9156.348786456872
4360.9140362672615,949.0447780135414
6772.694273755229,4501.076162519541
1012.9591380279123,710.4245649316221
1890.4265192599778,8368.359592927798
333.1497226909175,9525.467610826685
9022.0172541331,2977.5121063827146
5738.961895354213,5353.946457537611
5234.274358087229,2976.7548917444274
7062.406406165065,3788.725154962035
9883.502236854672,4765.576241734105
1722.3728843719377,7908.02492213266
1331.0601753067454,1469.97484315465
2947.9086490996474,1570.5430313237523
9039.441597700396,2018.6206600560508
4114.606114408613,531.5216257165256
7934.967581372095,6434.649220708218
2029.281598675239,1898.6428685465407
4936.054423601229,4375.3798977616125
1274.7053914646024,6855.903327873973
4128.98400030729,4489.466536049948
2622.819668617441,9060.170948840543
5494.315958462039,7691.681508989983
7804.0621307519295,2730.2218527087675
9383.703713480281,1304.098561746192
2838.4278126488903,8944.377979908742
7431.316957093409,3969.076665973309
8855.923372820323,3825.1182698669218
1248.5187705032997,8100.0407575390755
5859.3222810521565,93.54789204256586
6118.463085984701,4511.122853653779
2723.8510230263814,7143.200660852764
225.1455960919202,8486.864636835502
2567.029464837092,8852.088539291213
5847.346072412586,4656.801688430996
1964.427124134679,8477.075569881865
2873.4517960813346,357.61760681777946
7079.224600912811,3054.2555542085424
3983.1559157075667,104.98302524240333
654.2538691727184,1655.2537336521666
3991.658842201716,7247.312715297911
9997.689648723606,44.24159548104933
2610.5153883340836,5230.554950436641
2652.5652845018312,4139.861510286046
1698.8641465940225,1228.7079064789907
2716.3738270120143,6856.34283884137
5747.533034145132,6931.238648475063
9646.02132017926,7263.485415024216
6076.952722725481,7653.075502427034
4098.475922777685,3149.9191693200955
3896.336290737772,9941.292889648097
242.2588461138764,729.5373958314289
25.423021999002593,6476.953676353238
7971.935469795309,9707.750973333988
4901.606625147527,2243.104615431897
332.0941303316316,2781.2492841744042
2860.270447903638,5759.77438319194
3566.818838761985,7812.57596892743
7832.88889983881,3289.4698290463143
4343.867031994006,8367.751636484456
7893.001748261949,2410.4378634367094
6337.340508687949,8743.66685341822
331.362064160996,2529.531241352797
9686.887040696514,6174.351556712817
1814.3303667532762,3577.912131397799
2756.1956170809176,3218.2611235217882
8092.940285213251,3539.9556940698308
1898.3986408745989,4992.014144561518
4010.877837072807,8450.48586613781
8649.912181532982,7593.182360308128
6372.722762016735,4493.408862609717
3020.805994863446,2821.602893524432
6440.497215257783,8543.009809723642
8126.244755375005,8701.850118635632
4038.8928259785416,4536.763006276535
5716.7468447614665,6958.458582916154
9879.276848520607,3692.6356390642036
9645.62843053997,1490.9768052336904
5090.373119372777,3214.8290284674677
961.4125651079975,6820.843185755495
7006.8208881350365,7694.09663538629
2686.2078708019844,8516.553930696073
6694.749281421927,177.1270007696446
3517.555982181967,4864.061292244458
7187.584384819646,2739.221103188535
3673.2255828386383,6839.595139680189
9411.95277379553,2453.3133544913235
1366.7287245778148,5662.802066662193
684.0483712222278,7119.626524610072
7811.990972499511,7700.649196417539
4013.259601254161,2694.682902527913
4655.755899896287,878.3214644534298
9338.172602190913,2187.1336748315553
5899.2071794488475,5991.314137379927
6601.706482730483,404.4918563019828
194.65926407371214,1588.6193477135603
6705.144071194699,9954.747276474916
3883.529359322945,3823.3143661561244
4602.144625237748,4965.262743607351
8080.5011900079535,110.07162594903642
5237.935926818288,5919.0779169563075
9868.708095514572,3252.9868443220475
7968.11128806087,5301.932294743487
7285.915482505923,5261.183434188222
5886.866571640372,9674.57449235239
4123.967218645484,2682.569985241243
528.7233364577293,5704.329205020269
184.95907430539526,3815.525964230063
467.5876652214861,4219.998099739652
9588.363839111593,555.5906257694521
3232.121148620912,6884.530127052249
7006.094823335614,1952.8540793292227
5943.1460431137075,4684.889103097121
5716.6770943773645,4342.696345483337
5792.41563891092,4681.411164433812
3022.9582337057013,3755.459959622296
8865.325454982423,2423.8541470650134
9192.062267503672,4487.140529357938
6445.257852567621,462.1952496556092
8639.492209863252,2423.2255251362676
599.8101691959534,7848.483715554443
1003.9125075666211,8428.20388177765
5590.662245937175,7153.093381596563
8465.070407983616,6325.64031036691
3154.294011808184,8112.657593161062
5480.559161585315,1278.309245983711
99.60531484080826,5252.541380373113
9866.300121276661,1163.1564981645836
7669.808683122365,7778.660751089866
3614.1914651751595,5205.563854048646
9830.128306561157,8100.248851886407
924.279892978721,7990.6342507386225
4641.75765370626,4662.123768426548
588.5128500173687,4968.742947828535
3349.6502149191188,282.6749519659044
2193.6417983080246,5235.132903771816
3165.5085318112674,6774.647760704352
9474.093160456996,2336.5569755656757
4271.869967268872,9865.271705008026
3248.608112603657,9748.288738814112
6407.723800515578,2828.3059480359675
6833.69191066622,7129.732564636053
9837.688663138048,300.0166816192029
5460.577722930371,6657.527107652149
7525.636438162188,6240.16487561575
3821.6501925924986,8221.596595292482
1710.326462436994,3043.650808777348
4298.354294437096,8780.101528151452
4187.758386915097,8579.750271245735
4206.134916930966,6696.029602665675
6954.20759908296,4723.3486895526485
4059.4231127355597,6184.012414776516
9541.627293852765,7299.587689598734
9827.496823842699,9752.51389746686
5233.614294157766,1217.2819123694733
5584.440092133178,3130.7278090995615
4076.263717433739,7807.163131767951
3555.9358167674227,4091.800224033796
9853.265359552648,6724.799714636594
406.56868685711055,1331.1797434730222
4100.862327394668,7091.616036885716
1513.40387182622,6740.63818702831
7262.802683292555,5858.200668036115
1944.456766488223,7652.3796521667955
8846.457283974383,8801.12232497953
3744.779763213525,8293.02606851927
9171.487328966383,1275.7409546115427
9865.625300852489,7443.933706174925
7711.714138661772,4497.6444112534755
6231.58049155331,3338.818185008
1499.016647021647,8796.49585803392
9330.603361131596,5596.132346652518
7768.6665690181135,5012.3473203266485
2880.4577873261496,7845.993525827615
4685.019343624587,5533.085459508818
676.6500590790647,8580.075853257553
6590.003224088981,1029.009535582046
1252.6466870228935,7761.330644279153
6515.312848941943,1638.3458996447598
6715.53661350833,2252.3134537826027
3246.2905186271882,1794.5152084029514
9486.626790859813,2384.2135202343893
7789.625058742874,7318.306966873464
4967.336550321957,6553.317123055559
9185.691872866324,2297.8129450734186
8558.432639569322,2701.7493677773073
6922.182257572596,992.9411260959065
1529.6531436171224,4144.355222059064
4970.739255201973,3785.851631071444
8644.228725617932,1458.1579125731814
6088.915468485036,8346.25040868871
5455.1144478604065,8525.950486632266
9552.242002983052,1090.4680147308331
165.48065388840573,2663.659532571524
120.46384933596887,7360.890009250691
8928.205201386789,8699.666912730814
385.3721502522589,716.7298856961257
3325.4371370520907,9023.703219043628
9240.25481792918,616.3715474454834
6911.525938152693,6337.839593840542
6481.589058639436,220.75135328605944
6569.983151556465,9282.650217444732
3176.429788490969,3536.9064937489793
5305.335910125811,6488.030753959873
6299.730640468648,1846.2219908067823
3057.1532569161263,3212.5541600414854
7953.639158041261,7472.984822156299
3217.4835876551656,9729.958867387595
714.4415350053057,9920.532906094193
2014.545737841137,8096.79516148199
4084.1041841156434,8471.930397041546
9080.55888144169,9694.038601275697
4157.616918724972,403.16689768923106
898.0380157404288,1701.504469852869
1964.5676663438348,526.7777851972899
5444.674863125424,5011.611532891078
1776.560047033443,9584.892450045638
639.5461216093512,5824.36186899934
7148.284653782899,5554.041158508431
7843.473952954942,8266.863516619242
8506.332352103776,9289.488818197384
8439.34161359132,6985.552315253775
3792.5958006637584,8953.77370537826
7344.699820923619,1752.162789950885
5835.388594836855,5034.070318737302
233.6430183324645,3646.0503759349117
4015.9810970786657,3325.213031862598
528.7895923513208,2142.5029954278984
833.5605544029867,8939.965828844857
560.0244714337921,4503.692191505105
9609.465382986571,5302.540242558096
8442.009908007669,2763.106966932033
4391.044775001801,9628.508931742792
2479.9746776457664,6112.100032911645
724.508295230436,6.941788555714368
4311.96251494311,2678.924648018882
6003.528810575821,9993.475915738885
7971.033231117658,9747.748238426426
515.609861776446,5446.1647659615
4178.700175166655,5641.172700841631
9768.574456335138,9015.884966892123
1207.2053541261785,7085.65940457061
4002.993947858928,9322.163862731688
2750.5532361569517,4791.329743769622
1340.3935540630962,9759.007170426014
8389.45688240987,5395.497848882313
6971.152103439754,6448.389692477175
4115.564842350819,825.6686092152831
3690.6728274270063,6116.300950913731
8277.48759468467,7677.759464986229
907.8384565173947,4393.04346338914
1468.3328045132616,5024.382099278693
9065.50008093538,3933.274211373854
8172.066540507289,9690.415072729684
7748.777625712334,4766.242363206232
6239.759243038153,1262.1134420267244
2924.5005157338687,288.72182838650116
9347.86605260418,7724.69197069762
4918.688217346717,5476.728484366618
2806.195311644022,27.705053658392266
3655.746066129586,3825.226373647218
168.41015195934617,9140.492701598563
2551.590618280457,9477.549260522013
1879.5610865656365,535.592483456615
1355.5664207119444,1234.224136985871
321.39993180154147,48.70345033788692
2268.754434174598,8686.737122609533
1035.187180704047,708.8622582551907
451.40378214014845,1079.0015221989602
1373.222590983937,2276.2264957473267
2024.0336352669774,9172.495516453348
4159.623251126994,6882.34007286482
5836.956862407296,6168.81359767449
3222.658624333162,7846.569056731459
1412.5941547884447,6932.844976425227
9403.23829178413,7459.268206811841
5148.537122209615,736.5643869796379
7418.80332695741,5897.652964409968
6944.351412688705,7532.072872558788
2848.9675712770268,5656.586203332958
5598.619253816285,117.94873364524116
6021.64115852043,2111.198894828793
3517.910240832879,9628.999970669907
6707.665654840267,7046.946409211439
7906.765514391052,6885.049008802295
3642.1055070781194,6602.524418183088
149.15371542391975,1278.080001832259
3493.3593763088365,40.827809919437016
1168.1560346660858,4406.523180717622
1556.0788918339008,4443.244048453104
3659.4947694517487,8118.054511680517
2076.2109821011345,1815.67516357379
9348.889533869115,2751.1116309917384
6528.029223374995,782.4233168936845
5183.641594442159,3998.750352879641
97.24342676393438,2559.897484926612
1036.1774324578098,2628.9584415213594
7884.7784671428235,2540.5308711861762
3897.43763039509,2315.1850914884344
454.9319611857361,3197.9303029129846
8255.590937925776,5366.901647818978
3026.4601319738304,4377.102771450807
3862.956219742225,634.4696122562476
9743.690706410285,4258.598637597715
155.12741034482303,8462.782545125856
7213.2439314550975,1007.0411746721442
9488.841763117909,9443.615993316553
638.5958235299272,3085.903707649874
8660.770243651472,145.35629401502658
4162.416935360382,2531.555790643172
8779.965158202032,696.5962055470343
3082.745928904228,5663.81346056672
9826.62720499928,3163.2512755054963
6470.494096713986,8068.766139246706
6270.90360437357,7326.250881237521
8059.033828813085,4685.964594867759
4365.860696420333,5606.016108413044
2586.6963210837357,6087.696009810202
2629.30192719087,2707.04687395495
3306.0375082667715,1393.763731941875
6173.5263457421515,3765.1881605435665
8383.897306118268,948.5754611397989
4995.778784277908,3148.6337540538857
4034.4823035079557,5526.021607777161
7938.4773869105475,5401.125241314673
2896.679068010718,1206.1337443925568
6890.352690388326,83.39100004007838
1058.0522072649512,889.4356194064812
1132.38266248591,361.5004195086768
6440.554767646864,4004.6888940728486
827.5051427560143,3897.501861724948
1550.5116395039386,2416.153653045837
6243.690571603622,2154.444596648596
4382.036971013259,3964.1991645840644
5612.964528792719,865.7357822274691
9769.429125888957,2143.091249952163
6319.610379319594,4056.919048545585
5908.508042512755,948.2991424357867
3801.3808139343096,8408.136728046105
6308.775949994132,6760.184979567729
129.99525698740632,3831.1924884647774
5573.202493426252,1503.9830922887454
688.9736051058703,1941.8731186873429
2201.722469383872,1200.8958474774402
5631.210021865545,1600.838272735332
6679.5054850932,4225.141389701554
3847.965404007134,2456.646652813097
4189.799159893934,8845.784768612242
4980.224058138841,9609.287300341999
7590.746077445649,6913.650434911426
176.27771590167262,8087.611094468826
4470.679987550289,2551.1953557912148
142.73597906826473,6650.239741581233
3191.4186063278303,579.9865293612783
5198.4862131322425,9602.160853089958
799.1928366748147,6702.069653069417
4852.135279763722,3168.5117147298315
9245.739036255092,7730.415587839066
6853.423377040767,157.99449203989124
7822.526718768076,3762.362353904112
5804.142182165973,8956.577629644202
8963.589800472268,2631.9956307823213
1468.6929202536026,6679.143120790633
4497.860332046466,3601.0368239969257
5970.332343824834,3923.6433568669404
8734.753415763069,7459.37050154484
3080.102454621152,9102.059981969132
11.2797776576401,1667.1852296540956
9744.141110431303,2768.921087555468
259.7730413286481,4877.851826226335
1523.6672723973422,6138.160659076112
4220.463294482849,4677.871127874008
4963.698129978603,8055.286949321429
8344.659574291849,7680.9488461474875
4478.179499156639,4052.4292203559444
5474.291366508607,406.1187266053834
1999.9987085211978,1944.9637881737935
5691.586991399007,4869.526492092453
3483.837429854506,9275.137566620668
987.3228127585231,5675.694868517948
9464.628913486433,5303.9490644337
816.842854433878,7239.700433030081
6778.78930381666,1522.9494815642697
9081.931529278068,1469.1846813873722
1792.0465422304376,3453.951744693334
2371.176661290215,9948.52631546434
4267.067651424115,8759.418324994
2945.099681860971,6801.139004348062
7590.331397372044,3911.5492286297117
3381.533755065701,5546.739551767418
9858.355404186013,3035.5411790905473
8587.872325099697,6743.070121860527
8953.441337843438,4188.456615574807
636.642852674728,1202.158942422169
1763.0845942908413,2150.8795409805957
1693.684069188326,6086.927913367812
6719.646481756439,6945.6470269100955
119.11374175167299,960.2166463416117
8064.26199976002,8083.409770721461
5470.460184253541,8243.473859149233
5663.130315873936,7230.819142770251
5373.364222410118,6835.885344460908
5353.458897232722,2318.6858602393536
1978.8607463355024,9196.219624135761
2831.797218190315,2685.7355516901816
4876.174578334754,1825.046393174582
6778.444975224463,6385.34036703949
2719.5376001843474,3641.0429494547802
8061.349249975069,9330.280846619458
8105.931677810291,4602.496084583505
2738.7940715601567,1637.1854305115385
5600.64680554103,9575.286473948509
3489.2285453406257,5154.339136926651
1906.8573543736657,5185.589248179294
8059.999557958484,3858.0268884436164
9914.81218306534,8359.937750282052
5657.191781923581,2876.4362068600913
9139.46704859693,137.09707890285915
6421.688075448019,4972.779269100856
5657.237015786564,9258.869116422722
4801.448800474388,2732.666865443749
2357.149666933386,2663.0543669345107
842.5527128243515,7380.998794440522
4423.359180168431,7755.333340641824
5613.099135488573,4355.565376851475
5094.496542224241,8336.43271123036
6955.706354090126,1719.3308400368335
1920.987835675405,3670.253733609469
3542.02978913165,4042.7791531677217
4155.672712902664,3127.9589320629343
1865.2330557831199,2177.37549019144
9064.642136721273,3381.4952894229255
6815.114574129173,180.03183535757694
918.6234634236789,7033.500347600685
7127.980398671892,6839.59234530312
5477.876060204951,4502.181122103332
5239.404667931525,3229.1558386568354
9897.85775107481,4340.93535902449
6182.008211755788,9365.208159889202
8967.281929963137,6035.648488992342
9135.48940106124,7313.57315818079
1014.186317408502,2295.1674531129697
83.62256379569888,947.5797232522809
4352.669093987273,831.849347091168
7692.849810410226,4720.188535785845
8241.95955330532,7166.863379110327
7874.940466339014,7741.203825940545
4472.879585141994,7204.098069900097
7499.641185365241,9127.624876481703
7187.765245261798,520.0244589218617
3138.192509648037,8553.394885648304
1687.2056023887883,6606.7659560397215
6214.187172219956,1755.2011200263062
6770.863921820847,6823.8073483762755
5679.70690867908,5117.595601375713
2131.795464910464,3590.4124653420154
2766.733203554558,2479.581591658644
7084.862714593395,4641.543872447326
9626.22364037219,2391.326451892095
9448.356015558844,828.4708396413342
5196.581464172928,8461.200584199874
8865.594747654684,5928.369818561928
294.51200305333214,3636.6965838833053
8611.521215976753,4466.799806327548
4761.508234347266,8648.273676096886
7815.273349083181,3198.4350550585796
55.82909587431794,3801.73047455005
8685.607843690037,7660.804107817271
5949.796223808746,2005.226109132312
2402.3039825221595,6592.625523366125
3474.8305443550043,4343.238054592893
2006.6608693123167,5001.585655968087
4244.057578458832,7868.801556208002
3300.060312805233,9931.323563149354
5345.031770520113,8315.119240194705
8147.844418929277,1605.4396636260415
9822.752651809637,2245.518352403885
2514.57640727172,4099.304771390833
1065.082626928222,7192.265199010264
3956.6724990261505,5093.711653202316
1435.5427615104754,9018.006752554875
8342.402020843543,486.75480372783466
5011.248795363638,2585.169788129974
6199.623824086472,2192.715924308173
1506.1255427639376,7441.709475093803
7496.088158365666,4647.715481892886
9735.818119349604,150.13040702665737
4823.85251492264,7734.367524288334
9624.573047906433,3618.0315610267166
347.16093841359987,2604.6035846228124
357.2271381435543,1827.1768207975304
9600.129107593915,9460.121867255692
7002.655974310279,9420.380276394675
1886.8972702400476,765.5288818171668
3638.7479909256926,2327.6735965292005
5077.530679281727,6461.193220828464
7026.377355687446,6704.246583783142
8420.265601752295,4176.71743844314
826.5640471319468,5685.098578122143
6565.741234889138,7026.30583209661
4767.114136379429,9505.09204068366
5976.22275443028,7251.094012667809
5085.316066113022,1102.7063095588442
4506.930505094552,7178.466141728084
2055.127961797162,677.2632853914084
4723.359123589791,5025.072370077391
1896.5513804176958,5268.952409228921
446.1148702771611,7782.6470570607235
3738.244909480222,115.5864940523299
249.55738749504076,8747.520671002689
5625.449630219996,6638.8472970803
723.924533401773,311.90849982187797
4375.536422868796,1600.3027594277962
9801.428373752276,395.1752997685254
98.8152061893799,7659.396004514059
3668.5456765629833,1709.050924086637
6732.628559609004,455.9998366652229
1589.1690461990593,1379.8773182496038
5607.336415701184,5595.570039209465
2581.9035861562265,4954.865252659869
2227.6869158422573,2462.5735299092034
8949.835507459517,9429.35280734129
2032.8047898016023,8548.088656853124
3765.517107653026,3144.609396218975
1695.9750487455715,4745.719319715579
2838.877397537175,5168.231922751969
2931.066801223766,7561.757749144309
3267.730237570665,4279.465548407941
6410.669368267251,5464.707653246483
7425.927431115346,4125.655642792495
5106.697195312383,7628.208112311101
6104.759809208841,5559.339860880038
8132.687469833212,8277.806101438382
9995.60661340419,537.3578872971818
4565.05986343723,9043.063607580545
9364.344955926457,8193.904449770229
4903.700930285066,8185.046961446021
7819.997524915143,1403.0883932506922
5732.230451483068,2634.7287484758563
8840.392252371657,9802.616256852469
4487.032016167594,9502.750597321508
6958.150012971705,2265.4467318942716
4663.152192181879,4329.026701564155
8570.27401336692,1559.4310752126428
9943.686791423828,2626.3817189107685
2433.1499192591186,1847.284932457015
4743.3896320725535,809.3703153521126
812.5667976038709,5794.788658980673
1409.9544441378907,2407.8569274668994
9291.501822455719,9922.404529659856
5436.137764909412,5154.3975093027875
3951.1601722606183,3590.943204385595
6714.8252930755325,9131.621714028071
5601.612883201119,6207.461770475181
2887.1772296722575,1270.7881916717179
2266.1450626019896,4978.2045651236085
5902.397500091051,4410.791507624586
1882.6551121140478,7651.320684082408
1391.7210077218601,6937.776717021659
3183.8756246706103,3707.9131943101884
8613.410631434685,4694.793209774957
368.1944092282885,5187.880634736741
8332.662536226893,4224.6093134518
6209.7383622996,1077.2137403191462
403.72757556985886,9054.458797558713
6020.389163882915,6725.599912944669
4260.194047523865,4697.2024870488285
8411.276081053433,5695.8694582057215
9071.987106630457,2131.636172651804
2864.9316119761656,5305.563327785804
7841.7000905611985,7460.27777696816
3098.028293209395,5336.743645135117
2956.35457338841,4806.653726566205
1926.3834070482776,4623.856704923678
6784.890282824177,7616.227932166986
2616.8547902676933,7533.3966958732535
4648.583420229204,7500.702279430633
8121.280874757166,2461.699979122176
7919.128417073924,6178.949678652359
8554.426092953898,7789.073130097965
1610.6451330422544,5618.942693636888
5868.927622823423,7789.773484349452
9148.398448426977,8544.033983185263
420.5008630204554,1738.9005956056558
7945.267729983716,3063.4082555287646
2462.3721418711584,6013.096439545624
6696.535952509742,2896.7838634670297
7174.050440290982,9413.853777708666
9255.85158290568,1941.342399319208
5087.99422422965,3569.4797788978603
8482.31108090543,9943.063025681635
453.18012599621426,1891.8174607289707
4205.427802573182,4488.17708057704
4395.189286689241,3137.8229874360377
5382.784758436292,8097.991905492525
4813.4047476786,3041.4723954659594
9679.615208829548,1614.2895454191407
785.3957084807761,9331.351303632202
2650.166619291262,3174.023761815756
9686.287814495441,7417.475305655892
4453.02546209029,2905.6772525034835
5711.574521373851,1785.816314813745
810.2554430845754,8024.121825654977
2840.5087996240363,555.819873032265
396.51698661515854,3319.728570355365
1375.0484248778816,7800.816675817673
6333.148177882042,5121.3752159355545
7636.2246385326425,6895.738175449045
8700.848768997612,668.1690722218458
2514.643805462253,7498.099909656244
3328.6384160305884,1719.4040559928126
5693.9837744065735,8087.040361478551
836.8586346794526,5641.7472019826755
8067.1826018889415,7391.618180432623
4832.92058708819,2128.326915152432
9655.075526946384,3954.2550643878362
1173.1600902570992,8020.6933245506
1332.903809418977,9108.044943040237
3485.7728411707144,2265.7219529688523
2067.6219937868855,7933.936599698136
6965.901487942574,1085.551783633818
9468.104575949372,4257.486615209876
899.0450995511701,9387.196665134054
2422.3633311247117,9451.364856875041
2378.98148032645,2966.822020394272
5090.730639622123,1929.1340658192246
4520.254423987997,1494.8637046353408
7268.662062258218,4808.7525357096065
7326.312208243915,920.768262161329
5727.544634556142,3568.530524551109
5910.222591920124,170.1111659514354
8423.163898864677,2593.9811098426844
3969.364377524418,9002.76901895733
123.42948296077516,4469.783933328958
2130.3028875275754,737.4544573287923
353.62110688224703,6468.36787860899
3934.962227990453,9556.335606911647
3578.356254296683,4634.076248056685
986.2993453459524,6242.878605077123
7550.255908674652,9194.180068275627
5530.60734005603,4190.994238959609
2257.017056984143,6645.8680577778605
7591.260758656098,4407.042742780843
6679.311920419954,9621.309765256947
1915.95139798879,5038.015729721516
9828.883306396112,8856.528947594306
1774.26065855527,5071.98498445004
7717.002639582835,6683.860827949325
9682.864831101113,3861.4148719151485
7255.021802116648,9175.550667262245
6657.770693501821,6469.421469883938
9033.21446818738,199.12329883577607
2691.321938856722,156.41173516239837
2771.557504658183,6761.775183937343
6411.603887043883,1142.6886226770205
8821.377796915478,7161.644126998665
6173.741483635674,3220.1677978431885
9770.487563095125,5389.196780915415
2229.023093667527,1743.9958753360684
8258.79602857713,2462.217984046444
9272.636482511838,4369.177513445669
4270.023979524242,6654.77577222037
9619.825267323298,1557.3163663758382
2021.476204555792,2812.831357866459
9528.339332627565,2069.6240189090063
9028.080594556857,8626.743087804525
661.4587216275658,6480.064934624925
5213.316080224364,4684.957368580683
5288.39051497057,9469.43054216283
569.7342689982731,7358.262953931008
395.31160107479366,9322.261136799398
50.96780814540902,5975.929602257527
5245.088434188985,1380.5691129120924
4638.15603969166,6754.271064452233
9404.601935563911,2014.9116065685168
3423.06315858101,3459.6859166773584
6582.273955313506,5096.179338129021
75.63414640607391,1573.6598206170072
6635.3844580023015,207.81382849448303
9134.600240269117,3270.859398706982
3547.6795666505777,8243.15769088452
3140.5710178362556,153.79961208272118
6260.298648725499,1094.3393319461347
3285.520654574863,8068.548567367182
4024.1837547651116,3058.5170295002417
2731.165408632873,9382.135144809825
3448.892062789355,3802.4414299229825
6794.106124311276,7967.039290844493
9223.751864261847,2587.8984126215464
5831.154757159667,618.3123841550697
100.33448928329692,8815.544857142511
2638.9256179876343,9272.964756495756
9522.385286524495,7080.996579892182
9103.217638301032,7700.6782359614535
1156.4723960055212,71.27620091900711
9084.170630673278,7538.235176598058
9645.290230389202,4721.96386888827
3245.7189576033984,4527.9045461425785
7010.068094032676,5400.699204704211
5599.824155136297,2712.1021620954934
3370.4965855077885,6962.885548109021
1533.3578091852007,2955.888720270078
3669.2022410544687,5586.066379673802
9277.965714385125,1369.2722881153495
8112.483755733463,6750.756351168009
3306.7453064290444,1896.1276455496545
5476.753520108199,1704.1398574808586
4059.6167870958143,242.83162369366673
4662.378479928111,1217.8577576981463
7612.106860055017,2325.7024507893275
5430.062009508604,2223.093606894261
1810.444634117916,3276.7142927833247
2690.3562780453904,544.1641807711983
5677.938618776023,9351.980185199332
6928.195599291996,1191.758793476847
5081.2042738257915,7019.6387896200495
6202.105323411951,5350.731698495342
7893.769515754798,5527.8880491414475
5453.919162080619,1055.1682552076647
9771.914500522993,2432.149421614598
2355.686518027235,7798.812944685589
9196.882503900537,4636.864582712556
2476.597947973578,4570.678172870574
5316.445764337018,5459.117959561344
4559.0677080260975,4338.058885092322
3728.8326911940494,8061.359310614363
9627.346686008243,7487.0519788871225
2723.015608659902,3170.042168611793
6748.691043430616,8120.811131217028
8040.685720128099,5186.064301279183
1970.0684560936809,6277.368332366271
9731.52926405532,8661.758318928156
5466.404757057994,4759.932492454056
9144.906616130565,7562.603625528578
6638.8105966384055,6280.873591050443
6494.268507767725,4267.449412975494
3455.8608924018317,7890.483663779525
7705.901434260879,1051.5911787021926
297.86317199877675,5812.2021730814795
5558.204821197654,464.1075737245548
321.3906320343474,1561.6912775467329
3068.718727788222,5988.736374111327
962.9578021148999,3076.0669659944997
9115.910283511077,2624.7498874634557
6282.603665388541,9558.386920694535
6685.10616874164,3659.0562288877295
8511.28424291062,5647.414702258064
7330.324752624556,5342.487712778688
1241.9557614735932,620.1842313798334
6175.383332595576,6742.7573836050315
9781.707303929708,5129.013196708721
2141.158909267141,3814.171167982614
6197.139311191505,660.1681606626042
5636.143141213322,2930.139849867145
3916.4604579481033,8840.953758059994
9546.353836656881,1737.113733074691
3564.0038561500633,2193.336397516209
936.8044268622843,2052.940310697714
9625.429837941307,8908.048192568334
7292.2020681543145,6999.954827183268
3424.4987561822873,8818.43063054802
2805.1162508971415,9137.464998768331
9280.266646100597,9279.675351598897
2735.4997596019502,4857.156128340446
5371.576726963012,4762.238510585629
2149.550712064897,8289.228402567667
9952.146139151824,3319.2667415198
7695.085862716691,222.11129519923657
5676.349401537106,3315.477170153205
7458.264491828111,7163.50330405344
9163.679666008213,1236.1405161206928
9631.241944205889,7847.808578989094
7860.188844254585,8154.74317446249
8490.659683332264,1009.1236603434262
3977.9392458639704,978.3928644943185
3918.2299517296638,1988.1214653295042
8082.966527436923,3563.893932541987
7596.251388630773,5327.335685966218
9009.817036210643,4855.4199805410735
1330.0969416330743,8531.684871920532
6908.131186921995,1422.3198707676997
6476.482338083139,6975.727221985693
7985.198403535334,5488.865852183967
245.52384906512125,7368.2482316222195
8262.524456657524,3419.464268291038
3264.266532785488,4713.796287278778
6871.221310200719,285.9298918606745
6165.5957157300345,1161.059090769796
4401.983208295215,3749.956119618317
7460.275338918625,4812.547411151212
9612.189304155105,857.4689306431304
3234.749799218828,8249.882491273058
7484.358831691637,9460.52362333582
3145.370448435155,5963.974778466019
8456.531403160823,534.0192121671372
4372.731658894269,7388.262242378112
4492.657340612043,2171.6371228567546
7718.80581136485,7336.516921027629
4961.696994770795,4343.460151341297
2666.4461794089543,534.2665624479858
9955.369336694248,2787.4893915616094
6202.2539291502435,4270.299601242763
6451.495567482286,7362.503416434523
6465.8191783775765,1330.692818300303
8833.590660870645,2870.016773280005
1838.720056518034,835.3728090385792
591.5150517453671,6158.069879694747
3867.0051184496047,4742.714989277979
5649.051805084681,9290.049453730386
2857.0962117640984,7405.530031734158
6892.070044912099,7778.873625609608
739.1597893728285,1643.9257535675079
7907.094710834775,2666.2252051268997
7180.860196989972,5131.395433859427
2139.4478717415777,134.84500884021978
2984.5423860613782,8701.281436025356
8070.020448385406,7777.403819938509
7733.378430181078,579.3968519521586
8137.661573339263,8490.339119731114
3222.4284489181277,44.881148181581395
9695.71183473328,1142.1931853818778
7153.382293739712,553.6455295769016
652.0078739675472,4791.599318407075
4777.34854010944,7840.497799188944
6645.470454726024,1785.3916183849005
1686.5019234702538,7714.864611358257
9017.68926659841,1849.2478216061793
7541.087011504333,9905.363395376637
814.3176773316895,8534.745343000615
9131.98108245867,7371.867738230871
4043.6968010945693,5916.884230915417
4524.694775683831,2425.481969382873
7831.081604266895,1192.6762198228025
6439.976834001884,4603.067520048578
4375.286952455458,4026.6025423865694
2596.246576546558,6744.809230266528
5168.9573196982465,1700.8975134011416
5791.797473803921,5621.284670341204
6309.323476726026,6933.502141503236
6050.632495855791,2989.6625870661055
6173.034963029923,7800.142710819632
4757.375949605298,4318.428735213023
5618.878389992153,1626.310958777001
2886.3818469569555,1947.7004696809975
1583.7491528443925,2788.984119033826
6069.3568585242665,1581.2626936165152
469.98691876968593,5629.195667366263
652.0696355382771,9491.411741951697
2473.159961879664,8960.730792338101
1943.27012543136,3237.5398398344046
3741.131314412909,8646.693217305892
3712.888127779721,9540.22961450053
1168.5545574928212,2941.671403331172
2465.030095098064,9052.848799681018
45.6916961928433,9974.290643408749
3509.6381024551893,7976.71809497841
7964.351775631856,3902.233199791548
2661.5998849476996,6085.41604594226
6433.481460454147,3641.8664913562825
982.5517877204226,9959.612833537467
122.84671760954491,678.5323770460527
4983.965220463798,8930.80325069653
4614.840761620804,745.48133242472
1915.1919841351062,421.9782282403395
2865.849563680288,9399.395165335463
306.7140692932446,8672.819374552915
7977.998765947679,3615.6174528279907
3012.8269633805003,9575.321883179833
2194.5641942722973,8618.568776636039
8046.577010675906,9019.828757554713
392.736997745784,5951.154862586242
2845.2581707876525,9583.285362176073
2627.524619389081,8095.822077385403
2629.726144832014,9399.528604370613
114.95759152212904,2815.1093541403548
9346.717189875133,5320.975673330217
8641.451990074427,8676.628291486752
4144.930568884584,5797.290408667019
4454.349353094035,8010.983600506613
5241.542451539745,9730.969676234474
4783.158726665923,8045.6283411348695
7791.336913325394,3153.5962061167697
4884.1992866977425,1186.9938961420746
1888.246705202482,2727.4682578122065
1169.7188679245153,6627.9112159949145
9182.714333449461,109.44361314822682
483.8265918896567,1897.187270958335
8975.605434452407,3269.026451445599
6904.791921675876,8752.249436281742
4047.04686118738,510.0414838744938
1871.7844867837696,499.3615982387678
3104.8221134702226,5517.825483693102
5298.736987514415,1777.662522056952
6568.509436885831,2422.151801589042
6914.724249577273,1842.3610097934773
4472.937117298502,5816.071375969297
3739.7409339686983,555.4774960666953
7683.174909941318,9400.000286295577
9254.13437292532,1231.3838541282828
9144.650106558354,9515.95502162114
5516.207711949336,7781.290304642634
790.2031758554384,8280.158862261122
732.8981158700254,1728.0823448560157
4027.556947360755,6696.470869545915
7328.535148926061,8170.721512964564
4973.4403481410345,5580.355400503812
6273.623041683446,5510.747079043932
8433.190649535174,1594.1333650085453
403.355836868432,4142.3249960356625
9238.165834316618,1505.3996012663351
3308.973903725102,9728.577587102687
467.8735748041085,6848.500086304599
8354.285361444854,484.21925730864126
9341.540259571846,4767.679134133812
7686.220118713706,6379.641500339375
8045.154432304898,956.4038083139769
8713.083535920365,6649.885753298778
5223.635314215723,1773.0524582110752
6804.628798463545,4078.794048602129
2864.5158191666733,6255.540552717032
2497.005149310888,3650.541210535889
6089.426466358773,3808.8419745413526
7346.077663370156,8436.152997646714
3971.4055777223302,3092.6484167015055
4002.9108043096107,6551.943239238212
9542.335679598002,8491.52660246981
5184.603937724542,1526.4918280132556
9862.842758127019,459.27979002509335
8628.426666660123,8255.340437806526
6396.576506014364,5511.307916291836
91.35592926425184,8277.012989039136
2959.251616681222,2130.356339900955
4176.437844462026,8326.322229183856
6528.149097351852,953.1041391479922
3955.230730889452,8832.030341481735
8278.238850419037,8225.336628857865
6629.052715368992,5673.347329465791
3471.6008526560727,6083.398929991
7844.3404734322085,3458.4419675811705
3030.903143698326,2016.1615436012848
627.8660723658891,4554.380922149268
1725.5628639716847,6574.521147910246
27.404927727919805,9984.64859894663
8323.502802445231,8172.5306590194
6271.084959095778,4343.078366603805
5705.6931075321745,7432.478528619959
6620.482545541633,1080.4750268884866
6535.9832500156635,4150.360469545875
5654.999408556949,4249.245820427558
8424.100456686687,9988.238112132405
4409.470100363204,3910.149639426913
8048.094470977232,832.8160289976461
7866.336846822434,672.2795141592463
1995.0483585435609,6983.843849314885
4537.633796148256,2890.9308959640966
8349.322239618608,8689.134476571722
8308.55191862483,4829.476936536209
240.06562207835037,3303.72384604072
2230.501224295871,7591.144997538712
4238.743966541217,4175.325114778324
471.54353334109334,7373.833274759603
2606.2462289469368,7140.919310178846
2582.998388817572,7232.114389413725
2145.6838198748696,8571.218722868713
3966.5897868180587,8483.99397502638
8130.107739176442,6646.082503659578
2441.13641240579,9569.618719323133
5820.67311991266,207.27488989460306
5575.780602829632,9304.229109365175
8179.240829041657,1482.5342033340905
3939.994055328485,2116.4306869159664
2235.68618134519,8173.990490178854
8915.206489847922,4004.354826760846
8329.470630867814,4253.104422276452
6215.036796072451,2612.2696110903
932.3937612344047,2244.4119491544034
161.17829213234236,1062.4045482499866
1826.2462114132938,1967.7122046261775
1966.3855843650447,5667.463474468331
1362.4741748808444,7066.088822241176
2621.8137130170326,7388.392763085787
3378.8856125636125,3701.2319554004202
7544.383997061895,9219.547763171375
7095.221386361662,3287.2805664719153
1043.7932169399521,1111.3664339848672
9771.069735337753,9452.227690121288
7521.392541702841,5406.771412477864
1634.3325942001409,9713.762221157647
1244.9657092996235,3936.665531831072
875.468862605161,7573.932834027498
7317.886666589423,1099.3672673457233
2362.8656047232876,8540.791315932174
729.6799518322094,1706.9980545112994
4218.2760942814,686.7907290784758
7086.984314004072,977.5327175316418
3045.5641584615378,5573.7559287634285
4826.455724179819,2918.735405623888
1926.7496819004216,9609.543230755713
4291.48520871252,8526.765924120571
3589.422314251309,8033.0774782725275
4339.184151875052,8096.384662616917
4657.115988479106,8906.773277845263
922.9884170892167,8652.101099563704
933.6835227051321,9282.075631059326
2606.1058385491133,9343.663229817037
1157.5835411588198,2983.2132555804224
2527.8431364742937,2195.64169736605
245.43983583860341,6430.981311521918
3507.3941075227167,1233.31214925395
2134.101995433665,2111.4511373253
8921.463498778598,7729.566723522448
8581.575947955507,6493.35427758123
3004.1883993371553,6508.519552883158
4754.851145176939,9506.384961859669
9557.921054117018,6676.244613727844
5240.963736388386,4308.0714789539525
8484.33270367999,2803.3243404693067
8263.747768130219,3385.5538225401438
9412.889720977133,2778.1348398367277
3057.006431589967,349.88065080710953
434.45676247034436,2615.740222827303
1039.537337465548,8353.700679620379
5712.975189119431,7282.289927772997
5302.779721607528,6218.382488876297
2984.5303317404537,9022.053661553857
2487.1329739932567,2641.250420577355
7093.814296129476,5776.844407878399
3405.02872002593,313.26424360053176
6039.517859328047,8920.065454614014
7122.935865082771,4477.369461516445
4304.65377299811,1778.7142993123616
1934.0626547656104,2393.1661770525825
8607.801610538007,8482.390783296476
935.3094924879802,1088.0616329778393
8294.706829237664,9252.027440280624
8366.795761476022,3734.626557914974
5709.99265218749,2510.8526486235105
6294.760514236286,3318.586937448189
3580.170610844092,4089.8321982143425
8415.842221264224,5481.131289020319
2637.03685561389,5868.0749428970485
5597.760636781146,4478.192750863696
17.948354600553216,4463.639079012584
9398.431059218521,2852.9978580786806
9482.965242100741,3838.097597433485
7104.166851470644,4671.383377594607
4232.398318565818,5975.880235625633
1786.1110137164294,1306.9987900543633
4924.628860403375,7639.737946224304
7914.104723472372,6805.712306998643
6052.73621844026,2987.6784978359483
5274.965714507587,4593.439422590618
8494.442133266804,9469.289813292784
3131.33935909371,204.77382140234312
8599.639702413138,8113.515984638677
4394.53402738281,5117.247049985317
24.13831340989603,6188.124919542186
7319.4200770006855,6845.325602172624
8778.433846451944,4560.201893210319
4843.608390192714,1918.5960190220753
4547.478691551055,9095.905649474766
8054.484255309857,7401.90756149783
8847.747469561344,5595.896982706477
9744.201057897797,4484.563893258351
3456.5029112059156,4993.316283558479
5946.887667349846,8235.382080304636
8229.183448713002,125.03406860986055
5318.519235235401,8653.34994085471
4618.533331926829,467.5197313731183
5719.320811917366,6159.130664662883
3568.6699926730157,3331.225724836696
1920.7609409662118,6782.36279375819
666.3111340988514,855.4291592996289
6099.807644471934,5562.3254541244905
3791.343614819943,8552.34217493191
8829.530032527695,4946.378599704954
2229.59179102344,843.4660185123665
3107.116500089122,373.7842475507569
9705.062362269096,6212.013488102055
5562.912047150244,695.3057612414116
3467.5304284931754,712.888721081164
8608.94323808494,4254.395060107286
7433.750895352864,2095.0831858953165
5731.429339159298,2041.9589410671013
8890.996909054295,4809.762149456699
939.6152440761396,2808.017273214275
3944.9394352990853,2192.664942115845
8105.501038257233,5144.1448828944995
3859.429939896616,2908.837392389646
9267.365267617482,802.2043531638944
1525.2112804784479,6827.3907060706215
3366.3730623327206,5856.080205370945
4257.425621493132,2121.1713909193054
6869.620862699648,5822.463994478725
1953.4948209218383,9555.896609734707
98.63835379888775,9564.785507173041
9765.093141872261,5319.424103245269
8987.570988958507,980.2971603291088
3002.220853877581,4581.855287065817
4834.808398800999,269.83383651632107
4889.202103870368,4152.012799751491
8692.255556262622,9094.18835037262
5970.601411466548,4674.436907406102
8264.310227578699,5504.873806392211
9119.94151345049,1580.3650252481593
5659.531317125978,156.50652232143236
2854.824677387058,9933.83988765575
4987.07805842979,3382.5727599616594
8508.696087241842,2793.4998249551545
5836.1917439825565,5712.816532238702
8957.219067341608,7453.1853302221825
8954.360092819814,2514.07797997
3733.5962004633807,5241.238498885747
4481.1389559607815,3326.3562553531033
6779.137602409696,4809.655076830038
1110.644552129899,1613.0991377323012
4655.57217438756,5101.182798776449
1493.8544514313935,473.47002733202027
8479.561841263665,8399.973337741989
9427.844307676558,6276.596466245299
1415.4887553145857,9414.904308480029
6673.414253958895,5997.319144454286
6365.432290985148,1821.6608423243797
7600.74801034662,4840.507597171933
6957.796528720664,6646.954268241627
2171.290353153965,3742.2334151527893
2912.126542453216,5526.496803435799
1652.3221566810598,1626.8851112319915
9211.439990616742,7771.241584188472
5218.234651189846,9095.299689360541
9761.611520809252,3148.765782309865
4493.218514328423,7933.313883855585
5527.231712427953,919.4552677390466
7892.939219964747,2467.0449027101404
7972.236598219671,4618.7006645542815
2311.495922989334,3864.0712412950907
2882.8286612977126,6196.257858927499
978.0683754753894,5629.84995992173
8054.6450157531535,872.719850418815
7938.615216933423,1316.9440588700609
812.5880815860364,517.116273610908
2574.3259068507364,9526.06716162192
4498.670100961715,6453.442444845858
5417.789435829136,8555.843954190157
5225.442190636438,5412.638824270181
9830.752876941358,1938.3818727885894
7641.2544980589555,6266.008797459322
1131.8782222185619,5053.389300922474
2935.023779410909,4081.923354558905
3454.272366468094,3718.052812450511
3151.480674507717,6500.765194840603
7859.456564753264,6177.616529946296
3605.6126538904687,1515.6595803891314
4924.267190885098,8162.2205383446
5334.541678426853,6360.912449775817
2704.2367328830805,5358.084664073437
3226.957967803069,7489.175202765641
7799.975688207332,1536.6636672281763
8666.829639064455,9197.161658267829
370.80102706711136,2705.872046339892
6051.5456037533,2627.573730611178
6334.355117742867,8149.02551326161
7373.0920154752985,3339.9120515588133
6938.467732119267,8307.082212769568
8774.244911633217,3280.0987490248635
784.7231225161566,5506.87983978904
3883.7223852970214,2308.4494278710977
7820.894481401731,7315.203705938405
8465.800119277592,1669.4110381430005
2647.684382806582,8994.314860954712
5852.84044040142,3716.488304234865
1807.6501548430479,4715.744816412769
8508.943498492497,240.21893836771667
7304.3014905103855,9757.899660856878
2220.650789991381,8131.75319768353
6237.731528155892,4470.089072679621
5093.203759985386,9202.613390774264
2588.2673121629505,9310.596358226887
8931.226014794092,5330.521216282698
1478.3929769483395,2338.507914733705
4674.598026486827,4871.103346434529
5827.982846510048,3247.986070941764
8235.456463270559,4479.856290105972
1501.7991236758355,9113.920307880753
6091.746081984598,2818.3458592907705
65.59743894852255,8389.667946854403
8225.813142344312,9353.010541718577
2347.3244914228144,8050.527875450753
7209.153139510438,5272.533436388768
6018.777892948117,5639.773121203394
501.2738295770758,8196.34995719953
1832.300160713881,445.0081347360313
2677.40695887719,7359.299907868354
8867.27687989377,5288.674881796422
4808.033886726205,3971.374429284489
9135.032181053066,7669.27680682827
474.4990054147413,2662.4722768987485
65.63873716117553,8955.337277145652
9482.46620705325,6884.87778314038
7239.169067007852,6101.555896352644
7833.167982136529,5231.202941988491
9158.056141016783,2127.57658630509
9845.386922984959,6169.4495953054475
977.1216791196979,7249.139803524669
1582.9134412210599,116.89717863559324
1885.7344895381145,3664.1914766720183
8184.176587855336,8324.64097287654
3555.4991319924757,6322.107934367826
5932.714472329357,6152.704384238085
8552.219120014806,2286.126851226337
6831.598397545033,6320.887334765307
654.1539397349904,7861.5006729551005
4456.738567248234,4017.5638486251173
675.0005160728823,1820.9214534304685
4788.435446855591,772.7425829522793
2193.027153930006,5056.956664484349
13.081995250968648,6838.585931499564
8131.51791792045,1626.3926092975578
9693.828444028595,4214.436249546587
9641.326817709154,5686.432091443748
2991.8519376332374,1558.584239033678
8287.736100628432,2698.8995310934647
6787.769014149176,6084.133860861324
8000.763902993364,7250.239406185391
8462.380482625269,6359.934043418971
9802.787390513322,7136.342123503726
1517.296376670445,5815.044788750149
7697.460239843019,8358.329113838208
7341.536040820042,8267.359708714761
2877.358376885174,7962.4753385443455
3925.875558034485,5754.58122131831
1767.58047674493,9941.302019380817
9132.73193085767,391.12013818597745
8793.357247992715,1956.5309990488745
6140.350146014219,8088.772930153707
5116.299998847065,8262.92518921524
2328.8836038344875,8187.528212410645
7896.035570299674,8727.13936059417
82.0491232039211,4226.079360761709
4627.866915720481,9318.335219365337
8605.51177126357,2091.7047832448498
6184.85334432753,9369.484890451078
6351.228415716288,5566.7851962511495
707.0742561944421,1638.840721558479
2867.047294459052,7360.7710696303375
6738.62205596182,2958.792653025351
496.17301253082724,2204.575831355009
3309.3575348563454,1720.7526969329544
3539.4456355986936,294.05314036131006
4987.183890342435,7646.540134633554
3623.7525238466374,4865.0427286624445
4541.175374639031,9787.321469668077
5469.973464456028,4392.715708882978
1283.4784153653711,8433.505485365966
1804.7541467399708,9680.94633034968
8325.10994355678,224.6206962439079
4597.679424697976,1053.1889064984357
3551.5207384644355,3478.6376978182334
4338.815141816792,8701.16187772296
1748.1855281199598,8379.50446763663
2398.4725475259893,3667.350240852151
5155.235425665344,1999.0403074110918
3589.2649630146443,8023.208818159055
4754.561030052112,5969.145890621811
1497.0467282153932,316.00467339928827
1564.6833232303181,8042.159327204306
3839.4301963262947,9569.60866359293
3788.5763269539675,420.86991649347596
8833.323435247868,2858.7360281501906
334.5138073881737,8194.649758479372
9928.554416525434,5846.496826863527
9565.23059226502,9893.56224660474
5422.509506579966,9155.030040013848
7187.577619550273,1782.715463258302
9352.546574817452,6740.282646394134
2511.9390585358715,6532.8698007528665
3156.306080641085,1108.5727955518776
1109.2468339811578,895.1893664500476
5638.4611732505455,5694.4411704067725
1594.4837567052273,4029.7313018379346
9308.706163973544,5454.459152092675
4315.668471059491,2388.284549093096
9196.867262006757,5566.630351737095
2050.9990163407397,3833.9530180422544
6940.364744863313,8875.375179937233
6475.920780536306,3060.8666266223026
3996.756804508285,8708.34554126059
8983.43127105926,3899.923627535231
4348.020509222563,5781.6588862195495
1984.3053046451741,2863.770402097462
9769.85381146296,8090.8895025969105
4414.814029985588,8436.46554009774
2080.729776777348,8090.5037721742565
3636.326604814286,6398.364724874087
6135.094565371869,3047.8409730837484
5120.275356113725,6364.882997680371
6351.17022830267,9595.116774169104
6618.5727851847705,6483.853537826265
1233.8103171283788,9563.930075226448
3148.8496397352937,3045.804527421032
7487.009907882679,8460.010706679064
6503.672491534601,7184.684836356347
883.4833682608156,8192.04086633173
3151.4758549784183,7107.629667221267
9313.221493698136,4803.628651706435
8620.126558834414,6865.749800288384
6706.4285257952215,9320.899127098419
728.638205364307,4175.411838304244
6070.55186587719,9517.452922729608
121.881318396182,493.999865925564
6611.264051696933,141.7268193799115
7312.11549006555,4938.028527258587
4972.436196044924,8485.129521578092
38.06644401018633,2478.353593303696
6666.101184038887,6934.238558478305
8197.400855389107,5469.0497087330805
5858.674679811727,2907.9510898186154
7091.9750473175845,2857.9339372217682
903.2135932217001,732.7620077727192
7153.218516761841,5362.140230741099
6141.929620416154,4501.409133320443
3310.1972503083452,2894.2301829800854
6853.3399530481465,9704.32358370027
6455.828824094201,8184.74749048009
5994.602399989143,5249.508423024674
1829.4540331642272,5217.042482234485
2962.2172475870443,1936.1168488586466
9913.82771765735,6491.272371372257
4331.091740616195,9536.354932363338
594.2652355493605,8982.895107607706
8990.053108138278,847.7102725510055
1729.320874249669,530.9719064580909
4035.198194639964,9612.450460281583
2779.9891346099694,1999.0584534360712
9638.754531617631,5504.14087371273
3780.985789097976,747.0980594293297
7087.169639103551,8432.975574322863
5983.829719320699,1178.6451158659827
429.751716018536,6437.571480993103
3843.1467849967394,566.27980179349
3900.219626063629,1566.718764438576
9898.333254045116,5121.410776433252
8119.287010585503,456.8525843906346
8566.542761215216,1956.1277372189857
3135.2117002117475,1361.7230320916651
3290.546151133398,405.7503078850044
5156.057084357788,9709.967702164126
6310.151327284356,4501.662835127005
7282.9348811503305,8589.35824585478
8208.01855786188,3582.227592537587
8732.022193405543,425.9196948475474
246.25910834040866,6956.53771130551
7960.958830519336,387.54191227936997
6108.369897930337,5527.822218009774
5320.847794674697,1391.1201722153953
6284.663368583337,6708.169732531327
8819.382457691883,8927.039025138329
5452.908943075641,9557.63805683451
1621.880058989672,5277.763513504874
4367.7715019534,5327.037214920525
9244.595335592114,382.79046826051876
8144.837569072545,7698.7614287890265
2030.4560141493112,9562.084155287295
7141.437507729675,4382.341238205752
2562.267214892315,7936.920969109724
3485.3699699027798,7974.564902529456
4689.173639758044,7857.008567790104
4408.696278606917,7586.809663987906
292.7982668014428,2150.967366735956
7740.092249801654,7514.24870163106
8463.859941684465,1443.953811426587
5309.432396793292,7125.03036424561
1729.5108286843863,35.3878782163497
2479.3802548534404,9188.250381679132
1263.3421075914775,8273.88811793592
1695.0625433305345,6829.634607290247
8763.973937795889,944.6777906975468
4801.627909099958,8249.885515593165
1110.1346785073551,8751.738143940645
2547.45261988687,6879.878035234844
9495.014162300962,9758.866341067727
5092.656901392741,928.7936845728873
5156.342963206682,7086.4958192687545
5256.448638015684,5247.960346509216
1116.168143680969,1456.0612881076818
9703.13658660648,6584.141132768266
844.8574734821445,7995.282251267609
7000.3842108736335,1647.482411411867
577.6481895748798,7934.907105441765
4435.917704185258,929.7062266970546
8996.782730061772,5914.001110406538
7684.445423850141,7984.701094378825
3346.7602163320375,1459.5683414299153
5513.477659464994,5715.190947145377
1652.7465561823585,4248.782139325751
9561.20239424638,6072.7538717961415
7086.773437486638,4242.217004099648
3742.9376097666654,2509.1186892210458
3179.3459515427803,2538.1089902637477
2386.387495552804,8647.001870307227
7865.195492536043,1564.5431795312236
4346.142504114111,1231.1425121332798
3302.1722104442465,970.7914370546212
9052.217470402175,741.5476634728724
1502.1794757146056,144.92189111818044
2638.354940639476,1604.0583596478875
3447.657124798501,1927.2743490335054
2598.5148554842262,2697.240602612736
5854.030412211051,1240.3948013757915
6010.311115029306,941.5585392028992
547.489724836162,5414.7672570015575
1445.2906406482425,7186.8644271490575
1985.2875637934487,6301.871773665716
703.2806851502016,5567.063689611975
1247.6198929931304,4405.637721449968
2396.5138898562254,6339.802481057929
3456.20607387769,9018.667707279968
7913.0901206256685,6274.184214806877
2179.050788893249,608.6108199470874
6700.258314433484,5704.188883132233
578.8101958472436,5242.144580716239
6582.409263037408,4520.2324751568
7947.192056552077,5687.953100031541
6048.079488446299,6726.17662805434
2013.9229037488349,372.60093097784994
3304.0801386240605,4802.008939925013
8051.81348861262,8172.280331031875
4319.718924912561,5307.772030827502
2552.346479283726,678.5778951771681
9326.91536575539,7750.699910960955
6373.548566105906,9413.315573960472
8057.147105482198,8518.439579993275
245.01884906304448,3625.687995640844
3393.365831630998,5348.2383868545
4588.96902382997,5913.121563637304
5874.215541357629,7157.985863286739
1899.7188647013108,6660.68791706841
4979.535527191837,1990.7146656826912
6856.253676896877,8430.38389764221
3458.7605669202417,8491.823932278792
6914.4220303805905,4043.515735784632
3896.5404037184057,1309.1469920929278
4694.634023717746,6085.6674625865735
1342.9290057226663,3572.5992793701057
6512.745660618043,7413.906287144535
2242.7568802337205,3156.571051090822
8288.501290470924,2629.9927582891223
5534.43371046957,8677.103715760775
5602.567496152046,6158.2053555765815
9124.765224137087,859.9164334891518
1674.0271130948624,6893.6284724876305
5302.346778776662,7527.3355140130525
3822.0501044588764,2352.0361343330687
9663.24075099677,9676.56347628024
7927.140468480504,3728.5824655741817
7575.00864629054,9405.738497374
2041.2135613468963,2936.1692341972666
2373.232458483562,6091.959811824065
291.80827391828814,5175.698656364626
6385.353619424559,9921.585439371584
3708.3538183818087,4083.5560934059445
3120.406943743329,1792.9066347870692
6370.312255109051,8332.088631001625
8286.876152565452,420.4416186379001
1330.2954599319282,8849.560288420036
9186.614539059681,1105.8949341845148
342.71229096310975,5720.124379700259
951.0634023513398,7134.153177216463
8381.281391219745,3363.2334059448654
4927.038268175541,8447.414399072857
9392.548542708771,5937.049693956651
4616.5299659122065,3951.5589037219033
9261.229859557752,3253.635301229054
2396.2962563069436,1120.0823635565582
6164.496227685764,6403.635609608673
9944.680029457548,3640.4294633312684
3760.628080576477,3205.605485389965
14.546845088795335,9499.479823858039
640.5220548203894,2727.9758902420426
8590.596035467117,8765.651106968744
4918.856351546875,9748.96022102599
5367.181983877042,8227.39948826874
7994.261046756939,195.17063262466826
8115.790087425638,8686.23990039137
4774.213079854566,2134.153372181051
8580.607767683818,3532.7762585081978
4684.249583396769,9915.831928618192
6750.213743740148,4049.7785944560937
333.61831061546667,6548.3489067482005
1379.9938686170244,3107.191871312145
8514.200372536157,3694.2866866833033
3131.184223042647,5976.253284562725
3347.43940594597,9482.85745751583
6629.911971389482,2824.5556479775614
5925.381507299451,2473.660070431437
821.8864064898868,262.7456031378128
7657.650342514933,2021.0880331197657
6172.224295097185,2624.1255486961068
8553.31852856671,628.757569783529
5354.9691004896085,5636.087787025711
4143.2483598353965,1267.6436057506824
3713.4045772327063,5110.763989919864
44.18926245998822,1889.8131907785164
397.84222644689504,9357.255016134926
1312.1142528065998,3070.9756170129945
9295.373867629105,929.2847481624544
8806.505323422356,8361.543253914007
4971.963549949745,4020.363771903328
1801.963934158528,8201.209154888204
1461.1136058146467,3124.895831368173
2561.3059361078394,5000.377757737881
9087.228289058916,4453.573021401241
5214.680590355849,5579.0635063095315
8040.418449516701,4016.5118535141064
5067.5435447782165,4968.02150626242
6094.4731777135075,6793.275175924675
6101.026150672351,4146.827782946909
313.3777640699298,6844.04746420473
4452.685180319105,7143.019192182635
8640.490370286394,7489.267656439594
4890.9863189640155,4709.368360406005
4353.354213274435,37.900804384459754
5265.455742419764,7535.110726644831
3807.670379368303,9090.851179232865
5153.999675492458,6526.178754545597
1353.4481610396465,5245.4702411273565
9679.467854021748,5595.913257775841
341.2993998404823,6408.117587256512
4832.0743090585165,9985.246449493714
2099.9253239123327,620.5593784212471
583.5580593090151,211.82897253821386
6517.053785272915,9641.679798548716
9851.81258397041,4404.746378390567
7496.049540512667,6123.536933195347
2540.206673837978,7534.40944819338
4933.89062491138,7420.962301667162
497.8155597866085,6471.941931347221
5316.7025788886895,4718.915380138918
994.6319815429894,5760.7825091111235
7946.076428871301,7296.460163159877
567.0639899768082,8508.14516435719
93.60965900580776,1273.0404705016617
8615.570385815132,2779.5860462031587
9425.422111088441,3975.947591066645
865.540251500253,6654.9826266991795
2789.166590746187,3956.7141468796494
7416.972783325139,2388.850474504963
5396.534652651104,331.4297977827274
9492.368129359127,8425.079412233754
3891.8001104461487,4189.337629211216
33.22889284172126,3292.2899891564284
197.45639469550213,5308.262211269705
5648.5445604081815,1229.1978669292214
7521.0539787795715,3973.5835809715645
7906.170179696615,7517.8573799957
9115.17039086991,7361.174491492485
2290.7454088329005,7718.9636329979
7384.059053690288,4674.170921022291
8270.980952468642,3689.1372423754756
8362.753514478158,8314.404985555371
4115.4356889570645,1732.9103788778632
6259.8300675753135,7251.377801454165
5515.653034433535,8879.472934965286
5974.859347684774,2861.522782941136
2820.312359270479,1977.9542221686552
6832.344483065328,5125.246047037462
7100.1731026124635,2163.906819153977
1959.4838439392158,8707.685182029014
4436.324385968295,2444.169010075192
4221.0557628126935,3139.6592146376724
7489.506483884493,8884.195415912141
6665.03060249372,2056.216199692914
4761.958305643043,8847.84025866664
6525.313097399959,2098.0295939683947
2628.6160521726665,9118.056614440213
2323.478824075411,3176.419030961477
2399.1965275395455,2462.3459146816563
294.97675339813065,4771.8977101398295
6910.762613606479,3692.235033229837
9858.480871630934,2017.4968703824381
3090.321415512228,3383.5379808934717
9298.333617284477,7132.293432218552
6065.426093709135,8319.00638090606
2249.342653410806,8207.618315441729
118.64637143467304,7568.172484004919
7237.314285207513,54.35152485191441
6965.7423499207025,4266.039471220747
2292.533327935282,1689.7217763132544
3327.0508913899234,734.7582588372925
8980.467393161642,7358.820482340662
1572.3331103483206,7934.7987042553905
8354.438681219111,8146.166468247502
1692.2344251774591,8903.107953631123
4817.271357384972,5900.481909412299
4989.652877047522,9981.297998052176
4720.896464359285,4837.226403118411
2879.295690678889,8834.989988807474
2533.6472889407755,1129.4076490298144
7331.5476899806,1489.2350059542814
2756.769031872445,5903.494445741644
6099.153712053182,1241.3477192173793
8466.396870846447,753.0063817259625
8370.344447338819,1960.6463220628257
1671.5140814781837,7875.368648371563
6547.3764296703475,9274.58005346795
6022.791318153862,3334.6732244053424
2819.8451084299013,9747.558404792268
3914.5398099303975,8095.504663298836
2851.1302462926847,2261.0771662955985
5370.651600842862,5861.149989869856
8036.273979535111,9817.934146013451
8775.033363842706,8487.858128240312
7228.235931977032,3633.5908278964703
4834.503611739397,3063.229351621889
9580.95283586914,8192.54148249039
5638.790114784856,5491.651967315707
4785.466887255156,1634.425153308141
8567.736229967764,3278.325583838114
1846.2332873760656,6618.129773737525
1578.7834526893885,1531.5888413930368
7825.424714243219,6987.162074067505
8705.708303720625,7099.287614675897
727.7478165509287,2707.463549613389
7640.861015968985,3980.3057183178435
4244.617204145371,9354.506645712663
7037.2682310075925,7491.757878149635
1349.6933606479267,7878.106555662223
9730.127526590837,5162.651897723661
8812.802940597563,2131.3993085084494
4059.7252826792505,5912.559126168473
8933.588261333549,7721.042901500023
8949.257271374505,38.83264237978135
4612.530249150194,1137.7625326550967
9468.855019361152,4742.941157580784
9768.571255832856,4371.961474432654
2172.127389736962,9822.830457949858
666.666796456008,921.5290059722303
3311.497840290294,3236.8636254878193
4888.352610924989,8151.104275461831
926.7639871668754,6124.275936363641
1406.595574809576,5616.144412331372
9716.991219783655,7412.0103858382645
7373.005963263676,399.8301055573561
8749.380692600253,9474.916983672234
9711.545788347126,1912.6394937673551
3781.443593009144,818.3752680265922
6878.639415779026,3389.5357757241895
1840.2199443013733,7023.562326336653
5516.672007719884,2314.832516583968
2098.784779801901,498.612371299687
1604.3096289916182,574.1284650090861
984.4363172495863,2565.770201011325
5797.36562564043,1352.7385555252035
9498.511993337186,3724.3311048163087
1222.2179485104323,1730.7308404945798
5023.144553803639,3443.1433768409647
6870.681172647906,4444.871308094971
4958.616807001423,7425.392082506409
9117.759243802699,2273.995268721609
1662.9565065784236,4750.637739201018
241.63261007595804,8153.551925112322
3831.1812189912644,9863.771895474096
5554.8880880178085,5573.061700965334
2545.0709140810523,4323.203672837469
1684.3354772656694,6315.331291787107
8048.378304777673,4862.956605546833
1885.7519208358797,1647.5664254342714
4426.822079523847,4594.471820740579
9544.81110548206,9791.003059199607
6127.048336696322,6404.2864632462
4977.234527556174,2834.3225890538006
3602.5023267282254,9471.460063656416
5203.854530478397,3885.816530866384
7343.070605501118,3901.2137643236265
8225.272385157476,6165.99492032068
6498.47736784429,5689.737163953161
7903.170547244898,2904.3657146925207
884.1778461508331,4670.803246619584
143.74450136209083,3325.130256104649
7344.110309087451,7377.804506899653
2617.040702280952,1225.0286644162845
8776.782503720557,7502.511299527337
5358.506776601739,1611.6702531299397
4785.209479554454,3059.819914089036
7728.187724647265,3333.3178737136705
7410.960035518378,9904.121754603997
7042.7653238997755,5898.219847365176
6899.0095600053955,7775.541923222565
5153.959971781844,5553.779838294793
9264.755359754916,9831.579690084634
8906.414097273679,1773.813512461817
3294.049414604667,6048.741293313154
8046.945392605807,7973.820672427258
8911.085139125349,6285.561427135359
6182.549711256878,8969.361844312862
5555.791927081154,6007.079813871989
6718.867475946383,8264.385489766091
1630.6065747870712,1757.9712436995376
873.4367620943084,2620.6389435032715
8201.502749671148,4440.685773895937
5733.262271054286,8516.177118347076
1225.0149033526613,4265.593920686408
4163.180271448694,6274.589377341816
2982.3437145023636,3958.1160192029406
8754.779542256842,8057.203891170975
5072.201811460027,2002.8758624801335
5775.125461032431,5937.694780399555
2352.904049283392,5778.9018833826685
7990.63547591341,4032.4182517598715
9301.012875966262,7051.280566077801
7924.943486984724,284.76608024549654
4928.591431977862,8414.999885565321
8350.889317638634,3479.652295722554
1879.588711624095,7930.2256957485315
1134.1366003892872,3050.594915853522
4382.191202896402,1879.0646709616221
1815.344670786071,3894.8947308487245
2591.6055611432043,7973.669529903753
5851.167586812655,7035.180352854723
4039.031137837422,4010.31201865972
8658.782796104408,9378.687244109507
2256.1234547512777,4087.761858508744
9967.906989660529,3507.527282933419
3593.9341592639407,1447.1891095412047
5154.028506592396,702.786457452288
1323.321098087158,3499.024038514832
5792.990127461399,920.0218620062694
9612.848944348956,4626.349578887535
7493.977778770114,8600.0954371503
2440.5456014951833,4761.166526947272
4426.117108340628,4805.809782715857
4254.333140290475,2534.4062096656507
979.4776759251,1662.9557594839662
8858.50180677666,2223.2885851067595
3814.560499750199,5679.884795511596
4942.596111040946,5917.93114394393
2912.477748765686,2201.877926756184
1523.9562678773755,3989.2037423168235
9021.106197714736,5686.826843865061
373.9747766010071,7604.620385099504
3998.795013161306,3197.693600424364
7306.954269469824,2713.5692001523935
3088.5791820086606,7304.669993217747
4460.286069622458,5138.121707376775
5644.772510341151,8567.465911944677
9950.816122358074,2110.030203873178
7583.0133780086635,7709.428760912498
9671.153737567904,1620.3350741750944
6931.454739893606,5847.712444967795
2690.5288809246954,2836.3370831468637
2874.888090400288,1010.9095759958875
8224.643033672442,6167.646045671427
4277.134911966751,5067.989598960614
3702.2419340327083,4859.8018854624215
9450.940263729382,5925.1942745378865
132.331664707519,3724.3721745505677
5249.668852018622,6701.67561752145
7750.766572878195,1308.4373093850977
7361.69016182467,7149.714836366611
3675.7438713798183,5798.137142806981
5356.483118368134,4864.726400357913
55.772946878744904,1276.5039996792482
5348.30269701731,2782.644794966234
5904.012263994217,2952.9657861958203
8747.913375922108,2338.126539099349
2107.3726981010145,9541.797265204024
8251.457124078086,9156.415578490432
7180.665107553083,5461.332138392505
6660.308648859996,2056.725832402233
3943.878243007597,9111.383650729891
3674.343814376506,7494.06532856174
7032.612224337852,387.7183895403713
9902.232142522016,4907.115217364936
4053.537591787045,6049.446231076604
9185.99777596716,664.7336406342763
5865.450823644102,498.3103115572463
8681.656535698616,4635.239584851805
2171.9044704193334,19.517133376276696
7622.320747444879,468.35559411136376
8349.435107418249,1651.3766381193984
8321.691399013262,9099.707740291122
7847.113786995289,7662.835270127075
3041.9562973271086,4504.260042372867
5219.5021978332625,4792.05667473663
2997.047801748718,6860.245491059351
3429.6590670871287,4743.865363248127
3012.1888358820247,639.2510884689673
2842.270480016398,7387.313750670096
6934.216725085645,577.4982564429976
6502.636993146175,4860.931324480291
2042.6423462312416,8617.075095976566
6915.18720100034,1173.7970002803345
2910.6859594114453,7066.279124720683
2017.1833454980226,463.2792555107412
7472.518804019274,9930.596184793842
3628.6809280883012,6820.863803221492
5693.505243246638,9689.896188867366
2001.2396046562642,6682.239646072396
6136.938373259199,2422.8314025218356
2079.9343458832054,9263.645136096022
1668.7692343360138,6266.70184829193
3865.285717851099,5759.370506078471
7900.618394149156,4291.118929969275
1765.3434826004766,2845.9390940853636
1170.2656751357488,5300.695696469587
316.4769246181587,3660.5770881121803
4159.657565304285,8540.24404356883
2820.2506489691027,287.9854196775711
2921.0845061229875,5300.914848769988
9819.419427951474,8365.648885727305
1941.2340290502118,276.06371382983275
4584.270505194154,2823.0267626484574
9863.681712390053,515.2255663438809
306.1805262201289,5950.037698115432
6966.574446753606,3167.360743917321
3710.829522534198,9597.300379159256
9060.976136117666,6162.9360593567335
9119.41437727074,5618.0200469050915
3872.1273593928895,9172.397653455633
2214.634652802643,2235.7540607091632
4280.034383008202,5622.422595228076
9653.062746143974,5427.82634958325
2813.9858912045347,821.1423431093611
9813.177982330326,9320.59786373956
8193.91497796827,7002.34732261908
2674.523315361902,8881.058496798794
7910.6946708290125,9825.373869016237
497.9944313212703,4796.539622981299
5480.633765543927,8036.598420860968
3573.4913916878695,5775.597355853479
4269.35998383708,9771.230488029521
4728.543380742576,2472.2358410768743
5027.12760199264,138.17170990364613
6564.122744889872,1859.475712672245
6967.770277822629,1280.187820087565
9757.04036618496,4369.5231132855815
7627.786687244811,774.1020374939178
6877.977757168012,2201.977371397733
3924.5888393071336,962.65880524817
1178.0806448724534,4867.527782580384
587.8841944566826,2667.7707208630163
4776.847103251447,4710.072981786154
6682.567126272611,888.8810004447668
6501.598512584138,5168.70666015037
9528.614201751181,1300.6920185788063
3824.2997324233984,993.464514203597
6277.838132396026,3100.195506557517
8878.73821880245,8744.174764625941
4040.7775657799625,7885.214029273639
4777.431528506857,9591.498022993508
9229.728959108812,4601.952643851598
5502.419530301137,3124.4142302970045
7996.099382650921,9709.067318565965
9356.238362227708,3817.680782678512
5710.58038556002,91.03406217130905
1091.869689944056,8201.086138117491
8216.999537743888,1692.105409665826
8177.821653963037,7179.124285673626
1149.851943435154,151.2189045236012
5481.18151615561,1109.9016410946615
4870.856354523245,4835.63553295816
8471.629327063953,678.9802647982624
2746.2783245766486,8886.308956869862
4262.777082860009,7498.69061268564
6047.9104473913385,3281.853120201699
5172.451926410183,5975.204143967035
9550.34274693552,7155.267352531023
9606.57327732793,7553.991886279119
815.7249078440287,3956.7595448787806
2978.469922948356,8988.00220736193
75.34815711570775,9417.847300469746
4178.603485046831,1957.152512260174
6621.390528812694,9112.387997391095
4712.847810858649,7126.805110023418
671.8187356014338,8881.380641373822
1959.562375002629,4247.542682438884
1732.9134830044645,6611.975415702605
5111.282897589236,2353.797782522461
6776.800157428927,7511.017523966906
3163.254231506184,5817.335031470911
1304.6006434363555,4809.45111889402
7985.976480725691,6926.816102729305
8583.618368159267,5523.452711265574
2764.8821344475073,7653.548721730844
4207.477023612078,8584.36066815243
819.3110262646542,8006.063044549034
2276.972631939599,3075.0663151092217
7670.003780501842,9761.192135636356
3651.9788960754163,6497.412629125184
6046.922654017522,3234.6647608386725
9461.844803832839,425.80875276604814
7236.378458210945,9880.964097028249
4534.521846137533,5990.173934427725
3668.803103657737,2275.4026250684346
1905.2701496096558,4911.238011176797
7561.400729805763,3975.404802809516
1124.2521915954085,9513.65239697479
613.9369037884046,4926.609451742822
1048.2867526405971,4846.676654906025
2429.0538686472896,7945.997077222845
6271.23414870051,3909.115646636563
8613.30133337837,1965.1834837675165
9926.224030611014,7683.987019292634
7314.841478100327,9101.086379505066
1459.7709568062035,457.2624882960064
2777.047581294901,8599.000609130977
1319.867442733701,4378.631958174807
1155.5178151378398,2891.3347787944776
5677.326485413827,391.80337165475976
9067.230569068515,2055.227698576114
6843.263613353056,3328.698009184601
8006.501972603665,706.8424259193229
5080.967613570747,1887.9006495366557
4753.211046537892,7368.404424021281
9374.845661876614,6868.608162329464
7219.646380655572,7698.389172392538
4593.411106089331,1652.5778032348094
3325.8244651156497,430.30166527942447
931.2749311787327,4685.898712390944
8209.829110528686,3427.8473510715367
1693.2369289933092,7767.330799537848
5150.158293104699,5388.267592294685
6372.792393587148,9311.803099044244
7440.781052641624,612.0639096181202
833.4355811649297,3636.763652931304
106.86138978628246,4052.406014353258
7060.084958445804,1258.8943406002895
4543.91274759766,5830.158814917501
1811.3535989830643,402.02444729082964
9820.274120561833,7127.2512855197165
7913.541552525123,374.4316076552279
5785.130611603787,8734.720559435074
7021.070928956882,650.2697157865123
1550.2345644708537,4563.494148450556
9622.251950668717,1553.8539882185887
9963.670790472781,1331.222451504278
6484.455097387702,7212.156891979681
6683.12601442752,7742.510419425093
7044.585257353936,7391.99087084949
6657.862234387675,4039.91851264783
4385.408284422121,9907.860371289104
5406.762372208876,3399.689175865056
2827.2619749017313,2452.7956114526396
4468.479163821141,9965.054216462622
4361.033059961682,9772.768052801333
2881.404223133511,5918.35974484738
7867.0481948723045,2090.3917828650474
4096.720043763472,2384.988489197055
5517.152789668076,5208.854450927765
1560.905231859555,7761.032042660363
4749.669001806132,774.5414440303655
7614.553312034725,6876.704005373576
4445.256391069243,1031.1084932451497
5577.413838472018,8441.107444098314
7017.06584116557,5321.182222463141
3889.7557461702904,9896.940904693412
3532.825525747202,7529.822322281703
857.4195807126194,4972.286573810348
5822.723943632249,1411.7714944129823
7069.585490631191,5423.956527359433
5812.524615056032,1144.4473611223439
2835.2534509198535,9051.623998820896
2623.368762985272,2300.677492906392
1594.876132061105,8653.666801841155
469.9083099021284,3039.0255666730636
4268.780362261902,2218.985672630289
1605.20321251864,3042.3613872833675
6907.977009908989,7075.541572400273
9617.330095030937,5252.155689941381
734.8155558502057,1074.7248738311011
8929.557836710086,1370.5901725934632
6577.160884975052,3785.2967263650107
8602.78980709475,3385.4351831368344
1549.5885119297236,8517.35411406014
9064.82028551954,5722.531904898233
9578.718214583227,1867.1498608817938
9067.141089524457,283.4299915086203
7854.9963144329195,1023.6310557969308
903.0425726010161,7004.116834099612
2207.3107130922444,8470.972670277708
9131.352111075521,7825.380029049656
2294.242972267945,7898.75475575091
3477.1403231708655,2609.609460810679
504.76894557177854,9890.860318483004
6280.930046150304,864.0853681058402
5633.0092226928455,8210.953368618648
9617.716679076564,968.1727394785755
8923.446352868648,2675.3130469606845
5059.438908620141,4954.140281669046
6093.37303052524,533.4077076399645
4131.968201550164,3941.7134544322485
1324.5913740781034,3501.143821948678
8677.905954385866,6471.720817633897
5495.38581005535,7180.1343021960165
4253.92123885928,904.9530043077436
684.6540603443663,380.68478834239585
6653.834083547242,7758.913223650805
3996.649057557419,5279.913870992339
2536.9586628008688,5346.3675353306835
8767.532717691338,9807.166712083861
1836.3183433241236,4377.415317496024
5150.198744417153,1961.9252147198063
7957.560186235015,6806.411394056382
8490.747731126776,8156.780614131312
8187.05399919617,5023.607781724344
8966.26335306504,6918.145899678007
1423.5737756159494,5139.3140515546465
9404.585323915335,4073.5225842512623
108.0293249616282,342.77923936988475
2559.040017507661,1737.425820020655
840.3874621081775,4797.674890756099
9455.33135171516,3965.28573758675
4239.356533659025,8428.83768164067
3152.6940487829256,1084.4592589486779
1670.8746353097004,501.27534592807723
1558.1790744045354,871.3726776657937
6139.3168604295215,6780.926696559325
470.8416639242352,5944.734776727736
5943.303752315523,6322.2032807927035
7746.493721988065,1569.2145911651266
6010.148669588327,5163.527679949552
8265.78768045959,7676.700310259887
2652.5870404845764,6838.763625169423
771.7151761165586,4386.878048549625
7209.906169235091,1035.0051334462985
8281.30390391274,8706.50213925977
5016.765365654541,5262.043418439843
8206.169399887553,8896.607597953664
4579.191554552663,4387.0011132801155
1985.2763392245954,2370.1302493760545
4743.940176068781,3074.1301024116074
2159.506489516182,4181.49327399449
4720.315707880056,6142.231331900097
1475.5155917893449,7689.109882559848
1855.620714266194,2426.406318522968
8829.127654771612,1877.2192066219638
1158.5818060556107,2026.5877900766616
2242.742800954033,9344.997790115172
9955.200506216537,1639.488537060857
5760.185160907866,3457.4326053976433
5858.192171594657,4858.676202824806
8449.70876422333,5562.034856211636
5243.196364889574,8580.851434041233
2217.8195348345475,1128.8384343915259
4224.665563007842,1080.1339316320257
7550.01253630462,3164.0964988410647
8724.484384433901,4132.014575235301
2732.038249982952,3737.756619657826
2619.7526413919327,3919.018059686301
3276.0820620779564,8514.550010775152
5962.106998561777,8366.68319695967
2785.090656063451,8055.01305642709
8931.369254605925,7552.806677850882
9780.07588716314,403.89264902285004
6791.199224946348,1493.8770272591219
9702.99696052245,7321.926434389624
2878.5046849926975,5948.439233289764
8151.703531855431,6739.445778932292
6784.446398447578,7169.313859191514
2631.9183066403707,9113.647097173507
3184.0728024466734,6351.429452956811
4886.256665033851,2755.674286755604
7916.43336534515,830.1593702150356
8722.22269205298,4320.847290877788
6339.470437515061,7098.495654450867
7215.763722243298,2819.0140073621196
2638.495376149723,1200.793157247213
7410.715497781724,9987.424104679783
6049.7981299160965,4188.743652610481
2229.2090524629025,2163.147914755377
9501.869716023997,1645.5593879017715
5128.596094148573,8627.823798995118
7944.620194596453,8196.038782618138
5256.12766807365,6133.205890627515
9329.367163365057,5471.855110790688
1412.7938463779833,9514.390047883415
5461.546257705578,2282.676233577354
251.55002059851773,4153.935959651815
1973.9359253811406,246.6500182140563
2810.265046037107,4185.8976716629395
4726.10071097347,3842.165202306922
8201.726574240964,9494.932393901081
4666.545005664924,3582.3243553688035
5611.871995083941,8347.89259347077
9240.543606813104,7665.936595147143
7565.32464502061,1472.7204998298648
502.033882154046,9627.17222905296
1764.6259072155678,6309.657501725457
382.1751213126723,5965.505272980036
690.5626077848481,117.05444092599771
3388.5480198794758,6992.107936435273
7278.585038662536,556.2886443190973
2443.5289277058737,1853.808118501553
3922.8626247153766,986.2098258724506
3938.746614436194,3782.0592304841007
5903.065503422939,7957.115021328681
8929.190071650375,7073.815460264862
9832.2728343059,1066.9514330779805
6046.1096432788145,7984.61192783881
5050.704798386406,4608.4714050660095
6818.756850331991,326.30777888048135
6680.312474220224,2238.264602632393
5239.458626758763,7851.8552796780095
7369.562988174959,7332.997389231221
4912.714029849066,1883.5112314589276
9964.584262520462,379.9906487772442
489.97303446906005,2952.0194398589174
4432.156217674187,7949.268971961675
3970.2434390558215,9383.904820237824
7703.03956946872,5728.856349285558
1908.2535640741528,911.038549694867
4340.75498007726,5020.861551811095
6979.445366550107,9987.913721892537
6031.918663168112,9386.69012491194
5451.218314766183,9932.110039015553
4349.551324058273,6994.14710718213
7520.088002439591,4260.885645914401
6464.251279102711,8931.295600944366
8747.110253460138,8951.804630446948
7329.988864498437,1443.6483303609082
1404.0756444974722,7753.858568116269
6195.380417646209,9193.095194532701
445.38433227170214,8985.196768787926
3873.708622928873,7068.336174251361
4119.377067217761,5373.583353944965
8548.829034338018,7767.49264321135
1803.7170677715465,5161.558413937166
6435.4150492328545,3212.340694165
1923.8702258563844,2589.38493713201
9486.701511977943,5406.572246613244
5294.969326482134,4559.548805139745
7082.137648284782,5244.952680338327
6465.453904770071,2606.9690853722905
3036.385239698891,5905.831214766636
9011.977604231268,6620.744197562252
6272.486687156631,8068.488936824732
5103.180193975416,5899.874226629332
5283.606934495687,7560.708023670083
8906.905241422042,1693.8532596673306
591.1947283427011,1210.6269476251653
3890.620920910871,1796.4109040330056
8416.275278190129,8462.651218176414
375.15246925695857,5561.498859372241
6391.812193221355,4553.152315296688
4032.64183139867,7621.594237801231
2045.8347050203008,1240.7791552716928
6114.048672570058,62.079637298813054
8310.610029954698,3109.6480987347163
4673.395543462625,2488.9433405009145
1467.37389421015,3073.308297682047
3061.512198219627,9735.693471265044
9813.532500490172,5677.457427960938
1110.918867238575,5891.119046633416
1607.1502018564754,6556.6928779626
9901.77847909871,3977.254654992276
8821.014236879178,9789.759164198038
7071.28744735747,9732.614213458426
1509.8325346103413,7692.453128051826
2405.4914985161367,2116.921679641498
1801.8220406530295,8801.968292291649
6309.5485501059575,1009.1988356835146
3988.688877403843,6298.9482551986075
477.7913619509366,4572.151415608351
2912.9230272650407,392.15673060334467
8606.532260646512,9039.070102347798
7960.42333414664,9610.928445216608
6430.118039692142,9073.945351656352
855.4351419413953,1924.6679835616021
8827.908191395487,3329.819012732921
5345.178087482548,9557.329439151687
4945.76010030047,1064.2394408708656
9340.63576982224,5833.047435213964
88.44026925077131,4855.224856133022
5558.972068347732,1518.9863040315865
7912.443911887061,8865.77492779466
636.9047465551414,1341.5442974959258
3571.720674148693,5927.069608195618
9774.851845197069,3181.8088234304078
2117.8605165664767,4179.811401769464
5311.794334059553,2113.5961422904993
7460.690260345552,6246.690653988128
3903.7385250693555,9886.774849256588
4078.7324665773604,8335.430976742426
632.6835210326942,6832.058565765991
1900.933484206505,7563.812806392019
8806.092255155882,8392.866782545305
8183.17640416751,4725.470950617578
3046.385222630683,5670.442057761589
3817.1129898092217,8954.827553189196
4404.10423622046,6959.473341004578
3459.436282742695,1360.2320538784973
6539.117041804258,7795.357605282169
128.28430871628328,227.06316886867194
8801.680559214992,8475.269932920499
3006.4909355261925,7882.993222843766
8723.734618263394,8307.459855058849
4543.858176232872,235.925460299653
7763.309917067788,9724.488341223396
8257.798389116462,6141.320277331614
3012.888236312329,8000.483931837032
6403.248091169027,5665.591033710408
6074.139759773918,3397.4931617477278
4760.1410191686455,2961.4836737353103
4695.686768972711,699.3395751577025
3052.032703377143,5425.149432702143
3101.90511607962,1435.8915520965854
5481.516082720349,5675.173846094851
322.7061798934783,6249.1622194925885
9336.643819747222,4420.806979688773
6499.793229697815,1563.2484031428062
4434.435398298809,4327.07376699472
618.0600213389242,8786.719742469593
6300.125101230699,4580.477927103652
177.42662744165028,3427.2945814372656
6798.671950920174,6297.639582782856
725.2444752398223,6188.622658101164
6561.021897598132,906.1649810988448
4058.8776635044856,2364.905684169938
6626.284948497968,4944.046973123534
1384.9732557330597,3663.3107279155074
1173.8290920776085,3199.56911560339
2474.2404100987637,4457.137063718279
4115.113182232514,2903.1409142449816
2530.309518799695,3474.7170415727915
820.1538437639022,7736.297930001174
3250.280983066608,5102.309900809687
7057.6090012976765,8728.5589438233
5830.861041838166,9485.602571175488
9633.245550195472,9220.773011229438
4359.216609905487,2537.11092646667
3328.023551379785,4728.859298168491
6936.795276927338,5350.521829151305
4119.5878946299945,8521.907547041641
6183.092687332262,5590.206687505268
9462.872805663636,2527.154905718425
4991.892285392244,5475.391138196709
4981.750058913294,442.84494243486796
7751.665234272955,8341.3737047778
7560.766551830006,5659.9937447120665
5162.314463907975,6517.172095154652
647.2034889679046,2009.3912994832685
9807.869938546315,5581.344768438939
3773.2042102927353,5306.368903445356
3167.064164487492,6196.309472564977
9815.468332841474,8474.200512678579
8721.352168939731,7645.384605750658
3302.1664183749313,5468.744090663497
3083.0905575296797,8934.030873387077
7209.541426341094,3584.183482097858
3343.159024950785,4925.508200736977
2514.31963164405,6494.3400365147845
9796.708469272624,4407.666896680842
5657.102377839001,3614.1821371645997
7624.976212549442,1123.9425169604967
7130.549596918908,6358.994777582603
7555.259946501128,1926.063653092329
9033.899761835433,1382.5497628512874
5007.683328938403,1821.5289237959764
7533.7817926153475,6884.804969054397
7968.138343230714,1383.5923341665723
9463.845854960207,9762.3601181114
7130.967030526743,7585.413763981187
8926.15799384879,3927.347078804657
950.3810019996184,5932.827520769848
1260.965939080787,76.26643105267506
1583.4618951034251,8445.319362289763
1448.1307204343852,2712.1156902987063
875.1881240134385,718.8370485827534
1225.7378578626776,7581.1890051879645
9959.102848673268,3295.8166264469614
2721.8502955045597,5675.4115820319375
4780.481071451963,8440.315493019054
8216.1536953545,7759.31360659445
1183.0467408788493,3368.3679236683006
3173.650063087737,8686.965865295402
1592.8602021759598,3888.4991449320705
625.5611602740673,5000.238218891654
9607.533806305084,6124.58670148901
8583.578360182031,709.8082093539471
8792.979948702578,5971.638362869565
8686.801331323772,5774.17240826384
1545.6683422546168,8734.944749195747
7849.968962341056,3536.6387298681225
7278.7120176728495,2421.8867800779585
9254.153604245823,4765.145262728119
2193.222722631667,6873.316495357487
4140.443868756544,5618.942373095669
2949.2851271388076,1382.0667198300284
2579.1781831680028,3478.9162977885744
6523.816875228379,637.8576343232589
1639.4334979743908,7393.263135066619
4648.071196331795,8829.483228313944
6466.404474267973,456.7300488093695
1303.030670700427,5254.274910525516
2569.8013733773782,5659.800333751811
9673.660579043313,4388.2788100144935
7954.293316705847,5027.337357677981
6769.546762873895,7103.567334955356
8559.692071012989,4837.256403213268
139.68452138894415,9196.52133951562
60.74434400113904,5408.737976810094
1539.666359756705,717.9665956735759
4952.571194177743,9533.246606311834
5699.737071658532,1468.1070169138777
1136.8853144206125,7844.5990001547825
722.8561985068005,5269.056864718019
8283.341310968812,7408.92454269171
4644.684814730585,5134.298841813639
9924.94425788923,589.7020033260769
2293.4665911301568,3749.259296895471
6472.0111209982815,6206.8598204052605
8043.881655310054,6288.822185326776
8726.381560127496,9730.44442183791
3063.19015472593,6063.246983735528
1932.8038290721615,2864.3913139596775
2260.945733193054,434.25490081825836
6667.4276953651715,7884.152011138649
5223.298381721884,8892.90456464523
5989.913826294786,6136.380403720868
205.28617981786846,4823.769360206147
3909.732090704022,8609.865177191748
3101.4846608501402,2403.560790363798
8637.812907445048,3987.3208362447776
7762.586892496911,5076.5655422009095
4295.718643596934,493.72616880885903
6305.2958108445955,6885.789951532322
476.79393741796747,1885.5986618074282
6372.514507916336,3331.531849872178
972.0499535444438,4144.928139029377
7140.187809190119,6385.103296144475
5738.384485335735,654.8403790747603
3004.9324264220622,3408.617367536265
3708.3999632247555,2743.617364724276
900.9158243315607,15.1942211098266
3227.884704146599,6916.534412184172
9668.429102962225,2359.349358831263
4861.848626171792,1664.383629389582
4742.4092205184625,7979.652627344818
6292.28788989549,391.9830703969651
4844.438097364806,9002.399477065
3555.0909976297685,6869.016623038643
1395.21574068726,1717.463474212322
6303.152381667956,3501.0302659389945
7489.224227793437,9499.83131982152
9231.026529824208,6188.445822239691
30.138565718731414,6087.176368883701
666.6041121398913,6530.710921126518
8994.056619763349,4627.377555281936
6311.555395195845,1673.0341318878416
9579.102764321558,1508.9111163514578
4308.445941220695,6873.106443788626
4166.871702497074,8839.413184952315
3442.6457939737165,3002.108866515808
1428.1892386971617,5034.0356987604255
3786.329089477688,9922.378435693912
146.48540193637928,2571.611963463355
5093.132848736548,3902.1392855530357
8472.102071182453,3635.2159605851975
3211.9675369061474,325.85836159592316
946.4015652135694,5095.169739840974
9737.613233539569,2086.77886501659
1289.7760888102582,1285.975970536497
5286.974967794993,7104.159993820555
8091.856872541197,7657.604438085838
2523.452073952678,8888.915350104406
8414.89539895631,9341.323928637208
5570.251407068214,8690.659601327687
3319.356798811178,1224.9467069210996
8656.892161306027,2236.2883404601384
6220.001533129509,1224.7529471092223
6153.844265877504,3535.245309445938
5040.09717136523,1240.7184561837291
2747.374871337327,6532.772966143913
3048.6044612174446,7167.154923709671
880.7907285943062,1595.9369289795434
2437.2370618274517,6215.760503809896
2778.250860402323,229.8940660615867
587.0149263146451,4343.702694606538
1103.1473667912305,2853.390540826978
2702.5298853770373,9984.948769677834
6772.525231196905,9227.846189830934
1842.3499103122608,1475.654561162666
5218.49599887867,9173.707913987048
5079.032654955287,4187.898373933475
8340.380796236564,5766.481275817577
6091.638053915897,5337.64426059802
9169.99078693841,7261.5655175575985
6281.013693154016,3349.567936974884
255.15637799250257,696.8258622736212
3814.9207189500644,4176.269397956968
6990.479760561127,5445.055505312506
4751.218944194941,5549.139578808261
4193.9786982158075,7925.97630541634
6715.456308958614,442.2584943175978
2857.328796515979,9880.9436198905
9089.780316918368,9905.65002891777
4131.43600990584,990.1682210583607
6312.178109175328,3440.1748536427567
9823.332665701953,5903.106756930506
7854.8022995402835,3733.258296399501
5316.231587714912,4876.24687805585
8593.875882494352,3259.2835672231204
5604.377184691129,7121.333236223517
4416.534346279392,3640.172445207246
8734.529449979953,4298.864184141692
271.5535689094295,5759.077359619822
4074.6613676320885,9692.012627327904
3429.924665692461,6418.04468393602
7140.863063620819,969.2114938054475
125.8621515381364,3189.006207547982
6608.52478804474,4197.145442646297
3463.6123592457825,7401.738201884857
978.9337904290462,4468.755517737965
9803.307817355691,6591.042199100683
2122.2873785077113,8394.947563347981
3491.299289476336,1043.375837169115
2070.4658927937935,7657.39579943712
6619.911972920221,7455.797978350009
7825.16314068156,8197.123793973278
8606.40834641581,9560.66469669559
3109.982179441636,3095.9797541214307
5245.533915315163,4290.204927134368
6632.57624856191,2626.819990760929
6295.20975120391,3271.056270250778
7160.271936158054,3298.259590083117
7697.273036447547,8697.75018835874
974.7335607130392,628.983176814999
1683.1102469166492,2026.9860587482535
7343.21049514089,6105.582143053621
4766.755339098696,7651.947820705799
4270.33791072572,6973.770539835885
4554.401250775943,465.7567568187415
3720.2601343136034,4537.943812923666
5910.675125809927,1844.7358815758853
3233.255426553759,9881.422066151606
6368.154005908988,9988.919631983497
2026.3711551880692,508.98542917599656
7576.889136157564,6677.241284362072
7815.999745742507,8130.649404745361
5785.20816224646,3247.79868960847
3693.2346274954375,6936.364362454068
143.9657323686161,1876.685348155016
1215.3247245131338,1279.5915327282082
796.8701278866752,9253.018167848877
102.05025148865899,6425.3572448219065
7222.19771900903,8169.472402224771
9560.667599363938,5327.131734934678
111.68265298814984,1547.2535687000423
1126.9060179546398,3766.551849697328
8606.758593498713,8816.569529496115
6885.022494762415,156.0657759748829
4047.1039649630293,2071.7763204511584
9927.965174673154,2532.8659807413446
5736.21341789995,2629.957753981105
6695.990127494281,985.8669488297955
6531.763668355127,8482.196934705147
2227.016300888941,1595.1392000430865
4881.244097774922,8296.74385808854
2164.112985503255,3550.61777665305
5094.6453020762365,4573.180916475966
307.81218808606184,4628.508396049618
3819.5917685169243,7131.48822220297
3722.1007288846854,7312.998340891221
2916.3062185182475,6406.880280370267
792.2894216523713,7737.684835511679
7709.67060262436,83.03179031402097
4204.548642880321,5048.104311991028
8139.731787612435,5240.253440196163
8357.272379215588,2393.39840890849
2135.9738990178967,5563.709080987065
4213.301137988239,4671.573697138753
7209.740052090353,4721.123086995527
4994.961536748965,1184.5053102463344
8550.682304029711,4352.625383005754
5715.690077134064,7664.307285518511
6295.809678585665,4099.8999122004425
7870.234645447052,4874.9842354682805
1222.2210762851128,9675.204117051157
5842.482379180547,8717.842842493335
854.298687641476,9287.001573517093
2605.5112353703857,776.76550723491
2125.7170642457877,6185.806766288314
5670.760906618405,2234.1187460061706
8439.023783904528,4042.436529491883
1328.0960955051592,6797.501722226324
7683.965276470849,5789.148988570235
1430.6612542274888,5057.323147159683
1896.7171284842689,8144.484364712965
9169.401972550659,6825.986293897758
97.29155506654652,8210.451064041696
1971.4404123353868,9319.322465851134
2155.5609127841835,7119.708019575041
2818.8056338097654,3953.9541448360305
3634.1170709443613,2127.7834944333053
1031.780118387322,2709.1532091389913
4684.542798830339,3966.3007504870975
3993.5036736388906,7400.911037703449
6249.338109152496,401.5467300432829
8675.176340687012,8142.814750777598
2977.202601358906,7581.349315808446
5464.877742595945,4994.1665308214715
3713.773701401848,3996.668267642809
402.5028108832973,1126.9705215173954
8210.753641270929,2897.0157591516854
6342.164399919385,1096.2807335574464
21.72270375283003,8188.845152675876
2495.7194020261663,5093.378630581285
3089.8940498897678,2467.867799283543
8115.315405311418,180.89348520965888
7607.132104066978,5239.2096867274195
3961.438521355196,7520.870961781307
1573.422162786452,7664.93785626302
3860.3215258137434,2144.2620420026983
8101.463223989503,9950.620117048977
4523.91360316653,5687.799162570896
1158.7018828585506,3320.070367074659
385.4747240105727,3928.077470714808
3333.3527229009674,1244.3684923788767
1483.6281102084615,4933.558483464064
7450.411784616523,7532.954378072907
2787.568140200953,4094.1009749092736
8774.530309594293,8668.52657517033
6173.492893760915,4767.523780200951
3936.6375981434544,9006.098243997138
6100.575543246238,7032.037649944385
2951.739730324329,550.0970158936013
1413.2387903777853,670.1746470698489
9641.775949233996,8001.0640074987805
5631.614455496841,3568.237124569007
73.28121254804643,1892.4507377078992
3103.1420629557583,8653.204809939223
1595.3449412566124,9833.066662274452
2581.833131895387,8087.482352412625
557.1551973353484,7251.295137487138
2450.8562797454847,9.585597765613407
6830.161005327833,1059.7392623267122
8206.095473917538,6709.437918534042
3473.9201763250203,4095.6450419773805
5224.657485484294,194.7532431963439
417.9059691018072,7408.696665320536
908.0080042450267,4187.650759607917
5519.241418933932,6588.250285358881
8405.769108347484,4683.357451670741
879.8796505396933,264.97714393127427
4185.46668586014,6359.245680654129
9704.246678501471,7880.859838775025
7387.925453751276,1559.7678886620126
1976.0322028020728,8910.8215691806
2851.742671658356,1815.6176311741922
9479.162324714243,4228.3663489359415
2209.8769307485422,5271.870234090279
4409.073819907364,3138.657578902182
3556.100535870508,5004.571989543778
4900.388319689325,7183.563892864221
2365.8018696621607,7144.552006273498
6683.50429964355,9222.827271012009
2345.909861691061,8620.909309564657
6021.013543498393,9851.055817139484
3577.6931149646553,5953.797631243839
2514.7613192651497,4005.1466431163653
6950.02630626535,2400.98114380661
9652.397784601922,2439.693703783594
8693.754415711226,1509.2399865456296
868.3539251972161,7266.669740505197
4544.13788187702,6542.42297255102
6947.799461534385,2922.941961065526
5626.158413895061,8921.374837720003
7263.568331365131,5522.863453068966
9751.201418012573,690.1902925534464
3422.718098048221,614.5092493273507
7708.7315907490565,1431.8695008107375
940.7131743687258,2112.633680629661
8697.482332191488,8874.37341428263
7784.3224236117885,7784.483791836347
5209.6745900281685,2017.241390172052
8210.334700101612,2484.923522506577
6666.234452548964,6367.880229122974
5522.262327393552,8715.23072917708
9460.005119237314,3167.2912357320783
1302.6521701057814,5254.965735217054
9929.676718816512,8903.775487682022
1544.3287706272636,7706.317672065411
4801.759619858873,8915.094582878128
2314.1099685655363,2780.7385064696578
2719.1364944262264,6909.341479816052
6318.319710473959,1140.125938595462
347.10142786711253,6162.078579702585
9407.46778685844,3040.255365164636
2796.22123898843,7014.803144424896
2725.325653152574,1418.745729821087
8635.637299212194,6655.802690520757
7648.361866273349,7085.191352644183
6717.219309875556,8571.563154922882
1463.584506026966,6870.76591032002
7696.167191060016,5228.64281775082
3607.6629132968974,7841.596523553163
9938.886473298013,2844.3317692235237
6712.49545025436,6774.66485452632
8358.930744683252,7245.277264536991
7337.852916646517,3925.412010854341
5942.383427448201,9889.665177533061
7163.1905411533735,3560.897145964583
5974.838290373553,844.9116939490453
511.9859064796073,3034.743795240089
3455.23140657792,994.3713810990739
3164.175187784467,3393.041574854415
7139.732080723811,1278.7288325093004
5761.732008295404,4395.348638592091
6104.888027000064,7779.754705286681
8469.81581217105,674.4305310050247
5253.071389080774,5631.079254688636
2182.7719980610527,438.2758390241548
124.39676844743231,8846.091692185655
1594.975334911426,9213.826460817876
305.7909133226999,4923.57843599013
2370.649185433745,7692.311635804301
6349.971911656638,5929.1093527408
1514.1895613683776,3406.6287799163265
819.2322976739574,2451.4079766011378
9708.54586675819,7585.95816444815
9969.05023927512,4299.802176509616
6370.2351228224115,9202.384581836579
1085.6639365449948,9756.919464786635
8215.206320969028,2103.926706225232
5392.13692919299,5610.633050550756
1820.7360349884439,5369.3424104357155
5756.921957160671,8680.988616852912
393.82123273216996,6909.849598315892
9724.71110139427,6073.775064849106
8259.654991434209,6790.248719107034
2607.7691745424713,3894.5751960599127
4189.1189209828035,9602.91494053975
3952.8358050051384,576.2563960295586
8614.94172043526,291.28985791558205
3546.343644933696,4155.897362612347
479.8016661818727,1545.7594737876334
2146.8884980370385,5448.003227321567
2155.696574651559,90.09903830451526
9492.410479963863,4596.829747660347
9240.547680095215,2949.245633886136
3005.9328699215416,2023.603465754702
27.671001095881387,4446.495378128259
5169.976309125972,8545.48961816091
7972.399218728001,6553.946842347481
2686.049819467803,1599.4164985947102
4390.4402604948355,4988.7305864425
1727.8920456672843,9316.711188161946
3273.952695162554,4392.248226396338
7588.5300286689035,4705.462318647264
4282.812746404877,9413.576597682259
4472.70843763066,1358.0818298392737
7895.516465914806,7350.414854226853
7629.727423124542,2991.6140007070967
1871.5279471237657,8658.91658793065
4152.721794157108,543.6248507875263
8488.578362126447,9904.015681566374
4567.376824445024,7686.088199188203
6617.634829270479,2843.3298253941985
3059.6214931032905,7608.558936831183
595.5856156194461,9229.697648433272
1648.990315461285,1129.1739117486532
4017.208921460901,9135.78367087645
3534.670283889169,3601.744231746067
8956.407607911258,64.59305451199549
5456.226704794241,1124.209704715793
6271.553970941065,8847.939295886697
6886.827146961796,9826.664681570786
5316.259303936581,8953.720134927204
7696.456693716353,4415.366318403357
7831.004843325561,9614.101035585398
3513.859717826876,4068.502191883937
847.8515349223492,1136.96069263164
9863.542283433664,3409.414963802655
6426.2070052239,9984.21163589261
7089.160731632513,6259.455987762988
7566.960065202346,3399.987106252683
6129.634217067987,6241.790971696337
4709.014694957488,4291.3582954995
9846.696942593811,495.4859204175932
7276.574100690406,2011.2763031256763
8458.48761556485,192.3533804886235
4396.753715219149,2547.9222283027334
9047.774990907466,7395.650326494544
7321.510522815579,1933.1859439535592
7461.279904455865,5280.5637893101375
869.3124373245631,7016.037187969349
6174.5670545314915,5486.824173989761
3352.1673487269377,153.70538237193477
6690.016658462381,3633.4197089073837
5682.141093081201,4416.305008496224
1111.8950671170435,3427.533506884659
5299.877427661398,5462.63775548773
4512.584399051728,5131.536812736468
7764.434919836021,1874.5024097539565
5026.38270990498,7519.740335305331
4811.621675994351,1611.6371415734209
7194.909782924446,4589.653702387132
6685.878901528772,7563.022005202569
9918.543786334574,6972.622864274816
3519.5270074506766,4321.858847123439
6883.565687650943,7889.204093438549
1672.585558496954,7137.578958135215
8045.607572350478,3845.3591727824933
7861.556185100005,8955.133797711436
7258.2068509250885,1419.5952160000013
1190.5076493791867,3584.821215272105
9875.445874921394,6978.096712411337
9426.10603440034,8729.77450899815
3700.91482135417,3225.7972961064775
5773.158844375453,5612.4239953797
8888.869701419331,118.39749830859559
4946.439905256921,3708.4279576362355
5991.633399444209,3309.350066738628
6032.42859184233,8424.709064139806
6492.549677495605,739.766905696203
5755.003591190677,621.1457211060412
4059.442229335728,4427.0203819426315
5394.793648301232,4073.890041016209
8714.426817966703,1615.599305433374
8641.0334567355,2633.4419500914473
7725.457468608395,9741.944866254853
4141.07606922672,5131.825643570875
7859.725518735307,878.5307762224647
3878.563471896105,497.4682240154915
6640.686974505979,419.3786972045166
5674.281394057725,3890.1904079463034
3000.246669565004,8656.173730431952
4528.782784562437,8329.165933371856
8303.6175927804,3678.8639645844023
9127.528081609347,7744.2358487124175
2052.954290496872,7522.484570158688
4562.148098260016,4829.954441274939
4335.055581536278,4043.876619135034
4890.152972082747,1805.4862101501078
9766.25667537555,2787.709874251687
5187.425131402299,3386.9543612373063
8300.766881991816,8127.178397352585
6639.37073980884,5529.529699233292
1071.9090171650269,2009.1452691106083
6956.56801093779,958.2761086331126
6470.5916469841095,4966.638275803369
7584.688946988624,6663.166014700207
744.4852161513593,8188.836128611328
2413.075599629754,7973.146691542511
7692.886897533584,8241.557185478632
3706.1597291038615,4478.47349934608
9108.189568220749,8656.575078434726
5176.704089677379,4446.082509742962
10.271335695998252,1681.2129058475211
6988.359629245723,3973.7854963929176
5134.639712630223,3400.2507748845114
3170.943558487329,3921.7683356935586
204.40698403210055,6586.192630542266
1987.462324252983,6569.165168489508
1615.9391832740212,2249.0151938230674
5828.541444201629,3159.3056891920214
7695.540205077395,5953.5489693455065
2346.064168137559,841.2846053650824
6977.231342275483,6886.641962168431
8998.242585550062,1788.9230528013345
6215.860213445481,8507.111374968488
7756.476259730759,4015.8765743376157
2042.3150552022994,2208.0586647349933
749.3852195061035,6678.204086001286
3653.878012429278,5540.30805671653
7090.069248723642,1719.3562803419538
6860.985893150875,8271.610404803034
9550.792411450078,4532.890746702646
6299.784197666168,1522.4486476990417
4112.844609930495,7961.819542269965
7971.314266529272,1334.3448172849426
1530.6791164074552,9680.385017972736
8130.2233834837725,4418.098083174089
3659.304657650362,7282.222669343105
1540.100090222426,4519.677297064978
1621.406240384511,1875.6266802177634
9835.97495296082,7581.140316328429
6232.227625406103,2893.5702129527886
1742.645943220812,6824.178329583132
2685.6253801028975,2573.72718396478
3720.797690916112,2411.0827792236
558.9947025287612,4574.456175419263
1084.1571641336877,8162.3936663400145
7617.542943987393,6136.330520037349
7868.739696208048,646.688594976732
9882.346113645743,7338.646963579187
675.963853471534,5797.710012591606
8891.844116211187,6235.655298870543
3172.16045644085,3535.781607427234
3278.505857462005,5561.616510424015
1272.822518804576,3718.886985756822
9863.001769447392,815.0567116131701
9809.892369086734,8444.302804945784
8648.296087379438,6780.267227673986
907.8008664523651,6704.390121306464
8416.496257092356,1936.7876460445787
6346.13993132807,6635.9656524195125
1287.754459542828,2320.306238453518
2617.577572464618,6875.346871044031
6892.241314982004,3335.3048462091106
8034.407743807607,1575.1378673555528
8480.870459764743,9062.643498999934
5438.30241058919,1046.503244809557
5346.199166159713,7617.878166155729
6842.090128612494,1017.7566891515278
7777.225492331079,6847.196430648147
1705.8578123542134,1103.8559465851804
7398.376595512927,5088.244706205737
3416.8658915571327,1879.9569185131181
3837.586209223424,8665.815827161463
777.1296487580192,4014.8456931185005
5884.207622682687,154.2634950013111
934.2009753464487,6281.612521900507
9131.356037168567,4451.391389089714
6209.703062606208,8597.39297094657
9902.818551181863,4331.441777818177
2456.5215263060536,4111.404801247529
6796.005638656374,4540.93215213132
9644.299883251573,8598.540182251874
2985.782643116781,5868.225615265401
963.2264849009354,6693.624202356038
6339.765767215981,7204.1088615579365
3660.991667653586,9375.155224406573
2730.576337101296,8375.205926373677
9935.876507434108,9272.842616431939
7541.093361033211,3433.0494018426984
4853.946330124377,2148.400421332164
500.0339738296611,2033.89511930823
1916.1567751387543,8578.01092150656
2987.784252729758,8305.912308809908
4871.966015662851,6504.116113967042
4972.498415649596,629.4238399355445
247.33363223272465,3180.4815738277716
9433.562700169745,7342.012877684909
5428.071794385061,2485.6877373554207
197.27166985385458,6240.589207724244
7013.351941755452,5427.412218745396
713.5151191748523,2626.7237406026343
7211.704248752308,9343.38030834259
7014.924808277764,2567.3904925980205
9849.231640718714,8947.911551443156
3420.3741900804685,5409.319191582786
1443.2729155620839,918.2801302161458
918.6927264528366,8336.247553381156
717.2607017319476,7914.320442178518
8103.332019188127,8309.745300950011
7185.480698277238,6381.485456392167
9759.152167268907,7116.1562632482155
3091.8604001577764,9070.579801644948
8031.024531948429,1276.983471212234
930.1409544523409,830.3784435509731
9038.798924183518,1250.7563898566466
518.3030880956951,8700.716426852567
7878.834824080981,5629.341958249606
3073.5552483599095,1760.6528126932485
1811.930065503532,1417.120683398848
7045.145277165422,4454.235553646432
8958.780317725217,8157.340559105974
7641.2603938328775,8051.767195615997
3130.9994507250603,8512.530689440027
3535.706548949362,7689.447334110394
1893.0459488898066,616.1980966467817
8240.615928810386,7201.669042344766
1070.9363432911,5189.612903950607
9032.139272687502,7264.122132462319
6011.342470204014,4842.827396340576
5888.549556969969,4835.39051097213
8378.214680964453,1261.3466099046843
6675.3325139467115,9052.252416399702
3042.3925823828104,3746.2175641921967
3495.1512211682657,5823.7409235034265
1730.5419112463594,2071.5626643789087
4640.632418988168,3688.888986598533
1101.5476574537763,8705.7742318448
6530.365073268742,2095.993652169249
1692.2884111400438,2061.0561334229283
8639.31773080585,2604.991102674902
7004.625869282826,5746.610879422904
8915.112545312555,5206.8822102653485
870.309875868902,1753.2200188791003
7985.093345022022,6919.690209010282
8808.047250283427,9075.400290973044
445.69808908051624,1988.2887733228904
9990.759552011765,6729.538254626136
3006.443161582324,5863.845909184338
2117.2121420910116,3289.389605399552
4149.052232572311,6178.306186616709
86.35392161345234,2099.088882079678
8859.063259938282,8339.54833441952
2684.9088256260566,222.12086518779262
5215.9150030839355,5670.629767740638
6235.5951961785195,3187.801818794198
7910.917957996293,8813.607199240481
2502.0611322083887,4993.662680408301
7171.463674048554,8024.880392708866
1176.6088104213868,9238.203448511535
7042.35167888883,3343.4955146368006
9192.955325575564,8803.41856571418
850.2626835322535,7262.789280745675
1167.028008152501,1081.7439710796318
5572.274999306963,1039.199487712933
464.0042234298569,8173.453908139097
1873.9050928894897,4683.160896049591
1901.9213638464905,4951.502709700828
4812.474627313026,8912.465387146744
2484.870293104672,9038.033368486655
4755.228555695976,1127.0598468663839
5211.7578827942225,3736.4832294455873
7306.443875369544,8952.267692691485
9459.921947408431,8198.54348343964
5037.47216366288,7210.088210358766
3550.053454922537,1019.6720377283874
2587.034130508934,6211.945662058667
6346.572115041288,5818.514016619803
9429.17111525436,1671.6706106856293
7646.549117737659,7738.587897339362
2061.0263188837785,3119.7698492874724
8933.041306354866,6206.257229780506
7355.1330808424,3618.3548580639344
1279.4486123635818,843.952131049206
7128.0241557896225,5247.948924639217
2893.554574062266,3066.4313555565504
4913.966573301097,713.1300334758972
3002.313140914188,1985.089160925939
840.5923794102977,6188.55769190912
7685.835846833593,1013.8199938406167
8286.83758708124,874.6634105211981
2319.7900136072058,9440.21569030851
2396.381179195287,1075.2337912141486
4299.5772820863995,3760.5972830955734
8114.693191033808,1334.108904834873
772.6807204675457,9392.6909224225
8087.1135329631325,4811.613995034431
9227.229609555734,1111.192421137701
5615.041677899073,7688.164424256409
603.9148150939477,7807.865877069391
2695.5275985627436,9011.99463341725
1113.8647410537162,7056.553869086733
2592.8357074942264,547.1627384105826
8117.820094921042,5503.115471029815
556.6778922793114,3840.3985873371093
2838.2363485199135,7485.810502933661
5169.507626254915,5909.290085058163
8740.409764859547,7252.005207922245
2499.821659169742,1804.4391787308978
7783.271565368834,4370.709939344532
5835.690747388903,4321.043269825159
6763.694173796943,9809.746115823698
8617.686475746907,191.101628032726
264.15653705049283,8160.429420809547
5297.33479603489,971.1164298733344
7472.142070305571,803.7805573409884
8846.030561990969,3281.7649315069298
1326.9418828777868,7007.668939071331
3414.516377201041,6784.46323757051
785.5579169516013,6278.806441246453
8349.340838088829,7745.511027242677
8573.663478196435,2323.7805319973427
4835.853148756044,6338.4444484728365
207.9529334295871,6380.37545770641
1021.9814925739213,6543.35512795114
6243.581194764398,5944.536350553675
9826.191858829556,2215.228928375935
8388.640772393574,9142.988980954387
7979.22216036418,9760.046285323771
4179.698809626993,6891.867124199394
9852.122521464877,4440.7971730722065
8249.728508613034,5371.907748071769
3356.5282156404187,1083.7151807940647
7484.910288683159,3633.958981126106
4325.22919438912,9761.343539650123
6604.556701758324,5477.222626071534
9700.53856770208,5606.275435901671
2464.5155526718754,9539.798690202479
7950.021909876572,8863.54180344176
5903.743211800885,5687.163778040278
9499.709132437085,2689.9084898215374
1344.633099539424,1169.314152322518
7197.094988451969,8636.514256947541
371.5315103458627,9200.915165175833
2465.5348061427217,4942.849213467057
3208.5453006611797,945.4856620637875
4322.557604920333,6062.247305333481
9652.999771247958,3674.6139894187445
676.0140172949302,1578.6066064738725
1689.8286435324283,9191.433896389264
2030.4722618544513,2394.490520477074
4239.967023155737,7111.615158461626
606.9986914411385,4293.778593026811
9654.195465450688,8279.208672882682
5598.516911782219,7008.349035094396
8132.869029225715,1231.6002961855743
7724.984305640135,4496.117346567222
6608.25136021508,2597.8855527584133
9044.094186310218,7135.844715114099
9023.837121577031,5446.888267273366
1277.7182966481737,3401.8121776785206
9019.282991242335,3294.601469947981
5238.910353829083,1144.8699285469531
2680.6971348189822,2138.2183336792627
6085.004668564389,7134.662475960849
2809.035999095031,6099.044804825281
4790.078626524297,3555.9594597783075
8164.378486552562,8361.156056235955
321.9797594530538,4844.128509641874
1830.8899156595182,7944.341543553237
9565.826751228611,7811.801509955759
4450.983734292539,8479.989506495607
3033.2424447545213,8497.717072153082
9232.795412941368,6790.6259862711095
9112.139109381736,7494.234933956002
442.4245709782282,7769.071960476483
3624.7801640589028,1691.5940022235177
9128.216497716243,3002.448283355277
1797.7196935563722,1042.3973826554889
5782.135095231155,1893.7136240683283
3207.780136701538,7782.872523011868
7365.65434119525,9471.104338753154
1582.6247461439225,6736.354667308643
5960.5318032078385,8860.477070406507
0.08432211304310044,3179.7668194100515
2525.637555098975,8457.955803065022
1621.652115107044,3387.8593582571934
2098.307119820263,8941.667249119622
8604.26292306112,7980.4583817725825
9147.965854669137,9835.971854533276
7550.315730089154,8272.727113763243
5901.065298506964,3982.0965860204947
2308.565158630542,1100.7978013576703
2747.2137842529864,8742.730998922952
3098.8977310516207,5711.909735333868
7770.05460495953,8581.415493448842
2528.843078366999,3871.2891457567134
9733.894253703136,289.4923346863343
7964.635212568995,524.1658729473786
9997.177229961975,6704.984793991049
4591.785633972043,1144.6257117117443
5893.281849963158,7454.619956580701
2804.015450910542,4194.426079056824
6037.445870352405,5631.079176345221
9739.002853454442,8012.1337611943
303.8021516829259,2530.7144430312132
2892.88792408791,4129.025481865097
2812.941697902931,7295.573162382514
9823.69865045279,9184.277572298677
1326.4938742396225,2902.997614949412
8123.601814300355,6227.229443964397
2745.5384633564427,9512.139588594257
8606.02979878123,6488.521890409563
4877.509013403107,8927.891034743796
2422.610851523772,9397.298514768487
7097.330155906459,9293.42622428758
8415.8076340469,7584.77084311003
4701.392092120737,5520.954863028384
7139.892757143564,967.5283789317168
1815.8252392557417,2227.061405648999
9376.1218077816,2557.671265011575
964.4950638111949,332.59572836965015
2219.5070897135847,1019.2337790804695
2883.597660769092,2947.5669827829533
1527.5300027115202,907.4094225619789
4066.8033217566244,1695.3500773364572
4577.360278981032,544.1759737586449
5185.892575457532,4165.326495990893
407.9954755561099,8213.272916730688
2191.0606997737923,8122.438442032181
8077.632512120207,9048.90429598096
8106.046545697839,7455.99502587048
3300.067517543468,2444.4195670896997
4611.743614372383,7023.898964558223
1834.529277296143,7538.218957135326
8221.398904218673,5431.075414411046
9566.837216454394,8070.105962882533
2913.528602565056,712.6584257665969
7819.379271553325,5947.805869052158
3523.8913623012268,4798.9338006849
26.339215744580756,8052.1181499902195
5997.277265910264,1279.6059563587048
4103.986534092572,2126.2397664149057
7584.350264951599,5586.919644553898
7487.640801377465,9472.05321954128
9460.312441225,831.9990215193174
4378.190089093483,7433.7702400385615
4825.119035507076,2053.9920200999563
4004.0530737988333,1054.4886808488395
2969.388770227198,3947.6611384354187
6378.422149099721,5830.528328432702
8280.367629625525,8270.17941172108
1578.1067454491592,6346.918507400091
9818.393277600184,4916.671429261613
6838.0736363492115,2856.6736636130395
7801.11016230974,2925.5304333160425
9988.54585896704,7705.768312650543
5040.314965789105,1140.5967503153392
712.9125656089564,1464.7376737164707
7902.917269389233,7197.363789960311
8707.660276114115,9610.420292826047
1623.9715010637512,1202.3420333306722
241.3742184253953,6094.260828611033
1358.2367692668251,2391.8838726807044
3239.664141001557,257.5781487251705
9242.810373854658,8322.676560647224
24.671938241843662,5086.046039868029
8037.978957268744,238.8995169441821
8548.547362114505,8954.533020999586
8110.523260529817,5356.8524062737215
822.1435564369795,7370.673884060989
6791.8999885575495,4235.048110968109
9539.036234992152,1848.8327270462103
1203.6276852220994,4655.73305793742
316.8179821574657,2876.7235045265306
8736.590316919295,2967.3543878693276
6449.29668403208,6438.781213058148
6464.354657405515,940.7965505520455
9644.314289272914,3970.1453213658456
7697.65583589199,5466.453941191628
3974.4488563492455,7098.574724265849
4358.411173003423,6328.992626455531
1446.9297997580754,8862.465707105532
3040.4986689869506,9923.842825293897
4454.037154816575,9374.234240147816
2610.854267782462,7641.523727985166
9158.728481442247,6860.152548527771
118.02673618445225,354.31684108294223
5870.220896803678,5334.988126767724
7716.081290362527,6637.169011387296
7321.089964765778,4129.4004793499535
6437.329591290303,3847.9661282461043
4103.3549459743745,5425.264831661612
9184.772327053372,9066.399183945772
3289.463379704679,2609.2836912466864
7501.341262839317,3990.548210729692
9266.509717984287,6530.878066490696
1283.8362291953188,1860.0725996607302
9470.810480191001,8349.035805176538
7760.327012469907,6660.672045881497
6165.916630411982,3522.6205971643963
3733.9870562496226,7221.670048248044
9042.6542517976,2793.465373444466
440.4293621391331,7744.608967348553
4318.290554455043,706.8805305717252
7566.338975840929,4267.519873767417
8111.404424571679,2616.3885786304495
2022.7849733080361,8167.003873467656
476.04652015881044,7527.470629328184
8028.5115525360125,8418.61380561189
4218.922677211819,6515.630421022107
1435.237300825668,7953.22417616304
855.6834810813097,4387.882692485022
6406.395705134354,6780.574161018997
5828.178656023051,311.1766901967561
8539.903767014972,8807.246085395253
315.6701227248415,6847.736512030317
8684.272331675333,8660.964577184996
8872.43109405655,7708.588676193896
4462.996774625256,2863.7668094126343
766.6644781876153,2728.802295944085
9467.432046023148,7996.387775735212
720.2990532817089,1847.091918213043
5906.753104461819,1106.6120082843445
4931.56502672821,150.42204994582863
8350.864563280584,2984.2804591865447
5026.068527059596,992.650505691971
4691.202817060468,8016.865300967649
8806.50146378892,4845.438309817498
9640.10082764836,2525.1522414330043
5492.7010839880695,6020.869381917932
4547.239308417197,703.5241999696806
8310.951432144022,7261.212512835014
8310.934613898313,5013.9304494146145
3193.8171608533207,64.76369228008983
5762.236554220039,3192.171529147594
1541.169813555996,7501.923733892968
6355.419893793224,1881.1517048358162
8339.8901354285,9618.77257871922
1875.150848722249,8966.291443211348
3230.4704632475177,7782.387287959541
4489.342837224328,785.4835850031527
8450.800641258142,3538.372976333799
7313.700112406765,2981.973451089105
3168.703882400219,1376.2531840876914
2430.3355367038703,9996.188950868436
6957.04710046121,1471.976349527918
4798.874650401323,3153.2754654299997
5935.542245494026,8801.414525677063
6486.974592760553,1443.853607985518
5586.867335319174,4695.279719537308
6130.7202988204635,9756.901306994696
8875.031525124248,2472.8848296573915
8681.989274774778,7030.58216969583
1490.3427325942941,800.3964837578093
5864.96714585824,6008.71941248288
4393.019966692437,3390.495330988235
2855.2007506518485,6995.645320272685
6311.474094177984,4328.90005435277
5108.835340901225,2989.986465546606
7749.040653297997,5460.078853341835
934.3098959169627,1396.869129207199
3026.807493721033,8144.319706485138
257.82258827762973,7507.093919816078
7459.597536354803,5449.68171573501
9124.573330084168,3670.4830129739485
5873.763406486373,9152.26160689289
6169.791596660393,6344.583999974136
464.25121663590585,2848.0013241151682
5037.812982362111,8067.086086892393
5268.722326182029,6350.19701732663
389.74485759422305,1270.126165468418
7823.8713974958255,1142.3324460873007
2783.2013742830663,9381.050194336367
7234.4700681125,2879.1198112394436
4029.253468698244,6634.825993214409
9956.461374481076,364.33873067410525
2122.051462071344,5565.0193680544735
582.3559129060052,2311.2863778434457
9799.054932004887,1396.2626935695666
2438.420180755649,7735.031256342612
6353.311871158296,8095.426569395616
3745.682198152281,7152.122338665443
6396.278568346602,111.86845141520685
5960.58589421475,2849.0921564328396
7072.7388128926295,3609.612664364972
184.43355976691888,6908.502238516317
8361.94217154001,7555.436816761116
4786.65864220239,6278.549220279129
5188.528016714431,7890.883447380216
4110.251910401259,4272.998778194647
9893.824822730472,5418.449898367711
8015.713740947037,642.5017507722797
3113.9337502980848,4271.6324654542495
7830.712747887544,4326.331134961543
4369.935272552643,6115.201095682636
8700.133426956474,3778.963526783163
308.4649526453553,2384.5498705148625
3554.0649865247788,2375.962892606648
4298.1915596172175,1338.7289473455698
7442.495797272171,7010.226500949179
1823.002665891229,6225.683810552795
2862.8109439384507,5792.499199404496
7238.8029238626405,5310.196292654369
768.4365920982084,3675.3749886657383
2011.242947670444,7687.168666307302
7533.665623418415,9220.241650726186
8755.286509328855,4399.891891984298
7288.280507965881,4090.8860594689454
5271.38285130853,1627.275570844533
990.6130119077606,6707.088053140171
8272.257429802956,5580.922633778134
1240.3899717111522,9879.97996237808
3850.7845311142096,5843.23166769958
504.993443453331,2886.108661948892
7096.75094879416,5629.406617279221
5034.9496439321265,9846.952327210784
9076.077334154366,7233.351800241498
1387.4249559457974,1285.7730876994367
8191.659503768125,3431.6261833194626
5106.687579575284,2986.849610525695
3660.9238335720715,8568.237789874162
6435.668858860308,6111.628481612073
7904.173699947702,8101.019962326655
4402.852734112443,1762.4605343347766
2328.0568033775116,9080.3490496635
9157.891494983014,583.1099709560194
3129.9774414398908,3748.371871207484
9982.364438975083,141.49044286431933
7673.249289565259,1842.7949410697408
6878.191749136587,9622.258658374312
123.99727831886698,784.9533139047571
4485.313259284245,1454.0657737161077
5024.610756873775,9248.4902624552
3763.763961867913,7101.7456393955335
1499.7310050140745,4069.6440864167316
3674.504442551082,687.6581738833431
749.7334119100884,7850.389590792439
2909.189197000419,4927.266054756558
836.7927562306198,3230.1686632399205
7524.234538224849,3607.5042547508006
6711.572931744334,5052.77537974504
9399.331368290706,5512.328230781662
3799.288219754219,8180.987708704331
7862.009579958734,7717.037220699862
5876.0720273492725,7670.586915202087
6461.034280926169,7292.979863202854
5474.612697643996,7577.8691514301145
7791.601404607412,6776.015251949387
419.91431914548684,8680.234733881465
804.8816391450553,5574.542961060874
959.2376997619023,5208.442596064341
2886.9073406263547,7012.959786388669
5911.287895483891,1660.0597307977494
6456.175495344663,7769.517138350426
7126.036701895047,9361.558432172887
2807.632238847576,2962.599648147055
6502.127438984495,6110.449571784768
1176.8999275806757,326.22513601041294
99.79210058657428,7658.22862672667
6946.807875504997,5596.681731860393
7156.122084805838,6736.5428463469525
6221.427079241109,1429.927199418044
2588.699490969971,8094.548053608013
9274.684605818258,2559.363373436279
8756.755831302486,6847.922032934237
5155.405606191753,5931.417650302112
9891.397510452915,6537.914461283672
2986.1955655549664,502.3728680615802
4911.342846703644,7418.505702312233
9279.217718531161,7952.497285276757
4621.221326035157,4748.158231524108
4710.082277451876,4088.6104423708434
793.9260133410642,3425.4470395483936
2113.4639948988643,9278.819064822703
1578.6522601369734,7550.682543415352
5652.658703937135,6986.187272366482
3184.915710166951,9256.066246254857
770.3045919606976,3487.692306192136
5099.723923349671,6301.380858165785
6692.1716162914045,6860.568305268462
7365.267373224511,9962.275433177507
8375.17907401389,4271.861144071557
4819.56394819929,4001.810519397775
3906.1185748202197,844.8792431060082
6841.217862775952,984.5248473997515
133.64752671491954,5117.990605316475
6335.265863932911,1711.8195943770654
4056.819241155845,729.3083225695763
4528.752863372328,9648.930050352366
2962.6953341634044,9514.173979083198
1272.7551758610311,3252.767683489932
4014.246641742084,7898.694069333043
3082.0233015899857,8725.490536191706
9601.183728864911,4647.470677839906
9435.394317360266,2236.971057603652
6439.172650792181,1298.0482731078946
9037.013103981524,1408.2237142510357
7512.747777674928,7969.331547370067
3458.914891267758,3844.1581502626277
6039.006672743048,6935.076504505486
2203.2357359948605,5386.934343853417
6872.082509438159,3946.683804234553
448.0757190082263,1238.1573918426047
8313.417486990498,3334.4898762893804
5832.298243089615,8401.739208538072
584.3834672271886,8113.979369585518
8717.611653274691,283.68591965683976
8777.014109050659,1402.7655837512798
8528.158379783177,7559.012167332497
7743.0197681872305,3357.328963663753
6779.254152635964,6435.910669585375
3969.0912187858307,5626.757389940499
1363.3916728645545,6520.673153948854
2887.75275033222,536.9655092428727
3470.7713835143427,9311.192055302268
3580.764673647915,209.69549755315288
5654.8961512732185,80.32495984745313
2083.8280814577224,2261.5300238889736
1896.611290687501,9934.959194307332
7169.627019347408,725.3243460037339
75.00550430516229,8745.001740107142
1495.1943541302737,1590.890704433059
4349.580822579714,1091.0329319019086
1490.831661198947,7789.703976190943
9598.125513189427,8466.787145536686
6701.039514683428,7921.828884592113
4327.695115445267,2410.288791877492
1122.5534786679602,8798.42726067651
3851.86290154628,718.8543219013832
6506.016686779605,3419.7746323905953
9688.14203358067,4631.831257277797
4726.873636408009,677.3527160702275
6924.122460924058,5798.432785486161
1953.5899732672312,5593.830170655902
6236.333707356633,9921.825749081836
2390.54899907017,6216.640027879551
1981.3405211574564,3975.456768189961
5092.205616700667,7901.848475346278
2116.6429743359995,3349.6700417359725
7213.27527224228,5328.686543725368
9373.36590966338,554.6960679322077
3936.021023947349,3226.6577446604474
3224.614034267267,5281.08014753994
1758.848936027093,7023.1189372518675
3903.9642758749537,990.3279037046275
5596.34090532057,7971.867291439168
3729.694129930725,9001.589866512644
6230.7621849888465,2810.3716556109416
6624.234149532125,7653.46580784304
978.2956201474535,1803.484911606943
6977.827060096121,5234.158717566895
9003.175309116717,7976.353650720745
262.5214860950831,3864.9168557845883
5513.522105988594,263.0025203882092
6038.743737535993,5399.673752141848
7098.153350703653,8446.998729007388
3857.686637991171,1083.2737731459351
8187.103168568544,296.41402142510987
5398.964662361845,8090.4077598458625
4089.366015639,2671.3257867135576
7192.566957365676,3643.4370573888395
9273.755316052871,869.8202990459991
8120.016437774679,966.1898442446726
9306.64777988394,6145.433569160066
2659.3476203020928,5522.296493464929
1185.12970886708,2924.0177641425234
5343.495501588525,4527.375562847748
444.3042484200899,3881.977643430251
6745.897689212559,6950.529164212854
2400.0152326555444,8620.890248135873
4543.500884081216,7651.024194460167
6555.618405393181,44.076496682005086
4830.9530337146625,995.5346112119256
2360.6206056654623,4293.767800534124
8803.705199960898,8517.988558811006
7645.353210400474,2369.74188074045
6010.724935694522,8789.520865485087
6985.402636083992,1100.1365854113164
4153.2589762793905,726.0712384847423
3758.9209641835664,9134.196971455978
1601.1157572849788,1619.7692599669144
8035.914874497382,4637.755816321157
3810.4424518121414,3259.570441764917
6923.239745010772,1476.3643466486653
2999.419913209217,6321.110149600365
7959.8926012663815,9636.727141315074
1052.434113329057,6581.094468542239
6250.141993350907,3536.986827773304
8075.9471144147,7117.969558099174
6602.502459865176,1432.4815546973346
6961.158066751002,5800.163106934103
5259.88955417744,4694.57446146198
5590.319971087657,3599.835714236381
658.9343886963505,7395.6730242942485
2508.0314700557883,1184.871454224401
7219.287467036839,5327.90475483174
9454.214220576649,8543.973265533443
5417.809575929401,2017.1015569583217
7255.913322577284,2645.412419294888
6835.798706143284,6606.717927717816
9993.84321066195,7725.869583954947
7950.044390185197,2833.3560138177295
6276.47333785172,3598.9800853676666
1151.5931571345961,7399.124828894812
3626.62005996614,2853.236651370333
2506.989555408894,6662.475047064852
8536.75633248466,1588.3475080578269
4461.730139295992,4113.104594884124
5352.9966695301055,6886.772097232317
9648.232996893881,4599.04556101958
8366.83801650467,192.37348358529195
7898.202602401063,4063.8035710451404
1422.1965442839723,2883.352908896741
227.68422336719385,1012.8218282935941
1255.4835585876301,91.38011648651134
7402.833306143588,455.1540156635581
4107.177977600784,9492.476577377409
1174.695863791434,7498.1920767825295
7390.195035537647,9397.417129131407
1945.8403283381022,1147.838966201581
5890.433096512144,5705.097165983323
7415.428207858039,832.8856504819304
6080.606248455004,268.06391200702717
9936.365408395262,4662.811444402573
4341.627205635759,6463.435472978527
3118.0508760996286,635.6236092479905
2011.9668009991842,3650.5971672699534
5037.796311756175,901.6700157450108
8524.799402513696,3621.036419001563
9469.151899289169,4717.956982955299
9720.54872939221,3375.3138532425473
5313.783384763145,5762.4902430070715
6052.603455461887,5845.900564236849
5815.3976468216915,3329.3533278018194
4659.72395351964,3895.9841607776248
1522.3981431673783,4410.6561791226
654.5868676558042,3756.5330657612717
4366.378956976234,7606.476605576575
1861.676952776683,1399.4750401555677
8866.517450816593,8570.354299756205
7616.999448659605,3312.5101741851026
6184.067039775916,7239.608542398344
474.11975094178825,8837.757950891384
6222.454141733581,8874.527016712142
6210.691987210546,4523.650700145322
4392.11257728802,2566.0315790182754
6577.529908820342,6057.604287571362
8579.145309982187,1839.630105909471
7579.868538980747,7905.96872154085
4734.342029192779,7113.448991499883
2622.844983394411,7956.405243040684
4778.372964642149,4332.575084152692
9459.708360123259,5574.282998979453
8199.86559006329,1027.2663649775448
270.39689751496286,6876.456175996107
7829.632510107755,4868.386805583007
1705.576379117757,5092.38302018655
5711.1133303777115,8469.921486916286
8065.175377799603,7723.211095888427
5612.884229581992,5351.9254114716105
4038.6072602124455,3551.063267908019
3212.676367798448,4464.354420690272
3051.002405891353,3507.6367122020656
8374.27504443026,1516.0541670749906
8250.508979996075,6457.759748174168
8233.766483069196,6915.150025807378
2827.2901238305503,9712.100345381446
7989.177712157737,4557.044757953512
366.3484157926644,9972.924127590999
2064.562620146875,1870.9858550581937
5145.029892716575,6566.308329805839
4067.4616259856243,9947.686429684876
1118.88256843791,6403.249693903406
417.2045985839212,4523.698958277194
6111.711361839096,5152.523009634459
3134.81283811433,8455.111384836338
159.6173026166825,9391.10495786766
4308.946302573806,4539.265311480527
3067.6711614008054,7723.700283475132
5766.073499221033,9336.884198553487
9298.139601240442,2821.205756954136
3078.6633608663815,4931.605942333667
9971.36518284381,9954.17554952839
860.4484731851536,3534.78565211064
882.7816340042816,6196.879558776625
7129.599360045068,6570.315557571884
7486.318102032226,1541.4842694784224
4228.711953395182,8066.170255444832
2860.475966177689,4129.006092580663
7940.020723932937,5003.234135683277
9562.389447097354,6428.424701678093
9899.018933012445,4104.846943711456
6344.540801861044,3250.8246564706646
7401.147319504457,5464.30728191143
8222.465950492575,3467.8493418248336
7988.698177595481,4341.29723862405
9933.92302816559,1084.0750885313976
8104.318522440563,8447.43061362904
6625.724292897357,4117.072252702524
3762.159396669912,827.8400753822857
5979.866065163444,7900.237508387914
8803.594504907358,196.25311333283156
3054.800629089084,5993.462005611501
306.5255497268238,7026.637597298496
3271.822078145139,1912.1040752918461
9602.300589707153,1312.5942920841271
7940.675712316193,1138.8302750940027
1871.3988070566445,9933.299901734814
120.00975906958145,7550.868248904223
6691.194148861663,3127.1047036662967
5790.087238398561,3355.576755469285
829.8198092546216,6486.247546368902
9659.96426435634,4576.719585501443
6177.932040718216,2713.4014406226015
6515.2098094023195,570.9660656745375
8535.977948894975,7838.536449883659
3370.6326864298576,8882.258656128097
5582.529848675587,2059.592860805409
5761.883270601777,634.051142164368
9673.555573275167,1186.2550571168583
1314.864995345454,4142.593117362115
7589.13072035747,2993.482472255492
5751.512085387494,734.578159217818
8453.790319656058,4548.687439182267
8319.517295306085,2039.1890288336767
120.30301643037645,669.4857935229037
2564.546737559992,6579.281387512656
1808.1734290177121,5725.06292401822
4617.106478098571,8263.97897806872
9052.874619538376,3022.8149971529074
50.06056676262527,1358.2267738547682
4881.919757569892,3601.607549354584
8847.934352143602,7787.070515583997
9262.124360268503,2417.3935514896593
6572.9860330428955,2550.008499272288
8297.522976453218,1475.846840222682
3240.681941849383,9865.14361846702
2859.5946988698506,9673.098252436428
491.1964711617223,6580.521383755662
5032.026230667869,2148.18084286152
4558.320125195102,7665.563375290789
3719.1549068674067,5839.334295997206
1133.3409917213621,7495.661385656588
2307.6315882424615,8604.103604409607
2036.7561582387139,3184.743672731636
9439.68402237511,9136.987435918414
9664.603373291147,8985.58329730869
34.2160485901033,5471.305011525952
1705.479009084907,6845.71553188297
8887.808002374522,4110.358888263817
383.4008466514405,6551.02740425469
9434.515125902655,5489.5847242020745
3800.646543812037,3228.1989035609595
5386.857625703454,3228.3856197795512
7638.196211609599,6516.660740469307
2439.0509098915913,9566.280304339884
1006.7400783048852,2015.482805335277
8099.481997721392,3925.3665289560668
9846.264128356868,8057.091913008359
6587.780189333631,1230.1147388662403
8252.243104515353,9941.667904777521
9413.12392532051,6781.385752746263
2285.7978147292824,9108.004659626286
3504.0595410716037,8380.535433677243
2190.2607355812097,7771.349355463758
617.8377197935503,329.01060289558745
7322.757973155768,4064.9611558819443
1456.576036298418,2018.6239467081157
927.0939690505697,8713.333276176038
3576.3487062423314,6802.862667984489
605.5611420750629,1070.7331182262615
1795.5831730656234,3595.9775006557616
699.412075397975,693.0816923429861
8772.778068079597,7399.96628307898
7797.343899517938,4183.17975632316
8595.148077019076,2343.71269219819
8683.310754629643,5176.905873654162
9445.090557386991,420.44434794743955
1866.5456558294902,2572.946132879835
9000.090640591114,1753.0421446180867
5250.389021723687,9306.436603526761
1662.310250150435,3771.0740602267547
6557.73376776939,5844.729664013275
3270.005222041876,5029.419508328105
464.69477418943586,6592.048739774018
786.479854527512,2791.160308658899
4237.159839477617,1207.7957934348815
8264.835480340096,814.5160606053314
3110.277690439386,1933.9696425130592
7661.258632412201,4828.295529686163
557.439628485159,2360.2738610486285
3937.325012847652,4340.0207870808645
1274.4025350811182,293.0255303534446
8635.483353493599,6275.510976945484
9679.382068391407,8781.615988681535
3256.157114724031,475.89939980910987
9888.626607835866,2180.397663988226
7523.075602314153,3177.7040904634237
12.338994271479109,2872.4057422982887
4852.717757845948,403.8515448560531
8341.006370574236,1065.7847475567582
5338.753812185401,9124.61789021413
5499.607754446798,7113.618018186121
4476.99622973117,9584.38072242095
3950.388694958148,4404.62106935388
273.9675783816764,8790.331356208997
6217.330611726494,8165.392075742577
7667.263364525255,8749.410555097595
7901.778431041926,391.541609694499
6246.36139844816,6525.156567896154
3412.77249642336,5666.289424426034
226.0966848189738,5452.157580791216
8957.79547257129,5043.839663749734
4290.462183774053,7959.76544159194
6011.754486640764,9680.569265103342
1945.5607518102202,8289.188325553814
1419.5571792589224,8703.953735205572
868.1771280791805,4839.02705239141
7987.652052183884,6906.092702738085
6464.607132724755,4155.643325777265
6211.59258949184,3602.861443805907
9193.977476873135,8952.813986031868
1587.1223921951905,9052.112575710684
1702.6935181160607,6822.201922917263
1894.6914953434025,8378.421896027927
4233.694302652896,3603.63734932274
8742.217350119354,4337.606298928231
8814.741260602414,8210.16292032366
5905.877365369072,3980.502802706275
6581.428978634551,399.6761920917524
8977.623436148127,3532.98349149453
6242.189554636973,3982.3030414678105
2297.9967783532175,1546.362003395415
7049.140683315396,3441.242849404804
7698.907741138986,9344.220150001338
6353.446232148273,8585.331039016135
2735.694634423239,4459.239610045047
3999.1784959354004,7098.895698897182
4705.924076467407,1518.4996190188538
1452.9841815437994,7525.508593137176
4522.232544599851,4757.847699644099
1611.9742332920096,7225.68212030899
4994.517440728558,6440.232549431909
508.1075855278616,2327.6460794952327
9485.314919612028,8346.915717220938
2463.4486426985704,5721.766235167924
4670.14309857609,7841.974125137517
327.5217653235796,939.8634552003082
1927.2152219969819,6153.503393155135
6932.449918335774,2918.8401952101517
1118.0060313889394,8608.95367570206
6281.4916096411125,9495.059661274536
20.688914343399702,558.27635609618
4650.093257956634,7242.828964599223
7213.436407232877,1029.7781628104697
9262.928629137312,8575.073663881267
4928.361760924138,1245.2433218672686
8405.324697386266,1950.0687254923066
8025.913547216569,2516.201622040495
2957.707770675099,7278.326865594151
8747.336239116787,2925.3445605832962
6402.829798092562,5960.848594197047
1041.8464808635974,5719.426671847699
9391.127965958804,4022.616196442157
1766.7674153385738,5394.895646246132
4703.6094729629385,1181.9181376173026
4663.653855450998,8761.742517288794
6252.366231409037,2070.7663971772495
6649.567656784774,8802.266228135913
2329.078296387369,5187.374394549914
3524.4248851763473,6139.3591780103925
1445.9020463075235,2572.970282089934
1260.1573404955525,2223.294630592787
8250.67355243756,4907.029679302678
7507.2134032708445,2673.5939311486654
4426.834866288443,4231.390319178962
959.092838429273,4402.199453252603
4499.21743369953,2709.173246312815
2944.5569374480183,2917.2998380693916
7779.192204275114,9729.094104958855
966.3933444341721,5874.552495434162
4513.685537450571,8318.746200181258
5913.87043629907,457.4228479971498
9857.252532130553,19.246180368852617
896.0813119207268,5191.023853027616
1139.6047216696604,8268.053042371657
9880.49160216501,6109.188370798701
4056.2515446290295,6188.296863274179
7437.143071981449,1393.5841709830743
7834.753824909471,9785.674786600339
3145.594092129136,5297.006254229529
2143.0020694120058,1026.018231733732
2760.9120005272302,4141.972947582515
7643.934250381481,719.7118070960429
8404.79451025298,4181.40266069531
6995.04937171297,7115.61795739014
4412.275697088848,3235.261684669171
2625.6345675852212,3131.022622796574
4252.490424941272,5143.392348753101
9145.266196292458,4984.85947081172
8631.955417569936,4671.426852137024
3233.762074193568,5168.443470811483
3279.408160703763,479.5915045479071
7799.74049778931,4742.667196337758
4265.74052584521,9920.107509596499
5727.228084946609,7643.355666516073
4223.1774036356865,2875.6918583787215
2423.388198363625,6777.139544463165
1888.5376885572757,3299.0255764872713
1395.4171943372985,1915.1412251613076
114.22780444411362,7735.51728423382
2806.164567038364,2095.863391415156
1714.0859031096777,8586.259674204981
2579.5042669550703,3804.0961572196265
758.0400949983667,7568.434191835384
3415.59362993067,2595.9651275778597
5199.585897076428,6527.352109525871
9445.714149411193,2125.3177036071547
3470.7196361555293,218.34476328825403
310.2297917169883,8146.04165713378
3623.643833354736,8561.627166193668
8172.242874567001,8805.741953936404
3401.472665917399,362.9750531937226
2917.306705897431,7609.218215128496
9189.951411121792,8358.704089580175
2972.2927819463107,3116.981303213798
9702.616839204557,4704.512988867103
8326.35740430832,4079.151496177139
6842.499189733756,4401.023389730813
5983.262734128867,8467.041886397947
2247.805797457387,4178.687515173588
7303.984367751399,3023.638031348289
3471.3812992128524,1303.8318808710126
4856.421601683284,6748.39315890453
1040.6878205796088,842.0393370759383
2961.541099407259,611.8225686037304
5291.194679111728,6815.7928716876295
4680.413135823511,6942.889489381876
3435.1315510158943,1990.8004652782918
4719.2995515719595,9571.846394004218
7449.2613410430295,7878.140020976369
4593.255641846754,6864.280426545029
5061.564717244324,7543.475693456857
7011.460812104429,4118.869849310288
8416.148031630462,4556.424816859207
5268.6377785735185,8702.148788036813
9481.756150825015,254.19016531480153
3534.4744349132907,8024.211553180449
2525.5498138797316,4475.6854546970035
6930.898681887464,4639.684845015536
1757.4973663912897,3256.9963104990406
8999.678524965128,6070.720374090071
3865.741828623165,6756.73355134575
6981.486547732347,1607.5364152939408
5701.835224899381,5657.168770680302
543.9085888911,4649.118626939816
7090.787073462978,7819.086688788346
7900.047302037633,5452.872924928818
9824.724307962062,4295.732123074507
4161.276664360528,5289.310583886389
5029.315679541506,4905.675058786396
8748.673366364896,9351.778536220976
2691.973130172499,3118.8774587525936
1891.4263272653752,373.489538766385
1329.1027308597124,6619.967541970712
9782.52213183724,6038.431208328361
2703.5923554257047,9099.693095883153
7573.944998285022,1174.7661736359871
4496.671544788376,5226.456209050302
2405.753747045941,1507.7105003078761
9133.337996069731,4557.089697150348
4638.075017431123,7993.6968098258385
5659.553938190977,8573.880362775477
2224.93483524025,8338.603603355235
3241.5231266487986,5474.048335022856
7476.875539037039,6339.601234981093
3430.4477266398594,5515.64537696068
5059.5855001567925,5612.35778867926
1143.5547718040207,8851.508885227242
8500.664616534435,2092.728948690552
7375.816314072795,4387.658804040449
7607.44853991367,6100.628502239768
1781.8519806205136,7653.521484600008
4951.561527639986,7618.897234256313
275.4127865747813,1172.4835531494148
3150.8907779820606,2219.0996538224085
3480.19520766926,9115.182138103168
9136.901735367494,3575.192887969747
9927.827989313822,27.126419283125536
6177.459015498391,1997.9706841331679
5167.687510533245,9695.520976644591
4400.889342716059,3097.485662888236
182.96237384917814,6137.145488867869
8001.165462428611,7266.499001887679
6718.258441136336,6465.828362741388
6492.85750193407,3775.66186755942
8090.433890318336,4304.151153593757
9280.542015957722,8379.853126516387
3895.300189033263,6627.851314178909
4264.028968154783,234.3527327058881
9751.38990163834,2034.5758552181037
6644.24851036515,2862.97938336593
8513.510707056113,3654.8670156302896
2215.695386037757,5768.93723394609
3170.751909959547,3665.105963723867
3916.0522719526257,8250.1191638993
3169.3311276773416,4738.355788370424
8842.470140905325,5021.787670522651
5115.101958591982,4273.891851466431
9536.471062028053,3104.6635039251314
3213.2244421512723,7248.001189847344
372.44630263432276,2295.629866493677
1380.6141968336028,6894.898143514939
2170.7043261482495,5297.061496208644
6399.697007836839,1022.6323455658659
1810.878966944235,179.67246549988823
3814.985239551395,1694.4362163817018
7953.868241355147,7610.208856986332
1247.5901512805253,3845.9756227189037
804.8013830124468,8048.765095890777
5399.7022971139595,5019.058152709047
6980.690193138464,327.46628324165084
9109.53188294074,8460.983748023948
6619.766729632197,9362.634356333167
9461.78877778268,742.1520230828627
2445.2604294867297,2083.5066811861434
3418.212683351727,7155.529202644327
8393.096784423265,9971.755425613886
8110.538204392836,8763.037238169338
6648.9035917019055,989.4786099419429
5060.243058781913,6072.3709427991425
177.11392867149067,6652.037015151241
2804.43957403799,6308.32087920761
1583.3750553955072,5680.602646117217
511.74816748797423,2922.038985417139
7760.797192442761,6685.061670661111
1313.1210275376193,7284.512659615379
3574.128927821981,5757.662006558832
9774.56877464428,4971.555264847729
4091.534253739858,2190.3054850374483
1415.0638922059265,5447.24032999011
6897.623764510136,1282.5046653576655
8099.417079890419,727.1599148777763
2791.5069707216653,7778.5119569109565
8093.510083338185,6762.726322920185
2715.2107873285036,6490.322100183676
6931.1183814597025,9281.277245887562
1248.0361954346542,3807.7271627107903
4278.2294876863125,3997.320215077447
5204.939451655561,4137.469045732455
7252.835773491391,4652.830906765194
6500.311898775521,5128.429892060335
8533.428000131571,7780.17432090168
1842.910679115869,2177.0331025868572
6612.4654894159585,4340.844386294728
1277.5010231968508,5051.273668765754
4780.799211579287,1691.1767349849927
5245.575304055564,7019.427212928785
272.6342338653731,562.7074151136125
703.566960129387,5859.12498380981
8392.718109691565,2021.4216022385178
2867.8835808677495,84.6826080090346
3461.4514974373333,3157.7163211802517
6404.0622690845885,4291.406805134033
2207.146265003943,8173.011795486068
1928.625833188149,4078.4565430150355
4215.41029470985,9154.355671695661
589.9669344537706,8425.388001724243
9169.702504055911,1927.3760450581844
9401.088914490285,1557.1731313859905
4482.0016447201415,2438.4202544461787
2092.394020147944,3596.818932579673
4705.745946444021,5834.805685366282
999.3318992880818,1240.8150176017452
3977.973164840717,5320.412841608177
736.6554868619024,5807.732325101336
7061.6570348009445,6608.902425766358
2757.135501107282,5500.920503741099
5206.594832402816,8251.716704473763
135.3935030064435,6415.904412488507
5246.3646240199805,9245.51548065956
32.67937762077122,7009.240999429119
9251.921752060342,4361.102168517595
5011.5789359949995,2096.845788294861
1000.6649581792782,105.20708342756978
3410.5478618520556,904.0283757930234
460.67133430966464,1896.757410318879
5308.954328095885,2164.413523939349
1223.4321585244168,7420.440813504606
4731.075211128331,3860.5579806917335
3055.0788376345486,3245.3948226703033
7615.83402490134,523.6755379692781
4822.55282720467,5386.605463227377
8481.85290854566,6129.088813405844
9413.483788590895,8778.574160053517
9695.24868256912,5028.420568562586
2601.96352495647,77.20161293023442
7675.686900033955,652.7875775786973
4381.108202946,2710.053389880579
4261.731563406664,1391.8558358883392
8682.304142425835,7705.874091394969
1456.6890323523141,1078.5698112290966
4778.103079560588,1607.8348273836295
5928.832397138206,6667.873636785483
661.2342707742002,2396.2836849499945
8645.142541947876,9690.809909686905
3143.3910839372093,8631.876978715012
6568.196473860396,7445.401717583016
9280.800015954994,3431.3646831677956
7197.547193003967,567.7997430229132
8860.10534759446,3364.009582855213
695.4468221062027,3767.2986014582243
4927.346740807366,1274.3281090294067
5648.321256850178,1206.4080432579337
6890.388806341619,6681.083300081316
1168.582539590689,2324.024254932967
6567.892800542725,6780.107046877923
1459.9355086943244,5483.013477960305
676.1280721265995,9014.638498259987
4693.192079047129,7971.698777045275
6003.752860217303,1513.7203265928545
9581.176277382623,6101.615477633923
6986.25427384633,6531.26749352159
5913.907614853575,8620.544973349286
2145.649008964231,6409.567626400108
1520.4436681466527,1407.142175425643
6072.732247697117,2584.4922884581047
2229.4903935453312,6375.989537603833
7066.050922070176,9119.423743936659
1144.7709186147404,8915.289668103287
3396.358234152016,3591.8614070877484
7730.867634418224,8306.733097204584
8310.370798894452,5112.878980093163
3452.4077354850733,4643.427730222102
2067.199301847672,3508.871369210602
9581.998611642428,6782.027941643003
7610.759941452493,5995.976131592933
8070.5928781775265,3746.638355378855
2227.516498819424,7628.381871361326
4244.386480358295,3793.4548079704755
682.0873124064841,5843.872943494145
1093.9948821982848,3923.829100898866
2209.590437587774,1168.7666596292067
3032.34630887812,1611.9437565696037
9971.848029319737,6567.388723093563
4220.885651760451,8112.233891922589
6978.7578293396,4684.6296449876945
9044.471767326178,3255.871911257048
2460.5683179800985,3364.9748134748934
1447.2219508379524,5976.47296541009
2432.581974949102,4676.894468912855
8824.216870070488,7.387055240245521
6656.860342300409,7714.719747262383
4513.351232404793,1423.1793782476032
8202.827468332418,6748.100815949779
2367.264428988085,3442.1391174489036
2391.753745396029,5780.02586265674
5672.200920222904,8551.173764867455
7900.627572524192,1542.7259674128545
2595.5851691514654,7776.35207036862
2100.343385108826,383.08449784796636
4739.7469933911,9213.685806594212
1342.046900116658,2015.865312514502
7478.117475784407,7944.136944198734
5773.309223244405,672.2049323822943
5125.4120908894765,3270.4842088585183
8722.634135200928,6335.47395253158
7325.61824628792,6588.2467345268515
1492.6979195707856,6988.095933196741
4204.318184421576,3508.590752200226
3212.7055500572064,6660.082278874625
8020.694380149383,4285.014352626983
7190.367841712548,5659.199217467427
4720.100878053313,5472.264898017375
8236.465089353083,1681.398661616964
4100.6713801614005,8465.982596671198
8035.5203029885115,8671.411451089294
320.7489493202931,2037.2536058994872
1346.1897654010168,4165.334873458757
7559.7440785326,4648.757704059671
1143.892428131682,5489.220167912904
6837.610405664207,222.72605074152295
7235.737981275394,7588.151345854049
6621.953571879216,8619.583074243617
8182.32125205534,1421.9387777989145
5116.170701213639,8966.289517716616
8970.37062723481,8509.122164102902
5694.962276704746,5422.567499970749
5078.729687300711,2747.31710062316
5093.873098950423,2074.8967428035116
9120.822174846171,4891.254428623719
2436.9603578676392,5072.041461106416
6950.35442371203,6518.683454464771
2426.1578816498654,8016.374547923306
921.749785477739,9344.998699648972
9537.438776332401,7962.808938631863
1297.253795558294,9090.45322536104
6861.932515473744,4993.684994200304
4245.587258838604,388.8459391900645
8371.013666302495,518.3018050662436
7732.0218303705815,2684.875256648306
1437.6842454473249,6139.862169549561
4678.167441212257,3352.241500467992
275.32281725476616,1661.43704594806
4295.235140640638,8504.950967123546
7002.15822259774,9849.947719029213
2321.5621398211706,166.41526694121222
8100.3340659764435,894.2409239035054
531.6482619380636,4993.387554618503
345.6636216018705,3376.67247832789
274.5254806136033,7821.512143919871
2800.2687156018324,6543.0220397033645
4671.058086509958,685.1036552536816
1074.4701226984498,5448.832108719035
9967.435948909058,3365.325451613973
9995.610815001386,9651.126233058701
5198.02366145629,4752.790488315919
5680.09534729504,9276.637093163028
9268.083796759693,301.74590540794077
7697.927793029494,1032.7466643008377
1679.4767840868997,3862.6903794433797
7924.889150217414,8869.56705855573
2309.403330930593,5446.040794302353
4302.478267313734,8241.40524882224
5325.082455594556,2835.2963359486084
7169.992990185619,1114.943029759743
1501.5029772224452,2460.3882075199613
761.6985478810001,6453.034111177451
8661.233298606856,8714.1709921465
8267.924912870483,4549.993281843495
5232.653419170278,1936.1553008450694
6623.638038421561,6376.120459118591
7193.013195588487,1969.3397122856381
4765.3135706590465,5702.877022583487
2572.3048558100936,1022.9172268589581
4813.9240720454445,8111.350681407227
9507.979909762735,8051.666566984042
8378.32513562536,5412.554980396512
4655.4749925182305,381.82606218306825
2255.7903337274333,2801.8541613219304
8896.14427903406,1382.8485126405164
6382.410905842303,5234.558380679524
4047.399564304932,1017.3430227093205
1116.5754102898907,8697.265059530424
7517.636373542696,8501.642883772289
3169.723725325191,1560.9807483565453
6063.059142839768,6948.8803500689855
5696.172320547897,6965.032882875483
6996.230772343971,3967.543960704384
5376.211076322219,1529.9909191315896
6304.115532985155,1321.0772225683297
815.424187458521,7394.759514842324
6652.786726685146,2201.7741385707636
1941.9089519869992,6034.537578449289
3919.8072438270683,8658.816165382948
5125.345226424543,5930.9943820034705
6868.771765329704,9739.623410983493
7424.273430597258,6455.018928287894
7049.226740924658,3146.0311343120684
951.0545901606671,8524.673317659941
3869.039711910236,3109.123712700944
2806.6507221736724,9715.703795219162
3984.215243652477,4777.319450607802
6468.731844459396,9532.470682622816
1929.2072625892376,1835.9823712147238
5020.993684738187,113.98505229599287
8848.715710505801,1961.3129595865498
7311.26857560897,983.68368086868
7253.651111894501,7339.560224032454
8487.163780919049,2645.4565517746796
3992.4499260740977,6394.741894562697
7594.828334050654,6686.570401686123
587.044196280111,6882.453404132697
564.2696437918127,8326.081212627536
3317.9865695746194,1489.6585439240673
1968.4696611918496,504.64031446086244
5185.3858364483585,297.0513103750261
1832.0246120243344,1037.9000383066516
9755.738762371728,3791.8553593813876
8511.05131079321,9673.75938681071
9825.336990489823,3532.2509778753874
8077.63025354646,4529.2292910332235
9511.096965338498,8143.96720093835
3681.052278376882,9185.98019419543
4979.050778710317,9714.415031622033
2397.938412174865,8264.512246683747
6358.060637127668,5025.160580479662
7882.303018238733,2294.7644783591536
4987.421701685779,5983.669561516127
2963.728386153072,1967.9504675707449
5076.721939159259,557.2473224921171
628.9521985639701,9193.53935142664
7211.194518204911,4847.9030591605
4516.0697145202175,5082.4022388713665
8982.342185502946,6092.190260638908
9232.503092661384,4514.085574390067
1255.0481036463545,4444.304649012199
9961.109873181167,9151.453175644294
9698.225145248403,8165.461289600618
6271.314132549503,2125.9219845075595
8254.476725064174,2917.7762922055963
184.36979535188524,6606.226401293537
9703.855396907571,5710.919190204653
4563.13926489051,7661.593537709837
9097.00222416452,7276.326213854862
3851.2485571871302,7085.472124462104
7881.764677403219,8802.179108805163
4179.458574883936,7665.530942153159
3627.0661460538954,2428.4738853983677
9467.758027546946,8728.371990202122
6991.115338967018,3355.322051344013
8400.810903989646,9108.944844680726
5433.581374967219,8242.699647177868
9183.487451581936,740.8538955607702
7399.604568901767,7712.806145993083
721.67650754425,5001.141137920685
7668.707641187623,9771.127582524628
187.10467164203993,4584.1893600901885
8290.689220598111,670.0774772280249
3318.6605219815633,2931.365630727878
5982.847439117506,4302.094239850633
7493.770183509414,5919.176779904017
6369.649614270501,1521.057839700475
6723.70231226614,5150.826272685321
8926.657434665101,4834.728020896714
3739.7198302382008,8366.625578379448
5471.451498190343,3024.0291081530736
1749.2870424270723,4495.174439738924
4675.430821714463,3886.126636496263
1500.3637082444955,6322.313707591212
6335.855461015155,8361.889846717717
3242.5139056379003,6756.241324381823
8590.144805405938,4650.489957160312
3435.7763002200604,6378.296950517653
2868.3389221221,3222.43962312318
4912.707964547144,1440.9984176356616
1753.287067856184,3197.1792444764023
2038.0612791014307,4436.895659334531
7831.460754122024,4392.649330026619
4972.254026968919,7376.012424773637
2063.4194410464934,9363.453609123942
315.22807239489634,3889.5940259026597
4664.774576293509,864.4851877310678
7426.301304033664,334.1318481876565
3511.9006419099887,39.527704982638134
2479.642696680787,9381.00151746316
3963.7956048867372,9956.33351341769
9591.295447855404,513.8407755634045
4231.620940181139,3582.087039266396
2596.380875255958,6693.451372953363
5692.425399941724,1789.4539914167606
8107.4374176593565,5944.371882052275
223.3229802338854,8136.173598395464
5581.016862290946,8580.864297114469
8363.124112229481,7064.206771619142
2156.237563292125,817.6417728222963
9216.829795014666,3483.9578457648345
5776.956210173901,9673.427767710997
5167.264374221485,1927.5506324173841
9636.615174607245,4539.260735714209
1296.5171520079955,3341.7693465582065
7401.411661720506,2055.3828469295977
8185.712907232665,3235.3608755207565
4885.565172985384,1895.1867383388653
64.75677120053258,8772.533541116465
5243.365061393192,1744.4328374868478
1535.1192882737973,6235.441683946658
5625.70521690576,9423.156128110944
7386.186185721382,9526.457076278733
5310.71429828884,6004.24668043393
6308.020104871085,2708.9592326896973
1039.4554033009263,2478.978113176964
970.4572684912072,7474.706794318502
8509.407571055965,9807.073247870836
493.2986079345003,775.9497895118295
2842.9996379301106,7894.685813654329
9376.965790410559,1229.8537956513
4588.671134999353,2981.8534709712876
6745.385800503287,5666.236519805916
2216.9036825494736,2972.246973231305
2705.1288028123954,6502.611749467293
5090.005474538839,4171.95874621489
6381.000482828421,2191.1373306782066
9604.611210891824,5309.307478544176
5744.199705256957,240.09735158361357
959.6909794613184,7410.7834991235895
3669.1932248357175,5222.8886610553645
2441.675871277694,9467.00317994948
2544.0122057534986,1027.8946921999054
5053.874494068693,7322.922382284433
3166.6642317145997,3009.5039395387603
2893.0888314202407,3731.486833446641
9680.189609464458,3484.867222874096
5839.586261449087,3580.2191785882733
2617.7882926363773,4308.349530771063
2758.6942567010874,210.04850918864392
8110.28113305921,8467.57356662869
8864.758252221001,8817.959426719559
6790.312052205118,395.5653492947386
4314.468245148237,7760.0319359084915
7645.740106887426,722.7260970566407
9373.818913679383,8078.135982846049
1662.0056736630772,6129.87721822278
8617.056483165208,3063.527616710546
8488.226183429644,6138.825989735013
3665.0196235666767,5066.46103975624
2917.861093867715,6357.548248117024
5653.101460784875,4753.71777998587
2722.937789077984,7728.745916575913
1453.7730529999603,452.6953739179684
9530.789055836252,3442.8230869444633
4913.657900934262,5592.867480866756
4722.560837602282,5882.430310680939
1261.0314482407737,1695.4498698396992
5041.528652335209,745.2960449773916
7428.330153945679,209.78620456929553
2480.4630350265743,4130.136247362677
3688.88657181184,3303.871766913352
1789.152885839297,5678.079933573694
3550.757130827874,4495.148352372438
8612.815500005576,3940.6805489675035
2370.6007077890135,8433.205930452905
295.4159801698375,6215.1614890932415
5362.231892123075,6461.00730419729
5794.922546806437,3818.2638178203442
3289.107242094299,7768.443161142473
6415.687424797001,1520.8757116482764
379.02027138808967,4020.007294230954
3405.7375782591516,471.7390506861696
1445.718704140868,1154.3735286477286
2298.0608902141244,815.2585623027753
3825.343747244577,4414.361315711532
4934.105828381355,6973.24357253977
931.9947460162092,3126.967106493197
1013.191819631899,266.11061723718296
6740.448577943341,7072.083925113755
4041.32402717703,2074.330671679081
1765.219531547033,7226.746878128461
2349.1707995353772,73.5462496149375
7200.562480830933,3123.421011780454
517.588530310129,6212.3074641575395
5087.431173705878,8711.507704660502
3603.2124051785718,7541.284425726265
8111.471450733507,4496.197199348671
7901.070194288333,7185.148028491138
6892.016319403468,5375.4140728596185
3847.8373835077305,8133.955560578191
6312.362696929807,7720.655495541976
6398.4874639679765,9758.521690469177
3321.9987159984034,1049.3806764270607
8799.74881013693,3407.0490668541543
9848.575314811427,1923.7680548489577
3144.399714456845,6307.68083582035
8012.273010703121,6640.2769789985105
5009.082664925046,2038.1068391882773
4636.523968635462,4215.526000290579
3865.6290484220026,6021.502225529055
2920.2531565563463,6589.532016326924
9195.078621934863,1026.4698441252117
7408.150419188977,9210.728280045265
4407.029301108001,340.8311503660577
7515.646160029981,9729.424035528167
7185.996892685676,3163.258202187775
2673.375018124461,3163.4557272841757
1761.3230091197972,4460.259954736509
8362.991913654234,6949.583598960435
8114.06213018437,1596.017836848187
9968.626720667107,2549.84779995758
193.63296594811175,9615.726847890748
5403.806867973612,8768.421435822574
7013.2275090627545,2123.9168479810924
5825.400621923136,5730.114352341639
7104.4202680455755,2036.0175051479712
1372.6121470776386,5500.612576007611
15.160281700767886,3657.732950128433
930.3205418160543,3624.2473988900615
3800.5981306778126,6350.698517641827
3289.3328787676724,2518.40848167051
8740.031253606487,4042.59605194918
835.2627442809779,9252.588494034135
4427.0614695128015,7553.647993250375
9578.22438207044,3832.8344328237185
5029.037479119946,2302.6186562166317
1324.00087576112,6590.116303008936
2912.6717233483446,8076.8968561248175
6267.914842327718,8607.646812891324
119.89478562731581,5642.812798695664
9681.00326419271,5167.99857011912
5669.768293898065,7196.424013330508
7041.391808571285,1757.6683370575252
4989.611083190156,8521.389353538882
9579.242002407955,739.2350448948981
5892.210515416543,6030.169007129474
6619.836924038669,5896.935140789578
8608.375634384854,3107.023151888315
8615.566570589133,354.6285736452182
281.71348821780515,7178.5487223220425
2833.0087734347153,241.7412315198486
2463.181324131619,1796.1168058899025
66.44896521408982,5442.368279638038
8767.825506922978,9399.83031860934
3171.4006971760355,659.3350871899672
3469.527361265474,5787.869362884478
996.2239482293478,3288.9303484252773
9897.212891493402,6694.179714517258
8262.511350011033,9529.088157741317
5718.623131187072,2685.9031565571076
7719.303556911044,9559.269850484763
7771.131007235465,8706.26300917259
6567.313025480612,6070.559158320884
1740.1118561876071,7582.3667208847955
7203.1485836826305,8648.880043346862
5696.1741695529145,8034.686319581397
7240.719074812898,3267.076856436716
5434.53213885789,8126.0407684159945
9563.37062068753,3135.1884122019824
6270.254304944128,8670.792923398965
5736.804424688162,2554.660506403249
8427.882149851634,5722.608594657457
3792.365552235778,6929.236445416614
3157.936651876112,4257.912305822382
5031.688334449134,7829.7249533252225
5844.675114130362,9253.559050231446
2204.8212507991284,1862.5309406668732
6822.815134417629,334.4265167011862
8023.74697146348,6265.164169237311
5773.198303082313,6021.868625845238
5229.635620640526,3413.044536832609
2946.4222904438107,7854.629766263735
9095.830238161667,8261.42548700175
7544.997324949033,3319.8568031595
4802.868678861059,6822.724995992991
6591.069138151928,6420.2507164990775
3368.7936680835874,3426.441747572075
598.174251378899,9691.482565592469
2039.2761381886403,3464.022512680025
794.8813005089738,6202.840233040518
5081.756815987376,3801.264126433137
6220.636309768005,118.33027704200138
3804.462922631302,916.384947670561
5301.54230028589,2323.163318619322
854.3489398296866,8121.681867134422
7699.584228848788,4420.648515259413
327.82047440628736,5886.236642753964
6344.255835658051,9438.56572602534
4333.4654168671395,1470.237116975518
1838.0374644785302,8618.193696255505
5230.558707238435,3792.3600796297073
7809.482289675277,3374.800023629234
4135.224146706766,6255.282909356904
3677.0902560413456,8986.385505538821
1424.603863555428,3485.3591242389703
5945.7598562850935,7614.082411877006
8280.137139885912,192.42084525597946
5613.415502799079,6231.01612367986
1650.8756220266207,6305.586694939103
6612.278302281492,5560.60520273184
301.417647083686,9378.226242614253
8380.539483285982,9385.912799711235
9214.951835301255,3420.6087680729333
5970.364898591745,4563.642523156438
8817.800007957045,7923.755503786389
845.0557909763589,8439.114008682629
2283.444941354401,4179.688048369085
3172.606369914458,3490.265929433144
7731.667073308755,8206.165297611285
4842.398450341092,3768.694883953222
3483.4746190716214,4052.3219260262413
1580.696991601639,1355.3043110555075
8106.429943234317,5429.491375419353
205.2342056887013,3264.4806545161596
3372.7046554477747,5906.067294228793
2427.7560530398155,4482.090674641565
1290.1034659997058,7481.364627635777
1720.4149769404276,2777.728722071735
4937.97056136094,1719.9955880727691
4260.56494775888,7029.59760774412
5183.692030149362,3841.2720288018286
7276.203702273595,5636.0357503589885
8923.287636881862,9410.68735901135
1184.620719476157,4840.9369497818625
826.778582483585,1523.9212924667668
3203.546550046542,4267.035131904672
5463.01150413659,4785.309758322948
998.8735038591846,7659.78410877933
7159.717842411182,1951.882554966371
5560.942179322218,3469.01767343339
7484.613045780989,500.28319564352273
3579.1380242893188,7019.779314082053
4010.9656825751795,7439.323438996529
8075.715656593599,4571.913688027571
2670.094565289416,5382.686586643258
3814.169278677553,7498.138382317276
134.93001193543464,2683.014304739371
5553.20773053351,6069.652858904116
8514.63800166019,9639.193476849505
278.9128689840625,6579.678184122032
6137.897030751094,781.1013672136392
8454.485327919358,2902.6006939623926
4939.318846772555,5191.26605763323
3130.216410735015,726.707666846258
9965.838132388646,6765.698118812817
648.3122559670595,6542.12199272917
2104.234797955382,8763.236906269642
8852.446146055107,4999.9278815421
2973.068704803037,6921.385497664847
8198.466612145747,1820.1820865306006
3332.012939600003,28.696926893532204
8119.809554759237,1722.5399436025612
6857.287645889586,622.1459830701659
4685.224367247839,4277.180248592836
5229.453271460345,4683.033372636121
1776.5954827140185,6444.726975097004
1158.839486151866,1407.7186642191064
7169.427903263924,2147.1609749618915
8485.731812163993,7983.261625576152
7219.708048703482,5765.224947791881
9128.647058937184,293.6359368448849
8900.78414194781,8484.046723239204
7781.872785868336,6298.055982244036
8981.26920077717,1866.391064364855
1672.2360380729483,2520.657412569218
7313.610673707432,5535.474138252426
7536.7660348021745,5608.011815260024
1539.7657513350937,8051.8866394037805
9095.832719678076,3585.826381733387
87.85234785470774,5493.031465525254
4346.049962784753,5825.379784982245
214.79049639596903,5586.7641772666275
5233.578458119327,729.0584537773248
4121.561537513644,4112.528744338819
6230.6193711553815,3388.841212892876
7664.441180678212,9927.777182392672
7685.7522907868515,4656.885634876436
7222.216003414293,4352.278756905461
1018.7744177740133,4836.875664225595
4174.385261444882,9192.825819693626
8159.504980652274,6114.5385463442435
6543.0018148399395,3891.4338748805267
6810.279049277278,9125.773965506845
2269.260320095785,9298.429415670627
3250.5986094082605,2643.1273386526223
9558.112108809275,3933.9609215398373
8469.252572583136,9664.586700483474
1649.2173671132348,5410.486888622195
5446.930709856821,4317.4507769064985
4905.0726732809235,1954.0453527553382
4436.5985921001675,3844.3883974461814
4706.135713739857,6312.347247209462
6428.885098725156,387.01147390475586
9671.494168769896,833.0628677966001
8753.253392608012,53.764050237603556
8751.264036036213,2189.2733452358048
7033.767330701107,1829.927988660186
175.8763425244847,8508.076809625169
4404.605329387381,1852.3802261180422
5111.262351744643,6611.810258636206
8424.91305025664,1183.5913400537622
9228.420611457219,5935.597702689782
4515.4588478908545,4356.201517038281
3004.5963342215755,4086.6811572698857
3373.5470249685286,8565.618926846153
5786.622558276014,1677.1946679903515
2749.719568297363,5952.181582727776
9107.387256807415,8218.640558900577
4186.519809039032,7138.968224944412
9900.641684660826,9833.45821144994
1095.152473396388,21.05876469276069
1878.792342729354,8843.593145170207
5115.906856494859,6134.513562538227
8683.053732447865,24.84530654127348
3539.5310992374507,4654.938213735075
8374.678742598644,7674.373771390069
4254.525864781476,1825.4669511078414
8529.920350321194,6784.771815123953
2774.3143037522345,1396.684203321167
4718.917476494854,8034.524387896456
2787.3131603439083,5684.633683212377
2152.2352550807523,338.866526654793
4211.457202976201,908.7570749193663
3347.0675222348955,8638.650496690434
7871.469563379161,330.0141705578441
7476.385569931068,2985.425988942597
3585.5340316967786,5669.1188757509535
9922.739611887471,2134.3978037563884
9738.378148804013,2242.321657352231
9178.334776778036,7760.340116507591
5865.079929985455,2909.9458431204907
4123.107418394203,385.8294947632501
3130.2294884240246,7211.218000062737
150.3206893470821,9543.659583748518
6318.06731825853,8319.33976609196
5531.619099085278,5485.620294750649
6298.715155640941,4248.837530408758
5759.549124358952,9251.651708878457
1377.1594148022148,7662.254383182043
6953.793900848946,5706.572412350033
3604.3577472030506,8798.22318913478
5162.948331501069,6017.123634777715
3656.5377373609244,9735.046676021066
219.99870222929707,8582.904782951024
8765.538213142943,5504.452306955059
1487.334432942765,9228.362096151493
5821.7306277185435,3424.3895368408507
8831.310136131306,7009.270213570987
2213.2924962362986,1712.7560280475661
4120.147326288732,8953.649150583347
3777.319819015823,2480.5014988861894
892.204804298099,9490.325116266806
4235.1727079694165,169.91457347478533
4794.784861324772,6818.368967363999
265.97332087300083,1500.5616970155634
4881.4375739900315,7708.11472185411
938.3012754199826,4919.059302935537
8924.626593563647,9096.502525641687
6501.577480148687,7150.692097144772
564.2693258579823,7682.659886484968
8270.430180725109,1204.7936918018931
3615.994493987151,965.6121033732057
2256.171392085933,8505.577051866998
2539.212161238158,2257.7384358251993
5977.185873650079,8669.418260791785
815.5293465165148,1425.381374776442
587.4513625782852,3084.5128065380954
6275.130465754491,9287.387292602212
9819.094694031928,8397.17833081473
4834.284142895443,542.4264390551504
4132.833270236879,4480.975102851637
9471.977027459388,9098.678421436107
2409.905810895737,147.57842125113996
2405.410331349186,1073.1948676815573
9051.161130606655,6451.958850455535
6469.311795989625,1049.8348290230974
537.8378838765196,4488.382511404103
6739.774079204448,5078.227819168705
8200.315412565069,8602.540635070385
2739.5331774196297,9573.908202870169
3828.928742815162,5122.3094794747885
1976.7661789187496,5103.603217049823
6333.462694818437,7267.953384895708
6641.948691941362,1925.0661664810852
685.3583141797214,9408.585406397819
6777.046509190993,11.989244531699361
6584.54584151527,17.938700722879286
351.3445842301932,6256.663618033473
5553.700761348718,3414.846922807683
6139.384335856654,3981.152402980567
4301.556571818368,2214.3717585733357
9013.17175595463,4078.0239741526048
3283.6931939712113,8279.831434226897
671.7837200184562,6992.4944819028615
6718.529949706552,946.5375584306712
6052.202523433196,566.7983864715786
9890.58510582962,5061.927974768582
2313.082809762619,7301.60963366371
3954.943864138103,6644.890690964183
4611.797969606496,8641.146937065861
8615.07887186512,1332.64617858727
4145.679917291016,6057.526368777801
7721.483245249682,7660.145473300026
1569.4272652125628,9378.407880301229
4097.843937452187,1008.8303738469417
1549.7744831596715,2396.4185072178625
9496.788649410193,3545.914321628617
1777.5730435845417,5407.504250520416
4190.7273355043635,4086.1219440638397
822.6072295998465,8611.172840151745
9213.835219980818,9505.269378820449
6238.187674358009,700.7865627221266
9624.562625810473,6996.806323076503
422.71635221776125,1142.7331874880942
1749.7850895419308,8979.551539368731
3800.4882664636284,1420.9854344521023
6213.599015956436,9915.112085490016
3295.1767307201794,4277.502119343109
7118.740203983906,3819.36882650754
1651.2954688166626,5862.804843597465
6006.365585782093,3943.5643649234366
3979.6617770793987,2346.936066790313
5082.409786985201,6291.438441942257
5696.330610708844,7283.635985600678
598.958802604067,9453.21605202606
9240.242612768649,4091.1860757906193
7860.918351512604,7057.729355302871
4424.557887397244,8336.035165419347
5474.694984274203,8313.83815868042
325.3560302728509,342.7013857978678
4979.4733350803435,3557.023200321864
4263.159412754097,134.18359166276096
3744.8526691904904,5590.79920725632
8153.521336376442,8650.90426100416
1819.2437452303168,8149.180335383379
1763.1024953400831,8112.495727063341
5216.778260977903,3518.35997837486
6871.438288499358,463.29654820709607
224.40529508664486,1724.177216537356
5458.40490244969,6706.913590081748
2986.9912872872883,1338.4279446704427
7568.815180210028,1253.2836775372734
4688.719069766102,3536.7523911272524
8340.752650577078,945.3482792954104
3969.759755202963,3297.8414214512554
8270.895487742988,9696.92653724781
7165.070842141764,199.51108784764472
8282.573867905232,8305.42807218365
8124.204632166663,9936.216630143716
4863.644184833226,4364.052741176557
3680.914081188017,9430.553687430489
7651.448408800825,2611.4486847736284
3615.240767829393,9822.973012492159
893.9657038605831,8615.513109431835
8588.4464740688,8846.975700428651
3971.9823686128984,1303.9835881478368
1326.0395076306875,8700.624178454376
6464.768126899502,9418.229906707295
8897.732478313059,8190.479790999954
8609.655210028277,913.6402324708748
5544.468207256716,847.7663240547429
880.7111701729553,3576.0599362658495
6966.030818587089,7049.2566730886
6088.287001535817,124.52828167165863
2101.483389392339,9506.45746196961
9005.402563215539,5254.4926611343335
866.677372357344,3583.7244268355994
3730.3825855477166,5612.289291905449
945.330531266566,7157.861966738137
9119.448566283525,2732.790877325232
353.84129109471974,2911.236472278631
4257.647768239601,4681.768499123523
8617.786866737279,6699.3072656018785
2513.8233910222475,7063.703349217948
1050.1227056179519,3240.5663942364026
1270.0433158170354,3224.9155944820063
4049.3509421014937,4871.087461730789
4285.81859293113,5419.217005994221
7180.769373595963,6494.141349392717
2379.2866406483827,6177.096816998916
7018.396795944776,3725.1788400668984
9989.759790525699,2968.8679026649856
8642.508729312878,3079.211911312806
6355.743406977762,6454.010577034739
9399.125010531,4331.475543813503
9911.0917245714,1343.4936229674454
5702.738913611044,59.23059126252683
2736.3012572656467,296.77364065667456
9149.832595980723,8675.16347099061
8441.947755876181,4578.272113804716
846.1126150388599,6574.272039930776
9363.747017822338,9290.37496128832
3662.1983720519847,1262.7985407635379
3220.8590884549935,4476.158953822435
3432.693571641372,5390.673968786479
3200.183149719248,8415.349072337764
5160.251795111942,9937.184246216286
5797.737217715126,7116.784866578242
4256.354374244589,6418.341029935552
4125.789572005036,9203.125293738945
7373.137946255321,8373.809129501129
30.27538277923125,8650.441645445748
9468.864615542969,27.057246703674487
7144.3365613619635,5144.320915365168
7072.525285834177,7827.285673853216
4219.633662085852,1814.5712247569957
9657.868216382822,7514.522916030558
3.2323168081394016,91.601516523796
764.8141011602783,5751.666911247439
8040.643031418986,8513.281199933412
7387.008811347197,4313.483582253463
2713.5549616436892,7394.525277159709
5947.598801286852,5303.986699108694
5320.528511847618,6472.909784202842
5271.147441535922,5166.679158755233
5955.61304386709,4758.367432659001
9937.352970126913,8416.265796132118
9873.449431978619,927.4318558907946
9816.816942349633,5846.51285351031
5486.843909470372,1148.104877978019
3180.9389290233503,5628.079116451016
5601.100384358131,9635.960426817224
6226.884933467076,570.9789101129869
3114.380687361009,4220.0680319639305
6327.75914968739,8019.7120027608025
6219.942735393648,3696.915683703089
9034.714123316282,5203.14767464001
2376.0363784540496,1147.078068814482
6976.098257934348,2230.732752393918
4507.6137309413425,6864.252054507757
1299.1567468844312,8285.875540145933
3161.8267331337747,6464.563496658861
572.7703444702903,8369.208794785623
3193.3283185233263,6056.574671741977
690.1364727648307,8102.082089353827
9254.450558977982,9828.868009369462
1017.4595667973707,828.2473413794122
8173.413604635844,4796.496301297098
9061.264103695132,1898.926663527225
4676.705579948327,4652.285476146202
539.2621600155179,4995.86744831855
5957.85683425769,6219.21276205751
2347.683837564487,4392.9798698319155
1766.5840367196083,3247.1242776220133
5667.638898506851,431.68295392455923
3563.8239483784682,347.9353370297933
7303.78576846482,1750.083517959813
5912.510553287654,4489.8640972169305
8293.41273721395,4175.160362579643
583.8586367001864,1906.9549397230169
2349.1904472516344,8223.395717796922
5669.896840258079,6834.932116618194
8804.282324454653,3431.649815841116
8134.316728132175,7969.675520109652
6795.313389356284,9892.459055414965
5740.720353745616,2450.424237783068
6314.592370024467,3625.8990583705418
2136.0775211584114,9928.982521122116
5951.931875192075,1378.8257130542736
4937.615892785053,771.8776332617172
3844.344810365732,5209.911603079171
8877.30517089034,4684.291028176325
8294.157247470806,782.8874697913501
767.3565975131825,2900.360230212816
9857.294415763114,4189.366632544736
2299.8420297259668,8222.096215636364
2153.3938734190297,7078.42354153918
9438.16246316724,9145.266384595228
4448.024279686684,3324.999369680527
8053.647035937042,3093.784225005004
2882.0227902392394,4631.817007777869
8731.71116055797,75.28136907123506
8323.047653714513,2073.200880819398
5194.786716166209,2114.711102161071
7050.559598527451,610.9003310945504
9640.281610084137,4551.306897236813
4520.4543992746285,9055.202053067453
4942.048746702704,40.30416534486769
7228.037521738161,6284.14666712257
3864.2656065641177,8793.327178468235
9612.297246807171,1075.2110261991022
404.3576988641273,9172.58283127885
4033.7789579103624,8185.216434647636
7138.5106704016225,2145.713449138701
4293.806258215644,9053.43575594159
2592.486093036883,8040.157862488418
4134.5415755778795,1113.8909293546662
8815.167976046998,8305.994473553174
5470.072525407679,5421.829386993777
3351.101928283332,8159.599085012465
6715.229841762342,6176.649968664013
6118.4506092405445,3918.5700848145743
5604.468153931982,6011.404695324961
3911.5727074518113,6361.807406635489
722.0030762114926,7662.061475869146
6207.314951125917,8306.81758537759
4197.887634109975,6632.106688780472
4287.640882540143,9896.48209068017
2340.804346299655,7785.509388472289
2494.2000041374145,9107.649988387526
7874.613052384857,3194.943333646497
4793.647954361375,3162.2743211258976
1092.979092076465,3623.350762163681
458.50964893366483,4397.162893397191
2247.1546727884174,9614.001350270544
4874.417857876052,735.3121934231776
6172.500936750199,4984.435796936119
1436.7877072690517,1611.605216268247
4338.590464100369,8108.9336541920475
725.5218277255449,311.4426801096304
377.25888022556717,4551.44257165554
8633.479393044843,3947.410229262515
6583.342196370383,921.8099000079183
7810.937854216248,3767.1895026165635
1818.7742641141624,8090.304980256466
3221.576832200902,1374.7465337430353
4437.913032121129,9835.057563020331
6580.343447735858,584.543451302153
5348.437677624569,2891.027731573377
5514.572479013858,7748.991141977306
1569.4284877953103,3575.2128284449245
4747.870159688281,4803.534894045873
8237.98288064416,1866.5851143025202
5094.60852384919,7154.958821562769
1997.418089988966,1795.4161291048176
4133.971897670152,8487.31097084537
7548.08634918326,5394.995452960429
1349.9241955846885,5481.568289756119
5804.633850563925,9335.115922420599
9653.147182530847,7729.9958125456615
3803.0190978973556,7431.394864679241
436.4124316510576,8580.401662109294
6331.0400401973575,918.1728380510701
471.0351533905166,7260.443629471418
1916.0566435788185,2332.079131024769
483.9727615268763,2809.4634072877234
1706.5061283539317,151.46137231442424
8549.322173728404,8937.210632455794
7348.513176858348,7391.129321080172
3418.5263880886487,1392.8713113551328
8971.378215476427,3279.2320331577885
6651.822157346289,4799.328670636674
4477.4659568708375,4939.107822426901
683.3288123388314,5956.539407436364
7307.213685096763,4721.837097285381
3755.2612553923927,6486.453156687459
3028.290042445556,8838.707959794345
2882.7301338443544,3980.725552206501
77.09225944427244,8767.109193908584
7426.45202801746,2196.102160019783
1453.1033701727836,1213.8132506227062
5206.448388642572,2394.0129661156006
160.81402004222477,2065.926550283169
6278.832879253084,9850.790834495738
3694.9234874475856,3810.5372644490344
6307.47451365221,6514.732689346843
898.9494701611544,6960.526529884028
2663.3384597812706,4452.086227312777
1103.0679297291224,2235.717347882472
6460.707779196502,4380.980134887149
1085.534958778106,4737.608863064389
6171.022115335585,9540.076899205491
1346.9047098283404,5686.237050361089
9433.546055832921,9698.726053410515
4163.80677404767,5767.126490246148
1265.9007957608014,1449.9801560758997
418.1045039687703,3843.766382250049
3294.225538523355,7923.133259374322
8913.864242828995,4216.222678750576
1438.1516194070698,997.3384484161785
7908.320675378833,960.7616058807778
4173.718285436849,2370.647560580953
8029.278507387348,5647.71783655421
8742.913488488117,8301.549770996779
9978.175576073487,5337.1274883693395
681.9747663361253,7460.803866727954
7963.01260725673,6455.931035555189
696.8888374819926,5240.991851430827
3147.9271177899604,2148.0792729199516
6462.3225464117795,8831.685396886423
4472.884350118546,2757.153971469528
5652.568752687258,2528.1992995543346
9661.921209265438,2577.976245042345
8186.567582160165,956.8544835794457
3636.695571807976,4986.540409046294
5999.446347982856,3275.302877095124
484.83028037089923,5219.419810615609
4528.982371410113,4531.153811392697
6083.965353933347,5197.918058166841
7147.171293399639,2976.533518877297
9015.172887801466,8151.381130260954
2830.582335272822,5341.930009163555
9021.7043347239,2084.3466895894526
6615.185160652784,9018.037002508481
776.4572228043743,1094.5510083365584
3803.328839314609,7334.344809016331
4765.951187385004,6784.484047707735
3524.872657602549,728.5892257024395
1159.396701214571,9015.076153454496
5515.845627877077,3163.1242178177354
1317.5342959113577,7408.950156146018
9150.272064226054,2770.0158585084255
8652.530608079607,5256.917431475462
4752.156586921956,9723.336138120849
677.4864609948128,6107.764098681804
5522.0540967920415,2963.22761460486
5922.3671095773525,4583.771464077431
8884.227995167068,6760.411510814896
675.1751703030684,4451.888955160575
6921.047728110984,9107.485623653705
5628.048915025998,8674.607363964898
1747.7453367580365,1468.1017696052356
1217.3344767773497,7849.408940633942
6939.508305337273,9424.14911958771
3398.20878308973,3169.082243749897
9999.396960457185,2382.1971395449173
8940.031595160182,95.88746306879447
5657.174733058387,1156.574355447071
6417.315857430282,9609.130709582549
1588.865626379833,3911.2162773753735
8940.04700638183,3873.4153945864923
4589.337743446161,2666.7891799477175
5213.539996263045,1640.589106840905
8731.290861226325,5087.901909482633
62.503294844271636,7231.876565842441
4943.466006792982,5507.953336011713
6267.666529279495,354.5023695187921
1593.1000454985322,8034.696409636671
683.0040352693678,9315.94151694292
5349.341367016744,4403.76740807421
5475.290575293451,3664.6455279966062
3302.5050597650875,2298.540105559985
8822.312770327822,3018.7029983727984
3010.8458648140536,6444.475075898467
5164.794746557643,7701.461278628744
1867.1503898548215,3322.157363473396
111.60305481343724,3396.7262337795323
4260.278536969268,4511.013197023896
5269.483732651988,1702.027765196945
7646.798563250744,9272.081881770711
4487.720242978947,7054.560684534515
2787.3217975567545,4335.834282744509
6042.3667180769235,1222.7251188894418
3811.751711500826,8488.25548224668
2334.2472377336167,4837.14344976804
9103.479863908715,7968.828840523462
5366.907931453945,333.9408725084891
2004.7727100150437,2736.540962819548
6709.113342740094,6220.953766914041
8030.776139328917,4879.233212276689
7585.337554774303,2950.719779766309
5995.374110403011,2011.302374758185
5196.216343307234,3018.133291504825
7773.236830635568,7423.394008768032
7081.2220411186745,1837.073505013055
5714.771182390831,5938.1320764220745
6577.20564757094,4236.808334326603
1686.2584446866158,7630.379038607417
199.3353820796162,2016.1852261891966
9311.361027591025,2700.895762368006
9352.846951926698,3986.875319088483
7879.707809806517,1665.756087060637
3723.042025055172,4611.947721447443
1507.5069629968264,4160.508081501579
3573.321210573407,9900.855442807111
7262.3346675678395,5938.637092780872
3351.999651704516,694.6202510714717
7959.129430734417,4599.416475170336
6730.133045103213,8785.015307431553
6299.796116129293,8667.67587389204
9302.36846658335,9618.052198709154
8934.162901871823,8942.308668532412
7116.654668625873,1762.9970151435548
1992.475333510828,35.70274493070347
9389.24224721122,6162.526892361183
2271.2245156693257,7024.443668399497
3725.831553144776,1312.121500010761
8267.811753687598,1668.3529919818695
2086.571077718734,9630.765633887007
6386.032401202153,9438.332547452586
4578.363803313928,1569.7154869967799
6240.3330893290795,2470.0840426667746
9580.507709877613,8921.13662021926
8083.642789021222,4349.933306333682
2958.2263606917268,7980.726258613222
572.7426679115688,3959.8603075930096
9670.443328809968,7363.829153080952
5851.724264656749,3968.2580305342062
1731.051394107006,8991.790949245622
6271.086749766923,3255.7267903863208
422.16455206495084,5231.181319941288
1875.2199813423708,5217.559077272106
6326.304203923641,6488.713786172771
4024.7731308928524,3067.0004456317433
3250.917271676893,6426.6050726498315
6554.946499121675,1410.3581954443077
8664.035167932605,8936.13523312131
6785.910992759778,1441.7348756113113
4634.4044060677625,8402.949347783524
6588.638310786097,6931.480693838076
6956.522157414049,3410.6707251747225
7750.5062023219025,3274.332379284801
3070.483836895379,9660.450740822316
1144.3369926843195,1949.8386222368824
6818.800602125695,7229.587654330322
1210.8477499915948,1836.8230025637245
4620.146221149012,9053.97520620535
2307.0163306177005,7419.390049014282
3320.7104318750035,9327.046885139369
4706.246076256273,8791.07712617902
8961.766327145277,5494.988836328507
6804.236984715025,1522.2910928787826
1716.3669460273857,2214.5951403983922
8794.474319295095,2018.1787385250493
5005.430048288844,2206.394427248217
2042.539859521706,4764.14145080959
5274.381699995048,8677.93474479412
1909.2567295778517,231.14605071679173
3673.251021807581,2384.8040659418134
8055.238533849822,5968.029810996618
6586.155430065449,8653.234812577664
4779.419463733872,2974.8038682394317
2264.3934130916487,3825.2715918680733
2821.694115951713,3734.2540971450535
9782.364094497954,2936.9366292991594
3429.3676300665256,6987.6262750869455
6161.275506537431,6558.147224506595
4997.481876071035,8432.750100100902
231.04087623388224,9175.773801692072
9446.747954051169,9004.757980921804
879.292618977856,5401.608378787153
6587.0774409124615,1856.9746242451536
8110.242560911302,2221.620495389608
7487.34692867722,5902.537984609291
8092.503175572137,9183.981849842745
7397.200205006823,5304.314355647038
4455.721669570187,9357.285447667795
8962.745920411515,2622.5001791893555
9124.41088808055,863.4677775506727
4369.548778800576,7962.904060840554
4847.763496478384,8793.835819395947
4856.463969510424,4480.812565864916
2789.028193024484,1024.4421767796464
1149.366243109874,423.2729452869544
2619.7952290735348,625.5791559583113
8441.038084596677,4391.144595831434
5430.56227870116,2348.1499093858515
8501.98148720468,4619.232365067581
7451.619374905866,4884.895024693544
3486.1451459753844,4580.928520753767
1853.1250044356361,6199.224069906447
5672.198123117873,6794.037852756041
9358.56705627567,3959.4539578963804
8394.152067741368,3370.317121680766
7638.354925969763,3684.012844368808
7641.740817909777,701.8153006372063
5277.532954010326,3216.307528946637
1695.2636876009385,1999.1264617653471
2855.4456047084,2908.401720636167
5778.928387831676,7143.97100707578
3163.5342494711426,9885.384346760928
7815.6675902689285,9235.529670092874
3732.167611406906,8216.2531452743
1138.964796922033,7371.970667271741
7825.443530332725,9449.376492010593
6981.301832729021,7520.418458033919
2531.5685345530014,4709.546704643331
9811.152297065908,6013.619257170014
4031.8952360566564,3057.8497109037985
6804.606735046052,33.083377869728146
9104.484402649874,3536.1289433166344
1559.9658831427232,4048.298516019796
8790.217906706559,7330.921575882825
7039.128644489462,8592.205040229379
1675.6277395576312,9626.547178694158
6645.121820614361,3517.9175335625423
8745.756177448458,9573.969363651117
7990.1540798413,7993.855566935719
7606.069725158155,308.4437773572002
1613.3614833325971,5952.608470368022
1906.2411052574357,3656.417997750937
5477.164549850208,340.11209254917077
5801.460166513663,5315.030828643044
