x,y
3394.99125104079,353.7891473531407
6139.9469188062785,1815.5050584463306
5467.651519621877,5127.697094025686
8807.525226188156,1058.6984786898702
6440.848288413426,2333.153541166031
7208.154664708531,2617.2133357276184
1499.462663990253,4829.473265865546
1955.4175355330783,5854.241642956373
8569.219548564575,9779.555860203343
8721.270995095756,5057.783426026571
4817.814729390374,7080.3894870932945
7550.415486133469,1753.077356518933
9061.224757975027,7264.760264038163
4089.686277268987,7634.700620282886
4722.090941572527,1325.6769651938005
8019.406396945396,900.8902960322906
5443.854802076854,5288.3750765282775
7199.506309326279,5291.346661204324
704.3707871084504,3575.1841682536647
5759.777434736199,8998.894616266833
7229.929713331804,8745.746258421179
6997.682456793463,3719.9555178710243
1407.1339922489879,186.84026329222058
5159.236730313902,4933.118651108935
1991.3259290082185,4752.0565104449415
330.64894159610225,8515.866746494332
9643.918018906825,88.45984621960623
4970.052688983542,8142.176736593076
939.4238012289258,5953.937650753074
8866.581501895827,7865.813004590772
9194.114174439374,9868.672423415652
3027.284333230622,8953.067720305358
8771.08745705985,1918.6742527148338
1736.9366809166165,5474.525169228979
581.5235202896862,6056.642384898057
3256.2166571331086,7843.324832932976
2503.0199437996016,7537.246300473687
6990.553614386658,6833.488407201782
9208.160549705974,9719.17919495636
4366.106252648067,3473.7778623363392
1853.5951945387785,6940.731216978637
2965.4667390471254,5239.148305846162
5435.17842308968,5178.9480909358945
2447.8088833868874,8680.067402103443
3320.2853141305986,9607.85540468076
1135.7997193139624,6102.539890167041
9406.635095129577,2907.0084825078957
8731.413668851574,8483.665469240712
7898.331796472119,8656.52096550244
631.3077539013545,4233.503198028093
4552.875256406263,7934.569204903447
9142.351346589918,4633.340726166226
7520.158307624722,6209.852262854905
3748.3606435315596,8201.003151712768
3913.0676473069216,4768.215334397142
5232.383236673469,6975.072336098713
5196.686199599082,5539.0918896771345
6794.893777269315,2353.075203573325
4704.862956461354,6254.245212349353
2844.08427611044,3921.95185368578
9097.740233542967,6498.358022579974
6361.742105171487,5680.063288714357
9258.433843844228,4085.944188801196
659.7717686160098,7567.295929493161
3289.902874141496,5696.527020073057
5498.365337740272,1393.7835288587219
3468.6171591269,9481.608469076225
4813.904260395968,770.2566590927185
6982.540468376453,1345.3432602379712
2477.1971612197585,9174.503711314183
9047.577363848728,6417.613220006094
1304.054917832258,3787.734649844785
5547.319019435627,479.43556950500346
4000.2660929151866,4093.211415938688
1670.6136654706115,3503.614593871657
2869.2246220962516,2650.63935483021
8543.75301565319,8545.8181318497
788.9451065344866,3361.385747109549
4626.304977352836,7538.9752693411165
4492.853254674533,9373.78175865728
8902.8345575819,9740.484572102281
7927.083857589441,802.1955870824781
2138.4509453573196,4002.055060581955
9271.527825478976,5960.767742364074
1205.60834598623,8666.656884624308
8493.807994108905,4637.319569878703
9812.26854257237,6907.02263995116
8908.285505982252,2809.8210953615044
4141.958993460815,4155.613638085985
506.6451949480222,3195.9753335371533
7386.000344101362,8003.088151522212
5713.362003429755,8897.73442307705
7194.059910264876,5835.291949210488
9410.402996883317,8620.06064963878
391.41912131825273,1945.0514431441711
4227.691974017591,6279.757520089299
9923.876584882708,5316.881319817692
3099.514152070989,6086.894123383968
7649.530212672611,3214.6577812186474
5758.270154057514,3114.408711120863
5476.461017517908,5000.145634045232
834.0982272738296,7383.250497912301
1954.888243119185,2040.881976606359
7320.546373376407,4352.142873702945
9422.603762302084,2689.0408495945408
9954.295864447033,4817.130569656215
1265.7659681317268,3624.769549254061
6577.357514369389,1419.8792749315114
5016.543286506545,9437.528073122634
3885.4699452089335,2629.5289238873397
4667.1010535263595,5400.3427402062025
7177.629264078024,8221.761027808356
5005.3355240337705,4761.748022818514
1753.1775694376618,1818.7373920509854
2014.1076408153003,2931.424481126774
2706.569604709308,7818.666518334464
8488.914258850047,8824.316664770602
6311.641629214036,2505.883319219071
7859.199575647356,2910.442595915803
7693.72961993518,7630.966703289006
7748.893108932891,1060.7880002362103
250.33417921816238,4743.673952588121
6235.471243840937,5996.271483168441
4020.336973728973,6389.508828182737
1132.4681737211363,9057.887987324137
6241.951512692014,4598.685701190813
6760.201833715906,8803.722336104205
8350.274365057478,4688.29016142035
6968.082528260631,9052.871538014799
4962.046687714724,8865.641957413702
1994.5461075603089,8241.59070019404
2001.8482769276459,4044.4223244026166
7703.88882496131,2189.5607141638206
8012.490586947791,5513.139813851882
9895.078637769737,3630.8509104197897
4589.480991213605,381.981111781623
5796.365427664247,2226.6364418641692
4599.771560845692,7758.336329964921
5256.593061551572,528.8534028626879
859.2490900131389,7650.879075101612
5126.80338911548,3161.628160173524
6803.008264677373,2415.5992103335498
2234.834671712095,9501.094151726424
1945.4013309809259,8872.092485781437
8781.406779796498,28.96184547198977
96.03691924382152,1268.6999263745347
7570.072685248702,7755.007891775975
5673.768386999506,197.80991998197828
297.8756856183418,9372.711111330007
8427.455046699219,1562.2545193678216
2688.492074011958,1977.4974297828608
296.57205479416973,3406.0573702092934
1864.8707000064758,8860.180527903425
640.4170641338602,5996.731369066649
8501.900836600065,3089.955542352548
7904.715315024704,4365.880589390843
2891.5829227428158,4996.421314635664
9120.848240186036,2030.8006019819013
2221.058198493312,8103.30869042021
5822.895167009335,5449.2849721361845
9892.533461686951,8218.801630806473
4256.218643578534,4599.03627344247
3140.9131709120743,8245.839157234299
9788.416430898636,6220.838296683378
322.0796630642597,3095.762220335453
5502.706636486942,1776.35297896108
5275.61121595432,9636.099897068809
8661.162701442785,3655.5938053130676
1217.4145617199795,2502.593633520389
5514.653066019738,1120.0263454399217
7446.405865070124,6980.884520403122
367.09319089570647,697.7253345036794
5922.148965840706,2906.465866583412
5266.324635402697,2062.9510552055995
7604.6687309272575,1319.9055257190073
8556.594523195661,209.49697362645847
919.0315025003459,3753.489293306389
8641.849940491249,7502.557928268065
843.2285636802861,4347.446734537127
8914.655088715801,3546.33359546249
7289.513333272287,3208.8027486945825
7476.931080679582,7403.763592914565
8399.534614245338,9115.97956783931
6163.328558095378,8796.988145079282
1970.2581122235263,2522.952082805312
4469.169777942085,9593.906637645407
5609.025580246634,932.7756159969281
1011.838338637715,3748.5990023990735
7662.06495151711,2581.6492290496417
2059.8787274533224,3045.9327381232406
7957.486638583004,6567.819664363609
1724.751705422425,6406.121171304581
5129.274379950869,7129.967425764426
7255.304801571134,6249.624302166358
9533.92381545388,9118.34000854529
1172.707141054653,6181.513229772065
3881.8705881970727,2050.8324833190927
4064.946256668822,2078.841436818991
6008.25947005812,898.8111319434
3330.842532202962,9744.896832877615
334.9578331139602,2914.95795584259
7978.830270881483,2780.4477759340875
6077.090669402383,173.7049766350063
4358.1959775508485,3483.3534468114544
6597.875845637612,337.7406052387588
8961.136572178297,289.38164996770377
6220.866759037649,3304.2413029502295
8386.91287136597,5436.813853877765
4105.715692885964,5078.196868366065
3447.7298475665407,3457.7469526074387
3136.585508257349,6771.633406331889
2427.1878874473505,3632.1527288642274
269.9644834123982,8924.035287218743
7952.549970109542,4553.3623062098195
1507.575315569838,4269.29702274675
9850.976252748358,8562.644291389459
8303.778802493593,7189.736154270945
3326.7896866134984,6897.470937082639
4547.830607149058,2388.4617332346147
7847.48872257768,8977.385261623482
5486.221569071785,2287.492173817336
7800.500299675738,9003.308698462592
5300.121288670883,4995.886547894035
2147.2002532220645,5164.779888200046
1791.7742505534695,561.9589066629183
9944.08049400697,2857.5532112368605
701.9844624252403,7806.844908686045
5309.89575471446,3511.8036801820062
9830.410791527165,419.4703006011147
9393.162242585393,9214.056589255097
3422.608494994421,9778.896995879053
1926.8411870279267,4117.454352293111
6780.4172807402,4782.949569632345
4119.407474361417,2955.7932813141483
7521.235580975741,9558.315758933843
7053.1263079419805,2636.734994049641
5398.1119121221445,2981.8026319277833
419.33179925598307,6027.396459869511
2618.066465790324,7698.2396291675495
3865.768209149846,1196.9732189957738
537.14282672503,9675.923053514529
1302.1354914798212,7361.378558848889
7588.39912049354,3286.831879419645
4916.098886937784,5330.821355942084
2524.7083488851617,7965.763877211693
8775.534819159648,3889.000605750348
460.15766460734574,1523.793833765179
2387.7957447519416,643.709551261108
6179.377853210758,5431.533077561859
6489.558382686156,335.409490698112
7160.249123124797,3207.5994276528363
3727.4835137829186,9796.441533451009
1016.2119128397928,3031.552804454609
3136.4115823063976,6697.846397585574
6017.008573592485,7699.534309127674
115.7891994548932,4560.720689939717
2167.443479338177,9729.73149734092
3858.4185246563775,4598.383997852945
9173.349170161991,1079.7206759285204
3823.9381584641596,7585.944831005994
4476.694023441109,3405.7229841284966
7077.3787402889175,5788.6092568585345
8137.833546502899,2032.4639918744635
1329.4151352786844,153.9734342516852
1392.5961563995158,7836.503490898264
7077.368523153195,1864.80703267929
6546.75595982699,7642.753982768328
3705.453032179068,9853.83831509224
4910.433067849064,678.5841000080505
7625.248944216262,9892.508750360945
4190.485890114711,7016.113552612989
7760.925476653962,3504.9042588237667
2821.685421529595,7875.8744378327265
3491.320257199114,2078.4541355767205
2477.1591576940423,3910.2671258566447
2445.610691030047,7194.26005852985
7723.856550572658,3186.827455644943
4081.7788169998003,7432.363158905502
634.0104207292108,9207.890491691624
1839.0546279015573,9681.513909698046
6861.915841159231,257.20831933720325
713.7106036047613,5202.450532349455
8505.906535293463,6841.487358045655
9985.295701419067,4537.533232528067
4892.979210777648,6006.935493256986
5988.8166056702175,4021.055261772516
3046.0464420781664,8481.933682422425
8418.987075715777,2663.7879098214944
7996.434416778463,4906.97206316157
729.6338461879382,9930.253221732606
5308.654756393493,8279.633309512083
1956.4276631283972,2479.1546822958353
7591.856746662479,7852.214946722066
9360.138396972625,4686.869230455437
5155.915594950533,1889.9755107536819
2790.300116278981,676.0677690065809
5724.701188000959,9229.68875823545
4806.0736086494935,5575.780883936978
700.824625232942,6527.626384698127
7760.0591422539,9335.467312750634
8198.07965448844,2668.662372204095
1119.196435825499,9720.095787004288
5442.188208693478,7723.064913984396
7058.149152101985,2396.094041671715
402.7324177331315,9929.080700579332
1297.3248848721387,531.877359056172
4401.970027304764,973.2356736238135
4419.492169248206,2398.0323033411855
639.8342428938641,1872.9352219214911
6624.329696040514,8038.81410934814
6877.183236505891,7213.80451967178
9891.707864454987,104.8314874213907
5252.081314247958,3788.787105440494
7184.851691708829,9283.712705646281
5678.461799359663,6309.009199846215
4611.06268314317,1504.0054901794076
3041.6274111184684,3513.919058042422
7530.107339381277,4606.58453489492
9059.568724867193,4746.293306511396
9122.06586994044,7109.180078133348
5562.474951434338,5407.874249507141
3766.4058707669647,7501.671060672315
3044.064412217159,7497.097167628125
9925.709945812598,7231.2236633227185
3835.684760050043,1251.2113025971273
2494.1836409752336,8377.177596940237
5926.6072458640765,5101.967707006405
8517.443580356792,2285.478018746557
6621.4264801118225,9163.549468902433
2826.792151868913,870.7753075794944
1650.0755333829775,5345.02864842585
2297.9173224157043,7235.858077900619
2471.0113098354013,491.60102427963426
5355.549915920768,5354.982701707501
2473.7974471577627,4379.05935604921
8674.55410824855,3708.5276241270626
4744.477988791062,820.7454526161606
6873.5787598397255,9937.681246856491
7333.707466283563,7290.871830642291
12.699427359633697,4866.81903812073
5387.402972037678,2673.8549018050094
9581.81392851805,1578.550946875582
4605.82970631151,6756.494943358864
880.037565637708,9926.471503811727
5447.636776934124,5355.54840822194
4960.534822745299,1343.5494750202538
9771.552554046313,9086.697556871775
7373.012892583025,9597.949148712163
8570.239009412986,544.5288693327454
379.7508900058977,7896.211665254534
8992.803897039486,6810.431663215944
9698.700150480921,471.6820000766275
7436.351470697665,2165.907398670337
1739.9904337332473,2900.415794589012
1984.013733710649,35.845242174480376
7179.62609585701,7966.516145939118
875.1092528339377,5789.807591263953
2728.448429694913,2843.716710490517
5691.458236761349,3900.138610277396
1946.2770067133838,2590.531841806728
9274.300873812603,416.6338109110701
4815.899983827595,4088.285873892702
8752.002040069581,2906.2311144123432
5234.4395522454615,5971.952697196952
4630.53010581475,2492.8255402344366
3716.0022355818946,5414.849072527015
4225.80223875799,8310.263749754595
8207.940894184552,9592.226049151717
3049.9003726468554,2610.872400582299
6236.3079710924185,9890.216345950304
8678.404242006485,6333.213299865905
3916.3218111396545,6402.330986056789
718.2510811963061,7501.2682986121745
1760.008303906233,8478.964607856606
1358.2247968556517,6078.843105870866
7299.27241347498,9083.27570476493
8912.260742199769,1225.1299023704098
896.3057204858171,4443.815783089757
1506.566745912903,4940.14426359618
3348.934891917664,3202.670863408492
1546.0526791734285,5982.780371933485
2215.4881653535263,9634.314874853762
3262.70213367972,2709.4750817320423
8230.240370300902,3744.6102817588912
1144.589183407666,6302.927716973782
5237.738698017967,5594.93781938195
2252.475578930417,2718.005047309184
9592.086652592941,327.34743524856947
1545.0421013586613,4077.751876486926
2796.306555083714,1801.5968631038936
4275.529051279015,7551.490651985771
9015.068644718316,7804.560854864173
952.0937587088251,8764.990480244938
4719.446661683789,8438.26951244844
9230.182934362576,780.5086317976251
438.3959501488999,4388.060696435694
4729.212179807282,9241.38686381041
1890.6160427249108,6759.352614467737
7611.270748336466,7334.730588711797
631.7199874261692,696.4749463204845
7413.838749864308,4259.305809721359
9440.107671862585,274.4291249847053
3869.7073073353995,8275.41257056782
3475.7364378083735,8315.46562194407
1864.1419993687869,582.5556357167627
3241.1442205811168,8642.15760230169
4112.394487142088,3151.903834509837
6894.249263670819,6050.594588358169
5395.552156180573,3519.1854331022287
8516.974722708384,665.0800925452937
9576.3991840322,2946.618903673317
8996.286382957795,4098.32822207335
4893.770667318828,2377.2815726705044
9931.262870481016,8706.289250953629
8306.45663859311,7564.490581807889
1822.858912816595,287.93651860301696
8318.599845353698,3369.458575666686
2290.8250811529697,7374.614120292213
133.4352872587652,1468.9387196001092
294.26867624427143,394.65098436732404
5491.245092164742,3197.2186009983807
9873.831882038889,621.0610793244275
9899.893896095395,1898.4030264263918
1338.127969506111,5043.972718447756
5264.118600627267,5034.543858872346
2638.4557560296707,7072.40173361862
2263.142369746638,2254.132418196153
7069.525797911409,4561.1553389641
4873.0875856396315,8030.413636676956
106.0027281316911,9660.64311743124
394.82573965739175,1982.3350242508998
39.3471151611613,5866.238989611631
5692.1719704202915,1252.2553409625514
5473.1282943443,1776.980065670002
4479.997364984341,3493.452802967759
7973.764796544307,8803.404033752315
735.3094699500007,4277.365320640354
992.1708736363278,515.6587880529662
6937.789731616623,6435.793979647348
4098.145620896798,8229.080657961962
7641.131517818739,2553.1772107849206
6576.359135038047,4840.040401019314
5606.275898291173,5862.854920696706
8296.271137085509,8651.052359827385
5675.1122979843185,5654.897090110613
8363.42259985822,750.9206061105311
8038.620382674194,3142.145611855585
9211.1347353465,5539.00809988169
2542.7482560889357,6693.368985662544
6580.069005215719,9371.977207866483
2385.6133815279845,2956.98722296452
1212.0977019784152,6835.571957400116
6496.80466416494,2638.6995478924837
371.96065302977365,9329.449339841553
172.7034460342358,8381.67798647717
861.2945267127781,2179.3278329776954
4775.846669091986,8311.350748427885
2494.2720303421484,2799.145162107597
9419.889193083976,9696.249618066333
9842.021057413278,8296.129117521881
604.1677288351399,7288.694376838456
7034.029382288592,2151.8984102924533
3238.3148658512873,6382.577978552233
395.2430418600517,581.9325226548211
3901.5712168832606,9799.486640457975
6279.534471900747,2024.1351913154926
6993.505498581222,6611.533899221521
4599.1495782631955,6296.770149174764
9433.563579200883,7609.049648884771
9024.976143593281,2603.1175622761994
2932.4443142306955,2741.134397401952
9625.969964578882,2375.2661928834827
6797.029137662608,5337.414187890984
3252.8176526629004,2923.885780231349
63.33817016783594,749.9551230068158
2800.7420936757844,5379.436834744432
6630.9411998918185,4034.2505988768276
5966.97920449076,3230.664307666219
5782.205458658396,5427.53439038941
9795.084851408123,9364.454427363593
2449.4981428441174,9684.443761905022
8798.191080466453,2965.239401596943
8661.710922660412,3662.3104440114053
6348.988406786607,6500.955316943545
5957.933812433248,6826.835541825477
2862.893579383422,7115.541566508208
8372.213459777066,7761.991717745581
4931.511425192032,6103.395968942768
8821.054190873678,987.9748917488885
4925.790509171438,3742.924609428786
8239.402109449378,8029.237427344193
7920.058155425972,578.81122627775
4621.421554756224,8678.399676683552
1406.393357997404,4205.830200118279
7675.355191282009,1788.99219080215
9153.930715104303,88.80128366316686
6677.6743504421775,6997.624395488202
1756.2350393955273,4861.833751542169
6093.39779262445,9717.895122996222
8132.428652841247,8415.14308806707
3729.1579255399156,504.32467016614413
1546.7849755557495,6081.25982963577
1135.5220916464405,3617.778405731553
1360.6418986986912,5549.882815341053
5704.26669886201,3484.4324252050187
120.95076710058605,5985.451201422196
3685.554685190917,1067.6170649616067
3801.3224392613765,4447.837975053559
2729.4909951799405,5463.151654307322
4944.117328696541,1.8180077436680264
956.8271108938665,3999.954447311608
4524.701774698655,5009.393177058277
43.89961939312181,2009.3836823269785
6046.63435431333,3882.159689547482
8762.221121614239,5242.956053255882
9585.371993443412,9978.822758539332
455.1398092496983,692.3716792688662
2093.0382108919653,6343.6130193628505
4238.558670749066,9859.777780039478
5745.0118769259725,2046.3171429565675
1487.3543498770448,984.1217222530496
9241.355584804018,8460.46371741544
8831.24209422069,7951.874870445562
9698.535966595377,9397.111974187746
3466.9452977570813,9237.83662870836
2623.0530870965595,8644.837986441235
3356.2253754211424,62.59052093216199
7474.995011887041,598.4803036546659
9685.692836867576,3094.8390238208976
7792.210884236357,5404.24619645765
4346.463531844897,9408.474446722244
1842.605884054953,7769.191272206165
4649.007375144495,2958.791741268363
9842.778432042822,4045.972090308705
4145.06572244786,80.15190466801326
9715.05363519222,6374.337716292026
4033.5860433676075,4787.31113902499
1293.6368300262945,6071.728628677089
6531.175535505232,3864.950983544334
2774.4951102804903,3412.0399058440953
7771.295565484292,3498.53739401395
707.0453802362342,3726.9280808167982
4915.90575660903,8087.206551997497
9344.38468012441,2384.3548488289134
6658.39552316882,9645.514333201903
1640.966806421842,2886.1679856210476
5956.53574004634,2548.6050902860525
3437.8133564021873,7613.689294901082
100.87084609929575,5629.817343155131
7095.701801046075,2880.890926676072
574.8601652121788,5203.752076540052
8966.158721946174,1813.8606290956204
1334.8688032666678,8400.274399499503
1539.4699677926171,9242.173103356945
3480.124328691453,6045.3492106311205
7777.316032400864,9885.576642071721
5313.809108099834,4493.477912687679
7574.293214708423,3980.1932564454232
2375.4751193749726,1997.8302446293471
9525.931513058556,3643.4531541631254
2758.407697620536,8005.695096269602
5180.88077711557,5221.176325440937
6463.482845090144,6353.025476921012
4034.7750042435105,2096.821538131918
949.6639963825381,8861.038670516196
3417.3092908797275,5354.593110885274
6176.550603982093,9503.943427499993
985.8970268144495,3241.362193178221
430.84603755557896,5601.724702553192
4794.993259309655,8257.291843480352
5276.782428175603,1229.8576629205272
1310.7616307401904,481.68215993502963
8854.377384187086,9107.727676978473
5051.194457071495,6148.554641072761
1017.3039033439313,7144.396633950761
2869.3231914135076,8316.018896339463
3717.3779874954794,2328.2590102628074
1169.6467665093458,6628.701454775798
9040.82862649464,3179.9602438453567
7197.795608626823,2322.688890031479
4010.353811274048,284.5735316537501
8117.210376627117,5470.291465195124
1425.842136073221,5988.575995115319
2148.3387649457395,5382.195699949332
463.1748132478564,8311.008266759976
9428.41033656946,421.94469069684936
585.4229059770865,9127.649842584558
838.4695541269127,1924.5594866422089
5587.666463924532,192.2669472086025
8009.266240375008,6496.188749800309
1146.838318770943,6260.292639507342
8481.461187460329,1141.0357278772233
6461.546388669513,2471.9431129636237
1690.4640526666449,2929.166529008581
339.42339422923015,1698.0029145890608
5488.555911089938,9500.403585154274
7001.38004156956,7036.072035383193
862.5665286326367,7703.005139869048
7430.973823456302,1085.5055797701118
9658.170646122086,4196.2692774474
7065.07922367094,8782.236039620671
945.5808469882932,428.61581632800073
6337.706346063746,6214.497451096799
8590.292904590628,1461.0470221651683
4048.9928046737787,3090.954535950111
4007.31243187594,408.59723127491645
7435.7393979972685,6741.57633443246
6567.631742331879,3014.750791859174
9908.6346286695,5477.808874095581
6454.446274175989,9051.916149728895
7234.464621211389,4834.149116142979
6792.734967432751,5271.530760106643
8566.24317699995,43.38535490505557
3525.0923908227983,3466.318599508176
7753.989282009835,6532.808089970988
3947.280191464113,3824.9189369194523
7556.0157216347,9672.918567803183
9532.596654449955,1587.497583961388
9382.724773519129,8714.565329527142
7541.060878086797,9976.881405732935
1451.7930063521833,8992.042870007175
8121.590736157127,8000.120580369311
549.3074311309631,7405.986854999656
4459.164869222356,2352.31308710071
1868.4303126098634,5403.646382118916
9616.712570029227,6922.815438178287
9854.214729902544,883.0211666495502
9650.64372651871,5869.765944087046
257.19286239390794,781.9337196652842
309.01133741060846,3002.018327320126
9899.390995750407,7614.553915846444
6767.421307921956,5894.920983769219
9492.104797615539,5679.872635069364
2012.0432910983277,1044.6201631943286
4888.665404145905,5811.779312343692
215.23407443406973,41.85387660806228
9887.130060616813,4674.391111260997
1477.9190146235344,8641.391356220132
9614.553242684084,2782.6712714937607
5223.966684472503,6581.014820868687
8889.345224836303,3958.6076139792126
2592.818735993739,7128.975046963584
7379.029195429042,8088.721215826051
5526.012109986599,7081.870664344832
9183.89988357392,2828.06037864727
6474.331002568343,434.8879287486007
5895.768363119698,5877.875109563563
1182.5205988645882,8494.338206498353
8032.921667095273,2777.763008374747
2614.1385397806685,7137.416375694568
7718.970384867897,3278.451495610797
1595.2636602467062,250.57169842231386
125.07457882311668,2183.4287024499176
4624.716540955101,4301.868365226616
9623.702630334952,2316.7541741438613
4895.036410624059,8391.274330963177
6726.532720836688,3970.969126367162
2701.8076185995833,6908.029125691464
8005.881353701157,6997.74302667727
3691.626026357461,8445.458133507835
1414.8036831969503,2399.0586514995603
5031.6646945218545,8989.441577127354
3306.712870531635,7297.342626266679
4124.953709648485,2022.7840633917892
8483.42271003629,4076.864886645455
6893.748159653782,9035.023874021752
7414.720076649518,1003.5491438239286
9219.175409285876,2507.1720469336233
7052.256609623868,2880.9142990606706
7406.888887384694,4496.218323793818
2298.5133420278357,8385.719205543135
6190.7304375251115,8751.982342124202
4809.987213474276,3607.1184824132743
1943.4661146797705,1380.828110560679
4729.299782704954,5969.947000457172
8929.65268930169,855.923566354465
8770.217683113688,8967.509875856755
42.93568103061585,9254.145514840982
7330.442207106938,1588.86539206883
6041.016677746193,3986.482810341747
3273.6949356324417,6560.123210354101
9956.676533285581,9090.477826875938
854.9819111176782,2814.8295020980217
2400.935447975443,3663.5642783430258
1045.522594912479,5719.977759405354
7486.522512692928,5765.979686564916
4048.1835386950006,6857.997893044237
2830.3914572039303,5443.699785925675
4962.506706861381,7903.229547746386
3109.1219802279657,6464.839987628582
3149.112810799848,9830.793636680932
9718.30209706447,7906.84090284016
6428.866929288798,5583.55660279999
2812.2394567467545,2784.076507349409
7671.332653718754,8450.588978599424
707.5538196694708,2140.6558308609992
1113.5347832233767,5586.429472846182
867.1102048654933,8572.56359829573
4963.467921264967,8221.647513145783
9180.34616508982,9903.406716953123
2555.65051864996,1791.4016145159683
1481.1322791153902,1273.4981290524615
4822.682548335952,795.8389775681474
919.0769128465226,301.798174338026
6971.9062809984725,6075.454532009365
4506.609376527321,4327.720313970398
1844.946479167474,6762.457035550043
3326.1945297687835,3090.316126298751
4284.399747090968,6608.931570739206
3162.611795560177,3184.1109549755497
2732.6278631128253,626.227768163905
4809.261479246096,3625.667598315473
9012.171247725579,1664.3228011973843
8921.55374136252,6414.628044875896
5501.596565223492,189.86401243806682
7745.484614252448,804.2593054140534
1036.9722576782992,3195.752830333615
1156.1988078407037,8175.378876163256
1628.8235269993334,5527.7166029224245
9609.033895225419,6330.815157614757
9494.120197091699,9742.384527086671
3426.724915541255,8516.543230156027
5580.999310481097,1152.1708082151495
980.6616578163018,7794.314294150735
46.306741537114334,1464.636386198993
5668.911606470445,16.421969890546563
147.653786109464,6546.43713289644
5864.088708185245,2466.4005629650774
4154.182378196909,361.0857940166934
6696.728894717683,4735.061887630983
6974.667876103017,5134.724588962393
3346.0706793616046,9209.992277613472
8813.535613557508,2903.0295785393523
9436.726461943528,8583.406594267955
3962.1447115728724,1100.6215568111365
4068.908845353577,9829.671580523547
5839.540634940472,2141.9087486881363
6222.222987488537,8671.064842722137
9367.030282637805,833.5749998037867
214.21113378873312,196.1510371033337
1038.151237180921,1650.2242243736998
6337.207005334244,2610.5479176156155
8518.542101200608,4208.48936981736
9756.502677866805,5277.307312175832
7541.917544652223,1601.9268337620695
3516.295657975376,8057.382271194265
7278.975190842643,4209.6254602628205
7467.927055755824,8201.120143378696
7744.167683778481,1582.5217072209364
4799.344686305484,678.6494673956922
3855.891910662892,2169.7751523081774
4745.426323689689,1311.041997183987
8412.407423030327,4120.187023082327
6291.981562301336,5818.526600440057
4050.7256159894987,7217.019069756192
310.1127265368664,9786.046956984128
8525.98741310513,1895.348737605843
8562.561289965672,6316.829013561286
472.77201849349694,45.939633164484576
3805.068340238721,6438.369936260785
4342.287396235456,7409.1846804492425
4483.969525675205,3469.5798944623834
168.06688157959826,2478.4952495216708
1431.8237011713063,5522.613371694505
3160.5417911993163,92.80949292836516
3089.9594289464926,9058.910155829437
8056.762644824137,2844.9118573795286
5830.697431794934,2411.001895453554
5198.60235319895,4920.651122426488
2904.4684278171517,9239.324336372218
2672.8982936782777,4672.373029850802
8610.909777185125,6169.386377712859
208.95591015516302,9025.708119865085
1599.4530042103595,9058.693598629774
8259.783162526373,5298.87178496827
2096.780486943459,3749.1088267064697
8676.101606810646,3595.221163123403
4804.035387569343,7778.015629951216
1620.0950245402369,5565.66686512056
870.7422816363985,1479.2320210761545
495.12397678531994,4258.5325090011465
1759.5553087244953,7954.518029714292
7823.793518933363,8374.384657228182
8586.644287938338,5308.367951565444
6503.607239607901,1462.8359915493816
4918.964445186705,4740.2380475844875
832.2965734770904,8270.214089781557
3280.8185118506685,8582.615518021228
1461.3256772320137,3845.9918909543635
1823.6900895705844,1089.859566208321
7308.506396184061,2116.222575055684
1660.7272128507177,3188.247110541228
5116.830888835151,8322.497059244206
6650.827487221449,4057.394418656245
2385.4085707122285,5392.96276935144
5634.18963574809,7476.4291593027
9211.09196783287,3536.9046693203677
8264.55109028204,8196.078971364868
7046.330134255419,3946.411398217906
5598.3232283308225,6504.230373066345
8557.77843555446,4568.31148545664
804.2591210295269,7842.715814218194
888.0433129758003,5321.318091790582
7593.799714173724,7720.719122456985
6178.648063960115,6488.075978510101
258.57542997686835,2204.2834818908186
9294.179853522564,3914.622635571684
8580.88018201365,4187.118572356538
8774.853453975353,8627.127542997025
7585.150676284142,6050.980782967449
263.03387388834864,643.781509344018
4673.152005762423,5089.917379187473
3770.0378949632386,8363.65084800129
9291.31601441488,2697.3613455605528
9836.665038378556,485.4683687467332
2049.2414276987647,6715.013104986769
4640.3715547709,654.8287713975975
9928.968856524447,2512.384752954443
4708.502055604733,2700.3396571707162
9889.714899332044,1843.5576531629627
3242.5275634671857,7916.565096514248
5458.786596966388,63.86803539305541
2546.598026042004,6286.509314650063
8516.75819069228,1222.8245115641234
6291.737935633961,338.39743528424117
3257.559443574567,1960.8678814572866
3170.8564490999324,4907.314275738965
6219.803784018069,7712.80216782156
3269.9307965884163,5994.237503124194
5973.898783237519,3006.410213615125
8018.051968520239,50.88694511617531
2252.265225037021,5417.139811144712
1836.0575771681774,6924.827828986202
1000.8027562752842,4378.205588735437
4493.403504909411,8159.128277509167
9294.38728468465,319.3075821925917
5847.195544214526,5913.671020337393
982.6943856422621,8583.524342825325
3766.856674045218,5557.255740779302
5342.184820776854,5279.554957079456
4096.036888630468,7670.700564421353
9343.102486048629,4827.92611551506
2336.6484057027824,2752.407884596595
1785.6716363993708,3096.8250640076867
6751.562106357519,5733.097627272576
8314.907882027177,873.6024870686998
2428.605663513457,5444.607711757157
7902.627275269162,8028.752944666875
2637.5045333762005,5523.913002204659
8964.18131638733,8823.553259048613
7909.0189510386235,5603.533867217967
8120.53087742067,5879.4899993431445
7067.495009088937,5956.245537747616
5140.507458505519,4649.599179546106
401.7546933349425,6462.9370522637155
9867.535318037808,1060.1542779347817
2068.9406733920223,2249.42083559882
9274.557349315255,8096.960056284739
6282.409652546733,641.0999613248658
8415.705584108688,6407.9951239305265
699.4949201810963,3229.4860293586034
3870.314265782806,5051.005150627895
3401.017902858925,3425.3333453966093
4261.660067082696,5451.541846950791
4926.08409575639,9839.528656415192
1576.927777532896,8938.387808793288
8733.639703119306,1290.5711390324425
818.2350285900175,8599.366780115073
1928.673165360071,1345.2419477984013
3585.2021654623322,6401.281538536771
8482.927508658382,4773.889166739951
4424.695976228851,246.6178059671864
6215.339611324548,8876.251284499633
7418.641471363437,3797.8414239653835
2566.769354900952,2465.9616885837886
2523.8117995377784,5164.5303866036875
2506.751930981843,3445.6829131988034
1079.4698338942999,5609.769271318314
9144.766697774196,8138.971358212527
7549.7264895673825,9126.555928137723
8115.8081292181105,8539.539774715196
4979.9487301737845,4499.636862082663
1922.4854724777317,4860.572043446829
1887.384565658089,9105.939395456835
5735.50279795803,1877.801962025083
3849.4826887675704,6728.837842781113
9773.883511023449,8513.291221401423
4226.364651555641,5754.523377285783
1341.5375288568166,4631.618025293132
1075.164955451029,6764.698986838574
5832.167043874581,8759.021823187171
112.81077620803215,4251.9354711161395
9660.70902814865,1396.170579250935
6326.656352875394,3357.8694117178443
7072.841323049061,1737.4280797305885
488.14165145328104,4986.8045569368005
6368.7887437313575,1343.6502853594257
567.323575872839,1291.9340573782679
9082.889921090848,1414.0703201970916
7561.549310587061,1848.4990431338276
7487.762945371147,8254.043625703336
4650.368719075141,8517.343704093439
9630.59752678798,1689.5406203671394
1012.0913736569747,3889.6864830579193
4855.141975978241,639.2548757497707
4937.773507145859,4409.497736718813
8780.139985911412,2015.5059593712176
7172.225708940422,1777.346266074079
6187.563186022028,6350.262192336335
6175.366998874963,1841.7019217994712
2086.6979643146988,897.8069815428491
1386.2179891756232,1472.4361506407035
4500.074402660797,3834.365066763358
9969.284281823097,4440.680329394105
7162.4887495053745,5311.440537603635
2742.4062092086465,9531.483898021435
838.3181321231348,4260.323653007495
3556.9750754470097,6616.061281019807
2523.1251011018276,9875.063577737938
5411.8291888032445,3512.9085604832635
6581.984740814013,2036.9935225605395
245.52521453374277,740.7198573822926
3604.7901423294693,8348.86143661549
888.5221764973028,324.4846589316541
3697.5504438723206,1336.471685017916
5970.3163180106785,2222.857292135456
6891.879293602775,4983.788126737323
6814.194661725561,3759.0644273814855
5912.032939033248,853.3898703823339
7709.802404472928,8881.792468189258
642.3844069954642,7164.617957246444
3850.5112259747243,7904.517579003981
8519.433509171286,859.0297528019097
9367.329431908704,1871.6210933830146
7734.369225205263,1776.5280646474534
7568.332378050198,343.5370849613173
6223.5082556208135,5859.373040264627
8066.85170208246,5887.910545591102
3308.3170514173366,4135.905899088693
1887.8050982991724,5458.457595355792
5559.174109167834,3568.445057216992
2291.2005080820686,4758.315071421532
7528.166460217884,2096.2402965403326
4220.223111855116,1087.5141633948992
134.50043264839562,7884.716702828531
9348.256077761394,6943.439074770721
4241.201492339081,6469.997592462986
6287.5374432641765,2506.9018410638423
5900.107669524288,1870.4342783942695
4034.5212057057233,9232.85916567162
2642.1578112784296,7857.78901902826
4976.729470097576,3012.4655452974334
2384.6218938351703,1576.6492542060994
2634.9790645497874,8745.802776357803
5951.958003491469,6613.777834796407
6206.918805507714,6204.862960400246
4078.036057775549,3883.545047741943
3802.7741433593155,2145.2652858219813
9948.787028768287,2974.9622485827485
7553.128004674133,5688.569552919131
4386.5390499995465,8983.431101877577
1235.9270140181288,25.87608897246629
1167.009556199916,3039.6761548106256
9971.1094926654,6340.766270294339
8713.522381843159,4538.957604339176
6581.682095841791,9679.923403479883
7141.643721155866,7199.37833486113
9291.598020799292,3739.337985264246
7667.481421066971,7829.983714761563
3117.3829558454267,2703.769838590122
9227.262342598531,3141.842770344809
6985.910105330496,5474.193765110101
6031.376468017948,5706.74280959869
6632.405428085507,8613.085003896269
7288.712677003983,4583.127072123918
7670.673443444907,6924.68212637019
490.2920520711096,6374.990057680024
2880.0045197288937,6057.681950579761
538.547684274313,1420.1471706280533
3764.063676488658,1835.7957868841668
7160.979076147004,4741.611205094148
3817.062321590492,5782.747996173507
3642.4313866616108,7747.017684670704
5817.13969621493,9105.820604327542
7922.2539712095695,8460.855770691825
8657.592052606966,5230.475503814495
3596.225014405646,7083.154011720297
6869.25460280663,2904.358922953056
3243.81407882538,3756.9534903316026
715.8266572921568,8744.49008208957
2859.684401876724,8410.315024469184
9177.778456325716,2687.6969974716703
6982.979978013151,5141.194674851933
9350.957198191285,2695.1909698413588
7993.89346626166,5775.926819436959
8358.92437859187,6650.370441551371
479.76540617885365,8112.525289457886
7011.524844574107,4582.52563651513
6012.585748558507,3306.362448938831
1973.3274353840225,212.11034318759926
6416.450164813356,1846.14145331786
476.798925647981,6632.196809539127
535.7480801589365,609.0866912885617
6462.50009453973,7148.090591296995
9027.612676084296,924.8954409012778
137.43048086136133,5293.541417803899
1762.0580666950748,256.9015892654769
5396.028627265753,9706.76036770232
7742.616697880417,1371.682546280778
3199.174847131846,8002.158540433267
6419.720511964603,836.9242730901416
7426.629465567129,2642.849375861892
9170.743407005242,1211.9577671214731
1428.912076798796,2291.5326005082093
8679.318970822462,1.8450731639552131
6388.653490487539,5688.498418893429
3214.179599577579,6526.439299545391
4848.839436403354,1224.8877972343498
3875.9097602587776,8366.43031701761
7076.1703544742495,5383.089469721104
8805.550734235652,6028.890227446634
8297.33620277112,9738.845056672952
8102.79578892443,1947.99783825497
6486.715843519571,432.7542673963047
2385.9571730312714,9156.426450241512
810.4080192786,7890.429209713216
349.8442859955131,6481.218798816293
6444.967488476094,5949.475073452329
8083.259014245861,9239.547715201204
1300.3292263018973,1238.8598284818963
2980.766895750494,1344.6246252162764
8137.656559263032,557.0953353091734
8004.498727217674,3594.3299137320028
5899.338747262379,7247.29486502291
6935.607012397706,7708.466575102054
204.73411654545637,1227.1358480631711
9662.16134862139,7296.0068060822305
2063.4195290576886,8305.2221440703
7970.851956706863,9822.579853112813
3607.3628161633997,953.2502300970835
7176.259726313121,4224.344468457237
1835.857573923636,2027.1931984365256
2447.9849036033806,3467.164509131534
2297.70221563254,738.9751128245503
2366.4959978637967,8827.722700304092
8045.8313960206915,4062.4181062953803
187.66499437500417,9463.619197835873
2821.1367823248747,8574.232268681004
6496.081375361435,8473.60156560888
4538.319500981812,6458.996545934383
6740.73159306808,4650.47761713181
714.1415289853347,1124.8666113676932
3374.6761166836727,1978.9252893841747
6653.7233243833925,4449.900319422324
5895.755965831495,9169.9881054195
1530.8553972007999,6526.487832578032
53.49232486996036,5431.527070435418
5559.435445641988,8945.753130666651
31.935202339501423,6362.978988476912
7339.0973009646295,804.7860385177996
3719.333411382274,8856.68501644534
9563.727357244426,5714.432257308785
9348.880999842373,5214.566618192159
8697.439077332634,8080.392702656709
3292.7707166475375,1316.4378453991644
2967.3299854020297,9986.909149085739
7940.844457948376,7948.331918356132
1481.3342887388592,7472.389949444103
4702.361292997157,3423.464028657107
2721.1409150199097,8968.024023668168
1303.4571139348316,3657.689846114852
9706.766747302048,9257.891756007968
3228.4515089022016,8795.791883399022
6983.824293470485,7262.402733302266
1017.3679965248583,8873.375478666783
1262.6555074964363,8929.09973423348
7641.383875744194,4176.173076853179
6353.058633397758,5846.950142809278
8904.230300489002,8344.392791076654
2102.703416499593,6741.683245037053
9547.287423759442,2910.09043687262
5424.545216801838,5522.237269303685
8067.301275216142,9676.30385089604
2906.349174271132,2097.4443778482655
143.62526158032796,9508.369143817186
1521.8640087865065,3516.102123603354
6507.056502876666,5157.753027530987
2247.078957616807,5634.662923094571
3346.8373334824373,9205.061308471097
8366.456950946656,3932.887020155669
3172.044725907174,2656.5136621747833
6743.320076985072,2213.7529365200794
276.5038415755394,8062.353002340586
473.4399090901509,4114.454170975276
1899.9621625769526,9955.50510314918
9217.057074417033,2291.487769673959
6173.36162675082,9465.348798594896
4284.297711608209,2196.288385003906
7235.439628403882,6738.567413069315
5927.429077553781,7924.540057844954
2733.5318709244484,7428.726969625722
4726.79173368813,8444.391519287115
1219.3415404786379,4552.276227437233
4902.97993504272,5681.607308310791
7509.841377676799,6157.002628674268
4729.347855642577,4943.643216520018
7016.576840115704,6800.604040595663
1626.445049742693,9985.38666424699
8530.06688361898,1243.934637335783
2346.1872480516754,2261.439239621902
2706.0523342149345,9076.110560658686
1708.7820741226067,3905.3927655201014
6400.831496004559,4733.48419864977
5265.614458633283,2450.3339468989825
4080.3333494515514,9476.210098724105
8000.703811585585,7665.342346656705
221.23149706410717,7948.519391394102
9339.364169420753,793.0790603513472
2916.0310555797996,9950.741543670092
6039.823132853217,400.10127431662323
6203.8868240799875,1539.5444023560344
4971.929410040836,947.7108903811782
5220.203290345475,4553.299963239708
9310.486260611824,7013.020400890824
7441.4036387304495,7828.404980227057
8083.390464276113,9854.078141339827
9999.969843536157,2382.6592956005966
9760.836696913728,9390.538544016086
2105.3426313304512,7887.697504266176
645.8424729682099,2304.9887237625453
8454.876308155983,8460.78361160164
6931.598991047998,3497.0434110778347
2329.077007435737,4935.718634187618
9945.358818007953,5981.357838447408
1181.5807896417896,667.7184889045562
3991.903604302787,6096.909171194215
7234.906873511076,8901.927487754196
1429.63097129137,9781.254521010445
5698.68993358349,7982.158695816082
2270.8934085232045,5757.779802901189
3154.0633040749053,7703.0084684679105
4504.0535198877415,171.87240270483238
4166.043320028491,5576.31774957806
1417.3718283750547,2780.614435888503
2726.738120389494,3764.8621430954445
4585.0390538379515,4156.538234355339
2990.954934304448,7560.794511787002
3646.312347775321,9303.445569399932
4081.2861525316234,2188.615651454644
2408.4910329203635,8425.840097102095
8830.523586873891,2175.6391186271894
2270.0642949150183,3191.940349260357
3208.0790681809635,6808.376286708788
2857.7125027406146,4346.584445431574
6704.122641524641,4436.529565563519
4054.5363254788112,195.1852410936139
8937.570137331712,8399.40629470756
7284.093020111278,9669.27069812081
1818.9321190861685,6060.977210552676
5286.348350615109,7239.12846515925
9369.628378499478,8658.846262278119
9023.873280484251,8526.693922709766
6531.331223820528,6257.910610152609
5984.12590722574,1564.414683203399
6059.892745567387,2256.6644836247997
9807.913180676576,7020.950147115119
4329.635669627298,7181.135266525554
9928.141027156213,8202.003962233206
7174.41356215927,5133.151005501592
8061.976553697758,7924.14676537568
2747.222692794563,6775.442732540956
775.8918155287264,2554.6058470162893
8837.387427109708,4237.353940548121
7036.490276935374,954.9325396745323
5880.877154197913,9204.57772992477
478.7523918403047,2427.688067061421
4922.582387245691,8158.925643746955
7958.731323659829,6366.494855491333
7533.955463118403,1656.9341899931978
3324.8093190124696,5396.426136126981
9421.895389194025,3907.3158611730373
2117.162630307311,8087.575833775351
7554.53338304701,7524.77051256085
139.83700460558856,1485.0861742087718
286.56077423067416,7647.648396768543
8914.425396320446,1131.1938971270108
8887.733139254437,7280.306610230463
6959.549435171207,8887.39713038194
3162.1744530419282,1499.2417744777397
3358.834531973337,168.61901515436983
9485.050930433159,1459.6334986871973
8607.000234405108,6709.895423425282
7466.646830731704,3523.4607654032047
6409.466398218773,9540.967389676625
2707.9480486356365,6062.657249333668
8711.222661362144,1526.447767043231
4680.4688874499425,8217.326555205462
8185.321021039787,7723.498052668336
7462.897302332805,2137.026471310015
6313.079103830994,6121.520611524115
6105.340195181189,9274.347434434556
803.6135552739132,5561.617025561935
9080.251444599246,6003.259922483535
9110.757621520212,4225.994693607632
8799.692135453106,7860.531333879276
2502.1199008972208,4215.796113848993
8123.677333387524,8621.419882752369
6517.473525198625,1241.3200747640662
2922.893706234909,7337.084954673917
1175.535563923631,888.7535054238682
4978.432670183086,6597.522164315534
3510.8431214232437,5404.40636781391
7252.8118933317055,5944.8097566340175
8795.459413096241,1702.0156048661984
9148.070835505696,2898.7709840418597
8673.606641248127,1206.148676313622
477.032717566328,7114.565164210278
4803.846610783878,6240.4285210350145
1693.060345700691,1395.3331317518803
5295.9005578770675,7145.152306157075
7429.09306124577,2616.9924159887423
1510.934858943519,8178.2448565321065
7696.669462201098,5287.350596115922
4953.775976334497,3480.5706358167267
7171.939825225182,5410.654703349759
2214.672241129566,1234.21740123681
4289.77220249151,553.2106455494268
1542.4658663292478,3914.781803212841
3376.68939703069,2217.035173878018
4088.502716641932,2167.8662975545494
2736.378943635881,2655.264140199015
4024.5735797566863,7254.719545410695
820.1332876108347,5416.555690257547
8426.643021125072,4104.076720662094
8858.90963527021,2712.3902683223146
5417.046234886581,1739.44509933615
5841.319455076244,6251.122316448175
3890.2789656465784,6611.436383538496
9249.394180141437,3624.3989242808093
6278.981024280777,6824.193891612967
5904.5979034697,4892.261891740946
8078.1408431875725,4875.978753606657
1480.4184630187067,6903.5965325454345
561.6735464879596,2125.818337708688
2504.4847607710963,1450.2816207699366
7496.101986984709,1812.4645459272658
6312.883708623138,1849.5548250515626
3973.39512892236,6442.781433853052
6779.201585874207,6282.879320581859
1659.9497229897343,5367.223556603434
6636.58798442694,9364.083291988189
9916.805442775418,6832.697388771598
7606.871714984272,4010.1322127562235
8963.001320525445,5933.977540988323
2565.7518954429124,479.6461175262834
9339.064531073931,5077.5349433558695
3308.488252649008,6255.953627347793
8710.35484287226,7854.348954338121
1783.5559761679776,968.0875815495137
8844.037999161303,3970.390371817677
5775.457612674084,7941.140519131087
6365.673972432316,1395.1409212983656
1803.9406570809035,2174.8195333477947
1919.8001522675333,752.6331072720926
2596.6338644955845,7710.347977757577
241.3464894299455,4125.511584663804
9690.569577713179,2150.194451968801
9040.285067714729,12.324830252110619
3017.840744013398,6881.913351979062
1745.299151371238,5405.426905621569
2395.483051024233,6529.511772582759
8813.670196697145,3458.0542909346614
3921.8697111421543,1634.8302090950274
7594.7596497689665,2913.899116661507
9511.38967294521,8363.397663198333
7734.5279193135675,2441.234933319567
3561.204738187734,1485.9243256567822
617.337807646634,4338.122995876115
4682.304806865608,5450.038225397768
4922.755739117336,5957.71779567468
683.639618823052,6307.398592011681
555.8079803575711,9847.059215498879
548.608246033887,3310.1000964910922
2021.7171587600535,1890.2953886843688
3170.6247204050765,3546.3878676193995
3634.485871336789,7389.762168232973
835.9821892630504,6950.105815566569
2440.3197157440272,7126.302996149132
8833.536041035813,1502.661864173368
4578.885843787989,3696.7288333344018
2219.404952233737,8388.816448183983
2358.990225935207,4372.321365017209
130.31059525974277,4828.074676655393
3390.1995943916763,7803.504496657544
7676.944385443589,8180.380211635073
4348.265280019386,295.1327031542683
9588.779270447469,7274.017856348435
5870.523307241242,6454.061600158958
6617.83081278469,6931.238785267615
7369.120622604654,8052.1403838120095
9314.600345025894,2809.285779666667
5497.690400296849,7060.38207958991
3768.486150924477,6707.202402801564
2921.7054213655947,34.675147741055625
4613.8858020690395,8386.395887763598
921.1215135029305,8841.411262386073
2455.1981145551918,5787.11821441589
6692.688920821035,9309.991551844621
8318.935027570347,4324.318010882289
6999.372489105074,9077.054553506934
8672.941623700259,1596.822442757061
1563.6611262189992,2520.9076362292317
3550.5798979466354,2676.931150576579
6754.667251753991,2907.367209063193
8720.620067872713,4971.4223148276515
7993.795323464735,1783.697928186061
7840.687577084899,2661.195055871093
9670.83648524531,9301.486603273994
5124.562401208739,9058.106600973706
9790.115486325994,2577.6024832447943
2449.725995618395,9503.180429758499
4318.187344486693,4324.813250267252
4117.434146337584,3804.055821857711
343.1936962240356,4700.658143372128
1481.6228855314785,8870.47850650543
4918.704973999877,2757.8728333291647
5402.365313070617,2343.4853389716836
5492.255653763054,7906.551370023305
9586.229975002832,1257.260456872583
2252.9673837329724,4501.46580410174
1792.3516858781884,2137.9800962399054
1109.5188658128652,2527.2210266980856
4663.176607704402,5110.56068640943
6710.682823188192,2864.879306003415
554.2323328138066,1701.5094749915415
9636.82474132433,7068.169878240129
2973.13432828058,4683.175950258694
4743.8326836808765,1814.7338440876858
5476.297883352349,8517.671379756468
8923.654222605786,253.239989999402
1255.3865979617308,7338.241434640974
7292.3754504100025,5524.025103135316
7848.067618958923,4847.005973037653
9234.390966346045,8909.760078738476
6843.785310196437,1000.1542854367141
2072.9363311866,3176.0787258733026
2287.76129479083,340.641555170651
7401.210592598391,5175.679116062748
8987.046199869852,6651.527956122914
2352.5239177820736,9353.615267042462
9970.294638996651,9923.807164913045
5597.918132368785,7208.440267819888
5142.814055944369,744.53911971342
6149.597829525227,448.1521455122128
9486.388375511326,140.76443403794548
2876.717582544649,7122.968592097424
9520.622587325015,4839.921865284434
6069.785178831983,7739.530749420152
1713.6511650552366,4605.082480382024
4169.39179861511,3457.0535700201167
9783.785679841847,2192.3283266234716
8759.627692974864,9252.95134083686
1071.307174359538,6427.2159109425975
4872.888005175428,7462.784300363063
5117.8326193354915,1913.7749536642202
2873.851127514785,6201.719056312649
9135.729386364976,1576.6566718445163
9211.152586777622,9925.838173583568
1145.303544830998,1595.8813665494454
2459.4236257827697,2210.0558836095097
7950.993124486302,5294.394236815163
9144.713730876876,2980.1840688961456
5363.582152455223,1124.5264809661949
8333.82851620565,8851.374913996513
7739.218614569977,3808.7406051101
4876.728421244066,3751.810122965624
5246.314547306965,66.47122563483987
1332.658273590962,5870.0876436747485
5803.01793145954,8892.50099048556
5211.0233972657215,1885.5095900852737
5170.644846803459,1228.7730137421804
1350.2591594297685,6999.972509693291
2029.136076388539,7008.88441677525
7226.863505606825,8876.684108309917
1230.5720598729254,1850.045710140823
4744.997700330725,3012.59825178125
3510.1843863802196,1689.0063838064627
4896.548009301658,2256.8057456584866
5753.8743026420225,5919.618645612896
101.35265508504965,1763.5639015400773
4202.982158924992,497.91989497562696
7019.264662953741,5830.658776914338
1853.941098959122,9691.056551711603
2841.5954622024897,5191.757945298679
9017.77086395583,7742.099718475946
3170.589163761057,6376.630898944539
6974.668294563894,839.0470932663086
3658.7804801813318,2815.3332448046476
961.6725678291982,151.79892078384216
5857.659999898544,1176.3427429175376
6691.464686718114,3808.856320212377
7118.2608734284495,1406.053965916161
8216.468970670878,2550.520774814643
9486.980591437372,5321.334784863877
3266.3721861477193,9393.097574470929
1913.168387419243,3133.9505360305984
145.02900020288757,4707.6969207585125
1702.0279917278224,8747.061200260823
2229.451840488028,709.6006404013456
8089.836130713324,476.73658580419277
6433.345399188955,8720.145311513741
8928.042948625161,62.91547928649166
7859.724806182496,5909.217140036992
8274.0608719627,34.58851637864302
6764.399187151669,3113.7170183387775
3137.6780659191695,5904.252003546798
1112.754757793768,3336.4033237529156
8698.797801768576,4570.010055793247
3508.5288470744467,2126.1553472875394
4920.729788474704,7544.6313532009035
8600.678616613779,7791.991458741167
3690.0914926289443,6865.4629882662875
2833.092241226509,8780.791532913192
337.14208686613676,7759.612880261504
3175.404958942536,1611.450803908272
7950.159608296693,9721.710252485089
2355.916398072616,6968.244551711523
5902.8862798391865,9300.05977487673
1991.4456685834036,6354.164208189266
7518.932162905493,1707.7161531247552
3388.872942290605,5289.290355233566
358.0451808751928,7658.386194434031
4280.0491291409035,3648.0073166418124
492.0631194785907,5477.3773704295
9039.041513430038,6198.5235395876425
3993.792909445977,9124.228046371607
1365.0143182687257,2628.0751816023608
4530.502071525913,9402.56226492272
9610.04443366223,864.186908762975
6500.451010128373,1482.709510799952
1037.3852384077643,2090.914620986084
9126.125167333063,1262.182420267325
3326.5512825848186,7473.918742524927
2799.57237632226,5981.297483923336
6963.450063814983,3417.4838880975467
6885.224824957915,9272.013088418476
6754.293523865884,2673.286842319249
6785.085114222391,7818.978843828129
1247.7772255999364,3601.944006952059
1224.2715115558256,244.80862169192096
481.92336560926805,9581.878100581664
4326.906128808871,7055.227435915159
7759.747339114631,2219.6402826445315
461.52277945219254,9021.449152664853
3886.78495407909,1907.7353519019402
7656.320605360448,1388.9210720878598
6986.807115448798,5496.659016693529
7369.109326450071,3721.6944306617584
7301.742110511683,8734.584940936971
726.28731623129,5512.924289656079
5715.649888143831,4434.599511966238
205.06817624846852,8073.730713905564
4520.719457257868,7732.019132180362
3625.10126723782,2273.2729222891858
265.9530901282359,8355.125217663855
7864.89014631637,4928.909054880639
7520.0379682804105,6770.516672415926
1642.3614985627355,9439.98104818243
4501.140668915722,5773.637261395373
3391.768400716597,1017.705864293732
9657.585777505625,7692.7797777979
9482.12177917324,7076.499132823045
5201.624622178327,4134.098230509135
7772.558683399024,3475.5581765862753
6115.280034515843,3364.753093134849
9516.886331079893,7562.373903299537
29.651008345537022,5781.381846617743
8015.133629427852,140.6023586891658
227.8977899151313,4131.67814113718
7327.106698082194,7847.802478988018
4006.3361473402792,4715.39172137135
7852.066510433139,2447.8205390875864
2395.033607633038,6426.197794155199
4441.569510066293,5989.034388790994
1928.6815831299753,5070.500913741408
7778.191644071162,3797.1370410696627
8967.717902733699,3999.674592210992
9950.361893915586,6403.658165949782
5656.116944589506,3815.1606845019214
8788.727522178575,7336.3718742191195
6585.107578534496,6864.802457660943
5118.652390774204,5175.3419130102775
2458.653933242244,313.5561020384048
9071.415451561816,1841.4026211371915
7248.192119023417,4279.420376405505
6542.465219645514,8116.763233766039
4198.121475022524,2145.6949932441094
467.52800735627045,5859.332533563278
16.849359965557255,1680.3985978803425
4649.661174005796,1265.2832672404036
7468.84807345376,2977.3829661286454
5851.801432131578,4702.853167291671
9998.074081985444,1022.3771750344047
7093.57489194578,44.53359921444133
9425.622872702705,3135.7126056356888
7885.334211467658,8552.564825360805
2656.4802947392664,7298.869839834405
1659.7779047480976,7774.809927915465
2571.858992254349,2812.2412488046243
8104.229565822011,6272.516167255903
3737.202104726112,2380.8414214426443
5558.251621501192,7469.268606252919
7156.997005186277,44.54233280638098
9552.414851658208,2073.061992424746
7274.368251747513,219.08296042670082
4248.239978880733,9025.307441090627
9882.784679796267,2340.260278362651
2305.4697467640294,1806.8781993319794
4849.881319198455,9183.956366430393
2627.833168897159,5891.352038085095
9664.267980717023,7329.512318366857
4530.1913358537695,7063.669577032664
8961.664708409056,5503.320303467767
1481.0734892556732,9557.82350450145
2238.6585326977383,5258.040963218114
9684.65234625021,6535.36459970378
1676.686494683135,999.6299706767409
5425.043396664418,1799.8697162679377
9274.434013141981,3272.9909476682483
4749.539918612123,4210.029630482504
7534.672132457691,563.6194038054687
6813.594991573448,6408.099981691336
7015.178157553156,4187.101431940542
1836.2786315177082,4763.405985285479
7985.6120320865875,9671.52890130513
7826.805549118897,8944.936255993884
6080.587767334965,4346.779907978215
7560.7571500471,7787.0367309831845
8417.824539777836,6552.102655078977
2475.7385621720905,1376.5763683734256
6089.600833821965,103.26005870422428
4906.078806768628,7629.097572744629
616.4013165312521,5652.550102953883
6435.360418864743,8236.909616655126
4171.9304885876045,9822.107728793988
527.4050705046818,7573.693835955017
7636.072379297949,3010.2150960418426
7479.995972744907,3078.082256491802
7519.458906776374,5799.646819274845
3113.129402678678,2123.3308137974072
6145.697388080994,1174.2769782902928
5235.682312912015,4184.806405822592
3454.483460460338,4863.249303366301
5421.184771530739,1147.4681724381287
9865.51868275489,9693.674790592035
7312.239887605041,1596.0968368950435
1049.1023319333992,6388.055049895472
2605.500683133838,840.8124265847728
86.69427085085223,7592.7147316591845
8996.455784376561,8353.905874618016
4418.484473326725,812.9255630226861
7919.248322203788,6412.65395254439
855.6212170997512,2373.4271394030084
752.9918504903288,6979.034621925343
5740.730142484251,5537.327599229124
7106.022693287068,7494.550143399312
6643.630146463885,489.2183453533816
2361.885910131093,7932.281287066003
1984.571962852688,2096.293740821998
8756.084202977487,4632.740791441184
9218.412388544737,7674.195663470914
3500.2805332667176,3332.7143181591823
3647.3497836184665,8908.730537959847
335.7695709523656,414.70279778752064
1216.221513610698,8240.40707523528
856.0999978585626,9286.961147263579
5584.387231974529,2623.0170134500595
412.7578033948531,4699.752533447526
7341.025522951388,809.3355751838516
4195.394236636443,1041.9811300993542
3790.6810262600166,7562.3236471213
1644.1457629550914,5424.89819159612
9098.569589232326,1778.8029311943076
6111.024902749018,6146.6083513901585
4201.385093396535,796.7449289226769
3124.6735273171366,9886.259302177663
5921.297560271286,6645.263372403482
2082.264302759298,5722.075936610014
1909.3056815396103,2651.7127423305596
2144.1848228613035,4996.747730911423
5204.77756131891,2636.329226279626
5573.741611572905,9338.272399619967
2884.6386871309037,2882.2548637680347
3535.608818281751,1180.0398289564207
6435.547195871657,4260.39200939301
3007.064654641537,2967.0160437775485
1714.9388400171206,4104.918625686917
2987.4936019340635,9782.545591391601
7229.563705039386,7101.158295659862
334.16461823009394,6600.308830842193
901.5542705386271,9051.043418310623
8652.860117444827,7955.260531938398
9850.464225481102,9101.963175529092
4257.853011926047,7656.6925630537335
3109.39413832522,1558.4401055741537
7168.680700578127,6495.491897357657
7336.908630895097,5209.536604798383
7093.51669748031,3588.20164861278
3930.2922779678875,7222.880924079893
5507.863992058836,3516.9242216036478
78.86795065885633,3120.8102255960644
1206.145857189339,3491.305629701258
6003.715401104852,8345.617018039002
1958.9040974537065,4208.775299935776
7503.948290755492,6652.313714111313
6259.758655605105,8442.233502424733
3723.9015385480443,8420.94754298549
9212.03344696018,1935.1939814120933
4587.7544912787325,3723.037979124103
7788.851533604745,4557.095291660044
3681.9218597123427,2211.9623796500796
1660.9471193991976,3978.9985167655004
2731.93580109222,6030.379003157496
7262.1326597530915,9600.032519096976
1307.3516161615573,1573.0901952708332
6013.345316661253,9863.215948180134
5801.571601794278,141.44041934212592
1407.7885831593417,3838.83724587305
1307.0666152905708,8042.904304031914
5326.579668720257,7898.028994809937
6056.021794795979,7548.321632360276
9465.837211805589,8622.147288855977
6861.997679748662,993.0483992510508
345.72052705869936,4627.6712292189895
8392.156808116886,5091.437316808783
7989.246026131379,7559.923717994014
2207.119028363439,3217.7257822485626
9161.554402686757,9764.76242757992
7785.824231131587,1389.4794441385939
9150.233367112633,4146.609126752684
1804.4663135491278,2381.6271063185677
8892.777753019465,7899.811636800179
797.9674009540006,9677.982610815408
2471.2409764583153,9594.984259343923
7835.033368690254,6596.180446663415
8445.664235337408,4830.398371131634
6557.274372490581,7739.481483728738
3232.7082418352115,9649.608174513221
7831.11640770622,1818.5786845385521
6666.897986994223,2823.6992350504343
5630.175349047989,2692.538308894582
9726.507051805213,6476.958030548248
2575.6711639179607,8668.153581904826
2122.8885423606316,2398.177042781029
7758.61106254524,6174.9576952447
8235.250803676621,2600.0070496275284
2126.6622945165504,5637.761286834882
3417.180332868842,1446.313434658284
3447.9964150380183,5883.80970015484
9987.406598894502,293.6311957705562
5141.223335325862,9106.185847399674
5689.5260925095645,1112.1123599513382
9013.187824393763,782.9976697389474
965.6956652493376,8581.44657733823
8459.646618772871,5835.8347950809975
3982.0258052892723,8120.684430932841
8407.106506551376,9077.339628689955
2622.3484245275586,6361.105407004866
8822.273062079827,3436.1747355191687
680.4333840018362,1563.472149960441
2234.449241684495,2323.93645674855
1065.0613247063056,8393.448685758683
5628.3210548217685,6852.070138751751
7816.6929606857175,348.57208416114173
6431.26915326661,237.64101841118213
608.1609235406893,843.3373629020368
1990.860199666954,1705.5138319434093
6116.748338346947,6908.4319636019745
7629.216907528501,7080.933822738062
8001.27105802879,363.87644977057374
9648.758581135384,9405.138924402247
7579.423593530509,1140.6377416883984
5783.708197519873,7996.674821205745
2321.016071397346,1617.5494507126875
2745.012509332965,199.9589580377048
2690.678036460572,461.4407051056291
9224.815471413607,5114.889780688704
286.5728661406697,4607.546297925775
6578.359554497211,9465.92071196815
1235.7903855923892,9156.581490191185
6935.278851639037,32.69319175498442
1259.229482143761,3146.4027216232416
5801.126339105514,6566.556129709246
8904.890226434913,2087.1616457363407
1062.4935334312559,4878.2522628521865
4752.541613918169,1691.3964390421088
1131.0684827843,60.01782672680367
9741.395541269367,2389.401340128535
6481.571959554315,9384.069406755496
7859.370055780181,6675.935184834411
1718.1491402513682,2545.052576778092
2521.8236379589443,595.1097203827483
2620.380904104541,7047.463928897489
7712.58497713685,3209.2290205901177
7910.951905599523,1355.8298858021922
5902.299908358117,6599.626627688991
2535.91023982923,2967.4601229360674
7919.477493141825,9987.745422844759
4463.285125371035,9792.171400651587
7557.04694275774,3636.5713721631287
4049.496636218942,6103.31495284257
2707.5778140428783,3502.001551829882
721.2558488944576,6911.1849826819935
9540.951137992535,767.318597842237
1783.989909734689,2843.6484070134693
8179.61678338467,8724.930164649948
6429.931478148728,1135.7121697864347
8501.482923670132,9427.106499154494
91.02685484985717,6456.720952446011
3332.241492754351,1997.637745294013
2068.4376192141985,9222.576600902501
2535.7037567629027,7121.429961211457
1041.3352721110557,4355.569842663947
8780.893681856083,5341.988581812857
362.71795765311145,3458.840213734642
8725.020292712314,7348.397413017704
5150.2575357429505,4401.3252506116005
5719.006644702743,6504.791071952109
2762.7043770083924,2942.923343808381
9303.25291170842,4193.236766309598
2884.1446237598357,6074.432614243034
2505.956077258695,1644.237612844215
7141.175320572573,5337.58517901587
5888.846266529498,4036.8558310172507
5967.800774219851,4316.957563635112
6711.4267470101095,7953.74525748152
8059.772963411228,8336.854033033826
6919.044815385768,3787.4667878665523
3144.3979349529004,6751.010810308776
9302.349438180378,1485.8824878301457
8462.438171417098,7306.180497411069
7269.857817362484,6848.283625135344
4752.798516137002,2792.9969038037448
4813.35072422576,26.68103023889867
9841.591353927703,8698.709438276792
1316.6376541996337,4722.477907012894
2128.5403956188143,613.3311949388598
6521.420279955357,2309.5750031718067
6965.63045553544,2445.5132529108682
2393.4901503245633,1683.4391799895309
1267.2776836160604,8717.575674204525
3724.8540424219345,4894.259256447898
9158.96823043428,2481.521300246906
6897.632037637363,4700.7560634231495
4620.176817637814,1333.602200996825
2317.753666640577,3406.589481342609
3364.1410772907475,2665.8715207799046
3083.9062302669063,7669.703639059765
6310.745913408217,4802.300892266754
9222.194423340397,337.6370806285478
5927.934762854584,77.50713343647631
605.7819201989234,815.1319835224002
1986.4822419677664,1135.2100329784432
247.62539728408694,7941.612262184699
4569.6150202686085,9963.161058473926
7174.601568219016,2606.54797445799
8080.3097481227405,8623.840756977665
4751.449058505716,52.90125463869866
8639.020354299226,8571.096917314951
2842.296241511807,8191.577097515953
7471.360760932266,6741.772573722349
3660.456113893068,6593.697148738472
2027.6230482211731,473.08165069803067
1132.5621300034993,4741.090997757515
8891.324008053296,5749.829537963028
3716.2347127236294,6595.204453382019
8775.608243384593,6280.501526084316
7315.480494155877,2549.739844793384
7310.402026727476,2496.1265266172204
3370.2889570868065,226.30152090301613
1397.5905976826464,8480.421690434683
665.0799304841292,4516.230091874644
8287.173871998008,5358.124822007754
8313.467834537018,2899.897333605639
2768.603718494663,4769.506366556836
1838.8857246505142,1181.4265777974763
3990.0924042560505,8190.463354576296
726.1935332792524,7965.30295643389
9037.400630266951,1862.5331747284267
7857.609255950801,5428.587374017864
9874.266807909768,9011.17836361199
7501.93452803206,7595.881152901526
4009.490650777243,830.8166237605042
2464.800450188789,8941.105350397196
8956.37731855804,2183.825410460746
4107.456888870071,9782.618300883852
3683.262606092771,7001.1931168512965
196.5035864489695,5468.637437985507
9690.546536047454,9194.215729119162
4003.3561862567935,4506.83480619791
4536.686240763823,7181.051547433512
1376.2424431961451,4104.249370114671
9454.299900118356,5550.888761414811
3939.5798134911906,2723.504442798801
6631.277598307792,8350.683063686192
207.8740975792881,9321.99792528101
542.0576596370041,7031.739994292604
7377.200399947623,105.9221023953083
4350.760826690673,96.8914272276833
1301.0671197044942,1460.3425111298507
6143.856875557502,9899.88460511838
3172.1936471368795,5493.689740086699
1229.8004935780925,6083.4598211352695
9409.839141617435,2275.6405537251544
379.4714921774922,1150.649789031889
4372.304052533828,2526.2635129166856
2832.4759321505235,683.7574090775033
6975.5534068637235,8676.76294763869
9154.051832854024,6953.14623017263
4831.494853779669,8934.79377711319
9052.431151837196,3588.5858050267825
3457.153309534684,9.383412794580215
1355.1381020076392,9416.15396006333
4195.394514705711,7504.363693563865
250.20449917700915,2010.2575578093329
8334.571209486017,5021.6391269492
5309.644501734207,4323.446404249942
559.8528546799553,9078.232761186362
8339.8225657126,4542.518890232509
7456.325505679101,6551.549797636212
2868.8743947739713,3761.500549169066
1761.8503198881963,7810.479661137857
4562.936193656333,4794.209437346095
3467.781361560529,3247.9705096232105
8935.11188165512,8310.8632606062
5405.064166616947,2843.684327845708
3799.1724247016236,618.2639099485632
4893.748430057073,8716.036860566419
2717.2973837111535,7113.954156022914
708.3604167606738,8595.966084604806
9210.421411612682,646.8579368960093
3724.095165456668,9143.69215618424
2602.126115701713,2939.8164828931804
4365.413930130083,9667.351181977016
4301.913776595994,2535.647605095318
3235.6877498274307,9612.418397047857
7123.581698520117,6736.489902601123
3601.6127013863565,972.4556361409997
5299.0872637550965,5759.361831427623
54.70966819717704,3778.4134674200286
6575.796454122369,4220.058334926506
466.0892239889702,3036.809695766249
6148.19049157016,1532.3948676478349
3903.7039334479005,1671.758989510661
8688.354322192607,5475.41160595642
3112.3788464369363,2806.504144320079
6611.120669841241,470.10526980078794
147.5755699023673,6428.6857085114925
5958.336435053665,5682.2488570716505
7751.913938365915,8455.69470244609
6311.9515216564105,4706.1314690851195
603.9569514392973,4614.01451631543
6501.293996204264,5582.828839183465
6670.264117039741,7316.922568703844
5987.640421730286,2572.249475548748
1005.3364144387044,4256.720088521401
3090.5746673239864,3233.4184979594415
1107.5315306949874,8998.75443764571
1764.4228006359863,6108.5436692342755
1292.4198300835455,5847.241292423675
6786.916824616598,2861.7987682780654
3067.941056244142,7507.739354627778
981.559795669662,1976.8156542793092
1815.126873690811,4953.3565375168
1322.569067950019,2896.602180878013
8286.189862462417,4998.7583758596365
6928.880414578867,9012.557785791183
3094.1326761990163,4469.684263252844
3894.210991408117,4998.599466439771
9729.107769919201,1000.274580470617
4713.262069310093,3954.617618410449
4004.4811328673723,8065.523243370085
535.234696543454,5080.850772777072
7772.24086574731,8101.726905716682
1203.6695514171447,328.2572079287027
2968.3873859068153,9795.685233439941
3897.1646150243077,1875.506007954445
1105.4124114591446,6266.694771262831
9753.812299228623,2783.00053453753
8620.772466885417,9248.114989578635
9087.27842683391,9042.079790757178
2052.6339182954757,1846.6713248515932
7722.091931519547,9012.54789302548
8568.201402597688,7275.387540613685
7218.8173691137645,4437.811607213348
7754.351280960033,7454.673503221271
7720.131875974792,6221.810099425253
441.09426151384025,6505.326746141736
6056.26297365615,9644.545867338651
3740.478853690441,3060.274821143022
9079.679900611256,2594.412535671521
1996.6796564820177,4544.700286344349
5194.769976289035,6477.172053581049
460.90323388109255,7343.436222750679
6180.013303844986,2087.305725271962
41.261660336436854,1142.3719039198654
3207.5406251975537,4752.866150059906
1442.2068744155658,6451.552418644995
1460.6634918396,2925.63243347813
3386.2395456218665,5391.273795680396
6525.23310656234,7569.662799733857
9687.010699338864,7091.329924243709
3427.110240931389,8833.319380099898
8814.067712665004,6851.58468328288
9222.958323102408,345.0128282241216
3885.4015563977564,5269.480028867576
6035.426765771786,6438.117161984249
6471.7473657412065,1065.847005120325
9377.098062987086,4380.3190390009595
372.54283927366293,1056.135244312546
9534.61499944235,2615.1556676095765
4355.782186288121,8735.21371713064
3921.3999499250654,6569.085628027549
1812.2991127595378,9339.617854388827
9447.069166448924,5225.70062055091
9829.731354637104,3975.423950699669
3907.913901152114,100.22010946241555
5194.754855650721,8834.247815720832
1880.9727640487429,997.6692786208274
6530.278437603082,5549.826256863448
2440.532294877029,7131.352705679752
317.7165209818267,6457.451537372242
1737.5035084567903,9879.309480691474
6886.266763523046,1836.3804583315969
643.9003762412599,3177.611539069787
5133.080260175313,4205.929709931595
5359.9230845760785,4512.154269981229
2231.4161370262395,2043.986489604055
7257.817073703235,2937.013001729717
1945.8288210047647,9153.745087939245
7750.391978295602,9942.708244144407
7113.566317132575,2672.9927311479128
2207.4391004659387,2903.8812067547406
4448.698215014551,9393.380515485509
7493.4237135815865,6566.726194561058
4551.214310928028,3478.6878114298324
8760.494111108066,6203.474340816259
8361.572189030336,3910.5694412114954
638.5707559313969,2918.406935448943
1060.1593353328576,7062.851976445992
1344.1247837251979,1091.0672143344457
3839.119863196543,9438.71260147362
9830.750352608935,2319.7141659621634
3321.7626957236666,8439.558405629403
3176.1455642090673,631.2396227364103
8805.416688563495,6635.086403870152
4104.526201466236,2958.4973479946298
2988.25384502191,1156.443287991127
3408.085325996255,9462.034363629411
3688.22262315314,8335.323140552031
1952.4140293386672,1180.6051931524785
9003.759456609097,36.93123348315286
7360.430431320324,8030.815317691713
1723.7683992623022,258.7708658664334
2576.8751440002434,9839.04670601265
366.65610757005805,8004.377494576878
7981.775588286808,9839.87135924641
9081.335171345829,8525.799463193172
9938.380789200386,2712.238586682253
9983.078594929366,8183.825621052113
9672.246588191485,4237.79145724778
1670.7356943584273,5400.249667813878
1580.25257645097,3970.950252456383
8754.904007410585,8767.71480301499
7267.951470568428,6155.001061677964
2471.5235788780265,8863.162251347974
348.1592751382301,7225.668913332695
2163.0938407970034,1759.9520728572393
1558.8884338256848,8465.641959069604
1779.191929997972,9217.892637888799
9780.953593831935,4862.158168742594
2212.898503844377,7373.717505098295
7806.072630027209,3736.7197318743574
6146.859509732415,2043.1093093469888
1356.1907476496483,4455.492043893248
7366.242509696243,8717.4950501149
3143.046780844696,4994.3045101646885
7430.004622087354,7081.770132024097
5576.509807139516,3507.9569519948395
5559.1239015928795,2487.793752386214
9416.491652897057,8080.491595597694
9061.953779672147,3218.274325658004
7572.659174023853,7105.308436843416
1171.3914278375303,4685.101608671218
2661.92457332024,558.7466540886088
8552.063583388182,1202.6996241352083
488.57880475507545,2434.836432781844
1222.2027276275937,1657.1701703896824
6419.641471779549,365.4811343937314
4475.0535139506055,1886.377380083195
8019.799853659164,8742.802512420967
1188.9521027451945,5428.833049901983
7548.510337675007,4002.6574457283214
7992.259951011823,1706.763738698297
7444.255961875472,381.310892392861
4416.1340465612,9988.501987861213
6135.179731618408,4791.423668588557
8273.491730664253,1115.095768475689
8546.508164831963,2213.100122625138
6499.338168348085,759.1137507353152
2914.8163070572186,1059.9572352656794
3985.4756183571185,138.51940538249673
5893.591551038532,1236.5690995607538
8144.36685296014,5117.6147555930675
5244.532684366278,2197.4769098654765
6305.805003572929,7341.907620247581
7192.9218714563485,3223.6116478662016
8528.373470414437,4833.2889110997
9020.541438141867,6215.509667885259
9327.77092402825,1873.0844492983344
9871.20582737318,1859.49911379109
2386.545744984587,6595.86830415292
1182.1918502301921,2509.0682831313816
6495.143517203657,9866.362568486795
9097.541112916082,4165.728077347293
6044.449611743406,4543.041134491943
7741.269731711354,5085.974508614681
6885.0749901033305,7609.615285756257
2178.815459720186,7259.496211125248
4256.978637502148,9509.442106427956
3685.977463501441,6278.661179796169
8273.405384350206,6383.326307944254
1647.488138012837,4322.749596804581
9794.601900585129,9764.327168695947
7407.776715428033,1486.8755556651358
8712.364640637905,9687.100355492745
3790.7822919748,3100.202355012698
8083.790004009143,6079.622931114655
6826.623409219944,4922.645954528415
5035.452517955096,8131.680589056496
4814.179563461223,8952.528905030169
9070.476869771637,8599.91680899255
2013.244801720796,2753.9071146720885
9155.473479761207,1559.3240329935754
4675.679432858957,530.5389239790736
3631.2742557885167,3920.3497689659384
7552.989783551456,6128.46470141691
633.4115739510094,1908.6975115234384
6627.7515676901,1599.332627747495
965.3377743536895,7370.44042595948
878.7135609322239,3818.8602906491897
7841.914308477417,4958.653173745188
292.4107251165342,3564.6620260311647
4710.146916033627,116.27797364181957
4521.958024501945,6258.1833259407495
2913.5552531734643,7642.030596150041
4846.159589578833,7796.791191903491
6877.448891816021,349.56684754792747
6995.274158835686,5035.65800202671
8681.745975731163,4300.19558227841
5245.492863410571,6647.516016327114
5656.274708079461,9445.755589593797
5291.708732313696,7821.3066800322995
6964.579246804121,9174.977251035703
5316.954037057136,4725.110360095074
3496.85046925312,6387.105397650434
7712.399131164844,7296.1815222723835
5016.751231228378,3342.144308239919
224.3724704815142,7202.229504978886
9439.130374730217,8851.126776578052
3094.8269596137466,8870.536911550862
7748.636535026299,6184.24843171531
4313.189197814602,7073.281892559142
7514.1552218863335,1303.2319584650265
576.8423629648089,1368.7898478142279
986.2783981201039,1745.6864427855157
4684.593446586226,7952.456242874583
7368.642411453402,4897.419149475978
5643.227311330459,9413.817661433806
4755.219766299151,4326.182316321504
1933.3039005717912,5248.173074909596
2924.3718442445643,8604.36257229999
9037.325828122592,3701.2567020982788
4843.179524815484,8751.864564148023
4586.5652876823715,1167.1367469519732
9750.9213567018,4694.361679538093
8318.934134726534,3392.2660433506603
5018.914740381224,3801.232049023452
727.701607639234,7544.262021428667
1117.8373886848713,1274.7616038810615
2775.465218724632,6540.647655004747
7120.550568526387,3264.5610009287484
4768.198674232226,2578.6090330832158
7187.603283062414,7210.336313002311
9651.296489314182,5058.837843255057
3752.57388900473,8927.138125062384
6897.875250782564,5756.25462978759
7520.774362296671,4490.182421017924
2599.1711015498963,4501.106141994268
7272.10277658649,9756.523965469405
1713.0864074528217,2218.8978548758587
556.6783815136512,418.9117283274146
1022.2302267510341,7885.729800941168
1537.1440959514382,3222.948764370749
64.57830124362629,3541.070152126249
5410.025470835584,8120.856601693394
282.00054849648825,9838.09820038794
7622.080472965184,9323.70961687929
5717.99318620195,7117.23348680837
1152.4621573761651,4571.911750855737
1993.0974995965323,2958.2643881559725
9182.555414651371,666.0867732407161
4061.3539625650496,4468.891655494668
395.9210013508707,3778.1709651198726
7650.013901442881,7018.834972426958
310.9582694172952,9272.82644962751
1561.2010474622573,9049.739053661935
7250.368136992046,2013.3871624635835
4322.175128610657,5819.532023012715
2644.7820965633696,5088.8266951122705
9852.47719257759,2831.9899893744505
9008.391512521299,1784.9438891842162
1867.150229980976,9180.977988950799
6005.936970037798,4465.843720545869
7331.19037799859,3692.4012213190404
4443.923156849268,3897.1738190436654
4291.435944575452,9246.422333427621
3462.6423760107828,927.8454690980265
140.03515915988694,2257.407475624795
2941.5765347399624,3176.090647569656
4915.080230511901,3341.5881701803364
3145.5620406780495,4832.955950087642
2225.2337858083247,5431.047840837649
8571.483582426577,6750.722006561952
1655.0919319862057,1872.4427852096303
3398.1435280194437,6389.193153522361
6615.618570845625,8882.11016177162
3295.6971933528134,3022.2827597806036
9749.301253832136,3797.7681871784675
8642.334100270064,2994.0337427843147
8885.124336127867,2995.921412831333
3106.2174417043952,9594.478580352954
9917.641283738914,3490.9503969626644
1775.5680113408878,4508.868433448063
8397.901465869048,1604.5971957338156
9302.932659014466,2307.3781184793243
14.715763143782201,9562.73361615858
3194.8288680596092,3707.6049075404217
6963.573489073931,8502.358560017334
9160.712248597176,3116.5820736518945
4234.338063233176,4441.812194603468
9919.652835282539,8399.132001271757
4958.821038527772,4909.656515571507
1953.3377133107754,1046.745749123289
1412.097093090967,7782.80538547122
436.0632025854083,2894.8133133827737
406.11218578726624,2472.874073876269
4038.950849289541,6958.621379340635
9648.189730079608,5612.053962714136
1973.2323220461967,8819.773391217595
5708.782675066879,5662.195276741409
932.4713903751314,3839.3228410913825
6527.197354570612,6457.473380690842
6014.171299905041,3838.8363837701468
7481.82340264019,8506.71275231659
5735.238839973325,5956.858747711992
6275.656638727923,7745.692203645754
5833.570503237857,1328.4649969523975
6399.039447035006,4822.665070183756
2782.0328091433576,3141.530799482326
5632.428485676621,1521.834581992514
5147.253253238349,4410.513910712
7971.832398670429,4992.734044964021
2866.130977315302,7862.427504629221
8126.161469515654,6402.64076925195
2881.693846233504,2310.2154024465917
5159.436362323818,5650.715090418429
651.917920412377,1328.7927260150257
1681.6823572444239,2553.6204024615904
4063.1701920074947,6122.092816644813
3227.96168070545,5495.145561470658
473.20970229468907,570.4602444797902
372.70149048043265,4251.032802857353
3087.2895463404348,2474.4345203264706
4119.095989326013,1932.5591800634356
6051.488589801111,9066.540780900208
2646.3444425100647,4791.91035259378
392.235781221153,395.27341867059306
1189.674693125078,1314.139929716326
2929.2095155540032,1930.3466015810955
966.2774018324905,6772.488789734857
732.7768362695585,7400.6844961241895
2653.2488589096583,5408.345235752377
1966.1061057256802,4688.01486061147
9626.041911329312,3618.7377028606306
8096.573924857038,5524.763602654895
4680.008842384311,3918.343670283595
8437.14125271601,994.3018513220848
9003.56679518747,4702.447929250856
6609.618432551244,1354.414524052695
8356.313294779953,6944.734192859122
584.963157660221,9705.679830006486
5486.747483234623,3400.5039007527125
9390.900430366897,8455.082115318484
7665.935266148402,4863.88318916885
1995.746290783842,251.48734819960274
4195.713965288369,791.9320241574335
1940.664108329455,8282.53767272488
6153.512032973548,9644.78228451609
7088.357963553625,7626.955321503238
3343.37729834422,2026.466746493839
8044.541352313643,3136.3356409934627
7316.465001180087,5885.435587128395
3570.4887873795333,7148.596949559092
5020.720543101348,6356.553342700504
2422.9763444272544,8449.227919639632
1210.417655084558,487.590265534259
2418.7140274276485,9307.057415045585
7040.12432405209,2099.673657131892
9710.98831130566,3324.447466859873
7164.765579088659,8602.079334038795
930.5640464331822,3602.650492487194
342.1826325817556,3242.2899960278096
121.63811486450626,1745.5312936162127
931.478741359485,2896.085889382297
8596.781068337317,3600.2420864243213
6246.3504562595635,3975.8160331086856
1385.0121209921995,8758.290060108615
7909.773162587898,4510.214742140497
9033.87962861054,6163.053917808044
3623.608720328305,1925.5911828890503
4205.044790945724,2505.310037897598
7750.494464484124,6786.468367311924
2340.9367152672266,858.4871678759642
1639.5785268205675,3773.3155857058696
2089.72734815002,6026.475351420012
8100.622645375478,7833.019512116524
5350.3506050506585,4832.063562442272
3467.8023004913684,6112.962585512375
5095.154796938514,334.2126193094952
2790.4838348156204,6965.450818006542
7829.335154519529,8115.778484827426
9793.428480734763,5862.293519529539
5761.476911378529,6337.379033947967
4938.870001224356,8693.11970293981
7680.8278808564355,2249.738789525091
6810.829087640455,1783.525459794485
6823.1721466149875,8884.781147745061
690.1497796381817,6011.1716113158745
8667.661267246875,2858.1281475160526
9316.409006100806,1321.038479019624
2755.2283050295023,48.744404548389795
9600.78463707397,7328.390806098234
3051.6670995312843,1428.932867301812
7009.736274002489,9989.243792213985
8652.694841507882,9940.851723636952
1731.8229401242447,1815.6154066375861
2091.301705048475,4046.421137808219
6742.716667829422,5244.631255171578
783.3166791013757,3366.7330961767007
1282.971190411577,7058.896819391464
6666.756286211546,1958.6452017909216
2459.5317181563514,7195.088300923207
1177.0468899846776,6066.760743273295
7088.565275513109,620.3933047830434
3211.8482881950727,3232.456901470631
682.8719842534737,9693.943610450733
5994.7958372324965,2272.772431765675
1362.350494298965,1013.5777474713736
1016.8825947806092,6251.320144430438
3698.100801851293,4284.332994774363
6090.110727701023,7654.77423365619
297.7368678436387,7906.8046058675545
4713.37845673673,7127.2541918122315
7820.311388403066,1881.374969837597
5212.791475591949,2381.7841478129308
6796.936301643796,6663.834322216072
5323.620541078641,3955.735132801588
6438.673185249195,3306.749019239892
7173.484414934785,8608.554054825738
3955.1974807099778,3553.7717352934237
6529.896274943691,7522.222631852318
1450.0137290218217,1256.703828182133
7360.729332492428,6796.344789538126
4722.031729664027,4009.5017266644627
8205.235553678163,4374.88792051278
5027.581439945075,5069.5615127314995
8524.827325390364,2394.6611170588817
5043.835404300692,3105.0309501281868
111.34291394825357,5935.232982515547
875.6694364583773,9483.93452866074
57.179305964986106,2651.517858292688
4660.677992207143,67.08918024674104
8763.618685673577,6625.648022860212
5894.187124087576,1333.513615658064
1695.3289114992542,5320.620024437921
5865.295910725618,5854.359644911415
2636.1016242325795,9470.51761756008
346.9054618786116,5261.191322370725
6442.194989439688,9468.91187475912
1115.5839591251681,7032.887860904774
5710.636774982817,6211.410290406613
2041.9661362394215,8685.189674107698
6482.467828599521,4622.911196890247
7414.3722765350785,3544.530531403657
4727.833403157668,2713.3350398925336
7465.880885380336,5212.189967879463
9072.627308006393,6477.160542405448
3351.1066428940862,2738.5294260569735
8878.734768825076,9646.470938199212
1530.4224169255954,7094.291666140604
7733.504595442421,9299.342822750092
2235.7017389554044,5226.390993976006
2380.38867282645,6763.8226360676235
5138.160296109474,2584.964942222495
2268.424944922347,1623.2344583504887
3746.7732597323634,6694.441461028877
9547.420639048965,7560.284059234826
1081.1707329838816,9665.13247979095
79.32936894525233,7799.775125995125
4116.104584600323,1114.7498349675543
2840.84198059665,7747.821601640168
8865.688810672782,8029.23787884403
8165.3125954185025,2658.9628638962495
7584.069453208789,426.5017659522896
3078.9742568917077,299.7105227011609
5643.079039704098,4516.51105171769
535.0031240798259,6840.684773174445
8187.307070444271,9995.842280180994
7778.194555775133,1198.7590458090835
2949.563217263159,5591.684631599156
8116.682108690231,1146.7193799357756
8247.341085398331,9816.777648862357
1058.7965146733325,5821.778225046146
661.502368488468,7504.752971519289
9523.746299636345,1334.824119518907
2671.1548862558566,8061.02206482393
4069.6723337033936,4988.82570530234
4960.252642264914,5084.889296517514
6432.735162235888,8140.742197053513
1861.8267944683275,8376.270725463917
9220.516040409004,5523.429799005168
9235.613805168283,40.04003957787439
6644.766539259228,533.6961161160581
1635.0723592706595,7394.534118704418
4845.097072349451,6708.350818692178
403.4584025813726,6421.234041152409
7898.060125359289,350.84523144299106
4128.125516677871,2292.3337153278244
5755.85034464246,1609.339403334047
4308.2271191266245,1548.3035557707735
1507.7471970834722,8807.724789640579
4747.711024863935,3398.055180100733
8403.43734514675,2440.6807840469246
1065.3331435802615,405.5539192304192
1968.6773756792697,4069.5467056534408
8439.446853079346,832.8151262847628
2003.6504145641354,1317.5613887583893
4438.21011438398,2613.855545805408
7612.847235831388,6337.313210870946
1645.368375367986,2186.7094061131575
5404.877540341908,8857.936305585861
6634.523378209746,5778.581157024464
2682.5168041179627,6487.762676273466
666.3660713454278,1851.7992662606252
9540.283145823922,3391.8164281841823
1124.760546084087,1560.5982402852292
1068.164681392616,9158.150307311456
5604.435961701696,2382.0797135938087
6624.48846017162,2820.348070436899
4307.321657198045,2994.0841398222983
6291.478481879517,9742.157952997497
5776.827553863864,9141.150989873739
518.3320348961685,5.313377629014848
9369.936763230684,8995.370067588068
2766.613705338813,4668.405463939785
4328.856417546227,4099.652148043594
5797.191480036465,1894.787333796235
2067.979135249813,1863.8056214427145
8146.606735554124,4926.85960711762
496.7952094210559,2482.0950583754975
6893.177957828282,1620.8428679792198
2426.4047061038164,1559.7968260043692
5633.9325390581225,7491.022586631646
5102.861123681881,4434.995061156017
7192.206262176791,2881.2302421914737
5579.15809765914,7114.3050493919245
5086.647498970505,5685.194266667206
2159.9661431122563,4304.88113766794
6626.5090425396,4881.788105106583
2543.5651118548863,1.5447106652766163
3895.5295714038975,2316.604717920837
4772.498931563597,2376.5006422120327
1715.7168758204489,2915.9507261192853
8687.235571418696,4216.2184951527
4138.768208846033,3539.3297386687836
4229.448483051877,7024.452522871797
8391.072070507791,8895.958145667197
2144.775511979207,8024.571093966517
1985.0508647899644,5552.014109954769
5578.111775320638,6394.171778701797
8603.53330444584,7029.1463160326
4372.498976746556,6264.427433740608
2500.308745898372,6581.200980143065
2171.328790531687,3488.6352347235807
6588.725270033693,7532.057729152789
7437.5292691241275,3311.061869817288
9749.023759610727,3539.9015085916553
8842.735644575483,4450.032722026341
9111.282204010786,7190.199031692668
8486.854070995072,1926.0598406969586
9505.95546910246,871.5394711536428
6661.790523921187,1770.1594669794706
4668.4253861372945,6576.426699937036
5877.426936472422,4955.175641632458
3322.8310750742385,4989.845805816443
6753.983047184643,7606.9435257757905
6811.835836831882,7323.344833390304
4107.265812411777,287.94741380716135
2475.420221696891,2476.849793362238
7988.363296060098,7785.9347454231165
7104.429241343143,1176.1126171567714
1668.3763719588974,4730.763333834252
9326.771997286909,4326.918900355014
8420.027158980984,3367.445708836484
3215.1509920505437,8463.444700184302
7527.938681896469,4774.970536753523
9342.158476417022,4025.411253658956
8873.328173364067,8162.197297229964
5172.560690933225,552.7518448335444
9366.3997659277,6431.765831619893
5040.504129372275,130.66475573317527
5249.069392999264,3867.7017989264086
8672.479699943666,3472.5067388866646
2534.300941022295,6854.0405402297365
822.8197453613961,7774.11835160138
2943.260146968593,8281.231720644264
5705.790298495159,1248.0256933235212
6241.632312254811,2248.7694658070154
5352.289787962635,9395.23454216189
4565.683636837826,3332.198972919872
9650.940914503604,5200.736127374196
4719.898408185549,409.5273090691165
7187.606566028385,8312.165274077179
8832.670821363892,1258.9022112746839
2392.519490467879,8110.792169806611
2074.117254730594,9712.037479037866
6397.272242276389,4952.964212325523
6371.8229282844695,5275.202856553569
130.7365723101084,4360.9981039293725
3841.9592311542638,3194.7106921916525
882.9333308982345,8587.687351082535
5101.153485487997,383.6192262984306
1878.9577608623288,6093.76753978576
1319.0604886348378,5110.80500343575
86.81890585187979,3557.2652762881676
8315.793085304254,8057.45560718878
1397.695204595435,1033.784914126865
7983.8856433633455,4020.2800886635837
7082.671601375157,4179.577593391208
7231.387258289872,6899.188349944734
8219.429788373869,9934.155077938845
1047.2035400847158,2897.384663060938
1736.9952522400822,160.12138029911083
3800.4684383845656,9221.01140392442
8492.807177163386,3239.040239929385
328.13515938762026,1834.1366608134547
4898.360307066964,4021.688249616273
7532.900665771759,8674.761111547612
9681.16085133196,4596.07578179558
2861.7373367957744,8579.741538342596
7772.957804155463,9398.424470994692
73.75395206856594,9403.08926125159
9657.590856416582,8995.673137999662
8327.775528227634,1507.3370584677193
2622.3902058587923,4749.798934676593
852.0283436928532,8209.759886947693
7487.635319244229,3851.6598609997177
365.7050642456305,3087.894725539845
5557.6335203860235,7304.593795726943
5763.07002428483,2755.8783064922
2985.5864406928,487.2126871557325
3973.0249100661217,7269.072338662003
145.06790780229096,2428.944129663679
4905.563686798935,246.07822002895796
8352.46809859525,2214.619180225955
7911.319757757531,9536.64584102397
5102.39296572241,5734.92314720473
2188.619359773646,82.55976169170177
4555.712119489291,5861.512902858005
9929.167799026274,990.7750554503647
8105.214815798661,6508.730533320595
6940.395198857391,6243.14528967347
8819.240467057796,2325.7168229353565
8065.670632623951,7592.129019576558
6805.3884065852635,4392.554025780515
6707.680315573141,9607.346302821716
4372.922209029156,5348.35241744475
6008.293582869562,1520.77046305242
9009.939399286728,59.77696542748711
6888.504889458634,4019.379586828897
7185.853232270918,292.42315095542983
7013.4222311137255,772.8761150129515
1756.0841797770488,5227.876618570764
8429.763461408706,884.4038974290359
1556.7380252845298,8724.800409032496
9993.361904402624,2330.1975145334795
6294.6257866007445,812.18578102356
3135.660799698291,5093.253620726935
3847.7824129589244,4806.247089980341
1503.1633230767916,7228.438826115608
5295.0787842337395,9760.419199047457
236.00686216013744,7790.782920054571
1461.8931309031314,7251.356175269942
887.3681524552358,4736.244731873196
7305.018223324592,9273.28831329909
4176.994022349954,6943.939551150288
2748.268355318062,6782.615181068631
3811.502432504098,6986.989439910049
373.01462997122667,6341.074540433177
5131.37020853015,7626.240536100524
4660.390885475028,1738.7082030771285
8004.037463503298,4134.3307071308245
1124.3922006776152,3396.557244522532
6740.962503731879,8036.6867808507295
4976.069789533919,6268.399688297937
8025.623492896593,2595.3619965890352
1152.5459783843473,2384.8083252482497
8325.104340111007,1254.5890724310916
2434.387301066855,3138.412943137735
7981.554221323394,9133.442578584223
5694.752174768074,1648.8221886949605
4525.992847767992,9195.012334535284
4497.174602469551,9410.773870454037
2023.5516855725843,8254.064797681367
1979.661190293963,2337.327048421486
2776.1292954344394,6411.1913096001435
6221.633320383686,242.85886711744476
7493.098734060612,8336.20216470779
3287.396495793372,5921.530710262533
1657.459512214844,4722.528774395412
7978.720003454077,8420.984851407247
4846.734193003861,7931.78097453372
516.7017946353359,8014.263088957342
3788.6946718077797,1815.7527381562988
8075.861822544329,7058.8130613014355
4470.35330275271,6845.785539860269
7026.199588609768,121.09124165530338
4055.6255660393203,2536.1982295536777
9034.16366750047,6608.856986050465
3779.7678610215357,3287.9051583105766
2409.256977381532,327.84209315495195
5199.358523274474,1895.7395972712277
8139.721177408944,427.88722607511653
9469.735654521888,5362.350756992483
8805.956866401972,7667.466437319418
3404.574164365407,3246.0082736018735
5484.750614865053,2369.906844565034
727.2819194699053,6222.3266401201645
8060.589373256105,1106.3368234143911
1960.9523524768713,7792.516498761091
871.9676549105759,6001.233769695349
6889.539931303436,4116.7560989729145
6659.418000414883,781.0031985025768
2191.708561083683,177.06169988714439
3127.499084122405,3665.3234803355695
23.70483819528202,7009.96058693904
7672.95356264397,6709.3659002372215
4129.921046434612,7817.478503645589
9482.641497884464,9386.609045053616
2583.7764401478034,9541.60657994944
4334.252605488905,8303.995213390355
6147.507209659639,3825.788760892962
8663.76187446005,9696.298879251806
469.2475067876634,652.3362175285863
8786.586287466389,3666.701310732381
720.9868544653864,2954.047863883833
3402.591386251653,1761.3604487222067
2928.6836031680887,2784.9326736595094
6279.7029639074435,4755.910181042781
4158.799336718948,6609.592543300064
5654.290148854991,9242.892780225278
9750.563370574167,4031.240622999941
2692.0169074788337,8935.092699850891
5232.274579649463,1293.689179967359
3395.1703610335326,5284.841364050077
5295.854124779998,3397.0858118290125
3538.8477899613004,9075.031600688777
6135.574625775283,5321.930038841015
2904.613466204022,1056.5748930597508
8323.718059223032,2781.826467762213
9806.707142586532,7616.953175107375
5349.616257354711,1788.4294351336239
4955.399210737749,3237.7586201330223
1837.6187296601886,7464.652853860541
7989.5279899612815,4442.2144608348635
3240.5573692251523,5353.828130758718
3475.212276564463,6794.312758625556
7466.175438547217,2983.157002340815
2613.760524455181,9468.187644200994
5020.878071786794,9042.496801620717
6851.700529813317,3451.191510063809
9778.324479511642,8831.661400916568
193.00379563040426,4.552024436370594
2001.1603643171106,2365.3338115567403
2565.96619114431,4193.781380382186
3805.654777275732,704.8841676634044
4026.3299571967605,4576.769283889553
7760.946419274486,9208.580303942024
8050.276321072522,7640.232999103589
453.20676320973473,7406.417400651484
8403.716095563434,8714.441183377628
7134.415662561543,2357.431157865382
6787.8682913747725,895.5214543489831
9979.723105325857,7341.684041370139
1034.821447967944,2442.7293716133304
3492.006432485882,3648.2620634480845
3525.825129793664,4504.036909661725
4462.177137566995,6996.033418110017
1501.990409569388,4078.456805497901
7955.911681523379,6294.379451911156
3364.6761260598955,232.14964078279056
3915.3135072580726,3112.2401136682734
2773.419875165075,2722.2778573326514
8665.23878791764,9514.747301008732
8460.70111543557,3755.3167961124623
8256.541505468489,4958.9252348586115
463.85735640491976,5410.862097723638
3750.62064216629,7937.63510570181
4157.714297375862,8054.245318844143
6381.978122634579,9993.879302246754
8716.835050821726,5826.613316824263
801.3516564983559,2834.02887229408
6356.267554934332,3975.9834000388482
8284.828176991903,1437.3593086875126
3811.7479873138736,1159.6816186040426
264.0377359616197,5723.69925727482
1174.0462907811755,6725.736952880956
9294.44645901725,1583.416325735868
1702.9497560112704,3006.8809817621745
2868.8880328116206,2616.911079970835
6279.680245513769,9833.708394679206
1538.595741623051,9283.294870410122
7051.133452004223,7337.319097316596
2744.4004743736327,4107.416802153998
5087.774694478505,5848.949921020338
7527.911997078923,182.08123895624206
2947.585885800531,7130.095161581691
4951.975129924842,3821.2358765097556
6994.628198679088,2201.6265999735842
7731.051813246658,3402.7402959425967
957.3924521909194,8298.067846868755
9758.197435645832,7211.037119554313
6454.319487623334,3.6804502196019495
5387.149825179576,67.68800166576771
3054.0456579357624,359.63012100730384
8920.829109953731,7372.843289596184
8907.860423384715,3899.199856976313
6909.279917159949,1407.3257409390594
4162.021642539871,6523.546584816669
9189.91882760424,798.7211882259393
8488.625801018177,4731.450119130529
3885.2522360350604,7800.030868262532
1675.436234998078,6833.836617821162
8625.859282079096,8645.503212481615
7909.9637531777435,9443.381947005586
8297.081347479054,2277.2542932012752
5385.878891197215,8395.99045960258
5629.097522490239,5765.158932187269
4867.326435781923,9479.465519590032
4821.6683152236865,9756.498889853377
8155.515199877049,236.44056587365014
9626.310737137188,7302.514861101706
8740.864091981613,8839.312249567203
7145.060827899421,1271.3586512091135
5533.69834441007,699.6002615433972
1408.6588338075,3487.2362449709303
5941.927204832149,3953.853207471447
383.0671386008977,3932.0148067785044
1653.8830308181518,181.97011032547783
4509.193334496407,5338.4749813951985
2936.9537316286087,9609.201885053295
9036.514804444047,8982.3407525729
2609.355525397209,3499.5558451732745
452.88566976050436,681.3369853610218
2068.7096035759823,2173.7633319742777
360.1501342581137,8658.746647208396
7080.078636588877,8359.995393730487
1510.3592426772593,4662.4243625667095
5687.632347364457,6446.298420834492
2836.786802845309,6579.045210648602
7943.618075162278,3972.029285580995
5235.239629422993,2973.766421112062
3525.868019019971,6508.435521191064
7852.41515153496,5242.065755884087
3433.95621253039,3866.5797014949744
4316.936469447679,2811.8790504256
7197.283753994592,5685.4328908828675
3910.110233625488,550.3950792728008
2906.111735283903,6297.890603561256
3316.8504179376855,6685.70629093636
6415.31891798972,9594.766328389904
1757.8855966047547,8777.614685819533
5838.571959695895,3166.0941181903836
9030.870593722359,2058.7709070409787
7038.576518724757,328.4436413343461
856.7276146580726,9899.847804022034
6241.14844546826,636.5628888822539
4999.267951644296,2575.8890584020855
8963.892267173738,5147.201159726687
6481.997657614009,810.83563296236
9071.827889188657,9044.776476617713
4889.142467840908,9322.552889238255
2514.244922209509,1560.5642872549097
806.3865239979551,8954.176061262971
1214.6964094236334,3962.870799682217
5052.658515331796,9279.00966337981
8571.805225187249,8937.368074004466
7282.552348201212,4162.690468344334
8742.542946626318,855.9685030294085
8883.714264626326,5161.369170126919
9763.613218174754,7410.980063714334
9533.92733672051,7705.40771658889
2651.2463172971666,7516.382200698729
5541.085754360353,194.02826915082437
5436.743183274147,5660.5262898774845
9205.007926830813,8069.931376262247
6264.388165061995,2474.7919279279863
1203.211463858348,7020.710162291888
1634.3797802475835,4628.094788957749
5026.526336376348,536.725884687953
2455.211583047904,8339.517139282283
7654.187569699789,2213.6634188262196
7612.278574137704,1779.661779509819
6335.949677998338,9556.859553061777
5228.230956962504,8807.774633441251
4508.80782273732,5570.022694965795
7805.487990799167,2850.656357672968
3578.1177817424427,3082.3144596778952
3681.671696874472,7468.552631115905
1760.097186744557,9252.784087866497
6122.051319946532,2924.01421455894
1414.7926392817,8226.039910147218
7500.061577998088,9405.467983026969
163.39322576528258,8603.438175318237
8592.12565134566,393.08506707888546
1507.2915203916648,9706.361042974917
7425.697466455109,7795.815171911736
9815.335228713286,2779.6792656620883
4158.8474031768255,9311.53477072782
921.8437010651537,3447.3505888820687
6160.392486843295,5420.9111909693565
150.6606850808756,3339.08254144488
3652.6151001217177,2481.7981773002653
8987.397972834957,9329.015002069144
1984.4584494629823,7522.438465674274
6504.80447725208,5016.170658948633
6447.920872954114,6055.259057835173
9299.468238398516,2876.304156673429
4669.575616268398,270.4926356901793
5531.576007750193,1009.8080222353278
9451.240597137783,3299.737935529028
19.630651073928583,2119.9549299347386
8640.665548348179,4169.88764136948
1922.1635069433362,4990.208123052745
7255.8595607098205,3543.0155874027746
2029.5003189810734,754.2643348082179
6942.848696402083,5432.296101421237
441.91230838313555,1161.733125478408
8500.476415275632,9252.471148138968
0.14182624023972856,9675.791950268424
1949.432550218867,5161.869049100075
5627.573802932505,3599.953184713003
674.1311420912955,5631.3600257063035
6408.2922745223905,3120.7202237059705
1840.7374609688288,2203.840543237938
9569.665850091333,4112.066174309165
212.40331396588653,8001.767076537375
1917.483634998558,2629.9037614481404
9258.587392368121,9384.231776364186
7630.657692090518,9957.177648676168
9064.497386335317,1376.7772049377359
3752.5082567935588,7482.769877522246
7657.856951161556,2876.9614574203083
8915.301720305233,3217.79450441623
6765.67319633348,6760.5780423444385
9754.708002521953,5470.821041923598
2890.034365253257,8551.202219959787
2694.4774171966624,5319.0368311824595
7488.001855095992,4741.451245632219
2072.2048127956195,9670.379585825744
12.581299750560326,9002.515579270485
7861.611448684669,2681.4063861637737
3757.8845667275573,8326.552471073912
8414.378153850412,1284.8068060824069
2347.3477508006504,3238.729320197131
7144.109240487834,8098.41222831966
5403.109603971782,1217.374095532372
8520.096581163469,1780.2740348715806
2246.7196173472557,4098.893087591941
2221.851547145963,6536.394059306015
2189.9825599765863,4196.241329346098
9972.652848191938,9848.113492524086
8763.854184018786,7244.33208164447
8443.580399778895,9832.691613451887
5951.827260999048,8536.043980758479
8951.282260979944,1180.080368158216
6685.6512475172085,2054.727781487223
7824.209393550641,4796.448120360412
2254.857333216326,3848.5306430133905
5220.052491349484,53.55459891091541
4225.115641189235,1693.6930252887917
2224.91427484242,5736.555977236235
1521.0563748080474,4523.806773519248
8385.21918106687,2187.8179102316044
8074.499124082521,5832.410013281584
9482.050648635182,9710.61061681842
3833.1515547844488,5183.35772122439
9962.622972889765,5352.845262971096
9845.141770667935,9429.858070374592
6137.228972847966,4005.378173756089
1649.5839729786564,7218.127495658356
8214.50762367657,7009.174000519764
5668.580524612936,9187.24512610503
1539.7325713494893,4400.3101429234
4977.391749026057,9001.336693979696
8023.908632706689,8267.554248538614
1771.1868072913517,7957.849477816608
7473.7614973376885,8041.2688980588155
3458.913454734116,6902.765052849
9025.139622894361,8984.105709840946
2719.641157202358,2201.1786688334923
8839.299238047144,9891.339391212636
759.0037766882174,2896.329993629251
5115.655011100343,7131.191068991052
4012.8125626179435,772.3648538426919
2884.534775438995,5815.553052410351
9936.523188419294,105.213642855293
2596.1303644606483,1850.073903254683
8733.236875905957,8263.831901793172
8642.179827465763,996.87133191255
872.4512439945487,7801.881156579128
3072.8807910934574,7005.009086002993
3611.0902539048516,3207.7406510637684
4703.3982869264355,6053.850501401702
4229.687351266306,9919.221672079677
170.69992787110078,9211.69822101337
6546.007781861275,3418.242191460905
6960.090177081105,4162.377927602526
9495.972624269385,3321.88485866343
1687.1793679576242,7505.963603661421
7783.853665879306,4817.715570778036
2615.4573098811784,4715.087763375185
1918.5823873059394,3003.0770676374063
5348.397055232094,9737.375198122429
6766.209427084956,7689.1676434061565
1210.2996949903234,3582.834987873852
388.00890283311463,4438.050957183675
5216.392560005476,7957.661079438385
1707.6733482874151,9584.677652509356
6744.982186921533,1866.4568471964283
2407.5306483239347,2386.5210646701594
7699.725683048996,7148.92800740452
960.1625765087318,6541.702800816579
543.9361154543732,5151.315478107223
6016.595429070107,7171.967251711198
6973.162363731938,2771.6994749378277
7922.314159600506,6676.106332929238
7382.59248687701,2781.637005305513
3091.0882560011146,9014.912087065508
4702.828371769785,465.4928023949645
4265.295531144736,1556.007204480606
1666.1200300115142,2827.4970920413634
6309.237267725336,4150.721717202225
969.9601635528377,384.6333336871144
2206.8017727933343,1599.4398526075126
1096.9952155582207,7265.665769232589
8241.418069799958,8204.78681072231
1213.2039502734203,5033.742128892017
9208.708082502542,2575.807954525976
6155.535434571927,4847.331604128414
3135.429375932023,67.8294599476481
37.46084423341234,3140.648932847002
2875.963011691469,6661.065008860112
6513.027906880884,932.9030118111059
5082.6284259257845,4485.841649901377
7832.2093839750205,4005.222021505208
9881.232420758159,2979.481442324308
2993.228299500462,7917.461943702348
6501.515489675032,9351.056926581647
4694.164828815669,4292.473318238307
1572.2820954618255,9941.297051758705
5285.067547885097,1036.8984750252764
6334.407437728786,3154.413470267735
7543.661014885207,3084.681706084015
268.3559147899639,8246.041126919738
3077.764317277406,4672.5926885487725
9794.990694670923,783.5354908227754
3276.743650732408,4190.421485642704
1783.9438910403048,5962.607211865141
4418.013041413486,2345.9988132310696
41.67982742470433,1652.9414620161253
4414.268868093591,4435.866238730625
7940.871364290857,8139.0293119046055
2186.681843943683,2800.3766297443467
315.3399977075133,4516.016035288484
3122.4709687448094,8319.179072317822
6345.460994983488,556.3309350088131
5809.68783057088,8056.040542598975
81.27411448382915,9982.156876080002
5891.040630278975,9614.134337810705
8089.059409043787,6474.046419648578
7872.335751073142,8504.653289291702
3120.028116528195,9711.38563835309
1500.0255813928077,1829.7267811671968
8387.023056460643,155.76392928640547
3872.387411174535,1434.7744834446996
3621.699984835035,2444.0440677311117
761.4578041706011,831.2743564586323
5757.7974427399795,7433.7043101201425
1941.0712886118874,8155.252767415741
7703.5939897229055,4957.678876594236
1188.5046666345288,8504.51444503926
9913.421482724743,4080.2127305619074
6074.759290614923,4974.233104587997
84.31333975118748,4183.514448215266
3844.309837028934,5249.210452363533
2905.992249475152,2021.3796370055604
1233.755083856486,471.67470008580125
3479.634721850204,9549.837985296976
5675.277695700661,2742.2953022737884
9282.926244776685,7189.580909225524
3361.1027848116446,8980.523581852472
7768.238695211083,918.0636025487388
3618.2903333371332,5553.084813043948
9279.003275903126,6597.367457197999
3341.126558680021,7988.421138613809
1933.3808641377316,2274.8632742111586
4560.438796744997,2561.5610021879843
6462.999549822965,3921.4074330681037
8044.743752952886,2325.3057583547043
8356.228293062763,564.7217549682093
5644.716677450612,5301.788101398552
9246.071587060998,9854.830478645892
8389.895743156334,3574.039258875217
1595.4347804987824,2473.958127097521
9936.968691740938,5722.880676868486
7681.803962875834,5260.745675689141
6650.3299430440375,2220.103293337007
2222.4012005633576,4722.798483816248
3452.178865067511,286.47203614984295
2880.046112880216,1490.7646384739814
4352.348917113769,8937.80178734
9909.382432660846,3976.185043154574
2272.718580172506,7565.485285436683
9107.596242525067,1814.4400901603908
7868.7766753848955,1562.2029063004218
7923.817552067049,5055.746257066874
5843.185352098261,8288.176496371458
3535.7544017881405,5169.483808846265
9527.75062379843,1279.3002988227631
4914.5909018202365,9370.041482691204
5661.558912685514,2834.371736326391
5583.295487278516,2554.888178786892
1669.516196205746,3622.8575841032184
7664.263440435368,2079.135198644566
1030.0054064399244,6712.080963508097
3253.8362992991742,5499.187945818054
7650.583147176704,1479.1824435369883
9480.759999261674,8007.413319375379
476.10207872629263,2517.0204976231093
3782.542990843616,3038.0332349130513
1747.907583541144,1370.230744735006
3179.5812758397246,4132.40066925527
2253.0207834878115,4177.874859762463
4211.859311654373,8456.612959608583
9658.31167142289,2298.34653407795
2673.3799535932103,125.91265169659916
2985.138947214372,598.2595109624156
8574.258085359495,6128.429503456453
8273.080065517297,2555.3145276146483
3799.7260872060015,3036.8864151986463
3509.5183639257334,3204.8368252001246
7645.721200567556,3872.0268624109176
1532.2717762072923,8444.843633334758
9361.638030528964,8279.212826015697
7241.009709096916,332.2104678528548
1470.8433914796492,785.4177737873946
6860.075149486016,4598.855938083316
8906.597876677299,991.957841877753
5564.671461106732,8201.069323597814
7911.145395489972,337.2651056850773
3322.524539068038,136.8014395999395
6935.339176846475,2769.108252357606
5984.089058369845,1806.9297176633058
5226.460760679239,4165.9343029997535
9812.021078040429,2370.9726237370332
2374.0408235820455,6581.9279323584315
3538.5291133027317,386.4288906651725
2535.2590941232756,405.1059658924594
4009.357698529219,4942.956540405919
6115.387069288635,7168.729951756751
1464.9252315026552,9001.21145777975
8560.023077254607,5051.242543864635
9813.383451165364,2802.3919670851806
2869.090228490292,8647.341124672246
2659.113251134133,1261.617200462828
7442.558196060681,2759.5753150293444
9478.565768636636,3382.0426215756925
1918.4976065528824,3524.654262388356
8725.191778869712,4253.717217471428
9410.884721559216,5362.944675025892
4718.353680700711,3235.950935667178
167.65173326286686,1951.8239336373144
6311.606241881263,8036.414545788271
7516.049662929461,4870.836443670334
1666.7801520617143,1322.2382221487105
9595.131871814525,4216.191523350693
7593.305989146716,5749.849514206247
8950.289781165417,7233.272946025301
2988.5523780311964,3387.934719992882
6483.1151263336105,5075.241189462852
3333.8288584384914,3568.212821619814
9526.864930777272,9514.694056263503
2803.5718424981637,1786.4592192924267
3280.755163770258,6904.094414157308
620.4644237967793,6635.5671510255925
6819.804253691522,4578.990935049584
6197.668010215918,4860.6029720290335
6721.723528641046,9948.932065190354
6814.241317377163,8695.407018214171
7473.1814758492355,5411.5537610943675
5101.669546211008,7416.4775827228605
1421.767165951514,6646.919431604881
1126.0045310136445,4726.84926962622
5315.036570918852,4077.0643009434893
4002.927333462164,9656.314027578064
1635.5921669939733,776.3886342320802
5799.786203574399,8526.377227408895
1430.2545313255089,5287.780467456101
2637.234184089866,3498.480632622919
7575.855234421186,887.6951459083405
6065.748107566754,9388.47329619375
746.0133595828056,5102.656195821906
5647.487832764408,5557.21477157347
8089.472260638042,9028.79266568802
9970.118830333806,5809.58362645614
1820.1608044368522,9765.243468037508
5825.232906688526,6007.105230807159
9768.498655861282,8250.696559259668
502.02815259146274,4564.867284121964
717.637839856935,8671.206758525808
6051.753418652553,5825.436604838521
5356.2577732710715,8682.399084317554
5196.190509447858,9885.877761641987
9770.012063793434,581.391201241156
7940.140594531088,7193.322161829211
6664.314936430041,580.0106528676519
2877.8451748766365,5835.742620829657
340.8705210259677,1461.70518663562
7309.155085888417,7029.475608780104
439.8492073995208,4564.574709943602
9189.535504012758,760.1857427132297
8275.233948244626,2130.635415049258
8464.337268746285,5542.337780784949
3917.451350449351,8267.538209191012
1631.1636803668805,9334.448307378947
5327.303731191877,8469.610587126612
4043.5138239664525,2644.874498586369
803.0102930320982,7790.324553147127
1167.6692076117379,5732.756590739414
363.9507417477528,825.1963598031231
6168.359018147205,3848.6735233344007
6988.670332622738,7778.917064237042
513.574831165028,216.79781730482907
2140.500479632339,9472.645120254489
7822.2260398653025,1590.662393457256
2053.402520170765,5550.897634684643
2456.024267481395,1411.5170920960884
3502.9168737587624,8346.282537057734
3360.2438742978834,267.7012942587809
1723.693806804709,1750.9305404765807
2276.4677012749903,9353.857854532558
9442.487796208383,2713.2960883578803
1449.5012831486874,9538.119990431855
7337.430418915332,7259.902973608151
9579.26681043358,5774.603149071178
4580.225215436707,1806.2482271141312
241.75879577324366,6228.963730119761
1448.8249675102638,539.093189462313
7752.050632454515,3617.61977818039
3416.4055896350233,2285.981667166903
4260.856249477048,2603.719058400696
7903.436106660818,5789.4763334459785
6157.2288405114605,3409.462009724038
4458.045109640877,1829.816653568791
9192.861483270908,3551.841838410301
5938.976756993083,4404.394693109166
6117.086392706529,1687.3391660921422
751.4887631153166,8920.045378766466
4299.151705859332,7484.755845805633
8165.584178846724,1854.1108611788893
1515.0522314184445,5943.437777729058
7575.125583368942,4951.253042821689
2921.955663469352,618.3132149959691
2827.0999886379977,2986.0667715303944
8461.386968770164,2981.882972592257
1267.16964421129,2077.1833403353735
8714.156156141124,5335.170277297295
3977.882629427967,673.259829099413
3950.67530918541,7581.092836520948
1939.9587380569417,2249.956785316236
9639.176210380032,6541.951747824582
7037.486243230131,7642.743904081215
6412.148808242395,2361.590738186219
1969.5420907294347,5352.125564509358
934.0691780786148,7744.939814462536
2709.219686514962,9863.649353639741
8513.660302256514,2699.5669238080523
8391.83221887338,2740.9846298927264
6464.7906520769775,7439.811250742497
9687.210789079321,5282.143086638629
3771.4483455417735,8846.511411346346
7110.017740208273,733.2673618146802
8932.7098233901,8330.897054212417
3934.6251132493617,500.38428191925834
4700.568573624734,9548.80985781575
6424.032384262363,6582.566833158597
5039.980776487943,3695.3033503338875
5115.453387662704,2102.0751277145546
1220.3079631967096,8068.212537276398
6366.113593013704,1020.9037695789158
3590.653670039572,4285.239857481901
9673.618304306492,6111.272335645749
224.04064821443194,1216.6268990491058
8589.05098751696,9436.016280071532
9837.143459554509,9119.262749620922
432.57751787274753,6805.074451290685
1021.9284702093456,2652.798889417358
4497.873888461245,542.9531447782032
9710.364664624607,7282.7070194867065
6650.831616129428,5441.7194092943655
6133.3878467539025,8534.74862047687
2798.9946334581705,4809.630527023314
596.0071887494655,7423.486259977096
3947.988658842978,146.05923848507564
9706.494528656776,1728.7539044639377
491.085102079728,9440.050162058023
1963.725068089065,3346.1157308964985
2485.8951655867613,6751.10218325401
662.6478023672033,1583.1836079171203
2969.2765160373347,3759.137072544451
7319.676295270552,1716.7978626124925
9739.011323391838,5606.09136701844
5042.463303827428,4310.09869313366
6341.560212186679,8564.916348220011
1665.6671176828975,8636.786156174545
3629.5649000118046,662.5799061756377
1994.5281460610208,5575.081499851735
8361.21124960231,8457.240976773974
7374.328534514348,9974.182038373245
6160.012355637955,8478.540322645367
4515.895434253543,2514.5964820488343
9702.150428903267,2153.576020089286
5542.790770120531,9376.415370038734
7341.504970991107,5621.396304277407
5366.69756808424,1503.9224085723101
6985.235139468339,5403.826898711302
3936.064920261957,7727.912456785165
4927.888133467841,2116.01613901079
391.20029278112423,7000.380558924432
8168.829929134589,9978.476374613734
1552.6226249081553,5188.27069699069
7285.114292884253,2705.8624149909683
8052.3206717582,1053.2536392371205
6771.537509577992,9936.708286137866
5007.938598347146,9442.095860857575
9391.803858315858,9937.763310408027
7975.793962702843,2453.9661824323844
8527.288914957844,4973.677114316717
2688.201159910274,7818.477984827667
5367.220641505488,8921.75078977705
5662.441551646183,8450.728542114219
8192.526797031895,2922.2569545574074
8922.375765153749,2672.4684775339633
1819.8894962985657,204.19919926175868
9019.487277059297,7053.716025682223
1340.8284355251087,6291.502424264501
8504.063361533688,8374.833139278488
4754.169630832214,988.884698424164
5061.899001871168,2945.713863272377
1837.8673934329404,7997.183015569896
4237.706849727242,5758.651400601146
1324.6114809399955,548.6310508885662
4370.442521116259,3807.047033397759
8812.187038560334,7866.15725015921
9865.37657698703,6207.217149771606
5923.324293874001,6225.537743783425
1600.2531664862329,9482.377938686703
4822.961980174072,2776.964723518028
8171.244635852036,8146.422747276631
5038.3850396348225,8410.16810162792
6278.807172506607,1899.3606363028791
163.9963569481828,2756.354902329482
5795.869112934825,4614.899112466983
1998.44154568116,7649.833543867602
8322.988093643738,9695.452924284098
2764.4368229290803,9377.77941764838
4295.898976475465,3703.650956651029
3335.077810751328,2323.487111512611
8772.764237320345,3704.7564858973005
1603.8130637292513,4964.125565746543
6531.568880740143,8112.393808351526
9739.371068445253,6588.769572940178
5903.12814029048,56.660144238467325
3709.6505008950244,5599.251311339398
2989.0993482673357,6953.079952230331
4160.969739718143,4144.970042798322
6065.69608348367,8263.965373741661
9735.536591378992,1224.8610857626263
5644.906864610451,4302.40293770426
327.4520476800968,5639.512098943271
4551.236544519274,5394.076465047812
5998.825600256061,7228.302193237436
4798.937722843689,6785.83265339326
7359.956758795317,8349.64677711781
9508.862952845373,2879.6532147633516
9243.536048682514,339.3850159907996
1606.5828509153368,8014.167582679008
4588.120544481879,7101.848872735531
8710.784984604497,6089.410913023021
3203.860955830019,98.12477404723907
1469.726653613267,5424.035225431254
7088.883456375337,2222.7251469546695
977.861689435392,8800.761066673098
1154.1900295430873,5302.740208566641
6983.812028931349,718.9738501143505
9717.620901672177,2841.067055850137
9769.177663603397,1008.6218390565416
5573.619771350093,8861.703554010874
8145.090343017215,5118.549435137995
1426.888945813738,8105.767941599263
9060.42155518114,5818.609201281017
4718.226717561173,956.4990054864043
4385.293420462964,9839.216932085836
7175.471018967941,4259.767016895619
5298.405846554284,2576.4806821247134
1428.5585580340698,3188.8634260049953
1832.888219664125,5347.20034013481
6542.087375767634,6802.852033269404
6900.4666840717555,2746.9622339286857
5701.846258697397,6614.20214591397
905.4552667558391,3225.749708790112
7521.292263213482,6715.948141050251
699.7766504697156,8082.336265285223
4042.893457912958,1798.9964924097135
4418.76236268263,179.5036884348633
9019.014232026797,1154.4413213564108
996.4713460109442,3447.694182497111
2334.233860639505,2143.9270459290137
1585.3759093046272,8921.953172916352
4597.198880334408,8960.659621796098
7518.736771199405,8335.45320370234
9841.170035716366,6670.660699636392
6375.92360251546,1409.7571039484214
9750.703819018418,6063.383707717874
7444.110452066204,6505.208506428811
4572.416726058702,7661.364963343759
3401.7401721219853,7806.092907002627
3721.11752071014,1749.2928778630956
5400.463152185305,8908.912356875611
9518.503708993201,8725.538979037496
8259.788012129455,4933.740732384489
2899.4015881879586,4278.534155933198
5229.681103458077,1620.3740090887952
2436.8362162745384,530.3271183771918
6676.386558281008,9002.475427281594
5694.194659919371,1922.4072937515068
7014.619175371226,7230.635666600513
8179.151999356373,2969.757328551711
4269.458806974705,4741.134384567362
9963.29496437293,3240.7286931071667
1317.1229860338763,2464.145788077623
7273.463176032051,7310.977982003745
2220.946722684417,2088.7719785634995
5694.238252476173,341.09498664613216
3339.218345942669,4844.206075854643
1160.8446839962971,5402.31193685367
1231.1027214681792,9453.825473917024
1017.3481743184553,699.4597191003127
4680.308148805005,5026.2255637618355
7771.926680113952,8581.464721891109
1040.8586071531722,1163.1981073433474
4875.741845797192,8681.854886502724
8178.326556115307,2682.7946939645185
586.0867757061461,4902.050429632802
3499.579634843628,7084.103556010428
9118.989601185132,1351.428076178297
625.2691291346113,4720.059097576289
6059.391421765146,1814.620745915969
593.3129898660727,6699.450522021249
8432.451930550138,9460.611210573314
7277.829243965263,7828.378635219052
4821.184761930589,1566.7748250618208
5353.001366969612,5668.29378409555
3522.830615255741,4278.206312174223
8260.950696452037,6174.639629793771
8059.319179872391,5658.684892345016
2245.9711881640987,9811.268205919505
2399.145265475784,2856.3181106154843
4285.582417991653,1237.265534493458
8979.76440447091,6894.024783378137
3060.8626594603684,7663.808788211581
5420.523584290038,825.6293278613658
2783.957323722748,4741.811509194112
3497.1400356087433,9517.066250759386
224.24051765864596,8424.656406932685
9515.899379560524,2086.24912113583
2301.549314884904,9595.393555539833
7344.710254233278,8754.95380766504
4491.021561680948,7378.068112329272
9085.201216660891,7986.902668412446
5005.952013065814,5008.953395069313
7075.362725320746,196.72579311752924
5482.133928636244,6448.793152055793
8057.8218578213255,5377.233446030918
2358.491973945697,4347.432031978733
5594.886137243642,4356.068681217495
5382.949240148219,9236.824813185136
5034.526114041493,8071.136627237912
8094.8453542673005,706.044964821898
4561.35266805434,7008.37899492283
7616.492277583697,7531.277646139577
9342.818248331208,5786.226414050903
8955.522497757367,2625.1865059873558
9082.768094189618,3741.947680881972
9181.292014182167,7501.288534253991
9178.503458658815,2564.3308061816783
5280.455231092787,1008.1223332330891
1489.5068246583464,5073.687512328315
2839.8368082257007,2171.8501969112103
5557.567773859167,813.6895160984947
5634.975843001471,4892.690277509657
5169.207663229431,5689.553492858585
2415.404940579823,4349.315415302647
6208.111232416769,7502.765319876175
6449.275262470721,2841.761792934153
8900.13398524644,1684.0755770634098
1754.1034231188835,2442.32467845494
7552.545576912628,3688.8128002925955
7476.6890496259375,91.74194009709535
7298.729382458628,3442.459395621291
3064.9068408020576,9930.04069032531
2673.12507552479,1532.5463949262873
6668.524995120346,6616.585391936442
3539.4112424969617,7973.923979029649
8183.220282872654,7065.436666528636
3565.892802673142,0.9207190722315683
3841.241854808426,9960.372231540647
9067.10294946538,21.0338144350386
7249.7323012372535,9649.624544261838
1965.5946309136473,3076.3421880248466
6110.108216553805,549.0077542554461
5028.962812740302,3702.801072081282
6761.336816128237,7639.1292545119895
641.2808219033095,2338.7029854850725
6726.633105366769,4587.16818495987
5113.012836473116,6207.109994656827
8861.758103630033,2026.0111578690676
2794.5909976774974,3988.6162495269596
7655.45761415128,3009.575671455125
1377.962944280262,7727.389357486909
7583.491161575381,5127.6129735155855
8874.075591427769,2916.1314662146096
8523.467073729778,2284.6929721834917
9508.265678632148,8399.794776776249
1745.167284790604,4976.429173178324
7274.850841669873,7794.053890959264
9901.667166373369,7863.2843952789735
4691.951555147357,1858.955836850622
997.0417739767901,5131.795422191724
9867.590927629719,1692.9074733062755
3955.7406092237857,3741.7789771913845
7979.519744059208,989.3811010158571
2070.9640248995374,1100.8132959300765
6451.386649857434,4525.363423207418
8596.547631741092,3705.4992891303395
8456.299905785421,155.9993118187264
9540.461714147297,2738.2246768978093
1886.933606563298,2600.4721599584536
8640.555541049178,6634.569354837572
9160.720432988559,7111.394089817933
9754.290446058576,4905.872608343071
2659.1457673472873,1187.0602443708
956.1731023531861,7516.386877236629
9085.414916720127,7402.878937345264
2582.8321707221203,2216.668411825371
375.6728537724896,8014.882211996399
9455.335208241553,9209.312890595595
8331.240060492893,1378.7842933171291
9705.111516606858,1600.4068017346951
6136.245328993359,704.3633774149971
6497.380443683451,4587.284316276516
5977.064475553513,4145.0156233037305
2567.339233237923,8566.906438162106
898.9518351476333,2077.95860625016
4180.552453401964,1363.4325070132481
3108.366205503077,6763.631773950286
6432.952653075723,4956.499885939012
9018.918767344234,8427.867543138245
5735.068675444071,6322.853477498892
4862.286558489655,5040.327197600435
4337.772146855302,9066.950653317184
3386.565168636917,9705.824109866753
7925.521903462814,4637.755534075616
7264.335616722142,9895.574899179772
319.7210419775354,3750.411797260559
1105.0215473637147,9837.522363925837
8494.063121214413,4104.950814590989
1647.3392061857662,5880.408334486079
7845.404831387093,1394.4765305418339
886.5329269538636,8276.968507011812
2563.584916764569,7102.704861483553
8139.948447120663,3562.9721357746002
6903.503934414435,5750.95717224966
2630.5904847805396,4858.386178026507
8250.670450571835,5945.922978028328
152.07278596933048,4387.24218802792
6996.458750429676,7807.775179410571
3175.162432574428,8855.502664289086
8957.09812653369,7840.271224997491
6879.869435538249,406.5560713299421
3439.47522207614,6199.240674073031
2601.4283812536232,1088.463940755816
3788.511713249144,7190.793084481655
7891.6471636719225,1672.6507290670488
6866.438224231893,1735.1050367993626
1612.678023323134,1187.0947146359101
9663.02017452217,2372.686601003179
5074.415909857128,7008.776269595709
7112.058411496631,6923.806509254591
928.6684936491796,3468.2236111723696
184.2246043089979,3628.586184668584
2065.1561393061634,3719.324290265311
728.0714462643311,519.8088187406347
8377.079887598742,7019.538709999482
5315.044056372211,1370.4481883911058
8337.454639965084,9881.650645770262
4541.249051105399,6742.026522585674
886.1418112660413,4025.1527571509537
3488.0061352415014,3840.8901231141267
1764.1831601815284,2749.333397810949
5295.554761455228,8711.82195299454
9437.08033287721,8783.873824436087
6994.742561678001,8047.943045139417
2697.0898442915113,1791.2165063225616
2306.2505112706112,4813.134303686464
4605.005323190728,3798.836373079447
4805.772556706228,3234.738545879614
5870.663308352506,74.63486096963123
2051.7568105666805,987.266357507115
4751.00388266101,1056.1282208454759
8812.542748357964,4348.879614939751
4349.045104866575,1595.8096060517223
8589.341369140244,4969.584999322556
7270.47940202205,2209.4480626811087
4500.782996582881,1312.5130857786194
4422.497424946386,3820.2914384158557
6661.123996703574,4639.305514843763
1311.6071085779856,9705.262393066561
4014.084032631645,89.82015538901544
2626.6987672392906,9738.99300230917
5451.673069534088,9362.024743383388
8235.30831510094,1411.0873210084385
4181.123117420139,6536.278089877381
5736.318815892936,3859.3982546225225
6590.593708720175,8143.858135904575
7520.822697767086,5895.727726142432
4169.182042473839,4331.034528043172
7287.899745792982,3614.6995130828773
5980.627845144217,7761.152930920791
5605.048702790362,5077.535601362701
1765.9181119588684,6028.902273747675
610.00357837116,83.9215988419717
126.76915613276107,6549.920277187148
2911.1885746355315,1185.6932735042415
632.5567545203148,7350.229839352316
9010.232329541936,4649.646316467812
3716.149191054227,9873.291034340999
5190.980737980994,924.6683802395961
9427.711322166091,6499.549430782746
41.28443750134991,7442.391050432376
8533.331186127254,5628.427182460322
8537.167989045009,8103.7070024141585
2606.0196601587295,6104.485342549042
9867.488253632893,1887.2325763155939
9843.331108910596,4858.245668981541
3023.210017680659,2065.034986955151
4017.9136004250026,256.5542014874644
4441.447249181967,9709.849598974999
1790.6898007140303,9995.85221454896
9590.225691951964,2076.760878324082
31.445990015799286,7661.528759407496
9499.737016621037,3874.0777609949328
7908.42747784117,8816.934264986518
4572.955718331585,3504.938995396778
585.6159239375125,7195.909107648328
7613.121731371557,1683.2797914900277
9418.84601872896,4119.740128855404
852.1861063296543,1946.8946281117494
1947.6453943132376,5633.618395727164
7178.091065275809,7246.687377144898
1330.6289270544214,6560.254069489949
1363.9190989838823,5186.783841798399
6095.317236386687,4381.214735098269
4487.071214651176,2484.0409645297414
6291.300238860838,9536.812990074728
8112.659784351415,7062.872254284723
2597.314604389843,4322.831599901798
4160.429615931198,1611.1266077137143
5311.86950991148,8978.401970778576
8019.813274509746,863.4062239044393
5688.489454815082,388.43714403914544
9592.872217025995,1732.1625643531124
6039.959290901887,2603.539419025045
2882.1746956832317,6573.288355800632
4009.0927102465425,9309.196838468324
7532.547987665994,9958.378372803149
1928.1207819429203,932.758878712806
6232.471697286171,2758.4644437916195
8247.541427334196,6234.858470332105
4757.592436693158,3412.4497822316102
9412.06138280596,1179.5331282702493
1332.7615378513747,5834.6360293338275
8568.587334017686,9754.537493795791
8617.32587370493,2993.6267596203024
1259.198247600256,9972.609621974236
8290.971704700918,6982.450879350635
2210.0749420568823,8698.706681867045
7311.639690131132,8981.31060764783
1026.7267127612124,5872.138681386624
3725.577346514277,2629.829928266507
877.726381291033,1385.6910140235734
9187.234165018868,3838.4237123978605
5677.982769379487,707.5208112117526
4830.678100339308,3272.4980889950216
598.5019604504016,8741.634154052226
4141.232632143852,442.5853943668856
4316.068757823206,853.1193658960035
7572.718844814238,9525.740114890974
669.8350261684926,4687.3577288343395
5315.336707988729,126.86009076904203
8949.649515323441,5830.130482889504
4136.407552927954,2926.4724370000927
1139.2889877694179,6432.173785149637
7842.55187071191,1970.8892761522457
51.05960895890105,7734.832227591045
2914.9852936355537,1503.0079398118835
3566.548815084396,7989.189163302965
6573.368811528897,4159.658695007756
4389.967638988655,3178.1471076497305
5485.450199179487,1213.1393293127724
9099.45628753623,8440.439753753455
9680.257499783265,7058.942854142464
1044.0535694466257,1495.161593433767
3622.475518606313,992.0844783736915
8672.418940188785,4437.704158068783
5879.637844010741,1212.5903062631683
6024.914477230154,2701.532311160908
42.746397056809826,6956.910810881206
5834.448727961804,7668.3036556374955
7873.392563414376,2336.354781509159
5999.844499718601,505.89308214986306
9422.483613246533,3752.4198339289296
3158.683706241218,3147.8030345457255
2095.3931181540097,9178.28338090047
4247.434654319109,5870.496289844177
2139.7127266485104,2393.0563371952107
3662.64221866058,1859.7485956548742
4314.36352070577,6779.187958205851
7885.567983397555,5154.704152513571
3621.1102608500355,4782.066933662228
7598.490285789644,5799.803221093119
7835.50400094892,8619.052701904622
7696.047062348222,8564.736978199255
9656.14187110543,6718.078666700156
9381.957200593646,7756.131191019306
8658.232100639503,1595.08728720268
6253.077109476694,7521.064205176017
7359.993223517872,6508.837749185586
6316.38406709663,6817.136151469314
7022.4366816555275,657.4805337958012
5592.350005821001,4000.348171604912
8175.123636830155,1175.5780658843141
180.0607207652416,5243.743468715574
9345.045059768894,9753.722314974637
6799.684290524128,2239.66514085021
6233.229160429147,2870.988360839655
3323.081555055817,4688.539841048961
2442.1244962200963,8604.36223278538
114.19169278869434,4936.620990812343
7928.949288990311,4247.148334890138
3576.9109716689773,8286.589095658246
134.5330573597803,2186.6519722089906
5478.602157403978,1214.689514896563
3233.765728158473,5764.556052921762
8572.910760498278,9880.351812289828
9391.119239476568,6245.826772610061
5677.015804989266,5974.488930841659
7897.579098828149,2491.736721757558
5099.681912720365,2929.284245699475
1685.0345910612286,3815.462916369692
3176.3409784416654,242.5916419585039
172.21084249380291,8199.582621454707
559.698456676223,3462.1845287083584
3701.4581191787,7748.585221839157
8372.049173582973,5692.707120567725
7854.995256788352,7993.531104376566
3448.9497713701435,1113.3538672172294
578.0512308415231,9135.835955450693
7932.264365278788,4276.281491663734
6170.707850390047,5786.531381377884
5866.241031363277,9889.665037004952
5084.764125775712,2650.5492000383792
705.1698186148681,4260.946534620648
3600.8026373667412,2095.201121920798
9877.877700650495,8262.648869882456
318.3741816604291,6291.155201000485
2779.4595230325667,3218.8928770477933
6583.680939354251,3308.2152058049573
9044.250550852157,4720.130727684328
5270.8522483744255,9066.716309161024
4205.944318287681,7714.075126985136
6158.989858176836,8716.012646832749
4001.985552742495,3436.6143640501577
2693.4198069963177,573.2623406641069
2396.077640471429,9361.129008968872
5999.640127692232,456.18018909564626
5350.509464367578,4313.865112257123
384.0438285236836,7223.045502862207
9847.437640823988,9574.095433359751
667.0913013163515,2902.1409450462475
7689.396348759464,150.48127519334375
4889.483121681668,2919.8719105069904
8312.649594896608,1296.1592767461084
9319.39938253151,598.6861902201757
8371.0296783668,4519.752724391809
1770.7868650664004,1920.724562814019
6547.191616841483,9727.685115223323
7968.4097917371255,4198.622454535135
6113.798823894667,2810.6568675194667
5602.575493945552,9720.302663323051
875.5202197694623,4103.268147640584
7588.2175192241775,9832.608802258012
9860.067819626682,1542.4295391076814
3462.9486254248422,6448.209826709346
7693.169668112129,7492.899086669259
2168.9404588417838,932.5143715106788
8442.819700005772,2831.5549484065095
6201.115512389677,1252.677042525968
869.4357479007941,704.2044134023739
4068.0511451749458,3961.7756355003953
5859.754145581455,4300.1242861390265
2919.9254268886334,3023.1175903703133
7527.502882208827,4200.216337481898
1532.8214346900593,3128.686023025635
7367.61850350762,502.69597503596606
2556.935024764675,154.62212595940383
8917.571299200503,84.19563143593822
9861.209773499142,9116.301513914763
4159.67045812792,1109.8060625216121
5481.197061305421,1754.2280363489006
9000.002084975311,9933.604329367865
8108.43733107478,467.2297671891601
1443.6163305684024,6559.612568361194
4015.3478647253883,1057.4146557523202
2839.6657250377657,9605.050547310238
746.933325327076,5279.786278096765
8007.091219870692,5762.403640444003
8120.475551809853,3390.3344511158393
9531.532447328575,7541.869693519502
7718.721255943495,1012.7364630496771
6014.313816889903,8634.574630480662
9314.42959171262,391.7439690250302
8140.300077332685,799.1950900054156
9421.163810279746,3922.8243845619004
1639.0221709405916,6667.028216281198
2120.137832601635,8357.14000707197
9531.713770871214,4717.213095472072
1692.6096935064118,2934.586364289774
1770.8814172605814,5354.299064221301
3729.3645937160127,5000.653294044052
351.3789552232638,8354.307698288134
3691.6070447889692,8430.596688541667
8444.820842277904,4120.359742180483
6022.219879614129,837.9776642484804
7407.216003069547,3119.416109707528
7195.582248736136,9228.269381744954
6117.641064215311,1012.415374917891
6584.878442816662,9363.980494189838
3912.8242590412533,8308.1927685071
9945.433620117852,141.70625355287348
3196.766055588576,6998.843372857914
1731.1997849020734,7137.7702253437155
9927.121076157433,2689.8029498483243
5561.530457440368,1601.7632492683176
6593.877693340717,6744.892420045503
3909.5359632710215,1587.7579636936657
2339.1703571478415,2479.6173581067114
6211.522029228208,2855.754337527628
4112.752596146063,2949.365924212449
3977.9768290839665,6465.430261300278
8475.15093868689,6909.851714040195
4308.849926478806,1268.0889139790706
6228.420523474843,7823.959188234997
3199.888027624965,5139.867124624437
5850.021801073203,6436.991671328064
3318.52421448524,4866.871821815348
310.14167005694594,5393.691376186162
6337.479411950018,1908.5715609130316
9388.393399067236,1281.8473150752363
7084.17293212999,525.6213598155357
2958.846801442313,6406.8724093189085
4146.736268735502,5653.049116467749
7481.452471905681,2918.6854772604433
1780.5166802182625,5358.320249819887
2714.7115521185374,4096.903272887894
669.2730798934842,4602.307901579148
9328.750736529388,7923.914302051698
2986.364998603387,5304.987763087956
6401.520996838055,5638.092632338081
2390.6379333747054,1021.1500028760468
8906.474167116898,9104.886053304012
7969.215331765914,4135.317223147046
2621.926544213682,4761.255262223898
2821.6807650936626,6943.173230063358
1668.7800130698604,1641.5266135522688
569.336818591184,5315.418061375562
2689.6447937142543,2792.7743414305537
750.3925579360937,8086.474708937096
4518.791427053633,7626.627770408459
3407.19922076808,6325.263030070882
5465.18944876455,8670.095730924531
6803.3335032278765,2737.5792453145364
5093.525839427582,8010.695923591909
1083.13340130335,21.56289560297564
6251.097615750955,9683.330981885614
5025.142560529803,3196.4434041781055
3676.029480576711,6263.3994138313155
2456.0588163430684,986.5054914258143
8099.249257230381,4404.234311539842
4669.310090739071,578.6473626881827
6143.078036937043,6334.059193243496
6887.057554119397,1058.583272014414
7106.926435208186,2310.8261701798515
9632.589360671847,6701.460122598344
559.5893599826984,6961.748713622115
767.7422592603111,8312.929296588247
6187.129685287569,4145.497548413597
1794.918594505688,2074.6207050953944
9218.974478609118,830.664766015301
8974.95615006653,177.1488568014412
4225.804686141655,6341.01569002552
2042.2251801137281,9464.991244842438
9240.740766252908,2342.3972471161715
3105.253002077625,451.0444090946031
1080.5504028487567,3487.3290449101946
4859.960992917192,3586.603886890949
1502.017720776173,3177.1960451517866
7560.1907193404995,8995.938061690307
9159.49686272343,1652.6310021058698
8724.500140095375,9356.44788137897
4251.437101647616,701.0137320837473
2849.337378984985,6432.581788827252
4902.762344638826,5839.809908076432
676.9278125210787,2479.863434650226
9861.477924726105,621.3186173778585
3341.452267829954,6585.277725405306
4365.6002967819895,6069.621730934177
8113.324014439289,6382.90610065665
8009.496972953675,9728.290385765671
4162.624297797959,7067.736132546694
6622.23653885557,2837.9389993528025
8840.897868200993,8435.635277125604
929.8627341288701,1274.1789684465466
379.33325350554156,9583.223917845402
3331.3782557823033,3924.193522012631
2623.651841257051,2.421812683651714
8705.96606260866,4704.47504467553
3445.714897012111,4481.809397475507
5684.700900142336,9361.2368624983
1050.3496135778146,1820.0687435702935
9816.234426099423,5226.8592015544355
6813.765657414058,35.25122560927629
2449.755429559234,3203.461855870866
6816.545275776711,5128.645500718781
5070.439188651551,7412.154840757102
9540.33893586983,6243.286647709626
7676.49043645636,7947.7650124883785
8248.99155301694,5538.657352982397
8907.95337958594,7050.436957765506
4447.387020663177,2612.4840737731415
561.1579773657171,6289.029658225101
1509.3525838203213,9551.007865049289
1790.5387658630734,3376.101708521638
6352.053339543365,9944.344808258982
2863.9418977264895,6758.544702979887
5627.923731860837,5785.498633362686
5602.303559648022,8618.720406225631
9505.149309755183,2367.357051285427
7896.700452476954,7386.382292367726
5709.047797295554,4926.8266412551775
2705.936501308268,7789.3708012690695
7734.865993543752,9458.704596131076
6392.078514505105,3108.1800059262487
1300.0267565877043,511.29034956558627
5729.303957619719,6741.2052890634495
986.0818306581288,7633.082915720868
2562.739986041461,6425.484025425827
4391.112743488349,2089.893897450875
9663.117907278052,1673.91799160854
6250.363743360047,6814.284545156336
8363.654707749713,6935.268021795502
304.91416046938167,4526.8755462601885
1082.0828267055126,7101.826317791717
8743.42400453464,4091.369273943606
3851.6788353474353,2621.372864458449
5176.485344080716,4856.4756569466235
4476.072574748217,919.2900552933825
1064.0842093838842,1257.9015568491202
8643.351014268783,6101.190993150103
6194.684154853301,1072.139034140539
7042.778617703714,7982.682437565233
8176.491805032388,5548.070678706639
5372.471742603852,7580.08000491848
7617.327792636742,9042.99001166845
5176.048258445698,3142.0668706730003
2062.0815681646454,1122.6046595209793
1137.9862545921349,1484.680240003724
1660.7487432299251,220.67832721510916
9578.190701000693,2640.4773359839264
1494.3005783942021,3294.67555075219
7846.209031696891,5577.492229354667
7614.764642358448,2835.2850026211763
1150.3937830860555,7866.705736703881
5336.703618090916,5726.604559181905
7330.33064993456,4424.24538394931
7970.298585814881,2107.6436397594157
683.3948054004612,1432.2193156328922
4756.669878583294,1494.1140199065073
8881.038224692773,6841.323688459245
9.270193280412897,6305.591923425785
6528.428235611548,5402.454549837394
8395.57225724899,6869.468408070946
7853.148111039983,1145.036462369754
4333.418807147889,250.92597587310306
6171.746978643156,7032.504864269345
876.1101804076587,4441.054147192951
1515.116297414486,4547.662592010046
8204.98117415723,6962.858877806998
9837.851546276135,8609.774543888021
9291.801872407197,8895.41744147126
8066.61626942988,4321.017199122402
904.2069730779278,6301.682806282186
5819.6523231024485,7748.880512435082
6059.920763914988,4418.751180258715
9864.90582986302,6899.271036360503
126.26696917202639,9678.46810102599
1455.4376197900342,7470.548937020321
1419.0485793720986,8836.300877754285
3150.2140535188128,802.088551254777
52.092765032013546,8456.669713385656
1306.717209737207,6425.728212547647
8525.701296370507,5479.333336647219
1697.379063395924,3511.0212519496677
7127.050532752357,9171.529914914972
6239.089072633821,1887.7602297228946
7543.322699622966,2951.4618340392585
9236.249923047864,642.7663230636138
6772.774685566247,7457.39006238645
2157.072401475996,7798.239774033475
2883.0795198174796,1365.1365022507046
229.55700694737513,9794.193419979667
9705.483500723376,7829.220222573633
5435.818161884714,3882.240648409682
6336.6159323013435,2356.1459057030543
1569.690321626761,472.78063308683227
1389.1934846537113,3516.680123320648
3523.0079148273317,2343.259035148123
6867.1884904693925,9292.458495766263
1791.2660062015018,1623.5318895087003
1753.0430306814294,8102.591019343448
5213.65885048647,2164.707450986011
7386.125102269777,410.7132806535574
3178.8199862575552,9875.354618470037
1290.0669474680237,474.0754483832943
9857.373352090872,718.8586488283188
7056.6073325526195,5299.187499969511
4791.783046168049,8212.590831409974
7538.83220791814,9343.37610765966
6516.019481606914,4539.410251619262
5859.964252199805,9026.358972214475
4255.500433504849,8423.51522984579
3674.2436752524286,8653.089637706164
2716.908105496677,9130.630591691272
5163.707852754542,5392.604500830033
6712.244256215955,5756.344642266813
9987.084070104922,8695.010213384474
3964.710369517719,3215.7258094698814
8159.648665863793,3277.290893321474
8548.57079376288,3431.4160774583547
995.819302531784,8907.173400553133
4590.333614250198,205.74758333879117
5257.337728888725,3726.778860195946
6910.839477824214,3043.858840431021
9748.769426093972,8742.219939116305
6468.462066097964,5272.550726321091
6559.15243025746,4954.781238650029
8186.013849381799,1555.7811921354569
3465.0721934630533,5074.121931435648
8370.538872775704,4571.590025401817
6921.665522705524,8633.38610111523
1429.5190314549234,7992.002194429042
1243.9519831622104,2448.4054369617834
8422.868187662214,3472.6473169655847
5500.292025764964,7680.3358846313995
449.5776870086554,2292.120841555466
113.07210916515875,4408.116692742693
6876.256820911865,4704.570408416613
2629.8516873433564,6933.5974270460265
6029.527071427232,7466.27512917122
8752.211110916141,8775.84423301117
8675.92348488581,5396.328269200285
7297.449897436661,8444.691987634778
2164.490290665123,8562.293407346548
9835.492204883518,8144.683434782239
7486.79887890607,8025.539388976881
337.5508110322933,6935.150659248235
9057.389676245977,6109.863358909751
1298.928349417613,5966.653823709021
4374.920577923258,5021.802054307368
1582.983508950363,8583.30752680315
1245.9574722103207,1650.2145184172311
1341.9806421112057,9456.606350039641
5374.535099963471,689.4995808959226
7296.747990900348,5722.800063259561
4086.0745070325365,1699.309642485608
8106.685666803712,5864.71083049468
1418.6278736358292,4492.482183503938
8929.342035326816,4884.703718304455
2181.7601790091758,4924.48233692908
9195.032108779646,2256.774268934357
2494.279718129846,3353.567415425348
3968.389513120626,5563.8688468503215
1113.4963050893575,7929.154677363811
847.0220148478024,6004.030506785491
2876.2381345839285,869.8748418417667
2044.0860159576634,7954.349387802723
5253.528521567182,5514.299379030205
4982.4019186104715,9794.0087467138
1533.5660130184792,4104.012007385137
4277.838385295882,3730.527106134992
597.2698052185876,6986.614553271506
6618.942880877228,2057.1019377626108
8031.507326353603,3022.3262254523365
5192.981987723576,7106.85210164954
318.2515957166887,2873.379616077468
8412.484903954883,7337.488080055261
9609.002838005614,8597.296307499655
3567.450348612856,2639.017699908218
3785.293772580995,3169.19311630003
3954.2347725315276,7238.453176010154
2977.6964587850475,660.305000292728
2867.662186171431,4823.163589126431
4199.259954149814,3436.2864014805295
7278.5318517784435,3430.0322614445777
6462.834471645526,8725.236600449432
9210.253419090757,6992.975914134715
7420.583613140471,3844.696521009773
7242.954001996524,3716.2475708876573
894.305169248315,9095.288259192352
3707.0706184090773,8946.041504359073
1854.3694136094114,1148.7814062669488
8856.399872564685,1318.3654838943637
6459.041406680596,55.56488522781456
513.2062044135499,8933.091640000292
2983.222888157908,3889.3669928859754
7416.859408714246,7144.6993571709745
8331.511811931729,7437.012293028882
985.1264145003391,5482.252681823865
4213.306963086137,3429.762215277975
1811.7871200711877,8472.890881036004
10.068741950968185,2.1131573590726926
1318.3349777989395,9383.707010301958
5192.24531196197,7501.11546004357
725.4147941773847,3545.0768395825385
8348.992148754014,7574.44085034394
2338.838184215649,5012.120832426957
1917.6184392678208,6502.698082831757
615.6135530713458,8625.669768819338
367.0398121286711,2932.847553463496
9953.78555554679,1484.3406718401698
4277.231641273917,2915.2496863060983
5138.32000327903,8444.456183665563
8042.482847290086,7270.696232376204
7682.886835845118,3836.240584333895
5278.59669832419,9562.888856997186
7516.977041108466,2922.166368196825
643.7333239187182,6379.666080858215
2089.0571032513503,8880.38769174064
7093.042768802389,5647.674976326834
8328.75832356313,115.49779163287921
4697.636776092191,2717.383742012055
3414.2982820444377,6659.045616850426
8624.231376244472,3517.648367479995
9957.543097278678,7545.32281062219
1934.6830458977372,3468.0252188746795
1004.8121323883119,2518.4232343613453
1266.6448989959244,3217.260473914606
9982.234446959512,7214.26224690372
3747.3055340082783,1968.3572833129915
5687.295675130326,8421.21438579281
8452.61201768694,1827.0851323511795
8972.352081367206,6545.109420985199
558.6955487737289,8146.111937468786
3634.8024078435446,5756.476013385016
1816.2898120118732,9649.367815998678
2243.920007928688,2641.504128391178
6420.864336194753,8885.505349774394
6351.019133487756,6353.2675393489235
1266.4824345273962,9829.962292528613
4617.051915444997,5440.1162042604465
9240.724472191187,1698.9218997002242
1751.2041735981388,4873.043060970334
4817.051473379093,2858.614447835488
3409.1803890454685,3257.682330208734
2905.4643485575625,3793.740521743426
3417.625782248017,4456.209430209814
5161.123500785404,9669.603751540033
1692.3465476626054,1536.1218814739864
3723.21344310951,7752.190052290469
2288.8025731940807,2572.799194560522
8061.977194300949,6925.964632025284
1461.4245401846183,3569.7128900672483
8253.014812932644,2716.1699980280127
2113.046497840828,7021.608678030788
9517.307209600382,8892.385724673
6236.154156048637,4183.293028038634
5260.902835881468,6666.678494276297
1012.2817660055716,8519.010585714124
5202.105005232157,2822.6145701196006
9389.017099491895,6939.174328352422
9783.953717076121,3332.7337455096927
9522.91516071118,7207.918812817175
938.7769828979331,7396.660850457666
7980.449853863271,2618.5058817323725
1600.0604704858767,2437.756541818694
8858.987406210119,6986.076678268739
2765.078663485923,4072.3744642994066
7872.536776237298,629.7680562780683
8131.952048714035,7812.7925479609485
6885.9380684734015,4878.810600386319
4948.75155281022,6897.143215832591
8438.463439109279,2004.7233944613597
1310.0181746420903,434.121588939318
2787.847709028811,5482.010765342944
1108.1287107347637,579.0061468552044
7636.71756081854,8032.860174276044
2230.152029219561,7483.497659549239
8882.759516140262,7500.606069877408
7092.5925040839065,7966.02779665736
8358.68246235297,510.54311231976016
8174.144731412324,3325.7750261044894
9829.58421227114,6191.740095378865
4729.794249149258,6865.549549022006
2737.9679564298854,2651.5290064162255
6215.065803079327,8608.13479225442
8509.282812970909,348.18075098517863
485.3373986262533,6011.947693560594
9795.590635370176,589.2501739265055
4366.726148521919,262.9964035473997
16.59491752447062,6663.270773500023
2232.4038692688764,3257.279734704478
3885.896043038237,1257.1871051340388
7448.443968600171,9432.991644836779
9288.430333066966,6144.771454475537
7773.139214041851,4029.4966271103517
7731.26469621075,380.40450962757876
3997.508535335781,2721.1179543942876
9445.418557299996,7777.630606067365
2218.4421295590296,4935.870601426485
5073.567089388625,8151.74895616786
6775.27572927001,7535.7588223157145
3730.1180542158318,5696.055856186684
4481.278919271331,4564.201660577837
207.19524902169883,9490.213758691416
2423.902544522926,1816.3340976699803
4146.9894647233505,6336.09602319962
8774.181322332739,8644.790755281223
8233.99307170628,5121.615217558905
3403.148779019778,803.4706713470907
2635.177176436255,4359.1305627079555
4768.9869185333455,347.55570866534356
2263.891588823488,7053.728157676899
7719.301294124418,1311.8226818688815
4722.297557868006,4234.691585557563
7926.095124466324,4648.3684065322705
5081.118396625769,3801.477816716604
9599.396592263553,6957.599588556967
8393.57564762789,4170.229724377716
3454.2295018206914,8996.569356519014
5256.986310846608,5126.743969011281
715.3917194137149,163.42793879591034
7145.912484233123,7954.941333196781
9582.775364504923,8471.392648842997
842.1236958251799,231.9016049923972
5663.989055988924,9112.03181081608
2740.4090318623707,8807.144549307215
1315.1644846782783,3743.7075138830864
6491.340175146746,7573.0010622480495
5409.816844646401,7944.008466355787
4923.902369805637,7448.4030263107
2813.0496225247803,6209.353890057267
4423.134408586431,8220.535295181997
4361.784120841202,5348.1084085650145
6071.751095706653,6556.20518305443
5684.465275994394,5145.632733692195
7439.767630950926,2730.3730413052117
8152.048589051033,4563.440853508817
5118.073611254767,1246.6038464277995
8022.607069899749,6325.20523990462
2935.336435359497,7833.6128401456435
652.457601469868,1576.1957921245928
6798.79447811574,5169.648142470393
733.2086236573032,4511.614530047003
5579.734444775646,4925.2816609234005
1685.1834479523054,1824.6112180002337
5124.003672703704,4454.576480288004
9293.495481685224,8121.616747779723
2177.472287577914,1360.119370283306
628.5904021699951,3306.2380049792896
2317.8034509417957,1529.080147141403
5302.540276457506,5055.413252921651
1611.694041235865,3405.1001017204594
217.185779602177,408.35297866461895
2249.323198037847,1075.8278700337132
2557.831883927585,3259.2936065075373
9576.487979506815,1736.4011561388415
9879.062894573433,4634.789226453525
4444.248485545794,3889.271709903335
1677.6658939407696,6058.370437672801
6724.789478974919,4607.390688520832
4889.430557966598,3530.477719400894
9462.117444936392,571.4526213768345
301.75699191030134,6646.016588391117
637.4255017260244,7287.59065568362
4250.935145525841,776.412307299863
3155.2406848640135,380.8366072517777
4914.846161944532,9497.26443390969
578.418573681938,1977.854785184181
9610.437087001892,5526.682544603424
3972.9373400755353,8310.75702202533
9547.740085443602,4844.547730706678
629.4466323515746,4616.047696856994
6415.084014923017,9479.148740279476
5982.408264937034,9399.75977589911
4780.714228134686,8726.658913650394
2690.5323609955567,476.72142656193904
5078.370853984572,7401.4904829389025
9106.635502227695,9867.731310163468
4160.067522893056,7123.827994218896
3421.9360847106805,4266.493623370776
9874.276123664129,415.4525742578208
9396.317387531453,1223.793065829445
9404.190414699822,1426.2519516035466
5659.361850681981,8030.17266314467
1491.3881246535655,8357.718922183694
1365.0843089474386,430.01269143518317
291.6010117479828,8292.248237655618
6285.794208440564,3501.488000646389
6282.955721808796,284.8700054959463
6332.080464743704,2361.877356667339
6448.35859362866,2708.986667358152
187.7434568196623,5908.917986367915
391.7734206210555,8310.29577937495
1107.8205807376796,8891.459259168618
8559.093944242844,8845.229696619464
3064.948427491506,931.427409093557
1598.9262114283565,8837.766546105122
2188.092106514048,5889.9340051259205
8774.580598608494,1969.7588602216408
6233.768777110079,6998.268042130588
653.7260559357983,2304.980850201256
8157.568286924587,3890.1220587077155
6152.394180097024,9694.803157818862
7611.384720697578,1784.8605109592252
8672.338422390976,6760.186452807101
7395.724206579793,4015.96553455959
1604.254865405882,60.48647622037828
8415.634123551954,2923.4217429188725
4165.029780793524,4643.450399113241
2866.5624701576176,5875.812985814414
8299.786568609727,8503.336920968977
2326.5108481355232,1523.4954496242447
3024.707771895534,2099.37843466685
2499.8788007669646,2195.4700532635397
9637.344487571674,6666.872779406477
245.98385071802232,5614.434343631701
8960.279567163843,7925.485593794312
3658.8970790879803,3463.306035440452
2926.4073074389485,2522.11982901975
3838.2781178092764,3469.908353692306
6538.833778374771,6342.306798225365
6908.819405848646,2646.978241357807
5939.701917471954,884.0241774070312
2051.3307581834515,2914.070449703312
264.108903751733,7352.277325069587
2100.5791140045426,4182.793866368563
151.83316191379802,7124.413789408429
9811.49573304336,3639.598008717112
1138.7729390324319,8881.161171052561
176.85270195764048,9717.469002548576
9179.584922938433,7457.215631369281
2615.4814093286273,3452.762504574726
5575.775951580265,151.15441667291728
179.6997258370592,9199.359778864162
5373.2633085897105,2595.6027496318056
9078.358493872116,2899.9809747864692
1367.9475829497435,7891.626796744219
6413.290733647108,3166.355697777079
2547.133875583341,2035.1811793258967
6573.992347710216,5715.444147878311
6261.54768047287,655.6731334192334
3767.085504521548,1196.0586494824531
697.2316338552631,7036.629722062704
357.3730528393248,6365.264420469261
62.92928666584929,760.6894636772732
8818.03712975325,1308.225233456979
3361.857836369971,5741.63080071027
8900.05054954425,3787.439516065719
4267.445517081027,8770.63513718434
8968.294033288095,4824.768277344129
4501.492629560266,3997.362210178285
8249.394397935137,1260.9175533901496
1599.45077853326,770.6517431043192
8597.225514717953,4803.283090858616
6675.746776478298,6956.760951942692
1428.5698260004688,4323.078502677735
9263.840499731627,5192.490523271037
8185.071500929468,2256.6200854690956
9063.224605773752,1768.12111900144
6995.445207534422,2662.2285766463438
846.0887979483911,9142.535509094612
489.03252554225895,8373.371797499152
5623.0407586062565,4479.435644464365
7520.60517912502,5116.48731185077
2092.8380514908054,7559.983410527195
1981.282029912752,764.5949395194507
5455.759836612792,2354.9365094632667
262.91736930374674,6547.537010239879
6243.374720841568,3445.412105597725
4472.895401396505,8171.171320023311
8239.700162316894,6469.286818462158
8331.865405850907,4227.71611311695
9398.73025622954,1961.1603641887887
3924.3870721876783,2613.4256788726693
8713.292427410706,4772.455036980269
6843.553184996233,3572.0869016868282
3462.2347482646496,527.8653625752717
8585.157856940279,9573.661864945858
6434.428770310889,4089.590640024828
8211.823368814794,843.1482892125375
1970.2447498676036,9116.335643769946
9405.832253408602,3498.8268290126343
8333.640495319127,266.9195073548425
7184.674930302462,4262.290250699988
5489.185052954381,9378.7041547397
7304.953180107071,7593.640528664899
2296.9980094131206,7984.535728135267
8470.366412017527,9419.11411415875
2993.7504995764884,7251.858983798422
9510.158201879483,7788.571144118466
2723.9174543261315,4627.801157363753
9053.79536835177,8811.255041973107
907.1673791037172,5675.936539425987
9804.269289207537,4043.529558873952
327.6532611641558,1340.5457121881225
6639.49777302195,1496.5752424486966
8919.358911864814,5446.1599788465755
9785.314361554358,8939.026487674619
8205.851632681879,1975.3483733042942
6557.025960606414,3801.028183223553
1940.2207923424087,8236.734848617018
7373.410330696458,1954.7827106003779
7639.775597184271,8532.830325061459
9613.221023930759,7873.481837448968
3576.7271634050535,5210.677158616984
9887.349669320694,6295.0006658562515
1023.7412442794391,2731.452390908383
9029.700939410372,6336.303773606727
3083.0083080570357,8644.335177025532
5283.409133177514,5144.551654419662
6074.969505107945,1953.6871474296813
2429.103496424264,5485.849768610273
3975.678051468503,7035.699991863503
3305.3067280399696,6684.803881945662
6950.022202425472,2056.3825077731644
4712.339118961884,2551.915796553592
7862.437771613452,4335.971193156964
7328.258239129061,2055.5470464985715
7465.261980111263,8582.403699762366
9294.787701837553,8509.175499241877
9290.176357305747,1860.5282921199328
133.60062267305906,3893.5892881925347
1969.8341911903294,7879.208913497526
8299.079624728103,4435.026063389653
8461.023378171936,2320.7037148262334
9922.07653037403,2812.3851288763904
2066.4628952172893,7914.997329105257
7941.178041115292,9079.978682489413
4819.920719185995,5840.973424736464
9569.640744089973,7940.122614190826
7432.1545258356555,6610.25476563158
2894.9047880091707,6736.115024675243
545.1479749357868,5725.366558794939
5203.590166099446,3547.441240311201
7655.820468928292,9596.570359452591
8578.340378295996,6995.685253979705
9086.917202094624,4233.996153998651
4482.077027883806,1062.2253607436517
612.0348559843325,6155.046604009774
3484.7071965429077,6086.813122642783
2563.468589757613,6908.696332052456
4999.292034178723,9785.806688951425
879.9312657876768,8451.208300239457
1657.3869544128916,5778.591331996713
2089.7068884519763,5980.621993606752
5219.364698676517,876.1703271975397
4370.914525738049,513.3788415738727
8000.36950647321,1405.793223528561
549.7922823696799,5207.364491121852
1748.45952520849,1013.6761394159921
4510.069578292168,4609.261672915105
6580.272259423974,7225.065348459932
4858.852594777535,7180.280230494817
5253.975205999488,7359.180555823334
2668.472430904337,5434.968825625676
386.2673176774367,593.7715099664375
9236.2282379955,8939.756667364969
2807.2858588528647,8412.934153941475
6567.927566440466,2520.6443081295947
8141.240832687312,9628.072239182085
5140.427610018702,6458.101628005549
4116.646809664743,3928.291451718421
1831.810568585981,6181.357003385627
148.83820901427148,162.93337436603218
326.59739354485185,2087.2040633057663
3590.7071658709265,8334.634597700524
2848.5279069229928,3572.8607327900286
3050.586243171475,4243.314441460308
4579.044624135476,8610.009526826716
3433.3518123297267,3880.072661510253
520.7512703422201,3068.9223325356106
336.1622107349782,9773.487283935241
554.9405611374714,7635.336585603435
5412.275048346362,6036.457502919047
1513.7283299606463,3713.358148585787
1419.406049932479,260.3088270062548
264.66064321535754,8709.156363379228
8729.76962545587,7950.253989445562
727.2887916166171,8612.761662823477
2982.2542071334055,144.25062255169706
6269.266451464073,7857.997471937755
9398.411657237672,5950.666297357341
4214.628056757161,8441.026883013032
1921.7797483148659,9947.780269698185
6273.0692179467,2296.268998505069
3497.3374499515776,611.0044344051436
1830.4738887149151,4528.694755270729
4698.264099777943,1790.5012749802518
1588.2173865515913,2999.481842042551
3046.8997863033096,1013.4959028792912
8408.662481884563,112.31920635839555
1657.3655998982395,6093.690948813543
8468.290358039278,3999.7354946389364
557.8198434737824,8127.939143750617
8906.701366559275,7553.446914906926
2072.76834871012,6803.969291234346
2912.2097149185934,8203.942895860631
6112.709486042716,5958.276772268298
566.0538882395538,3582.1893991677057
1969.032282670512,6638.733079700198
3431.0730857899584,5692.517232037716
631.0329632481015,6994.203652105399
655.4122103102656,8280.543336616329
8190.931600347158,7544.846806553704
1789.212817710444,5610.932909045629
4977.885769630904,532.6743910486931
2782.6485529663737,4451.900480994448
8140.260043341125,217.45313667149935
1363.854598737383,5444.397854306323
4295.039850794051,5098.80271236772
2656.5675632222765,1699.8173090702362
8724.715515916812,9724.804408321179
3074.6419276159086,6772.014178902921
6620.320535631788,26.246927121068573
6177.28730125181,4865.1716064245
9760.904400620155,5033.503234784218
6478.288315260644,760.983997158976
4068.5229041742264,8021.550935141374
881.1558263728681,1795.879973079082
2892.8391496244144,9114.6965068043
1398.434592700445,3332.179168880337
5226.804452764783,2948.9293347398693
4261.439483151084,2273.5426674599703
2932.8580399783623,876.9554453496542
4443.627503756319,6570.185432334678
927.5484234899101,6427.22804630063
8463.249712079294,4739.405270316074
323.5083979497999,4901.427347659214
7773.684871326649,5668.515432287493
158.7004834492489,5981.491206556047
2563.3609582740614,7018.4319884731585
8154.640389497779,9301.56407275872
7054.76125334703,9425.156548364375
9930.187535517374,2059.916021621656
3016.7656132461675,2011.662107802894
6762.967388652088,5837.978570505421
68.80528008862296,5292.964989489654
9037.65952429361,4684.21078815914
8391.139456255607,6450.675149330118
5153.8523106817765,2796.9928409759605
9573.238082520082,3527.0708766106195
3187.7322783336426,2774.913690440851
9649.137341948706,6380.251805674063
3994.6125073709313,7813.062613418623
3275.7043591932797,4683.295149887441
1181.5784895161962,6240.458750740332
2482.406551820108,423.63003556334934
8572.318662473566,4454.693510981245
2741.896905121064,5349.621670370179
6060.482284370258,1685.3484276216545
7393.226913193689,4747.414660944213
4225.050256072594,4986.0117398725215
6498.830302119357,5522.991214980867
5364.248195300915,1981.1260930508502
4297.05144115244,3903.151624000948
2177.1497628019356,5298.8644051752735
9334.085269231166,1509.1464572425816
9780.50907191425,2631.371135441556
7237.4088330117465,6131.617033447074
2950.863769269365,6774.87627076261
9269.820887155658,1530.033942142367
6892.50765290475,8585.480108153717
6690.390855607992,989.320857718281
8972.6578524862,5616.206867867523
4238.097534319898,1018.2439443529978
5828.9839896790345,9968.009627500434
9194.50853672178,6209.904913864876
8020.106089003627,1770.9707099484117
9107.528965496254,8700.871482866063
3215.5671993156952,4997.022585759393
5424.13082486254,4184.890719953718
6895.627471277384,7094.591327754561
4736.255478582192,6231.400125700125
5577.371940771797,7891.003672355974
3171.483112591531,3367.780374996172
9580.089767780115,3553.4772640237743
7156.554618030837,9388.89033341916
3693.9897314614414,7793.941328909926
9400.967556510415,271.3279292552884
507.0650262615717,5554.920785158095
944.4760193305846,1956.5922055106023
4035.2576808585072,8214.45619655111
7428.593667974283,9135.601165954678
89.5793588759275,3728.412111795335
5506.321348772931,3637.2007504959124
9982.51727934665,8046.94975033167
1969.5221900063054,9684.188051876075
5923.247483901321,246.34915592129047
3726.63458685882,7145.315381862093
5907.432588603184,1187.6730518276124
7395.56495342545,2243.7131135929535
4025.501504915069,241.46959062885776
6456.1558239840415,9247.500770054468
4343.030744927018,555.7436536226945
6989.790972022149,6223.310015754202
9788.49542631866,7697.368806137185
3820.4314002777774,1272.095377329675
8706.06946731345,3562.997872752751
4872.042330022808,5533.6416872839345
690.1847998928868,3655.364482179214
5102.86095248444,8206.942007277832
6311.749662855609,3952.7020781800816
3145.3065244955824,3833.6079621004737
2841.399081920839,1300.0948003506273
8452.871998003024,4647.26250037263
15.866634185460748,6963.6274894692415
8188.857590608784,5317.3004830449745
3432.56292436552,3552.6347626119627
1504.71481653479,5719.437698868063
4901.321150252086,1273.1716290555682
3672.615345881508,891.5694744229186
4715.5195203882995,9500.502142090272
925.3908838960213,3763.5270069231365
9995.751938369676,7928.119852278685
3235.0034043944174,1145.328189777115
6030.421487229315,5244.202353481083
9551.618417001335,3518.0070300648836
4779.34320231641,2360.6911524887964
5736.800365197559,7949.221287698035
4569.266993195905,301.86715555561403
4820.603767115571,5653.588967375428
3354.9244291536984,8749.873360195857
4927.867270127789,1490.693048375822
8788.142345501314,5245.874641878635
5448.3333260944555,8614.501719074678
6976.689731912131,3898.113096937543
1944.9135457198352,807.0531373372037
7901.3071978091675,5185.4354907463885
3466.150634453603,3719.3676634701346
3665.4538187125772,4321.0933572535
193.29293721711883,5040.182892767066
77.38318891975737,9052.193160754976
6004.143075009638,3043.1133964072187
4671.022594996197,6756.191896277293
5157.385541762467,8163.134369189067
8769.047725990413,1180.3125704415618
6059.437552054773,8275.777594432591
889.3680402867965,5108.71315184958
8527.932442489953,8734.470847213159
8851.49924064365,2719.6716173244527
2901.145937917634,319.6704602026079
288.92381695240886,1880.9028287388462
6748.610342561765,7770.8221857125745
7815.599300540237,7595.683717090371
3553.0108574276196,1743.3710596877738
5372.413078498152,1161.654186103035
6079.244468970185,2337.501736317932
3677.5705600101583,6612.524118269095
5327.601009595977,9481.8196329983
8844.194060450076,9584.170468033248
9786.824498739199,6465.601436435952
1456.875850682886,3645.4678805461826
7803.910294031244,3201.869462711405
3205.7356024854753,7988.111119763826
6312.340671866098,3417.748823602954
4932.765316809623,3068.849989654712
9061.733082108212,1488.6796502037103
2528.7197293933896,2634.757824027235
9856.632157752416,1384.530864729978
7112.700276461592,8563.451617113722
803.4419726625131,5283.048164609272
4801.4910940972295,7743.938305877398
8522.539620692904,403.1753723017972
696.2334868635289,9689.298901430873
9373.659424379082,8433.397269601164
1791.9542191494043,6112.45120944822
5017.995603721413,6228.12436759212
8652.205007139146,7907.654766982521
1795.8610302044442,6340.071887729248
7350.182538929306,3070.8732140497164
2725.6230958909846,8582.16451672102
3966.076461070287,3533.8721868584066
7248.605729741785,5841.192618732377
8793.392451766027,1804.286160451508
2956.644900274938,6595.460501787213
4294.836514462642,7297.796359724439
5036.084866545582,4931.488437291099
9419.153159944632,4240.868305301473
1057.9671237405175,3307.3273897569243
298.9410852696317,4296.827563245155
5082.9552874381725,158.61903056399007
1934.4778253092632,2899.3127985289348
8729.696342746682,1015.6832398062044
7640.904607621312,9357.560106354626
7952.033167299563,7970.710868016248
3658.3304316393373,400.1817868193125
5021.268644821273,8590.742348112506
9698.673839737572,8463.004044228228
3118.102907063699,2655.650895713948
774.592179445659,2982.1988628962313
6879.30416146039,9952.83639667946
8501.137297493964,6893.050714640058
3513.873809316397,9490.246781445026
4826.202968537833,3707.825629578152
1817.469668850873,3946.7855981192133
8202.71409918799,6769.724570908939
7839.556593942909,1978.6712582306698
7768.640093567364,6752.357305996152
734.6114720107944,756.6511579708434
9579.93130102592,7695.197373913359
237.91585188421504,71.17667921915594
5373.105765507565,8993.269412219304
8784.961432548931,2314.646647065598
6889.9472455567075,8927.631181427256
8986.181712536076,6925.812316557028
1286.0677929082576,9497.154255126155
5824.79180412419,1541.6060618466288
6905.240769029256,2321.5858086507055
4434.969365752376,4384.224404758228
3123.6828805931204,5444.81743575136
4502.384262502066,5313.136880013382
3803.404328202795,759.2311142969498
8754.417574304867,6358.381762487262
9826.539726848076,7874.315038942308
3165.52322228571,3628.6379497930398
2500.297934092194,7296.45198685638
1635.8040725376288,4041.8521309118883
8564.096043541058,581.8599894925103
7666.550635147004,7624.699067809265
3826.5155785143766,7797.780980884602
9670.691868559647,5785.832178257082
9495.838633350244,3181.4133331993276
2515.7389737067306,4593.8704681208255
7722.625513274594,905.6477490111059
3629.9585764356448,8719.70075803247
7120.350125258683,5064.469407141065
1590.1020702689095,6589.442700081188
5683.004612834454,9051.867633996215
3255.5379107699114,603.9163481669274
4060.4933990591708,1529.9189521687595
9457.335571925616,9010.379873217587
4534.308340668483,1045.4564538869759
3012.595162857721,3681.192791832568
6304.167245864596,8082.361417503985
4277.134057888829,1862.5613060271507
709.8305872522715,9508.35341738288
7381.132025940238,8391.351059871085
4360.261007962282,9177.911642239316
1830.8172565404345,7149.331404160558
2710.581679322721,6706.000451883219
5790.725578743337,4452.194338146029
3083.908724436304,3764.538434124813
1361.693003908827,4225.74815322676
8591.312346558405,3959.330199231943
2552.687368972588,2407.345822774558
6618.988614683544,7484.098674214645
827.4759108000562,7158.220507305696
7631.099758013747,7825.037645391992
1028.9398328123546,575.6275455678816
8090.99633972684,2883.654060820676
745.9572903164313,7031.829882778021
5910.064930006182,533.9066074557363
332.081515153867,623.9827424711009
2528.9138065802576,2349.865117588529
8720.29524492657,2814.784876032483
4624.630884401867,2123.72460619743
7911.3345959420785,853.8601867973982
2100.17079657101,8919.748104194567
9555.584548584697,5516.536102228283
5212.277408671978,1917.0169657211623
571.5716645189517,4552.416319405377
7558.334353154741,3725.1006511334126
373.760617422445,5314.036533864135
877.7157078926278,5325.916264762735
2648.645568570035,3462.691060387918
2283.9065587478067,2584.9618260936845
7285.463460333601,3879.457559047198
8845.671537840219,5618.4845064356
590.957616857506,251.57499585782728
5849.681981049174,1781.6261962685421
203.55158374774973,8794.84380129161
662.3665101421094,1731.7747333470923
7348.981584442455,7237.693539351223
2262.8943821424673,672.2344073347797
1492.1266626197194,1223.8407457790224
5873.269353667131,3631.249141109071
9168.311779843578,2090.7911841257774
7939.258592636037,8529.058435180816
2932.1071607168124,5685.011418053855
2334.1344018022414,8601.726524011061
3704.9531938102455,1710.376151858961
4111.722115426197,6775.481924752751
9014.616670620262,3994.053787749553
4088.268588672086,8616.442512227333
909.34619459065,2381.5674839667277
7490.389195216783,6171.9703512197975
6447.997554543934,4051.9760322255092
7594.208462630851,1686.3928136192253
9196.812036748106,3433.273376563578
209.47099089013267,8382.152923996877
1671.645871745885,8899.363358774015
5781.59508836525,8327.092045635833
6874.799351129118,5177.179352625391
7043.445187535152,4840.674417534412
3775.4710173295693,1172.851949535405
9484.49898447975,7765.3632366707525
1852.6989219337731,4602.280003211331
6136.900690243468,7093.293850139113
7110.25525364354,5332.695709476811
6230.85545239626,893.7248599363745
4596.172315170988,7787.142920278317
8495.640518357332,3605.0516026150526
443.5582111610048,7047.022085187088
1061.9410232569448,5353.412762346057
2698.091658610008,516.3878306195479
6812.877901781063,5172.997009088831
9216.6318327584,5205.445749536324
9824.643609898532,3508.0969907506756
9658.47295634029,4743.999684864766
5209.647846481909,7067.334398497478
2103.7727833780173,9354.876731733471
460.9190041498512,5645.461334513044
8532.652113558026,5584.662133300812
2204.0789999710087,1189.5442718616712
8715.958261954907,6625.991134358842
4237.179366468342,4912.179331980333
603.3944660112501,8894.079049997132
9233.096458225637,4162.377379397776
6571.476224215018,2493.312105685589
7049.9824730616365,9040.35942396794
288.3093622528654,724.0327854788942
8200.412982670812,7084.446856363792
8011.890044668169,9305.989218796838
5465.840615171173,2369.657393917167
5917.049841568136,9684.5924894922
9438.167271998898,9125.010467108148
2501.346530753761,7438.108824796601
9273.004329718382,7135.52616527789
1176.4005793902766,4120.81211606958
2620.737002126189,2613.719536435929
6760.255041540193,4421.199192221431
5948.910661787134,2689.234848981469
4979.454565602793,7078.914670509747
8803.395712731384,9974.343798584607
9159.275308339767,557.6044742170317
5289.869535363983,5116.715878782187
4278.427092191598,4994.099672691207
4297.644586154337,3461.6568599248076
7396.989152319432,4304.217021218537
506.87005035549237,9484.3469705814
7517.8427748710055,1181.697259100345
6603.467169843744,2824.157161254619
3517.0916323328815,4070.776308226701
4119.117432872365,8870.535387323069
1946.3291524736615,9150.623864772511
841.7783807436952,6012.009687380957
6705.457359868846,2719.4434561046564
2251.6957363836887,3700.9850068519877
2353.2391798767217,3082.194063899858
3562.8641370749624,9439.117445683958
9009.831020848387,6117.293998283423
749.0476740709017,4215.163608514936
8789.553472303402,9755.962837988167
3428.2380829629387,6805.961472206052
4605.249774272301,8319.601396662802
9932.393801213328,2149.7675242902724
9483.22214892748,3522.8785791092455
3974.6078432833833,1862.940306013582
679.5490362241186,7171.559951338294
2439.4932286517037,6219.452563416329
3637.7184646756864,8980.608905665373
4173.312255787786,8945.846579690382
5703.103023230367,3418.2434649145953
9004.605365562196,8823.786447539342
3167.1763266775433,5893.635285373029
5871.11195714072,6902.718692769006
7823.703906632852,4369.648196936503
4831.878794941582,6184.639132940218
2386.286599435853,6237.404961353093
9390.073575528644,90.15719360650043
7916.1870197826265,2071.0021717580294
3124.1898730416497,9815.071930108565
1530.5543559262646,5643.006705188117
58.12497741951472,1771.7397786824229
8946.631319442877,9524.631844289801
8654.430405846331,9796.9986777955
9810.792329032154,6492.154986841448
9909.12476939907,5239.7906785649075
2496.152366630191,9943.846437946868
6060.444008867925,2878.912243025914
2731.4726917242683,6946.846650573395
1605.1907709556435,9062.98595710155
1131.3554400870962,6196.327547169502
133.9143181699165,4889.137673081598
797.4256739714325,2993.4647580941755
8596.275030857296,2734.929015741122
1948.1535438989406,1496.9496834564488
9469.373650315387,6823.334505512793
6110.677412542467,3772.567870180503
7253.742992664559,2795.571737510404
7861.978263441723,3305.816370252723
8899.248302003034,9508.049931618301
1090.7048461935508,7174.928465556456
6015.455705179766,8284.511874933047
1072.1155786048953,544.6001027242542
8217.634621676574,2443.3287795677816
9761.341579490077,6149.48020948711
2873.318468898219,9851.773334718451
7874.614224567731,9458.495400268148
8729.718170354905,3581.067999972488
8136.13606315798,396.670898258743
5311.625872113726,7393.788699965654
7880.4164800809185,6889.47991825008
9521.282256793553,5904.350513723294
9800.326318627276,9758.429656586302
5009.502676738285,5047.124538237543
9886.558891308769,6580.990823795889
8632.164132188842,8505.512058726812
3536.0510586086034,5095.1158891062605
9010.077713829885,8053.9362317660125
9213.03893858085,1976.7037679654109
8725.63171568203,3914.2295926304428
4577.301306569568,9727.703193064806
4370.493418837466,9347.56309863139
3945.2025506277455,7858.811812012114
9915.252846232312,5106.838481689227
5988.310785624986,1211.456729724467
1941.5253678113088,1604.3229672563618
6516.933013618411,455.0877447277968
658.4481937554742,3451.308448166037
9565.545979636427,9002.985309010674
3379.471413949413,3726.0050614090046
8.241472770800229,9066.199199121374
4950.63105802533,2527.5941509114364
3907.841464514189,9249.029006274886
2736.7825652136667,3150.0831265687325
1645.7077536381803,1373.2149005558624
8889.284042918505,6403.797089649187
3203.6552280677033,7307.181601373411
5338.772797239882,9830.850109097137
5496.719840167008,7875.275993184604
9250.447440173708,6482.17758936583
8897.358558146758,8213.57461998292
832.5427986278921,5003.843544429221
7562.25566276633,3810.003814297641
859.8241449210875,2996.554265259217
9361.630767840186,7464.127250925288
8087.610673112058,51.12403368549012
4388.983517965804,2148.5143682617204
3414.765130947066,4960.7426511008425
8201.769588473097,1057.3115418426037
8151.130792358331,3657.923940056488
2818.382773038657,9685.561032296746
3276.8655470426065,330.78775712328866
1459.572700145899,7233.080645301669
1111.6648775759618,7473.109757518922
5196.0689935224,4685.411627365958
8362.272983387997,3494.3571095032976
2505.2792712463624,1097.9782342420008
4660.22268247039,9550.964750503774
9861.00167956833,599.9442668982568
4069.639731593605,5931.794174758171
7929.025809752082,3517.453574955296
9914.098155405509,5615.56722769924
6264.124599806659,3891.292471350678
6105.009192619359,8872.086416298094
5814.789723612188,2756.653859632041
7802.065949182783,3218.9101268450536
7977.2594151359835,4397.853806978703
478.7264199537422,976.3965517171857
2806.9020059698114,5790.114047938087
7021.548628765288,437.4404433619616
6139.347917178561,4794.142153459426
9343.241680826059,4758.178756864037
3875.018426622093,728.7448078095482
969.6799907129649,5513.014990864453
1559.570635708214,9242.620655639494
2427.2021959987833,3452.4034332002975
3590.2073339668063,7094.819465291802
6866.168843351147,189.44562275105991
1318.0887298354382,9084.759520595908
5690.032924336526,2095.9156825878554
5466.093285852515,6657.634332973612
938.5108488442473,4408.482104026227
620.692898735552,6666.263639481863
1247.2640230477905,674.9064299142537
3426.3849020031444,3004.835993849705
5212.145791140343,3831.882222123492
8615.257504539668,560.5948174479291
6004.645179294242,2055.993037567191
5218.606571625859,1315.3303547398466
8367.766868884844,6553.632580827993
3422.261240329223,8225.97471030385
6666.6178591966245,8651.324628221166
2366.60008651999,6252.453039681142
2344.4471540818513,5553.874985184593
1490.978763912091,1582.455301622675
758.4265115000466,1251.8597525439125
1427.817857517133,1266.5007282127583
9029.998091081548,2265.5444683881287
1394.835434171272,2457.8029064971483
2520.532911017157,1001.9583471163551
7660.145146752395,3287.0430174808653
6488.250463696489,2125.7623830073567
891.6051061756469,8.704702255998287
7390.730962995557,44.25678247257703
5563.668809278422,3771.2208124386825
1345.653746861386,7960.094906163167
5309.736048447884,6789.80123104922
4961.429125625374,7935.437982808471
3836.5838191982593,9799.274476128283
5294.080123995261,3178.436624693802
1167.4849055565517,9178.636172272401
3703.51590352057,1099.90267540496
3391.2711886039247,7469.356779288132
1792.3758443724503,7529.33557657989
2131.188128469885,9313.590799792517
3243.668114219237,3848.308151130789
2377.731201451484,3593.346986258995
2188.717188568626,5333.4610866853145
7166.5313949700385,5829.653054065276
3378.9503123590403,3018.7585099119806
1983.9918170507287,8590.021434662962
9040.762188758657,2429.648980493113
5676.31514414851,8005.615106496677
5446.964337521874,1189.4040670703744
7866.15790251533,6460.82096932638
906.5671748737303,5737.313477708671
5302.31295122136,9199.343543643121
896.5257900607282,748.5556195903631
4848.751238952138,1471.582328037213
241.63693793061825,845.5396384267522
2806.8009291066332,6492.16679435353
4233.073733910885,9584.680203074044
5082.630717878661,4390.5803414746015
4164.381194035466,8178.507434874186
3107.935140565328,732.4910647839233
2623.806126348409,5543.771930645719
1464.3635346858696,2179.287585280136
4401.5324518056395,3059.863136853671
3718.274944909431,8647.20120725475
6059.793061397137,412.8830241900239
3842.209868943518,4406.426540946385
3858.2241518852557,5043.602017864441
3603.2040053750493,2814.8617480878033
9321.712010194668,2441.534615336358
9027.575555616428,6457.726411731453
9576.759544603337,3496.2523347044007
5020.823935274933,6689.076012402727
5140.888590452912,2660.806278716684
4019.5756230758816,9490.269409073562
4770.093444548896,2902.4574763238775
8890.410957077673,7345.197598033715
3473.886367953671,4085.669235876613
9339.85659807762,8863.212530084604
1212.9328317152433,9270.218186541599
6202.340542470179,8589.543281007846
1067.533479416637,2446.516139622674
6582.060044956941,9484.898984606161
1744.9877010409243,4387.042071514403
9990.978559197893,2779.2629156673866
2868.880071647816,293.23893589489836
9832.430469557557,5649.675308676821
5031.877167553316,6786.021495242173
8058.213159714896,3328.695015735874
2918.0980071353156,6570.339476039168
1752.9341674784637,5035.837008951471
3950.36780384161,6110.333102691999
4742.646509288107,5864.4426319526565
170.0309325433913,6810.724416616107
1333.8402760237877,9076.661625788824
73.83094847365102,4657.618467259504
9978.05251542657,9835.247748472993
1729.0724354610586,882.4769860966896
1978.9975312540541,9545.35510371716
8844.608351646395,9404.806546858976
5854.386660784263,8499.82121092741
708.8639059297275,9732.593592460891
867.9127731603564,203.65466839783574
8873.285598939545,776.5800440978188
3548.0138256474293,9951.116830813135
4121.954502382697,7482.093367413351
251.48282112098187,5190.4088973078215
1466.5333285247207,9359.566297886868
5850.420537289848,8134.068722373704
722.4655330495789,6218.518493422877
1911.252732491836,6336.539449291947
457.3398873721779,403.02656467864017
6170.322264044301,5262.914626177764
1981.642242152738,9276.74545696327
7099.856241536447,3449.973593116001
6735.30148711924,5037.429839306854
3551.1502616979174,203.8321606423965
316.46872839918626,448.3742567795801
7149.424966170378,6483.624488697584
5577.92662837083,1942.0618047530324
7326.85941166407,4478.419374432439
7836.952848430867,8344.293731093043
3971.1373055763033,177.1303629853349
9268.23783974158,9799.29416242019
2948.0646743259144,6862.064211051276
3912.9836507968053,7328.790671108407
3213.219759330881,889.0693674626349
1138.7941659987987,6392.8642897419595
3441.420239881032,9282.609310185384
4237.288324269985,5770.155752926771
9610.919997364987,2746.462014554251
7031.440833049217,2560.5232002548573
2253.033480151669,1467.3345046658692
433.9474720116199,2388.711299546772
445.05512522575395,2657.9168078690986
1179.4754555854659,1897.081174335291
1201.7377680134966,2466.805907733074
5224.880189158034,9152.434798558912
4277.241992899701,6299.05363721885
8277.401049771812,9.462913106771387
6918.9533055802,5781.244296619227
9873.850018347432,5025.133627591098
6343.371821123821,892.0825501388318
5509.162891907543,7391.672572378204
5834.482909996088,4216.907913353508
8034.569418386524,3478.725347331031
675.795651846881,4704.64715419792
8879.85487726455,8220.5693850494
527.4857748177053,5106.927854231072
4795.365367904904,7963.550216346681
9813.8604898619,9982.552889151842
9949.102706268422,2312.338218815291
6496.165808893991,8565.290383267182
9802.038699951114,8127.294756601906
3249.324648026283,7300.968219240577
723.1904330479355,5918.072579768391
3896.968531859173,4735.710172565873
6823.35162884136,3530.4069331545043
7659.849763498312,9152.719151717516
6456.110039946293,815.4780600128475
1920.3558460037373,9795.951410790432
1841.423574769888,1080.7349383497533
4099.691440956002,8711.371089593098
3761.2415314770465,9930.69630738029
6862.481989621915,3252.4447641604324
2410.638523509859,6544.116780461415
2908.7607100937307,8870.611695103731
630.0302729493923,2073.515785001329
2534.7108755944128,6104.656526589921
6003.16751893818,2983.581115861137
4951.552761456746,8343.89592891465
5403.905888793506,8640.69183300658
1518.6204841919448,9804.726924318515
3420.7644175049277,6846.489655866871
9764.912095594906,1725.3895326920442
2202.985498298835,3538.6559722226507
5049.013343966915,3877.1606034403826
525.3889343100604,572.74807171802
1802.9745276512365,8626.161907957665
613.8626918440426,1166.6899832242295
2867.8643326316956,2498.8054892500522
7256.377398976745,1915.8659451186277
3015.6472166814883,3646.2621231099133
2491.4094894679506,4357.608362191208
4974.848326401282,5284.587343660311
742.1999978574212,6364.859656441182
7458.794229587349,2274.6107367034606
1583.955713748063,5563.485966680185
592.9045681046607,1085.4542196891591
9680.68264037192,8217.069016662621
5713.109873974833,2774.7918509955416
4167.7978522466565,6207.936646570955
3650.3430403703605,4041.758806446659
3341.1226490819067,2136.0224146565843
7022.79085941554,2444.4647445217515
4593.6749362862065,6587.646477304774
9335.2272385173,9695.324212390798
3681.2396687289884,231.02524242189725
1351.1276796361326,4203.591571990319
1261.329837272629,2832.818872180104
5987.800640315591,1323.4780301520543
9765.850297173865,5760.8082333880975
9965.321767325317,1021.5842519860018
5623.900116633479,5475.779526003563
3408.648803860972,8808.240725217496
2861.628284040314,8463.733452714056
6373.354231915809,5476.3170348993435
1734.667348542681,7850.729112386025
1533.891153775201,5333.927500442205
9293.138200584053,230.89438579655842
4197.6374210027225,3038.698133076908
9839.936889216637,5430.236389510163
6206.014313940763,6046.1617592422745
8856.850220347933,4735.900100199701
8464.681026218503,4220.760875682608
2124.0828684706726,8162.629262151528
8746.828848857302,1197.4041957599725
4382.058660509465,5187.021916308976
1102.4185007855403,6839.54585262039
6612.249411599808,2443.694369450753
9541.670567736724,5970.994098514609
2057.565132908473,1031.5193271851076
816.1534944686655,7644.3401744571875
6294.98005087448,4892.493132663174
141.31021499254382,6873.172221705152
4014.2131821912253,6645.448744915962
7825.848542442429,3781.73252267727
2819.9701592399006,3852.2027745395917
336.37145715540106,2804.4467754943194
3258.889137812702,9267.094624529409
5742.170567941628,4428.14685287721
6025.577393340592,3532.7243488636095
2132.7381612964637,875.7903217052287
8665.02666615369,3499.8382036894336
9177.219052336262,1845.8822129236041
1142.3548050889888,8702.410859501024
4579.216686925316,6949.938111820815
2355.620586716626,8118.925556181536
7497.302712106484,3772.9399131442674
2944.187190592633,2665.58084597573
4650.3786463916795,7642.085431983968
863.5133778865834,7047.795551542458
888.8325618567949,8986.314211058021
959.9276349771013,7529.931566364975
7858.769329070134,3495.205729487213
3563.4149395576333,3719.7172565619876
9919.143797529914,1202.3785469970617
4258.794079364431,3099.9820262091084
7089.150968840453,4546.19991180446
5702.3823322691505,6177.878176876175
8.281525129071321,4542.306346850544
3424.1677340003807,9229.63819856343
5583.434538711287,2566.0233715739955
1655.126956804459,251.6286215123187
8497.649306263464,6694.26017162092
3882.8230352472815,2192.852966874318
7904.530878262952,9870.72215905291
7171.86691202541,2219.5601608247107
7314.324409708566,4763.477693172129
9414.665627418448,1197.644551942465
1725.5771593550019,7516.662840081105
9177.00044813103,908.0343919098588
4704.632261399721,380.32658406024655
9677.54757147349,4629.663967293186
4297.325298216693,3387.439124244369
8794.00254628067,4304.414687441333
1953.2943825857774,8255.373277277875
1992.843005815287,9102.35565495288
4689.18278116817,7131.412274882962
3607.266439900748,421.8575989782636
4192.758876081718,3527.072148214139
3183.414805523992,5611.595851587819
5035.488107311307,5077.136193058811
8513.17837009315,7949.9646531500475
1299.3295757498424,5008.9819807879085
691.3783297954956,2405.4336514021456
2673.3806125022575,8728.604431221152
9718.008359849639,5723.4454063979265
7892.723204510777,3916.394424388959
1814.7359602113577,5137.716651503693
3713.4292540141846,4478.591290220265
6695.766494118591,2274.645371401104
9967.411945172968,1281.7713312349942
9005.51088745104,9011.438773561982
9023.654373469708,2189.8025957828295
4186.636365618884,6982.4550354441135
4247.3610406418275,1747.4739759043368
3258.214699293731,444.17180253917275
8370.64496785748,7643.843897086204
4667.050158783227,3868.0631682103017
2543.9057243373763,6064.945259345744
9925.409837268557,9445.594451200268
9183.635191056967,3119.8528312387853
7472.684350370608,8931.465755800784
9601.827939863248,597.3784191866694
6140.691039675855,1855.8052702837913
5083.669969878731,3792.4844878311324
440.56980645951205,9641.449331943886
2234.7584699549748,7952.04864800004
2212.1810031125965,3184.7078833066635
4423.01114692141,5038.100457772319
4484.702173783908,505.5262904470192
5909.998450066339,8309.552464857652
9602.968991648511,9541.8492440297
8354.006524442942,2837.5177592640734
5060.821266581387,8448.891739588966
9522.698720799175,7394.745381959935
1408.297930762199,351.00974393679206
8546.132394496186,2251.745065383475
2461.16242816497,616.0731718018475
9407.584610741393,6481.120108259854
5655.217795975441,7656.815023900936
4584.951334742058,994.8448111375774
1021.7029900138086,7237.534288068529
3525.7860798303086,2430.4463351947793
5984.665875630561,1309.3324442942578
8752.634930402402,8017.566394776089
3256.27928920054,2961.936126096315
6046.996360554666,632.5764672182321
7940.576329853695,4459.857124418897
1582.6383754066608,1075.9911514645848
6759.987771471131,2957.8361996150315
3110.8409735264086,9387.691827591914
89.82252290050008,4612.443618010688
4377.576622003753,29.002243502129765
1197.706660606832,9945.244568880473
8608.448447101624,9629.104952954633
653.130452832048,3469.8666457044046
4180.617719722794,8934.7671812136
8126.645054813194,7290.6042301825655
7193.481995839203,8120.913290565413
7144.8986623857745,2751.941234952937
659.6114019826938,1426.765909151334
6443.737190928263,5492.303304854473
5622.5135321441685,1100.168870614845
2765.2672191285556,151.08734361628962
2640.956187436133,9792.216810717298
388.363103806455,6704.296908092231
5376.342454265121,6315.04391294446
7160.034157017272,7916.688800260448
9563.425205311149,8994.053527702417
7484.794405699788,9494.504508319764
5281.444336085095,2517.7085385690834
7781.890337255075,2477.8019161247234
4642.603474495452,7535.706970040344
3819.53034625922,5571.444282109292
120.77659865220136,6723.683653400501
6468.366624380753,5693.17390517687
6562.539650269134,2992.6311348439394
9929.721083556724,1931.2338309333688
8611.616931801405,5757.610573159799
3497.2837007450476,993.9133343707663
3994.507122292975,1560.5642845837597
2201.0278286726125,7684.156258410571
8422.046291209232,6316.192575982214
4591.9699386605025,6556.989542796768
3586.387491179819,8788.383110093491
3975.492509646682,6925.590679742323
4784.7276143366535,311.19070875176067
3770.813561345938,9900.15161590691
696.9539569382499,3617.0914486953866
2948.9946122121014,9666.498845869553
4123.083345064539,9895.732064787275
4878.75956284223,119.23539846000142
9680.184409305124,9019.207430004717
1094.4062224682293,1386.2616648597125
4882.461191266499,8688.232801713173
4465.461451508367,4748.3960130144305
1490.9866014605254,427.92593358168654
8624.653631071942,9144.27065998842
6781.138634332008,6015.483858992142
2412.3081496270006,3785.78382237041
4379.286641241694,8026.742607652324
2565.979387726065,832.9796024451574
1330.915338656491,8768.623162890266
8402.019901701648,5952.395779533877
6223.986838947555,6353.810323396274
5597.1805551997995,6922.2888184650255
6459.20395774467,7875.356598463739
1506.29639477317,6504.507593737316
4792.361341531079,7430.618816798113
4344.830767958856,1617.5501329392227
5677.317053213047,4164.921766521491
7748.1295807824645,5853.142251303024
3438.602196523761,8193.573497486883
9229.78131041802,8018.104997468487
77.90334376892693,2572.8760202795343
4279.75900449345,8474.643231240763
3198.76503651217,5441.091277480729
8065.153813357081,7340.901112000182
8207.011390994347,6379.239881616102
2297.97234337337,8934.980118649206
7299.665966370824,2131.511023853151
3038.0458944446955,7170.679957365012
2703.5749737074466,9576.20057029417
3294.278724129881,2506.93530927374
8556.521982655007,1131.1941669356318
9880.110883006688,5404.455697703069
8301.564301642022,4801.348693445384
4205.788878282638,4478.5863742178
9686.808279730047,9940.351674462887
2914.187723975774,900.4816675006911
4740.438613138529,5838.4999149610285
6244.393757129785,4543.800735829255
5384.217635032012,2448.238007184598
5139.275260445732,5985.256367591061
5645.237828187348,7348.236419745338
1065.8965718267689,3732.3858723486724
8063.421767938218,9994.31164115685
7678.065814792971,7827.122970819584
3250.259477462546,9774.577309410924
9300.39402429022,9202.04108907096
7267.322404923424,6643.931332624129
2164.5180752923243,2382.2919369386987
6195.7641190226705,9222.615822269263
9905.36138264297,538.1261499424206
9318.098927225286,9319.299206173251
5880.48398823652,2305.535262840951
6117.391078716207,9530.486215295963
1762.6909715304307,144.8508991560493
9385.724475936566,8665.617638572716
7095.840400069643,3735.3306003322305
114.36015649062492,6483.07510296708
741.2679675801859,8944.368411658916
4388.884138088561,890.964457065504
9259.998434217052,9802.965655531438
8064.495674398874,1565.6594613445761
1597.7439068198073,7248.193375270304
973.5071335956069,1199.173877194577
2964.440398585775,210.60897317828898
9210.435663312388,183.61899298008578
4956.377350011818,7432.523223918167
4243.923262778464,2518.4994724559997
8323.922892948216,7354.712039813056
7644.16125685581,2459.7877934488033
5551.040899668364,7787.276769718413
9838.277420142827,6296.329392082613
9353.937586368973,4045.02770280008
8041.217902315464,1663.2130539155987
9238.994298226402,3476.271454027756
417.7151760853637,211.57577350474745
4537.742649690342,4085.0982272283622
6192.863598989931,3448.9589551339027
7603.078441981928,811.9685035598145
4753.470352705323,5692.653370547318
4923.9513277683,2133.9488806274167
9719.106916573546,785.2047604441948
7039.990367149495,6345.7434122290615
4085.1555073561985,3772.538495440918
7771.094698103314,4771.060894355595
3580.0275282742987,6330.670013181473
782.8860182712483,9970.302042233217
4289.427767722267,8505.709548865081
8172.572276746922,3093.202102730895
168.0938534592924,7400.784892490019
6203.189562043336,122.70132429030411
7431.28852912427,9348.27618179656
336.1627751242058,2265.8537292741544
6440.343773664249,7789.710044549138
901.4834085070411,3221.5515900081914
9638.77931389837,4818.2315075391225
8787.118293713293,6917.391818485697
7136.769683466,8678.128811579934
7381.969819779523,1441.49038549764
2809.93160587661,5419.097466819496
4316.382706748573,9863.051903599084
2875.853321635691,1117.7671371651797
4796.06610970912,2383.4295617571356
6637.1160427712,7663.366932349834
1151.755674920133,4634.696643642114
6395.971962795599,2279.3119567309595
8437.542817160383,1129.9498620886195
7280.424521845551,4860.002068355822
5552.754597153747,1857.9743603331012
5298.436554269653,1134.1688356657153
4439.031024249562,3953.1972779432813
8150.957568407402,7381.57707443618
9697.76107473242,2780.6369423847354
4044.5653988395657,1721.4381740031781
7153.275725314144,4807.477075697886
2308.762042417487,9679.653482499056
5184.9924770539765,3482.399728106329
9074.388452759902,1800.1373295259293
3718.8277793899993,3701.8028532110734
8484.264335261047,4870.089229668809
2434.4983287527166,3619.6808379042877
6205.252865196343,7217.948157118499
9473.04577931389,4008.2890399828184
3407.513168851214,5288.024047338609
3176.5012849409823,8216.957250646103
1068.4613997356296,785.7520771080906
5336.054969633548,8289.011639123073
8926.218046900076,7529.554826050692
1861.1284035276055,284.24685578690935
5175.306248565589,8013.025629031859
4862.13075114745,446.8699175822288
8000.735196576548,5678.89126501365
8051.411643004107,8643.982351775641
298.8498718477872,9943.800244663336
2632.1188603718006,380.2818584564105
1600.2017939490986,2553.8181985665897
334.13587555434555,8960.683361247311
8876.092610623986,3070.6232671044563
1816.246561070608,1103.0460524845332
7667.940272344979,176.64757537711128
900.8224754531813,8198.815774868357
1112.5455357656833,2718.036220267469
2321.422547361138,6600.932772888557
2354.649757014706,5004.07375194189
7730.554514128484,4434.290878260837
3839.979796127135,3145.5371868031857
7029.423345326199,837.908368131861
5889.404143232533,6370.752717542758
5720.316171737199,5380.19609759664
4638.354822407717,5551.903150986426
3819.3739344688447,3803.0865644584364
449.2143323162134,1960.1552355544482
4577.890994622898,365.7635691557359
2010.470989357962,8280.303860743896
8307.254359514607,5573.732479714216
4104.911272801331,8807.554814026525
6535.530529428878,1883.1685792662934
8253.86970623013,9989.306944453258
5869.604165589737,3892.063158900406
5173.258368319942,8807.771125934229
2228.282938471222,8317.37538798825
4650.577370349073,4624.212841192243
896.4983793609704,9710.058019127939
2535.3404057388384,7006.643073377963
2887.810824385866,6245.8245999528235
6739.6009083553145,8913.60882181322
4804.044875370096,8728.283595203808
4450.124250814522,269.76520454283116
1173.1095635553413,6605.078475976224
5324.061757508944,2934.1758227546657
6954.66246551513,5278.370661732786
7625.149002278403,4962.072536611843
6846.458673360063,5847.63950736014
8506.914484465713,5853.379725024275
4514.464112659307,2343.6760118037523
1511.4428661293323,9557.110433472917
3643.509637912138,5244.321219492411
507.1689998840034,1785.2755024313915
9010.904982359916,3940.0542263544858
1403.2458377312996,8087.957193987093
9982.895540347441,2783.5599128240706
4030.1783829578044,2593.4995840016804
9927.565972051594,7228.58491422175
5714.571941056579,1652.2704569583645
2143.348789972621,3791.388003091631
899.3333802692283,8442.569526146468
1241.4901378189813,3437.7816263655036
3476.6057649438508,3629.0989253443017
1781.890491427126,5457.611853771645
3629.4388988670858,9132.386072037505
9346.190473520845,9542.753929272276
9700.549895377562,3294.5126690633565
9766.313486757872,6410.762041279024
8952.461939332996,4309.417688794779
8607.400113994016,9887.98174959834
8928.077416518332,4822.356146026139
5463.631918712104,6585.619793819041
1590.2610577685705,740.5121225837241
9193.49706614906,11.777570764575085
1446.3191865300007,2964.633422260936
8663.53481568167,6140.797690665068
2556.309174229686,2181.506514180016
5777.698484051666,9250.87796703302
3075.589503503413,1032.416860868044
9145.177845945125,7401.955799436516
3029.917584888657,2200.4745991731247
6120.788426970281,2249.721474335733
1385.7667732233058,4826.46276035237
8879.604221915499,1555.852688739413
8931.18717307693,4684.941546313071
865.1986544246715,5210.75771352232
7991.3638582062085,8706.70204459714
760.9310415950788,6025.952400051956
2098.5390241258183,4799.556067969188
324.9346972849132,6063.651660994272
8944.178762830412,9907.423945495424
2519.539266462435,3071.0806483530896
8454.962819904662,1897.4049217583877
4669.027823390942,6717.9789365307615
1932.971989972625,6902.909007183123
8952.1951816279,7803.133759115894
384.85623990158535,7256.310968507991
7147.131752520315,3351.391905650415
3860.188229837974,3127.175456290453
4760.310855780404,414.5114801134331
2160.7511285145797,6229.417671258397
3652.962898474885,3042.3612120712974
5755.161884832377,6846.3762082005205
9579.822282016548,8849.080255714909
1550.9324375698698,5731.068277614292
3772.1888878462705,7646.215842547363
2872.0087551224838,2156.9798117369087
6184.617664786987,3200.524384771187
6536.657565963307,9724.360920720608
808.7135886438934,3915.7035199948696
13.156243896688125,7070.011913781388
4905.052686782563,6348.950642494186
629.1986205093681,7100.216917301058
9149.926133183279,268.34489678231876
5592.886811743058,9884.53015659873
6704.634098881711,806.8395112973836
6813.750562061997,9723.002479396113
2260.0463538995286,1873.7805227267156
6278.388813295038,9555.517727748935
3662.997074009904,3630.612503495484
283.7112440554479,3415.650766489755
5025.475068766338,5751.6573498796615
3747.308900708679,1963.24014769492
2541.953133505164,2737.9260151361696
5395.854735254051,5142.090549843015
2342.965736953674,4533.152109165073
8404.480065661466,2954.3421154795633
8909.759164006333,3941.8942557438463
3978.9847672229052,1597.9489836105608
1708.65751626471,1201.0572455746783
7488.477353718066,3700.849970166895
7860.123525384512,4324.816896222291
8373.669779830941,4498.734730812796
9487.49460247281,8909.69453465959
6359.443506007368,8460.101414676816
4049.0304998072934,7449.966180399612
7763.937638508894,9019.70700808255
2953.582813239044,4475.976517152757
4328.980105593002,9805.439159110147
5487.1698842522,4261.36881610377
8060.721621127367,6718.354358028871
7416.292322196787,7120.051723118898
2781.9656301660402,2677.0503184213912
9683.025414387432,7779.728554608054
4772.400878768396,1481.8085013577497
5396.289446520991,8951.65201605746
5236.616025494101,3885.5179866361786
5504.599828770708,151.3467081588249
5200.2712170602135,3546.0241762509536
968.9913544664297,2484.9146934838764
7131.848363027854,3127.373553165739
1125.3092728723136,7297.3002826572565
587.2527664048621,8846.127537319904
5564.364374542694,6660.959536996945
8554.119320323012,5349.561042195723
4712.44835594018,5788.557041300974
5563.69123345073,3961.769482067378
5168.6616602372815,8444.204054476606
1727.1900542142182,9059.623021517431
2253.9684470716925,8591.129597972453
9691.516611068111,1727.0492951503525
3471.9032555616036,9556.387589134209
5913.954092002036,4238.055642014718
6566.5738897311285,1568.250563135296
1731.1190716321278,5602.2371875208
3914.879539883871,8067.199129835564
8922.636254531146,5389.775714694812
7431.41524865999,1362.3371867629264
9810.256698062893,3662.3210459456923
4332.531484040126,2855.9385424688367
8293.871364404451,8101.481678792263
3619.2310750727584,1438.9266702113457
3717.0500892526993,9722.513502032982
9411.89927935784,4956.096263682744
1519.3501582360902,4.219165507671763
790.8898832038313,8400.726041634598
4615.28237812419,8853.400980858183
7113.627720000762,2657.0201871832455
2957.6263569277903,3046.716758129807
168.14145576385053,5096.110717442717
150.46646593399714,944.3565183869551
5210.9763299243,1989.7899547322907
971.9905591425094,4979.819342291825
3939.0384697263603,4720.58297496267
6198.543372442526,7694.802538846451
7066.935671939122,6137.222350657522
495.00609085946337,8782.669976374118
7018.977687613185,3766.366896018547
5051.02207277979,3734.7223815767907
5967.74369326679,8105.672319480021
3084.392103436463,2588.5487022086018
467.67191711411635,8998.724099236606
8059.735003401562,2455.065768057746
1412.901808413075,3789.6251661548317
2066.0409364671063,6152.9480638357
3445.426998301433,6773.639310311789
8145.7800727329695,1568.532071365032
5015.06798539515,1988.9919421121926
9224.472971305528,601.1614883147442
2021.7435373471303,3510.728673627085
9650.903231326962,6770.743556444607
6141.878538840559,5113.95303658926
2940.861687233055,7271.8443087274045
4854.680224209826,2446.54666262218
5536.008659644882,2708.0573038679345
808.8125366097598,2557.3617550140802
207.125433343871,8761.939212701831
3607.900379036788,749.9287254522602
1082.4137808986845,2373.485292164239
9853.357447208375,3283.206914911102
4956.455719643757,4166.915179606852
3471.9914951627616,8296.070151786604
903.3807004307026,5584.416194354456
685.0596179269386,2439.4656189681773
5037.524259888364,9466.2537892291
7597.359535950832,7698.394593109489
584.7036373469028,3293.6391373125084
2418.9175924283422,614.5813262696697
7766.686724043401,4355.536718884967
4395.439665938401,664.3082572420311
1474.762905871838,4164.438754720525
6228.741125254177,7837.309895044983
4615.9642048514515,5624.21400132918
7722.994755327433,3511.1706581930134
4607.728853184444,3133.17113201807
2449.981682039496,18.64530501903272
1522.948906970355,4374.338450004869
3260.961107013497,9822.47462799883
6013.974061790448,9875.959105895197
7142.832065611531,8042.585477156266
7830.775327708471,3734.7164133729007
1742.3155237614696,8100.125755161056
5213.779812481438,1327.557358603172
4178.647435772414,1784.8719684726323
4625.579191201731,909.0748849859542
922.9123022508312,5061.534100862111
9378.406174618734,8204.698447295745
8896.74913231161,155.68866605620624
9675.179310288757,9332.736453226638
8300.561025682871,16.796944972948815
9583.36859294226,4417.8914858155595
7529.3514856052825,7314.42879225917
2716.7921464763276,2081.300484742644
1085.6040221042385,895.2912139824155
5342.040382917533,1596.4790094567782
5470.335712880714,736.9030138036514
8746.458377116714,4166.684633863372
9520.678828171178,324.7325428841441
4066.2601534840924,6153.92998943316
2898.678687825965,3648.4276852659104
1990.0150576891795,6165.312744972076
4193.838911334833,7545.694468196392
4946.055411043736,8170.211849163902
2432.588987017914,9545.761312445984
2350.646413951496,6490.957898158986
1121.2707619410767,726.5147546567385
1221.8127938241773,5100.325847409943
4833.220195069389,6983.028207233413
1269.5138433061227,791.7305445452305
9759.38714370775,9033.864835166472
5254.753890560509,4972.283229677192
9409.219405065496,9343.865066195549
3669.527144906336,6166.042815587288
9681.088057699848,6251.992680789596
4217.538013513177,6397.130411621683
9481.646276247897,1687.5094582828087
6061.45144709151,8666.282650866164
7118.389794324673,3081.379746508376
6509.260080015525,702.7674881889601
7178.546444506011,5327.616859970726
8891.530702673208,8139.355186889661
5269.242550329969,6877.908585525001
2951.8952416909415,5069.053202183052
8738.972280076554,7213.849318802382
8424.68037998971,199.74601863818276
8509.766921721517,4269.758572427211
368.0081208892827,1660.847899828074
8216.086006237692,286.85442562182305
8605.717078629292,9040.446015676382
1142.2676725963022,4879.829037373307
4849.003269238161,5218.618340004043
3123.699382424846,6672.103153016916
2574.1888721017403,6978.764332625197
8319.973284577727,5725.55896104719
4039.268184447309,5068.415154891501
9485.032706163627,2098.430823985965
5384.514974030862,3247.635344984645
8751.18316228503,5929.843779609187
7832.828386193797,8579.535481202376
3310.8930801120805,1038.8271780146763
8569.5031017507,1698.9652623196084
6439.574849276002,1072.103942270828
4998.887698450636,9118.875292265793
6714.254142987269,7695.4224448083305
6543.273798347684,4356.243792109888
7621.493016232746,8675.79484777267
9723.825464752663,3094.214525530935
9126.3467842573,3853.2433909693464
2236.687224903866,1148.339557861382
6210.425809009264,729.7529411747761
8051.213525171081,6666.790259143426
2588.4368671434354,5697.8604718808765
3401.820499197057,7864.726848866738
5566.132157720997,4589.555324397385
9152.941062212945,5920.1404784577735
8443.68271803676,1586.1930399966839
6718.346038719266,6468.185380087815
8192.006592406695,7261.019223951206
8773.329906213316,2613.9690727425323
1497.6526292500846,6132.666732959411
3972.5852337362867,1272.0944573803904
756.3667274500452,7923.790513236526
4483.214056066036,3718.6961964535535
9999.702563013634,457.0548230215643
4562.739312623324,7449.002274522295
9572.756435841993,3814.5068800562367
813.1811514002185,4549.539078470283
5526.470496329846,5896.3825003014435
1028.2585095225372,5897.50569849629
6051.306828790464,6501.407446579147
9593.493942258678,8528.483922757654
4268.893990814111,7093.177086394532
6193.026308244404,2948.3394615830284
2047.3431058900749,3574.4475822175846
8365.928546120545,1485.361521663221
1906.7948174540118,3928.414429843836
5655.75767221803,6955.6505154256965
989.0395204019287,4167.285647693278
6251.395606870954,1938.9725256879087
8076.100935212396,8586.761319780064
3435.730821428845,580.1673464595481
9788.152528557763,8508.839678551474
6319.090464186955,2089.4759460682644
886.7329183306106,4575.428007560741
6932.1837881614,7021.808430320268
9192.24891095451,9143.570524775521
4268.265748670608,3058.8397661414656
5771.130550840789,8083.7993677360855
418.5865223209129,3131.776715248439
5608.199365661983,3744.985665529752
9421.995558189457,6118.758780072173
2197.041861684231,6188.288503036221
8764.663412116877,6116.5001630345105
4445.624254899751,4672.483227935118
8732.342159552212,4030.7539753093515
9166.559170342478,4001.7219840531425
5869.697491798081,6168.735465598052
9901.730806267746,24.766753823790566
3585.027343445517,4702.280041158669
9366.035300495487,6689.059153721819
249.13333085646917,1568.094792233453
3812.67683597032,2334.667926473204
2689.6721691197176,2945.3447265325126
7490.709698997748,1193.8364748748309
3474.8920669304384,9862.728320396462
1152.6670946552863,6207.512331142715
746.0340626105489,7188.469729529783
9359.455933486972,5312.008243110667
203.45193060064548,8037.918014317468
8798.216992358133,4908.030635443
1261.4436099896552,5812.372930597127
9153.661944407913,7671.061476470112
9940.278808337875,7077.815916355308
7755.661316099888,9274.445218902709
1354.6816780508475,6202.607098596347
1240.4942115731587,6292.882354850262
1698.5854136906187,4892.376512069957
4736.887266063817,4331.09626910814
5869.496963205005,3252.124061289594
6063.162444552105,53.26686577393991
9116.59284268215,5156.577859207862
5118.907403000602,2649.7101842862203
3753.8466945927707,1944.883787198981
5193.3768093799745,883.7085481940754
4688.66338104938,1228.5670403966665
3883.37348773777,7459.789353219459
7853.532854492772,3916.7007645222197
6897.81897169359,9469.970001188547
8540.877330934905,32.62634000439579
1186.3892165074542,2945.8845671246845
911.8563586157047,4708.900425383082
9318.778268694605,7462.389184306385
9694.359747602392,1618.8984564358245
5765.140391158585,7897.491267159301
920.9506143586632,8287.121782118675
1978.971207521043,3503.9492778552694
1701.2467602239801,9777.576111168795
4015.420510052088,4899.487482333512
4803.954933599452,4288.908998566729
1353.9135672632763,1399.6105913558688
6411.070256236912,5971.111239188873
5912.96076800095,1698.054348136413
4589.901393425186,5666.978690656762
4593.124345594258,5531.916038563517
1782.9831363935623,1062.5917639543136
8567.143532215467,1391.115850724707
5002.128580989022,4753.242299787962
316.9139386710074,8462.736919208042
6471.417131230603,5676.011094753263
5197.701986020278,2064.8377498727564
9101.122407546309,929.2673378572214
2813.064754437553,6154.979453023697
4.164550658701804,7821.8900010254865
3673.4115298062375,6204.939765031431
2486.2445792548037,2855.569672057441
1972.8379872827372,7155.757875924202
8340.361144638819,7847.629748263701
3418.291585358848,1267.6737681603356
4079.6724528905947,1368.1417266990613
9516.433563372266,5618.347131037989
6256.7041841451555,9033.887100192671
8143.530476810935,9701.522097123034
2940.0948260591153,9541.557210048173
3759.271079111671,6474.832919465899
3997.2518506603783,5110.427677632842
2810.1773251735353,5114.874501793608
3490.5120713830606,7841.237550557739
9244.755430255782,4748.475264390244
1976.3673972022523,4758.567016948569
4084.186471514055,7448.150071007864
2429.7734957546336,3446.045445256861
7216.265076084632,2.5045253870370487
3305.2862240193094,2629.3413334979964
6950.466341682577,6563.360392920258
2305.427140866266,2732.7558314964595
9004.473675680696,3811.3810774126
9933.567528238666,8293.851043498713
5517.170522772913,5304.15626285413
3743.4268905901545,4462.762409008889
682.3710626944268,9218.143219174182
3182.3259132041935,4699.764312891261
5144.792490204063,1235.4203388773676
7351.594366859396,3284.909838820226
1267.106310365226,2012.6276735635406
5242.574917015982,1202.3115364835257
157.1314911842081,4249.428744301836
5953.745584947616,134.67410508096745
5189.116840349222,634.6402565361708
6787.836431446715,1229.8913655323795
6069.8204298344735,6395.954893552208
3339.4348473594937,7958.940951920184
1483.480496733075,307.63719486515686
4935.481489808529,5725.207388251139
9924.305363884709,5458.519199480132
5794.929067400435,4716.077193752073
8253.168669973797,5194.9949523287405
7435.981915636323,5214.695077323015
2021.8257088676705,2504.099158957276
5570.6383388705,4448.969204699578
2280.3017456607054,1073.1939124030475
7863.420344062808,7645.940507794799
2836.9150807645174,2137.258417347003
9645.66595898452,1495.5068653482028
6445.814609651003,2265.206420192797
9906.064994641529,9570.35312979469
5472.097018942826,8678.055947663346
6596.791280507072,3345.8778729420037
3093.0093616857425,9359.804669727033
5980.455871234679,6110.5570236134745
499.9833011488575,5051.0264991754875
3376.103989792564,8699.020802773523
770.5674633304349,189.4927451542272
8144.950080358446,5299.298108322472
9926.194188772706,3990.238539288231
3401.3628764330892,3115.9722123375386
6320.374408441002,1248.3970299840953
5879.272108112613,7362.250349518637
2189.2227306962263,5523.8932079760925
6510.21355040647,6629.219527301532
781.3515726674103,9594.454933999239
1739.9721188262197,9908.653518909849
2756.9167327836185,6719.181582513232
3645.246188173238,450.3157632123267
3022.0923825304003,8122.668321614903
6107.966124852618,1758.1774968023412
7360.998271004685,70.8058807548928
3990.873857073787,5655.218081096724
269.96072174626073,4206.673630012697
1748.7464836257127,6915.085328912755
6378.741034624906,1036.7545347548912
7948.962437893079,8691.740430658125
8933.073947435054,2521.3135303893864
1419.1467083007824,3213.6042306906365
3309.179629512149,4825.676929187161
1785.9451566410146,4281.79993992128
2274.735630236117,3774.2874653666836
4302.219414812379,1766.631387646237
1279.5686630574687,4033.2327614176797
4062.8068854453013,3643.7472331856256
5482.2662845993,6671.126984354345
1707.8986359911007,7562.406160363866
5067.9702268195115,8123.658185547595
7908.397963319302,6060.30123564848
9904.43704527202,8666.096026900777
1647.0044319280441,6539.206076082834
9534.878311801687,1674.012146664441
2723.65045047543,3831.594591666807
9741.173554229154,7765.3131733902255
6485.566836534255,2919.298947912774
1115.6424156225796,3696.1568157461643
3796.6904198962625,8945.61113395303
7399.430087849876,6391.44403140455
8049.990395522609,9683.351182659962
5974.749994924679,276.80676643419446
6209.9825684242705,8877.097416030801
1442.8359036859995,8577.60279578211
9335.110845485151,3556.7068305673442
7963.076951268396,6953.42982464475
3961.469322652592,2747.2795477572886
5826.941779306486,4584.845996424691
9948.680510015965,9043.655201520593
9235.694574361429,6737.15742872302
6432.408823046149,714.9395342935117
5637.8821524379455,9792.457077960868
6274.317599141493,4480.947928123189
8840.344837338824,9338.656975210099
7003.537121045132,8947.248804361028
310.77502236141584,5471.304560342462
2815.145005806835,1737.7708927972124
2080.2339488584353,2051.2321405141097
2515.159190985444,737.3938054714857
3695.1088996015437,2387.8089616571197
1444.16646337575,3958.208082969532
129.92850273372602,198.98757328779993
8829.768581495204,6996.212327655943
4334.196791618617,2546.022184497481
650.8743537177309,8373.889497785218
3383.838190226842,3751.595682340525
6457.01428212743,81.07483240506141
7054.102587126263,4487.403191763134
2882.438826354191,9791.264586438338
9921.337706506476,2355.772612938446
506.03898287785,4456.017588528025
6409.65635841087,2284.969387856858
7271.528673918569,9011.394719116019
9817.20872984319,4139.937364459947
9061.26808645961,347.13189816793164
2227.4983252147395,4376.853270616903
5886.608594719341,2249.545351598514
1344.2019799536774,2038.614812284867
3907.840929608456,7440.606549238741
8728.811934030233,7732.259278309874
5085.891506522923,3514.6280594611558
469.50191117253183,1461.0196042849022
8318.94175244062,7599.728627895449
8517.74369058122,4261.010647841791
8076.146806187079,2727.669218026216
5248.045515429975,6652.389635651336
6791.388505806592,4643.495031515291
1882.0031050167895,2141.885763938919
6737.074592501234,880.9293128297335
3046.7101117452567,8058.768019850732
7956.782188686337,8102.94848965892
9234.242501742463,2374.4312699172997
5306.657296273503,7098.036118978403
4000.247974536215,3610.8175444810763
5270.334000122772,6134.149939945538
6760.540023238177,409.1528486230922
2547.95965671894,1691.4765156936096
3021.222330769303,5050.896174409192
8761.875318432196,5327.923486346513
7586.857460108597,1580.2890358396394
8558.296546356689,7202.110592295476
5031.091318030942,4204.747296246805
5990.818971528197,4682.526585719219
8832.956754821298,1146.4163242372772
6638.761489176406,7176.0851604252975
8097.619099777379,2488.307661198067
8184.800926532106,5327.786802304353
1016.5344857526792,2601.064725803186
4875.068270336903,984.5746356720708
3540.921369438941,2868.3403513450835
9999.162307875229,6626.555759381605
6145.177434909375,3753.727754287962
6582.991818197866,6851.227190743175
3200.783264438185,5611.3007034073225
4816.010417483604,9664.599403876406
3366.9651600928287,111.54163922213245
7612.654303640184,5045.167466869609
2682.968435950097,6253.512248929383
2214.797780205341,8446.127834080691
5922.266199968238,6587.535468077345
5847.443381694876,5034.586946632339
3589.579510329679,9101.025940145966
2380.5895992618343,1761.9907910777076
782.3687709619632,3546.1733787438097
1976.2306446384114,1178.878551254312
9935.947194610811,6384.820407256513
1115.9565971976315,4940.397047688676
8343.299310894918,1284.3573026141607
4359.734810427466,4664.990224915211
3618.3587013309893,3438.375402204533
848.1737829221347,8339.259988392903
8884.85562517821,3693.163585939664
6265.915203794585,7845.541765200938
6568.250683256316,903.5363325770318
7562.603850350922,5727.8596016081165
436.32060149781273,3820.1392008041767
1792.651039684322,4477.673618992396
9608.361133642908,2056.334352624749
3258.0793803272068,4755.70433623703
5275.636033432509,9197.165350961244
4401.632918176435,4284.549997805231
6920.739303580574,7058.700509644122
2572.6153843032716,5339.921735076407
453.63044644159413,2846.400260623491
462.91163734737626,871.5680024310302
1444.633896493398,7232.280998848642
4478.814004422416,8544.156031400918
6070.814292564099,6606.6437216218355
6806.324151861468,5441.890278550973
3105.2951345298798,9883.469333025723
1075.4940312293936,3412.151795641639
9857.57795647044,8103.936574449533
124.26774109062345,8962.741915593744
8783.946792631285,9487.325795766026
6545.187745763024,1134.603139826892
2031.1679073096866,9540.12557673145
7516.558166379975,8942.725985459696
9678.068873581073,5393.43412497414
2740.7174171403194,3735.9479753609257
7743.733093981259,4706.570305681836
8514.712050089232,7851.991094664338
7124.692523548983,3111.8667309047796
448.85929157468365,7857.637140589341
6438.286662614549,6285.9302669777835
712.634813542149,2689.354568923037
2012.7499482807243,7917.737116384039
8124.316007380611,9724.956731990032
5881.5828254086155,6615.381871778115
2142.478253174832,4279.874188456043
1646.3074986371118,8308.535912325504
1466.5658170844642,1983.5754623633627
3157.592617127801,5981.9219565890935
6501.024651179012,3141.5492807426403
2310.4502970043895,5969.858038798246
3971.4307346951405,1811.1300496643878
2816.107893505654,6333.098554047838
2176.6552856177123,7469.333873369098
9387.796674923968,9066.678597240856
9221.933303648264,828.3467670097444
8892.530426161642,3438.4738646151413
2049.102464409087,2244.8430616741043
7670.615573564347,1247.7629082759834
4038.090702934317,5566.932659829179
6878.451676157333,4360.655983149079
42.0668467080787,4446.863254525829
986.5522020151429,4434.921178840332
519.6393538292288,6107.940290601271
7970.7762184952735,9608.917956425566
3845.4125610950873,7078.89260188545
9614.798680155563,9943.147544573263
3374.533305246754,3600.503932636401
5536.661898846606,6855.018003167276
2580.9008933161003,3191.6457786204023
5812.987467591133,7814.964032342618
6380.775268293121,677.6722845153727
5100.977976184818,100.56409659032872
7884.813471528323,4460.804744429199
7404.126023463958,4930.177786849006
2940.11339076773,602.9279028551016
4403.1422052447,5024.625956003689
4654.716843361256,4520.177907022812
133.58245816713742,2131.0051007366337
7690.430647463186,249.0007361587032
8320.588292132656,1549.5070363270659
1904.260012079415,7356.01367955058
6202.125626432136,496.30543814200735
9338.842837344173,2677.6083336755696
836.0226785769398,1823.9607879014707
2129.821249931174,2808.281356236769
3157.452957451913,8921.015899511951
947.2889188412304,2081.779273662536
8457.895815191689,3332.0816541775343
5590.800217648321,6094.195188201109
5884.214989507978,3600.7629911008985
980.8458323298286,4753.102131669025
8249.424566651167,6603.840060710066
2323.0239145840637,9816.683539454392
149.1538543130988,7590.136860923684
8923.808615773432,5286.701414553333
3054.5912567951896,2374.3337895318496
6231.346961896069,8573.844421997746
1928.4701205436938,4296.351749534268
6410.668976346906,9497.153576861572
7800.194751016548,3329.8373859996964
6904.481551515152,6982.6340119136585
2351.2453669599454,6773.980938394379
2506.4385111809684,2341.3515256567075
7059.446416301909,6969.049781623073
9092.863435176352,4206.47426672064
4764.070371833536,2164.5892000442
4705.516991682422,8008.598776910681
4453.013612771225,9961.942001567233
8608.588277229355,9236.003775840602
7291.022796578397,8146.635088549549
4161.919962931327,5759.4911574157395
1629.4394668604184,6545.644058030285
9102.78798480468,6883.133541131565
6770.83129861553,3485.042104129834
9395.236726113017,4243.612883676079
6633.4776017703925,858.4818210082434
3851.824454858874,4770.133764535493
9861.348211771514,936.7212716691098
6925.74209288994,7241.368853923942
7322.578885150233,9313.589598133742
5032.561178281257,7017.841217894324
6640.742658297817,7730.5527753803335
3495.706515903123,9591.83048683385
5314.5156969146165,2673.0252291816482
5252.233853738976,170.61727779704051
8386.323623819062,9687.09455302694
781.276723202905,7025.1415085986455
6950.304071438423,82.24769151814581
3298.26681898158,1920.47531469276
9526.288098976196,8596.940676973349
2526.9359791713987,7653.70043229591
8115.877539764732,7144.208436912079
117.99596833630632,1712.606449215981
3199.047649610508,9841.948686457845
2405.4382421308983,7647.861628835115
4381.041028284339,9334.913874364282
9182.869451530101,4207.953901485332
8461.596343333007,1056.2780944739004
7736.173208184733,8243.421510047792
8161.088892875672,9775.406100761562
6039.405371534627,6711.100807167641
5442.898088386631,5699.003436846651
7323.14744148034,7389.551827199803
1590.562484688376,5543.245478178576
2097.1466209041746,1773.6353678090854
4686.079317530871,5500.234192037361
6757.559189864955,66.86887412202248
8419.28173243349,6407.980485729551
653.8434343424004,6202.602702995423
7869.47503119632,1544.4939671483394
1546.8791153031468,9026.747266375145
1226.7231545312295,9607.109148053622
2929.3691612374096,2612.3404397368145
2082.8938065933166,583.0024177059212
1604.7855894862462,4615.514109472219
1618.977835405987,6723.050061857029
120.51154357604177,5478.119546808928
7589.670218645795,5309.069996277397
5306.685503350843,7720.748850222154
1716.5183990603261,7528.427409362802
417.5483055657381,4881.7277758141245
9415.647490012094,453.7654166615368
3215.967570223124,8543.553757324153
3983.1345654593542,6162.195703827182
7859.329585967556,1845.5413479504023
2175.9903404388715,8474.534980671593
4263.217842287891,4606.836682211887
7901.38007895135,3832.02334594115
1609.807866246009,1550.551608635684
1049.6100430598187,239.36279172447783
9320.683006070907,9953.381409791871
9507.08805706322,4686.08537064679
1192.459335630336,316.9350879122357
6688.1168804787285,5632.085691313493
6477.996345784125,4491.305181044487
2987.764306775873,5793.225764648752
4759.196034783553,7138.448061677052
2446.4613099134426,9590.227314419222
1205.7012582162663,9598.87060526091
6913.808400394776,3661.2831296656814
2606.3745787030766,9412.75942882218
4225.577201307262,8933.727450262075
3720.1490969485785,1072.0013371389903
6603.89182458675,7970.3581983928325
4461.191455464796,7443.983310996531
5652.809673948259,466.7628068224838
1364.9808228318561,296.73713234134925
1621.849763720139,9966.021070275994
8923.793373841243,2666.3287024036754
4168.413051725407,8228.730322871477
699.7845977834061,6529.154937282851
7.128952041679515,7525.303240970279
4466.377415622591,3968.490877880231
7918.257989186291,5019.619568386082
4012.4784930928827,2363.6153457359
2573.755643733372,104.1883374284458
5927.623261266634,2847.7016818457814
1623.0143755672789,8656.241215444541
5390.112457944846,2267.2286679427143
6638.042707508152,2090.219174294026
1346.1420325621764,5957.330457168712
5892.945182952677,2916.1091334419953
1237.944112509516,8371.41625384801
8457.868139217308,7062.579388608262
2261.1419289442024,7569.930029897339
7155.9838806714915,2226.5877987959016
5600.0577905631835,2494.209227874805
289.1168476324502,740.7702896216161
740.8618532616973,4026.0010263019453
3316.5375458857006,9866.817745466233
1291.3147296400018,6255.680520284206
5143.143006628274,3893.9939578645567
4728.82005075375,8236.339878447608
6361.960310386038,8857.832139482809
3222.369650325438,7339.984874407114
301.6984174522952,8329.698108243732
5659.020838416886,503.5236391297948
1065.3914252921459,5636.259628081223
9912.60168489011,7441.14638003144
7711.531908242927,4879.163131700678
8940.025746593947,9143.815056213467
5099.626815888127,2027.1817882873488
822.1025256944015,1317.6878157693716
5488.625474385534,9260.095570430487
4992.879327981026,519.7612354759796
3499.8299165609624,3946.6232347665177
1648.0063331116767,5962.105035832304
5942.646855780562,8187.910482687704
825.3039338565283,797.1095645057292
3699.805311933303,672.468759622874
40.081261494118166,9422.981343828187
5927.092020061839,6135.62526310739
4239.6795784784135,4503.299344208766
7476.338445250326,5674.672876294735
7394.436681805617,3146.6782896582167
2592.216408339938,3203.510149211165
753.9747875625113,6442.06509367119
9187.399225758707,9997.481239129236
2306.974434230097,9188.040747717903
9317.99954584975,8759.154169646969
1470.2314776299718,993.2026662109416
5526.907772029966,5302.883552137915
1931.1088390165787,9385.095016339876
8538.964575581784,4304.797663082556
929.3496242465371,8422.709937660304
3796.4779324147225,8437.805964153671
1172.4509563238494,531.5470379448295
3397.0694853389405,8013.200903371109
9958.036366977783,4370.439980731907
2676.545362518027,959.8290045607338
4588.147233532413,9373.642727852533
700.1370044788979,7071.416321710626
998.5919924712838,5920.494369943952
5342.87486453781,5204.372037145155
9327.772063545435,4233.039621861797
5034.582248378307,5924.566622379549
7794.206694648722,8489.127689909876
1059.9501104214626,4380.630739840207
3334.8482656779197,1532.5064064054727
333.0080919319411,8524.276130904493
4571.688272077209,3656.7221697454156
6709.358785966783,3332.870656957744
8365.329312695869,2957.935910765591
6537.695713394464,8769.598522144363
7160.407625815286,5202.023322754771
5511.977030379094,9788.974211989853
764.0480228572677,6058.060460141726
7117.824337146329,5383.214692723336
8581.197933701324,2381.0519559217523
1452.4731896310993,5736.64275379502
4193.327016906126,7291.884314006669
5226.49379876017,2691.485422816772
7302.147311713369,7123.691338572069
5740.645264682763,4497.110833589486
6599.1775231591555,7040.871900267353
6381.013302609598,9268.890231409297
4259.031436153722,6135.640447428792
2118.619387299873,1608.0027614505022
3616.0254289177897,3477.758235528048
9839.159142134511,1404.3002625509948
957.349525156318,1098.3691930595685
2089.8550982509923,9784.223876306403
6924.104804847928,1826.2737950247
6632.639651184976,7805.446691559207
1446.525253721075,3810.7388233277015
1660.9013052510625,150.4215314248758
8584.899161789655,2228.604187253853
1280.9397491819063,769.4004701684764
4311.1159408221665,1994.284791785581
1058.7424629632758,7445.104436493357
8451.85945397464,6716.6544583528275
2192.312236557018,8577.830955130912
4272.417294591129,9372.125276126104
4862.608655991596,9151.135589834752
8584.699997332762,717.47957031012
9911.407980989761,4626.724209239032
4854.897089118596,3535.473962604808
7698.1261722254,4458.080451607465
8288.171034932278,4658.260373227176
3380.503982126659,2309.7217659603243
2429.2750309666676,8439.600508513817
2894.4469083466993,6864.961377491393
1899.6857121911837,6798.433788483116
7637.039889386649,9133.073412948148
6671.883909845768,7047.60510834201
3827.2475673585204,5740.181981806085
8483.286723835632,6683.536914404482
2826.2543946114693,7229.461800908519
8319.199573036727,8721.838430135045
9663.268740161391,5485.974183291753
5585.134827985819,4509.579888666725
6049.459370529822,9431.108860013825
605.6761976515323,9756.54797851213
7146.247102585221,4509.786387682379
1982.4177751369698,6885.137278486573
5619.029822409007,9118.903355253617
4721.276326497803,2779.2217393645956
4303.3282242890355,4697.764868211579
6471.441232295474,5820.378778237671
3374.921603296829,1630.8103949920949
8521.633992293368,1018.9499550502657
7856.055248205252,1561.624132035201
6060.673922568376,7700.890945202258
1517.1438603816655,9420.202904026364
9629.127515315127,2948.900447989743
2833.4429979498123,3287.215975974955
9498.29184606556,2733.1470651702007
8617.807496461473,896.9909937767773
2261.201034527244,5783.797561968991
2045.3301276904012,9196.276625030803
3316.5049605780105,7589.359986939562
7483.067744112931,6145.5827403640915
1746.3813753176494,673.9025006087729
1245.3245171076976,711.411710446096
447.4731747600491,4635.8953350293805
2297.483777885283,8651.501175166279
4127.2989264799835,941.8510372667499
5606.533255006787,3979.9970801140516
893.8322365566587,8745.93072270983
7723.4286248795515,7162.264987391926
2793.2937078047403,4953.286016173045
9603.347084274104,4050.8610401850565
5993.769514167814,3278.4959946846793
4978.991521328769,8673.682878131245
8519.936308363063,7617.246900286151
2466.281772785194,6621.200354927096
8757.717794009337,9126.676242802665
5655.994187599133,1517.6569473747136
6817.156094821422,1189.161489182905
6021.463465807397,6024.204168637908
6008.337303222694,8306.084966966691
3040.7170338876067,1901.0726425682178
5990.677364535221,2609.833906340099
4706.789211127085,3469.9851751622837
7705.385715324426,1705.7657501677616
2760.7340111289236,5827.303601972391
2960.4718198414835,6758.2322471037305
429.68395198022534,9363.330425804552
8805.470052885776,7983.504503974948
8637.251029870942,4125.892261992017
5958.354208537695,878.9870785925868
7105.378438119815,4037.658051130185
9555.08707452707,9289.28707341372
9401.168599833203,1579.530414228154
6728.214270020761,5995.023324334543
2538.1318859652692,407.31962148707447
4599.879785057586,7020.61214951746
2092.1656157938937,6274.392378082813
9472.49412756977,749.268121826121
3270.092541491907,7135.5912537318045
1825.8486618742108,644.7498659830842
8452.155300032606,3247.4448945210665
3645.885754088737,8749.629387754629
2349.8171528222247,8811.58073368848
5288.716434763577,4232.146907206523
3298.8743688746104,6440.1226942221065
7672.209718151935,1130.5913949590397
1490.3057563411048,5513.535162289252
2934.092713055392,2580.8184064151496
4370.681715051688,6519.8271314737785
3864.609193265084,4265.8426918728255
1377.770416498929,1729.6605036399503
4830.859661114765,4046.693357305556
9746.2849692011,1820.9636551509757
7108.240260975191,5623.257500895993
2014.3391225472585,2035.4374446747493
8034.537018348805,4448.57731902707
6859.5074301930945,9598.078804859448
667.5911367459486,3895.2436870871743
87.19908060488835,9701.763589698096
9983.967581776811,8236.68999579976
3303.187866804558,6903.84640929559
1856.631110687529,3012.3829990121253
4660.720019143359,9122.988519648652
5556.092669024057,3439.5171267414394
1383.2507544042705,4584.461173148128
3901.1532819999675,1965.9638603723383
3359.071190411218,1257.5479997416805
3198.1328729172556,3987.917829909412
5132.814201136447,9835.57549342283
9395.723851978233,1168.4886924167727
2754.5575475432283,901.2147300782835
6367.732603702379,7866.546499975663
1862.2112705185245,3418.7350180671183
7612.571324830268,5764.250370139174
9522.520001010405,1793.1013024992326
42.16247057545419,3770.9864801331696
7981.790907314744,22.207555175225437
3846.0455543737803,5100.231097948489
8458.622778430563,2763.103263201829
261.3004964768961,1847.413456481517
3700.887812201864,3079.3612245785384
556.5119373521466,232.41205335405968
310.62719657680924,9242.747995048367
6440.720995034749,6786.746772828197
6846.601268084609,4237.618116159071
1776.7521396951136,8544.705451852078
3864.2326313091744,8097.5577878196345
9829.35582836944,2678.7654348668975
9149.895306855116,5128.854663756233
7583.163928327659,908.5234824493205
8048.31642190937,9239.20937973566
6497.946224085298,6766.1578101110335
9924.965130546076,6416.072365566545
7834.885151681591,7738.382153717424
4627.575057324141,1581.8655255481763
8834.546631661708,7262.972995044263
6005.216902732401,3590.209087869065
2514.145428100155,3656.0614325945994
5397.037589289614,940.1784150034742
6315.645780273126,8164.556355092005
7981.2295217965175,2126.052144762802
8337.495669816448,5555.674466648966
5438.102410437542,8201.236252066677
7370.88805521622,5958.114607250321
6214.8112033071175,804.7281361381997
8601.723908092086,4103.027303795756
6007.765267405348,1535.3091597778646
3484.3479962327983,6442.461511810905
902.0778367027726,9382.748320457735
4171.501943440325,8460.630147410619
7719.892466506208,7634.406123102264
3577.759888651586,1609.9660042073472
8752.694049763193,3909.406714321617
3919.710681492381,3535.966842582572
8125.4325069585075,1965.583551849549
6759.902425697914,3900.193742387622
2485.2055897420287,4815.157647635927
4381.9466686775695,126.33161436804264
6679.157407869786,9010.210451740782
2405.212662500994,3834.4666981958985
8217.461570318314,3846.3467380446546
599.4080790340239,7027.324785040418
2226.03881253305,3536.780300984531
25.33425496818009,2174.9225483640475
6128.471123181122,5887.519231174993
4117.6634336450925,6780.042963017696
2911.8355368658135,5499.221911745534
6485.0947826413985,9044.219874996272
5426.781996978598,3700.8227974733145
2405.003085583042,7319.903657230041
2798.0403690872126,2430.20051807215
9983.190121950163,4703.3474382397735
9816.425190317163,6920.442487193467
16.399290700122027,5986.549968509113
8581.258027504291,439.8525668782438
2600.1223924123574,423.1302522581948
7231.342984277733,733.622557363256
8021.589802849709,2373.0138610833496
3717.333743197817,289.9877909559179
8812.086991678327,4746.3752712544365
5380.41490410388,5666.661123370045
741.0630467691881,7917.673316716574
6787.741219015536,7210.625637602344
488.36987845870095,9490.44624268811
800.9327900766094,6704.733169388411
399.2562301598479,8512.192322924697
2389.0954647835338,8882.54241080365
3609.9622252027884,752.6521837762656
7842.978761136213,2611.8193438234885
7102.036352784049,1923.450931291264
8633.35172756379,8009.81151137436
3292.159699748116,7750.558126765702
8354.353993068145,1876.8304995851615
5466.964780022537,1485.824731311195
5367.289185813915,636.231069819092
7830.54998008529,2130.0283474605585
7322.4392673745,9605.904043615888
9352.367731838414,6886.719058241602
2683.956825871553,3841.3749721128597
6185.288354510467,362.09323922422266
3672.9467965930708,2122.2091275087305
4749.201662654744,5954.882815135247
1292.1774885300874,2255.723137645357
5396.73612625785,5946.372982564013
3009.4512235285674,7524.928884652102
9509.195576734488,8825.936465795558
767.027912732956,5155.895124323277
9455.472119656955,5197.559163659248
4704.249388547482,9063.318487983553
1760.3704030721467,1557.550467491614
6441.095189161895,3284.8073411390765
8699.58486491011,2572.092974693575
7582.708807492538,6608.063128756582
2419.6033091531044,2482.602540364337
3977.8778428720984,6781.645170385363
4923.612032936786,5127.429406959993
6057.154064389168,2207.5434053586264
1953.6029020887324,661.8858409672646
9043.736478728424,6902.862308899794
5333.687599903489,5085.895652908137
8160.10730737726,8747.134653909081
5269.471031122789,7920.943899726584
8679.546012634193,4028.0019689809433
2141.0004598942146,8428.200680864698
7714.095734677524,8343.041218352864
1192.202404557572,6804.758831717386
1896.2670783799972,1534.8680293186544
9771.162288617097,5623.5213096201705
7563.272556577214,1212.4606300349938
3075.908473411246,1495.9165597600431
4809.197729323227,2056.5461461337964
8593.803665326524,8927.475391256137
5030.042932241514,8074.418338702238
98.11173695904674,2256.763405806058
2782.0178864586264,8655.92949688703
4663.674847372312,4134.269648765007
3959.7347566163853,561.9446226514746
2825.051295911615,3214.9192148184347
6225.234051646245,4170.671345819965
1862.1900250359936,8142.5582566433
6698.072304583834,7592.235807185261
8160.229095144057,7541.299374331482
6657.431258666852,7751.674342641026
9732.69241009849,2490.1652028051712
6775.137723312266,9361.397878060465
4998.870158408816,9320.356165325411
7656.059924152308,6181.16988912459
202.78070870005882,4402.9944095232395
3319.135890221908,5031.50551697035
6418.783305955821,8791.687977270343
9971.688508706335,6395.811109839724
337.65404877670545,1876.344293230724
8516.249636271461,7501.845463948924
3763.4112035948165,6140.87270743854
9874.924379559825,6485.345262625099
9730.082326977275,224.40073356250423
2779.1872221357107,9103.381391026594
9297.517349847476,584.2896425101962
104.4163012639232,9531.786314064298
5057.315963687842,6888.443606049102
5510.1319077898015,6404.279117187729
1348.7300648014311,9491.36540098048
7787.226532112577,9320.554238963046
4503.016343434234,2108.6490429857654
4397.827146621578,9285.869431803416
670.6319755613544,373.9546114526726
1299.286186488544,1298.8917569961488
3510.5051868540772,7568.109546503505
8716.800663634582,5334.459192518465
2571.341600039727,4002.151832885168
6439.674876311299,4903.110579933685
8101.628030846893,5270.271995692661
6813.00204090624,6708.205786417034
7990.33028038973,4511.0495769440695
3231.771673666779,3463.589531426341
1480.4547286538173,7530.438509902715
7957.056391601859,4749.763273779901
3408.8613616276853,5536.294703684011
6004.085116124706,5292.420906986342
5771.366838010674,4015.3915763434934
1313.2252694269964,5770.8661204442315
3234.455081247998,7849.5648323637015
2530.06386512754,3163.228756307983
4985.5355195092225,6702.372561511832
188.6107925183833,5042.855972628474
58.7313010805246,58.22423978869451
2698.605302204663,1521.7277105890182
7111.555866545849,4373.901836027352
7808.990006908883,1067.2154872629947
840.3430815362367,7355.227876447922
4993.970394658075,5202.865002344664
3936.159334173004,9180.59983041416
8522.107421461602,5392.20281166923
4719.967934407839,6405.267166562364
8310.219523161406,9970.415540956608
7905.754241909105,1108.5873777586908
8166.003221620362,2714.852134431208
1972.850247880895,7709.265266614663
5311.253453682355,1582.933820123703
8492.324641466206,7774.982923814096
1368.0793669509749,5441.035023965765
9094.472166506488,5287.164123327865
788.3298901606695,9686.998694493872
2742.513377957866,2005.107100784923
4102.722842585717,3063.915081878361
7851.971223850472,3408.626614030502
3527.2780705864384,9774.07023384824
9171.298456262446,4500.772007961708
8893.806188976065,6552.0372731154275
2591.8437883860233,9270.980596902242
8161.1876185513265,4361.541234761784
4104.612071604564,9230.687702222245
4894.411155021843,9451.613802889682
821.7219932577191,576.1156672121948
4565.61170810144,5033.314455298495
7025.025042615761,4074.9293052907256
7552.968453008322,9044.332115321902
6518.823132354165,9594.269716078667
6479.650759529023,9424.008100078445
9284.18505998901,9214.475967085215
8041.589249010788,8232.012152146413
7369.075264014917,2659.986577719271
4832.116559054456,5305.3553135175325
4374.410916417023,2935.013949821834
3624.9864934430366,7344.808318368846
8239.838975889103,6434.089572593933
764.4599109861172,8658.257931796988
7739.734732649942,9733.98145049789
8492.370994615276,3195.047935853428
9446.516233852046,9581.411328070097
7350.876199190499,4939.3679718683625
5021.851974458929,6913.155338313317
8514.551789756964,7639.9924993074765
6630.363442840469,4450.357352076659
51.444511812236414,1496.2361109880785
4182.415667715037,6638.930955540859
198.72073852100658,147.02293231185882
990.2381140870242,5297.194412793143
2275.164149239174,6645.883100412019
3524.1879907178118,1524.0400621764704
8244.686873810524,5972.546260218731
5937.215446152061,8315.12075853386
6226.532117214775,2463.3835236148348
8607.998582557417,5579.996930268238
1840.8013596947958,8159.900021277732
2720.3543933077335,3883.6026865432705
3028.4724002995035,9372.847544566132
1678.3469145285324,3101.5118073083804
7538.978248179487,2573.6168021745852
6115.74875490866,4495.740045449736
2307.534603292438,8000.980154667781
9819.959385635573,5626.726078027484
7494.712947388575,7284.615953367429
1206.4045576275728,3704.5433627785005
9674.473259025446,6970.604652712277
1525.5363586121916,9829.352297632668
6721.187059145615,6600.41932364685
4063.1333169152226,5073.527941661249
8565.51160793217,5749.0544883000985
2305.923144153922,6218.979958178034
5383.414480492157,7385.385102748808
2729.659796888447,2945.004542222408
57.49760164505568,1459.4423330784257
6340.90527656634,3461.007064896113
587.6950687859817,17.474969312476496
8985.689638544853,7249.2536162091055
6645.331618558874,373.8753809717821
4906.10621106091,4985.906977961387
9870.26246702165,994.9746341078003
6231.909425918916,1312.4150305983485
6196.278570098126,7758.4752370145925
6429.636218993846,9665.031203130551
8794.029002462936,9849.705814777935
5273.554345436966,1795.9817205655538
2784.2288128087366,1011.0793900788184
6268.480029135406,614.4095430353169
5456.897010171423,2660.414998634764
2674.5877656441985,7533.222392470292
5292.707074101635,1888.6894082820604
9392.369261016911,7299.9293239011795
8379.379074760049,386.0980415229831
9688.969625441292,4667.037249021324
3520.4835343479945,9974.586683355565
3302.71383891273,656.2025997242627
4928.91778992504,9940.620306191367
2204.2246954711695,2974.2244936124816
5377.137636896277,4300.029036804069
4119.686426545195,3260.6440885005304
3493.5695645321043,1264.0929512885314
2744.2271464166834,1991.2587114857927
7935.394599834906,4624.864309251731
1934.0158326328317,9916.54437961601
2266.80648643643,9245.536397034773
1556.9401296034735,3690.433879324272
379.6987418634379,7338.075705551481
9702.900761155373,8483.291641787175
8574.868373630443,7958.101351986158
144.36397237907906,2742.1683832372137
574.755852627108,8097.645408725372
5647.611428701485,4452.045007951148
5584.914252106202,6051.002942287833
391.7517464687392,4892.623394977542
8434.688299143143,3174.5328165827877
2341.702074624036,6029.42209346893
3253.645148234735,8284.63382089145
210.80381224226508,8969.590926574107
9151.562398553711,2292.231975450876
9190.456537103044,4362.028764838208
7.246396248178355,2019.415883823784
2823.6163122514067,4713.22506997864
5765.105943958631,5771.17230204831
1958.6991757057315,8078.813478456956
7340.064213618572,2230.261689250509
4785.840975137683,1624.2934598887894
3626.504045034754,3859.359968119269
1857.6332048625789,9076.704368357987
5600.94504748319,2422.5775232835854
877.2750975709687,2879.2364645748003
679.273644293501,9117.943971903489
1536.294618131021,5491.490274345016
8607.5090675899,355.6259524534511
8855.307311604163,3582.678974073985
8361.17140357357,4486.524914126857
1092.0195435863357,9795.63751801234
8424.064993852624,2437.456966298657
8678.348885929337,653.5189721673829
4709.372320779778,6443.647327562097
8803.422593343132,6224.7681039018335
5723.359821631603,2555.6096700023177
5161.941628859044,9017.259712831814
6150.053823160098,7733.158474166399
6036.800324382928,9004.789799948658
3540.2680244579888,7431.165925565871
9953.377258804394,3679.386368258771
5268.695772353389,8644.050452364068
9797.495867073116,2071.2547634321168
8167.587381430033,4711.590603799809
334.01727431827123,9910.86387867997
6191.9845373771695,5761.531214563757
5556.351743764052,4309.669507108784
2022.7090844035745,9410.795200962317
9100.156235469627,6260.9614568853185
4699.839575125004,531.2286933420196
2945.008922341623,8322.337800597497
5729.986363041544,2585.0211364449406
8107.838185478773,5576.6891971578825
3361.559376999009,6471.995660178096
6745.307381470517,1292.770003034821
8138.889433762101,2914.456679715405
6563.95734753998,9127.72204934185
4686.73291283508,2380.3706248657454
1475.8268879569414,9329.58112595069
887.5901010581355,2797.741670673223
1594.1341633973705,8520.163913997432
3620.0660810193954,6011.0586040297785
6268.154745689843,1542.677150895132
4920.883834330085,3892.6588934153815
4164.498252448031,1772.9278026782913
8584.91721551317,8222.256433124032
2925.8624655763488,4140.501076230891
4148.979882909591,6103.457000984335
7795.314171426362,4753.948752413593
9372.603146531495,4963.811637709431
9907.449393289035,7923.536995633831
6068.33033962878,319.17385547385993
7613.440303613809,3965.071546827198
34.575504720583126,7650.045818760995
9225.174136013131,9109.989367547485
4553.933947463619,4442.757187051894
2828.4834625294666,8947.920697941434
5505.342068345643,2375.534320117081
7309.064324368976,1736.1793931876634
2337.445020801767,3422.7985122827754
8112.63479940231,5088.884020649771
403.3338670177644,152.31285172020992
3273.300343768711,3896.868710574024
7627.7562362245535,2784.6056823948807
1919.779280617956,6821.9024579381085
1097.641211596221,4634.595369910395
2290.6303172729226,707.0902614356322
9893.539111185502,5317.241686939969
2577.4700037229213,1434.0692411529287
8649.237990652657,2307.791666874668
9276.697052434454,8428.607076380638
4021.7455110447254,2110.127487040049
1579.3391074007945,9964.891601860685
4739.724811911063,8369.997706412572
4682.890996994285,4792.5923051886875
7077.2720930116175,7020.1517489328635
7708.538554342443,4450.519841894972
9663.344024798273,58.523093876245994
1874.7022048557794,1049.5226817040814
5590.359001542015,5936.8380433840075
4647.381977085291,3016.5259401219823
5684.677794939299,9806.299390877803
613.1598981916076,7466.13599551122
682.3988162760008,5782.674386544233
7104.832891556606,8516.350904182938
6595.921914844879,7354.288821647124
5938.142825776431,7167.478813534835
4585.151682847754,2607.8334752176834
6492.261739473144,3073.023345621222
5224.296462470344,5775.947506194433
5445.28133492163,9947.603114450096
2431.105858744191,4992.907915230214
2585.622758746956,4785.388886090679
8061.318391578973,3187.790602586761
1667.0127165190306,4248.5949058343285
3565.6711305728472,337.9287854195334
9574.955596762931,1028.8449625467556
4816.85897553347,4850.365290659227
3287.2119681582244,9908.314212915373
2201.682623797325,9948.75155647075
5221.764020732702,8581.687817190585
1266.4284337399833,9075.774884495719
2910.810466960445,9081.311719403966
4045.8975382649733,9202.62574876523
7445.275096641562,2669.5559892824117
774.1004026030529,1838.1787376419356
1910.0036806418418,3704.7861103084388
1391.3293795191405,5076.002353020366
8986.208264315113,4319.475007470846
857.392404726468,7878.779072603892
2456.048399305828,9492.278041155296
5159.340185611285,4052.847210746694
4351.790093037072,1724.667238792611
7841.039011880899,6272.3111314903235
8809.771032218223,8037.364463041884
4958.982013871548,1671.6341480103613
8737.779262456492,8546.00123666418
5553.683960673737,8424.947789843693
1362.9943253244792,4797.551987596139
7299.525895315998,5354.669651427883
9093.800084841761,7501.72800251058
1927.7955689279102,4942.693572432188
7573.342688334947,2541.278792963392
929.3887649823951,9168.833346407288
633.0255730242118,1261.374802717975
4401.7084739011625,8429.893550998095
6293.682743012955,4617.5469179294805
9989.827152307527,620.1316358369912
1257.006754936506,4465.176506843775
3640.5478483075535,6035.309026940041
3619.0852589392744,5598.069384687746
4215.2094607517665,4626.544224854749
7064.460207040396,1754.8337645999768
5612.425431313429,9773.164947575326
8581.892036455447,26.938803090972296
7596.0269143544065,3778.969932351496
2779.322324647544,5707.021357516195
7732.931722842307,2815.2687432874313
5474.971721186921,8718.52266388502
11.399123628057506,9975.184735027755
3788.5378952702918,1630.4259382424445
9455.337872173168,7251.266280281821
3458.0563920400486,1691.117264148454
6005.078603715801,6368.199411345171
7612.020708048452,9136.805130327723
977.0759783804483,8850.495130155947
1345.0553381761265,3570.685799739607
2022.7264721475003,2510.7832981077063
4631.831071899238,4428.778534228106
9328.757437539869,9728.42650797066
7538.724465626487,6008.742681292218
2595.790208016467,7367.226738882377
1847.288851126929,1138.0228385038304
5881.9927629778,4745.932052770754
571.376177229197,3308.78931838627
548.7548686971988,4731.358036727248
6274.79961717312,8943.959005108329
6538.009926477267,3187.1896779820195
5736.780399099218,4922.0488840152375
7203.284875617727,3180.1380364602783
7601.673585203843,7568.640170886668
8349.562615714725,5539.841861935536
9274.4511995093,7917.364943309369
8083.73225678843,1602.104678758406
8773.367897219807,6923.92650858582
5639.252446789701,4015.125740400628
5163.202574102463,2804.7744186733416
147.50590748734527,6396.477104402796
1205.6394599588216,2331.1569395572606
4258.908487120979,1865.0835752661233
4868.825718066006,3212.3516073360524
5387.927487669433,3110.011718257207
9287.51931885145,2928.1459559727764
5748.2412223835845,7082.614467428412
5655.9147890602035,4994.695690668296
8189.270667500792,8759.082953663497
2533.230870267497,9797.825802569954
5077.669860663539,7340.916453752811
1847.3197433927269,4636.334674144647
4593.645511455453,8770.34393862535
843.4271011617989,9227.615103604681
5506.034542263022,9981.398344157786
2130.4935694396963,5282.26039400831
2914.5499208701362,9626.734569766933
6142.23032071177,1751.6384096148397
8746.62151516065,3424.201364772861
9398.0412922109,1065.8459291214506
2981.1947945761585,9219.906180117676
8000.024834660535,2922.058807102137
5496.869799631317,8535.94635527789
1243.0435102454428,3496.1191259210214
6260.4552645503845,303.453796140849
322.6100087461681,1155.805805647896
9124.152995742132,8204.16300401126
4210.598745794334,569.5186517071737
3395.376650692631,2453.173207522803
6054.699658537465,5155.820618375998
869.8788345050723,3020.6422406735455
1348.8872527588646,529.586342517413
5484.222732941565,2670.351220026265
8142.024837695828,7335.383709030931
6006.205538568289,2673.011812532282
8428.79195390407,9437.689834025314
9062.09914609586,8403.558703586828
5830.165935636227,8825.120827697088
8346.52170119189,1556.7003551330572
6271.576292502301,6641.70305419183
5604.8501934336,4007.95106139759
8699.566589014508,2148.122410217692
3047.8839124183364,7710.932483583959
5020.733313476618,861.3565734942952
1024.4695605306376,2109.56877558378
9697.370969707552,2200.5720620883208
7050.411375140425,3520.680292175844
6002.891617410904,8291.454605069288
2932.736358030799,6389.577707390977
3657.2089406958917,5085.69992766148
5148.718094792175,4651.503228358861
2774.2837426278334,2409.728125070283
3910.5382973956293,3613.6634182149587
5334.014585913783,275.053881558136
161.97921851943687,913.3450333348436
6247.691919970582,2884.5222045888795
5035.911715109247,265.9409829603998
8017.227866552436,2532.2566705003137
2051.4002627467144,4298.015855018233
9050.752503144597,3357.915669417082
6001.623704586276,964.4944144968415
2349.839210797592,1038.2266185478916
3171.654486300367,7694.002214682037
9859.575910296087,6862.987730370203
9713.473880686533,6665.578271973849
1312.3427071846218,7018.779794395107
1868.5819381148583,800.3139756120647
3190.18816954698,130.81571039840867
7978.04954906842,7240.252892383174
8900.118760867012,4862.812983391962
213.91191522485252,5234.022323170368
2042.0427826566313,817.2904478699927
3315.3556973262234,9106.588602524598
853.0224531405372,8892.376616843198
3401.6751287046254,8969.934282175094
4702.772392694193,47.64086050122685
4981.5250582843155,5199.195745438517
9523.264079055314,8285.485085853956
2666.5419684060143,4410.52240964899
3639.595042758539,5263.917322228415
3079.7328642227762,4695.595766254337
2767.0813806947326,9299.747621285644
3995.9179257436626,1446.1217808268123
3194.186662316211,235.06900636745098
2416.04394673081,3892.667134261827
3721.996014189297,3202.9576911232316
1881.0052267355893,726.9959063990839
2310.327106629555,960.9968915807021
6021.3666182093175,4139.980336785496
2545.34959099732,4504.533156612926
5244.130186400137,4548.282658348102
4157.088911565362,4839.114419928155
7776.385966098688,3209.259443560238
4238.556369955086,5863.706929228723
8512.02728459679,8270.77699256907
2273.3504153306762,7725.0565835976295
6242.4580395093935,8407.196151056523
8704.012421774578,4955.144851013354
571.2894185543738,8230.399272727169
3249.6526667975277,438.50420600215267
7280.010994601317,3360.2650512901446
4046.346875704633,4922.100627741852
2024.9689543712036,7374.802492267361
4730.5195666954005,6370.225137660243
7549.267190856178,563.1490464269795
4469.324079961645,7532.285434989357
6337.244027731601,4431.955365438259
1630.2823952659817,4488.42383229869
4241.565299510158,1784.0736529051226
9338.825560877216,4909.357144660929
2164.915747047098,8272.554583136005
7018.65213643947,3423.866216460446
8852.585613056091,1408.5906801123738
5081.533790017837,7827.0907646397445
9203.088090706085,3482.2499126538664
2540.5396468816266,9054.192079507327
2070.338677640289,5085.4820677240095
7339.170664103866,7008.432368961293
2373.0740836345585,3022.645967873927
7193.801857374989,6219.976703940454
6029.185860308058,8933.005092190586
1515.8762699543538,7034.9374347722805
8561.309558206996,2516.493804452068
9802.79270740859,6208.7659092819595
3666.4208908496066,4573.563829903628
7271.386066118888,6391.297126173411
470.98037321907316,6539.038378862565
6807.326032983279,931.3734858268786
6433.5858636498015,2931.8011779146145
9915.253240417278,5768.471999383835
9653.952095907061,4537.582001576193
2245.9534705305027,7160.997916726231
6280.422244869328,105.66320030675035
3720.7475811202094,9694.738083927788
6493.848794483032,8747.155600493172
1584.1544056491186,3451.251850147223
5728.5784281269025,2972.3871112321553
9780.71983222323,7072.551848151706
995.3109987365583,3570.402938776409
3220.6126976998617,2779.4471952375334
9321.703709898627,8707.01659415391
6101.653344924424,9192.102398387506
5573.569901872823,8531.520806663586
1562.7340725016581,7936.450087317759
9855.51410938774,5809.729772805498
4176.428213800689,1174.3858245867345
6589.113856473735,8691.680733906573
6420.248663286161,756.62286785674
2826.1833990115383,8760.970724622306
3812.637607034787,2865.1569174627643
4248.584589579699,6196.151037228077
8346.611209830173,2321.7470534144127
6746.363022804907,3226.729370077053
8730.000346708028,9922.394343743017
2889.723681418911,8545.719877784597
5959.70478190304,9632.961394577265
1705.273379541351,6418.324215349507
4518.567787995163,8374.552733290056
5014.786578684196,1687.7732509774867
8936.585602607482,2647.610329139971
9888.578914423882,747.8967963597005
1145.9573969729176,8359.741424863727
9446.393610869192,8512.920564941147
7103.122845903433,965.0985913125676
5097.673028674378,6134.910894752746
3837.372696963035,4154.4335113781
4267.57841476686,6306.410927324941
7686.079652445761,3952.423474843255
3832.076516798458,3676.0532271392567
6086.8224973566785,6954.326484177766
7719.219706957183,7205.068390275702
1605.3906122918715,104.77747538492733
4176.279377865832,2813.1125317753704
5235.4530369135155,678.8666610479588
2768.125770638239,4363.886306493299
6086.163874568454,4537.084230812822
5396.503918274769,7792.337658193939
3403.803266041361,2688.707461473154
9357.642019584278,3129.426705266235
7499.626804493861,4177.403818296057
1380.1908930479335,3539.033878854492
6754.895235941974,7030.318784170883
1966.5319080224197,7768.928319508091
49.19180767010589,9171.151759703826
2645.911441205441,8868.80261459089
7530.095845962108,8514.947419587132
9009.703738085132,1167.3366667142348
598.6609901551876,5056.1992584146565
4700.657832412339,9933.307506817904
6210.911835165037,7637.93944207424
6852.363918020747,2347.3733327837986
431.5866226162135,7279.260523324764
9285.729153388587,7576.209790901249
2467.065143904672,2619.2016478286428
9890.635794196047,55.5177731092138
5812.869598507733,1475.8229859005824
6860.384924324926,5070.991686035857
969.0520587904949,3173.336781381737
6367.827786375113,2443.175236412508
4332.257357177539,5773.988193220644
7446.066549850784,6539.030135006152
9491.031011969682,7318.522088129314
9335.706652616285,390.0569914118546
9231.81119478078,9476.508773228777
2079.545728573955,5132.8628969181245
884.8141739626436,2912.149948757361
5422.443916249953,4024.3454314917994
4494.032563569086,9604.548473780402
950.517591678114,6267.391513511227
9421.148875816303,5775.267402638553
7612.681779790017,5106.880875389444
7939.622689963711,3189.931756046176
2464.9780781902973,8835.128457069859
7786.138391767736,9957.793392253861
4528.307181710918,640.0002704799479
3410.1702405125434,8987.029103915007
1509.922351877543,6856.8643022207225
4355.528270126716,3599.0494888173375
8910.715421758598,7636.389198491438
1644.5713363796965,9419.368406904532
7054.042627882503,3096.47314963022
2427.1282634548284,4364.830505497314
3695.1183070315965,574.8241678007282
6471.260572479957,868.6932465049035
1578.5897007979122,7569.0821960659005
5768.201573116459,5568.2880452072395
6033.506537738266,9180.804821324253
5865.546832761644,369.2406715243313
6868.598803132114,6572.5969147007645
3441.681010625943,707.3832482575415
9342.991094940684,5638.570498885689
5199.775050251924,2435.1499197534777
2539.9717404291155,1022.0374045995284
9479.645882087327,6938.3396857376365
4255.8276162294915,545.3448111485293
6921.1445347640765,3040.2062839871037
3618.253257158641,7722.343692199458
8536.990646318698,2044.3327384408794
3758.636991239006,8538.63900253049
3335.975251895804,3614.3070357816023
1441.15892551398,539.37565307696
9570.343154570137,6756.240749278079
8307.30016435893,6922.359308886487
7535.166343861105,7864.350204632174
440.42212754456966,5860.86344268161
5408.554961551814,7578.042651749262
2828.698627423656,5189.294880393695
641.9359839939209,848.0770455706066
1161.1292702139863,7406.97552996334
589.45993022268,8202.833285113014
9069.527320900193,372.1014760284336
9318.423795789797,8245.93501846699
8346.574486171958,4908.6912399435505
8731.352195284495,6869.939628396741
4471.26415107292,950.1987490903663
3419.600035982272,6209.271073192548
380.1175522371891,5871.292577885726
1336.865853046787,893.145727102379
8909.185859628322,3855.0811454392397
8910.393148439724,2904.6863070000163
3403.314856131432,6652.1588656690465
7821.51989768155,3721.452920986691
1151.5258688993001,8889.26427117967
401.7920247386797,934.3263554764646
5195.354013605938,9799.524649855772
2535.4358294452463,3030.6634686125267
6281.842045867328,2442.760794629042
4552.273661459349,6059.685768614126
9246.40255124111,4842.661243351727
2018.243205597783,6341.772409606941
8222.11314885013,8441.444980255803
9183.027186287782,5914.577917337362
6298.587007295776,4238.938781467834
5142.586841752031,2555.390257188096
8672.566068851078,1769.8378642210932
1053.0122647574103,6803.556970149945
570.83554329185,9479.916844916825
7409.780258121722,9982.893737260156
8968.737944501263,6787.87814987605
3921.000688453069,5338.298729356
9078.857117891386,3863.8321549480324
9876.79815732716,7384.56493755516
8630.113410689006,4212.036607131205
3697.041704851717,8160.076836101312
8498.805355259232,475.81222325000397
7280.38274540016,2369.150615694334
4700.963080193611,4750.6901189571245
7062.687476936301,6867.178555051066
5820.347960898036,9132.705358910103
5715.612940807125,9619.003531868895
1550.405391104248,5529.678582917155
7512.544713223716,7232.979090137066
264.7942231442224,7300.343849890078
8091.328972080089,6610.779574416418
7583.374129907211,6920.9434353943525
6935.913232560575,8273.085016221867
2425.627434225801,6881.978461492262
4391.808971063637,6983.21193838952
5091.0624258142825,3911.55923793993
2156.558802299846,8946.310711273336
6919.018734582651,6992.506692929431
2572.8162359751495,7290.750517208689
4002.0231277030684,4363.927266698079
6532.407581670686,695.3173821964898
6017.785176259134,8839.757574126252
5970.773985654716,7939.821995721357
9644.306070987639,1071.3035025145678
9220.203984807646,8266.49726729359
3522.3422376266476,2125.5229603570738
9888.357711878307,4235.742393703217
6484.910081182345,7149.7658733311055
8951.30134415682,8103.627551958178
6662.089899521759,2415.3216735386704
7955.387703899078,3694.5213443008606
5479.8701985178595,4497.291097025158
1495.9571242212367,5785.914157400223
4586.37178742467,315.2210841714842
1985.9299008935127,1713.8384822376595
3611.898399228882,5085.511613197113
2557.06642536209,7448.399436550327
6794.117508420365,8256.689290300888
4021.0413766132992,7146.431605849185
9119.845278071825,4622.956462236498
29.484125798830974,3324.076755523463
5565.428973622211,239.39147015054286
9564.737158644557,3987.498462582947
7145.892618136618,5076.609434514732
7952.620944972325,3548.7723554773374
3323.837594779926,4951.717310736508
3954.310418386747,4484.496450884371
2295.3286398717187,7023.888880823803
3291.04346578192,9297.867179898107
5670.903332311601,1034.9634068481018
7429.256321564104,5824.109537301429
1041.0977425908784,3477.505097987946
6819.1138051376565,543.3673829688279
9933.933850531424,4846.463982860449
3842.9825168856414,1926.9024928534873
502.7161242592193,168.17375503767272
3748.0701769988777,9533.218713475067
6548.012568400221,5674.980453415944
8315.94947582602,3012.193133581287
5046.361065507398,8475.772889718202
3550.3496351818153,6143.214751219558
2923.845059473269,6440.524671824268
3406.4071013688226,7919.839186955513
2068.2438717122022,9211.214641447496
2797.588484068517,9808.25810929126
5133.42595527546,6217.499393986962
5027.372301309096,8620.29992902167
4069.2375231619303,4257.958077802464
4573.669948079976,9626.197114127861
3438.9537405460846,4701.637408503983
2141.9913062911746,9732.378407293414
961.2496729355091,7085.868835516356
4625.867159273287,3694.129535536025
8587.615041989462,7023.425259844385
8422.580975345,9163.821262763917
1345.3432256128672,786.355697626353
6310.984750070218,4665.2652971497655
8617.418520029416,4784.394998585994
2809.0656847447094,5884.256239344594
2529.451945192821,720.4804680958388
8254.068730540765,4306.010799382427
9678.658892270003,1228.8468942924214
4288.242512131608,7871.362137061463
8400.83434582579,3218.0107901225197
62.55971136725602,7177.988362834908
350.73349730875503,8328.785617843534
6622.217324147118,8836.904600013866
2513.7841504233515,6874.905551985211
480.2336974391497,6889.337238764405
1127.3749717593662,9853.65097939443
1068.683697375693,3616.8362873307215
9264.894028510598,3917.9731688853203
8676.365202276973,9315.671680059846
4424.839086307403,9597.635529167746
8688.122730011632,5577.341344260382
7577.268509292076,78.72310412207372
3818.514443761689,5431.898714010719
2303.8399420904175,7930.352260436807
2747.9130497685355,2332.3072339545824
1298.8919959699062,5064.1994871219285
6462.671045095094,7007.906529946335
3995.883331788662,7677.396220187344
7366.506066748463,3472.475511955202
3858.864938364792,383.70633640303464
3878.189084739088,7770.522960585503
9729.349923481288,6173.219115619181
2660.7174727377437,2585.121420728418
2426.641657572721,5463.353680400899
9984.66824882972,465.45581086808284
8545.602004876402,247.22835133243692
9359.872959804326,862.2092731327502
2252.9405678509506,984.4778829171407
4509.2228833284835,5842.825355051833
4193.59249135137,1136.4951850421523
5705.229904225225,3745.599117378776
5110.132594153656,6537.043560822475
486.109516399339,5729.795902403618
4594.440714708893,1599.377510143508
2787.3288832969733,1678.0333472915465
884.3954454841041,7184.40775918234
6655.875404154894,5599.8909264167005
2521.534676431196,6657.267721596797
8875.011046378242,5797.515209579106
4733.01297611622,9439.415889262862
1252.4939147246394,2544.5676140609917
2725.168579277598,7090.615835614566
3622.8511924911677,7297.956880066814
7994.597132484884,1843.8128385385887
3957.1831218692532,191.35104309480954
6184.385008785941,906.8134527106874
6319.699525224835,9031.952210938429
1507.1725689791738,3578.4287324900943
7960.689972270636,8171.26470293938
4469.803173513691,6966.505522274708
6982.356373368174,6295.449028297233
9645.552166761465,7356.784721758582
321.97232065321435,169.63975316985457
9491.577959228287,2297.8219609001317
940.5822079021409,3643.8578860066573
9947.295460620766,4923.152404361023
2805.8791820891724,4156.945660870545
685.4179461057474,8681.337076621348
2706.326668655138,1885.419472728408
7911.870789356156,3727.2817291651672
222.73216852908618,6679.926197351714
4187.965353540445,7681.170392995305
443.3422622877037,7476.1300784123505
1258.166344629862,2307.0496294409572
3954.1401824838485,2714.1752093415607
4272.2729508087805,2244.829706807765
6391.610692420452,3266.5798899424904
2508.773334064814,770.0942319608262
9442.79656649314,7962.5774686824925
8309.794830449542,3193.298089943001
1018.5372967398642,443.94232369399765
903.6748359252678,4778.868814501697
9654.28926212465,6000.621566981902
1878.259920903923,76.94398481914445
1844.223203753369,4391.666991216482
9701.318421402162,6818.851381822186
3379.126495557312,903.3013825642311
9811.331466975662,7740.523027829716
4475.4031264945825,8303.260171412428
7419.134363445109,9245.878544490357
9496.041212508819,2246.7920138232266
7020.062253078418,6942.29089721566
5480.61524514595,2123.1443081269417
2561.5380236805895,5369.009925088728
2738.225108112272,8152.833623868031
1392.7781685724815,709.6653974242106
737.6635204240933,2729.1948973861604
169.2400265624572,6191.323130066317
2320.724456435491,5231.889778088335
8371.814049674553,5191.557578426152
5273.102141209488,5836.772225092135
7835.412637222334,6346.218298555067
7879.733654722891,5589.115255494259
9325.917758736578,7422.831558654431
9213.394728919799,6516.314568757355
116.6238374599693,4154.185335458456
6720.688505374539,1206.621707789185
9729.472129464744,1032.1010079614946
5178.621608219071,992.3219089920066
9028.843779142895,6930.993949851275
9386.763599882031,8395.791969176915
8316.860341032658,4725.524785270838
1139.6923588277307,7002.651089465518
9224.987058172444,4595.010241786077
1508.011304346859,3395.3717010317796
3010.5055896163813,162.23817357749692
1443.5764768606562,4342.6360375996355
69.32730070650983,9218.402491159517
7357.150195227603,7331.222871988762
9196.539496656687,8532.03910224672
567.5557479657789,9264.760898377155
7164.89116262988,7779.388440380986
6071.933239767262,3074.2108402013623
833.6067593656782,8457.71563041357
7882.074084082236,3779.613470220743
1446.2590704316624,1182.7508796667341
4011.4144253144045,9717.812391198753
2429.5299243496206,3854.9729769724927
2725.967644156896,2446.3465781300233
8658.04787190597,2023.1606406195335
3157.9961375093567,4341.9583564343775
8415.102508067104,159.48177302089306
7410.164772133874,5885.786973108895
7632.523320257227,3502.073934262201
3268.011654125994,5180.845135766018
1889.2682081472212,1488.8446408568002
8785.066859731074,9034.881294860716
7988.290173886504,8917.474853707847
7756.202216846286,956.0109617637769
6922.901021556118,2438.114427638548
3349.1241859529496,3345.434416361849
9308.281373774771,3753.8124459151945
8136.7548813261055,3800.2318196591377
5829.872224809827,8439.017696441266
1579.5761273400733,1947.522886851253
4823.597406908239,5422.793037442193
9811.867827719507,5442.52669439491
5536.719177662052,7279.500393418981
5599.263794674418,2594.9597616355845
5300.674900534834,6748.311454442979
1061.947004385365,6382.267432665762
4664.526764553722,7565.418439292487
3134.5476870447064,5136.861636391229
8390.586185129261,9563.933118147224
8497.98664732592,4826.781201925896
4221.101808292803,4315.826265941178
9128.938101546912,2828.294484803785
1660.5449418475926,3630.676375356554
6123.81631367365,7079.7280696512935
4597.5912850152745,9398.001125034683
1321.5085033836383,8314.979703330891
9913.410734844625,4071.7726178492608
137.52239129043332,6836.207965675239
327.142354841824,3542.2188985813063
4724.349221122981,5927.24509687843
8152.5851374273525,7550.562746824091
5087.844258733917,1088.8408574884002
2313.275711105621,5828.081884074649
2025.4213940077948,8510.843335118305
3007.7488308312372,2515.2216227253875
9568.9558384763,4137.163001992236
8424.15136126743,502.22801285097927
4955.197128658453,9028.852537426259
7485.104259760103,3644.551339884984
2022.466130105931,7035.094831216121
7535.1232143863035,5593.470584049318
7582.679539158086,6646.765052232729
9812.898551504099,446.614683091654
9617.844845934054,7081.8000166492975
9089.625176384594,3550.8752316207083
3966.203771422697,9426.660296446064
5585.929153095815,3546.835007592952
9397.798007040941,4444.747874360416
1984.304312802747,2164.7809211655212
555.537427112347,9167.30346124984
8685.918935929407,1309.1327191442192
401.6459189015453,1844.8085259197478
9270.469470304692,330.3225581430891
4802.561909203481,373.31493493407584
4016.749603560439,3171.0098031193133
4445.766136613944,1854.7884753229516
9098.723926054792,7539.250045454881
3694.2793174322665,2073.8885605325054
9137.530118229588,7400.206184470668
5148.305758673187,8806.025528980572
2352.8472007426594,962.1970634320254
9013.173830204007,2235.9045957571666
2735.92488070458,7123.4216236779
9837.357880506011,9944.333402384049
3973.92037904732,4988.5465583805135
9405.897770699945,8057.550695655827
7638.950183812799,7814.993935312347
4942.854096429803,6152.692112155332
4101.849851887417,4742.359922093297
6287.779531196675,9997.887699766625
3944.0698037037914,6806.874471221967
5261.170377955073,399.94800704374
7447.188679752005,2149.4215383571304
2326.749156139831,303.3691364913382
2857.546353849968,7117.391741950142
8050.208941574435,5921.808632625565
1821.9246698362267,5746.605285827579
8262.177962079913,1459.716114356978
366.0500636402786,810.0730097315578
7654.838999855409,2834.418056879048
5897.928049558781,3940.6722656784245
4860.016188568929,6866.371892654187
1417.9106062045144,4952.934811587912
9968.097751554338,8005.159529361683
6835.583522464384,5242.979717357445
5786.943416545017,99.89384780307864
9956.485906105005,316.4156419423747
6656.852692524523,4607.930053930676
8037.697607315427,9438.690768602319
7442.6293514560575,7682.635588635195
488.44398985306015,6637.779002987107
9860.503937564525,7042.731896935982
4827.142827762776,5862.958336152545
9534.953202197743,2933.989416465541
3292.3681648225624,3395.5985944833155
6071.3788815827365,9204.114012454585
6463.188847668434,958.6214378638047
5830.121083669851,186.6342324320247
8606.54238936619,690.8615671996598
8715.105129371912,7104.381072158595
213.7070641303218,2382.8508078892887
3113.8535120703614,4272.057076791861
3857.4005744747496,4615.132188065068
1003.4527095427081,6906.528070486264
84.72966692599782,7133.992387715276
5501.4096971145855,8954.010045542522
8598.68269119269,7175.072000893605
4043.6918149342237,7967.316392883412
7431.313129115709,8792.728905239348
7661.054070581525,1061.5733129379978
95.63301883254715,10.985925686901599
1888.1562674099982,7171.017219119375
109.03246577148806,839.8580759463925
8321.508542828318,7882.462271595562
1987.4890076502993,4238.798336687838
8205.290338148145,240.52431715162692
5255.297051858037,6486.264061751886
4174.231404045692,5720.418033312085
8788.015651153606,5695.545753017895
7343.524473779505,7541.510958254
7354.670201372278,1024.304955787786
7995.327778405657,9295.958219775486
2268.741377020482,7606.948917587022
4618.5984171552955,7807.092795497926
8397.199279445585,5786.988704542161
6432.132976603639,359.86380728994516
1602.3867020515536,2321.5783234100063
2482.754739736359,1320.433300649807
727.4550945174318,2986.061284819024
4422.917688812551,4816.845857162169
6727.740466308398,7843.7554852319045
9139.424501350975,8453.322945984615
2245.4816809668664,9281.19734235042
7430.924896521771,9128.67852517173
5756.783508598184,4344.350325855829
4175.334871226979,2754.3727625148695
3622.195183676129,2400.9128284489757
4582.074802780723,199.98957505509173
3667.5149417714383,3919.2291313299597
7283.60358282596,915.3549011123752
7790.555300225988,3730.727799442366
4899.269572073639,4582.80295003756
660.8048168994163,2040.968421868613
8091.230135766731,5746.240956287367
970.8348568707703,4864.471390871501
7099.2263160536195,173.41888898104062
8314.917453337386,6683.697195446768
315.0909803473001,7323.707696353807
7710.78850800009,5419.573539834773
305.7491060711015,8750.705085223419
9463.345722924882,2274.8726605849233
5944.82829639983,6830.455822700131
6498.094106662389,5487.328875574153
4846.720954792028,8099.696856488382
8749.681485125304,1657.4126259417264
5510.427186439608,3671.7565308460707
8194.789306595354,2160.8365319274826
2720.9023452704473,2228.0490914104935
8597.070405829985,9937.87040006118
9724.76384268003,8393.447200436323
5796.065908417022,7716.2133614586855
5139.314495978044,2577.6802354653514
1200.7746053461822,6542.425574894395
8480.697737079232,4090.8349959589386
5403.20325236127,2377.197381161814
9272.938206626284,7723.217012652345
1242.292868170537,9990.015734187029
1488.770770660348,7794.561425717118
6465.786060950759,2914.7732739608455
8486.555320928126,4305.8143364542875
975.7981696563289,8746.959422568229
8058.728604342723,6639.036297380817
6677.805971329489,1230.507154091738
1067.1075743016067,1706.8271933079727
5024.816454940293,9745.984164291787
2270.6549874357074,3824.206874742824
8531.650030465406,4171.119800753499
6660.641788494537,8814.27919764013
6489.287801642714,819.1686129777564
1508.500846416857,9680.322159809832
8403.098931892922,6103.82097431379
6287.37292083473,7457.980517415377
3420.6897991701635,1486.0315614989595
3155.0729364663443,1532.844046283105
6317.853979571816,1094.9356998774972
7315.369355903836,4945.18905119829
6837.1057081434465,6793.241888945665
1491.6920274562128,9428.981968645407
5269.716276235211,6754.911129082129
5014.6649744104525,5263.440996275875
1465.5034972063675,8445.770164074454
6488.807197798734,6875.8453931953245
3011.0351186108232,7770.553855745627
6047.71183973293,1302.640739725508
6917.0309321796685,2389.9387538145024
5755.822662396404,835.817058838636
7767.617831466568,346.09558665212427
3562.6597220268786,3803.998128920634
7900.75812525189,7639.467414341935
5733.561330978364,8606.564011636023
7913.692165037497,2835.950215037646
8964.927939936866,7922.409633880755
3717.091040709255,4749.085426066648
5289.163848543151,4234.2101377333465
5862.386024451921,8230.072529885538
1409.4244652425868,1995.3181555681276
2590.013296411341,6804.3596779647705
8187.053136034812,9887.238121339122
2333.8623586289577,1626.0625190616495
7652.42190271193,1760.0490037059967
1716.8366665915057,3018.299526748096
7431.710827981237,3444.935881601352
1099.4754666230745,7021.8917595251305
9496.027073132043,4893.900030977919
8320.597175080466,5268.658602118592
6645.189671939486,588.5930508635462
34.10905279174536,9354.032861081909
2397.764965982211,9137.022693822622
3267.827954632966,8236.254590201153
4611.327662627092,937.0202761428037
4252.036972140813,7361.830414177998
4676.85438428253,115.74183255750769
7807.959618315912,5137.235997770282
3335.6549822070338,3537.5963990943924
1946.883447469717,8301.55143063525
4119.780593703555,8987.850276869967
5927.352669054901,8257.422845511292
9579.974795901466,6086.371652929969
6389.159851124102,3486.5350859004584
4317.840140285927,7884.553941823952
9105.374904670532,5288.70695479166
2574.6268913068748,7818.364022581937
6083.291780450927,6186.528318389808
6239.049454971866,4863.261694986639
3116.47177252529,2136.7007423921646
5834.738909919136,1647.4897788295518
1984.4766928809788,4282.438204414213
2639.286974265028,781.0492051468176
1180.11157009142,6207.915386687304
300.8473811054846,5121.03160298427
9402.457594565625,6046.609352533058
9120.507732159622,4352.541358098582
6815.019866659138,9174.11121512418
4529.640769917322,5527.801070738512
9538.904441135768,8956.87584849643
1695.5843673163606,6307.143043741409
9041.225076480081,9166.733463544842
9084.893468253555,8151.055153202326
907.8944551892487,2573.2924312835958
5414.1826858361255,4296.007956846839
60.955661805707216,4055.796215544896
5577.822873840809,4385.532067105424
6770.112929158938,622.783956427484
3962.512154071136,9562.907954876582
9302.38240079606,4254.12749252567
2173.9928692789777,9753.678586665956
3767.9429229355387,4207.407835461557
9417.941245941618,8536.497132708057
7531.192833990315,7618.563607835906
332.05015730878864,2575.702855829869
1189.4940824855328,1069.8777785601364
637.4158863019586,9863.618048483295
5107.930113307916,2520.723284353542
9047.052490999491,240.76686340297803
6717.275382036326,4254.079683135461
8034.582960418698,2166.3223387016083
6128.143693044096,4427.620336626003
4216.60036602532,4828.95419170533
8547.97359903532,4077.1307456125305
4369.166035002671,5357.315871664175
6217.835548771952,578.9462745747965
9520.564832300877,1852.0417312133332
6165.690004480906,6057.586758387777
4701.97903732989,1198.207556433123
108.63148708814884,2845.002186863408
2812.470815845727,8356.033418534165
4077.522682913214,5534.228395356321
7152.564585997091,1169.995437014585
9376.636975880314,551.0343774021287
913.5768345234608,3295.701021037278
2527.3326890975422,7853.2784349172325
7430.752311267791,3500.9434351206046
1383.1884867870913,8590.21377855045
5118.411010851969,3441.259194887415
649.7041367992118,9025.740479303811
7641.211601749662,5733.327215862377
2114.2825318123405,4652.0841175306305
4859.225660870264,7362.429574572327
9774.530628553945,4736.209615114154
2362.1102870892087,21.33588591822777
3044.054604191282,9410.68902830937
8559.219936512793,5156.366430815401
6382.778356146809,9452.091280998602
4036.26701753091,7923.6390796096
9543.199340854233,1903.7384396866607
8068.587341838457,4088.658854135233
6766.469257707245,9453.072409971262
3884.127691045285,3961.834327191087
4861.699250450327,3249.6203023796597
2454.828401743537,8445.397603172943
4696.334539922238,8343.576121638176
4118.590110446113,1269.9092197841599
5829.562460834241,7940.039398484344
5599.690441182685,7649.335372375859
5940.060949939341,7379.394531157956
8695.844588637858,196.71249961852877
5261.729332847031,8809.29927207996
9041.035106013034,2764.8010347085906
5430.05262808514,6577.341939833927
324.4342077928386,2271.3543842167396
4829.024499185932,7154.932619237912
232.74548353426238,1777.8820310990195
4973.11099477377,4553.888449843938
645.1822913863336,9571.919368635385
135.29384656982722,5624.345059006653
637.804104750932,9273.120742511026
9234.485172751673,8040.1263876249695
7323.623537685462,2301.9346781099903
4666.883685266427,1605.9243643388254
2334.1234919142785,6228.6902667994655
2162.2111530136867,3049.9035268292864
9676.141317591304,2028.8563099249968
9564.971534768532,1945.6741370920738
1727.7849858488191,2674.503910864604
3855.016365964762,3278.114690735353
1246.2884599782276,8440.625711005716
8790.25894880271,3532.7651519872793
5196.912601175341,7792.129008065918
2347.5295643237337,6595.96519137208
7595.168820222614,7625.945098943185
808.3455426362996,801.4165073740653
1420.5018113323943,5653.431588413521
6306.5868205495735,9196.887001050967
1584.6471232627491,1243.8868802073632
1012.8190812824578,4689.0955688886825
276.10983614974384,996.8373613508563
6207.632794296097,4738.407551231681
1962.4864803547625,2524.0409882329504
4053.974194769143,8882.587844550559
1751.4059412770011,4003.5935383270726
8732.387094755572,1120.3149756679188
6093.6115616508005,1768.2132105890823
1284.337024080251,8461.614427016451
6423.892292098387,8687.372771885186
1200.0554519991836,7420.965149161399
639.9421511670611,7211.54149304229
414.2120759801771,4581.054986013086
3040.268664254964,7877.97318923226
2739.4922617539232,5444.310710627188
9108.62333371864,612.6376948991608
5632.316346552013,4133.534600263877
3709.722959795033,5856.828729984144
2897.8737031830183,3478.832307345738
1719.387971989309,1080.9585765424201
1717.3322056447794,6919.994394243355
6925.906598118246,8596.413490405292
4667.179361691772,9767.703476812534
7164.100745702767,871.0302953975646
2386.2475290132525,8352.526181155898
1100.7671006174603,1994.694633406894
1009.8919771902792,1780.3062641145195
4469.27807595422,383.5344594818824
8148.047457320362,539.4679441330874
4669.39391648033,4644.288797450413
4628.548078756515,9984.143332422367
2474.763004406343,8148.540528321509
5658.510743469201,7174.946283274506
1147.7870984230376,8745.308579914637
3116.571756464327,8460.054815889129
6269.11127860475,2607.116950025109
6695.22803897037,7590.443776250858
6487.944225335932,8442.81993677234
7135.035060527095,9988.3706828119
2192.443667669506,992.3502513848059
7060.8551102931515,7111.7549320614535
6295.003390336594,5729.152145378502
2345.7251377298926,6756.941020691482
6029.85101352457,1213.408907395125
3490.3781314245853,6615.400091248413
2083.0901689074767,717.0053664397369
147.19934537722247,4261.373101649862
5310.7451025426135,8545.424779630857
1991.394462701026,942.1640225008299
7488.671183818042,6610.584116820677
467.91228665942765,8823.49770001182
1787.3522918097794,33.94527371861966
4034.1505131310764,5346.91306757463
665.4667386445268,7963.215713004739
9265.943370081017,6089.394933249008
3246.251524083423,7788.357839360747
2197.291695791426,3287.7637273846103
2653.1088209550358,3171.7021831500892
9433.320678124133,421.74612819895094
7897.7161783721,5071.703280732335
4448.138646438055,8684.117711167939
4105.189895579404,1351.054835044323
7729.369275463965,9473.28379145584
4767.039827433568,197.7183115293446
2529.819814279637,7106.421464557593
1153.9909366895517,3375.011217220806
6322.664012294839,352.2505723662384
1325.1573951856399,3287.1267411360195
3190.086029180631,6886.9964763060325
1446.8625858382188,2309.5060618395946
5967.656413335937,375.96058855298156
471.5621501934841,9000.557885714863
7630.270801253994,9211.595992260936
5583.382949947671,1165.820089830778
5974.772915564931,7736.226069266957
374.2119794254006,7382.996851462238
1159.0482236701405,1276.9621473753411
7293.080752794464,4019.2849733271128
5112.66992691446,2473.0464958915654
8207.613956399418,2854.0510343451906
2507.147242915361,1398.5170273660897
2352.906574779767,1297.531918158169
9318.527192761157,2404.7925193193178
9992.084929319824,1327.8664279553475
4473.637697189666,3397.9536615726156
5354.410418101637,5789.3796984217115
1523.4834116836926,6407.256318849246
5626.871867601276,426.31421550241464
3540.6692425294304,7935.787905950313
6951.943877931093,3188.3648902864825
6408.629681585423,4165.114632152444
8763.372223138256,7948.95964187023
4991.083664148657,2129.2537306281433
876.5641532270341,1792.6083015840854
7781.717913028504,9545.52623322575
9854.356328494036,4422.754831891633
9811.676083375894,1484.485723432788
6929.198463327814,3141.056093873982
7315.669449241749,9460.198489036306
9442.358065971679,591.1215937436598
8446.443092994941,246.05130318642532
8060.189504405622,3113.7644440059144
5060.558910138614,2974.3438219136365
9408.261665333139,3073.387355132242
654.3609525282068,78.19509224532672
7268.053235451267,8860.292722796523
893.9399871296216,2023.4540141999014
7026.158294304802,2102.1566559933726
7319.440827993727,4221.70494026487
6544.0916592081085,3759.060986850965
2073.5403303807143,9190.208934106557
1949.6120239251247,7365.962609651073
2218.005504448444,3676.8633411746964
4012.6002829406502,102.76005007535561
4504.248706906283,7164.460040088382
2386.3510576541003,2474.7148393249354
2802.9509388150054,5015.139402266269
1251.2164907075241,2449.1317133029643
3344.2933448664203,1689.3415042262372
7225.928818344204,3754.493274730765
8265.357628284008,8633.093936057936
153.10493950459804,9142.457971986802
1115.7894929680024,8298.948444587868
5071.126254406865,8035.3249016020345
670.0667608386268,2817.7295444108854
7594.446406494114,4809.0165789463
7561.122033172745,1564.2093799878287
8775.576345049487,8568.277236596161
5820.124655971027,9367.82299538526
5336.747269581853,9716.941136584817
7915.026848538631,4205.979897502747
6890.175608110337,5281.634150510169
1466.384368738758,967.7640083424699
4585.5050270046095,5934.63531424738
6396.240190607482,4305.165522884732
5669.030402759221,2710.229904126635
2629.4954629159793,8602.540998393923
7065.7969766109145,2978.145967240037
2021.2776529371035,1472.8103061013564
6415.281774883558,9918.127215698954
3567.818263200897,447.3767760593994
4761.903874359354,9990.34892837909
1984.1815578108879,4599.919064795812
1749.0217083163107,1427.3326337131032
1400.2956382130294,9839.04330842874
5448.08550199177,2667.828494036797
8648.11624431946,7741.487887921948
6727.038491771999,1600.492574206388
2931.550594322345,3885.934888036414
2059.4278044169314,302.6760115344118
4984.317881555187,4537.684796671193
4425.574907093927,5761.58830721801
3079.0874201385723,3938.0049636456893
2444.038718793744,7153.603988346271
8339.557810944905,9566.761059352111
4480.749486877626,4270.324890486248
3921.5589086818613,8128.903140970731
447.1156315109437,4701.926378092794
2757.4713007979135,7595.712691170657
4175.689211438569,4982.5237132042075
8790.777289041373,6467.972319420984
8417.692302206637,4172.918167875272
8018.714319177319,6424.7259669878085
4235.175447178434,5463.325764785858
9106.917537277079,8398.52721699185
9799.134810926585,1653.2596797929423
9504.551326785404,1039.6501031969651
9978.993077116918,8463.467235047809
4898.8073154305785,2557.315763189948
3154.2501156102153,3054.6715385565103
3973.0995851489324,7008.417409485567
9658.116980197483,1263.9170927315713
9541.747954342665,2317.680566122231
4987.996942260039,8277.158793061744
9223.051615540859,3144.8966018000046
4720.04289678331,469.9443218501986
3443.486069778945,9557.272472988707
6961.076576035058,2184.132262843463
7665.712826468206,7600.81814073937
2767.856520755626,8923.828443266902
4291.855064118798,9367.12479136422
3197.6695243398613,5729.812585211715
8097.071962071533,8965.175762062887
4570.322823697161,1334.7571907596634
2570.972076008803,6093.748089715674
5764.832096889827,5557.597654970622
5400.652324353521,1348.8459640082795
407.55029005993816,678.3278942189075
2169.319770963901,790.4809369676213
7328.447827961644,2620.128497736073
9218.986022735658,1476.896493658537
6011.31181470192,3981.9864621545507
1409.80932652083,815.5963741979444
9255.194440096857,2111.9742778279183
2309.6738742370994,3975.930319386716
9341.411875140506,2343.748368106824
2421.5234917462926,596.1599415205354
4878.721407999178,989.763184161302
1213.7494278584181,9302.301502236895
9403.639453592028,6100.218718876852
2280.214358940382,559.6513729065666
2466.2815272671855,7273.035028117548
5240.22244731538,8386.46110889205
7673.548238919734,5090.752485962682
564.0076112122683,2399.880258748347
2116.810793993421,7880.23177111615
6630.708014488542,2668.4583243618545
1689.510897783819,9747.049764832367
6349.4105346576625,7606.405930167824
4073.3827110757925,4445.779605116369
8938.466272751966,7351.18090552857
2011.817994951448,5231.722929131305
6187.678323829877,7553.879157603727
3725.287396778988,8443.123410068021
9572.101551427844,6486.708492457843
131.8774402803291,4111.81348769389
3291.1184412688885,790.7979191883563
4696.382152964878,5513.655032136321
615.9426486703701,8476.247525271456
2236.9192681362147,513.5444553051316
7400.188008779005,1834.402706646312
984.2560352239637,2820.2665616359413
9846.823671224058,7942.952046288725
6740.028835348574,6504.038038726133
1040.9587525732256,9851.863600257102
3369.2521669120047,5427.507534510132
3819.8016220856643,8837.310576275811
6950.583937986621,9614.340946808034
1132.3437485698928,7345.657615170769
3995.6077406426916,273.63130587445215
3219.304765675396,9713.863544129437
8908.515023317968,1678.1524165110507
7548.357684855995,3000.1616250216857
7167.639038017041,1084.3229938681675
8419.915249024152,9599.01619867759
6712.668978071242,7287.125715510462
2803.146042327351,37.92803358161234
7286.280513171707,7918.719793402701
8093.128073555308,8968.62734088758
9835.56717276197,5392.193264137428
6634.802452942928,1352.1662381957278
3246.873810052083,399.3857453552918
5835.3153820912175,9362.08237078918
8083.452022738962,7422.569667595305
1390.8034111906886,9322.4213854294
5713.388055257536,6359.506329704688
653.5097956882207,3305.886682337652
9552.587508224926,2333.6525770944017
8051.311153286664,8317.020688862764
331.98631883574194,416.64885344615766
7406.868879220997,1490.02021949889
2536.430990672759,5319.638147535717
4401.849647797302,642.6758581042812
3559.3478834486345,9833.46520001055
7036.4891682419675,1611.2734068773605
6410.227975261696,5695.6388340643225
4101.097662102346,5609.830127268778
1018.126429741284,1080.6085495520633
2873.2907637158323,8495.99337427433
8458.338208024854,2482.4438702791417
320.4417359523604,3649.797173124346
8056.48004244977,1698.313551507551
7373.275878529042,6842.687243455783
2062.9733954924022,5336.805642774029
9104.71995582978,6057.05251597196
810.5861100186063,8112.005984595694
9432.64264059781,8385.008168617665
818.4132513945852,6157.979500897308
9060.572944281525,2870.1534703961097
329.09999685309833,2205.3719884847856
3609.684362373403,6985.465339620783
93.04431306695892,2188.5158244938607
9502.180104548437,6382.736900354023
9194.761938010151,5413.684080886023
6665.245875051674,453.3189035994101
7012.412141767015,8345.52169600723
4910.724358623073,6741.492096296096
8094.852887354882,4053.6305512698477
6912.359845707465,845.0192139659573
4957.540872013612,2127.1862347497186
8152.254029780893,32.64279346692267
6806.94908105287,3786.1250772622825
755.4326420682622,2734.1756082833435
3003.910514521574,9919.241476350651
5910.30302998548,6338.419415795971
5063.0446214450885,7776.008399837785
9630.846542216235,5828.623983169202
4943.840205534562,2139.2850481119717
3878.0222405118957,3551.599743137902
4119.708617791016,362.5410161377973
9571.806276561581,2679.6183225673267
2691.791436969713,5019.037111469799
1369.989424978264,2328.44645803719
4295.71308202494,9911.523116648508
4973.817217423235,6989.494069023789
5105.113328263151,4839.143509704996
5884.059506317009,6254.376426566015
7157.521365749912,640.9484870484127
770.8849049372235,8540.59022378857
3375.0136580159683,9775.35177920008
4315.221053087499,2953.920917481375
2179.1406240490996,3186.4902811611505
6455.880854161519,5386.190729140422
3293.919311807888,3301.127156915086
3108.1733143255487,6366.0229284011975
3821.7272480583997,1617.3088270763014
3073.4068589450026,4720.336498828238
1121.3615197494687,7665.544618939154
9018.880016735424,7268.502909131458
7240.481305651797,4849.25657143234
24.83629020438749,7644.621888982256
4609.306921641631,4447.072695052952
8286.15323713084,9638.73107172334
512.9878058156223,4573.227201106404
2247.7838668850545,9825.112418126735
1628.958203409606,8317.049636475036
9073.73355017012,3315.684209949311
2516.826011557918,6882.991527968798
9503.045376510016,5050.034207022076
3266.282951856433,3315.7072253396223
8216.575543168829,4392.957936514895
1809.9148167352764,1264.1566917528812
2598.192948546174,6966.855245642642
8502.723396229101,9294.730293374741
6066.308685506829,401.26460526204386
3821.4039874989335,5929.504828858986
255.97037609612738,309.12880391222086
4457.351233080161,1928.7812890575929
1541.1343629853136,4855.164362519692
9949.063644123808,793.8738304232506
6822.518653781886,1334.0873901060556
7843.456737821653,1313.593471351795
4629.728471735045,157.03672720222772
829.5717490496568,3339.9132878418445
4755.626542649088,4419.7614087041375
5490.052221548155,1136.3132412467958
7575.768626373781,6503.908824451033
6796.507731555417,5855.517586427599
739.644899716403,3532.300895956595
160.7376781149439,5344.720008456112
2315.319086922291,4033.032398287856
809.5870779049496,8733.011329772893
8427.508098671768,4606.930091927461
3914.937447272818,6383.675331877276
9613.908937657032,9928.047334741039
3139.6727713482564,2874.648538954636
625.8165729630383,2416.0295997669114
5083.309076686479,8568.021396156293
7716.362710329149,4173.340135891071
8865.378155882043,2680.3413766779804
6117.258819020411,3101.3047943328174
8461.631205215215,2821.733848088972
9521.43779654925,1128.5919085206042
8730.399683517307,4624.148131845588
9047.12902806821,2479.5205166671676
853.1699339832799,1314.975233065524
9321.548880384966,3977.6390429750886
8964.174607414236,4541.504526641804
633.7727288057305,6427.30190235593
7999.767071138627,9503.519853290243
97.91261635542226,2968.450276319995
7446.269509705956,6972.2218003194
1222.8817541749538,8021.613271312894
5061.427187635735,6001.959428550073
4901.157147558211,5269.618818726211
9541.781741907635,1365.0676113104287
5712.645972557939,1431.8521564756404
5979.855747642624,9187.77211250637
2596.2006536316608,5524.431328040484
5618.901573223295,7408.726401299139
9993.657477872543,1666.220152457105
1540.065703364778,7027.057775223156
2059.297744129671,1229.8370832324956
9.782524695521877,8476.267021374433
10.777954357854558,5172.217272058485
5807.1096227632215,1551.5364385194607
9765.28862877595,8834.350948401034
3495.946665814207,6567.623551362558
6789.374965964577,7039.351355332965
6505.615538800786,4695.867001386734
4661.480973982316,5523.051181221773
1737.9433481690787,1771.8578308386245
1858.6488600507166,6093.3503009296865
1978.8199257308604,4397.717971635485
2352.357058838577,6995.950236246692
1599.9264664051639,8386.693147667795
9647.586627838284,9249.281021710067
88.67742981898074,3162.1687812952214
9839.878599604805,4569.266255221704
9593.478313995594,2270.262239316594
3061.7686003446597,7108.976712561894
5053.886222326515,1938.3720424169526
7095.083369389414,9824.53757797306
7161.7680449550035,4408.7413320286805
7941.943189768518,8374.082462860026
7370.290137701923,7322.92646018693
7323.942168096944,9228.223849257685
2119.3306548843348,2786.138032215071
4136.4292500054735,602.104871727539
7510.396489361888,6624.207820510145
7939.678845849635,6254.173065082656
7996.995034449639,8354.966083830015
7298.905817696165,6403.893517361608
4149.163181218314,3270.834416428523
7222.487575831091,8897.977295414474
3663.3226203287495,8887.884409463966
8069.13332002188,3338.440229933779
5327.749911505963,8013.1354078207505
9833.633881105456,7633.696982359031
7643.968759550701,5454.079416295078
6106.028662524999,3793.808287728794
1223.833583517837,879.1716815152539
2947.710028567656,4631.579893214776
3911.03964806187,7702.035335855796
6746.358103302482,8722.893063855296
5697.7759534800225,5418.848000402384
1384.3121166070205,1586.030483298334
8842.361817358416,4145.199322948554
5575.862789368339,6650.255133800361
5239.794581249018,9599.724172553262
670.8796196272659,8860.674121839176
3690.0007940099144,9234.321216258153
9192.539721348703,6995.2378348494485
6934.265520480597,8140.49439086676
7905.16198334935,3427.9399273791732
2278.691565144396,9799.75459073115
9109.562441899576,5381.258299302397
3069.310242666986,9032.373771770091
1596.2510560843468,3237.433893049395
6732.194519087338,2053.232296452505
3027.245256198018,6181.050252838557
5580.643620566387,8784.193778302886
6922.338480161215,3549.337453827648
2415.425263405504,1514.923877761357
3317.6730724941262,2689.8195059941245
2449.4861620990905,8208.094298082031
5607.797340196423,8788.18567809621
7886.335980947635,3026.1904802974095
6097.486791198362,7528.555560179026
826.2325464515629,6119.524458977147
3413.444132147815,3734.7609577308003
9282.417448735623,5456.9060409065505
4423.536496426977,9125.983539688254
6600.989719083157,1579.8253544564088
6314.927922209552,2475.735807565347
5722.405304039393,2232.9809667839163
6946.61045613294,482.96608404866157
6290.625803407711,8425.579717553308
8856.48363836022,146.81965950651187
8423.90891702883,5530.130386077659
6177.967804197515,9533.09066340095
6497.141436931203,2054.3088765828134
6228.843536067227,542.3231410349383
9527.516763041302,6786.343740884428
6016.128138582627,4164.5184368771825
8833.74139137824,1977.9385001949556
529.2412869214958,8928.104490239413
9641.263212453936,4371.7920249459785
4198.562374167673,5131.321254573417
6797.676226211439,7020.524502596302
1642.2294726339892,3415.5064151446677
1646.860059558478,7456.263767932744
6044.528356845442,5477.083689646875
3025.987350658352,458.2597349444584
2681.1261882790614,5390.909056178852
7723.246564147305,4870.954853922528
3907.277307811049,9324.927494170126
8648.766686382056,8134.275409356513
570.8599914917179,5125.917671670041
4862.257256694359,3196.0604709616237
1140.6615560204036,5822.593744540799
6496.621255461069,5172.32166926642
2498.047076451366,2383.3824642582404
9773.762110682588,5991.079664565295
6651.241675213118,1050.4432500926687
9185.818181891847,4796.99838804283
3053.0674721051955,5950.968045956104
3932.6095138630412,9346.612219401448
5636.40294705984,2049.5086765227243
1872.160054144465,8176.977716303484
4598.624635404086,3501.4465102198255
9871.792532152094,108.28993674483644
1362.2130785217612,1933.23719716069
5086.136127132003,5997.656330525761
2802.98370544099,9530.295158950825
602.3866679727452,1452.5954939868734
4555.535951614907,5255.338951145836
742.8399118871987,1347.4461731247923
3484.5049479834033,9116.15196278708
6866.467020671375,2841.8186267927604
2019.5195195346062,8169.608367744399
2559.907555278702,4101.365336481235
3945.5138316069792,2080.8747612992697
2402.4239567433183,1590.567625800131
8603.454815943034,5806.555797325566
3368.195815480869,9064.668852293578
8668.184250816623,3615.1767878561623
6367.7278805039305,3470.4923335956883
1914.702937416839,9523.760474626366
9470.501145843526,2602.9164925243585
5885.557561521794,168.05343446521292
4609.196439029931,2829.3421418384414
1503.6612511615456,2481.0760879403647
7913.465490581512,2259.4532013945477
1278.6352383504184,2051.10480778823
783.9639525928354,3535.236844725411
4720.666027288626,660.1695662327401
9952.104580674066,9728.822192866557
3690.8047429689473,5964.580032493354
9872.27768672711,2997.956004167519
1560.0431648450108,7852.710181030574
5608.637859319976,2647.6313532620975
5106.063846118922,7683.201648810064
8928.751325486255,8541.208083525042
6559.081464360594,5905.766144364
8307.096457685664,4127.423022157625
7055.213551476936,8959.945157214264
6177.016789126755,4535.741652936938
2965.8424090974645,7143.227553512075
403.4644370073592,9522.939775558985
5417.912060101265,9424.315061085916
7372.248153758174,9808.819806320402
5558.128905924834,214.99062455986652
5021.2247144733,6910.358902936699
1582.353414512888,376.539905294192
1082.9676932112552,3356.7627087184314
4778.9490550005485,7119.147503356541
4434.517992111736,4571.190611772747
4483.949161358935,9558.692014144895
3811.5054600372146,607.0103473026112
6771.354373985552,5973.483802824378
9723.502033266413,5994.542308420704
6804.218576833292,2925.381022690071
7280.091481541009,5769.3062651194805
7422.22560681223,8612.851020876164
9141.024598285347,8095.98819287996
7272.7008840375565,1521.8214859199131
9314.99613050538,4407.520858812493
9860.228242253228,5699.423191545247
7182.876637548124,8768.76794164719
7213.6634558215355,3671.0826445813605
9591.955326556625,2673.720560771554
9814.847437203174,6918.342901729191
2169.095307452842,3293.9655061009644
3266.2630845415442,4004.2671980711366
7664.125993838186,6071.410748024151
7604.918175188883,9291.543104356544
7185.542119758244,7678.804567172419
190.90660601444486,3100.9024972569187
846.0001934904637,5607.33824172161
9529.87159098436,3453.5709508932355
3904.7740664682638,1346.4019885782286
1629.4956113169624,152.36190101337255
7713.202671348874,7939.634953953248
6883.283662326438,2166.387607781103
1133.9181807309794,5202.034956649344
7512.9377592573555,7234.887636807495
7591.843377125835,5281.581672000658
156.51701850946108,3544.5241057418575
1540.3221730545135,6757.639224667844
2130.4451168294327,8520.61211331305
1427.5956016033108,2234.8942709535227
803.1628413881853,817.5062439325998
1695.2531040725771,6964.2051225973555
8814.413619085308,2953.34968705411
7796.65909868807,6883.759341521975
5525.026082940869,947.1352655810306
7017.855429382867,5168.994367955066
125.38039662192358,4674.566700462469
972.0572845925379,437.8880933189544
1618.8417929098575,5491.637709496333
8728.109938662523,9003.539833902085
7046.791183719567,7304.242681543707
7612.624946859757,6457.714606032804
3351.229892791869,344.80257742775854
6293.62482811451,2645.8160977854595
6500.686975411783,9998.14091071362
2368.641257615034,3858.403214644297
8860.041297745052,5840.418015221963
1336.9636419412234,7026.956394231358
4295.776829568429,8636.292766028038
8703.81723382145,5169.89025811212
2500.885791096965,7284.985020369077
7830.763879633047,9532.584665872384
653.0306168145295,814.6272822942335
8942.320420173564,8318.077171680625
4905.123459895623,3623.2267018999396
1807.260767498713,1199.590955225216
1803.555084759607,1669.9434248603739
5399.746462467918,970.3208340229108
2323.878157188366,7278.053680980952
5933.832909083661,6373.614738924774
2191.804638212351,3821.21481212237
8176.766324224468,9184.697892105289
3804.1880347568003,7982.36165439913
3726.4868228359082,5340.95908926437
5937.966246322666,7019.503559578704
9029.687185637882,8709.539526137256
495.98557603319995,1056.4568307197853
7755.6945952359765,8081.402477645325
3341.151056399554,6784.6646729953245
4036.4202367500848,2896.898383902432
1186.12215246795,2651.5314653735245
7702.199988172942,6539.569255068761
2569.537647732153,5103.1647964259555
1200.1401008965051,8964.156031031856
3735.8874517634476,8127.911649841887
4154.524061618018,8415.509837663696
6970.876753148805,9730.718259457886
3057.413641320207,4065.282010315464
9991.297565661958,9334.843096494278
5416.631691603881,54.794496305292654
853.5950182651142,2503.869052648331
4173.826670444938,4175.336148100481
9950.553302162167,4977.736967114046
8450.258559041045,2451.311383301741
2024.2647395759338,9296.128952415223
317.1872762976224,5826.367083583871
7131.097938096237,9061.613767877083
453.54774749670645,5130.553957262939
2987.232284665294,1335.855207445875
6922.06073663816,4763.052599645313
9522.204996861967,7845.752593105781
556.4799645067231,6423.498694951426
6726.720214650703,6492.87837819961
484.66229041170817,6088.3972912936715
7295.442536308821,2550.25880720292
913.9783444908878,974.4658590808175
7089.061691324197,7491.183346215656
2085.8052771104985,1602.6603970596555
1112.8865275214296,6948.671152247654
2076.4071426548226,315.38658652746966
5320.877673450939,7770.967221510806
9931.127321307253,5914.113450356242
6379.751927553999,6571.58913904006
6470.955261036485,696.5729040316327
408.3025058500811,5836.15643417019
792.2975908175245,2999.6386376376418
1242.646167711897,7409.692185839131
9071.511062402575,3464.950932986006
8166.6998475957935,6640.064450478519
7135.094348807663,5266.47963963339
6668.275808108816,6594.4942817378715
3752.066946823456,2083.322289476629
955.5164620675849,8635.723138299183
6991.130547819131,5306.425166690933
3644.450805413947,2283.553389287164
1563.1637266673704,9990.888406906142
4438.666139019949,5851.748786904821
9585.482262539314,9819.285938825362
237.22961805743182,6013.408090061267
9740.504025749091,2982.7514320926994
2714.216644522264,5610.505959127377
6511.8462344803465,7904.636319909062
9258.013675911805,8801.620925981926
7544.128641309065,8599.749299735064
7347.797927464473,6999.6200188219045
8257.877662035507,3461.89806864844
5139.5218008474485,1919.1219643234047
5289.6625670359535,9222.282589581962
651.9982617137742,9301.519862133619
7926.179650718047,6830.949834843522
1671.6965539422745,1993.0998553418056
3776.3829278518315,8218.340439436524
6086.8580139563,3523.4212724214917
827.7399109471917,5309.353321164925
7327.907835559216,7475.644588467102
5491.7189509030495,4088.799863128458
8544.917370824252,4075.7221920010666
7111.970304111198,6373.75125438256
6566.886247446717,6988.360414473488
7006.444922827236,9714.198285919601
1958.2047100135403,6586.553803110647
3865.364651952675,3078.0472924851965
5606.165813968376,8517.63283378271
2710.7902450023357,7067.024784638448
5409.538911408722,341.26468403973377
6548.063836867753,375.70245504662034
4107.807917744473,6030.695439864672
2438.3497097125874,8905.481339045004
1707.1486819731351,5427.384496551783
2962.7541375425603,3823.4634555016123
8039.563695002974,2205.7622837542744
4542.5350935732085,4691.791460056258
945.0121230095798,7500.6262688388315
9640.78488932785,7958.2945719041645
4943.956556234631,7155.956590057894
759.4780898774334,553.5751473037709
27.198770012777373,4534.831617193061
9423.631098446034,7658.67358403
7655.494115085342,7258.304849371756
9197.96228410917,728.0819841348607
8346.52306792323,3256.369335378616
1930.771154497185,5059.917001286924
873.9014101656917,9910.063030325868
6795.687909485267,375.5246389750555
2511.5264587210386,1312.5049224308273
6122.290505927684,4939.652088962562
4408.184481839154,5838.640167734569
2110.076793990718,3588.4594693427894
7048.986300361435,7461.138364870797
4249.495770086218,1097.293953732259
8735.486896873366,8979.323435049224
7451.530619451037,2577.96798142216
4712.963283465249,2274.3878197474032
5327.318216932723,5104.3813411541705
245.8783506360207,2225.12765241079
4906.8572788399515,3525.80853726685
9130.308010532195,6300.941107289209
8637.33107964957,1558.1218182372859
2743.173531667014,9496.783390279772
3854.6230195809717,9441.654965363201
8446.49824446178,7934.272657618935
6159.729213975561,7881.004657846943
1541.1718596907997,4035.8460684381116
8745.777913609814,7503.550495141498
3674.019027438261,532.2218132230361
9045.92550301759,222.29160637528668
1635.8417077942888,3023.152485504487
5445.456393442868,8251.707270047786
181.74428856953529,6993.266675210558
8142.912266560025,2060.499807512912
2357.9208044848688,381.73550428587276
5131.75870792242,1311.390021889781
5989.617821692309,6344.917258737768
2618.6105348734422,5345.88058428205
6377.727767820199,5900.829330313116
9110.873035159313,5660.916877699885
2682.913943015708,6968.152630163207
4064.1933697055665,7434.802281984814
9708.86302235504,2887.6734997430353
2249.2364119254626,1413.7699661372317
3408.4035514939014,2798.6249740807934
6986.38479950887,7438.185567890261
9798.427658879707,4067.362427297966
8522.850950691558,9527.708646022576
3703.4982555233773,5259.492892264111
7901.613335297234,6243.946712042395
1253.6177871057553,9636.989511256172
1536.6314220648947,6870.255571204673
9145.167933994147,3961.9258681056026
6199.196324151639,6190.650634562127
6148.195192360432,4507.597726364714
6419.333809686432,6603.40979608744
7547.409422036292,9493.424175000617
9426.734566258672,2771.608485884831
8287.669517889344,3475.0282401258514
8766.029241757753,5039.8949691525895
9396.015122313214,4022.898957162814
8967.428978778378,3032.7460735687005
7669.635741763596,2249.381916908049
5213.624867373371,2168.542982719789
3554.372422056614,5957.941566398933
2676.261853402566,2508.313370432491
5667.491212957607,6135.492410853584
9249.644178548522,7787.668598651867
2619.5011911868783,494.24231710033405
1046.4637876003624,2988.275510242343
1415.9667264449515,1668.1300211643247
1548.9791446123502,7000.896600820303
8585.743116191172,6022.87478157497
2978.13537420178,9332.995077148462
7808.971335462007,1378.1696904591745
9282.228895633703,412.483697001238
6714.880899841911,2430.4338019188285
9406.05530533103,7199.621556309874
2670.414824923818,7519.7442271093605
3035.0456330510856,7748.324887214795
4653.56329380515,1956.8307967640742
3812.512871892707,90.8470095371705
7990.049204023314,9910.393809539884
2892.880475097096,7561.916354794139
4502.449332149881,233.95746266950624
557.5502195766102,9733.67506990237
4203.533929996728,9525.431930000928
9970.097856376895,75.24181758184145
1336.3333656426046,1998.682532761079
1105.0849814892638,2430.9001146919873
1408.0598469476458,2191.172632503414
9258.450641701827,8961.723858140062
4752.658109248936,2448.984393444178
3565.059040442109,8134.463668518347
5201.3732231423,653.7469510571115
1909.3643421036422,9360.87820396288
174.45827100163513,890.015369214019
2968.1234003317236,3177.7812715918594
2561.046445316156,4973.708581419226
490.5379176101232,9155.817615554175
7236.851592808736,4156.790848669169
8673.76794728257,1552.9043272748133
7421.332740378612,1610.8934375522642
2548.285722285687,4873.032126631163
1627.997008096027,247.08167673012872
8555.832555323885,8752.826565348254
207.71772419255984,5718.816878095554
5064.870847383704,3023.6749133672693
9658.9686592425,3074.97746057797
7132.30940941081,2302.4910008422685
7778.068959705475,4751.750515419682
7046.10789000621,9228.61298121335
726.0786662506979,1280.192194263926
9359.664175536993,2465.0613228896846
2482.074172155383,6345.162823157538
5847.549379783138,6167.338304089935
5981.495607603353,2050.7860121121666
9687.50302299302,1518.120309965878
3786.18719837614,8929.06292129668
3030.864010056322,9320.775731457608
2953.4845964654587,3076.2181264530664
2241.002607288024,1066.0763024682574
4915.647972030523,7917.703393119632
5481.2208676602595,1812.1233651382163
8333.060809024522,9302.575178708797
1025.9787010334976,5994.5112182161765
3469.03941541554,3711.9955907172807
6969.295402592811,6227.925510813135
4328.395215826126,4011.9720350015773
8344.664567205336,8811.43334750647
5076.4893176866235,9958.371690175913
6720.717182686519,2374.354693389544
7758.873870197729,5150.249212859843
1471.8877560766707,8788.88774005585
1849.6777578335589,4678.104798393284
8040.602287349795,4899.03840262469
3029.689268883645,4107.759437229544
830.6354828429086,267.33354656031105
2077.3116606698118,4072.279143562572
1520.3572370092577,5133.023097930081
679.6644394317685,9432.913011662718
4863.677671272469,3214.4965934263737
3467.22675168161,4200.49211073695
4922.436169333523,1858.2129696528316
1779.3466099044185,610.3468959577397
5627.125585713846,7968.3114362579145
281.2791625596811,8887.72641897212
6718.902197169513,6048.222060039551
7529.294345581534,4881.78847271097
5031.512326980772,4239.638569800073
3417.064056024278,5475.1158075648145
3221.581080445297,4191.4259765755805
5577.848605806735,8506.134159788227
8276.866562297475,7324.465935775761
9636.990020307385,5829.580401487819
2653.5955395600895,4986.277251874169
589.5440515736983,6915.8173736137405
5915.805466280521,4883.56414071613
1536.9156055619637,3469.409502972146
5230.234768227363,6653.301855377819
3046.98110945269,3086.7011701472024
1662.2628850611866,897.6372889993689
711.8465694477883,7657.912874360245
4295.946345499599,2135.3883018614615
3714.4713268468686,6737.157753713724
3565.414799700084,4638.452858539812
6842.663688765894,9697.588125802065
6177.769655369157,8215.86860866997
3264.763474242398,6064.955107246972
9066.073155237313,6555.992149028721
8304.148587080437,8096.6475297618945
7555.521051329976,7724.901135877549
6788.512397796969,1909.9898210643507
9312.035255182354,1246.4288696831904
3570.3150700982787,690.9581446005064
2546.7275918114397,6425.046461622715
2525.915481495681,2723.8404581544028
4378.0927984531245,9293.96679354779
9369.954209708701,7038.633164764983
6230.3406193443925,9878.620872968439
2485.345031392575,2721.5774417765515
9183.74804156315,3434.338103008392
7839.026520106833,3965.3731972574
6150.890889514796,1859.43074213465
5291.0093361124955,2492.476210835984
8873.066881374716,9447.133642205936
2518.8721310570018,8158.7792124849275
5363.599246098559,1267.0626153786902
9375.661639022615,1133.3373772393784
7765.822577931529,3816.1401573235607
1089.392694647381,5215.434484342156
2087.076714828192,7243.183051563419
8895.456697350957,1214.2995655647383
8421.862122017654,8759.621652562415
16.349477303406744,4454.46377277402
2622.445040247262,1316.3934945701005
6146.301716834637,8930.5616630536
5598.483552134557,3604.986410942502
2378.2086974609006,9714.718748946874
753.9909276438983,2216.0022222996245
2713.125058383854,7594.168438344052
2138.7612445806813,5845.860624273893
8494.414156138651,4174.61157992294
9087.458324062587,487.97536621359774
6803.390924631168,6164.509025527791
6270.058785244416,2934.3250288343916
3612.0999118171703,2154.297034305287
8059.032805094725,5493.614738333109
7913.125444615179,718.8250388366247
4122.0121409439835,929.6359713443792
1335.063368881817,7004.73739333361
7566.432494800096,7170.773491332524
3270.2775170056207,1043.121817067273
1485.4541854588165,3633.8038088696135
6264.182413756814,1226.412580205497
1859.0738299873167,220.10126095029725
6444.958691156052,7443.183918625596
7788.042333157337,1216.2786526567925
7771.354236966026,8882.537141807807
7278.579438146624,3037.720140470651
7170.107924245659,1833.7415385632594
4717.561360446367,1950.4872273412454
3478.5175813180604,7776.474472894664
5150.997874145753,1895.8463597796672
348.9057330876821,2642.8467215167175
3851.3651449132567,3901.12895493552
5912.793479163912,8486.365297964627
8060.913445855688,8441.770279569308
8228.258231014695,8595.030213866024
4901.155275581961,7910.204012055735
3229.500266582609,800.115384266199
9595.44481176195,929.3108120903315
522.566691840981,3222.994283095352
3236.4144920753224,9532.385786371684
5981.2859266842115,6089.034137791761
4569.0661348184085,8082.808134198112
1444.5737667731928,5671.007114598045
4489.316656552961,3270.4552530150245
6437.589936986655,6864.567676199952
2471.3852869896623,8970.506122403793
5604.939276785157,3462.5498776263885
3798.514714059864,5923.270557068503
4175.307658546874,3163.4704029353643
1544.2495714744075,3329.8668498890906
9604.763348728464,9628.793622750894
7614.461401995287,365.59846547985944
2189.591227982879,7441.384745164902
9630.272808537042,6996.730202989834
761.8845340031677,9486.918270912778
1205.6621769127862,1877.2589026172625
4539.2756150711275,1327.9829550217391
7187.35727986498,4071.277556461622
2057.382005456647,1019.8982111079247
1291.3374206044125,1811.625053027809
7959.4776989616375,5620.791247784897
4122.356389091495,2060.133832722283
2090.876722037829,7488.490582779512
6691.312052411465,9305.928960449473
6282.781925284529,3075.670864162725
5496.554984702988,8710.547480360916
7215.208852006021,3767.480925684985
2067.2075465854214,5947.338408964016
8770.841900433052,6048.272420865338
5367.542076955252,392.80207235260156
2680.3222896075918,2815.673180852433
6789.109315260154,3501.78958494013
3684.9779532825046,2192.8616566203796
2537.1379394980754,2478.1889476377028
2906.1087590832567,4695.45258681854
8912.43399639466,5001.917959436062
8770.039499083054,416.169789322075
7426.534937346743,6361.04315202939
2558.8221300725354,2378.4948811658724
4315.768433372103,7647.8785173180795
3846.6456777132275,5584.042874201568
7124.057920239283,4287.338809577588
6075.96306894852,4448.5659582280905
6817.355366727603,325.98997791961847
4256.477376323599,2274.7230340597825
9215.647443742599,1603.4973564489007
3085.4741049408717,3665.197790446697
51.4067714742994,363.0832049019628
2970.154007931245,7069.861581151524
1245.9538714881523,7993.562464123743
212.23275420715893,352.00911962103396
7554.399510389267,2085.350976441679
6718.415010719514,8858.188715618371
7341.086408060525,1560.6603449631884
8191.685847591903,2710.9650735744362
6711.4620039643805,5003.210720891926
485.40182888014425,6040.995899683898
2496.2242668752765,4125.970899973919
8841.931855437144,3728.5437261116826
6587.638832749576,4418.124301257521
7180.19821410555,910.3255134825106
836.0833379373189,106.20184042182679
7299.202648964705,6564.102820859327
6531.236201262504,1431.6205187992814
1103.3263765486956,6729.127878855702
2056.4993365523396,8784.178492682497
5943.242830017181,1266.8610647742428
4173.958128126118,848.6236420117089
8412.273573852737,9289.822447569755
1240.5428880261559,4521.7861184009225
4705.269990586838,7774.663199977363
7155.519129056927,5193.946864052989
693.1410647706138,5263.909930025206
1724.5387162700376,544.089038073774
7833.938851036505,2912.5765990948216
4347.153396493623,6534.100359935284
3590.3952106839834,1358.597469645596
8687.260320892432,6839.18050455698
1105.5952716291272,7478.506019985247
5776.335363423517,8135.147361503162
963.6899952403544,9032.648218507464
6524.032932671115,946.868282114316
9463.164963437512,9170.733986908645
61.5668009310133,9890.891341799817
9338.489024355542,4952.826426133948
5068.607913700949,6216.386099692838
6250.58804049789,5808.957066290787
1440.0539769771626,5660.605692682382
8094.644384704621,7383.479670142574
6584.709014681538,3007.821111769863
9753.409065809252,5767.149781650105
4708.0911543795455,6045.616839054164
2572.710028583758,7651.764688241706
250.25520790419642,3974.987340954651
4619.221065819439,6956.539212247059
3281.8714687084685,3626.704039967089
9508.928609409608,9713.77200404863
2608.2898893281767,1928.9902850932372
4377.204453858629,4772.668614817834
7686.513009841972,3317.275500729213
97.77595073500622,4851.524667860615
8257.64302545888,4544.0138767449325
1789.1246877049716,3238.5310275659117
123.21408187662809,2002.7789251572358
5297.736196917857,9593.048565268195
5620.0196730493135,5607.356230006449
5802.398415862751,931.5798477218274
7418.298923167924,4664.9168411733435
7320.214354705541,789.7365176212379
665.2570157039006,6243.7026725465685
5677.209694330806,9870.092292021262
2744.999648568157,8813.909385189292
316.00614931139194,3451.227606580274
6958.209750038958,5419.6668480449325
6808.548424379321,2931.6679322476757
4250.186572134859,6585.230140079572
8761.673341763619,3637.7774223147585
8917.367292613928,636.0093789903376
417.90866657804185,4013.161989302015
4302.181499641648,772.8816990807475
4634.8780491720045,326.53935265169133
7965.747774547177,8268.354051879527
3796.9682175088747,7380.611276585716
269.6904416839452,6821.062334821554
6300.1584096070765,6292.930614015976
7804.30388811964,6178.584385875043
2645.5450015982883,7298.619972663943
6931.368334364387,5864.708627438972
595.0189894503721,5956.159316915344
1844.6001642120425,9598.360834226947
4772.933390911845,1600.1370382348646
5830.955011422035,2818.1111659574963
3994.3845839130245,4795.213201699523
7024.047270202995,1246.379893467069
5294.779947505608,3003.0829946117965
4238.49962305061,3299.3764155288272
1751.676493672062,9516.73702191688
2060.1150150689227,189.85701473892001
6911.029344001316,2178.3234185057477
7233.70273490374,7322.962999018679
1579.0833438953566,4673.293494564324
3042.270560812199,2048.1190203672927
7670.711078353965,1217.7506664592674
8790.038142708341,4773.450969575224
4463.444128578834,8109.954387563024
4320.363785235273,240.1150009206854
9885.525847742694,8326.88957355881
2337.244828148244,7271.44790257911
3629.5405285531633,9928.636654116613
7492.634756158153,9133.875035252187
3866.4245781287023,7867.218304142049
8246.658263888989,2940.7670051353584
6168.4300941372885,43.47079596452752
6913.798122808404,6879.413821031447
1067.035825232253,7558.644366102771
4738.413780619032,2756.411886431376
8716.228308832222,537.3037155372983
1063.7215982905036,8009.206370771951
6726.951616950672,6248.645112785129
8126.55814169541,3642.5800498667913
6994.512481136649,9504.034851184295
8484.604889196651,91.34247463817525
534.3113579224412,2697.700697229053
2930.132434320899,8281.136842419084
2840.383303618994,8636.741503417006
1980.4562387986768,6335.266774154557
6089.989297901215,9696.94215374642
6318.808830771536,6693.574985866672
2161.718689008859,9840.753939559047
8238.782985978558,8630.271384593952
8322.177485155491,2906.4048001016163
4649.595316141402,3541.333404050383
4752.927224612058,9849.701998470044
1936.6352928512642,588.3442674442041
9042.871460323582,7623.502265670495
1701.786726544109,3990.9608117612192
329.4876830785043,5877.789462681874
4283.705666853877,6879.847756147882
3368.7751750975426,3689.329808419618
5547.93816678985,1275.975043112324
1614.918176710306,6891.597638023517
9918.21078194959,2507.8444496770903
4462.519605527416,2684.184707243861
1042.8221350987953,3328.828102117477
8170.448496368283,759.7355859699029
6113.647000601403,8962.906887654677
8793.395781895284,2489.204458959875
4167.471805234552,1117.2649220717567
9058.082751126009,4009.010311287625
8622.924509443754,3282.1374545215454
3802.270636210966,8217.709335085952
6757.044953065162,8385.98581023452
7594.079758898833,9003.870455371867
5830.550570221466,2422.493557464077
8527.619797419753,2433.499059619758
4326.165233559853,7440.484316494536
8822.92339916342,7266.393704704662
3845.277230185934,3283.8059700488907
7358.872072233984,1088.5198261865792
6921.723414127283,6119.264659311211
1274.4342186376157,2063.918554697278
2219.8785607740933,7346.891466921564
7952.66873357317,4518.622422668662
4564.20205358247,7996.843812111591
6307.025988852842,2265.3142724047393
9836.426475728249,1262.4269228054031
1938.994746128605,760.1643846066519
5564.344231569605,7063.413428074943
7624.528447243833,62.120933746555586
7151.446707257012,8860.840091011309
4120.2507391331565,3028.7979964108545
6029.199456777519,4344.941908256213
826.7566526952796,1128.3368122194881
4193.182084056085,6003.577627821514
4339.8740112744745,2530.3807197288575
9478.532590306104,6986.602908780454
6536.643385048601,6563.714189722755
1344.9946545090875,9074.281442515601
2989.3706522058374,6896.020037293125
8992.767006292997,5380.454221776826
6224.064757744237,8993.918860208372
8800.745982425768,7676.237898627819
6119.221203744877,8233.378104813213
8844.733726864652,207.7118281944157
6678.754795850789,1593.9193437815925
7573.706729542304,8743.433467171115
8047.538564377491,9678.879297531555
3939.249043766039,2322.919082401211
2033.0436989643163,3440.394442764153
3223.7480625157755,7271.715072260027
324.0891259928214,2353.862074426335
9332.139259276151,6581.172189902829
6377.812146236742,324.9017551237954
9840.929294889887,1159.0346827609687
1692.478683756955,3558.3489587938543
244.9980266198981,5972.9629627936765
1438.2637191092629,9007.46577916063
7408.411595175172,2924.329088044443
8964.362378209762,6507.3177938362
734.6085725606044,9885.441747831681
3808.514691494702,2454.315125446752
1051.0717917876555,9651.032397270184
4771.164492379299,6599.869387958788
3665.989844856392,5005.149288487045
9679.961453860864,9265.629449027712
4333.821891665754,1754.500671412722
640.8473991651098,4365.618095477195
7625.208117534362,340.81205979700104
1594.8122671139797,9111.376649928876
3601.659571310544,2124.960705584912
7582.266325555056,8572.36316136897
1658.6871730532637,6358.762405669316
8952.660534792687,4878.87138497091
4917.447864334702,9628.691720245504
3022.3035448694322,1298.500434278861
8264.403724849552,3732.053650705823
8157.608722926894,5027.958510920815
3416.4781366560137,9820.152196047537
7973.857687938237,4766.466230721281
9700.979422745995,3993.2233581078467
3155.340156913513,2481.3757212971323
3268.8337262818213,1077.1913178190962
3778.2094139132096,1537.0245694881123
3256.885661660518,5553.653640311951
7743.164641823453,2051.543010468949
5897.500219123988,1138.5717179384947
1457.4084210369776,7058.519176914058
5318.102405631361,8587.428978173046
7680.653387781479,7684.264035308559
9554.116105277408,1547.172185990897
5529.354419582159,8127.351755277597
8148.991561526053,9968.544012799957
6573.868495108633,1142.2898054136654
6740.058290939713,4875.394029814331
5455.591225872871,6658.699390151839
9470.320496877739,7039.016747910161
175.97958641810686,6030.870955056372
1020.6007551474305,3243.2261621864577
6536.533437521694,1400.6436625222773
7833.296807040126,9861.482513883378
1290.9058299995147,8669.570937260496
486.15594685243457,5961.893018983894
7298.1596892887965,6767.7717502688465
4656.2622939215735,8081.051752871992
1871.970714967669,3768.0127353980397
8467.755128895351,2617.2048494740043
6329.214933116352,7153.00919605221
516.7522972543959,6900.534260771352
3304.6114279578087,8472.944416325949
4087.034046266261,6635.669115280938
5596.422878875647,4004.916079458367
534.429176384641,5988.823270040948
1010.6459151821634,417.4994861451053
1624.2619024191686,3722.147042341893
3744.8822387519776,8391.091296555864
9040.440951242737,3025.6204476932635
9918.290512619906,4497.4249901535
7269.220157306243,3869.9710665879493
4486.571859605177,3013.9963696344416
1986.0187663084027,4023.799436664076
1065.6483187935683,9398.924618134812
7241.475629276079,9198.773983241696
9444.197613487508,8341.736530511418
5973.768448535079,3785.200951598046
6923.1072670838885,2924.997815434226
3216.178906615298,3539.056667435575
9122.860684067948,2985.6449871964764
3861.200102719676,1332.1984318172008
1744.3951133695368,2312.172154012796
6330.959518343498,4227.737193036236
7048.66166786425,5701.175716455241
8905.658589569906,1877.0896019234162
8889.032660541056,1640.7811037204845
5980.037648677165,6635.837135001491
5483.184531252557,4870.333376306491
5663.513340636085,8750.61358983982
8154.940823099486,724.2017726123173
9358.592428743688,7228.815422384092
5601.915020281677,7586.323596403359
4364.435659551273,2838.2318675530805
4085.8139752483835,3887.2270864097127
2553.717049181121,1824.7956876708538
9112.202050271759,2305.3955150810743
5024.111796961347,9267.657541673329
5442.910038965587,5672.894743532415
6691.792552755602,9877.314269710154
5156.607940741375,331.2663037387731
8918.796339567245,8593.602721545267
4706.170121882566,2167.235385703037
9065.693465031085,9051.354258743206
1852.4304556806092,7281.080681899517
9036.049308453852,5773.309418334065
5716.703532806428,766.4511348322355
550.8817839853541,3357.3640319053166
6264.787661119331,9187.162005542992
5861.665279116453,8621.790307183934
6587.554504551496,8322.745827790717
7403.500457217491,5489.3882356105505
8388.752434869188,1570.8054911101533
8529.304457658624,7232.946902696721
8134.733899069782,3326.3880334212636
6690.912976512966,1136.611112254885
1266.8209819815168,6520.308533040011
5562.639630212455,6973.460020824021
6710.240738126635,3298.404162105927
5407.778289675998,3397.363577330149
4004.7114358591953,9360.16345953614
5212.294025185107,6577.524614011777
4705.87845012183,2610.14018981897
5708.30200205573,6052.33957919515
672.1426364357908,1095.2032002189148
3528.426356667258,9209.829523887869
5653.4645646452545,9332.897209592033
222.95062665509957,1430.8221286764976
1558.854695918851,3654.8527115965444
8835.587682989011,1719.1964503702418
9724.297523095693,7194.68548253656
954.6670672189373,4694.380572901634
6984.672947291375,9622.728220310293
8149.821380296157,4128.639280003352
387.567819297997,5040.459710392808
4715.996004170704,2686.1684521800653
7202.965509478369,6553.724639277365
5474.0332232228875,563.3129953236026
7416.370573147629,9200.6607950336
6077.828146069649,6575.4971881004985
8337.581306514012,2973.3645101966154
4644.611501203487,4224.458389527838
3677.6652821085777,9889.484497659072
1541.2904654210902,5792.997696086156
9249.18653586227,6030.751608759576
6557.571854444256,9253.093032484432
2373.3394415365574,6498.80638906961
4694.05882095923,1226.3531231201553
735.095960434663,9245.019450215657
887.2475163967287,5864.196313185415
1123.620263438353,5756.738650975598
9278.298099579242,1167.077089443669
2184.165117660385,3531.088550531558
909.5639530730671,6569.442515325789
4754.946631179256,422.92229430853644
9785.869079123888,6262.153268197891
2537.087770979235,9223.341474937093
6202.9959432756195,1993.935437329175
1075.6382351563764,2981.353623254115
8498.807403209277,9015.971286738519
7834.05971309603,2596.7933782427567
4947.27878621875,7876.726986525473
6963.1910383764925,8551.53824026962
9723.90011494411,7635.196227188725
8169.926747056413,6356.646200967233
1634.558283852432,6326.243808286362
4822.869343675113,1117.4090969824513
6075.918881725653,6914.957313471527
3147.729944053882,414.0203347638527
4408.273520302982,6047.929834264651
8245.342005117553,3309.803911992171
5264.589828360613,3877.275274828368
2415.099557748246,3384.5687056979746
1427.0459287335302,7896.514984686381
7342.476769973138,4481.550439958108
8898.553172011074,7595.773095924603
9607.310671428339,6687.7818529230335
2984.9612844069807,2368.112476138953
3964.9160955172392,3492.3286324918345
6771.141037703976,2752.9118090946927
8388.402048362428,5570.455000465321
1736.2784926941654,1390.1997500514894
8098.26223167237,2152.61269757257
6571.653331597521,2253.8626536197626
9039.789245541637,7958.979038611892
3912.519229843916,9118.95265597524
3419.3302347854183,2435.531922972282
9637.889183397403,4368.288184637655
7582.141077492949,4946.129056684293
8392.831014917503,4248.538997692724
7803.528503636395,466.78130854301725
7709.879561751722,8860.85297434314
5493.531651895451,695.6719682814705
7167.657888132741,8598.928682337075
5622.650779083384,9753.405984320429
6223.119620702312,4251.134023161713
5329.757690535044,4342.34284098434
2168.9839734944303,9658.071646902745
1051.0900942378075,6280.24976908401
458.99603705290446,3731.2507887376787
1526.0774715261539,3954.536565413509
4214.1595809471055,3162.7995343756643
4786.4726565089695,891.1089691082042
4764.531209900386,4966.035760734152
2279.1517826218146,7713.301089614465
2501.4504914056333,7264.3981442528075
6225.698327886629,1180.0699997766428
3339.9533522101556,3010.1067678313507
866.8869241131626,8413.984444205615
2249.0875898578456,2100.9262981518496
8870.909005199817,9257.668093434997
578.949201291149,2621.687205794364
9911.82426352805,427.44125045362955
6607.198304368438,3336.337734971788
504.2932114661514,4732.25908194756
6745.193480132755,2246.610910503176
148.38034159430634,3623.9246028637995
4186.409334527222,1286.4627482161816
2819.435572624063,8015.579381491811
3023.6556286952045,9253.964190557352
6697.75935275958,4345.168192809638
9841.473159441213,1144.3487206680513
7383.471917160601,733.1962330135843
2589.9781136858114,5781.059788621084
7344.665202365737,3110.6709988396706
1963.5297644119032,4625.179367907202
830.1116862370839,3754.1956564457046
5430.820311693537,7662.541514180391
6872.39193136713,5395.40973276102
1634.2581990171302,4043.244990747541
7256.903509872363,5023.227611176383
3435.309686090309,629.747467752868
6921.51112771613,4391.987193894562
5671.7340587719955,77.10334100517913
9043.658268962745,3347.1400996414345
8283.198405597326,699.518188127457
3010.709671836208,4861.295984701367
6123.200227181023,2962.536703071732
9993.11000194646,7632.617598786221
6152.29216637275,5138.906186130111
261.78775118907424,1573.6522829466992
2866.6399161761556,644.9187894641461
342.90653388268646,4598.148908597765
384.77402698580687,7495.370621644245
3232.3088469840022,1063.2020576609013
8306.347104886885,6386.6955294582385
1465.699790785524,1246.2955183826496
5512.953409673935,392.81805447480167
3550.090256317988,3098.1304673543077
616.2709630872854,7278.097894188312
6798.048076110514,5299.538101034464
7712.025787326808,2354.7021808064837
1392.2133316429608,1842.2513336769287
3035.4663832064634,6752.524415719959
44.61799960814305,7671.655510537655
7834.185918430186,8089.351485656243
7355.138729160011,1129.14893960651
7097.446144112048,2226.792651355648
1176.3985300804547,447.2923284858954
538.187481999749,5859.150867470085
3945.7794140382753,6784.540512047047
6450.727524503425,9892.066640056562
5201.094296787092,1546.5653724059348
4861.033007594361,5462.769850130402
1201.0575850580528,9675.135549571774
8986.071415166029,5808.161027647294
7360.4307672536925,73.89328997883027
2417.809449284836,2786.5998532450044
4666.885346350521,5606.955240242425
5716.197435504664,8634.485513894426
6797.561696363542,1657.0247658814696
3674.509341812505,3010.4066065354295
1654.781291727393,1085.6797270574193
8643.156310147611,739.9556607721247
8025.265140344429,7278.359779141346
6961.556342994561,3134.372678278775
9144.23290858227,6761.852857079949
3477.814549026521,1674.0265254952503
1061.058399166942,7908.40009495634
9807.021925443234,6629.974997158727
1403.5018612714323,6142.831709554291
1212.3891010088394,454.78807765155227
1116.0404638646326,8342.423794650256
3098.4108247825893,7776.424306238942
152.92226813788167,4628.935400647591
5496.336899811894,5542.967407453042
7775.909520537867,7679.446705877442
2808.799224702504,1255.7284973546468
1624.3720229523074,1184.6209498908966
4388.917353081569,6967.5771076639985
4843.09174642065,5452.811457224499
2714.8660667667323,209.87959835738312
8427.116445591359,4688.494736310704
2691.6924593615486,8752.66714404641
958.5866030322532,2995.880254724088
2845.5797985368604,5394.956248235957
4102.908891907949,9651.700804010801
1309.4662243897626,8909.797489801282
904.546250442555,9643.953096405252
8078.170399771275,674.2083279673727
1680.090747649472,182.85842239006755
75.32701188676106,9183.471288917664
215.2105852624109,7420.719729201392
8562.421498695188,2917.0172884033163
3597.2164396935004,6053.084189269364
3943.837460788446,364.34558350412203
4198.948935976432,5828.18373697141
8447.041307924657,5406.451765863684
4455.78367714203,3647.789949849595
4229.521534822897,9889.731822128122
1132.0614323615318,8916.700742292538
9986.859111755091,5984.63845302415
4892.656856899379,5406.209778513039
8749.229693997471,6603.395851732371
4925.19659169727,8524.421201421743
5413.086998825084,3225.6715407777024
8221.76455828951,2067.996185425458
2819.080462354413,117.69202231388442
5777.170748656203,3927.4183295297526
6866.311071159547,1042.6707428537907
8810.314703785953,79.39699157617497
6022.817874760137,3907.7150472877597
8927.782277440905,7649.581995700456
386.5790928972668,6454.81339841836
4705.356529290339,4152.153186980589
2691.629815760791,9903.38738070382
517.5485422812965,5362.805550897268
5001.805684625412,7606.350947137944
4708.941666206784,6803.800305477872
1497.1543235749607,1689.0644724391934
5185.81469713174,8807.716862926527
6802.650451144305,5977.3794424737835
4513.55872979925,3725.7131811662234
9423.43546980563,1822.9826867332333
6692.969657850053,3027.950461504184
7290.484107291275,9553.258677357067
6661.646044184191,9911.761917775466
3246.2741531720053,7972.366645898215
386.71913493862564,7036.567897392199
3123.9003943272883,7145.906803841926
9461.97028386984,4086.7408788744688
417.57543585718815,2237.0240915902873
9180.999045432076,1346.4384444821553
2553.3692934053543,7774.874568137459
6663.080327977507,875.7608060298561
2614.8537967657326,477.33213680615336
161.52454912910287,6989.20456135815
133.7911230193578,8757.653293854823
3867.0467353431204,3519.3513038299816
1786.2352925218484,4647.219897672085
7008.402169089948,3358.815933667131
7119.260333069488,6517.480874610861
4395.7065011644245,7163.9308192793715
3957.55610714552,6690.810464521186
3442.3085163738365,2321.6995388966043
8847.577669397397,3399.085758679209
5667.306054529422,7183.57407859301
778.7716956165058,9019.223733840126
9639.38635143633,6271.696988459684
1052.304061377307,9286.555320578675
8399.005040578695,3335.018022612859
2554.8342458953734,2383.1276698683378
423.75448470567176,6016.0976062516165
425.8394137930743,3218.082881932739
4649.402095860573,3449.694685106566
9159.929999982318,9674.28023708579
4397.380591564509,7868.816529036761
9373.821456751944,4538.285645023663
2335.497874700426,5557.518357422488
5755.779910754776,2730.6883254802115
8693.436339438838,249.4382033850795
1951.9219521393838,7892.431484359506
2564.6291806994013,478.65696111138556
3132.0846013106993,1328.312603255144
9569.711492529768,2454.2665621208557
5761.056775295712,6704.251179066222
5639.779165189326,1425.1265857185524
9576.532593710212,5356.805222009589
2190.022116012907,852.7058356996964
1258.6356250603137,3228.4881329868563
3248.608993229687,8736.555411797257
6558.634338624407,90.37242095336407
5040.021119477793,9247.052967740725
9070.957138794745,8259.458711095935
3350.4507191781995,6237.2876290887625
7192.620122286088,2401.4126215793895
6237.972220494364,397.11917823680886
4333.004725009332,5195.228968697564
5098.535799465267,5293.1806511077
6664.488486970838,7496.0812624373775
8172.5037416048,7370.018020998559
3573.970861929242,5135.785653734585
5911.001433079366,581.7427942926157
6015.309413898117,6412.47046928184
6329.432045810657,2588.558700256638
2078.828698893008,3403.7916022610016
7841.893880449916,9322.125160331569
4181.13171575058,9055.991242659187
5343.693524775358,8030.036847970301
9476.811208099409,477.17465813866045
7058.467967069344,4382.855198407221
1119.3136960951422,8424.798908775683
2257.6138187303827,2254.836408120876
9229.706605471145,7556.076284308078
9736.122183665262,9257.183841484515
6975.556612669904,8707.644070973432
2680.4307249612248,4481.623025528514
4809.102977982445,5788.70031961509
2997.0328427453696,8969.089766065905
697.5583407163676,8627.027635009696
8940.166327507777,1197.7164421513764
6265.284810870856,1125.1944911135447
9217.717152408764,1743.9533680588627
9952.03653415171,5823.3594124102865
9207.092679565156,6527.222795024339
618.3872243832311,7803.653965284037
5128.469196746586,3984.9142642700817
4871.690154117498,8739.45776409225
6830.425544260449,8893.604374983137
182.89766959915798,4801.387111360715
9169.649138304276,2245.952703133608
8575.537489840088,5062.847081664539
2960.929534038759,8911.983509443737
7620.765791517232,5870.805782615795
5459.819592821446,238.72833787721981
3325.5543439922717,7104.499340869132
2678.716959008365,2228.7226865530574
382.9816489676729,5976.6352519049315
4885.55536668831,3027.9739250025937
7533.218025348223,372.9572861495822
7789.001115929889,6737.757355359313
7235.264171510537,1126.3366984398604
372.61800888560236,9158.823205237195
1196.0012039401656,3301.3896385872376
9343.131992666555,7160.308080523002
992.5349790586102,6071.482424950816
7398.080502042886,9714.935023987422
4152.880556059936,5768.496127225726
7956.180051607194,6756.497292472797
1112.9556445535427,7668.795974634265
5685.640704410029,3495.538511360087
1514.953082101671,665.0088830500134
8784.894175393216,6354.517739045452
1645.14536505581,3879.514629078078
9402.399721443548,5502.11532589808
5931.823881607945,1423.9126687498538
5893.118630205061,5436.73784332397
5370.374852144959,6591.023407534319
304.6464235084756,9009.142978143811
5535.22560783663,376.02715887911864
2766.8489479270775,1887.101997139733
2477.3855598649684,1452.6574291416105
6542.904204196305,8859.62101642926
2324.1003973754437,3192.8849572544937
5831.639506107576,2209.2674667075753
3094.266133027326,8124.551002685561
1473.8735725028341,6206.56858691795
8356.758097273385,8003.089414818428
4976.254783534329,8908.837435074307
4155.101794342035,7428.104560845884
2741.3553915959465,6299.197931149753
6548.447332347936,4661.603726978886
7974.8178973313325,4956.234511745637
4478.846409069729,5862.5652532767745
5923.933547659946,4758.75108268952
3873.761991828275,3570.940718253901
5960.004885344182,71.65523796207273
2789.3773057486283,3772.0214781328955
8037.069788870277,4492.455302544507
508.41734797778315,1907.7776339496966
5214.411501988311,9762.471466837167
4776.79355630533,378.68148836865953
8517.70326709699,1250.666710845305
9973.745317078481,6722.405297078063
8779.04834572461,890.5414250800003
3.2252211952488175,132.63429446770613
8957.868946522945,5905.649448698947
8295.763783616194,5661.783377608696
746.956371393841,5332.2138182104
1899.3650803280648,9802.414166079676
4701.499526605671,2946.5149665201975
6526.36919347245,7887.121903096948
5937.332233598533,2967.3459171303307
4492.8954790374655,3989.150796406321
6413.175850116357,1423.684138185033
8165.524757420019,3585.9910805467034
2008.4729787614642,4253.2273134806155
1865.5721993632458,101.08614482320588
6086.240675009521,8495.45674029073
3050.2568917938142,3725.9904015123648
8774.983924718788,8746.390818269916
5666.628559116255,3338.363412603305
409.3401269458219,3560.5643546685696
7590.099548910382,63.06471070184338
862.1921723243676,3961.358142467908
2913.117583061898,4516.8080462450425
7630.752774120158,8372.32775471467
6656.867387802391,4354.257785287502
7937.73318060111,4986.453412768504
7645.7972310544055,3142.475136851558
2644.2565578412923,4153.2141332333695
2589.686864978176,5312.717736769097
2126.525309495131,5902.230006663071
3100.3538681445443,4140.439955941793
2903.3467392778102,6807.882865570595
5989.15285540133,4271.609342521477
5400.733381060619,6809.825526456509
3484.034720638133,1141.924902850555
6186.68444167671,5742.895175868933
2889.235985182245,5478.7096545617205
4694.783655210398,4951.817541513735
3691.9165526922316,9552.600002504836
4751.050752241741,3237.7501126396446
442.03655657812703,794.4496089853992
1808.856207807269,2549.3251802432014
8586.959386776778,9371.65590236375
4364.703854092094,9908.963412315019
8973.207942222634,1170.1796583662137
5354.4774096672345,4467.3819127605175
7540.910212073137,3686.1691837112376
3306.9787708121935,3010.3129457624013
7932.46077190918,9815.50597566336
768.1794059821501,9788.798807852385
598.0886700680721,2898.2604210440422
6104.130463864814,7877.388314526273
8971.598077143355,7917.948597449916
374.38379262483943,411.5682972600521
6496.266417165848,2699.0284757532345
7200.37470031339,5659.544517040491
6758.493575012885,2063.2914895457498
7823.415117346203,5735.377076658066
6751.966295889514,5571.16516957018
2308.3298662093853,6373.177013890751
4388.084800371742,4310.809435592973
5115.716180707352,4408.079849679697
2129.087613203232,163.4770806394259
6125.887792109901,9374.686823926806
8077.749982010383,3285.5925124152927
164.55583511157835,2282.3629264533506
1246.4495674533605,4098.459344073856
5693.113385712163,30.63106410732597
3672.4444557760503,7454.06323282882
7026.142262038206,7427.905697472113
5803.149372574559,4346.733293197529
1824.7186618360745,6836.5336903245125
4304.356730774315,6352.163674853662
5039.693662479484,1182.7095074953077
6948.127759211613,5520.3424549453675
3017.928210934099,6506.048895905622
1811.1273757326096,2844.169824718554
1049.366515368001,2081.4918290024775
7745.250643161175,9052.231582351105
9221.05232096338,8742.08096732819
6262.067939173336,1168.6406939763317
2559.6918728081096,5357.883536748747
3070.7383702349257,1390.9241726545451
4495.406109675076,5664.636809057869
2885.9264379832407,1078.6128969028873
1401.0242446774978,8914.29260659559
1378.1590359409013,968.154569233648
1269.2165882763006,4490.589205321224
2700.9676288695605,7272.293243337268
6599.337880008833,236.80926302512174
6907.479725915389,5056.200538490024
5378.549772003035,411.77513808966614
4295.678540309672,9215.0240489904
6251.658446137769,26.783782876941274
3579.143369577912,8819.227056130341
2495.719154800423,4327.318176371099
8853.297703083294,8103.178531874865
8445.293647081226,9164.178627548434
2827.5035847516174,1928.7402072247694
7770.458972587243,9741.759295323354
976.0374941857408,9536.988602371825
4607.870785202861,6712.280717051601
4384.4548370692955,3940.8008264085593
6281.184757541995,6539.82581601186
8028.862378087493,3791.156636051568
8284.299054605211,9855.750900476078
8073.219982467706,3234.1227497616555
9516.145211871108,1894.2528096654964
8966.229122506431,8134.172148875605
7222.309562163933,4447.541721694709
9335.681979576484,5897.029710437009
6660.233664970804,9261.19982486782
17.825160272093576,4771.052600653588
2780.599425643402,615.1973798530875
5903.129734180341,9084.672244557587
2945.211360042819,4738.587774511973
3234.7482653056036,148.78125302510648
1298.2314847698306,8603.553159616848
708.6128543243619,3694.515409521487
2581.9531695932264,683.0002944130342
5934.126299637892,6787.194018144498
6502.169816182803,8646.250106437692
3685.0228185710243,8521.878339860734
1825.2489667632221,6553.177886507743
8557.93356350946,4126.610912234544
7666.805365362609,9438.802630780905
7637.722320787617,7854.132558792043
7980.408062252533,8131.806722775683
8679.256675901257,5883.195436048636
8054.801757047217,2322.8154865988513
2590.6192665940907,1956.7513638151902
5929.543206156507,5791.960927399316
7588.608143411232,5051.443700245352
6687.525934680768,6836.361263496825
7335.69544786078,6433.310794280046
5535.813317552674,9159.68264024612
6028.989186185382,2397.035754025746
2935.0338700230195,8811.284780945934
3827.229469535506,9268.74311320839
2494.138585537713,1860.4206937393442
6616.523049570178,9837.27126485483
3690.172480873084,9344.583711402058
9066.442288748342,9249.313861835884
8425.41102028384,6666.608224329749
8492.295263882963,9674.392468983682
5125.449656775943,6153.8078405311935
1532.0385364824297,3157.6708665966758
1561.4583464976783,4610.974510319772
2285.7078440228006,4069.7927703645696
368.4757999646959,2380.4771701376603
5716.998967002039,3123.1912322062703
9236.565659482721,9227.109018306197
5649.657972327072,8030.489617262282
5261.7514149738645,9427.06479884156
213.53211410335416,5894.710404442178
2677.779479642036,4790.758756064921
5624.158460093359,246.27819400789286
1935.2874632463236,8173.94039989512
5009.511392946544,3384.16662348045
730.0323744480086,377.13469597455696
1755.4123459992666,7416.259322746328
2556.5490276315727,2266.856126510627
6462.9865854261625,8689.271068629672
8406.518334014258,3759.68677020163
3485.2213659112986,9261.603204509343
1915.2949702618994,7809.550707726394
9830.19319061045,5147.931104535977
7418.9665729345215,8153.016300868222
7650.091573850054,138.11401991037587
8682.529712068961,8891.001045250563
4763.208854509768,9398.85185402457
2883.8634740720627,7793.510796879493
8865.142246481973,2728.626413851947
9404.328968728913,9025.413969459594
4454.1698738499135,6848.161013815528
4059.7719623528137,2263.537257802388
4734.296034705337,8072.747249823027
3766.972146671598,6564.649103390137
3300.0916624005627,7755.250635769333
7391.9857923161635,5163.088395078587
8521.291071141595,2412.9455946189837
7698.215476238562,3243.799457982656
417.7806299022491,9955.08783172955
8475.489231715388,1654.4903958939217
1436.0240032045024,2644.4371564927883
5758.656261472631,700.2737322220476
3114.283535020199,9826.595257257637
8725.304218649737,4740.892440613872
9918.638501590258,9534.714139950074
4687.125371233785,3595.5949796296095
3330.2143108513174,9844.268030399844
4266.00926132516,8374.796253422764
8250.48471550797,4251.81828558385
5188.153423543535,6795.973688995414
1485.0648757353624,1904.7616262517952
5826.040253427368,6507.63167543713
7606.366387347202,8036.903810779843
3525.8424814585987,5908.583203599459
5567.660224410981,7392.983650916446
7815.152641783953,674.7692225957458
1458.410870397543,8443.952518981861
4193.6249032621035,928.5698305497159
307.61237775108975,1385.1764393856413
4989.093207733013,8268.880677057603
2363.2092355065724,1102.1682005691857
1536.1852209260608,3270.1998614682047
6432.571798547472,5252.402970039573
9938.212660924813,3688.7751301289804
9743.26865803776,584.9401855824588
4745.638848375345,9740.9177959514
7008.251270812668,6152.291380065992
1810.8507784494054,3684.7907175779505
2902.470729862182,5892.709797591239
4961.323630429677,9547.753182171582
7406.347498022091,6326.459818203052
4585.086613933039,7330.664242644945
6662.06779473595,8726.807021797844
3071.658733023632,5634.028605539082
9823.655501428993,909.1597957508435
7266.800925003232,1681.2059469275819
6301.503485613986,3922.4726434109557
9543.91275849538,2820.7587429514015
5673.24963590766,3380.528650527047
3051.225302129347,8694.6409514621
1560.7777400198909,7929.458437388447
8011.075907413241,9487.000435980259
7705.440501190857,8218.97556361551
8180.632594589921,8421.988138614632
103.40029777684556,5580.390975318978
9351.309451543437,2229.198735896113
8538.540282996335,1538.2882619882532
8612.022290333456,3618.0504571250126
1955.3397477822853,4023.913886733409
8790.927413907424,9037.685966647276
5319.176557758432,9117.728351502801
2056.3890453416243,3425.1918719087694
2841.2261651944327,9337.107586661014
7196.29678251402,9444.012602535897
7735.878373094211,2361.832879263012
964.8327933402978,1620.9221891374248
6077.472155777258,1153.0143651994174
7834.555263817839,3539.787834557984
9946.47562783523,5225.707630071488
2010.2319874232478,6482.532585053489
2261.2223517097586,5341.573611431074
4662.0907990249525,835.3392213979328
5898.23559611235,5812.469263692153
4876.751620463476,1112.0089816235968
66.6836970881557,5331.333479522078
2009.5824572772835,392.6365165226642
1045.9649629534829,8620.082541680904
7366.5889600334385,1538.9327969303067
1812.787955718993,1509.6171725867414
1594.5663318787106,8976.224595499165
632.0072124495501,6438.552325589687
8417.289141909352,2945.0599137944123
7132.148015446429,658.5509898467711
3006.4381945277864,1112.9667405042476
3595.7574343977262,4164.183489252043
6194.133413356495,1840.7157072572188
7070.720927616716,8528.3575251135
7944.475338588923,8108.758301303194
1922.0006447699866,2429.1293329088403
8429.786858559139,4754.8723686117355
7853.278140880316,8753.148966127166
617.93684801569,5073.523083154573
5438.361580868826,7306.864720118127
9193.781565920077,7971.370454146531
4663.368187578953,6776.530086273137
0.6566163417165427,7172.731117907715
7968.815941836171,4721.398059810398
4908.207721106933,8107.795988525082
3972.6993765661114,6787.897911972836
171.3193097923793,4478.764545950185
94.10208319141078,9163.691818141453
3582.1806578686987,2361.178550831009
4138.738086536985,6866.233942740702
2246.687990283903,4477.0997263018135
1679.1348247528415,1729.451095171287
3447.5845566533512,4171.037341635425
2931.72223894943,9198.947868144687
2259.54465698458,6490.857152357341
8895.585310352306,2223.505087010407
9117.71387931746,4615.690216045987
2103.0601915147595,711.5537142279826
4570.111084161119,2565.1255772946593
1918.4640530491658,3580.122235894372
406.0237614091811,3278.0448670337328
7387.337838022113,5293.426355632688
7265.608679744344,276.00506837665574
1624.3177911292216,6954.721565900074
739.1546409015781,6653.717382694855
7733.032407109992,6401.478600881944
156.34906629587664,9422.37415051669
7401.803785733594,7194.90361175152
3465.771411316071,469.0640152032055
5495.634111488587,9634.923446098837
1386.1195521821546,7113.0720607252115
6732.921705745594,7643.61936789725
6938.946450537555,8769.406222358391
1344.7393680561393,9569.076232578807
7666.32994596975,9133.635709617389
8258.729028679189,743.9622428021164
7666.50305957029,8695.410458642644
3541.2921886964446,5777.104477035235
4506.4694181255445,8306.015565823633
7065.32612656614,4024.617674803348
5375.8464720465245,3337.3024607634884
8671.542943844066,8928.993829027224
491.2373059322039,8670.494887591774
1074.6569782222405,3513.6307382920386
2701.4497690858575,2619.014460231097
6230.408326045071,7777.823117111926
3722.229353971711,1597.7012762430975
9752.323517151199,6107.109601961092
2822.739394685039,2687.8244779349357
2925.6165498180344,6979.332723607613
3353.5322052024176,1772.0975415783403
5540.419208488064,228.55556272245448
6606.907984301668,3856.8601076706022
5791.797685591187,8326.174342292137
2452.1725000709525,1380.8885086549471
4050.27017631187,2180.2615197734253
7853.884346848296,304.8999133940844
8232.34491194526,9427.612921021411
6501.207732623101,8708.719716224448
6139.714882588495,2759.7415774614174
1623.8191079227815,125.13863024190553
8849.610013456648,7487.79516552241
5955.321756907397,7453.957623736813
6853.694385692754,1766.5816406258327
811.3769958494532,7597.182163602432
8086.636880248296,3460.4340921727085
7308.624033747935,3792.857517118872
3897.1666294941765,7374.877161957367
3408.1587620301943,1585.2033905875628
5686.080604665193,5693.8839320357
7295.522757489519,2463.5186596993753
9127.470508311713,4534.792480406894
784.5348848061195,9391.056380095448
1620.5190756996901,1809.166271187127
8406.309914300862,6400.084421307588
2683.933177638116,91.22291342234523
6148.32158062753,2923.580622091824
4869.3741851388795,1074.214231617825
9372.883065718808,7319.421770849509
544.3222091194222,8854.4231538474
5527.663650230148,2270.3108594970968
7212.730797461629,1326.6248149678806
5433.318687675368,8822.32212934196
9637.275941487069,6350.159428440837
1759.7611897368392,7203.289257998047
3537.443407641021,9129.524584417371
5014.113967269423,6017.650532287899
1924.8107999668096,9135.20117513705
3474.6079231887416,6672.704264988694
8820.285685846078,1199.8224926994205
5057.934456733201,8791.684880980663
3681.1319894536364,5456.824236167273
3467.9628761368776,1078.4382190457752
2527.8719776420276,99.88854105819512
2228.2538816265683,4607.9826709654635
1578.8218984062285,4300.739809157634
3323.485953656222,748.8532402435355
9264.565038980869,9585.910795232581
5954.672524682136,3113.947122666201
8622.800500492143,5519.207541436283
1664.6460139047804,198.48277849996543
413.5011902196617,5388.381248982131
336.53766648855554,7846.176708840338
6397.177855045399,5998.883444303436
4369.879677670809,8136.968195987624
7769.112043748283,7595.61306133404
3905.4830821172027,8940.127030308504
3670.3665226059866,821.4918086331623
486.42295226727583,8911.257618198886
794.2388991750681,9064.265217363214
1903.4717757216724,9999.284747595744
5319.556633859338,443.97425392004754
8541.501297273528,8477.849583526468
8882.271340080342,6768.638497730965
7873.4922003866395,1490.3190671061238
3396.0688841769816,9081.090257756576
5011.595243326332,8524.123526102652
247.4875810759558,1228.6289565589748
2189.8300569715057,7416.613056124122
854.1449628157583,5890.16312745946
9469.828709719572,6093.327924048289
8728.26618878809,3731.194625764004
9844.91462032972,5055.291676487031
8919.268478272108,2258.490061014212
6900.747161041822,4256.300591714018
1979.7144615696504,7514.376069218801
5441.3337798779785,9682.055034741483
4287.126913265922,947.8012144107006
7093.488447958615,3427.6206417129074
6514.464651696745,3600.855074628059
5674.9174307752,552.4015557867278
8291.689536550557,5457.8675268546085
1031.5865865235708,6496.048084272907
1772.6002875119761,501.569751132086
8295.908761268352,5032.827304483925
1976.5161875730364,1138.5469829264061
1948.8464284455276,2091.7463785330224
9081.994737096818,4540.911550299826
5022.897898483228,3403.6499653552587
411.6869404282264,2220.1251059911297
6992.199414696548,3635.4908101066485
2392.813093551206,9272.06741659665
1638.318591770409,1164.875244167185
1178.4445611026795,7272.517859641506
4185.892555188933,147.20453486921193
5545.280131360189,7780.96727954658
2949.910679517348,8264.34781888597
2870.257101655298,2437.877423904545
2760.577365913535,3473.597518867425
7371.101376376014,4805.183498412979
3851.7365794729417,4087.564123505908
324.557509861485,4410.83701652734
6522.870385251032,3002.0908668832935
9901.078837284296,8851.296439207897
4611.758401285692,7067.521619212313
3017.895389316948,784.263640022429
5139.231501806351,2366.081975980253
7320.877701381941,4180.730276825419
6102.0576192478175,3613.510445111561
3649.4028884257714,3782.345093682947
2689.6004553830653,4174.047958141013
2357.011806392747,6077.052148478236
7347.544586484717,9818.43337543352
4902.79067755062,4663.760423766642
8903.698975281608,1034.2720796452231
1724.1818643866925,3483.4874490159873
8631.433797272977,5484.898822683668
5296.822988803424,3480.3054071314955
3889.2313883738584,3577.72821859101
2784.2432831799924,6727.00417519833
239.25862685075904,9137.543029147377
5707.801542135019,3931.8120485284026
747.8250678270382,2540.9936487531704
6261.455356794157,9788.338053671285
4735.6808826631495,2389.8138581554927
4349.25020167804,7788.859251391317
9839.22926343372,899.080332835569
4485.49478606094,2704.187345247836
7042.501305009889,1776.8616208463172
3440.627145912386,6063.9232262419555
9396.806865469158,3226.14559744685
3722.320620426619,1453.7703964037173
663.501230813035,990.6594782298084
4598.271918624208,9754.442799618413
1730.009011270489,5616.994874119237
3990.366479548764,6814.807111039265
3828.5248000055426,5216.37808621645
1372.6585078241337,9713.67133266844
4776.45787258171,496.1225814327197
3869.452323187853,7789.2060635016005
5258.993023033615,8508.459530633958
4874.744216344851,9567.208803921694
6142.584967211773,5180.663531295989
1916.2058262693881,7875.278673794844
7439.875812257095,6994.820773241933
4017.5915438108523,7420.338248771299
7952.426789435627,2614.1913516799077
3796.486403003664,4789.632961042271
8361.603406737617,845.7825580862489
885.0857015242319,6144.2830538086855
9494.099856459567,9428.608588425735
3601.9029297599327,6074.563307070601
2968.6842433195225,8239.401825562494
4329.038964665376,9613.629612919593
1833.058649081366,5744.816574839422
8529.982671961196,8567.137216868125
5313.099440607859,5745.165032473425
5351.814175096161,7227.580123829832
6537.523575032255,5833.948841352353
7970.198843728834,2344.490035963176
3677.579583180944,375.9779560586429
4485.659647309246,2616.4362506664706
7275.129280143253,3561.085666088737
7700.499236340478,5178.683990280646
8152.837207155689,4383.247535245903
3544.4211593206796,3386.858194289123
2391.0252046480527,2225.6667174060663
972.005260446126,3661.393973498993
8371.112748498434,5615.888704126759
9671.50797208322,4108.609604358575
1219.8497683656806,5375.219471402482
2576.0383508139594,2285.43205552983
8983.057182701354,5895.144262725803
1750.40979349659,658.6029085763256
8319.171385116542,9310.279587544526
7181.228516460936,6120.569900316185
9684.829551268174,3629.417323278378
9884.846337464809,2042.9280828118979
506.5474622365118,2642.946654126721
9425.176263691144,6082.4882304644125
1400.408285836049,3884.7730814092383
9300.543149975512,5616.736334989212
7096.066416504845,4038.407993464549
4161.5427695200515,9236.829466820014
2385.191311170163,3057.0048428561167
4804.8871821849625,8702.010823698674
1253.0836493468767,3582.167319939028
2819.4469831486067,9489.430538569895
5637.4164494604265,301.6547476806608
8647.938103543396,5738.663953358382
5605.5958536148,7162.34359496503
2246.780991699345,8444.055685558473
134.38841823675384,1033.6209679239848
5576.886299197055,7588.2383968325785
6085.343714329836,3676.185406237383
2335.884750560242,1524.596542868828
597.5958594012587,48.24619651231043
6885.033195186079,703.6775417317587
431.594308257246,8913.981517366534
4707.287853908564,466.27056965964033
1129.3672191006888,3604.9430698252736
1753.5314472550244,4931.267648632061
3900.5417592106937,3859.7460197024457
1008.708275796426,1602.6650956954825
6787.297009693958,7505.063201173485
560.0929477268979,8368.697239569407
1074.0691580421712,9810.368443005857
8389.695988691088,8569.13628014888
4197.14479582752,6878.591921493138
5251.031461490655,7711.5666588457325
2763.447677834355,4371.03659861435
7020.897600699649,8069.8275382391375
5931.063707010417,1435.8001067870919
4453.249278278312,8384.44024018838
3601.8379892551634,918.5316392622167
6734.273122732051,3968.877936408911
6291.136996408263,9430.366553263784
5965.364933917158,3185.836712702451
5135.949557039727,1098.263046796608
733.6166880943995,6576.440799174221
1794.9144185572318,5583.734106582155
4183.177191423311,7869.304252739522
5430.000452566367,2404.789418116775
893.2530223979529,7215.653542218128
352.38955822513793,2597.934872425403
5902.772628434305,9089.76127984636
8163.921105647361,2689.6392652384548
5539.806056638714,4330.180141787233
1459.6014366703102,6241.253364137326
1227.0499967465244,4734.095873079589
7063.941087531752,852.33006228841
42.88254781989353,7636.61696373633
7029.528658677568,6531.102934716201
5264.238670092008,8182.885648903305
2887.822401284893,6572.608219055065
6027.2738649548455,76.19751457875412
5793.1989029661545,8093.668581439178
7311.526774671343,2830.417074400945
3168.588007767964,8527.98468383273
3859.2469342716363,2934.725706016361
7837.51800260274,4065.7957779303756
4282.019912152857,5399.681611796512
8425.59805275277,2854.4616858088957
2136.6097768140426,7246.275083897858
2684.807664599187,8832.277620862946
7914.286015975125,2363.4783357770207
8224.850474146278,6713.801486941038
6711.749632645407,7911.817596730018
18.274388888440683,6567.625682357492
6162.808375467433,2186.8871871474325
4484.959045703465,2849.6867506046133
6703.334076377085,1534.300420291601
8963.311026721743,1309.0644271580566
7798.116202880518,1183.1910757088615
7796.692501121606,5034.367834610672
8369.795613559798,480.99706194813297
9018.510512735715,6205.853299082064
7966.174410742415,4674.87985193572
7193.576915976515,3547.7353510295475
9625.638661607587,5675.044382141134
7083.994564313984,9775.497840340304
1624.0543903790783,1325.8931506382432
5474.196031346644,9979.105585497444
3691.857445053045,2092.1078267008206
4298.6504810303595,7731.670473446986
5579.373052891053,3159.1472690578803
9748.691145270674,9643.66179149363
117.92231764964023,418.7349610262814
2051.1030067345628,5241.48404230417
7687.471729005283,8879.721592446575
734.7073858881137,4673.641243019202
9225.51920982691,221.6223530151451
2208.713432601508,9133.863131480615
47.35190365861563,7949.187623057844
8441.214368221785,2851.3347767390264
8555.894806046912,6768.428425059474
8138.06358113131,2817.2528948889008
6201.805701134472,5072.078537131528
8209.944699783844,1230.8681294574897
3080.6372874123713,8349.705780682025
1726.7589599119915,9318.644417481899
5947.261818741306,3643.235556604866
398.9733723554734,3869.6620205933673
4963.341422441496,4890.580412945432
92.31325672031554,7641.505621650329
2556.5928309597043,2905.3854040126416
4639.338738351314,7519.295079650498
556.95593504692,4456.839311963019
1051.9292761414645,3264.1050544916293
5861.321446141573,6232.487808688614
6575.417452568395,4608.7680037171385
5941.4585505960395,6908.284239511135
1244.9717879271361,1463.1727196180977
9246.37740087991,9799.944275238922
8105.348621749593,1056.697324797925
3166.6511123374084,8910.149033596863
3059.1360574224004,2602.665906485054
5575.891466102986,7571.732732127851
8343.204223330597,958.4377245095866
2542.549443500891,9668.449723037385
9084.062851272134,9423.724017296408
6633.987823439957,3664.3925636143813
264.4338986537498,7691.122457552268
6556.290103340629,1076.9251267390046
8351.88740028277,4860.599305223442
9496.727336696784,5743.025158371079
7247.703909698691,4009.5891150098205
832.6429648086809,5248.194777419852
5142.658550856017,2308.362173401264
5993.689850009682,7224.393044652549
4050.513913859456,4280.29375648743
9640.470090549257,902.7874260617508
8930.715441586295,7004.187104195453
199.01765108696233,24.44707565248949
6779.495266117583,5745.046995303731
8678.234124820856,2206.962026871028
516.4243822132786,8792.872827358153
2015.9123587097183,1999.6066190525507
5759.508870624931,7779.763737221561
450.02688634853126,5586.355852203159
990.4644993451461,7527.99365537281
6537.045265728777,0.5096145059779733
6008.432582332451,1385.8813864289566
477.7852619232581,6584.1285891961825
1693.47853898561,9559.918468324411
3974.6994796062195,819.4990637469601
4350.480458454686,3905.754186613595
7237.8625311535225,4276.894696331403
6458.961822144816,5621.932487833618
347.57120926117824,3302.138004071167
7819.515355859729,2067.4867808452536
7706.341217570958,5426.24065005571
916.8339705265149,42.605219869018555
5312.906959537834,3536.2106643378334
7217.808209851968,9712.024132396757
1971.2086683965358,1051.6249644030174
803.3670376322632,1982.849965568535
7136.98603072008,853.1276182371195
6820.245260596354,5667.090696898218
2095.249443780941,3604.2525893305956
2771.4677144522593,2145.512715614488
836.2185633164843,2150.324048699815
2133.4737216774515,7438.027589689398
7929.726015307677,1333.5307575776178
5307.216172824278,6081.43582000582
8405.623121824508,1265.8031304099227
6760.867740245392,7971.791393360754
109.92790349764525,8397.789403821522
4698.487366149049,6536.062605301354
4200.788642206044,1005.8887011503159
7221.698845636196,6314.068789830186
4694.876488845118,3395.408547073533
294.52741884729573,1679.5905146901812
7812.372149772719,5151.570800041134
7585.95540463338,1684.5493229624753
6127.530582681227,3009.065607582192
2429.936725196259,2216.071138505229
329.98162033802237,1531.000933194253
6465.372586296483,9027.824994788882
4633.329497006847,777.6550572602603
2356.95260736552,8700.173795710452
6741.711959384135,8378.723260680472
8122.094595795309,852.4838264564527
1224.4609101757642,8248.155599177235
8342.900785621445,8332.831602838218
979.364396411081,6089.603260401744
3241.5363673604293,7956.316586127818
4120.43636290897,155.53081024304305
5133.778741504396,7951.910733611258
7496.473195572062,4836.462772411633
7565.11250849898,918.3125189825491
5035.509361957724,685.0090934613052
43.16278316170874,7857.179979685783
6969.837611614106,2912.893750259641
5827.9797606983175,9322.718510202347
2931.1906837210367,3168.071803063296
7860.520952027126,2265.189765759481
5431.642653417377,7134.616820326881
5285.6545595342295,1362.310816965745
254.30305601932602,1949.1003528067552
4737.715602400268,8216.99533748969
4609.166878825896,2667.7051360814817
9933.329157362325,1919.10414807842
2966.0960444959983,7473.564281547013
9460.66469778748,2488.1281498410744
1200.4429498035995,7364.4307438752185
5195.5371027517795,1172.0992708542467
1258.565137414679,2369.586946165094
4402.339382212133,6550.10552035455
9360.39467577308,356.99323997221643
4784.164491360365,9068.248534221428
895.565490265684,3751.0143130007755
6985.425308820208,8953.138687438628
416.7148477500737,2108.7382684768963
23.213340623957635,5203.634973787822
2296.428162623433,9892.844198953097
9095.846406367942,9312.449078542662
4330.797841379847,7647.955561119717
2401.3924173347023,1796.108564444444
6107.504512551125,4428.823238003529
9032.493074682921,8490.708502927457
9508.54537432258,7891.369703712994
3340.245564202946,2920.6924142004
2706.5794888253013,9745.762907191714
9961.145584477834,76.94821445113908
6707.894705559146,126.4950740281523
7002.59403074786,3571.2734532662794
7087.138903888688,9448.911823809203
7863.2560642557,2860.520556356231
837.7761508303316,1660.9744125993175
9554.369297621124,8315.202559891099
3531.5302723585482,7190.343749454368
9122.327227347825,1095.1320937427677
976.0627775472419,702.446609518016
9547.53438553494,8739.009873640178
3109.2369449177904,909.0382719609357
2942.891304459321,2279.58033732079
3154.6467966296063,8000.823617278701
3762.958945574367,2510.513661777184
1098.8375158700735,3674.590252013269
2467.8325317710646,8644.225559791546
7078.061492308108,4528.899136366092
5446.178101295004,3089.309396989237
4401.128518949542,6551.570048237851
300.27288990327696,2104.5724432434563
2629.566249947689,628.183939666389
8300.161237398921,2600.015716502204
1451.1524161114564,2394.954365447973
314.55395439969004,8578.836011138661
3292.7231264169245,3964.695516097876
2420.9825462321264,8882.183950664807
