x,y
6677.62216208902,1185.9811317365454
6842.768240358342,6810.7083543729
4937.464720131732,6486.723088587108
903.4288521815514,1749.853164957601
88.95461057803922,4742.650973991789
8569.849355900325,9302.64623858407
6036.463916993321,4915.804662931813
6890.588472213182,9712.634540664752
2322.9300881196637,7408.969319897232
8108.953897825265,6672.308032167122
9415.276394345798,3489.314370158645
3434.4971055374185,2523.9630415738557
3587.639960230915,8107.5731871401695
2101.2321348203554,5747.83707031603
2935.104859176013,5978.0762980061245
330.502486387817,6701.19647166908
3295.5809072537077,1273.941459004081
7137.284241765322,9804.621563288629
5340.271184191185,7055.217052893957
9115.534587745815,8150.499712001686
6593.581367596874,6205.0128127473145
7817.409458476698,7832.142886058032
3147.5474973305318,6542.329461771388
7393.092007363166,7898.962694869581
4810.152661977679,4547.343260307745
2496.6062677783375,886.3105174912778
9446.689052549515,1514.8019101643406
6609.630683675074,1417.800649821137
9187.557006933519,981.0576409953753
8276.546212450456,5757.829491179533
4535.881535284041,4866.832759751552
2947.406403854641,9030.467688041947
6372.184875029148,3091.338501951333
1689.7596786998126,1375.851823028752
218.1577672785284,38.982952680570726
8008.466358615858,4063.4584241463735
8523.071817020644,5135.301316823296
8680.97653916748,1428.2725747969316
1923.2896975491465,3128.3870908163503
2922.121776429595,4460.6622467745565
2223.3869820572527,72.80180003060299
5673.886634294445,8534.108413985734
1727.4965536777577,1377.3180219639137
1595.3771033507314,8042.219325271291
6254.0882172081265,2270.2911683105353
8992.394762962143,4286.566391729781
1422.6712558274257,9085.13238140542
7328.270843739519,952.8363093117853
1190.6631318138006,2077.6246879013793
1870.8313022961765,1521.808182573775
5309.634248799103,9799.31669754401
8910.357529274528,3273.8322944529973
7434.1558659281145,3872.3226632036344
5779.459536927342,7085.398614708725
9894.008016327176,2971.909853308118
1982.394619550587,1148.400604407348
3580.389992907139,9664.949459903655
5638.886140382964,2571.770675358143
2810.623640671913,3635.5656992605745
5311.079283082232,8590.538646365736
4276.198174413289,7571.213207016722
4004.8168989840606,5597.617593331164
837.647232981027,5847.620776769432
6296.633017235633,4787.4066628693045
5227.866012790801,5784.013382552726
6530.6636549038685,9199.309427394068
1233.2202734681853,1392.8558332643393
7017.592195549657,2887.7182570645377
4048.634236476362,8987.305413588578
6570.455858266046,7046.588014056927
6417.978192252684,2845.9205261695197
4173.634437839514,296.01821154455087
5529.975379158879,3701.432927149739
171.80219313624679,3924.745208353548
8336.444234880786,5849.748268241559
5251.260078825998,6865.843404884479
691.9161834705268,2227.0324715551446
9580.256999893461,554.5100216260234
8670.778898413071,8540.952255726308
2176.205458324085,4172.17727048163
868.1787200358981,4530.420467595133
9746.880941364607,9921.561049446484
3411.511703498451,809.0540608191377
2161.719530837316,6193.596380008223
5352.156709499881,7124.441829148971
9907.10324993225,1514.1689679313008
2243.962499698973,7111.107494015435
8761.483543840304,866.0322813705079
2945.297149308772,9138.196003783161
3970.9959758529158,3488.475899394871
6960.122124362944,6187.530242931073
948.2840574335149,7228.558449417709
5140.07639145553,4269.683112990975
6330.975357322469,3989.926777559073
7837.073867199682,2715.1940493213187
44.01643801142052,594.2735870321503
1130.0495554550105,1166.782767025414
4180.088673402228,3883.2212396100276
8409.650127961513,5617.285248920846
9157.424295501947,8194.679942178744
5570.925587541749,7726.177541075566
2576.6309585757463,523.7799922487052
1334.6255915429172,2290.3028867516573
9101.480696988949,7288.806949072042
7928.717571447302,3271.2430888893628
1445.5079577928343,4576.591726196102
1220.063041281234,7513.671785299059
4519.544432405448,4395.863392340122
5852.222830311975,6370.560212343368
375.72291373190404,3757.452445527012
9141.792258429792,6791.248818030023
7120.601476147113,6034.817490322043
293.21033470110837,8799.938806878297
7735.392146826733,9385.513998612
92.46033111648954,7475.588765238725
6685.703085004972,7139.405363345412
1755.124596256733,5916.934279302393
1348.313435283618,2797.6728907847414
2421.6757474383876,8154.282038275606
5558.879363408336,344.06846102085774
3704.8322781781562,9628.509552797635
7794.229626013901,359.3791747213637
7457.309719550372,809.6415115611211
6300.706454436805,295.10848454160964
888.1949117152454,9174.99531706242
2549.3563821213847,1499.688511665277
9277.693734429831,4810.564084108103
2136.661938793182,9435.848616146402
8764.834403316592,1696.6508578075734
7422.187346094048,172.81132634293095
9699.925743871381,5952.050408175893
1997.9664794495345,2987.4459829315247
5556.321692276014,843.8051791097533
1060.587948418461,468.3497614770016
3718.3993786186165,2654.3751782709614
3617.349371311248,475.9713452534087
5518.727311073744,1826.1010701061086
6583.3158569584875,444.0773445076618
1841.2416169908486,1854.8257101957067
981.0865119775348,660.4966538828716
7436.328112611968,5274.247282670398
5599.027873419468,4024.9983205641515
5505.860574805489,2246.327367913222
8320.925051136805,9876.662197146006
1740.73220368001,8308.139902665693
3135.3403589512372,7280.6038145137545
5321.177605967496,7420.714771242535
9510.367698657377,9720.527843166232
5966.1530667992665,132.80030923998655
8760.540992099475,101.67232474663446
5661.793053894354,2518.218731188009
1799.4649931369877,6877.561301023258
7499.840627190202,270.66893203786634
9710.643792108824,87.56887211880282
8193.099956328837,3369.7348352113377
5482.928920436569,9613.141991674252
6423.4761961171835,8240.497421750617
8564.922456460581,7438.246752895383
4084.3216427614816,7798.408357811729
8660.559270130681,6421.8780204086925
1354.5601741558878,8519.709607839713
5067.210025748905,7284.341569633828
4373.48007326625,8802.862291966088
8996.855081598584,754.8721456946472
6581.912056329262,2311.121687156924
341.3620680267049,1842.737580551661
9733.611755129234,695.5812458092025
7889.494309246802,8302.202331303997
7513.549447405817,2112.219750951179
4355.895727358531,8646.913468566074
9228.875631607905,4789.968681104435
779.5905369057588,7205.069261450732
3039.1970977147666,6662.5724855795725
4243.459838000358,1753.711842221969
7420.179105884188,822.3204522935534
4927.602760497348,3022.2873233235823
3692.0994411051456,4043.509297111757
5416.6493902327275,229.45228553961638
1050.17312462102,5817.966919789188
1598.7533994606817,2725.785720833217
8673.109695260082,3012.509720000259
4224.05107247642,9137.069842716093
7883.748161241194,6754.25052742205
7994.704768464029,9853.281643914597
8465.192652570766,7171.819080260334
2394.33649947693,4595.953362241463
4440.452219673966,5452.3075718941645
3161.1621743264973,379.08082208477856
9755.901768726117,9498.089178954047
2637.2365941301578,3311.830887035266
539.3314292694506,9793.341073672447
4771.085756409302,2846.2884587070857
7413.429237765602,8806.472655493077
4902.5499866377395,4734.750310634566
9593.442832109155,8171.6798472627515
3945.6525273169987,5159.668148540537
6145.356396011122,6271.757452849348
1342.6689564524775,3137.6330879943457
1633.364355826995,9331.061642131075
9640.361286150328,9134.540938750442
9952.175084573433,6326.235694858649
3750.2983335252748,6681.919912354708
7386.11873005733,4152.766747904382
6884.800111237518,2628.4215915489094
2150.329900884974,4379.909902563351
1418.0497116107038,8565.876052912308
573.9576870764951,9361.054565992532
9384.078393589607,6941.713675558898
2882.9451398927217,346.6356096195511
4118.179567832426,26.908414557765823
5719.368129523049,8540.871491565831
1430.2163043756677,1079.8872822511073
998.3645808346953,188.00164467149384
3995.0328767045276,7470.450972189351
3517.73091470858,2766.9604245935684
2025.7195932012062,7988.244772077653
2081.5592165070775,9179.208611271883
4134.768375765504,1995.9647764263477
7814.960765134377,4522.128507494373
4835.941488873449,9473.710294963363
8145.7280398012945,5135.7631995329975
6161.754390735564,6107.362940091088
6188.620451826434,6484.025942329887
174.324605765952,3639.2605132884005
9235.020185031635,9512.455351325065
4309.298500921519,6099.689443440601
468.12002273210584,6762.839407903124
4859.070917474295,448.3651084175022
9964.891613543034,9909.307172515519
4857.827179987187,6116.140914940947
428.5239043752265,1184.8209358688732
6697.143293466721,4993.9493388010715
5336.6414816838405,7799.056002685388
6931.986093404198,165.22923139874246
1194.232161947585,3180.0140595693947
1804.3228193657135,9905.283882338683
45.44155289902152,4590.130449949582
3388.31385657271,59.736523554375644
257.0317529760691,800.2305343657779
8757.460229513023,5847.062525939262
5762.528998726801,1154.9443827910566
4935.710167414398,6410.030466278559
3417.055976713317,190.4987549377668
1106.5358024351956,469.3127495352556
6866.938164631035,578.1518580643508
9593.899911468825,6657.442901397325
1253.27227125267,1962.9762482666713
4376.146697545302,2477.1633502687673
5056.149069387431,32.46661947372886
3154.2078265290197,2948.096833137538
1645.313449199719,8374.285688100323
9530.942759169853,1099.7459845637825
3769.545968085095,6617.332545536146
4857.565133554046,4244.430779382315
8669.175891151066,6313.082747120454
4835.503882599259,6954.02991370096
7456.605206563556,9889.854895492505
6349.6641855589305,1293.7107527188152
6508.8145220533015,9442.74249425604
7115.786997601412,8090.331454060706
9905.511253568486,6150.089151103696
4493.019277298293,9047.232493800213
3513.2883478221975,4391.719731802645
7055.168734675379,4609.086231628519
6376.357319366047,3038.619780239513
3511.9039923502937,7671.248949590034
9556.062842018822,3329.2092369184934
7515.144008012795,6548.792562150552
2640.2269024683965,7793.228674543124
2244.79261350657,2578.279750686682
6458.870570329062,9220.528060543402
7919.727728874945,7449.212616477572
3046.4844611144035,1696.5063029921712
1712.6321370552532,164.3943005327386
7757.987673930286,489.09296919380284
2702.685848255675,9435.952135158075
5140.3205965670695,8009.806490072708
3485.6894708289533,9900.375590965363
1929.7612001079124,3987.1983145291133
7354.694039359906,8139.644055136599
5104.806923028795,5110.503617860006
7755.859246372123,6414.0847768085405
6971.16348130472,3149.911445945821
8055.228350395414,1911.2543085640132
7821.525138371617,6730.601381954649
9791.768975176437,6356.274229263633
3148.676277661464,1760.2893227327165
7086.979397173721,6665.370839159232
6394.43145920268,6611.750634728723
8223.137870819182,9135.464299819107
9929.335584763629,7886.940478344946
9075.891127755689,6912.514307468751
5604.531686608049,1998.42931574155
4965.634766534324,3515.0875774037995
5657.991072987046,7350.628825585241
2605.8554554479597,5688.049611709579
5700.740810372233,5518.058488672559
4855.237922229955,5273.704884978595
4802.154711111582,1707.9174667724362
5976.1918406459845,993.8349899839716
3365.785148721222,327.37267728737976
9706.848279908025,707.4905522636044
4070.1556390340475,4418.56319743348
8239.477724493578,4285.069813202599
2005.0039823754985,6059.2019159643
707.0360297202683,1719.7150642619497
7977.793724006798,6042.706580406419
275.31064975834016,6332.11317839532
2074.5236473721698,3360.5215288747227
7054.2423301521685,3530.1998112321144
2894.1119573846718,3427.5912826782373
5824.907417763143,7132.9095304547445
2374.9671493905676,8171.489167225714
3934.1159696803907,7265.910317977602
2478.2969874932915,2282.2799597181443
8246.855286754964,3158.0270323658165
3982.0528513698737,4949.201422705411
1389.0151954279472,2330.984394759511
6475.416382055341,953.4099302563015
2355.922005362929,1407.0635330597092
6326.464594133951,910.0068954566143
714.8705418516521,8355.612606756833
4152.1298144959865,9607.913006164219
373.21426208207333,3646.4413844134624
2978.9500786056688,3616.6454452362805
9548.139683610309,9531.740462733402
1450.1762909715799,5393.058777113938
5841.606896901665,8153.27566705414
3521.4457819331146,594.9421177612479
5269.201867942367,9261.485550274683
4929.175962275667,7317.345068257578
427.8118134137698,1012.3181060121078
90.7278579372972,8871.032318332991
3653.877313042898,6258.757508549387
5618.466835024564,6154.827000727212
7065.666108957158,9010.29808062548
5332.616126795716,7411.24360384736
5734.400980793888,6540.96714343318
3523.134656106872,952.5202345108563
2503.786593542754,2411.532031218487
3612.980400998762,9664.060351847238
9655.107350781274,7262.066660591156
9593.201631957125,7978.624761330764
196.05320932985947,895.0703433215856
4887.223262911312,2905.206954474161
82.1949236182451,3434.5105389099826
2835.259829688461,6365.518505937714
1110.681981498869,7696.8374004098705
6702.750358981508,1930.1043134324248
759.0367353347915,1585.7681271561542
8856.097009631487,561.5477539511959
5620.174671756619,2073.4492635716815
4338.376085966944,3395.870663636135
7518.0668197203995,8213.534514436396
7995.692903642575,4359.131750008612
2537.843658180592,5896.181975067717
9203.38636566269,3111.8326944484143
6042.614411642876,5479.332487136441
1265.6377105545291,3480.3181918488835
8569.22126116627,5237.755448552699
5162.985772669448,5687.24735352881
5132.467070646051,3374.835069324585
983.7860413997113,6511.522463550216
1303.7908058272174,6640.346432151052
462.90825540818315,9779.376753852397
8939.201377295234,8567.78599614381
3189.4363974600046,6491.587542933592
9687.022884662678,3882.997222479907
4222.844277604666,5091.477782027897
7734.251766056057,9508.289891159597
7355.24587227802,926.214673360023
220.26506815271185,9582.329936383807
7580.586417473976,5853.193016843744
9714.39095837741,7574.066957672221
7271.16387264008,97.01758229871737
1444.3526822175036,4571.363801069231
1889.9428788374794,225.5760946664842
6523.845616248437,3214.828205884501
7526.622473248534,8940.017592820659
2951.528192587839,4972.2044064465
5419.939316566984,3262.1964893394684
855.8464922520603,6622.466390249226
7904.422762967124,8346.4896978825
4581.860103654279,5350.29687520759
325.96574564893734,2443.18839414592
3042.971321193769,9195.895182918472
6913.904975714524,2958.9073055703007
4928.003563063626,1973.6649213394307
9531.387985858542,790.2467130437607
4556.543479412858,1337.515497673266
1954.4379019059643,3907.56069737919
5533.103216362776,4315.127220086405
570.7881900615253,5314.667350278383
6015.7478107140105,4888.305761286383
6888.3639560050615,7948.998365280022
82.44371388311022,4612.284104262245
5743.007045723456,336.46828045889475
9926.237558560322,9134.508094812623
7813.203112842597,8590.837451740294
7645.0161073342015,8955.753898998391
773.8904443497763,8403.76192968339
9668.348704361497,7741.101528138772
6427.95852636657,1010.0514327273669
1940.7041956943406,6264.777753386964
7943.249108827214,9152.85163356123
2980.6766386109316,4416.8548957636485
6292.458494094405,9116.792948846103
3319.668406879284,4436.218006478481
5479.011871979807,9731.044943551311
5912.785180422759,3937.51752995844
1271.963094236206,1484.8290395284869
3694.3562159955954,1743.097226632736
5385.447797769948,7464.262075513445
5932.927361490472,9447.93476529483
7194.971150009107,5860.245129266256
1641.1439042712805,1051.477065170503
8687.445726906977,5478.456032965719
7181.5216032706085,2757.3331847305703
9841.53775737973,8556.671382627741
8640.576309527933,9559.157460119437
6514.724319159441,9252.173965916474
2516.277199468239,39.196003579715644
2128.764044201801,3582.326436748936
2023.0864647075775,5525.344391006606
6828.962785382096,5558.455268885697
7139.716356774156,9716.791676413393
4775.602179825235,3578.409772244574
9415.70990103818,4970.595252294817
8156.467987436651,7726.261493969856
3767.959140183739,7776.4053008486835
4894.8548179768295,8152.069678583609
7617.281594350923,4056.625693014385
7289.164059681342,70.04800034919656
506.03407779367336,4463.894358883762
1287.7910081957777,6366.68774594745
2564.947345224455,4795.681981370977
4879.942920134082,6475.509947393099
7192.532127905988,7901.236335262633
6684.891745273779,7104.513307979322
9705.413076740364,4144.84891317129
5663.1054766024245,8569.51725105893
1464.2790327783762,6503.6447520639485
9132.244951696994,7680.27257711294
4442.905617860828,2844.7438943630277
7244.106309500971,2943.8354166107606
3903.624235165981,7785.083600998568
8823.741822912274,2679.1730722426487
4155.306277497499,1051.350634387196
6781.431610207638,9532.124940435553
2859.8226098882506,8342.463967428099
2610.8698806308926,3052.9532227499467
6075.408762633211,1782.1481519530146
9110.81757779209,871.3419668404842
6336.3855102538755,8611.87449590123
7475.277357313669,4744.14291043599
7274.652158389128,2395.902125626328
5126.154399123612,7074.797244757901
4635.070249137737,2026.6820175226119
5159.368264868042,5869.213424738362
1761.292452376445,1742.9532852982666
8338.61704316793,58.391878581497416
1088.6895760127834,1686.9533157147364
8618.89654624746,8455.243404944786
7152.567015566226,6842.639363824235
4611.136310889674,9129.374531568968
968.1763459050452,7686.627421684927
7501.28799442613,6810.390287904132
6881.212006736179,5121.482817008081
5216.22870041712,442.65365909464174
3825.7828144254568,9661.887648608214
4815.802139964023,4191.635823646885
8822.778849995493,6486.2209668148325
4324.528635025547,8642.100654464228
7924.74310060948,421.34060834295826
1560.303808517347,1485.0520308215887
8115.5781534494,5323.643371861045
3176.471665753864,9917.072679115943
1867.3677489205631,7628.971628361099
6496.48318352889,2263.5083621695153
6345.913393446279,3335.568873608782
5680.104780528866,8754.784573207296
2137.3354432184,703.6022331751168
5699.586199345073,2033.7825788317487
5859.713648134298,7147.729933888645
3547.2674630214774,1515.181485943845
4745.287386745292,3045.925116205793
9959.137943750397,4561.970337635463
2618.0040850472997,3751.870295556631
9274.973016320782,6652.713037703965
6898.762612736151,8828.711518846841
8253.67461791407,9204.430352395388
3111.9248844396684,6676.40513306156
1596.3137816599326,248.20212488532388
4462.827216697699,417.8546392517202
2573.978155931518,3468.79150277701
61.003889615225404,1641.845345126023
7608.493784736008,4413.990087677814
8232.0861473412,501.7778187751076
9393.614467965172,807.10325716699
5038.10431168134,55.17909221294693
9538.45960866073,6358.479295652104
6359.729713565796,5234.7255681124125
9174.376055307532,6409.694422812453
1223.3512208472198,7310.077374324767
4930.218341969004,4740.883599931167
7524.83718966692,4172.3717387023025
9145.447144053851,5561.3361963659545
1308.029378245149,820.3794462769554
8109.244616913253,142.33916951493342
851.1834525458006,8075.562280119055
1168.3770359622704,4059.121807403089
2929.685022798154,4036.468243984889
8555.509245341458,1140.1710118939056
7215.3357210497425,5465.045577449234
4150.663503641136,2575.4841522362735
6316.4776564442545,3958.044348697689
7688.7328974992915,485.33866456156204
6209.449117431347,3428.266140691343
4571.2053419356325,7838.91139682649
2483.0742012548367,1924.6864647550487
7498.585784441626,915.0421991752511
24.457385827831857,5708.881618365877
5650.551134208414,1021.2931963854688
8007.073347349415,815.9631409128709
9860.05608155892,5749.34482322333
471.00946170926085,8337.791480798818
1822.995179826865,1520.6380277604103
8740.93696128574,4585.198902459468
884.7925230252051,4331.4311970981935
5714.830846240086,991.3005961567667
7791.31550367997,1552.958845427209
1981.9257069705143,2924.080691910991
9750.385101757076,1968.176932398501
5147.694122712782,6673.595388137677
608.4924630911548,122.34040984589245
8935.780650281418,1699.1502348034526
5628.574013988731,6411.210885538532
1605.191070039955,624.1789184688729
5089.0180734066535,3834.053998008642
6454.825488757906,5704.586067980546
8191.650911712949,8604.324299498083
5353.69438990111,9549.387950394597
6381.697829083144,9315.612719861949
8844.209550495569,8592.873490444168
6579.916069977269,50.560720559046366
8182.836799626604,2463.1180260934616
3789.153366143452,6083.231060224854
4065.3985145905012,9848.964794399979
4524.855332190884,6811.496877862842
3114.753970406533,1690.8879580235182
600.9703055558114,79.51229333228116
9851.885609544977,2205.3210018914638
2091.015681847672,9834.633241079484
3360.0819304660567,3119.9543710634116
9428.896749717087,3315.091824806461
4659.299265284987,4459.191094518791
8099.76858561263,6252.01559811345
4276.479133139925,3685.4903489477742
3212.551556268415,5101.0477794635435
9733.1616819516,2715.543451701271
9479.716416788577,220.713613063932
2705.3701242972584,1094.4181851795308
4922.906646136455,5100.177087931119
1467.5539803198255,4249.433936418839
8503.539606454407,712.9696724923463
4226.969140285466,3817.724488855757
8902.146119150539,9142.598416264924
5714.638733949226,3140.6138051497887
6933.14504693067,7757.427949492009
2592.4149497254225,3599.758859965082
2554.4003845068596,9168.973170308842
3664.8799450489746,6339.454684125701
236.929359231135,5832.661624917446
8650.111992767503,8229.551635494356
15.638760481727632,5443.806882442841
659.3865667868993,9461.257801724347
9940.389962732175,5606.226762259296
3728.453720459659,5406.08418985812
4864.098484387167,2332.5192179121314
4414.553469958488,6603.404802608698
9218.231294178555,2479.293162284538
5068.726771840798,1691.4982146934587
3598.4520715865565,2668.1413505887062
155.75983702331152,5883.001895931693
4183.083560205344,4424.9085846849075
2345.0742050473104,5304.138113506867
1544.5781798509506,4861.8753981792115
4463.552473685442,8679.299673984677
9184.268036778727,4442.865884354343
9639.753609186633,5355.009461809994
2327.0562182254494,6090.87165241135
1168.3350949058868,9214.443485725655
3733.0744596984446,1806.6867748110028
8457.003774189221,4370.106713419321
8566.60969266407,3366.9359092686946
8606.99778424659,5645.449479785064
7255.607408570335,1300.8969421836803
872.1856948488827,7008.173969955169
5555.692638619524,6103.087689309352
9813.880956002067,5471.356752307422
8255.73062407643,4929.905127670422
4831.024328381563,5974.0917205088435
1266.4902301667357,3816.6628132526434
862.0563227322109,1249.7435538234035
8883.857824426388,479.7453838719912
9172.016609165763,9005.39322434919
8270.566981831373,5441.063775104362
1029.129230427741,8305.48876025469
617.7927307037645,2720.847547747627
4756.976071991501,6177.114379424761
2463.387848978317,9307.335421825861
5327.698018025392,9081.701758336765
5688.108285579012,963.9908453357149
7889.477403220892,5705.597872280845
2559.6308748818196,3967.269541439771
8371.452453268492,3275.1362949770946
7353.549227399581,406.0224639039978
4147.906693059812,3860.34476590564
2515.0339673491662,7325.574752950074
6860.497181914309,1228.072035659048
6531.375307309487,2093.1784401086516
2439.2929245560204,3718.5365275006466
6997.8582755696825,5863.252202422396
3866.7246719039026,1559.6150960197663
7737.987224246204,2185.0834308661647
9090.166834547255,2493.8208808244276
8285.845394769549,1577.719195411601
7991.449681172731,6361.262440559273
8125.903827223274,9060.432562260456
2835.964749486267,2102.4917589596216
7300.98094752648,5873.97866573189
8304.94988503052,7762.100902054325
6709.464181776752,5466.699695201815
1023.9095732690051,1207.6581903421124
2641.4530237446265,6133.501248488194
4461.03257610925,6469.8978260941685
641.6707839911662,7179.961776380784
6491.305146776464,6984.32616596775
9256.788782796946,9209.415896774432
128.9880227537932,8934.783023823853
7382.956986459341,5283.360345274475
2134.447781366862,954.1879099519457
6024.280505568166,5702.8692850032185
2297.440767016056,7971.42853191544
4117.580162063352,8589.66819139262
2880.759775964349,9812.072847994536
4180.953318761664,7232.02706938086
8182.535412236683,9475.90157352473
1258.283440825866,9774.146768173665
6431.893928347934,3052.594989764128
852.9762719313094,3561.3493320119283
3653.994912869686,4228.64224653803
2884.3252646684414,231.9161532875824
9374.9255522006,6390.231189162807
5458.184678152406,2014.3990289174096
9.372984472900692,8705.301470193823
3184.883370116818,5404.133336667366
381.59151991798535,248.19647169872948
4086.5237213843384,3789.1092952977656
850.5775363193935,620.1071745888198
5515.216290394767,3762.7565937719733
3622.205616752696,3628.778224347754
8340.462315574665,2775.5334253055184
5699.245460692022,4439.583399423198
2944.680283774295,3918.8247831761014
359.4517568404243,1371.1263527474625
6026.296130119404,43.98227464582294
1328.1575204853502,5954.714426017384
8752.139384939373,685.1073109475003
6565.6471926297345,3690.8381875286723
437.50617736383555,4236.748701721197
5299.215440840803,3813.2131008906
8638.88644265425,9628.542154089253
8705.155179670215,9280.15657200321
3971.8254809110863,4316.768795846807
6767.900781050381,7664.032449866631
1437.6778279391024,1844.2147299498001
3409.090350302153,8192.94847674278
5988.995798740299,2977.6731571701607
4950.576590142212,8525.62320701862
7650.373776088839,3878.8419975229017
1247.8573914769786,5540.137158743906
7816.130613614852,395.0018415653711
1349.0605164202095,3426.6500007710574
7078.968523530377,2007.1675082298534
5987.183635835909,2794.488840045293
2350.2975497836196,8604.41113746188
5302.73432510521,5322.430830891239
6031.710462281529,8598.027433010693
8138.060520412582,2016.3969708824104
5995.766202755075,3720.7616766624706
4239.475809666834,3357.009847453233
2168.4720812107325,8251.065110769918
2165.7395555798175,7651.647556226716
1942.9958966699257,2359.95768261689
7929.198108055944,6674.526399710829
4646.919159052184,3036.577224170964
3052.9597596550993,7758.186627288075
229.48693461888215,9962.072168718054
2516.5246721805324,5915.805700124419
629.3089259128037,1493.0525262154558
4771.221544284198,4905.439318432714
6899.47355684885,9309.144419013423
5214.656252061121,1547.9340330566504
9266.294735548696,500.2112694427285
2639.0992489870036,4145.046284169155
1181.0993160174287,8754.976109572786
2909.240111625553,9425.503189697842
3577.87901725768,2743.7576546532337
828.5423463204056,8410.325451347579
9723.878106485592,9535.133311707308
3811.6868994235333,4195.174744333083
5300.304983189006,7623.899172729116
1045.8998659968877,9916.160511067688
8188.789466835681,285.6525512077546
6343.830838495395,5046.123671733089
1354.8128488963607,7777.227992353876
1859.3489431944145,5964.2603594726625
6273.841779802255,8777.551837331544
7431.528748488776,8249.79513004464
49.99443009690352,6784.414970190827
270.1736060551485,6578.090731948359
2117.7036181960107,9336.457705554361
9814.400275189475,5066.475376578716
9068.800484012365,7976.630005061789
3932.3784553562614,3686.8007011109094
2028.3996509531244,7161.454389435259
5505.945826330309,2197.045408868592
8511.051403873566,4738.412700067961
4719.725477902777,9924.305697287075
3239.943177004678,6835.73038871507
8883.098618380369,1458.7140226560803
9390.070476319614,9322.70560593748
9648.388919200113,3998.588828306414
9772.988237851496,9754.244556907639
3873.0497036700763,2780.968254799219
2973.4763541897946,2812.7309590817526
7771.799436276135,8068.452816307899
510.059371717575,3210.3780313537845
2735.2594971602693,1944.5767747040343
2537.324310325327,6277.7349770847195
7263.607942700566,970.0046145557917
6183.37579200202,8803.251551032028
5788.891422178264,8848.267527467302
4227.114526795291,6761.741729567794
7790.596392482199,8974.278675446541
7890.919096433723,6476.497639234399
7770.289887128683,7452.7641013854
9885.853218358283,896.614534914163
8552.154826428396,2998.017464627012
7738.4668213252535,9897.87664712899
9400.651995712555,7458.068526547405
1175.7803942201706,1577.8455421660399
7972.502517528419,321.449585543736
4678.691276932295,7488.798185747784
476.44704690638974,7653.835862323735
4867.6671074055075,4937.210286284674
8363.658943361896,6106.260904654521
3635.005117880793,9281.752870688048
717.939956434338,8435.972399282611
2832.496778035165,8199.014939496054
2491.3216268603046,1410.9283837376263
2908.0002375177905,8581.901407291842
4731.318578034217,2072.318564229715
5525.0252762201035,3986.900313234938
2731.110611989761,9602.145959538359
8491.368666585098,784.1534167510811
8647.166902984576,6962.369748756102
9936.794695037912,1223.4493018480896
2537.775685608187,1323.046986218731
4613.155567779878,243.6294392063254
5402.951153203701,2628.986025044102
7834.5516135991875,8668.93738341215
336.16328463644265,3669.8894430431883
7397.642112570829,6589.896686128321
5947.049967329882,5797.790234208095
2547.364478387203,3087.6611880939417
7733.374003898543,4924.654438180741
9551.412849563276,7161.229350150775
6473.149765850653,8706.918127127403
8124.085977430691,2339.361699372239
9524.59926970281,2398.599701820486
9740.049148803282,4476.859265878955
7143.510196996636,8547.823367018706
6165.990845888752,3387.7331426710657
5539.5699882526005,4349.138815496712
7755.330396461596,8225.01796120225
9455.872467448482,2063.8633727096067
2254.814555323984,876.0109055553522
9502.93838527828,9097.319005207886
8417.107068264511,6135.088791807304
5743.823910580456,1119.5655721295373
5696.922719693711,276.6171008396323
3870.570814540584,8494.959192980292
8500.24887478368,5421.287395991007
4108.253656315701,3465.011769161738
9105.863267780062,1452.3268744658312
146.3985672469059,6998.646420639494
2185.986169110968,2993.1300409744754
8787.265163666982,6116.152407957235
6649.424152882761,5133.189357687962
4291.369534180196,5122.511704416145
1366.487158605586,9880.324185578558
7500.426572262364,9072.468409616833
6561.438829860888,2865.7301980261386
2137.781828988672,705.7975888228262
8301.354340713058,1717.0994130654926
6156.747019750731,2533.9937407522075
5116.245242106932,6761.754178507905
7983.7891116055225,8844.73178027558
6322.374301657609,5247.781946386092
9865.222640924292,2490.5674327284087
8836.028397801558,4945.155697308394
2510.6323121028095,602.9108143948037
9496.624848355124,1891.8620646639706
5116.682298560227,3243.9075585676082
4496.904853217742,3042.0748841418144
5465.703494700874,2732.3738073829686
5670.4307538782505,7049.803857014755
4650.09582412395,9188.014007851707
3801.9174295022717,3217.978496464685
4005.9372789235913,4561.354869513508
9766.063014466832,9056.368092121049
9870.557545938054,3649.2454211001723
3371.3950035436146,429.8575988252018
8081.319302716063,927.6444552699526
6124.160171015001,8114.076750187695
8189.1331095216565,522.6130862405109
7769.49037524872,8585.528016472397
2760.4689156443474,3376.1009611459845
3510.142962228684,9467.336249342088
2017.9121761574436,3958.3172148737035
9926.503337056212,7799.753290161283
9717.247889093775,7182.5062157467155
4018.454315633889,2931.7403329766767
6673.242429789175,414.02301355027095
541.877682105013,9851.702415187154
231.12214675108822,9062.25520347187
1265.5352619696014,3499.965667338135
5132.666992234456,530.9889990866601
2806.4665851718264,5624.670115712448
9543.060632267809,1235.641944552548
1098.7088795581778,7599.967372745935
6828.427660167067,1903.968353046742
76.6064188042459,8410.69212920242
2578.6559842747247,8393.865955333662
8073.614183850628,8592.448856638393
3607.4623166429587,6520.697500298445
3604.0815973456097,2051.222333550091
6339.889703664457,1441.254627143569
3553.6455806115496,9970.57045265844
4386.021383565522,7942.718657061021
4298.196792515499,4124.907006654234
2797.541738521072,7083.1240511027145
1347.236388213635,7007.4315038851855
4277.079145103904,3599.227259620341
5097.486072710923,6059.950039696644
3275.860966127341,5047.965724277874
6205.809783110754,5383.327688333214
9782.676804733706,6733.543698062189
1460.6723145570288,8969.491640335138
7084.349416576156,1345.7418541119714
7804.49297038536,598.2791465131065
5942.149812317792,9887.408110172797
3663.2469406813484,4190.785788215438
1135.8488884577612,9953.12920027603
1249.9062762219414,4061.0423620613847
9484.667921750915,5898.773567609445
6980.794424917424,2933.1667631232563
367.1271584083613,3054.24355621575
4322.268287339989,519.6233212695766
3496.3241366850784,4676.238288876845
2405.3334121983826,5241.32663519585
3616.9272687891516,2936.441144239632
6369.192660106599,9869.89380972914
4969.301879469082,2503.387070433849
518.1266609552881,2682.8679246150646
9228.704170415682,8320.672509108992
6746.027415227915,1349.1408660853876
3157.544727964613,6438.561285451804
9123.162097026674,6625.038309204867
7763.605595479695,6534.27786494962
334.5480661143907,1432.8947153437566
9052.457176346068,234.9808759523797
4267.363142590287,4334.403903148811
3254.322403361053,8157.578793632374
3447.821764840351,6420.190743216707
7951.50819082328,839.222963343077
875.7521136622981,6923.7443098141075
9092.247107511097,8823.471192757985
1397.6203985751602,3599.63137276058
6976.096109066066,9658.198478759696
1345.8553610830181,6536.286195326511
9350.244406200549,9338.245803725467
3569.307409739383,5667.316667958396
6931.005700862228,2927.237991410839
4047.3790241593556,6840.282299895431
1938.8266321261372,6984.1844861053405
9950.096146512804,5197.401038732945
2663.661130968149,1408.7886890629486
351.301823457183,3339.6980972551414
1893.756728821594,4359.824028145468
1261.5717604954702,1133.3965260929956
1218.8057087645443,2617.9052020039385
5335.9677410342165,3603.003504410193
563.4091011023556,2129.476779042444
2042.3119063585193,9640.794493270347
8048.244082409246,6808.128347831784
9722.875187332607,7887.920740316954
6926.048114295096,2802.300828755303
4612.712951210892,7012.792467775113
5637.067238052662,760.0471384966955
430.2487892153628,2299.9138713770594
3818.5557298909202,2582.6668128855167
598.7756126586496,5108.820930569163
1114.6372917394053,9460.672295253338
2016.6484088892844,8817.836680008488
3805.7257867363505,864.5933902818425
2099.3422554756667,6472.747159808729
5684.353851665776,6685.2176818226935
9232.94509943721,2779.4724781385494
7971.373090427709,919.7906581681159
8843.486862746824,8897.234050506779
3715.912601674637,5093.720259453736
7551.103794915634,2218.6028777070856
2788.452237324791,2116.443606245918
7804.055185910605,4799.670490521075
3183.611887411307,9738.50961830083
2346.123138562922,877.6268423907685
5094.779664563651,3450.10688646189
696.3274049475499,5553.463275962811
1787.7701778370126,8373.100737854673
3071.3223445017557,5796.618345242015
2840.690619935835,6120.7313928542
9586.032964587885,9495.466701979403
3073.317661068443,1370.8624306994443
4369.670951258995,6779.339186036149
7085.195719185993,5173.063485830658
6458.7122315367305,6060.99575115383
1313.9032327849266,2146.9656242535752
9886.402118887418,149.72553009499734
6637.158873880438,474.6656254662496
8053.402906462321,813.5488218226694
3053.725427954883,7655.787732790762
3611.960457886935,5096.727128752891
1486.09262974583,112.5947484035672
5200.639138045967,6671.269969893076
6595.945659880878,8880.164778053857
1989.8471438853526,316.4468792957187
974.6788538598494,5227.130792958597
625.7457562043567,667.277076523256
5548.304433982484,5014.790129826898
1495.8558677807243,4493.2270750339685
6748.866557451973,9245.754061244008
2366.6791942385257,167.2896607463026
1879.4377108812566,2619.6275555991156
4848.004519146349,9885.391114553286
7222.922105549476,5550.831677218853
7539.011504605955,6132.59615104501
2367.1910986406065,6970.116064969775
9239.584632104099,2080.9180115477443
3022.066614458686,3064.5034723057884
3002.8975153857564,157.36593033762182
2077.022880769495,6989.057272810055
9518.00191904789,6752.477244751883
8071.192921418167,5240.9809602058385
679.8532935501911,776.8437075800616
5278.680002308476,6081.106317904986
2381.9510884298047,9965.50996387219
4646.637108947101,3854.230840114834
6817.968153457101,3015.187433484533
6618.037955894548,5672.625141972008
4032.440650281245,865.5377086960991
2754.4175031236528,6469.728051541538
1190.671756367908,8660.750008567935
8569.92718261014,4839.950653714173
9356.141100088027,8996.225963225956
3063.3934689089715,1005.4953073362793
7070.889416940113,204.74969448428638
3983.814663204288,8167.926842968305
1723.2555035845276,9251.031311562952
1850.93802703851,427.7814149790027
5009.923010042185,4506.768890229375
46.17756416465335,4932.499678302985
8924.992047303645,1285.477735417615
4357.075381897633,9717.944482413406
3821.906870413245,4192.363332361301
3483.5278999151196,4152.164870753407
8218.520527078383,2251.4807368538413
5666.071120522725,958.5562137725979
617.078303611357,3599.2228761366673
6222.452279733686,1931.4877393833651
1689.2264985387994,2178.7385074903677
4025.060314128084,6192.00013032587
9721.028380785909,6093.732400164305
8609.401617251706,5458.390381004911
4145.330476526081,8086.25834465524
3863.195484368176,9200.210151434081
2665.253037917558,2409.5131149563067
8798.473320683539,5313.5670101790565
9957.981090541642,4369.519612991294
3401.3429897136025,5470.742634423927
8785.906056622773,7636.2248814761915
7741.702468119624,3944.0311442747034
4849.6094999786,9056.95611299158
9463.368544899373,2833.714912938148
7990.8140225114885,9953.401676416119
2270.0427424472214,5463.40448816172
2724.0383559690727,6215.074250740246
986.7431494988332,3411.80516109176
3181.0771729678777,3964.6329668122617
1384.8349916595537,372.91230467043414
1862.55487065361,7916.810239743825
6473.793090849411,3624.6428809916174
1628.3523845556592,2992.7446285085557
3440.562717006077,5683.856515938633
8239.103081811985,3601.3536555296155
9084.735358211496,9002.545882869952
6043.1660098205675,8423.938736818594
6831.414942036774,4230.327303375341
6101.334812254653,4379.241546069837
1500.6909561202285,9805.039771433716
578.3975646861161,7680.342790445297
3558.3725921280407,4542.93798170289
6106.235821124714,3125.1389199315104
1635.5557906099561,3750.7694017945314
9906.159259110345,7290.101757084896
1136.5875387624558,3246.491525884896
5207.219526881475,7107.198339418918
9329.388243148776,3538.34286909405
8931.765954640692,1886.0613319605668
6842.693235013121,581.3267240727371
834.8770586597054,3408.841140163513
6430.204760422042,356.94848751894995
9320.56568718245,1244.074458585701
8938.68613979051,1902.7780870104405
4284.656267917107,3305.483312743912
651.8258164280255,6579.153688558205
388.2647926185745,4942.181799918898
5405.355684275268,1087.057719425485
5110.813669939495,3774.2224442954653
8320.488886356294,649.8777836289571
6907.162056415884,9298.673096070735
9065.734885321277,6533.686367511344
8111.223467467672,769.2035785246853
8556.620280021943,7772.3489949185405
368.5484929398075,6024.854462195885
7986.92048626955,6933.827902610111
2698.2010959502254,8657.77113753598
5345.309190017192,8910.412470485257
2027.7679494832457,6964.346351721957
8359.754371314399,2719.188323887708
3010.9325781896123,1563.4097459205475
6969.551772782651,8484.36382165699
8955.905303513198,9309.444936073436
3167.2768370814997,386.691947775516
4358.982506121506,5087.597118996585
5366.937344281303,7453.728638269883
7529.650097354514,6858.054156158624
9408.511028476838,6237.607322834811
6658.562295030564,6533.086141287725
5404.575718434254,1088.7869711113308
4553.828236683574,6119.162174488168
8612.004822303663,5665.140367105015
3725.9218236490256,4470.184059379903
9162.243732591569,8524.198806494685
9830.741594019253,5074.621361576001
7070.913532503929,3198.336860509261
2678.2463160523484,9480.760260121226
8873.144128575055,7735.134337039264
4793.836780778449,2572.4052802857277
1377.4409144147194,5375.094110806053
530.883316415961,2238.873646361096
686.4036269125606,8991.133258086937
7696.279760378627,3324.088735037113
3674.7932302696595,8190.288311430446
9234.666863472521,3529.589831413239
319.3071194967878,5012.623958270527
1409.863886297219,1502.526922464369
6996.140849384713,2176.8401013388984
3656.224080812209,3385.6770536210647
6632.7035772261315,5945.734160858137
1311.9729854864092,7312.382196185447
2668.9349447823406,6917.2458864763785
3008.6235216432256,2175.2597760109147
3306.6860959620403,9143.903922834445
5389.416051966893,752.437974875737
6487.675301943931,7697.140308079834
8096.105791836487,3237.2107805270657
7564.980032760252,5400.804350631783
6453.4444900036115,6987.776514333928
1326.2920360027763,1002.2055964827181
2054.7183433811456,3203.9122114239194
2286.0041274664554,6043.218555598956
1613.068355526005,6589.010755496335
4105.324121461333,5506.756242484272
9194.873833063191,9760.42737374485
3755.8840794536554,6451.348138670989
2364.894440758887,5906.614053989426
9290.679963844552,6827.619992637781
3008.504556154651,9840.730328538051
1433.8425359533958,4999.534381467364
9708.955404528271,3909.280200323958
7457.677290730501,8115.473186547927
2111.1713377953547,6915.447199011592
6955.363459400763,1262.5157464345705
4292.756184006644,1372.5643053687575
9962.730543518332,6347.153317428393
7168.601016900276,4565.791998037516
1120.2070205213122,8087.484576855918
5218.077662842502,9693.149197694578
8688.529344521927,2727.62205317183
4646.032481972131,1673.2837195518157
2857.6262973271137,7726.758647488421
1587.7818409625966,7569.4675589196695
4224.5833875538565,2881.238908414472
1741.326731401761,1049.2588007331449
1629.4619797116327,329.5583702083471
1856.7307781295729,4373.926527002299
9904.331735204798,3665.6842931202627
8645.735174947362,2979.9424807676746
5222.482202365017,2193.66261515034
2724.8944621249793,4858.97859301969
8025.604683286911,3648.1292379305764
1952.914268899053,4364.185341498549
1463.1372933169573,2394.390460272573
5251.789849895645,3301.380723515027
8726.124510486448,2390.170915946902
8448.63060880951,3469.2076415304573
7491.20135326527,3955.0296954954633
3387.430421282295,2120.808254290817
9091.709841633958,6175.678713820348
632.7624203495818,1313.9541273329169
5791.019036262456,7571.2353725013145
2403.021973577677,9909.966002706475
1681.016901473361,2714.066819005717
7659.165010132042,842.9884707461033
3567.319437286831,1251.4225503672806
9362.550555141033,9202.824520763985
8157.839552003501,7330.578615309593
5859.550610014855,910.8854595260818
5396.6442207727005,4081.878874154835
6601.078494855476,6519.823497767283
173.90004069755548,6448.243719867151
2191.001323536469,3108.8261949085504
7591.591299610673,3043.2010664577347
5631.355422382012,3309.452318818908
5592.002188232235,8656.701579212611
7734.848801536249,3824.8452114030374
7340.7354006073365,4205.242945171137
9418.182820218448,9873.519421438388
2710.713434097747,3818.524025510047
4006.3143001876633,2004.2382417407678
6474.835053855974,1438.30998014407
6821.303175687586,932.4128917469387
1609.8187612576996,122.55776934229301
2313.290955812963,4563.538831237939
3532.5634125653337,7596.48207531326
5511.709527306241,6269.586020929229
2837.294178416857,5823.229197723817
5357.818654230099,4464.264049883344
9111.26160169579,988.9574883836339
4159.4794912204625,9157.038252514147
185.84608566893147,1842.4173745979488
9349.275746577661,7989.510201673465
8325.970443033497,2934.0157622636398
9470.32755815622,2242.7861480037436
5313.188264551774,6369.798032000985
9485.904884586786,3916.068598320238
7410.566599387619,1577.6772036376285
9586.584909137375,4827.387872414327
607.7706589152865,6018.6875887129345
6919.571517099764,257.74982296805973
5626.502883322923,5341.9575902054385
9332.264043221325,7705.212065869672
3109.4158381394145,5805.0399341875545
8559.40741690923,5727.106264344757
3658.509457702428,8147.355950612483
4482.492482267358,4594.495543420992
3941.2109103303915,5130.3741123864465
254.0114193488119,8676.634533354902
1499.9290745154904,3907.3248407172987
6776.693841061258,8592.830602659702
4195.354764722201,2695.511851915262
5991.331792240329,919.0776969840342
3724.6673724820034,134.0637749100082
6569.790047657144,2935.2112572931355
4728.743859246579,4257.800885566766
9809.932796233632,8615.041035970906
4665.605908084228,3339.118905485353
9740.312119742803,927.7766618564798
5213.809727280556,531.5240755233464
3563.0036674210473,4335.23406301066
6643.519955164838,5253.146004419426
3966.695441288589,8000.966385072422
9164.253896802375,1707.7111950054514
5983.408708869085,3662.0425428620506
2186.970349392832,6513.754698355348
7698.0912115045785,8156.628314558219
4847.689193895556,4424.790476940576
7376.980427005411,4887.693364098335
6655.353285376879,6931.928727560806
5070.161306257494,9910.158205893951
4198.222184358665,8830.982289075198
6584.319824694118,1370.1349508414485
4614.574126674079,7738.853917244494
3915.8198755577055,3561.4480576704386
2699.2896279434053,4147.716688341131
6150.517893653259,6475.049201548466
5416.8536768667445,923.343778128044
7746.818539306808,9302.540830500184
1154.8960139811338,8517.384693015136
2676.8946040488404,2397.934496159896
4797.412428980176,8174.703236567451
781.1909744594725,141.91288799286994
7825.6108658758885,6978.187339122135
3533.962534509881,9213.7833660703
8988.912449284107,6764.380362623006
5085.874018517768,8226.979380642728
6152.801041039901,1888.2718606815752
767.8296878967794,9551.363952324758
9275.591678469265,630.7319414209401
768.7622774649949,9182.594939182974
9306.315994076052,6062.5289226551085
5915.620583416758,329.57519256801237
8767.04161710738,3538.5514945292507
9046.909220449876,621.2032935407663
5995.268586538427,9997.824400024341
9120.157917529197,9828.757483773275
546.7310423843675,9361.490641347706
4642.763855472502,9957.216007490042
8002.963826055757,1419.7951495541984
5313.9050949211705,7005.607959914863
3361.917513426561,9851.290085869396
8916.542496908924,7267.343749639879
1345.5912712265583,3470.2730458588194
7783.094406487216,5581.840741309132
8523.461539351645,6653.880572496955
4411.642443060207,2984.7785466056666
3640.357894142866,4593.288957943313
2942.384304123622,6873.172309238517
3222.1591388284087,8639.87048881734
8105.6978804896,9503.51515791166
7959.981452272663,5434.921425084339
568.7367826226098,7916.63400922138
8493.038326895577,8750.014705581443
2150.620388116179,6105.98087224009
153.72615067817398,6387.848951420207
4992.352835799176,324.9770796802698
9210.539577197664,6805.846340066109
9705.985835562213,2281.424598901106
8999.24239211957,2306.5910358121455
6987.954720766236,3093.1058960897963
6532.507640248507,2935.4318542380497
3045.3484391681827,1095.2941601481414
1970.9754827259828,7107.854100922715
1974.3207468022617,6752.546851648596
148.1808026448017,9597.001787351448
6254.947527084843,482.26104626485466
5785.003860124365,5126.674658007756
9710.842196003681,294.6176434652825
7423.754281394335,6518.159955859677
8599.176600049404,4944.221015410575
3489.8384653657668,3657.699969496349
9765.8095410615,6296.867500389815
748.8471144856023,6991.414914358608
1289.1473918334339,9114.795702394571
1924.736921465805,3561.7352954334947
7624.090506524033,2185.3263750827946
4777.904600087713,2937.703162335673
8254.269982321362,478.8764150465719
9390.175158438937,2589.8712948564253
7754.1712103497875,2490.7618116626772
3082.544974368563,7238.783875544468
5786.9935576500675,8652.71544979533
3091.97527546464,7863.759652162386
5696.55294391986,9930.239960654702
2505.7634310666167,5150.293867212641
1047.821891283035,4322.499404920211
1886.9340850300941,3397.8013696282674
7400.405447072494,5330.828319051386
6168.888816164004,5228.458018250782
8667.334597025176,5902.81150595595
3927.5312709428613,6023.707822095329
8153.695576633343,3208.285689561964
4620.24546121644,384.7337592848921
8392.132570380236,6319.941075394402
8780.715209316482,316.66519087199197
109.65468624844266,8240.839463032105
1965.5347583043326,6340.678972059496
7045.545560740269,6554.897168843345
6953.20470982197,9052.897553998966
4129.240408829556,339.90807860235896
9326.581927646186,2354.167483369721
4242.431149200347,8668.059639294208
1743.2095511615687,4020.557336930484
8941.397347001634,8172.110005840437
8598.887496480185,5866.57596873359
9790.423552745964,5298.216032136377
3425.8395413289254,8797.430380813075
484.5082035168913,6746.449101228564
3088.869611257651,7255.900444966309
5204.123233809922,3389.3307706978935
8698.32404312774,4219.37601314009
7837.87900109219,3754.3847096970417
1870.554155431019,6933.206297326899
3791.4075991628824,3107.194565619178
9657.72771496472,7689.781033376073
2592.3923681319984,9192.814211652272
3844.574302379472,6078.120139230106
2379.002431964218,427.15372151281963
8644.930862753168,1740.9260464838917
5119.470057845838,3547.1663998307613
3050.4667981567113,6668.974247187383
390.0491537452644,5293.756962053739
4168.48818486714,9614.044205060642
8693.40847700145,7338.8814983413295
4145.321682358989,3608.9140989572043
7355.637387967315,3339.88654830868
9890.169389357665,3839.4710097332318
775.4404972634254,1696.8873659804906
7223.121442617937,4674.839220767603
7109.418199751758,8789.959782954771
6497.390896054045,9967.857387323056
7999.551540726095,180.5418310035567
4744.001728541968,6969.652483225096
9085.203604361663,9978.571510897267
6353.734154351058,3959.251883243571
5174.030705406731,1124.9194031123777
6100.427960419888,2705.874782294442
2024.6846026010046,1820.3135158967864
3596.9070560704995,1839.3262300813474
1029.0841206364921,3609.0036599166133
5599.239968677273,7644.8975863846545
2483.3596499783152,8020.389286390618
151.90726169613367,1171.1004192908458
8851.055213424139,3828.5661706666265
935.7544684255358,3914.0644703109474
1508.9290139633006,3378.8952957143615
3698.9715686916115,7464.676262948589
3310.84875236311,6755.64869063673
2928.191801548593,8579.96913898448
6170.7474830636875,4254.150962017491
4921.079889678994,4069.3930745795524
7420.400845399575,6009.731533126071
4048.4237596366147,2703.9595854772792
5928.181947963702,1939.9662222813329
3987.4801910286383,2257.7097651430036
5083.853636682225,5017.577422297218
4952.512539639636,797.4010073231485
4158.062909600967,2159.6659259475714
725.8370710676143,2791.7209731567327
7065.871034238627,9348.432628449124
4642.872510715447,9835.959030172575
4749.524741968754,5214.075039208823
119.57917660209372,3830.455061663287
6886.506440623675,6136.790465075
3011.218569542488,731.0349895390889
8269.530227921963,5985.168490312659
6340.412211540436,1630.4893677522668
5221.453250253772,9908.0742318702
8623.153817546498,3446.598971824197
1866.165449138737,1289.342615007868
7233.56753798786,5085.072462325888
1346.6209503408688,8519.72660517364
7970.199422969502,2398.9324137262934
4904.344760463868,241.0203258012833
8924.145184664298,8676.240781895303
5400.798723133729,504.2201371312094
6762.33946950696,7287.449866843307
7467.620233760368,6057.157921701674
6883.606147142521,2090.34357868657
9623.802205467668,5204.536725486738
9000.602774278748,8360.791481985483
9600.027329474859,1289.0448702452939
786.3658780144644,3107.3261314823376
5483.980124658089,5917.1949568848995
1359.2432127038112,9286.524165411527
708.1529108929662,9809.297202313477
6828.317798246648,8383.013589597376
7716.5582670817985,9583.779284300303
7427.224741293363,3330.9178026830145
8854.520273040514,6873.435215673074
2125.459370876146,286.2317547886595
9435.024733215498,7371.975588009027
3756.676544144251,280.6320322996869
5.28566057632518,4576.366764175109
2496.886529708221,6603.781829024793
625.9612350596843,144.39959487744903
6398.273785159851,362.5348702128939
2302.955015060102,6009.930193498376
7694.109194950311,6140.084111681532
3931.8221224439076,2461.758356363589
5491.4988763425035,5766.575174852216
2548.147811158804,218.26694458748074
1006.476438876619,2343.089697407027
9512.82032230497,3215.349201288763
7320.316411556271,8427.56254254165
8682.183395928081,1470.127997477264
2235.4810814555626,7906.61047133416
3650.4257214136237,1339.2230638930691
8141.504806486895,1245.6000378834742
5400.916635737421,193.32676040929252
7808.6841882515455,3098.7345983390046
3283.5679263181514,9198.271860666091
7901.696174780764,6600.223562326032
3202.0382408766436,6031.400728762637
7076.051314554636,3774.4465404995562
1712.6776000059663,7388.741826537763
3941.6258163995153,6780.240027597568
5705.382355625567,4245.298597598334
4217.367521150795,7647.964044698751
2099.1896197466976,1725.2034727347786
4587.92127888489,3683.8634253758596
5657.2421844383225,1174.4885387022198
2699.9723720116176,2024.4781535625434
3743.5206137325094,4175.462101707713
8234.307225355667,3451.878390051367
2134.1550875984817,283.2248697857831
5378.263789777918,2581.0708973168717
4429.708052658256,994.1733678185793
9533.742006603889,1412.037807225478
2321.315838318411,1915.6334543696607
7658.335179997983,4843.013650888177
3858.9809897347736,2135.8532845071045
1885.8899455138844,2621.2704070773716
5215.994451481501,4746.415461236283
1898.5340037397314,2564.430453670591
3935.988166818294,2121.9327240678067
9206.79518572441,9504.843645118606
9368.079313656417,4707.9001997828
8752.496762820989,8680.201756743774
7785.2037538731165,511.3014012976069
4404.778362018831,7185.367281907235
4935.287281986804,934.2924595899882
1381.380109603697,7136.313233983172
1094.7007478730452,9936.486458414172
8456.421141465633,4019.007745835279
6451.325212023761,7732.403569022348
6507.196407287008,8939.098567873663
6025.231256276443,316.67877738879355
8496.41565848708,5008.739698332617
3618.771749615781,5654.192742697975
8821.53560921456,8918.254477488725
2927.871894867772,2719.902756443663
8234.391861614069,9921.172588974017
5798.124000225184,3362.856855989498
8485.644860602484,2914.920387557679
6615.062417256633,8150.585781437827
6244.5632310750225,9557.233329935247
3374.3186203828977,7549.143983322815
3802.520350854881,7827.420789620098
3844.646106430254,8016.178602819047
7756.997157318745,5989.873458193356
4333.116612923759,1381.5001662796078
8638.311243811508,7903.577690633122
3005.1632102765257,7750.503509124188
6824.947733376193,4792.351887910144
2119.589092410442,6788.468385946317
962.2983194535528,9715.560186304934
2374.9253360773714,5367.534733168499
5781.222254327943,8507.923848346978
1555.7291312153054,7903.864329346866
1980.1523360072638,2866.2346505047744
484.837645218682,8801.186630416847
6061.21423192584,3132.563819157623
5592.572942308759,4090.1814840176653
6696.984126802429,8335.194362965738
7349.024011032838,9485.9367315897
2193.6025536580505,79.80940343538023
6135.083119496337,7875.291885701131
1966.922835468309,5345.052808256531
2153.8707137293077,2272.281656215375
2053.154976663776,730.9852458828736
1454.7925602968437,11.38351865577758
5566.2914251032225,2114.1666301810114
7452.251034476471,9088.811305665444
5552.668236741502,5880.210089487491
3472.9157337390816,4737.023305389456
1219.6821280225922,6902.966663161739
5976.992339899024,296.3241653032178
979.9535832888962,392.6543220766021
7245.785991504955,9536.778604853122
7616.524376736339,8153.977257735292
2422.59081804595,3535.2891229677607
3700.62908836068,3095.6167830569616
8550.954418285404,2056.888308225364
3074.540401045214,5682.4896851707645
5169.477742447154,9299.478173756863
4377.651911048798,7324.417042445162
2334.435801837159,7251.418633798683
4435.283421023409,5097.441190365117
8041.621886933179,8778.478918496347
72.29588092763528,5998.6031950709175
7052.6740066317025,4596.087560278579
4042.082071262854,5886.232786773959
831.2671105445991,1126.376522807998
9121.693981089213,8400.254390739678
4297.9294771994055,7239.961199175753
5771.500620356007,13.379770052854845
4104.054304401871,3733.3568028589757
8159.034288894947,9368.798036614682
322.76906269426473,4330.748091121669
9395.036060418626,8163.973042886488
2646.511715956399,9382.242738145613
3656.959561662856,7164.800311353178
5430.009393641467,4796.40691082011
4181.760056314082,3107.316271653506
2107.959018450496,4967.605611720155
1400.7883162891744,727.7076682897688
9984.05978778706,6865.021155674614
1443.1603274310467,7837.8882619973865
568.7359994503738,3836.0013187633836
5369.979087456874,5940.41926859697
4616.831675292986,8762.75064773178
7538.683915213778,3794.7608351110775
7463.42749230466,7825.904784242299
687.6640784374243,8632.1570706948
9570.018020859607,5394.003851526393
8701.811245170604,4269.186899492761
6136.697232849101,1225.57372558324
3649.414313060155,1293.6218972398162
8502.581885839305,5983.817360035152
4184.142257916348,91.37045360481876
3843.2675574302543,6278.39006135376
7898.658806772993,9754.458813991212
8405.92564131891,3269.314181263513
323.20416737423807,7918.776113663156
2289.71987343338,9695.263720580197
8627.351819278641,4534.489312233977
7886.615900108643,2677.456644542363
5089.719041078073,5071.7246877364905
492.73639119416623,6361.388815797101
8377.46863879278,4440.515637389204
8143.912293620229,4805.537196489204
1291.7998716478007,5668.482290951868
8376.644848614204,7160.145537427695
4927.149166412871,7936.218017336296
3560.4391894301957,1061.7497057931125
3821.116012032899,5684.957227533411
42.36063153116088,2380.822542648692
1188.149623481579,3943.664959864596
6068.656375721868,594.6233797695267
694.1500139867685,4471.829253047847
7353.285197513094,6588.322229065706
9851.881421378035,7053.914597294113
3154.894470390516,4320.352905017765
1001.1755071179051,4433.212918824907
2910.5406473686858,9064.595392433685
1833.8071942302493,6418.94525045856
8493.045671112366,3356.8517153937237
6796.637156321067,4986.578969630866
2474.454863623332,3271.8373222084306
3095.625192429804,7919.704741556713
6616.287932200054,4432.17848465228
9751.108249401668,7137.339212130285
5926.548987321711,74.1718312626516
9838.299624181594,8559.681139072247
1625.08942426698,7944.468531801224
9116.672826816095,3310.693479759742
5721.056255205323,2675.7340217798965
3415.680714368814,895.1742676538588
8242.080513817955,198.92701092419586
1422.0952052870905,5737.954986899298
2016.9511830049646,7959.583842959587
5980.527325446981,4642.196132997768
1839.9763474426568,7995.670138684969
8882.756724072142,651.1841617947845
9032.527333375223,6961.602147189633
7932.765941447331,1289.236399760324
4975.944387892094,9271.177948446502
1645.9037852825466,782.4277361349052
9240.93431303051,1440.3286102147229
5541.24603446683,985.656405841685
5276.629835934913,2385.031440511819
1526.898389932596,3810.598030394814
3213.849070687077,4657.2859400463685
571.8321650179025,6276.536806978238
9625.53696075929,2152.5080063470136
8309.187936621805,324.49807079447226
8967.053260966955,485.7182452917153
6118.005306978408,2162.0370239271892
2600.53274829399,1927.9878299120212
7882.776212779271,8018.224911702101
8534.949099175543,6221.036538892528
72.80701040135452,1795.4421330152204
8179.422644816767,9423.170810369957
8095.981076998194,3084.2444603654108
7147.124917274396,4655.3265885431365
663.4697588957183,2554.861391331452
7088.006849955848,1566.646800959971
1919.776733444406,7548.752400498442
1330.3121530284068,2612.942841576956
2494.9332678708633,9080.687387396314
3986.7082364165017,7445.79694669342
1077.4772619178618,9943.141091464655
7153.5019845802635,6737.638593658338
6616.75140593081,9959.483744254916
6799.127899934646,237.20760646240512
2439.3681372362585,1800.3755864499649
2912.8132740666456,2592.9710561208885
6074.421140050969,9356.99349281037
1317.8374618726918,8265.99517158343
5525.463102519782,3829.7107174851276
1812.3887383606861,9674.354683705518
7692.070222921703,9621.96657335847
5415.869379165017,8661.770023019248
4437.712245614084,6766.040360745102
9654.72612562388,2837.675981076816
4055.9798790605782,2527.62435875613
1910.6462494489606,8975.958102548026
3572.756260430977,3818.1797532832184
5278.8815393893465,3519.707025190678
7446.143496667484,4974.078802432839
8712.651537929489,5128.106117427046
1012.295888987701,5748.723845666405
4824.8243703645185,930.7504453866889
3551.143396489732,9857.067992926155
402.54436462682344,2912.5712310789863
6292.9626729928905,7094.508545965835
1401.0771287441426,2484.7010893433285
611.6666914531477,3700.5406237535867
5206.91273926869,3025.3265480538503
9958.347089928557,4768.83863859901
954.0955945461027,2058.251830503983
5000.090161295164,9124.600750229316
7808.305192382761,5743.96239031594
7542.877869861361,2698.611320034265
8101.652711506501,6684.773453632656
1484.3597288283715,8637.647263863348
5785.028868473101,7845.286815128407
1298.9354527300102,9066.015373568103
5702.542037051412,6679.497043303701
8763.496511640833,4502.933425232508
8391.526199173202,6613.9084885427
6173.832370972115,7718.694093201176
5499.039098107038,6909.628245039251
9951.359292571944,8619.479025635095
6034.364082415964,605.0864737689654
7053.70174429124,8324.29673987802
8935.58060692625,1733.3772078536115
4637.217284310773,3965.9695663364023
4168.208952059129,5424.354246247258
9363.901551718373,7730.109083529309
1526.6223490997354,3726.7520985794513
3979.6201659488493,7145.791119453995
7243.498201290213,5965.551971209543
7434.703314706883,4128.695538762727
1067.6254202229218,1695.3507152927039
870.2686569054385,1745.3877000054517
1858.2030328095068,1745.7880121482606
4280.540800016316,8796.738615575006
4524.198164344917,3796.4065121600966
6907.061520545973,9973.971202240078
5104.6463447679735,5369.729477609697
4218.059907179789,8206.997717018921
165.70154110682745,5701.977862005283
6036.109267118419,6642.533332516786
9323.949467269918,2198.972966274799
1763.9692062351098,7381.1035021860525
9368.231872145107,5688.566116689227
3256.882286551549,3102.1454465121533
358.8309535070655,6556.208809360529
9346.863994913114,5537.365876768529
8588.114576659054,617.9638030076551
9589.236185934556,2530.940456877655
3103.7027432552745,7085.807034920463
9896.934657558848,4872.46141641352
6306.557984498316,3944.7089592801676
682.8947692056364,2772.5453036427716
1139.2815945396394,3565.8244492684566
265.9817603715875,8810.601594703183
6140.898361698451,6561.045329893464
7998.363103216908,4576.592273584817
2042.4160725679442,673.8599791785305
1280.0382872664352,2945.927902560762
1070.4450113002429,2549.001680199533
4594.291539654224,2475.728981012205
2329.161249503626,5939.540699298466
3496.5143345755378,8564.225715978735
4427.542367596288,8890.394369460719
9560.194248211565,1650.0433315964015
8074.554267561951,2206.9541991809037
7830.150067454023,333.98033351268896
9775.197958987928,7699.478984336954
2722.482080871351,892.1323112277856
328.1253025158259,4700.589790373936
7786.402882039506,7307.511011752237
7725.2156951931165,6269.457136097013
9487.721806588503,2100.062830264229
8952.212090421071,310.07433710809164
2384.8313305573374,4883.889360291518
9134.423408759709,3334.0802000689664
7204.795784026047,3306.783726698883
7203.27266304057,4551.801911625443
3610.8397681396577,3119.4767757907302
8318.072782566527,5112.141870835075
1952.0285859239373,2067.315081866573
2418.1708508675592,1256.8708270820428
8308.964718033041,8134.181029781221
8651.827064372701,2801.3859427480625
4924.831218164166,3217.7656640998853
2925.2928170181526,1756.3486419290618
1932.2933450002356,6960.547289774344
7580.260753001768,8095.537478235641
4650.728674107006,8568.722333267438
7012.137957343233,1491.3278419634978
7172.551938975735,2982.5325834748896
8200.183194393723,798.200628544018
1121.0427504254828,1286.4709233241922
520.8868892323837,9672.366035229848
7043.755865429648,4016.509666739381
7061.460543859231,1108.1719407277524
7943.650049449013,3097.7270647846544
2458.455413406604,8541.956390570122
3170.8864130242364,4944.0369852918075
8799.926129678177,5727.405683657741
5215.1117159085115,855.9649608477937
6855.791939259126,4116.853250269887
7624.624995774745,758.7276249963926
4333.8228000247855,6701.2031100029935
6685.848099990514,7225.070402145109
935.002423011827,5050.436509052477
6728.372373274737,3157.133263452057
7337.807943832327,8231.704157314432
5645.889609035905,1025.9716931968533
8280.77706036575,7094.292399279124
2102.9533785427457,9060.910640466267
6142.423547564992,8098.085655125531
7249.252241014817,7388.163918381493
2758.1593533453297,4173.007427009231
652.7280481244413,6370.796842640351
1354.2741739911946,3578.4605280047153
8061.793364622495,2648.8384765619057
4051.5547796076044,2698.80775771723
8819.781580434998,7800.104842025563
1837.697842567676,7883.406511653848
9494.847139793152,5918.126493877066
153.3490901440304,4441.084999376514
6534.0902721647835,9233.806024799394
2227.2797075316307,1960.3542938789487
7450.246889933887,1349.1941523463836
5827.032836914406,9925.144255881683
9440.033798632681,3696.205959058202
3639.928811259867,2625.8958002095924
8866.791823530366,5470.281951694338
5257.315160290212,5930.20145212377
4976.869604800792,5598.046606759201
1938.9673214539905,3169.980790092799
5183.872866035743,8763.457569232518
6255.940303866358,1848.7983281969466
4086.394103385934,9686.689260492118
3949.7823910063134,3078.2770504316027
3017.9771036851753,7260.558127837917
6338.780085362617,8805.705095974557
6377.21447652701,8056.823556816309
6008.633973916265,8678.428913085014
7564.914194073725,1750.4178817297923
4383.497780216524,4122.890146812873
4023.649393061819,8246.464838440115
3741.9284636229445,8117.133133957287
350.4352016785528,6057.4863218003475
5322.392983161456,1994.2466814305726
4863.476811863564,1869.0388274963766
7187.607301831554,7564.852705942318
4910.632990258916,2318.232634852164
7833.422185821331,9647.20812981621
7594.8507505138405,3410.2862271072086
2712.9564711331946,8315.347730149264
2648.128015657687,8109.0513189534995
729.1132233050868,3876.1754232824333
1328.8298524193376,8394.560273429028
4889.393269941062,3961.359872491004
2768.322160683313,2961.0921868602104
1439.398108855251,3100.357092450546
6840.486586715506,1794.8850424735808
1361.5202981659447,7554.928464470549
7372.034734123653,2016.9632993133423
8875.224298179048,8053.117406714358
7542.481220832204,7833.685454277317
1284.6191380860705,2381.3156286313097
1971.412768327876,3354.7863304758253
7797.480433895674,2107.8795828959596
4205.361143758144,4008.234861628086
4492.004659005671,939.8710133221977
4525.465513602992,6766.694580437541
2024.6529411344438,6779.214024655514
6328.4063467824935,3052.1239095248097
4529.64972108729,4620.985357165912
390.0151936887397,5608.980958447396
2277.9283085204206,1743.9849712920063
9560.434520496192,2415.666500759708
2610.842808088103,9989.687318809632
5868.5207504881155,9341.79171338426
8118.1394667102895,1004.8806054544857
3893.623075649183,258.06037348500513
636.5127580913787,5148.5589013367535
2750.0428841113658,1495.6454566543398
5297.0888180242555,8155.819898655123
2997.2302771688996,9875.28773846097
3520.1210721675825,8779.718990060532
9434.681766491674,4871.60592599987
2545.681215815283,2119.3685842966715
7033.278077381864,2054.8201331189207
4242.7786057973735,9032.164043336483
2926.06061570685,8758.962429927204
3341.2187804444593,3235.888116099954
8428.848683124796,8382.684783573515
1422.4213479936066,9767.484605281095
3326.7046007381387,5076.362437498257
5651.108442529773,7681.658109884249
9672.121499398492,1335.6754556078954
9714.651544013324,1406.2510090614987
1454.8681458494018,9002.104607123043
3782.8299013710966,7502.300219960145
6272.855612415084,7152.910946658042
8262.533701675864,4832.048399390815
7294.682519259432,835.2506216118371
1758.7357182761343,8611.596874182871
8064.7074310509315,41.13493761255138
9392.753877533438,4913.199585009616
8848.913871495644,6906.407289057024
4167.20183877844,1368.979372242849
9627.472481012854,8876.413472042901
6850.262594300631,4157.5802213557145
4102.4435743181275,2519.9586363654626
1541.614954317625,1656.4208747954046
5948.47282028762,6816.546477053919
3434.086123221514,2486.628585630396
8666.810589303203,907.3520719721473
7386.65986004484,4224.623569963276
34.02502581083655,8958.35408197487
9203.968521759534,3619.2603388255693
6690.118138943719,3659.1234932069283
4864.049307349975,7803.3978362654325
6.338205132818686,3518.5845239115188
8110.03015060629,7978.864797669395
4794.412833704874,1334.1067787357485
2017.8027158179057,4468.00521003381
6362.98298556195,2597.63107130073
2674.989692717058,8357.543249037886
6725.315815138632,9694.987613921314
2482.1967363253907,8.819897200410542
9037.554737915205,1349.5173110998037
1151.4230563913786,2288.722888616841
6522.658411954818,2371.644623762538
219.8584656868696,3963.7652452013494
1439.6179347556526,6834.553493177808
49.240963963638194,734.7270168967545
3386.432202386068,1643.9582015839082
6241.102313245288,1803.3796398980994
6047.911056548,2859.082748675077
4664.381485772361,5853.443581793428
9697.875172938504,2374.951254896083
5643.350916975079,6848.457179168355
1157.6925829037566,2120.749278162647
144.80817848491978,7094.251527910755
2022.8505270202934,2828.8900291658956
4263.409149295187,1881.5662124965304
972.1929463386537,201.5991170613951
3767.0998497238115,7296.3669305796075
714.7404136821356,4683.320264881817
7069.9066405966305,5603.037958840084
2267.790224653029,7465.852154585645
6196.611782119089,4307.702703024159
9394.985773777187,5008.055033003769
682.9753322424704,2944.660796966654
368.9383857031392,2548.866360632096
4928.295124770972,4350.9143589266105
8561.307974802738,2947.142598290339
7759.674805783763,2905.454238762228
5708.556195151015,6636.4273374031945
1075.8323629135602,7407.498126960629
5909.636447085618,1763.6186883204784
1370.196640089796,3427.292830106149
4162.000433656423,2626.5385165876987
9142.724976559519,9228.669862534458
679.6699423259944,1591.0307957510029
8013.826820129284,7214.663158552784
6310.850329400144,9748.883529008252
2685.2775264697716,2641.512228799996
7374.2082291296865,1509.868827844687
7904.044366978629,9216.253483710481
8911.700736611027,2887.075906633968
8780.501702245358,7216.1191370239585
7589.151314317994,510.81136287645654
3759.430418673766,9300.360741902565
2723.8585704710404,2856.8549040521707
7244.732249112176,1553.4395894368758
7933.31086582131,9833.060964776336
3254.2916385008493,5921.878980796597
4091.329857410746,5024.368152046802
5659.503902065922,6984.793008240226
594.6701565117552,7702.421113974175
557.7399009993833,9472.907638930878
8537.560320545399,7216.022161587775
3225.9454201917624,8659.759781980238
4026.424922679628,1701.0832988683833
9940.860117629476,1228.4044569701437
4148.893569289051,2889.972377382746
6134.748902649645,7603.415029803206
2095.2880931019513,7310.009973814248
8701.514388903239,7339.313629579469
6689.02535070841,5694.1223637416715
6183.480974318615,4062.033310232902
7326.246442625471,9658.035374071362
3906.792659032247,1868.6397327105954
4052.355862256701,627.834975825573
2721.2218958620183,1789.8843181457246
5714.888804330005,3333.9901431482645
789.3525537480494,4224.022348355909
1249.5748792787442,7344.780384994493
5595.276061990987,8853.878761909924
4654.503039473764,8871.991575799764
2918.8843195144964,7495.661939135168
2915.54620762523,3299.675018469528
6017.581562664064,1065.0080260485095
1119.2866202888508,8570.142003369927
6638.489638344055,3494.2035519893698
475.8790681185254,2388.7386255740985
3547.5189039014977,107.6231559229368
7558.918677004824,5330.294244773523
6289.014303960385,533.7139219499842
739.8090214132003,2904.3131140680257
7813.248610288686,2950.303825456909
6380.497786282902,8923.30034254323
3093.036996337262,8917.417668628019
6790.473618752726,3433.5428262222854
8191.453208944753,7850.968141286803
4110.701698605507,153.00147810422104
6116.324978816153,2723.8440384360683
7135.058928497887,6022.560213127186
9151.737001734564,6161.052411914482
5867.801143142073,6083.437147372679
740.1867744533597,6945.873846650678
4875.5105969243095,2720.3730912403935
6300.705304405111,8526.582230460326
9265.976089878037,3535.366060177136
5527.281803377721,8223.082003268553
4964.487686373096,3664.335170237666
5539.46140369064,6894.093677602913
220.2407940729656,7157.177631374428
9347.726747907438,6621.183225756136
1968.6506081218968,7249.193837867756
1440.2249755749185,5332.721667860597
3703.8636195962895,4168.942131488896
3361.525066782438,8401.581314570898
7439.063446574646,8944.186069763997
20.360096378196914,8623.565668018786
6911.96173607265,2940.7909006493915
9884.667154620729,9251.555846052002
6441.0741923935,1419.9672859627988
4300.800898474086,8701.242629282186
331.9066914793889,608.3264081683603
4618.152472168396,6544.923815723005
8164.365155777453,2562.5779498233105
5593.4020366071645,5223.8821873187735
3203.4920642568586,5956.118443919948
5439.832221956615,6070.981297563633
4477.006165940918,7329.685381084274
5532.521882840541,2707.694045225233
2546.2173030447343,9299.261579011538
1968.9288246399806,3154.1102010962354
2223.7599755411784,8978.504484523663
8953.851977977769,4415.558999567424
8680.82386098395,6823.793135821731
7360.524096679066,8675.143011850376
675.4905585952109,7942.9749041371715
5153.899163850702,2570.4016013192722
9660.137911377376,2631.251533440101
790.9832706421893,490.3712011795369
7098.8011297356825,921.1103819935217
5274.210392391378,5357.230830484725
2371.3658125221373,2293.4712863205855
8619.221265494341,1843.193693167402
5185.303852459297,5246.944230039947
2435.7346337930485,4507.0876589805275
7031.019187613681,3539.4173458701825
9920.899185845674,8242.82188594366
9111.247730493584,7595.901220343053
2187.0069514513802,4696.4738834599975
6398.560379792672,3734.532947840471
2939.941108048577,4611.379698420942
4606.4437962021475,8311.55674914614
8800.09987551173,857.8024062489376
4797.466942070757,540.5686458308656
4573.182854344762,5915.627570796889
1255.5800484280167,726.9155046449149
1580.2438402433283,7950.209390886584
6508.867942819524,4590.265550483536
608.6841903705875,1244.174791538979
8448.578635102418,8549.136907572527
4018.2066487335464,8037.977710930431
3029.828872348693,9108.794497082137
8688.06648626588,1617.2778071888727
4474.792628285125,7432.248165541443
6720.68719157121,8488.801763493086
3454.540430268558,3912.14274822818
9275.909370913198,6722.5060335484495
8193.014894470467,8751.519198680646
9222.778809623886,1746.5593596791273
4470.749763298367,155.68839293465751
3732.1786261056077,9182.954412924404
726.8575989754567,8747.12053634225
1286.9622905144117,4758.857817676626
5803.113727773046,3579.0116016827724
6601.088572741882,1017.0449070534448
1414.2932565980038,8436.419592360478
9419.675573862403,865.840957352596
9568.120899674948,1383.1068117681955
5595.141882298223,1605.643789386416
7668.951877907124,1404.0473304307998
8775.612002397591,9833.947576334585
5846.8319150959915,2605.452144953213
918.1898382896014,4394.084466708497
894.4131545348378,8106.183237969106
7825.391745246558,9726.166479704238
8160.436454203216,8516.00905038426
7456.866707047226,605.9257224446302
6146.743287631447,7278.017282572207
4548.011539054643,5136.405552592627
6930.2963030884075,1878.8461298637837
1542.2729201567543,9297.439240656515
1369.432207241904,1884.125559074946
1064.1840539047653,5201.414940135395
1085.8917092990162,6678.581928021827
5733.518149178827,1897.9965389959941
739.4353015370536,3599.9767006511042
1752.804764396083,6807.086129793437
1770.2592887241296,7526.366396877887
4724.015677243013,2648.22121347966
1679.749901789689,5575.753806048945
2588.0872540804066,2179.4371597001305
1127.1199621477524,7129.765571092074
4879.805145018593,4733.662371670669
2833.1579158940945,5428.646399071061
2733.9801240715287,3654.2003452079753
4930.326684354114,9177.793640551148
1506.8727972875606,6244.468588067274
8228.575556924321,7625.149711069579
4382.602115055253,8226.613780256088
4777.973526750602,9395.68382629863
5529.157904947554,2818.485657915164
77.29257070971052,869.6440576932529
292.0674861410677,9873.312405497352
9531.255841893359,761.5063296861491
6447.551484316959,3686.867424545115
6053.40911620951,3615.845991663983
6394.879274787783,9759.366618890013
2009.4352149027984,9554.449258029512
1845.202000259908,7412.5483166198
5696.605553898307,2899.4803453196537
6625.066212376658,3811.183340939562
2323.2429494030325,6594.934069192766
6810.301401791986,8352.170765769597
9479.48660737679,8289.68432424637
8772.74814380236,4930.487231110789
6211.370987999275,4588.97038909578
5206.724059152426,6234.40581797262
3223.2034091557694,3620.9168678551528
5866.929625674507,3292.625733554939
2623.330075199394,1511.0375854841184
9587.941285978884,3679.1883502266196
3796.1521047915026,7451.745216606191
6554.452336534239,8210.389529144617
728.4879988325588,9173.189946256596
1138.4957211909652,9649.103817471023
2237.8210722263793,3850.2997608573974
873.7676464798117,4442.086136167756
661.6934487649173,7619.908072586358
4966.826303768708,9015.431951277042
5495.432053443641,9290.010870250826
9563.847030711846,3231.258356825858
3770.2915231214283,178.48823678800252
7721.149527857053,7836.7668439051395
5178.2377760000645,1180.3022468036306
4331.521364364812,7249.596603437582
8733.340166667042,4848.330238645439
6731.275371208588,1398.383620956949
5724.82918491911,8111.573338447211
5747.645749006684,4779.53385004307
1549.5852143260236,6400.055898436157
539.1294022925297,8939.096973695747
5132.063191812035,9716.990949208197
3592.9526267267906,6711.424821689519
4482.956045972874,1614.6381957142119
5444.093362011139,1120.9813762115195
1574.6820641065008,7190.384441363938
7018.242189319496,2870.4764729108456
5441.068868933362,2714.7972646241114
3779.4445081138306,7472.5507726191545
448.96807077336564,7816.171917035513
9550.296600834969,800.1973761516634
6152.867231343264,2960.479541666322
4568.681066940662,5636.46991153059
6663.285235032426,2624.213023836197
246.11758982404973,1398.8632808995826
793.8693578304434,4278.458800934436
5374.344409586467,7090.33466722426
5137.208039780345,6544.579002022883
5895.198348568422,33.21525098606726
9346.140024710632,7041.834105067619
8856.909988782158,9053.528810260883
3033.154057570372,7585.475820005375
5020.656842244897,8321.838471052317
5040.982952398216,6262.641712778545
7593.454653620497,8424.295857938687
7065.907345968354,628.0655306965322
616.05792215921,1431.9245168774587
5850.1503312088425,6088.0658893533455
2042.2510379954929,6798.705170902059
6935.554103984323,862.9215196650786
2142.7846356257996,8367.321400493316
6418.351442660899,8454.550951205725
1310.247853480654,9189.517059394135
951.0158756478315,6257.63111167699
7696.846995394295,1945.3436238305487
1379.588973609599,7909.056968971629
4021.4368026740344,710.7340198999678
4311.388139362745,7908.917855319524
1061.291191313193,8857.901859934345
330.7077559391869,8407.44859908797
1272.2238090019523,6176.122747753766
4044.505790190487,161.90235172337196
8032.36510867975,3739.16526424104
5298.219240000991,607.5853083724503
1857.1707570293827,7559.447352358249
1212.545739168015,833.523367093687
7444.2795101054235,83.77701789859304
8120.190953119323,2894.390991460506
2772.5199585715054,3257.131927907333
1615.5333779404823,2530.52887460134
8214.694915258247,9917.292482097077
5368.62963437803,6459.508870528767
3748.6122211506276,9636.989169677207
1391.8866404587916,833.2524928982776
6789.892859709982,9657.826155558778
9743.670707766692,8151.2475969392735
7860.059363612161,6255.69805201584
9868.223996495964,2516.0983804959
6491.2138172797295,600.8733038727999
8745.279649275415,4927.426603469877
5578.525490675219,895.3044465329918
5730.442519406809,5144.613858648387
901.5988820274201,5816.480425788842
4179.515536208483,7109.6561116042385
2525.692781947787,4436.413830391637
1861.697720547928,5839.61413896111
6634.9596647199905,8308.35880936209
9943.343516553216,9912.473505047525
1685.2149550242946,2656.5468014176895
3249.277017889384,6625.765899290266
2.7501842900601314,2388.090178416614
1970.856737927682,3399.993335021604
2680.7940726869583,734.2698587985952
1646.346937726828,4675.842660721055
3815.0029423440824,7389.239738239395
8140.657158378846,2458.7665670668803
9805.627139389599,2762.0674146629076
3082.4921920351976,9037.58982412502
7870.419185593063,4301.627126115999
7572.996970208371,3726.927820232534
7847.498773423443,3859.5247333156426
2653.1281445241807,9818.821057220735
3320.819528726845,8088.776273394977
6427.137246734776,2278.7191137905106
5993.95434250467,9926.0131293722
1049.584798241513,4040.118591066827
5495.015179577056,1053.9728017402817
9766.080286652073,5079.417924106447
6102.733032204349,9156.413324854202
6767.597756136052,4241.187190001779
8168.304641522052,9628.865403355621
8434.556703309441,7644.045747201416
2137.9963005088944,2206.556542230682
7863.180278388413,1153.6203951804503
5926.497867468222,4436.907033012532
1295.9945494635872,8368.316809328504
716.1983760450253,2376.9319061014726
9596.57420922468,2310.190777709646
2213.934359360885,108.0825512050565
335.1761688192867,201.92770640585334
5406.322496042403,5459.953115100273
3524.494540367136,1753.2619839295583
7544.21663049239,9029.570683134332
9991.862420897245,1400.5306834836028
9396.110455694585,3935.152357425975
4420.676241396743,9598.490830496808
8263.089963179571,1140.6854932947597
2237.0297816721186,5018.066218782174
4458.642594919316,3486.6085565646586
2849.180110589137,5149.538109231865
4310.545249132428,4770.598400038613
946.9614850771779,2843.1575962898623
9061.378190159692,5360.488211347886
1820.2897110623717,7355.121658344483
3559.5041589624643,2635.777987433483
5292.147860295141,788.5375291723407
8223.916848540184,1785.4091287014196
520.0865130704835,3145.67551199168
4645.085953960833,8659.014893901434
8085.261614156943,5264.474232169074
6967.724325286546,4621.853094576551
3192.4933981856893,9349.11442271968
8584.795195116047,5212.827658084357
8920.932145890602,5301.587414954455
2075.4176815874016,9914.500211713952
6744.204721306098,2730.6118877109075
2668.066462954519,4201.245548615501
81.06557571394002,2822.885348483386
8484.544366711267,5525.468047586571
5328.036212832416,9238.181259901814
1363.5541480376212,8539.194745818058
4634.72441275898,5555.747572690975
3541.238526126402,997.6749249469941
9727.464333651027,7354.18554552809
4588.2106148030025,4535.752534952736
4899.304778194776,2049.474671826932
5543.252999392559,4929.156649080255
3752.16038757599,9444.826057942359
3275.184167556854,7475.1986272238255
4970.300151742542,7238.375544546661
5868.693489865616,3190.2620313741604
958.8384811280681,9571.368014075068
4830.572255913942,6115.536292062475
2629.75051042868,9192.291510299843
577.1491024095776,6846.87577842343
4829.279758548112,3196.334149854937
8703.392107940921,9665.196338887088
8283.744646972471,1127.2656082883282
2898.355899992131,3398.9573725673026
9084.82928307057,9182.149025322
4795.555278937239,3544.0024308670113
8235.180248782415,2145.9031352140114
2065.2321775058604,8785.447971949838
4836.596783864685,1585.2115997079463
9275.615502045197,6428.485144279053
9000.668279281872,7773.992913810127
5499.140334896111,3826.3951929962514
3259.820173802376,5492.88685348331
2455.1443838402133,181.8223612220815
5035.488544236429,1626.3555666846285
2795.5736938318355,4546.808848663949
2581.4981599765974,9997.295155062744
2894.1956548331673,3909.354003936081
1222.2169576762476,6704.7461102366615
4012.1050464960263,8381.753940556915
7376.302917798981,1452.407193576819
7062.232776896399,7051.947578766487
4718.059308510874,3197.2374295525365
1274.9311941515707,791.0076182432124
9169.029676637107,3319.1456953446664
4071.518083020882,4330.456326776867
8375.05884416671,9878.904976306447
7223.038263660171,8625.828338676645
4410.9288629107605,7263.1849969923815
6827.351314690029,6898.205014277305
2119.139978673682,275.93190060988815
2776.2758557973557,6250.582540611616
641.8122680850369,1327.599358104986
1550.7884264416605,1839.2139578109789
3688.953254292235,2463.002101558237
6255.124337815897,7165.396679254576
5134.057442922361,7377.876903448749
9171.949779298835,6246.192655034244
8266.978502173692,1654.9081753132066
2315.1727931550627,907.0727934433986
5270.476378558048,6292.171310384936
3270.3852795339862,7822.895630588889
1845.2829115962145,6008.292124832385
4715.730397975162,1618.4091339170348
9472.023627456732,6674.196052604861
2977.050188689815,6432.963023704754
9791.039274950124,6737.630650046037
9421.722534835328,2413.95799465687
1649.0519319472385,4258.477638465123
2324.149584783235,5398.719745498377
929.2999201327401,2310.0698095567586
3440.770149180955,6457.212327925727
6432.134946648063,4161.290829639151
2845.116969074951,2231.573763218582
2088.319417514377,9658.636282430263
9909.413005818316,5541.639407202494
9930.17388630504,2731.263683773103
9273.992104944331,8393.500221269544
9285.305757019556,1947.4452997413205
8116.620848446571,7204.722467580496
1332.420963424702,7952.274553107532
5318.434716015185,1711.474423332583
3722.946457667554,273.7534830265664
4820.524516012869,60.26161306644795
8628.79241469543,9417.548002775742
5496.447289256068,5739.23951293165
1021.1035642948907,4861.201910674919
6563.32333252376,5985.626847735196
6808.89632267537,6849.2925151615145
101.4222335310222,6569.950835476533
6584.96814225871,5025.83105287863
8356.855926543345,923.3443357513715
1052.0997657262776,9765.912222962277
7266.13584409224,5728.184560863469
9496.577007893322,5344.745632456536
9332.342067109616,4134.639476673139
5477.788647147731,5332.182449855597
4607.903098292843,8663.59887697154
3088.411692993113,6690.381006950114
8896.754686153228,7126.522173610727
4938.219604606024,2195.1601482677206
136.73663111700708,5761.695143215484
7039.645170151601,832.4138036497708
8108.755582677196,1364.6397988929293
1523.5434514812707,9964.688310116882
1778.0502813333887,686.4555039509323
8788.359780498024,6271.411141566665
3493.7400196275435,1445.0518706234184
5080.580466586194,6509.645297976346
9130.229409188427,632.6951158386196
8861.32407305922,4635.902703177319
6579.599646221419,2903.223133064121
9326.75281752011,1021.3498321991876
3389.616181866764,8789.97680248213
8035.407880942309,5717.160950489831
4586.226747049288,9798.195362554661
2077.3500436914205,2729.8130459193503
531.6522196819562,2246.960770802957
2809.590608946959,648.807380247054
7448.1870717310185,6332.316715505815
8301.035455947102,6168.249764611411
1601.3711560298339,1393.8317244990872
5365.002519609438,9568.001589497586
2279.549215807729,3702.660460640914
8902.825102992902,864.8643048132399
5365.7881028634565,5801.862760997479
2439.0752345003807,2507.925159278409
9061.29503550295,3194.6055750866444
4111.19410069191,7996.370536672977
5040.265471239223,3592.346187548333
2842.7105710245214,4897.976372104945
2769.204134181439,2501.061138044931
9034.896020949278,9250.415405452799
1625.3785176847468,3226.988109056054
1143.2284855240205,8699.642793148714
5360.771740611574,5090.450856987004
3462.447540814213,4103.021830592603
4749.310040402837,9062.778227274888
8347.809178725822,672.1316930567367
668.3769024819319,2770.4508894377745
7953.130545380307,5690.253622554909
3547.803748816314,864.2358130621442
8693.76580800931,382.52877277237917
6911.791905761886,2690.1243482705895
5009.6638229989985,1150.950603067884
3817.807668268205,4576.3146660764305
2771.149908520465,6438.495657396354
5178.658258355855,8204.920889217607
2275.424995742915,8278.24252256171
8092.39405534652,4290.499374244877
309.4380735952651,2681.0955177729156
5776.013342619653,2976.5649266926353
6237.099568927819,1852.8311239399686
1220.5029795472533,1197.3144459643281
8144.754005126744,8863.282590863635
7108.2036730239715,5191.193502127374
5262.1616724439355,5212.219181024348
347.488235706751,2339.510510260767
5623.852968708574,1578.9236899757718
1500.6426119328376,2061.581268842064
4931.581568228942,6672.342860923154
5841.34040733924,347.0892288039507
4352.20545953505,4931.126681067179
6300.2107508833715,5333.919541469486
2268.587117921298,8528.07245546436
152.14500545487454,8773.728330978196
7197.717528165934,3592.6761529580363
461.7892603678253,4740.823607532469
896.1704217545563,6922.465694671507
5422.26488433647,4222.143236821714
9494.543977321593,4238.958693296166
8290.137606605284,5288.437941559951
6999.68757920822,1297.4877523004968
392.0245605024941,7597.538360067056
1351.1518456190308,3177.6247334645113
1020.4591811708708,1719.832543687293
4110.306604585001,1729.239652700102
5599.857768509013,6713.027828082233
6335.843518025715,3059.44598008982
3180.5618840652182,3002.1240702451246
4460.772404230345,4726.391202363442
4240.7639165849605,4367.854724647587
5494.695505866508,243.78638573124277
2023.1091601672479,7406.813608018521
7119.617199078737,1884.9827937182938
9139.07890765089,6896.275925248291
5564.344794899461,4525.841262531172
242.53153982738863,4237.969372074901
5645.622533140786,642.4048502839975
6813.604570738191,9148.88328636703
819.954429883043,7524.185464054865
9138.577526580459,4238.690795389103
2520.306092032305,1582.972437807656
261.28601444668556,6086.8878557296675
9241.486658094002,4110.500900258575
8895.910406287303,8677.262468132754
7589.578978458834,7765.7321296831915
9894.58140863639,4167.182390202793
9268.376673623716,8127.563082826636
6380.768630362016,7850.3023384081625
7820.225641848383,9526.446025218822
4637.161410346024,8584.883776464414
4914.582901105427,2240.2510544752386
4303.747011969459,9732.060512410675
4583.144621126536,1139.1848473530085
7922.285364595524,5130.538171046502
8333.377875103766,9955.719704096422
1637.5772660107225,380.44349686102265
2274.832516404699,9627.896837651688
3008.6745112159074,3710.256906417554
2687.971767377677,8787.555563155016
8290.569872016604,3885.1516306062995
6621.011151699334,6085.602249892008
7169.619682541489,2120.718039149082
8393.509798723568,2429.4944822161333
5934.095709496102,6359.672031899495
1762.2385125045093,3223.4846208299705
2530.1737129582602,2796.515389099582
9018.604681677623,7034.411554796339
5120.141802559176,1050.9751829222723
4796.949191915078,8001.930081612427
6494.760461368517,5500.050610542855
3168.5048501452006,5697.454128751576
2920.49854434683,8185.2261763857505
9377.161621848634,8119.182245971762
419.2592123899408,3053.9440931981444
1762.1454144654924,1081.0329834765453
7032.143448638245,27.51128241983869
1921.80963992169,5410.1437141235765
4202.794899021329,6737.3240953115655
3195.986746337964,8046.253275667087
4484.190099092202,9427.80793660205
1461.7005475174549,7641.601385583777
9060.487631981781,9044.132207848583
9138.894442366774,8722.240661359965
4297.238615261467,3977.762676711474
2637.558442283803,3208.5221214652106
5074.18337125281,141.91347996042603
6382.310811039219,8327.43726072271
5469.163017619726,2910.291453663689
5989.752135477512,1438.9099043570209
2055.509788618961,3458.847353300355
8563.250077614442,8957.77760809416
7172.471327051586,7185.9791419427465
4986.9286120022025,9995.085508331445
9805.659634636253,1825.7363152816486
4817.961191263371,6087.258817038721
959.0620674789596,6780.51471553696
9650.68947839318,3291.5756626378134
2799.62768155955,1484.7886613696114
2233.263584377533,9675.23098649895
7337.526500898395,4711.694507046246
7276.263583144529,724.86547106415
3765.5444265027704,8116.80699515133
7716.469163142987,2467.5474464393433
4927.607826216731,4615.426495584558
3119.6460649472333,991.3924687723685
4796.7891737853415,2552.874624334964
2680.893656508523,2393.837622707303
8567.288321566048,4012.994494200989
1490.0886176302297,9264.661486122184
8250.611034697242,9978.399854998881
992.7210298423861,5825.1038281515
3161.2662717151065,6008.396435062754
9832.876330787656,6192.419088588197
7562.154781530391,8970.72960172632
3201.2627680851715,1486.0826193121356
9507.102652997093,5961.382495454392
77.61111862610082,5772.355588362603
515.6684288399493,6354.758516266758
8220.00386958583,6052.755924722698
8349.792669851404,432.81086702863456
3344.780185459196,3707.350477040552
1041.50647168324,1272.4686262350992
5054.408257772877,3303.9094784042245
1427.021762409625,3484.1037891496353
3050.168584281364,1860.2197784454133
2418.51169560381,4104.98401078428
457.93227713432526,4222.782850033874
8561.372855969403,7347.928467165794
8496.559334473997,7866.649748112556
2106.3669906840087,8217.439920655914
1260.5457637757834,3160.330103895651
8640.324803563686,8743.246715468396
2347.258820630118,4025.065554564675
5240.238922494275,7173.763600775397
2181.82592833006,557.6420018514928
7573.571482650015,1398.6468172117507
2112.57913657499,429.2205793265003
6781.159446854681,7971.678255429365
8121.696522941378,96.69278801144654
417.7345146147537,3303.100779779927
178.6069299922388,6827.205458933801
1307.5618391019273,9063.578491271866
5935.5543126101975,8766.8059035991
6245.63947300509,6300.380670199882
4503.076692647997,7574.655369666372
6207.251775765005,7362.09167291035
4997.9167461909365,9016.925037418852
4398.792524609585,5476.020080712443
2161.3145366248286,961.5595534372701
6691.53967219708,4730.5796756319
812.886177215556,5277.827841806898
3204.707616771606,4473.417193432302
9301.229020852972,2274.012595559053
3429.8652004944443,6740.808734482354
5441.068888799106,7624.202888185117
7483.692409247463,6413.290179537347
9243.918782649707,8998.266032804237
7930.734051059719,1595.2661896514464
5488.302592883154,867.2118043578658
3392.329958912168,9911.177787435923
9095.91160906532,8034.862818400569
7027.622975163392,406.2788029650888
1358.9885911377053,178.01273498180836
6033.87302537568,1518.7158347298125
7015.634947448372,6954.253167817475
5663.964498817198,8157.002900113736
9217.712530973415,2029.8517453870625
4837.126726089168,6498.2222377214175
1661.625728838917,6996.171934954497
8901.528070714758,7857.915106259117
886.071994739711,7073.478458987914
7756.583405259658,9767.992504143594
1357.377551529907,8810.100013619753
8322.421312901655,5061.860928617711
1743.0357067103964,4174.802317029227
4072.4581631363276,4943.10072780532
6122.805769525573,6475.8537329110795
2485.2543290312633,3759.697441264356
4513.658270919347,3763.223444595687
2463.5997843106616,2504.9677295475535
3740.2736301308537,5677.83696646894
9121.28325465886,8209.010810356469
2226.8439029056785,3787.1747813644365
6720.948911998763,8437.420854396893
7195.065183599084,251.99129088402495
5900.998662461454,6760.609442817648
4792.307557472354,8016.895703322999
1070.6180342478954,8227.48138254428
8228.33077597334,4445.694833072954
4550.359308483982,6215.557952562186
5964.598678214868,2291.0485067603213
4568.485983126937,7764.925654126483
3493.9297040457227,3643.8211600418845
7674.049438509517,7143.492420855584
2800.3136034647323,5086.114677844291
9555.663242146882,7768.271297828376
813.2978597459017,820.8907719328184
8733.332325090767,5592.385339719011
9479.2215444545,7283.740429070827
4884.636140773333,9601.48249993138
8851.580333134141,8892.888545119149
9717.698682482825,847.6535210303315
9607.604987509423,8385.031149303755
5470.414377442169,9726.062240505193
1859.1698636506449,1065.8378444980665
5053.5593325967075,8366.246495997606
952.5417755518329,1802.2161436166439
9692.915446975812,4843.092027920735
7983.709111823883,4560.434329951551
3928.671039371198,6852.116259844729
3332.362093453751,7597.606146788495
6270.061329796813,1810.1742327817726
6190.562751482203,4530.3543048244155
4808.543510747519,1612.7150657046118
2741.210747052808,2858.3258689452905
4810.720617751481,553.2272728081456
7810.357314713323,9278.558207716505
6405.025414396467,4331.176268048377
8597.17175806191,1859.1393922348786
6376.10932138805,177.0476484571537
8866.675963297545,7071.292888986728
1507.3822544915638,7310.80226634086
5996.83601484969,3534.7462381400865
2908.257420481101,9995.147430655095
4229.632885227701,8292.122574530136
4970.0288586975275,6755.30997629165
6833.91901790389,2003.6113325743909
7637.866222071655,5001.785015903218
5542.891297934538,7336.830800796991
3108.0077306469066,4656.756278925749
5330.958723702949,7559.642546047913
3071.4093949533085,8450.976169374951
4083.360362942835,9273.688233741354
9612.579949384699,4898.48582248493
8459.674729455335,7603.047314203375
6332.794466095946,3502.1766486251117
220.22031277929565,9510.852822910489
5822.377684308125,9594.274208807536
2313.517088328182,9512.10470379709
5961.313458468244,5821.1314881469425
5087.370599118824,7997.649313730591
4415.911894048304,8194.29800373705
8472.31400617292,5000.045465637122
8724.648965814016,27.447999353429342
8650.496320346449,154.61210682008343
9102.982864049465,2819.2992015678365
9536.006203615781,8387.267891048667
9100.580985961837,7827.439138420218
3838.570441204644,2316.6113060082293
5250.275521643568,5652.119385101974
9850.03986237713,9550.453566223283
9515.473631210058,1273.1620128979116
2292.407041024147,8720.53476714319
9473.86801667697,6283.588482953043
9581.07889550448,6886.659798534585
3147.643395916694,4556.3227295303695
7605.289098779631,4655.741301512117
3237.265495450341,5360.581615101768
9710.086132676644,3042.391905892993
774.1034464820484,7902.258170504587
5268.232642848412,7144.453069924708
8307.459381672525,835.3248861551732
6713.437702659261,3859.875486202483
4870.826586981275,6843.4161623430555
539.7515039637635,9918.688146777738
3165.416084954705,7905.54964466112
3941.6050740077167,700.173288440491
3617.8413306436573,9150.865133582829
1849.83087709768,7802.4911136162655
9890.483819219578,456.94286138141416
2037.3475028395394,677.1733384448742
3250.0168366831804,6905.431922946852
6205.031771331019,8042.483316354141
4818.455973344846,3616.2138266097645
7546.970161266937,2514.374059971799
5088.412708163006,8102.412900180778
344.7212610397199,8293.427502552388
869.3087084584027,4000.9883624038002
7890.77670451903,665.7254647995026
6191.56283036362,8973.357731704187
7552.3349508741085,8714.851243611776
9155.347073922683,3131.0004186898645
9716.053770196742,4817.58020614671
2299.5469615574184,3031.9385719239767
2981.003836206204,8528.525803789844
8462.038360700237,6111.871201328269
9706.090822738406,4872.1881322436975
8816.729751214534,6043.5466723372465
2869.327869119135,1727.7005632201515
2597.314299713058,2232.553411099438
2154.1235680028117,7935.107728336523
3581.6461522568834,3272.7184444792424
1308.5454732648639,4741.1369479836885
2795.6033583669273,5454.296876174633
9394.69230098877,4693.166345550411
8322.32965741786,1791.5786752002894
6708.336539186573,7023.074375310175
9160.243793817794,104.65544706383167
3888.6714138802804,4708.052566077659
762.0319272404041,424.76131734819455
2826.3451189364573,5637.541272838446
4548.900776708508,4542.517096750897
9883.882916897914,9485.907711974041
2717.422907804283,8108.093549463218
6245.492202397216,3164.9236946967594
4266.588809186918,8396.650532446682
2637.251939587986,7607.088557999625
2444.930347702906,6241.642165550427
3426.0852263018737,6796.946811802807
6356.908679620405,6802.367756395584
4033.713856981579,5732.285312105978
5879.631657707959,7497.798683436246
2592.4379738296666,2970.3136196627365
6469.018546818437,9098.815744388852
7225.464070653911,1382.1839552310212
6126.478983751371,3176.4340116250432
16.780820822606124,5845.029337913139
2054.7992477694866,5797.861860368103
2240.3881430672477,8373.44782593885
3779.813912574559,3442.305909607789
7308.125521791175,7349.980810665305
5202.010185312882,547.7587325222255
175.08078841063758,9945.52422423889
4271.474112275546,4931.131560239041
7550.840673060158,5670.385576605307
2222.5412706563243,3894.931823673925
4529.937660040569,1305.6869129487636
2390.9076612848535,6923.742790438881
913.0176711495119,76.8438686022177
4745.182393080386,6411.430906632255
8797.490443782392,1892.9233550583224
607.6465343238701,4355.377637791527
2675.040105184747,2809.9314587803647
8155.664732553412,4670.478994934766
2946.1074041491397,8484.04022389322
1210.0307978929925,9822.272926337102
4740.5598263792735,7831.142465600476
6131.858366684648,9986.1584862529
3287.1568886523573,1770.5699423512133
8399.114163774912,444.3458335783579
1747.8543801572077,3968.851839706139
1986.2363821175977,800.6553500257429
4879.359758726118,7532.589697342382
1022.1809667743075,424.2825228383251
2663.357854751094,9407.786072058016
2429.1864552738953,2330.58475487379
7070.762763681621,9023.328646742591
7280.232182673575,8525.094152435486
4540.367116716979,700.0684058057227
8989.087164192104,670.0356064117985
9218.115494864202,2070.5322401607164
139.1979201625526,7597.2991463025655
1801.2027739698945,2318.199204332172
8302.437655584285,4521.486688492877
728.3941283711381,207.7605968473817
6956.337794927905,1007.654879745058
6846.784951004747,8216.756366142292
1485.0359678286518,2750.620937824765
9712.168318740745,4765.373504014771
8677.234725147344,6786.01439039347
5685.045000039568,6937.032463590857
6017.420261563699,4054.386428440806
2184.4885005980673,9476.21888900203
7418.570382278005,149.13259899324683
6091.978153054315,4980.2716313360725
1549.3516935977925,989.7048107710738
7828.596820058924,3940.14717752574
7147.818906773983,8987.087778447556
5789.606508534518,7867.024189281589
9834.715072054549,6113.790098140173
6147.905247348263,6740.760422250059
263.03988385052213,5496.575213636593
2537.415778783121,1163.0382636446989
1248.155487486946,1434.2568498011576
3418.490932055609,4754.863578083787
884.7537344665857,3903.5641221858364
550.8321239848868,4401.486978759807
9647.938181652296,8821.6249083824
4336.799092528003,266.33815424303987
5424.068190295945,967.4661572850584
3427.793299177786,4254.285811584081
3592.4751633910178,2453.6484435821912
2324.7822639234773,7736.218772987488
398.41036400289465,7645.715506204169
7950.572909096924,677.1745757731029
9713.051008689352,7617.02922060444
5729.174054226188,85.32695517511124
9548.860438715188,2869.109953781015
664.7100142635509,7379.698274496312
2356.1138242180377,3212.9900725344564
8392.448742611341,728.6700101535204
9051.177141957563,6501.2859765947505
6741.629084308087,5692.507056549848
3539.0999376197296,7456.794613652013
7072.032015284031,9397.0291953113
4333.768382294886,8421.190719753708
7184.810694497143,4518.0120301578745
612.8840488168807,6320.569547868788
3559.8854999649066,4345.262379795949
6014.781998014662,495.8509207185524
5323.425074318294,1712.9847627550275
617.0642378118852,9590.85004216846
9061.589861925764,2937.0609514126645
3163.9246721877666,8548.099892700486
4047.007541710924,1381.6440056454971
521.3883346634684,6387.957975950291
4182.545467875422,1121.3349669239815
9403.058147662194,3638.384705488038
5004.63444964002,1150.4391785313305
8181.00672483167,6335.278414287712
82.17496270972458,3418.5501894172644
9181.698697814223,628.8733931903489
3665.6680515060857,1019.7630585046346
7234.009736298106,896.8971610855737
1234.4352545059767,6317.624867793421
439.2794624727969,8052.041287409544
4108.455521682184,6951.318407195131
9941.534604825743,2009.4013197982608
6797.188143140417,2830.013380965296
149.957796479655,1068.0865764571768
7716.2002568903545,2636.9014570609515
9175.206287552175,9919.646566255902
9048.674721495057,7631.370477241266
8958.998537445239,9225.746020601564
5909.10376387724,6374.362878034825
2947.0750083971943,5994.609856018217
4519.493579340273,9067.639143471022
1627.4531510330314,4199.782884450265
4432.680332409347,1070.676348143974
7565.591064147055,461.101612813668
3501.0392357220476,7960.081485014161
6019.599656040491,1756.4783075680812
6434.229055559955,8120.079311218246
7357.959081620708,8038.973940930599
9686.444428576697,8974.208772873759
894.6082296708324,9043.263459979114
6631.037725338315,2539.767219608028
9639.236033985575,3928.4606907570983
77.38333716632795,80.79644168100364
4372.567124048057,9617.134386129976
1910.4375961716169,6437.077767355396
435.388941490209,809.0180722201823
5131.61732307778,447.75459069340997
8659.699997556232,3985.1873096631175
6581.066592973245,4772.225718972813
123.12586115056257,4843.305600478467
4355.768180679395,2263.46236497447
765.2370790561125,5672.108060003557
5514.468186666689,4696.076728468963
6514.577521291366,6094.515067141348
3274.9245860631127,2495.0838989855915
4600.658279359388,9331.803953515728
5559.326243462469,7699.54455025282
8014.661223355543,8835.404176004455
6473.558636237126,1816.0876593604503
3057.903276167486,7386.159205353891
47.51016300082678,9472.857628758318
3136.8728645214314,913.4037608276235
6524.010205346786,2052.648251517879
5264.095727361039,1925.2777825034239
6903.11247040472,307.35101190037193
7135.565501583474,2231.077593188109
5145.38641493862,4301.1390090709065
8503.692371838106,652.0841728397863
8615.650145610087,1589.0943673791735
53.81938355638272,4099.224184733627
72.32734853347522,3453.5354995204025
4433.09338242602,3178.445997258216
4489.343345759566,9701.57859641794
2061.4727426094346,7987.803650193839
2147.1365031865653,2850.038661450346
6201.903698953707,9245.09268677913
544.3891813206315,2086.841909393372
3107.7708300122817,9433.189010605916
4498.619658589165,1823.4570249591964
8205.480704529766,2697.6715922046246
164.54139452940942,2814.8683541029704
6559.932767605105,6838.151197697407
5711.440420466201,8546.864135941507
6290.1384692667525,3134.282421107126
3081.058191561188,9989.095856229294
1154.0418452168587,2509.018782846214
8188.181320645175,4413.785076566873
6609.881155906726,6842.233867619859
9805.303111804018,7045.303787811676
4791.319326941354,3442.095224138735
9403.323434251952,8609.355207514182
1089.8189622404175,7189.179685952451
5327.178146608951,1955.5397629232307
9488.295942189998,3054.227068187635
1358.337019467486,5598.14302002558
6488.831767681388,7658.96271946405
6069.184359292783,4775.177328918022
899.5323935907951,4148.524262220916
428.7467633938169,4878.297638453712
3852.51982898645,2036.9448982358185
5228.616073754812,8636.973437888404
9562.302674727409,1160.1586043709322
865.1567800425707,897.1462632080129
228.3062893104737,5147.646985068715
5573.48378288946,7399.664810984706
192.5826882277326,8963.279372289522
8709.20769710524,7483.714817892329
279.58699444803227,3869.583969970314
8231.155228310454,6548.531343412292
2678.7403910619014,4225.908207457098
5009.424611790419,1314.6378527201864
1646.5761052657713,1089.9775291134129
5071.359997639072,9853.727950135413
6494.493447146531,2748.4336498101857
4632.627556621333,7488.749263597167
7423.460350130782,602.9340598163924
8627.335968950027,3251.1320109409457
3924.013779365215,365.7264851916231
7308.6219326604605,3136.0110041376033
9699.457086556802,1776.1130689612846
265.92937906660285,7553.862240443114
7169.384564895734,7740.061534447446
3280.5687803160754,3670.0207832382125
2835.0002439064015,1635.9507625399194
1682.2748854954118,5354.509448005275
1410.304042930418,2940.250115614268
9640.247188650756,1408.9519855028698
5266.014941501026,6681.595146826058
4019.080882321496,2698.763647881346
3612.0825761469587,2638.7437422347925
6213.111979233778,9806.752821860075
9468.944267917974,437.9997104785993
3931.713862995537,7139.467376904642
6942.522401008705,8766.968871156418
7938.868396997796,1106.169081576247
6676.229974289111,8442.505017243018
5544.438160862387,1198.6035331414369
8963.10203146096,9855.601528275249
7437.119318088256,4799.359123657198
1880.9572813532382,7530.539212964733
1720.5928258750557,9522.780659292566
441.53410563503303,525.8642037514427
8642.660874971527,2166.4016530832596
6529.1186666962285,8724.52473708419
1073.7416103201424,5902.708565168316
3331.3742190845173,4990.438660790954
2012.6750524847514,9921.850803478234
6235.643338356598,2043.586088159517
1636.9233831650797,2968.908674784876
3997.510880044821,2740.502063785126
4810.814705227057,2307.7484172179684
2039.4041686736775,9554.161982012023
9607.922181599548,2700.1409531723475
88.2170000529714,5373.088000630179
6054.266076171926,2212.11501349597
9456.623501041333,4213.042058355274
6406.04983864363,5309.713790465173
9061.163175533484,5966.262987643373
4521.285432442494,800.5105914538291
3004.402804188102,2885.688648145881
6576.096684311099,2494.148101287007
1139.055268093957,4823.28460867197
6713.32063086835,5075.1266130946715
3068.979295113571,9666.132239898425
3582.5327139848196,7037.4600207884705
2196.012793099584,1349.1358171900947
1191.3871220646654,2464.486681401976
4695.27624393854,4234.146721929251
799.1150339629738,606.4149243448225
9515.415457645084,3975.9528378828954
3290.9176545941855,7760.366888239215
3995.7659032853644,6079.3052638042545
2110.9343447842057,774.3176028382959
5052.786407729693,979.2302911948935
9822.527683937318,5616.482186059578
4495.216281142095,1275.848505082524
4928.167437870516,5780.659860562138
6488.4935857482515,9622.577110014265
9231.653021944714,6045.198328427135
9507.354102738667,4118.362065547224
6755.921044014393,1151.3538641385
8991.936319999446,5397.614542749225
8769.217467840816,9138.748596647116
1495.570845875961,9741.825113212384
121.39842289347946,6687.98680816831
8938.15357811301,7501.990905090665
9660.427496190961,973.9294010963017
2987.6826682549286,8580.074920018567
9295.865860982136,4504.947619118946
1740.2882213783578,4566.174632271025
3621.8657441315117,2572.538681215826
2595.7096638857333,3412.535852175612
1242.473367934468,5208.779583845887
9930.73354950417,1055.5537921250634
2507.0447283724893,2109.534783416901
4930.251264349168,1574.8822724846234
5415.464327371226,3589.34003553919
8255.83997041116,4353.488598566817
492.1879913723193,4161.5340719037395
6860.1549419103,7412.1787718356545
9933.331164496423,4708.6308880405195
5168.434564772197,9338.577626726821
8893.851798294038,5870.784822222216
4105.742405619083,6689.854018539213
5424.269820680268,8875.696239224364
7444.41718146113,8368.499518618723
2705.2729829739665,7371.710137357233
5967.572591913207,5597.5899038192
8456.379646715988,2000.2114991336296
6272.167185488253,2345.7783564137767
8484.292042076246,8935.423785331719
6194.919013111694,6520.90715667581
726.9180138681076,8997.036507672263
1681.171821852694,7027.114760901868
4650.272071156825,3634.04804404755
27.737404132797128,6415.692263014411
7566.887615267722,8477.5204379779
1073.5754600543223,4837.765325947975
9148.503723585465,2726.0265099175517
4040.4744480889767,5107.327341352528
6568.551651735347,4047.222941715851
2276.0682279353273,4952.45182254656
5987.463567713024,2435.847208630262
6268.259418440768,809.8686400230437
3165.7955387809034,171.19545304162708
5772.81545336703,9642.658385639616
6614.26569119612,6487.47458203115
8069.763081914471,4146.591992795737
309.5900171633548,1320.1360179200826
7374.791013286469,7906.796436539036
9238.847926545905,4364.94797353014
9052.59484272238,5443.419336983002
6104.55179311138,3792.824432092554
9922.042752509873,6125.268003565273
4444.344632051692,4811.558811203399
156.53348599936058,4576.733445118743
5660.117217735353,2366.534183472767
6463.004488199611,610.5767711830956
3375.2565753900444,691.8786254326137
4890.958705933485,1625.2858768300782
368.7636043015563,9951.599484587357
8189.174270710498,7584.085561425471
1507.8399514962416,4999.535559107036
2489.1290305489997,421.2722412177128
6141.822417108158,370.69621846276266
2011.0697535923805,925.1945229852754
6445.6127826036745,5484.827943268487
8564.112128353956,5408.884934635623
8147.3634686867235,1268.8943321108625
1039.0984345724762,6027.841213754202
1433.7109083168787,4806.292924331864
5135.108370119127,1583.9176941665066
3759.052431120031,4027.954944114427
4268.632388699402,1656.4298935015377
8427.642444413132,3943.0348254454007
33.226256485913154,8909.605942671775
3879.4975597286816,3798.7037519653954
6206.903227222799,1419.2017654659971
6486.61339947888,8238.008564756436
690.1245241762932,5030.117849844186
1799.292433136619,7779.580871807865
1012.3715628356267,1571.116422660127
1028.8085525892786,8318.370792661413
8511.772644985547,7677.195982517324
5667.1495678483,7850.105270644273
7408.283463698714,4482.163155471009
7906.85884725763,8876.393441563641
6836.456548528185,6866.176534158724
4085.5556341839306,5072.462958849121
7479.070364169569,6679.354158541201
106.92778118198798,3201.7788720944573
7825.017263087248,6746.619357396757
2499.771632611617,6891.8622796935215
2588.4514283123217,8389.721136524591
2743.1649331524345,7607.803886330601
2643.5834937301706,8496.061859640655
322.3277115177181,2439.902998124127
7643.178585441006,3066.472493844217
7715.666948277212,3130.7707649775484
8666.589510520973,4419.56257153578
6873.842302392988,7122.19614065985
5498.214397507615,838.3856153905011
558.0669534385852,4987.1243786152
8430.444272948956,6716.6397408017965
6056.3667162277,2798.292350364818
730.0567827130022,9331.210792617507
5387.024333795989,1434.473006064486
825.4707179936871,3282.8609498353976
7349.477046809341,6933.081700467157
3384.0993378623784,33.542836955482436
5000.636728288628,7834.220851356316
5681.065891104583,1787.353168777671
2274.315647461387,5103.636981798131
6364.140446099373,198.14938718142884
1634.403567137277,8157.416389054844
2225.3036209022957,2417.6818198576957
2664.5160216683207,205.11371508581732
3458.330211815076,4167.2365443370145
3014.802037659111,9675.540285902965
1528.2955446109636,314.9461297842393
7622.838949077104,8941.852366513984
1480.2851590154053,9748.775870252492
3718.318130397921,7571.209415400523
7907.931906343587,2165.51642859401
8258.388232307576,1828.694281658826
1229.3583995827585,1917.162133439042
2596.386950302857,968.2693106277341
93.05633980633554,858.9504000257486
4341.991480317609,4109.892535971795
7096.308002815096,1327.4131265862354
8668.266661054538,4110.662748985703
1445.0730150074342,5589.871038524196
6680.619024554508,2165.8059689564125
6926.019484774183,9322.775817156009
5966.359001773456,3988.1292017121928
9971.788160736513,7165.109959147001
3151.13942158768,1344.3987250282153
5686.807298652252,5124.082946858606
709.3196246685452,9125.411110575407
8606.587133701496,4622.74906528817
5906.663057055332,8919.869127611248
4239.402218399569,7192.871025899626
2576.99828341842,4838.618909951111
2065.329657328683,5221.29464781343
7391.379115366706,5393.03791541269
8866.21187838774,6393.5824146996765
860.7510474859137,1827.3139319222676
879.9514180068013,6457.346440755132
7732.376921511843,6658.671806334346
8913.256657491676,7760.222290006285
1765.7641715172047,2486.1181519836005
1616.6262912885732,8979.415714763876
7635.077638084219,82.04951908478586
4585.143619264889,3649.5137528031128
7961.740142249496,6492.06923955918
5190.539231217418,9336.437871709079
7512.326365877832,3379.80407641816
135.17018909173228,5019.937351321177
7475.820255070147,3430.7792645095083
3577.905391638717,4524.917011725877
3908.5620024385057,2809.381980937582
5450.956987069732,9027.562078914114
255.23008815047433,1918.6497944530333
8105.267135707559,5405.66836425081
5842.639161968145,5596.932892068204
2516.261453153571,2061.8378481253385
7360.052980000351,7328.659157067218
1683.1278422680152,8113.5935425169055
8912.729808308692,2354.5748237674347
480.2929478174589,1271.466405796753
3202.6250951248835,959.2134432683653
5690.79255724228,1278.9441416021152
1335.3283733079236,2973.4726127839695
7210.513403544454,2086.671119443154
3394.777645350852,9625.719456434143
452.10909569756706,9165.208067657424
5367.370426109679,7282.7269581286655
8371.513224852928,7800.403472509947
8340.63757378602,541.0129838567324
7290.213717473659,6961.250805434067
7866.834326576285,9298.985039257648
1946.9027823880315,39.83315156036782
9844.638020887594,5152.438459258862
6996.4500292867,2147.7922157793814
5826.645702577153,6907.193288317549
1852.3537593747453,8065.280373253687
3665.9051307441846,9139.594048062832
3431.652221042227,761.5197769367388
6033.914319268577,3874.643366834719
8668.749272693747,9836.8157162749
9773.437026140075,730.306553015887
4661.911007698264,5755.59622459233
8499.515695074608,9572.675416280063
9848.658999802223,8954.408784245314
8311.618043450413,4032.8107838983806
2866.159427773756,4844.887925281389
605.1987053611141,1110.2199224696096
7538.195638316018,9670.26899324809
140.49125533209917,3400.8363023286292
6565.514317848313,2927.3731366469037
8114.190121317999,8149.748266336373
7318.281053056042,721.1289835615676
4070.415274359913,105.2990748499416
1614.071213741295,6158.169482188811
9397.622120516055,1821.7551114079668
2877.6404222039764,6594.17583266314
1307.8804648298992,3068.583623257507
1970.9415096310001,137.58644368101812
3413.8786892535522,3765.182588371686
9932.779516931156,6760.515007952164
4153.934425802648,5181.22092601196
8503.377761773923,2208.330437211695
7682.823240465612,182.58576611544507
2350.9369620746534,682.7536754630437
7772.855721345798,6432.022230324328
6358.34921556888,7499.675727690407
4690.87247757674,3765.8159753368627
710.6981717939087,3112.643737374801
6869.114789540153,7248.5655105215765
4073.4243574517172,8755.990952487791
3048.7339122877343,8921.165880160344
2315.9122896200947,5777.594459447514
5640.590301579648,38.47199915817057
6798.91214438556,2909.9731324867894
3356.8201661366047,8538.931824299267
1424.4169459782051,356.0051811259268
6862.515835270619,6976.6277821845115
9764.494175221662,3065.6935465253064
2090.2227901804536,9539.669645636697
2516.7284063871375,387.3358310271746
8425.78883303856,1246.4418030100055
4797.85131887578,6580.757681731817
5937.918785408777,2791.580166751534
9050.890553383713,8662.473093926803
3804.2152193650513,844.303028889547
7702.470942706527,9227.659153540799
1699.2130674046014,646.5113856845073
3514.966099823302,2299.4010024772947
9129.454257644715,5907.263590017401
2797.6295626462456,7314.569491352564
9674.514081957444,8903.762273209511
9518.210400101447,3596.80693545821
1347.6260356524717,3415.396460339035
9309.048485495776,7436.76351041965
2522.5385427829638,7027.471190058643
3521.469229493719,6064.189428156315
7180.331054277716,8916.62470704219
5463.0502095007805,8379.6791616838
9932.394850650917,6265.576099657779
3148.8588697080845,4477.610699252577
5803.206950752438,5521.128855243398
7267.072142311779,5677.606130113318
5473.5555465563975,1277.0705881754564
7416.7735738722395,1012.4609992165779
8965.042051442422,364.07598365392533
1379.215330261927,4862.681919057483
6717.93411989384,6595.6040490376245
9009.176557024904,1445.0758275642306
8226.830942415774,1065.7242642918652
2054.976689510217,99.38734415372186
2962.1437828740704,7737.185424480421
5812.420782974319,6468.5786057657315
8907.293559825312,8585.065674542586
351.9191071248673,8301.870016746583
2532.067394979104,5500.425296021004
6354.825693410965,2571.7990772227117
3788.6337477917077,8201.66740241074
9557.388334686899,546.0344960951691
4314.4996084002305,6643.30317273272
4194.895802457938,2051.820709253317
2727.4646572932493,5994.94604385607
5721.722113408479,7646.9491918303
3314.9714808467834,664.4750143669243
8381.677612828698,200.34956874628196
6367.236473158544,6778.350334855418
8995.810225133822,1946.5660599073765
3027.366794569778,1835.3151601607753
5266.846992078238,2648.385968866592
1704.9973400157692,7638.881944347699
9793.110467375707,2129.745294967961
1591.3974520164486,8690.098588162773
6038.87133392033,1478.7740123353399
1729.7222002872459,4487.493801482721
4419.600490987453,5769.597643527551
4103.995324868175,167.14983593764444
6269.3838918842885,5292.976080105761
7845.726593703927,127.06408260456436
6835.273091964668,6178.33739830212
6045.4268972792415,2624.005702697958
4486.976089074169,6223.229817306991
796.6839794991132,6787.802443039294
4257.243701342527,7695.548381738225
6074.145842712083,2337.552869275571
2993.6774890308425,4302.193962293218
27.666906230556787,7618.334115913465
8781.02881654084,7190.925732917449
9910.314137514502,3159.8297903656157
7420.923772697711,6594.587234669849
4133.868554077934,521.3044775725473
5645.37076005674,1350.7836826035914
7830.802180461143,1122.743676628677
880.8713550427793,5138.576201162411
1720.5442765824441,7169.259231695155
2099.0645224382733,8203.911072867097
8012.8788472103015,86.58115088881924
3540.8797779475367,2036.8606183278148
5234.905155808265,6121.550108159775
6287.593316256114,8313.93729032013
2222.4047771715495,7579.385508913952
4278.214738598379,5197.491325517838
1751.0455440042238,7723.664603621396
3100.708739789343,1671.8439763034653
4378.08406558585,6477.144739051345
492.4716213580249,8240.69173813256
3605.10517405533,429.6273137991824
3787.2841071747675,2208.9123457936544
5474.7073881954275,4575.510021740591
2145.755278124958,4347.930646824421
3455.842757869317,4864.940518566735
3620.73323833163,915.2858134859831
3503.2970028048626,2204.632323888246
5504.842942869214,6072.126157058037
6073.509367958973,1053.1722622165796
7049.420422834061,8602.36522670342
6830.258694926422,3723.8769635042368
999.100447126684,6127.412212384273
7484.525699238291,4810.743045117153
1925.0093689766013,9554.236462706673
6915.479633714573,7929.894000853147
7155.296368771676,2410.5094342625966
1992.2513693536348,7016.628034134098
28.0604554671382,8713.824103436486
6622.441564271841,9713.16725848145
3209.2890113904095,4119.442700869217
4055.8682533092906,3336.4077576399222
1817.7642161244867,850.4713050597046
8135.965767544662,1174.7397492960708
377.02414989834176,3940.0923477058327
4886.99187575798,9260.206439956735
120.82836099340798,2287.541947326537
2612.7840001460954,6487.0433903408475
1066.1216768298555,5138.045309781307
1010.6546167684461,956.1567048733266
8141.81038548118,4942.1518718060815
8838.366329602197,1913.6540286310244
7619.293731204799,3862.5371539110574
6657.39866051965,9715.742257087028
3139.963507445014,1126.9595619542595
8840.665034344718,2397.6632686541952
922.1392492269398,1043.4159134782306
5264.905549790414,7836.475237259445
1019.2680272712839,4876.968234308324
276.7580822259097,3532.65079360408
1336.9636843522214,2070.213440170244
9865.526310873596,4407.256770714717
4990.6053120835695,5183.175406776363
5150.705914604431,8045.171045427914
5959.627506578089,9955.035525939888
5712.464480969399,5047.262301135585
5266.180427602585,8777.377994098351
6089.711538864355,8739.364670081555
7866.296042080348,9639.885853342636
5353.280301157785,4531.4271882882795
560.9773466357582,6862.899674856254
8356.074100644115,5830.896918952022
4819.753305207172,5850.120222249981
877.3191269122904,9422.536110141675
5979.5467290717015,3413.7407995028825
8561.711672534042,1438.776151090102
5514.929069867959,1743.959781933061
2338.1681767821538,8398.157879252436
4819.260580453671,1865.381340438489
8326.744321328553,6267.177218830876
2193.7234851754893,5434.332744644662
1026.9933809400277,6518.144961886789
883.1692155219196,2826.310602461193
981.493234412455,7926.761465967967
9169.954830233431,6156.797469646565
5232.8192596921945,9714.416831462571
12.413751365739634,6182.639183314137
4988.411033585775,3762.08645246481
9290.312325800549,9357.286532977303
2007.30094955222,2210.2956151436224
7225.251045765293,3902.351443751488
1704.630153423068,3191.039585934644
818.9438156302431,7215.156442797046
2405.92080344996,6488.166169311056
1745.4685855229802,5146.1988104215125
2415.6118338829815,4573.847733849527
9835.637917723858,9582.727111085916
161.96843609409538,2137.964840331246
7074.315446457318,1457.1176945329678
4539.2901690582285,4230.0951665638495
206.1986708523156,7950.410092022732
8944.632647596945,7676.54259221199
8900.737274471441,9082.622530947434
7651.630549737405,7899.294351952883
6496.530555432742,8434.0931154998
4836.8836393557895,6665.44701350548
3736.2898794473863,139.55487786560084
6933.886819238281,5023.501122451942
5708.7452877764135,5268.928636647245
6587.954999905866,8746.595471814348
4920.943379174861,4183.534955979915
9205.220110886043,4692.879535847854
7810.942842399188,4651.9983713517095
1797.75863536238,1539.9717750359998
1468.7154846050244,8145.363328354108
1618.2769288718403,1855.846841643367
7884.802166702964,6802.421164156749
7149.2003479396235,1744.6639815670196
5462.662042083884,4851.489667366731
5330.738932137849,5486.724358348406
5162.436431273888,8516.639279084064
7869.720106655701,5559.463215072922
6047.579861457078,1140.024158638383
8676.551127470098,2662.5666610122557
3539.6428855375893,1854.8117463884416
9204.30350389223,4967.51710270453
4851.814696146483,5230.967123951933
967.8950969053824,5085.280097834462
9487.765857112227,2706.857208231398
1446.4404395451202,1591.4384307229523
5654.590089048905,7391.547015518687
9353.520653260626,3831.8196098564026
2014.1339717307771,6047.478764039399
1499.3177015845295,4725.28055838594
3410.49671858742,307.614444963491
7.249872307233396,9620.449010710023
6246.770891034938,2340.8226933877263
7226.221731010518,8988.76223179877
9293.66302588839,2107.454815633246
4080.7645917130662,2334.5712323430935
6523.056126157398,5607.053697113559
3933.0062077785155,1732.0737810605092
6978.802006169978,5286.072578890905
7332.137133272816,2298.5703372131484
6189.074202318439,4109.78170316427
8145.722624499591,1785.259632908871
5672.205194975067,7155.493212929492
6273.24396817297,161.48268277411893
3015.862834618899,258.57368804605983
2621.234968560725,3647.0357738092252
5586.148363076359,38.98050520999119
9746.503927915333,3538.603639184744
2798.896583506292,7950.168227995548
5930.733325578176,6596.325577585941
2688.829770902478,3541.328918783888
490.5673272411171,7310.855024368484
3688.9322158510663,8072.48563775635
519.9719064219654,1513.9337298264866
7485.844090923314,5092.358948082879
317.70768309931753,9491.558803139767
9863.055761117059,1306.7665750189606
7277.175383901569,9348.457190172841
5966.582958311341,9338.230149991616
2464.522144672081,9493.432755779142
5169.1546999929515,9761.804442809556
755.6355841168904,9349.620947776726
1074.9456921174826,6143.19071046291
7317.598719965857,343.12880097839724
3297.675813566229,9099.665722541688
4381.5900161973095,845.5912988430747
2218.816318489302,4530.291790078719
3285.906063442615,8439.83362898989
9598.857960914132,5736.118086477821
8127.649160260889,7025.4822780658
7056.701736691015,6000.695695774139
8299.773995830607,3468.949836911548
8451.982970205538,8908.612329136839
9614.328145377749,1653.1903068539932
3293.5876447458736,778.9274174774619
1689.9788399746062,5516.212273484857
5239.980573384219,4418.6318255840915
9204.14019841046,6258.048353782579
700.386970491349,6028.586342439661
8855.342101332748,2933.1979057684134
7190.497026249354,7788.629429134615
3237.0826001025966,3249.3495500043923
4132.890384034489,8697.722617121202
2331.192075264027,8653.831453168741
3133.9110654359924,1913.8105845472141
1929.9651118575034,8491.75824173247
5503.609988721479,6954.233130326876
2368.8231977451237,171.43732728726047
611.7546669010776,3875.3356310098784
6992.996958213084,5436.034029559459
6017.355054011676,3461.582435354892
7958.849108795818,4688.667990665326
1111.1938281114442,6394.548653623692
5008.385480808646,4757.515216334131
5933.944914938193,2282.8178745772375
724.0976325569326,8379.703943920638
6347.88051298282,2013.5361547873965
7362.637532072097,6276.688265696621
5491.302146789466,3992.1502813609177
8882.71089822337,3703.7704541184034
2038.5756793639841,7320.908024373121
675.7956576154944,3865.5868134393477
6767.839464655139,5275.488476470723
56.48203566911647,8542.114252490204
2776.51812007509,6876.830329978787
2500.5097593036494,1716.343600925754
7199.021814640039,7162.869536953615
3535.7756782868755,7358.108641345177
9887.17948880294,9311.630016893632
2459.3654837768995,2343.9517686354006
3745.7107836415594,9507.976705697114
6671.588644171097,9635.557027705236
6240.576416808384,4937.152324214884
7494.322486286098,8993.711175454113
1711.3254333399818,7762.731494968228
2442.7552884064407,1206.1343640598686
8647.243222235735,5319.864319392137
6236.6237878178235,4858.883999044612
4654.655362400604,9205.896092886549
6525.298403015627,6890.628206704478
6646.092150055768,2906.871932026025
6382.153336987958,897.8798550163281
1673.207815491843,8042.187372763333
1636.9306682866147,4567.697612215142
1071.9053917538813,4578.954316294834
6504.682079633913,2327.2741585124368
3640.832548949704,1000.8971231727414
3870.566226228599,920.9138603084355
6805.574964973305,3369.6012552308553
5498.436793433218,7078.919631348427
2740.181159153925,6060.182248307301
5945.020688425203,4837.840165116671
1503.3780245332018,1133.7350827961068
2839.4478567649694,5971.744275850984
6785.956665539513,6834.60429674969
5030.700738226413,9759.096812984819
2094.191331122799,8665.381468467
1225.7228747201655,4789.658350568728
4147.191581384999,268.0612070025368
6672.899270088978,7515.044378896012
7897.447876683741,9292.944615271257
9512.12903491602,3362.114969715012
2161.3653609018847,6239.432532757037
7234.769232648461,7288.912643793634
9805.178872382867,6992.058244996201
6874.428163646665,8795.344071750684
7787.070991077272,6160.837413023128
8164.011940187259,3526.664019402901
5649.680172661998,868.6433150687689
3257.538360087242,2479.2184053027013
9499.863324908481,34.03691558916621
6278.9962518168895,8618.184131116148
2189.943701661827,7247.571431417945
4919.274874630216,3048.924822810464
94.15610558150544,3570.1372588674253
5254.492283967614,7983.740544390627
1649.7834727944726,340.5006031634639
4273.718076413878,1941.0390155840241
5049.8886764966965,3010.625371122467
3014.3756593603753,9527.496156074263
411.63890998579313,7980.13984822141
3060.035046036016,946.3513499223764
7128.570641545122,7010.9586552797655
7615.406041141691,9789.415702912615
1294.3206522638495,1117.1945540386553
8312.530780300414,3933.183826712119
453.42713173264326,8109.1855436217775
6523.9924706548445,916.446525519955
9841.368895099402,3087.003858462345
7132.102371851606,635.5125177043752
3807.1091272141953,7349.120700470303
4679.91179500087,1243.4822649910727
9253.704108217851,8454.52569866097
1194.4636714584244,4924.409497766948
863.6302018620489,3472.4646031058037
9001.355206710474,3790.5919202814043
4427.6449326052125,6902.959485042675
155.28665650478834,874.2787716932698
5016.268675403649,7603.936053557144
7269.174579212664,2576.3146447125473
3428.023240631961,6721.499593510874
844.2452601914619,6943.731796003533
7857.351293542269,2457.170981902379
7165.102274231685,6175.206504857028
5590.477973136751,2617.41507214058
3549.726780987726,6574.66551424288
8519.086603914811,4516.524885172941
8912.997879671391,8674.971189992537
3707.8332512833013,6383.911697321462
7351.329817926362,9869.650848804948
2443.3258378926835,723.627093512158
9951.599077173723,3796.7700251043625
8985.332611953569,3745.2061045468267
4528.357160112914,7723.507395994516
3338.3747077205207,9243.021555197403
4409.621279854021,8940.782565043935
9715.417143709266,7317.705062683136
2650.7785232309066,858.3107250949063
6281.184748781226,6259.40989090772
3144.07761438943,7199.369870140573
8984.618617907521,8598.174191149765
2480.874949706193,2091.7165836055806
6216.398846100078,764.210810204603
9620.762569907889,1682.6493976956215
378.82667055969097,6015.934941886267
5377.180093187988,6645.090398417012
8247.219844626285,2834.825167720495
7073.417963608514,9704.297120150854
1760.3578548091004,129.36164927433435
3812.0945302280975,8011.310274030885
2507.070420664852,1269.2643997367682
5434.990136877237,2076.795226118352
6935.5850613187895,4815.017878064429
593.1324903441404,6026.915686379351
135.67909917410304,4161.729708322743
9521.597014162973,1287.1499236522443
8989.575529738371,4303.884558185472
6145.454621721221,6172.817380147133
8033.336626896515,3860.670143345436
8245.718874414244,522.8644596022369
7712.630932273371,6076.526843366693
8608.059604861075,824.0571386726169
4817.678264287501,6137.834566780441
3954.8423218650296,5010.291517593711
4616.025528720854,8699.112271848622
5419.241116070619,1590.0594884391085
2707.8839233705767,3244.070817246888
9288.568207433309,8568.268083501054
8678.601745519292,9714.63633617095
2294.226893763258,3291.2533193608106
9895.984655387052,2808.485471720127
8168.921084526777,3243.3761149486386
9276.56684570145,5682.462061655423
9270.56923400413,7056.054521821347
4668.106944575588,9164.064403258628
9029.331101453514,7927.631925306041
6182.738054276153,9445.488267530878
5358.416651556385,7231.198543626401
3806.556306015989,3314.8799693377664
6773.911446678836,2519.421945105431
521.6325626803042,4866.15830775716
2077.982788036512,6011.401258907527
6756.0388861550855,9823.770067324705
9734.3160476865,5622.858600088369
2633.5454249179847,454.87391090175635
3342.730220458724,2279.094420411162
5691.169418594944,9258.971831602048
5355.677745488949,1220.762211586831
3050.3473530137426,3279.3752547088375
2020.6979467521403,8373.722517221837
185.37732215492375,3178.093835465772
4767.089636072822,9769.51148901592
6257.291556598901,9352.993084933074
6465.858093908267,6446.862890546497
8069.431640632507,6891.362911414918
4063.6982591771675,4453.073998250332
7229.367656053637,5935.9173424316195
8336.17121897271,979.4447582964294
4358.020914988822,5741.947006942742
1978.6260581145366,4644.648942416489
5179.533742246956,7020.036783630111
6611.942367273647,4364.865427167971
7646.828736635123,937.7807299703921
6424.3689764949395,7618.9461183487165
2496.513757740876,2116.1738745504313
3590.285650199738,7990.622100521563
9278.041034620912,9292.217570551225
8864.767291894168,3604.714042295488
532.0571152253794,6866.102813348989
6329.376318376937,9988.21483298831
6768.803282662041,8238.118279080816
308.7064805528006,942.3567936820787
2225.9650720897816,7946.480710359741
8556.521502377083,4812.461918316045
809.8515630277182,5736.3216614355315
1468.9372367940146,7343.953431677154
2922.4007445763755,9670.634082310367
4562.771141523354,853.6956021501119
7606.001916616968,212.3181914566097
2129.791214680632,6884.556693744342
7464.186610802184,1917.86586235835
6545.720670231531,975.2244459893178
3457.4056128131147,5255.95680055892
7495.442984781885,2152.4473747560537
8034.6271896330145,6052.7495063874485
8920.875829684728,5940.40446484821
443.47591652643683,6778.00767965
7786.8108414940325,7670.280504556058
3670.250137145188,9598.59785732102
9081.931473848059,5937.864479457906
5413.948845012583,1675.0946604541007
9801.198679902905,9484.381404087271
8732.791627975974,5618.634723294934
4466.595466240546,5518.059756274784
3827.0464757846544,4975.408439358556
33.088780848500306,9874.975966403772
7145.939033691415,1029.2722692898337
7017.252062528048,9336.27613334021
9769.386430709787,6412.633627476094
81.13608370563186,8570.68066242913
4212.309765982499,420.3590034407123
7547.417756576954,5472.456038619813
7874.97013964717,7771.806903454207
1747.5880563129188,8641.269578917303
3744.330144822254,6103.7224073370635
2598.2278275860494,4289.867047171179
4877.5560043637615,820.6204461331334
2072.2555551665346,2975.6151966181365
7161.54585989102,9459.852455054423
5183.811038766334,8231.998130708607
5337.412166046915,7664.749108688037
2429.4796886835347,9390.550508913988
6470.339867576772,2511.09854894906
8006.649910088118,4417.068364006782
2351.6943908386447,2367.879315949367
2309.509760501843,8471.25627487606
7971.669507604595,987.2039475853256
3894.2317629242475,1835.9954740520025
1434.335880968185,3039.5903864068728
787.4895221677903,2404.716024240623
3324.312086060586,3811.8225277379215
7550.173312819042,5502.573941039577
950.3049088741022,5542.666069345079
2995.9619438162345,234.7509758569921
4715.222828624156,956.4930677404526
1870.0335699464276,3990.045074083455
4106.792968974047,4805.150948923427
9304.080255491614,7737.046769807905
569.3374804994644,5173.1874693389145
3172.361732207747,6536.594350669369
8822.949706682988,8082.119689332472
9686.303791705363,4067.579367042984
3094.1571304031977,7941.124409110625
1133.2093346817662,8171.652409944755
8315.676852073106,3487.8664385373536
8413.180077669955,7408.032448876997
2554.393469320697,7596.119731171439
4932.323749767278,3061.7370396547803
6195.1249734065805,1848.8306042566937
6265.405702395778,9839.02856278452
5620.929768804843,444.34779202624065
530.7387084507332,1309.7078276861807
8866.992822447526,9981.943771249254
6078.09504258701,9017.758266237339
6603.654898010313,7184.3989850925045
643.2824632038759,5761.1495736697525
2746.166706109883,4612.325887409827
3136.779252153603,9419.205122216485
4856.894273962094,3147.1964001356178
6054.3360869177795,9739.79024295185
6366.535685907497,5446.365819940352
6650.173671320367,6274.962168061933
7332.2547802415265,4591.749687359862
3780.434470178885,7036.90641960045
9729.717232571267,1707.4402654109279
5544.259843111672,3841.6022326670795
5740.819691876123,3524.6918371947468
2523.5459518403504,9031.981476103494
6587.542249364518,193.12722643982428
8891.739617657713,1072.6404598593042
705.3144254836564,1155.5818356874481
8613.344553274423,1857.6774409590369
2159.671382934557,6992.11137986563
8235.182149971772,4725.017479640788
2060.2215409846435,973.5155420487517
7015.249676294606,5231.597321058652
8704.372695815437,4230.229289002755
7347.408366519466,9469.94688870384
5792.013352965999,9197.05450826901
639.8999415906181,5371.011244150941
7292.445960796324,3743.6803877739953
6649.906346445391,6372.426514336657
8750.666809484042,9592.9933365867
3595.316582033583,1415.286215176884
9854.509169596096,443.5808860899848
2757.936207980949,2217.2481205034032
1342.3180141975988,9052.308539399826
7835.076712745262,603.9207998461138
8727.149974272517,1547.6145507324113
9023.237962327532,8373.974093826539
9267.73494082262,604.5886039063497
6135.765076577415,8237.63888008861
4080.7022649653236,6288.6433307312
1304.2371201485114,9907.001127421829
4509.206926004452,1782.4905927606894
8661.490890051775,1779.0959177662457
2174.151624731607,6049.593234193762
548.6986253819415,6786.980292878807
246.0271335597164,517.7020625969686
6410.275386493919,3032.4687538332164
5111.394159615364,3994.455505016925
3213.809906378061,6192.028763245679
2955.4369999515284,4626.011614092668
8891.195585667165,7619.453509742524
7462.571094970692,8906.343383331692
9684.219390340266,4421.281388997474
4717.547294861892,6565.369148473384
5871.9520452261695,2158.492586627595
9844.741148170651,4831.9553447975295
4960.292222649016,7243.669008005553
2124.712477434283,5963.818980865612
7950.922645155603,1120.6347122468096
5477.483439706844,9681.316958047839
338.38891447211637,6912.165019260127
5420.850404162422,8519.879040188136
9698.233533716213,5381.878150396055
244.85132188503235,2022.9142986442494
2000.043485690699,5206.007734312152
1987.3302641095258,1948.9435600545712
3351.6249391049837,5609.589861815784
2371.9702061985204,3216.82448963685
3487.821504340692,2647.1834892682455
477.6928445663053,6733.280652209484
4080.0045767090774,9835.761581662004
1895.8203448807099,682.2315275905422
7848.118147140713,5170.731687002603
9262.982270776118,357.5686092843444
8441.487898111083,1474.644486388037
4166.05387602873,8242.483348156926
8116.662890265186,3124.8424315207635
8674.57694660963,8805.101250476608
5057.185038246227,2123.5502823628794
5743.755179021153,5865.6194483667105
6920.991173698658,7557.728549715802
4742.06775337969,3777.19003589015
3281.187348427259,5194.866600362488
4288.75892268844,2063.7420627784254
7035.760100262562,9075.866103980252
403.34125048481326,2783.9320312591676
4561.51667979993,1587.0049762298465
9786.629755699747,1918.3618732788188
2923.066576307508,9289.80801588988
6053.57363138538,1475.665591001344
5310.183604097909,7745.482173026384
6827.317056287855,2758.8378300921813
396.1069374130433,7926.180977499877
6290.822955238672,1514.890135797151
6214.0802246337025,4670.245697655183
4981.1759479852935,3710.2257531664386
4082.7861813221944,135.03936548178163
7543.382724871979,1944.8011610429705
3495.3134301010737,8075.637950670527
1816.8691872571585,546.7654494388996
2294.7115758327973,2133.319482995851
3116.905523949045,5655.9211454449805
4363.76067668959,781.5740846983465
450.06898391336756,1905.9068167419546
201.3996611581348,6447.82089971341
2067.7038952125727,8807.975351881105
4403.837063716961,571.3156194756098
8730.774802873806,3456.9403172518973
9452.427137261144,4014.7308547895277
2409.5904797200883,7905.79761598736
8863.902083782885,1634.835419769125
8617.52009494571,2858.4116229615097
9328.144233034185,3690.321108105933
9024.702528968273,9010.441281330597
5129.7872615689175,2753.0768831795904
8348.2722978469,7520.186275833718
3653.930518377494,5406.193102746683
6390.734129598421,2778.814927171609
9936.172140613113,4682.034089972726
9796.546507952824,4153.719992148699
8117.032255479704,1449.0244727609447
6554.304194681794,9162.721816406698
5774.916257360622,6062.84087112413
7594.547842776049,2784.1790671505605
4514.839718456376,6889.866110375678
176.69084213616125,5140.203105538084
6714.93908099027,9051.275918961064
2498.6746481668356,9259.094184082642
6717.193584890148,9996.253771109126
4454.527363124741,1636.2985715880595
8687.325487659238,4888.605687501236
1118.4902494574644,7726.7168581197475
9939.105382139554,4075.23572535025
7689.147464958359,2466.0329726835494
3818.6460832196954,8358.898558847084
8147.041687700704,5912.655263796603
7462.456924643718,4501.875301286355
5572.341681494051,3360.0257280737255
9752.044401660445,7945.201639844388
835.5692187440267,65.04072740412204
2766.7839555553373,7598.251485854478
4920.970678556165,933.6742627439143
2142.447708412818,681.9987763047686
4198.949162694511,7836.842656183213
1856.2938893633695,1340.2553773806526
8877.048755402047,5773.49581397978
8923.268022568545,3813.4512373451157
8082.992360283385,6126.883165980179
9944.706776406296,7270.297557633665
6926.023776026957,7924.847240728104
6514.407855240381,3642.8133376693286
9596.870098440908,7653.405156008921
7118.908708296617,637.0753433946186
7125.024908229148,4281.576764713668
3270.040693126589,4179.3328169496945
2376.6087673425295,5904.820003789828
3739.1397570598297,8264.361908840809
5215.965297851904,1763.4630395383222
3994.7988451438055,8651.484224908494
9976.150129689702,7794.442077657078
2075.311650934969,3259.281590839547
2723.7536802366967,5867.64310876043
6920.226447193728,9756.7813065925
5479.843843916174,4568.216847585838
3297.916200752581,3893.3099737661737
2549.5211326045055,1232.3605666490123
4380.93834088671,8775.415765684003
7844.676024927962,4046.485149525334
8670.498217446531,4124.750939663027
5629.765838383148,6591.026548331173
2624.620370936667,8432.390002487036
1428.5455681632163,6138.998238022895
9597.944951732585,6281.925132236934
7139.5589925693985,8661.207530950305
9046.754797015437,5296.156162828906
8004.047046219738,7606.44454105159
1167.1077456100509,2724.5429309104406
7946.46023004211,1560.0800003246284
989.3666228606968,7193.397792452038
279.553170051573,5305.69112964198
3462.8573223999506,6317.754257458677
3196.505851878173,1942.8032782498094
5221.614151395839,7495.129917521845
706.9105864318892,6892.551371456956
6186.341782285445,8013.645376313032
7032.377410971683,8889.3186583664
1036.1972602949797,5916.764372087278
8259.254155231325,7584.258713446984
39.275375570415605,8917.15338181436
9354.593584989307,65.55057138138088
2472.4596935117916,1810.689652624491
2182.207148984616,4061.3924711866334
9488.619850648438,2026.4042864688215
7594.134646509282,7788.061353933943
5199.949598479201,8469.66087480317
8540.105978107054,9922.755854538169
1418.4527129893443,1674.8038094128515
4605.654433810482,2567.382709080609
2673.5423665860103,3955.0291490885215
2502.37396728063,8220.282249798849
7355.91737282636,722.7511344731563
9830.791059876166,999.6450883433882
7272.310813526551,3199.0991108395483
8493.814617048201,2992.683539606531
9268.224919896988,852.5794200498948
239.89694341826072,5216.588715932949
8895.609040184505,3187.6509129619935
3625.1736590674277,3724.5646857054317
2358.175720532155,5093.840979732707
2448.00645019988,2641.33595029449
3804.5366091502674,4765.4662229702435
9831.947888097322,957.4068997639407
9951.857026904261,3590.7374640325197
1063.7498235854637,6752.694176943362
3944.6801462546223,1264.5914325963604
9497.148112818726,3141.789682206323
285.34952629472696,9048.870749483582
7047.159038422106,725.3289211867642
3593.869453159717,3703.3756151027073
4862.114883861273,7069.799175467843
8962.166089231105,5059.668518506201
9198.83750819939,1830.1880741650655
2333.2737605443845,9834.397636006093
4988.838976812145,6184.968412727342
468.75710157324613,2270.6943005786275
8926.508726553497,5177.530624324557
6950.706177049341,3178.88601377607
2368.288263981574,263.7076439928454
981.8255131456433,1827.0816387671541
7854.24817733011,510.46683289780236
7845.907781737781,1877.7276221078255
996.8875941542366,3373.535408411291
4979.849989267797,9041.76525150547
9847.364798302024,7446.23445666543
2194.48025938386,6344.369218096757
680.3623077212795,1717.4239292226657
5071.27568058789,9403.345745467894
7202.557540773391,4382.431027796896
6104.009526651374,1111.5081916527947
7383.613213547425,47.592021527790294
6026.041116029773,3664.2678817845
2531.7564946375383,4727.706213217805
3613.8498901852336,6170.545049432472
7971.856685668194,9218.488257945804
8281.483476613406,3992.2716549399584
7615.421228872154,9492.698537348777
15.261209818251409,7850.946448653922
1821.5042192507947,7244.287326715537
3819.3400601252993,212.52717655741105
2481.5234354972727,4422.201794163253
2214.544972293747,8721.320945328052
6850.119687612278,9254.524106436686
1891.7176073253218,7837.227769283396
9741.532814105214,3031.7765384037266
561.4979367688621,4686.1163746106795
6354.265052147811,5295.828991355112
9362.363567702645,6763.214368472277
4055.886903182483,5104.840074225011
8462.00989927661,9921.39353007117
6056.383014171194,5312.329489550974
3645.1890495905427,2616.3106260750515
6906.627520406669,9416.641609495404
9746.188031700613,681.8480373734048
1033.177888734843,8927.726492407437
6916.233597317378,9440.9861891236
9548.683744440294,3904.421523956607
1325.6935552988148,7789.815480141111
184.12758065879052,4197.172739516469
3523.077633498254,8271.916782418763
2466.2029800572195,99.19463444851284
6119.376714846412,541.7455563895624
5040.890466823761,5373.300119683075
1531.2147242106632,4567.836207303012
544.407492013722,758.8719736585292
2731.1169796067425,3329.1041406838485
2412.905410931303,88.3756499726085
5397.375480282662,35.99467067878614
8094.596844213694,5924.070274646903
2051.7662114222235,7699.158210807929
8784.890815536939,7099.85685017719
914.1572835465839,4489.027870329971
3587.623979127468,652.9330251685061
3498.39192853582,5433.7681518922955
5785.538719420186,4320.013589274074
3552.853308819841,4092.03548519931
1256.4739038188234,7730.966916195848
3952.732741826985,4561.672165747843
5138.593806765265,1077.035910404589
566.9957583823393,6531.810840116088
3735.016800653377,5540.501834682864
5828.361982564206,1881.9197371916318
1201.072861029513,3899.030850003691
2347.6963540753513,5410.7926312120335
8018.286921096107,4399.158950518353
7150.847359597351,9930.934131902375
3890.378460454905,4071.3413121219533
8622.249432395969,2692.404241198352
1845.146930931346,1588.064972187091
9309.899694980051,3416.8302145085363
6051.565421820342,3609.6961766748336
4190.298269011803,1393.5036939480483
7011.447392244191,8086.243903818452
6571.3751003320585,2774.4176108472475
9860.081501927922,2815.8240037253436
5430.596392097868,4193.782699755258
7390.8727646324105,2007.5748003719484
2404.910808584818,1893.362997606276
4811.108288511302,6266.6039309878215
1005.8137395301669,9919.078931526057
3445.988109805113,3957.1055190923976
716.0589723974387,873.1488088492912
2910.9218970578345,7532.193145564
2631.905605301739,8962.913132808628
406.7913677131907,4499.040717952592
7018.56388096259,8247.460283851726
2811.994926629905,4563.738824334684
6317.643779132744,5196.854895120784
3109.956036766005,2934.95144486559
9502.043284162242,4780.2277747935495
8471.397539171852,9075.412824554474
3124.3667489120853,7833.274557178106
8499.624045955492,5267.936833277434
2818.514821519935,6990.038120857289
8569.085333632112,8816.315343398835
2965.174680844607,7639.108109827144
182.80410998847586,1805.7557903798493
5706.706381534122,8267.041490880018
7660.8670746,4617.274727026548
2146.2051669402804,6756.85758297404
5743.756063619222,9476.096266355697
2612.104906683408,9994.161459876097
4745.451297774197,859.9610368300803
2115.485432468458,2025.5499956775259
2334.2677880195674,7632.131826001991
7216.776010770517,9110.774788314386
6405.5113038610325,5339.086934488364
2894.097637711981,9955.509463681772
8649.44745907172,7871.609685675877
8277.228024482056,8349.955785007722
7460.403190934585,5071.835278923504
5905.445144917253,7089.528956780432
8590.164709014542,5452.655747753957
140.01891569211722,4764.690406697474
5443.984818987514,8427.191434169466
9723.891042929217,8314.726749979984
4016.3846957939563,2084.250675894189
8424.976978714101,440.47832386704846
9943.383842062036,8629.033699343912
5363.2799680159815,4635.389195299858
4269.75309593954,9539.442084238543
373.1767838566047,5161.514509148854
5996.451606989278,2308.8928485004712
374.37459760154667,7512.031322383258
8212.940544595756,3913.084618249355
8064.5434940588175,7514.0063380668935
1178.9609285023705,9142.516015775735
6780.651667797065,1000.2556630967896
4580.683046952257,8286.809186045464
6428.651660810771,7120.691122187487
6866.483960400368,54.58078830166691
7774.307742637311,2025.1527194378848
3849.1851247137056,4839.130235010288
4720.9937831054485,6006.655899390765
9135.717274040075,361.68695108224733
6551.231483240036,8153.447906800466
7741.380979160972,8535.513511225001
5585.302733915908,2044.4568727373126
4364.955729455312,4399.781169105923
4231.919489203242,6040.248322506053
4473.409356059703,9647.385322457902
6566.441316196746,4988.099864495928
4482.264488908997,5697.402295207015
9020.679251393949,1064.4572932285835
1194.6612527556933,7860.810662967226
4018.1340893177075,8402.295248703524
3863.5272261094256,5995.407843416147
4810.377177889278,1234.6317946172503
6002.336377377176,9794.749058517493
2450.8338507835324,8463.400761158387
2634.0319827164603,6539.119776190579
8205.850447253408,3745.828104016825
7802.02198425875,9407.189008935984
1267.6198290221962,9846.471564682493
1185.054120223711,7915.749909163354
4376.545577747509,7758.908848101187
1543.8573888604767,2030.358281465998
738.3992857782251,5032.120106696359
5438.220390676009,3762.13776228401
9562.587980996008,8728.076867063963
1225.8047720668285,5608.445583369269
5529.230516769496,3105.057401113517
2523.666545979649,3642.6170038281193
3719.2587494496456,7289.215205092005
7267.14108719442,9976.660755893108
6953.086989261988,9103.590326936654
2717.4361221131626,4760.569106693213
1084.8979250559833,7804.397554680775
7186.318327984675,7352.149791358018
9483.885501577195,7641.811633849358
2560.2337521383047,5940.817871584646
7694.045589713043,7875.192420198545
7760.631121297259,8909.44256692565
3375.32095253647,6985.372866363322
1382.4691236088615,1728.207784000979
3241.765311395025,7092.196118417574
7577.483100663887,5341.215773836495
8461.805120624173,2566.1871721753528
3445.8099888610527,3731.8036970293
8770.51852106663,2350.2135344104327
8952.175906752425,8931.624301399095
4388.966457980001,9283.570276910998
5079.81529620152,7013.166741417647
8478.935567082046,8003.707444801791
3677.478506172377,8270.275758789374
8516.324118237155,1246.1661098802967
7829.829191235038,5991.809265410575
3571.341142126414,8913.191732628753
3707.8370341672494,9181.369114326995
7121.541186380476,4147.2790368642845
459.9818147518342,3926.55277091464
7701.726189277767,9502.958040650517
6652.91169589093,7080.452208813766
6476.1510122941545,4451.607350508524
572.6806602611689,5844.528557033869
2600.528387036506,1919.1420159432803
6033.350147693981,4604.63864430315
3409.9637039629392,2194.0466643102163
8230.896009392354,1181.5274141698728
7660.172766906357,8326.69540369981
8930.040199993295,7616.517744023918
7171.225473241204,6751.090070233507
4444.239574070108,3983.4554408213376
2128.548022080673,8555.984879744965
1514.6809505783754,5578.522062412419
9958.395890886426,1614.665034740914
7031.721338806245,1825.6765382964345
9439.201347165523,7029.3991165097505
9613.244863124883,9716.937260449822
9522.334175823264,9093.183935973111
7020.377146987491,725.0021914079285
3941.887265113121,3761.280001241888
372.9689373038392,192.97640415366524
9204.279548745993,3244.935103759431
674.1794532159684,6719.058464922767
5170.565619953762,3279.287185978107
7722.26477956823,3709.9848020935233
4557.531179582805,4452.830252233202
859.0263071347559,7991.8408571695345
5712.554400220423,3719.6304625786115
780.6762573647841,7823.800622626875
5111.449146580099,3432.1876297409226
163.20999207728448,4196.509244064502
6139.695877402678,6800.429946303307
7285.376677675937,6414.623809231376
4894.512809124848,9804.612520427392
6838.800087826568,9433.904540054715
9732.494076730756,1961.7016448659053
2844.3478035766466,1827.7905110335557
3945.0983901952454,3477.710333141285
2910.6880396966185,7674.829595274893
6860.288166163511,935.3806425459377
5983.5371769794565,5164.436302812676
5670.825093726751,1563.6969084019624
7077.2245968101115,6783.403917670919
1579.0033776155742,1947.5769370417618
2882.237900919039,2108.269657924091
7847.522671461045,8394.899855170894
7259.005848641645,7582.140146967426
2326.343944806941,9474.219722854612
5294.413742680112,5925.8566365649585
2024.9588753680036,1266.8821626019655
9670.974993098647,9695.48752198462
4419.566527726203,7505.333457714299
2561.842235330489,6223.506390172271
5677.498178145059,7015.298820050474
1355.4512491576209,6712.368784115474
4222.88431036071,9983.883637928979
1043.949489305046,8063.371477617365
2093.6011428380853,5089.426851338637
2234.9203220652957,8941.527579256861
7729.869758418387,6910.973712214973
9254.916931247493,7545.66590919312
1264.6999565572291,4186.786292770269
7783.943061936357,7783.608499321228
8792.489832125622,1849.5756926641127
8047.535565810228,2266.385646213973
7326.454555597338,334.14535202552776
9737.267011628004,984.1345031659598
3876.7330795672174,1567.5546531649165
9129.131917316088,3929.9993128463107
6805.260391445572,7655.105323448015
5649.760386761379,871.2402606393499
8930.977464626934,254.3215455541592
7950.153498941884,965.9669391687797
2442.044826587627,557.4546920630207
1856.408246911918,4205.88545769621
9449.451445926989,2911.059459992881
3427.2643868296095,9057.770239006783
3219.1201097570456,7440.174953628765
4422.369775334281,9621.285941045264
7340.766153172315,9123.602518402578
1088.7289713397197,7121.7005103369
3039.701152217241,6543.523177782365
60.0468394701581,9512.574174655565
4062.373714946457,7169.878309811245
8533.202081823232,5986.041480710051
6083.171005200287,6708.238827938057
7886.751232393429,4749.233216146741
8400.368595897744,1387.7386793985002
5754.121812238122,6028.039858451948
7717.221487526435,9759.124024174604
6614.248972145339,188.0480162052889
5947.946068785961,1848.8299698391343
4428.795833817592,1546.5058170692091
3686.6760795983723,4693.4178888030465
6359.536964843407,3639.740052124848
4900.85680572322,9840.393990546614
7167.1509214620255,1080.9415538981038
32.07279563907761,7436.87531221422
6547.742058327978,6143.7431491013185
1203.2659019472003,2043.1426558165156
5032.928179710256,2636.930125532391
2619.4203218335456,2456.7394483737903
9568.476466113727,5002.278752907112
1450.3657291465076,1927.0477701107013
3820.728553493671,4907.191939174698
9933.914031947552,472.5908934959511
6409.050742387669,5036.511315369426
362.34631165375396,5804.556774471999
3865.99993690548,8160.6846019387995
898.0365567908921,5651.066050984385
7583.967361146745,7708.726726405894
6867.467532995744,5204.433408829644
7649.842487579945,6554.793449878081
7944.9101070957,6482.171576420387
3216.754569353051,5399.761019326959
3063.3749755040194,1235.1115996404317
7243.167162671924,8521.126957902341
4276.381508908451,8574.40306772734
5445.305689934261,2279.9194332328498
9966.421055552843,5174.863900951763
3511.4942114851024,7650.901121467221
8924.991148451145,6645.7233206166575
7042.156848283957,4129.722724172358
459.27293769469134,8621.17279202124
933.5216485254227,9749.64832532225
8139.191116787249,4976.209243494984
1345.56919122229,169.25027444905206
6925.522222956642,9606.328289904552
7623.826030874672,1875.057367884425
7651.101308750813,7137.756360364403
9078.04822797044,2846.480302743901
7842.241779854326,6358.768224220018
7694.773908390445,266.21769256392145
2161.657747719713,8599.818089288028
407.89238269900665,8653.056244450338
75.60519048559699,2790.103649309905
3796.3193146331078,6096.92340670768
3800.831388278496,8632.693268104502
3305.3142712873127,1367.4254122841678
6314.918844836988,8333.943039048558
5334.295183139506,2500.3770910863823
3574.692235962779,2553.3457450542905
1778.7699330401297,8667.135186211673
1168.824186025371,8149.298652373268
1045.5912572239522,5275.625414588232
6658.0132515882,4090.49333555122
9281.967281810827,1317.5897890326949
3672.1675181349347,3643.790456181444
7710.855375909752,447.2286949544546
4386.785367257921,9695.894650102613
74.28169421329844,822.436881639702
5717.115130246157,7378.230708814141
5607.524109718557,9393.206919246531
3587.9794726066316,1471.2768694017252
2281.7301167021233,4371.953160399261
6848.734414140728,9559.014000181603
7022.709227661711,7414.299610507058
1891.450825600125,586.3419813397663
1863.9754724217928,7750.431224207237
8754.0672460777,4615.931990867432
840.9901750364423,8430.366932494057
2802.682984768697,5978.160482789219
6699.871590203603,9556.533668989616
1761.5950370975786,1495.2986629366594
6851.1826449688,5828.84685853189
8794.294549392358,2745.6608875200504
2006.3629801639638,2802.1450788979787
5902.002603499414,3642.262266343702
9237.382953819375,7413.176684665947
6548.327141194363,6691.785919605579
9537.897332008932,224.86942233159834
267.72233163928405,9116.247954084167
8839.814376657734,2072.6302520671347
9662.713027483018,9859.893709199514
2640.676386413656,3100.7310009320845
5713.663670114404,6371.564574616302
5101.523282778314,5291.700441111956
1509.5822734461563,8240.084555498064
7239.698542194269,11.897772447806432
4025.5825431091785,607.070146785047
947.8835005557129,7492.210310124387
2923.8006486138934,1251.7074755998558
3339.6942250504057,9174.337490367408
6703.699777634653,6530.425827712962
6822.234334815524,9216.60156922294
4515.8256607745125,4486.842907645105
1653.0925537213614,1202.25473532238
6592.453751517992,3226.586904706452
6870.707196652127,7281.776308477368
3029.328796041093,13.496678049346178
2301.3618841508187,4942.092705178299
1018.2851206258625,6753.22209547553
5900.825360751098,9991.645358295704
4537.422234943069,5486.448936018399
4871.398630182112,3176.5242522431627
4092.483387594963,3375.180904406031
2804.4010811513663,9649.41990257443
2443.2083079169565,3130.8028733683236
4597.340149849943,4036.2863468436526
3260.3487349720826,5189.487714435536
9641.348477242382,1310.4161767490807
1687.6025541016459,892.8273710652624
2980.6462234258,583.228378463051
6594.984298221899,5823.17242397112
6028.320828489906,8325.63665886578
7899.072405029691,4680.189745589099
9873.765562563309,3663.00256409544
1542.0127351205658,4092.9575498321856
1993.164079573625,5383.518908354972
2137.4999654317617,7861.145918991903
5274.616866033486,1258.1080281242819
7499.042180131658,3038.191981360906
8344.013391127448,3538.721873736257
3443.8808847150326,7903.897732356746
3562.6135496571887,5384.7062148536
4872.489189990936,6077.998411762874
5596.11197660421,1408.3482825148176
6025.741269003265,6658.227828419196
564.4619056612066,1376.5759447300807
6384.475202666192,6277.815639517233
6608.852462843268,1044.663519940947
857.7129371167458,9232.532447784673
4317.81271156936,722.4262568714013
2327.9712115650686,5813.105054005482
5120.007616065259,7059.708791515941
7045.632306820282,882.7597065235649
6690.58814061447,7072.840688632061
8705.740285028323,4618.372322086143
2676.7780385886263,2428.9873765511707
5331.080641002426,1288.8712744577035
4172.8961515856945,3406.563034935469
9580.000544631475,4933.973524988281
1874.1348174945938,6344.613860044413
512.5961609131624,7903.964526759704
1816.7937437838355,4762.5470560607755
3257.6546927820827,9494.227518828828
2112.176831205872,2519.645681067504
2834.8323844064926,3666.176360100878
4076.051971113317,4722.641874436217
5839.270379998247,4303.0232292931305
2829.196141190281,3932.9995090838997
1090.887946456085,8343.963595332569
6526.013332394625,6367.640028595625
6150.806966549803,7104.568935643024
3425.2238054746877,6190.574420464954
927.8430488676881,4911.329925485823
507.22474671548554,9035.927103063192
9485.39172903601,1740.5737850481885
2726.8653972613897,1685.2430492020221
5307.790513589693,180.88338128393167
8313.408547995217,1357.3307712486494
3817.7033632078105,6943.159367191265
4816.359928557837,7699.931994057839
5025.211479912556,6153.746138872366
1175.7072174208172,9224.485199346052
6721.942803144634,8007.3873648865
5267.139374212897,5965.835905304252
7617.09677459088,9875.67856011873
6185.173230542601,373.25274542310274
385.46789966356965,9411.921453230352
2679.0545981575397,6876.6464469257035
7730.494418167617,4732.273189417804
3679.14108507032,5104.200441212724
7618.920024314069,6636.849104121343
8170.414863143016,8448.992031633283
601.7345832721687,4640.798248287995
7974.445417164485,2989.1268188713384
2825.0190451532444,3039.8095286072326
5589.800808728178,2472.587277686581
2934.6485204142837,5936.324715051358
7152.922078252965,5749.586925690284
8196.150600546462,6274.891329300837
8188.848802867274,6689.7196917985875
7871.897522327369,3773.2920651556246
2267.983120880468,8665.599415673389
4282.640513450996,9870.514298263279
4355.825921966796,2984.9567699286563
865.9665215515811,4381.954088538057
2915.0050923868607,153.07441392347076
9078.598567604848,2781.3912368556494
8856.536320121742,3902.9215483830226
5611.708811640002,8659.986695457814
2287.1494374714484,6276.35247398494
1753.9297896586713,1875.6009814559504
643.8407376383736,4320.403091392645
4568.660736081346,8555.99969884206
4860.331136307345,6496.807082093191
2817.9381953136717,1333.8131016850707
1442.887899837082,8229.867070690369
5819.504152948851,2189.600671847237
2872.084659730155,4088.531310584023
9830.651270726481,3108.268491555701
7939.458251205378,6912.4275498936795
4644.198155168586,5250.990978822886
8279.999075423053,1173.4206289028837
1598.6202962714658,8518.697000190903
9300.42782685363,2205.377495521874
6598.770145515487,8523.595295488749
863.806203130848,6806.126171971367
2369.0213089461577,6448.386754573318
9820.438494104015,3496.432724931775
1426.2693594800712,8507.247511757927
1177.1614135678522,259.90398784036637
5769.641918138316,5065.220263054894
8943.921548037806,8005.849991350883
6423.487242552875,996.5920276301576
4456.807420264014,2014.7384534903933
203.27709870838984,235.1509691431275
1174.0555982289002,3701.0735448177425
5698.620815942638,8743.026418743055
2953.1712042814297,9506.556248646866
4122.78761060179,7681.241919573055
8068.079499146665,2176.1910731088797
9555.086190250207,6967.892051691598
7866.834934407378,5099.751552290106
3037.4255957505316,3449.6832151566505
8574.20437614907,104.21426810536704
5885.034124331957,2876.1171000267527
597.0454510220758,3705.4437223052937
4177.139637749312,2131.9160034807196
4430.655136661655,3735.2069406737455
3787.471106753948,8278.105052018534
1092.4899113606668,5112.818004734634
8902.9629208647,614.9539687124417
9403.052328524367,8886.380466154911
8147.735128124669,2841.8033224233395
3613.1976111814292,3945.148004210044
673.6880458423356,1945.3444504232898
7243.31813280759,255.12202918656078
9920.0790386644,677.0811837636503
3579.1299830618195,8887.542207689521
9027.501264782319,7048.842333631047
1327.7890994968789,9904.49973614345
8373.196440477946,3118.7474975802343
7825.570258605429,9359.348723879957
1172.3456970445834,3128.7250092085874
2997.2422516324104,5335.645370186525
3838.881003594915,4036.8801486788075
3862.7160384656854,2653.6463065103644
7248.33322399815,7983.230136219412
3383.981667717283,6404.4484934747215
5348.980964776191,3917.1412001931803
1603.2264500837534,3146.6462747706005
2431.5481037357454,8974.33680027757
2443.7430489433023,2481.5581020079226
427.49955932618764,8175.22775670987
4911.849652805243,6362.379186971433
7953.245443192506,6418.914309823217
5359.229684110634,1766.9492695902943
6024.1386742539935,9784.224937566687
3574.149879979681,3845.93585856132
8343.369018550968,7966.424624780577
2469.182757658084,4461.921403149455
2459.541562145019,2107.833863281866
4593.573375329883,719.4037440053136
9204.97846085983,4987.692152903249
2325.409564274317,8471.142445108919
9381.594414769805,6174.649519607226
286.35329416005106,9115.311916339573
7748.894964787269,1118.1136332472652
1242.8094880014794,9293.796648343117
6365.999538607183,6970.839903662727
4708.295021159542,5010.156038191547
6762.647149608605,8553.812969815517
1148.2128619752575,6583.664151496612
8952.661731747527,4604.3490315883355
4028.40110193298,8297.960781613852
3432.3604331143974,1775.9598737732906
8704.340876240985,6910.523237205169
7082.765882993424,2144.213143657411
582.0287848820449,3123.7725778175927
1247.3548635704956,4234.8227149857385
2430.179980788276,6329.184499443286
4839.009328183983,3727.4955764244532
2366.978997929807,9774.683883365697
2619.7177869815037,315.88563033244424
8068.116559624413,4950.986551888936
9139.631936560398,5791.884144212139
5784.2281277021875,2157.232397296004
5602.0377536250035,4010.071064942594
9939.712786453114,9093.35495845554
145.24044508438695,7724.21388487132
6442.348030425676,6108.276326413883
7429.456894380731,8419.96536130128
7206.335112561325,7967.996274471422
3765.300030663441,2443.74764548949
9199.835725580147,5905.584368329148
3486.6864708839917,5383.684461971692
4991.726616314543,2467.4249562203477
179.93963006671555,8718.442209713832
4755.725101932286,3051.912970886438
7721.631511988609,1621.2687827511718
6046.974706035453,2674.0027341788154
7372.218450539698,3342.2553037716098
4163.103913572421,7563.365420223047
5781.968327721563,1109.601655023089
767.244218915859,4971.481399400122
2341.8294813042694,6807.857637803668
9419.674008041247,7880.827820644886
3821.8010186286324,7864.208512295211
1179.152062557619,1465.303008175477
1836.0588608932949,9653.297233607142
7577.420310829106,1045.0965828737003
537.0938694377259,3407.3759403095382
8648.82008722361,338.8872972115864
171.95847505582117,1382.3455771721572
4441.347194168416,6568.266596828261
2556.4715549016546,4018.1487546270155
7610.970815104302,6475.028876302878
6212.585144787248,6125.591220051891
606.7361377922398,950.1285848881902
7381.080309291049,201.5098478827837
6600.19842541829,4773.193272023451
2910.2774216164007,5543.118962352522
5119.255531025805,4229.522203333042
239.20847621028307,6619.738470734163
5024.993559071455,1571.0878302561293
6998.2118968661125,2222.350017367697
3581.640350746964,4547.750055708421
401.9567195582885,8368.074207887845
4749.57622092721,832.075673257624
2857.6946115415635,1800.7035722026433
3184.8734985923834,9236.104551583869
592.775897644503,1252.8651620924425
2836.842670350671,6091.168954560779
6387.507086156482,5328.312120546624
7419.319119387307,3341.1627414909185
3256.9529803407704,3011.00117518742
2551.6690895881843,4126.572556831491
5506.477275225942,8172.160522322252
9114.172160636952,6830.8009423454405
6378.909782981555,617.8450689830406
2278.6813209316592,1726.7952437586553
9651.279886873375,1317.5565025154035
9882.619955274546,9450.474483874594
5952.512475303478,2228.0460123483313
5157.1753254277955,1836.0076913879332
7983.290868648754,718.9479091641138
9120.999991907058,5535.600126874689
279.9028993546637,1217.3389350917207
5435.278034078129,3617.94510358043
568.1929533652475,9833.117084585003
4360.088644222643,8330.154958749526
7182.376845538228,2186.870420390724
9731.712331949899,9429.52879077684
614.0915928826752,6499.919960831102
1933.2578677712886,9281.141354232772
2354.26158318394,9806.969436821899
291.71667200756036,9600.739034958939
177.37337645081564,9690.828963814247
6898.497594591312,6798.702770890879
2463.7051310469437,1262.0893932149513
9450.587762107809,141.03296361753226
7531.285316606168,9315.689084859727
6419.5415410097885,5426.757110494753
7152.327962616595,287.25930258742926
8828.695578615125,9706.671027646358
257.6661559487181,3535.7912725344763
6446.744402952598,8213.868003567552
9553.575248096324,2574.145836065853
3213.758580252469,7951.214623674594
5503.986624792684,1989.9261874861395
1250.7332560048123,6142.282588745047
3440.3669479360788,5219.683565690995
8221.333107635293,2841.199998227242
1239.8674237824202,1979.896341282603
1386.810945393847,1058.5139103266972
309.0661984488208,5586.806440661303
8779.414039546784,712.396792951635
1350.4370562304503,1171.895238990075
9974.374849843876,6925.106203042543
7907.144057821121,3095.307283866888
4773.643749354246,7928.355732206831
9348.829321382154,8279.351287317668
817.7091577909257,5249.989080328358
3738.6665349029836,6956.291701410484
1974.0883679891508,9394.554209785745
8074.4661574811325,6213.088494476376
7338.921304492966,1613.0722431075417
7482.82375233779,8329.42448099809
3426.1359044478754,7573.194981332396
6171.889973554269,4473.087522700008
9235.99216261197,9355.848346977336
8421.877157143601,1761.7863673614643
7597.072755406756,7460.482144619219
4044.839282600153,4619.157155015841
3297.3125305801223,8495.33575602734
7206.547704498812,6161.82741965763
3333.8677837495643,6940.163048339611
3801.5778794979074,6053.75385542554
5860.889555252668,3174.6071668842155
1363.7390063634657,4647.547320580352
5185.511372639836,1866.559044886834
3604.5420950079365,2016.828342160999
9475.864332686313,4601.199125090726
9823.097379826933,5737.904922577262
3946.3653454514947,7293.948037882703
3630.6977106436766,786.6974394983861
8343.347144187337,1260.0148852545424
4677.431467819107,2007.78286818994
7396.027006257708,3115.925978736587
7355.918772285392,7883.363786952924
2564.170853831816,940.4897883387553
321.5886062280049,3663.6985072091343
7217.414701727486,989.8133353044147
9142.064833988175,5589.125666000298
1071.3311822449446,1363.7470931337637
7794.6117111848425,82.13244982264278
3808.8455434914113,3496.6595111661004
4675.187742914326,6494.044639012458
9056.322671374775,6312.520656766736
256.50320203157605,1070.0189135801852
9775.466075318363,170.1968859499725
2504.718657442001,4633.699762545844
9441.427312987114,2161.536005999305
7507.946915543616,7107.531859042198
1925.2614429640992,3101.1162387520885
297.01626438767835,6054.575231059609
5555.599818769174,3510.363274907633
9092.151570242744,1448.8037567778122
5815.191567853712,1443.206880263842
741.1020388505984,8537.821519722374
1871.157795506162,1472.015993058161
3451.64561574388,3955.5013514420048
451.52566827825314,2828.058504740608
3828.064634905448,7626.4743236785125
4466.20268435765,1665.1057921152458
3672.5667610167434,5302.785823122577
8470.81557914685,1202.4415700596392
1356.2347391716035,3260.2121304013253
2938.7292597873525,4245.52174853564
4151.428618391343,6836.937381873708
2442.8521815890704,6106.431330489639
1781.5103031323022,9584.312776133887
9260.417932551769,3807.5858569149377
1072.0688693720315,6304.566420282173
9548.967931980202,5160.950074974275
1163.7805021891302,600.6811308026394
8703.20759175649,4268.870165894665
9686.503433582377,5352.836071611391
2570.874748328783,225.46983370711592
5950.026275056451,3174.6991453840246
7024.426555829416,8454.72269520119
6233.1099213395655,1916.127894929891
1865.0018369729848,1372.8116084557485
8372.805520874066,674.1939786987127
3020.796591947258,2306.53887168364
9356.569188584941,2186.5163084183923
1936.4408890519524,9872.646242462175
2659.774234659088,3636.918674292919
4173.909948855018,8372.019797831512
6460.319035937077,3460.7107603255326
8521.735875023067,1636.7309016337938
5670.900847999169,2501.6192789454117
2930.059107857881,4469.718694173554
5459.488815245492,1743.5262731912737
9926.344038008896,5711.792655719303
8521.365875329311,7641.439105589365
7371.040690053621,1587.293887704251
6535.621649896731,3186.9549062956503
2967.433479610461,1143.4207870374114
9893.18282458337,5265.556110607269
2756.4435005185715,5840.200639999539
3653.967325100739,5295.734143107526
5300.426630343595,7787.191150022071
930.4902995356889,9294.635177276205
9251.012128550183,5742.363067540214
4386.169898553686,2365.0865645182294
1623.0161674076749,5745.390405471776
9212.196178847798,3522.537183871888
9292.18879588582,412.0350331273381
8414.390722527716,8263.645052567024
357.03240336739105,5339.07233148118
9525.421836892498,9330.35683659317
2222.9381266292257,1866.7792717609123
1745.8123587113273,550.205759240684
5222.566308728761,9605.47989859904
1375.2876139028392,3333.8272680411096
2658.422889389608,9847.608180421048
6581.934165828927,5294.629660151157
7389.45403157979,2217.4123343667598
7517.601747909246,8772.047826573835
7857.1441153371325,3116.56690026176
9472.22867033371,6710.100002885767
267.1137573120919,4041.130078093671
6212.663381771807,60.431180001904174
840.9293887171654,284.19954502519886
5987.353648322401,8307.64810911314
6989.933179265263,1883.9703941826047
1356.6781176266584,7408.522552510371
8988.251182762702,3165.4277584203937
3983.138886920523,691.7503553698623
7823.892407032928,9633.286070471784
4865.799016050656,4309.5999893468825
9017.907566486243,4150.598459717493
5620.602507837059,6879.437756758046
8020.274690736163,1982.0405472786706
3659.2223935702227,2620.792177801449
790.7988285624823,3029.662238175469
194.57046402740707,6997.030381745349
9946.007058704809,8236.760768068105
6505.910741359562,9364.685875509864
2004.6463405291804,8490.507618653115
4667.478828605283,6226.277753729394
6825.259832500335,997.1395804812821
3669.6853436576703,2736.322416434952
2900.7616201030305,4864.678237770285
7095.461022845554,6754.947967245146
706.253991275182,3315.3811971445857
8213.845646894284,2070.8845764165694
1632.0532489197626,3226.8796961084913
2185.888093069036,276.1673102773676
7481.469386853975,679.6588130047354
1076.2756255324125,2025.8588170913383
4160.952672019963,3592.338507588094
6862.310610562636,3158.0482527251297
7600.8752496900315,4300.900571831187
5525.938524071939,7019.214180338532
3428.0888933677365,2550.3429015504776
5275.888870747156,8995.461224713794
3909.8761859842157,3201.0842428369933
7401.293318430353,1549.176925310155
575.3771818130471,771.7307537013318
1986.1738006877526,2154.5838924599557
3687.5519089639365,2947.203761011299
9499.337512105842,1550.0347518630088
9239.475312866047,3731.284653987754
120.38672273988138,8467.76848095447
6119.358624049852,9705.869516879813
5617.560282406005,9849.58797648574
5590.614885811004,1856.293991682254
3500.3209027694847,8580.771859391029
7541.70478913393,2935.0242102836687
7111.4882180094955,3969.8151956666884
1349.2944202794465,6292.271937952002
7889.962808465411,8194.006174405935
2770.7944790011043,4083.517358756349
176.67183881529658,2674.5581945489407
8633.198534753206,8900.5289828735
6379.554326136814,3087.9490406715936
9425.049687200548,8542.58013483051
6246.830471823286,5524.285683719169
2874.154230975534,2433.7104315933257
3266.8215484292386,6238.903636463724
3874.5296200306802,2316.724668814191
5298.976897395729,3034.393139246764
1149.784691838235,8870.551999346451
3932.3404706339593,1614.7130504476459
7802.778834034602,6119.823705736925
8495.594613493335,2397.2806718880834
4627.972891300725,6098.986284564298
1668.3996817810587,2945.8441574240237
6132.311519535098,5435.2850187396125
5396.461594390863,8182.869836276393
4960.606466861236,2586.7004051248887
463.22034686303357,8123.650437896263
1486.989896625538,4477.8082355812
3948.1545700206966,7983.903419479965
5691.017727889976,7192.533963840303
44.246254363327076,695.9191911512696
4872.853133917106,3530.390398370754
6610.090964717739,49.05157066068866
4310.835861910906,47.262998645833946
675.0152567522449,4229.968094427468
855.6578821647543,5386.311312137843
8890.642448367435,6355.432882441584
1252.9406616393812,9969.013646357023
722.5548032122198,4219.7996537282625
3181.9663175511737,4660.159018367277
6527.824493139299,9340.681694857996
6408.545492122755,5108.74323791341
4427.151980448717,4081.465131352343
7896.246823292108,3353.596620863659
3131.6201444639755,8845.972856217191
9950.730810638905,2732.2234706495287
7543.290660248911,5835.98774359248
7569.863590250347,6926.309261040799
1475.459857131798,5544.494329332472
2999.4834317995687,6085.709567239085
5665.2780482847165,6236.876025163341
9047.73509401148,2275.1888054805167
6131.438827319552,9058.9635565317
8691.663554103421,1063.7530303744181
6831.811961972544,8592.334004623131
8440.867343049127,3696.176472226399
8959.971983934794,7265.481480366754
6659.404834228767,7187.426993571863
6155.130752087558,7603.438361418914
7293.016804295892,2771.235271285144
5942.794191104399,841.4915995345929
8426.106158509496,393.3359989743701
3408.896557242617,5454.302364086629
1321.8256293884756,714.2094959478773
2634.1641587345866,5345.470280067805
2204.3904031270913,2683.46836880475
7932.368008847521,1927.1697270784794
2968.4820286951663,7058.885661678785
2243.454289038008,8100.97553016573
359.73600228187183,6235.347959428766
8911.638157041178,3530.9911261044713
6058.888919793208,3685.4199585329693
2466.1225761625383,9776.93401968842
2208.622283589847,9440.734581548417
7756.171934484037,5347.9510684501965
985.7995302636868,1940.8081479142547
2209.2896952839537,9669.951074225253
8728.43509299395,3499.640142447137
1744.6984731647663,3081.6335380143346
2601.8603536261444,513.091044217614
6279.880065863826,9846.694535458717
3386.4219344669787,8851.17019674433
2782.5998704826693,3380.414013356716
1570.4657550707468,7403.517382775378
6897.773660174366,2986.126024700675
3161.0434925143595,2368.556318805879
9329.457823062694,6960.886425307593
7344.2284149907355,5140.169762929045
9631.733954753689,1074.0363770387985
9516.465900012732,7695.819429049975
2855.3158570966675,7247.286482665414
2182.607451376242,2014.915554263038
4374.988150661882,3224.3750038783237
3451.228851101924,7529.231647912437
9168.036173260949,9797.78910719597
4203.26962950558,734.9334918873996
5674.210407220004,7483.36352687149
3021.792862584306,2873.2631583237667
5203.348431458504,9975.4439586899
4754.016804220069,6300.4132781061
6769.3688853782805,5273.805644004817
910.0196672701766,3344.2835115839707
9305.693590801995,9512.407099157826
7193.636529466709,1721.5201494375044
1440.3657440715124,4221.242225611482
1671.9485223005881,1021.18680024883
9794.51544060694,3902.812605788899
225.86301547328992,3774.799065984833
1105.9479036736352,3963.3439595402674
7452.607157427653,120.45290139189314
6988.391401912907,2990.0256708290117
7856.367530927612,3368.143182264256
9825.221785228912,9429.52829564072
8336.130034098724,6623.051414469212
6789.574664756498,7373.80498193857
564.6773837050933,1430.4949037808578
1626.5133530232067,402.0512879560167
5557.662856178843,7378.7688734270605
9582.950416604554,7090.0012872495445
5159.041543427324,7175.962191214571
212.372473666812,521.4365174987423
3667.1803556906634,7926.127940906979
5022.892703002079,3779.8685016113086
7305.093823078021,6174.628797340253
3361.4529070626977,7345.723054754011
1203.0996290609742,9747.388224047838
3514.8488354098863,7792.336716434931
3119.1277517274407,764.1614591828527
5709.456261294059,8953.892148825465
5518.645029985946,3682.8059667167645
8799.994721284655,1126.115145712312
7934.902125164347,7965.279582122603
3907.5548569137763,4768.493503573174
2272.746815521397,5585.332987614647
7147.241024726087,8657.662817528653
4259.830104374101,9328.582017151144
143.37569566484575,19.12041752977767
5180.076036809883,6675.9539866391915
5144.470480295684,4553.219556263799
4272.478971207846,5741.8877565279345
8893.448209519185,8783.070255388573
9275.011562328105,3432.909386875019
6220.387067517402,3471.097283162833
1864.1197286779732,1947.5385933314105
58.77040414730583,7674.700167620657
4975.927670235424,9334.00755246273
5013.751808527478,8310.167698875219
4642.462494753819,252.41495126588686
9123.172950721551,6570.87317971609
8286.013749115073,8426.254102626992
1899.5964316580805,4890.273689812853
5282.965876061997,236.43412832255683
9920.330200024007,5666.017545731708
7783.8075654303775,3099.0852543872925
6019.737297487793,2858.1611042916466
9457.848772280528,5470.910168750859
5014.383763620108,3389.0289566775778
3192.1405351083963,9150.202056297858
8134.050758593196,8692.135126339157
8829.213697135105,5162.687287584201
3132.0608543206017,10.329884532904732
1985.1677270278112,7883.0934603338455
1872.9162865472804,9710.745996836302
8198.46969257674,7275.469838218858
551.9410969728566,5851.557758766184
6247.583988847489,5598.903948744951
4735.091672880507,4716.723276186165
9351.262324433268,6427.62493036996
3102.840994950802,1956.5488537418253
6215.221427633426,4763.005748117926
3339.0228126146803,5822.95084267631
8689.847263517491,2948.882120903823
8055.6640806748965,4746.456402020546
1258.9682167585404,5535.918673537457
272.25262698605036,5179.371241946489
8541.897720792143,7046.150240505622
5006.88491728644,3806.2847717466284
7541.709870197456,6098.909784107606
8440.902285804556,5098.246893946086
7981.939942057542,1930.7306577459083
4989.205752552451,6254.023554136993
8922.495729539669,4844.902625503282
1205.4267282377518,9519.042810930014
3221.88185232395,7130.756544129493
3628.095916739358,5478.95773013128
1011.0107429831827,839.240629269059
7670.294654549629,7440.744272296222
6057.289373295846,883.7839037193818
7978.201269345027,4213.077386387212
6023.409164654485,8831.899232672475
5765.8509650505985,3403.6344593883473
9971.972094941291,2234.5564562917743
3071.0081518836705,4101.4988816478635
1729.2174352213085,7028.914551843787
4570.233703293861,1496.5405374322693
255.50447971419032,8482.616208113877
2795.5061809365466,5282.454484657038
5250.075295023441,5451.638292303215
4973.579600255564,1129.7982853318122
8766.096046076967,3530.81085989271
9463.11546090507,9837.42067788594
3647.3412685541607,1131.1071789165471
7048.7675667622325,9693.023042341778
6163.839230361049,3897.6612616058737
8129.268503352869,9716.111221662968
5134.610203859589,6578.707355750473
2035.5341560008533,81.1370603485384
6194.986073702799,9492.559735199073
1002.9601839284808,6729.752424392793
9309.893111041507,3671.921641029624
3588.8831952528053,1550.502084955131
7417.879736397478,2119.5483837313277
5156.0329364131685,6093.8967277476995
90.09047605755049,1379.2106008999306
4348.529737505625,1306.0328053276548
8713.456817980343,4695.073684621267
977.7500142792805,9740.60572595248
4999.285477820252,9829.03826925405
7296.864471217536,9080.568530274493
9637.84537054709,5941.853912148899
1277.9327488593817,8571.137710158027
2477.667469236301,9185.579429863797
7481.000264586277,8687.175808054539
3928.113696887768,4579.233258513276
3962.318765948336,628.7947245052617
414.5297938168835,7052.0580750734625
8341.565980780673,2833.5232859353664
1552.009915727044,4470.745899673505
97.6043078581057,5956.94375490881
4188.175507098959,1132.2531264953839
6189.701277117089,122.04749452525144
4381.136324416138,3461.0318235017544
2413.9210478365726,274.6850129206424
527.1246900341886,9760.998283244646
4281.370017710257,8297.579678029979
2160.276676249312,2467.123108892765
2367.1875546711194,4053.0488563215617
324.30280445859273,7129.513615193257
3720.3620519289993,8981.141297401233
9398.308871406736,3771.0047514643506
7614.356012628281,209.99813644220322
4214.663952997824,1953.1180610472131
7802.659509922961,9310.394270269688
2105.2533493458914,6817.262174314627
7777.359035619409,6274.760762270131
2048.6538798445763,1547.7101328806286
9219.515206752349,9971.449552470707
8308.013258025478,5894.3555728332285
3820.8323811806977,2215.540478148764
3178.479850005842,3823.1652200043964
2661.5385754689282,4667.728255896327
9447.5991729389,4419.848513383901
6112.400348778568,9166.276776750345
3355.5344639496375,3674.1865882315906
6957.822317974291,6818.783746512149
1542.2146162741956,8824.933918324705
5548.2262753071145,8545.31788817358
580.5158072389715,2174.466801486199
9522.774169828388,8691.965332562537
1304.842104756474,300.90598211513054
2362.0897486787385,6646.067676779018
2788.124220522199,5072.984148506602
645.5608635822774,7624.053827580896
6332.062166296348,4824.61429009719
9218.352311662484,7100.515566356901
582.7343331627333,8898.749080146707
1351.7470069277304,146.20108049370307
5734.867788880205,9083.744821279979
2263.0910372553103,1038.9228038050858
9964.982551308649,3630.298655758291
7163.40490095049,8783.078685728367
1194.7173721491433,9807.783249140733
5316.906371486479,611.5994736164598
6833.99431339717,6044.9104042857925
2649.1745506277907,1238.5424423276447
3080.5023424939614,4433.942710287132
8738.52938940664,510.55930850128385
5002.498169688044,260.12368998177715
7063.134385013369,5382.327735013579
1147.4798767962945,3174.336258391377
5192.617330716651,8593.758109689801
4568.927709844633,9407.224586855018
2527.12052650785,1873.398447420802
6152.137934082783,9763.126432671546
4499.503190911608,946.0912589798876
7197.853659463758,560.7267262003912
1461.0151600791332,3770.4477972824934
8986.387520414695,9915.216576352794
2040.3726083860852,7535.307808967398
3364.058870159784,790.5181312061015
8035.322657588746,3648.55826839924
5557.213584499425,723.4928567890786
1109.2262014968546,2973.0237263216495
5620.71981833042,6776.055096028951
9118.589877404549,8551.686448898292
4700.611305553062,9484.982355968517
3277.8053921624028,9993.005274695865
8884.20058460132,2566.251219016962
7636.09381806714,2983.1041996576178
512.216003729441,2103.522424808143
5584.502057242069,4475.254893130372
8307.697443954483,1579.1916503413195
5088.690291158704,8670.147050322455
6665.604024637605,6159.777061644361
8208.5471261863,7892.588737257551
3931.2846007927337,6226.463548935547
8662.149531662708,360.39565708004153
1042.3503830904112,4151.821008206067
6298.479407820878,8958.349173679231
9565.315072545285,8442.216786369445
5604.094697922316,125.4965979183631
1927.011466789389,2243.779457118622
363.9644968345346,3172.900078931492
7917.443094642305,7629.032327853291
4837.907332261893,3290.807609305194
212.25734378590766,7623.894938641442
6813.874141956944,2302.3060436799224
5582.192053196545,1754.6080918269536
9450.629258333829,8617.581387814576
4261.173309982601,2952.697430039315
5724.122607231146,5284.027341481719
2323.166563430078,5853.388542475116
731.4524551453283,7822.862116612013
6759.269942402702,2874.0407816582647
1250.8185378365445,5565.571478161818
6880.314428730539,3831.350031225298
1483.5159723550262,6690.214633563104
9672.141946292828,4227.945374474746
7715.259253982049,9714.774307052056
5510.953923235453,9877.780479079
7257.1979107351335,2405.601930075533
1234.6730124399119,9230.290788620903
9629.791655707144,3220.4246481198484
7446.357913897625,7798.561833717281
9474.646051279446,6105.375954107737
9180.337689286098,2515.6002009551794
5270.696412630768,1616.4132158906464
790.6306618410042,6432.66246587307
7925.402224626763,4513.431356967864
813.4157970066148,6790.1298125517615
9248.225162892313,2628.8929357412903
5093.417258303256,4179.484904701867
5030.953224887403,9992.902475278523
4277.795695165836,6422.798626041997
1851.0811548660345,5448.6094332924495
7780.852022384929,1765.7198678130958
7666.374426362689,6594.325117069142
4914.091463986591,7340.486768804456
2120.053413210202,1665.0617789903176
8627.470352195709,3803.387019907688
4931.182499014387,3586.9912339652656
7819.284671702719,378.03722198141986
5537.175456509397,9333.629700562293
4949.516813289383,4897.61853332106
3761.884196658489,2333.9067046662008
7331.044922641449,303.58675761087414
6506.228610486602,7882.559101744574
262.05576108488174,9538.419990674007
9738.16002494717,304.6568726163446
3392.2615727769044,5823.585975262058
7006.974525816856,4261.790403600751
9357.411014617992,8881.857195168524
1425.1414662743389,8351.928240236348
4403.8830313776925,205.99391928340037
7252.9594861055775,1157.4271646051936
1798.5156318481831,1832.0070379190556
2153.629670983088,6034.567668390995
2188.2360880527485,3309.3619894992867
2639.69826807412,9728.668791567443
1456.4343882263597,8854.256562163291
5074.020013258971,1436.3166789662507
7807.2390691445435,4869.115333574021
6157.8265675922985,6169.427449615133
8925.701274585392,8244.06644087283
6333.021496662218,7530.866680257527
7847.944020276083,2298.840323411212
7540.18049942346,7467.351743149766
1656.803471557955,3853.1103276411495
8601.645930028842,4290.297399332913
5097.106946756369,907.3873277926692
9378.350099741503,2592.900286587236
665.184032342303,3443.2319909635457
1033.9687378033345,3084.9030479790185
8314.78598131208,8224.823137935016
656.3238587215648,158.02809146178043
1110.1405780428374,6004.504516264884
9178.23405524551,787.443022796761
8024.872583892243,7641.635534031063
6343.770067217387,9633.167672579268
4793.039158366154,8790.999724579724
1601.1939472990323,8242.809481087066
2066.6368752573585,6561.3937152734425
1031.145039674659,6813.973294976303
3163.3405654937296,2104.7409740978783
6966.6438089777375,7680.332709181585
9324.34766475209,5609.004283593406
9081.130348494384,2536.8295244113547
2256.836187356811,5586.351435213562
4935.3801963874885,6028.605708534105
6529.678581467727,8528.714829565453
1308.6903841435703,3952.7874546247076
2338.9418248577954,9291.802706734514
106.89837525972412,1532.4655654575593
1654.2133731945673,425.78896615277364
4554.207191867619,8344.221557220651
8309.81174902431,5777.685817214116
4117.633803374008,9801.02175783611
9363.940590551025,697.1638823930981
5215.205587111041,9009.023039819389
7341.950757036611,8251.248886220646
5887.169698010753,4899.305425368187
2002.2721672757204,7996.479470919866
3197.997285709413,8090.574265424421
8042.68798280819,3660.180736375731
1662.1068962992058,8521.88340368866
7415.650371951368,411.694799400375
9369.217020481612,9250.722546745497
3095.832347493389,3589.8082560209864
5843.387635278765,9129.537889293484
3250.077073948967,6790.477611706319
8423.611766817266,8713.35768088676
8133.148427513617,9449.118704578257
379.29710043954844,7489.787586407856
8215.524217830232,9538.970838409228
2503.5710476506033,4862.053669517827
6837.398044999425,1006.0080267606819
9366.387460933467,6677.526296737438
2147.8612372647253,7518.232058390353
4451.793506919324,5272.60271874799
3397.162625351823,4344.578829393953
3412.4221172945668,478.5455397264049
2575.990047061484,5778.155542980635
6025.146229004215,4141.3304260395635
9027.122041058044,4308.828081008038
1649.2347458018376,1020.113835741786
6429.0152452801585,4995.038389303
5931.0685692613015,4201.349323305024
251.35606873909921,3936.215905341197
4358.499106334129,3604.681028867768
932.4719431038553,7091.149093497963
4602.755152061767,2312.007729201815
2034.6710690673287,8463.734373637293
9256.742494579465,6007.779070767828
902.7671286830208,3768.6627966934925
8087.771586086885,297.2851885640926
2554.247035130285,2300.203718304151
9915.93908236111,3854.5462673690554
3437.086937466076,8917.856454366156
5820.312565860293,7946.430454916401
9749.28167785948,1994.8700402016073
2901.8351748060954,8041.0237600831715
207.33596126983667,8290.584125482359
5756.623817215606,1519.8487186538168
5518.501551122472,2896.5688376086173
7639.933610995059,2048.895357414251
475.61826631561723,9022.747389924998
5774.760219210319,7836.5226326404845
1116.152776862308,9667.36716717581
6530.189644295068,5569.085384606014
228.64120355895358,180.45781940105866
8575.75714904214,9677.16110054409
8898.397489079962,1005.03851804851
637.8457552271655,9412.126716153152
1075.572455589856,8744.773474297712
2313.2011528034345,9455.753471523873
3427.820361643542,5468.258101786104
8965.298302197236,3635.9605118908576
1526.199044167843,5390.229000183477
6582.065186590652,7698.720746847536
3411.8403302050383,7897.324054051513
378.1370114100091,1811.1242844472797
1862.3224439361052,8415.23075802397
6382.0916012863845,1320.6981618054813
7327.388666157457,4917.816780364087
166.7236720998977,8729.416547841434
558.9874395471595,4367.320957950592
4719.737841088261,2672.6030943210867
1467.222636045572,2662.193809935253
4117.620007814987,7748.237311094279
9476.771818479789,2460.5817517521746
3514.7868582679944,242.118643103576
5393.176282280271,5953.573971434951
8914.650754207674,4293.463696605114
6974.010461566416,5949.128104702113
6634.00679838559,4809.435503768488
2931.4460448896953,5913.693879418619
4630.968806624826,9013.916164072078
5946.386602601741,6174.985506174797
9957.99466641125,7555.161482705301
5431.772362291731,3031.231748184583
4802.670289662836,6093.041451435946
5580.931083168586,4929.92070054021
5673.074027571795,532.8099953400656
7865.702916236222,8650.594519219276
5360.828209609541,8092.0100565320845
2794.283058084196,5468.372374909085
9053.342192101933,7843.745249904766
2627.0000015681007,7446.572699519238
8560.045800874992,8267.969240812394
2207.077512790493,2048.930590958883
9701.01048675025,2694.326109963697
1902.816512491755,1032.8241078932288
362.28676676374084,7865.2209509745035
5175.670172371763,5376.8843868119875
4358.340687451296,8420.81187683863
4472.432095128801,5479.058184867569
6806.011317923419,969.3588782858653
802.0406220941289,6894.801237812865
4468.4545545647425,7401.9040805755685
8530.78010753224,4967.682281244637
9186.618749040743,2213.024099839833
1.576174871206204,6814.607232951426
1345.3918599706572,9527.934944745859
1633.032124437872,2481.4869751425426
1028.1826876625155,5671.443876478669
8746.1958390826,8145.896167619987
6931.112048640703,5539.818918285729
3825.3461203300576,4080.8977453727434
6675.340421534779,4380.661861109284
8853.637479913386,9551.698748795034
3237.934615768384,9055.766940647762
2528.62405235036,8589.750343564276
8108.6482739092735,548.8561731324837
3982.2707372454415,9649.002309770327
2346.5840515542523,6539.582938880367
9701.82396608436,5756.652996825907
7118.48273997217,4432.330207335163
972.7364634167978,9489.225791022363
5498.054820376928,2037.8017136528492
1107.6667964892229,277.13426513732543
9595.744712796373,627.3482765291972
1688.4650055099848,616.3195750531547
284.08528554581534,5019.7626718133915
2244.299252409597,7592.858003647145
667.7241094895347,582.5737355464045
3283.961910329207,7802.049952540146
2928.248550575058,129.08219110489227
5758.724550786658,9429.01477873044
8264.07873882274,833.1940065379117
8610.942046605436,6443.303339798589
7517.24975266575,6283.179233108404
4456.6686292532295,3030.782213410064
6119.201965903917,2364.0622792518207
1253.0314760423223,2440.581964796573
5786.200168716695,9948.489331076213
2867.782284253102,7111.303447682642
6953.809786301226,2931.6501682410967
845.4605653906733,5792.975086771182
3150.332522574162,8945.794951918973
3973.5986530842524,9929.725075482867
6824.68659468158,1654.802032034508
874.120251869589,73.29069935857358
9117.507450782088,932.9870992389333
5646.714407276776,7644.414832814746
6153.581285835909,8694.846794205969
4981.903950601725,7826.604013090616
5796.4998387932455,8140.340156428078
9846.070627459801,4435.582426199603
4989.459101026599,2247.4850432817984
4464.16933037138,6105.9763525862245
4876.7472090726305,7736.571620056979
8745.508863358713,7939.387639084738
457.8129489031013,2758.838457147138
3987.9449986517902,9815.435655776142
2560.767759624538,2445.5904204933445
4141.955069619682,5749.503546713601
1670.4068843488208,317.02820993209536
5664.944404002935,9176.721806901547
1217.9596949171112,3889.960198680528
2217.5043599212618,2859.217910280064
7680.306008927456,3532.0012454866887
8117.835549925031,429.23727255721354
7482.543168011001,5348.534557746108
3087.644878466983,3455.5092555877286
3798.9470056621067,206.44320488894752
3523.3585062797333,5058.650564504801
3756.1365766699705,2270.7922905946775
5529.5956736231565,4718.81853105292
8376.704220557069,6126.868567689937
8100.837650057968,2977.4515264656843
9217.379214114708,5028.394897076158
7846.218754668877,8986.66772066375
3872.7204327280774,3521.56130886398
8111.213877188509,6166.565814739518
5655.761790049532,1383.7284797306747
7677.30554007824,3442.202571778592
7157.525678358091,9241.883535649868
8782.05720209146,7834.3817205228315
2565.448789614435,9535.821002722238
5155.409563825494,9185.62620671492
5314.604372862902,6347.513363041882
1865.5166175638137,3137.769422518426
2867.353628513338,4947.466323251772
1751.0709248695011,4060.23620439364
6261.511786720421,5131.0378307841775
5551.442237136433,1829.4349509550311
6050.589118786103,8577.552753317545
1327.0637604450308,461.8759997291255
4965.550824692443,9637.903874465945
3106.0219175292605,4432.177605947467
480.58526872533645,6694.841324060509
4767.534929688929,8638.019542347849
5573.254310772082,6096.565537115619
3292.7944347455127,9158.349846176212
4783.049008887889,3539.931372166094
2891.4027413435138,3710.4903440110793
7361.566228245335,6311.461199482601
983.7147279380943,5150.41519134197
8396.145847029424,799.0890600910228
8919.018259875258,934.1192868927361
9226.037002812262,1685.6827624414905
7365.914731107759,3847.152869632182
1278.6043268747926,2657.134600955212
2593.698728948637,3101.6458050834494
8330.598457851878,6329.24734404905
6680.98860220464,205.26267224097228
448.6127352609715,5698.514225180425
5857.74597048268,4829.702883104075
6770.539388057538,4641.455945648549
6354.518229993653,243.25784159750063
9396.53003073876,1515.268897030907
4021.5709354182595,8348.290953752088
5945.463639880955,9077.975618248483
5802.435056977523,3108.1778101207237
26.903955013897196,8961.596027806725
1625.244474703682,5182.707726218045
2691.5773193013483,1777.1989994140135
1701.4045838729962,3544.123860152396
6204.716215067988,4371.248850578979
788.687619304168,4830.779391707513
9119.037998271588,2454.9125350914046
6444.044152520426,9563.99438241545
8792.726592961822,7936.86412893654
6106.5960261813725,6503.8633285118785
6797.996325072651,8884.961349094187
3999.5388036346526,7406.489833267216
3015.3676025835584,5578.784511473913
5687.470445122771,8763.533301877476
3737.2973224790276,8477.145562941192
9814.456876857737,2082.3811826083816
6202.40034987444,8637.717498691027
4547.410503351857,6963.201287870633
6275.514074128275,3623.49690754885
8085.122874677405,5700.869573018257
1693.7501834439827,1389.831761841036
3520.473831279607,8065.410211635708
7453.52432705336,6545.321858999983
7245.364366463067,5420.534109155115
5684.397511369331,6261.1701607995265
3559.520175840107,4133.556073256568
1864.9887735842974,87.97066945925746
9774.917230814635,6107.486001826663
8895.366834962324,7676.843041287536
7871.773658998173,4105.6187946614355
8424.019922740885,1384.9182043671294
4255.929593648379,4850.030471105236
26.663951838031828,3863.680354201987
862.8492884526606,932.6623769497999
8560.5778718764,9218.227903513161
7295.191267733938,6525.314094301457
2067.0467027193163,8466.417393920206
7090.304264457083,6841.119165652625
3668.336920993137,4627.6590173591685
2101.7944325013495,50.26375386352977
5461.29431466524,1784.7545102274164
9781.701017043863,4619.508906885977
8522.653661220993,3785.7259116607333
1631.5549194211642,6771.305860464108
1285.0406370379342,5760.895098777877
9483.07263338799,6399.070261470621
8371.74340095592,5443.680547966101
5477.0131830235505,9279.240005916108
1466.6482001966385,897.0029589336426
7808.865858723042,7560.97865158332
4469.918811314065,7508.688418095007
5117.337747418632,8050.170752833835
9299.85504516318,3319.144845126646
8108.74338971637,969.8743446627944
2696.731126713847,6494.132740374784
197.06532728364755,9693.112532925094
9440.234828164894,2890.4527405658887
8822.60305268263,1425.1446306429782
5427.286814482855,9180.195916068182
4961.889114057244,9367.790628629611
9029.764673036392,784.4643228623094
6122.167756484178,6544.580017861648
9610.517305891806,92.25381146755862
4389.632258678325,9746.53586926353
5066.9091698403845,4034.0089347792464
9647.895920360006,2221.267577951028
6245.682376275921,5987.811380065628
4185.789408648451,6492.508505260197
1835.5420282793423,6800.671632205457
3168.306938128482,205.50402024682944
5731.753032757426,2924.3415368969995
2483.5163191781076,3055.037960886867
9750.693045546508,3035.576514372156
661.8952752523277,2520.583330284977
1893.4631712221872,8397.487513091153
7758.452766892334,3443.3732269228235
9431.021238198451,193.73424073263922
6645.862456312324,331.8932103325478
1022.2377718680132,9447.505579132248
5153.890756230574,322.7615071857537
6934.8432194570605,5868.811395492426
7562.846615534009,3244.819816921967
5226.553041555046,5602.258270557378
8817.42865619166,5047.067881567869
851.837102460361,6003.898372169215
3544.3895859947293,148.7362495489175
8745.35223651286,4165.076399120041
4347.3806652441035,5674.819958002211
7159.941244781112,6736.408259142231
7636.766475826916,6498.829451224664
2689.512473148646,1975.4231044391825
9639.898746835412,9414.993081477714
7001.460644434408,1615.4659245736102
2084.234010578945,9021.971167102487
6308.446274427012,1895.892895859863
8998.973487461208,787.5260518441618
11.770214100089715,3465.913614257593
7032.28040253623,6068.507151919976
8226.322429789003,6316.234852510674
7723.358284061665,9499.677138758849
2501.7895375777453,8726.203630182812
3766.7870230550293,9172.299203599861
995.8391266685396,5443.147715854546
8885.600173737552,1378.6791475542514
5417.549287548865,5220.197535454384
1963.4699368945562,7965.0590071419365
2412.8576944468105,2017.2779254567963
4616.416262580267,3380.6760647227084
2749.494053134085,9902.956563262502
7601.428027933242,6131.764908973798
1003.5011830684559,9222.88734954801
342.82877987741654,3648.223675961755
3421.9881683718645,8175.721106325552
2101.8346754500626,865.1931076151565
787.2209866321067,5606.237849643619
21.225905813713197,1054.0505634337705
4787.071156514764,3945.7594482865375
4782.329714035338,7244.30528224972
8619.506253625475,3753.4477709598214
8946.776623909298,1215.1297418181794
6159.73210978085,2440.6007645079244
1222.1008280496271,1827.4593845896736
9248.667702232297,9285.592368132715
4542.925382361747,7997.763939452696
5514.884861345239,2831.153323549277
844.9665017312236,8792.439904291377
6278.9117172568795,8380.082782386433
9301.183254391095,3397.3692053445557
8059.563475896757,6888.5327343962135
4029.751580736495,2447.94861735672
6901.867421885222,4502.981779185266
1416.1690750202038,6394.067297895606
9411.722805373029,9963.238488953464
9269.545672625902,5408.361253959867
4656.457739981831,1359.2521062989927
2648.4973666820024,8597.724677162472
2051.4168825665047,529.6787131360292
1828.085027054268,5394.200950568995
1780.1799102885795,7324.273222584085
3087.746027915783,5244.085952762606
7974.472073943656,403.73418716002305
109.58270350142851,3107.7955028637816
7038.958738648989,787.3811504469563
8182.754609526199,5222.18367317482
2164.4093195605474,8148.488509921542
8327.692974595511,5968.3302397995385
1580.1585662658879,1619.5361523285967
1936.5217354241138,8936.617927773656
5803.406758676576,8695.212283648949
480.54785849698465,6940.738122606364
8404.756703474724,1087.0738136177138
4436.4901805312165,5461.708633144986
848.8170232777447,1210.8418542893894
1170.551230918475,5447.976735263184
3720.8682642192125,5477.178360693584
8813.238584781335,331.26250235417376
7648.333106892523,4950.46854546567
4854.957941503887,7236.318734484714
4740.20795421513,2270.0929000763226
8956.09137277683,3705.3029557300865
9802.790607493896,8074.760485581256
2131.8752781989824,7041.472200658441
8863.653063144435,1666.8692955408226
5064.872611858815,9620.56350752458
5361.600155286894,5564.106677552738
7707.759995316731,5475.742561044314
6285.135535695417,7239.818781949825
6520.106349603893,2242.383217779149
2188.5261788281387,8860.82796771469
2747.704300184848,1073.443845902705
1023.9160594574325,218.40298007413827
9795.507551489278,5546.585342907858
9896.311459161943,7990.964863671336
8836.208870327697,5276.833478867554
8801.169584606505,9191.178597491256
5898.036771641932,4212.182313772477
212.7275928532002,8214.150707252504
6834.013860848693,8980.090846320853
3828.418160703073,9229.48052779974
4399.055338808679,8165.532273720853
4580.40992803937,1220.6289981000152
7646.362965337674,3157.9307704847047
7527.786294598806,9461.210403072548
969.767911729762,7020.289785282017
8140.526549651619,3514.1242311119204
946.6665453852319,9725.781658878197
4235.584090423876,1997.2183281309897
1594.9281652894508,9675.823331324622
627.4039475331839,3517.752348712414
7684.534531024311,412.8573973593963
2790.4732490354177,4023.4526285705074
2948.1451549994385,9449.819020944218
5700.244808880825,3999.9724182579375
5285.0824051285135,6815.7176555209135
8023.134050428658,2843.0960173439403
1562.5930550386458,3846.045831760182
4804.288248820247,6366.944477769518
5076.571442641553,1429.9215635839469
5902.08180406268,9168.469835116019
9522.737199018922,931.8192532134883
2796.7526950641563,210.61601365360062
23.70658253268987,4619.689059626415
4972.876758585238,5929.665371748724
7466.4426941647835,660.3243508185531
2393.887690412393,8075.870638522559
355.5105210105225,6795.52028291049
4965.192858685889,7847.808907864081
6028.515873721196,7650.979400576448
2967.7746727009667,3326.2041509117166
5319.862443315197,8316.816757452036
5176.6270578378535,588.847598524389
2833.657636964727,9108.075141102696
9467.224965289071,3575.131226404051
8118.664259601585,2307.9827080585037
8385.068607533103,5985.66837491779
878.6492259483869,5282.744714601691
3106.857147254639,2735.229463281488
1898.5573496384434,799.6319548985775
5249.47332145666,4866.716430335791
1429.8333984894996,4945.038971202957
9941.045555607894,497.6451408055471
7020.13092283482,6677.057067084194
3177.2780900204457,1296.0410487151207
4519.266748814721,4585.313703599253
8368.417412773586,2760.9159307945397
3994.388516988885,4362.586547902763
9796.832559169367,7635.755404889607
4972.0231515156565,7653.384873301491
1021.3135348558656,7948.82740430364
2406.806263819722,4163.733361291242
9764.896093317811,7239.987317619546
1555.3595495728566,6302.835973686243
5251.952188086238,8350.363719438134
3884.8768072549433,7473.706469204505
8680.323453513185,7953.486840789135
7721.47488925035,8174.264441605921
5645.628405065456,2667.263732883964
1837.0942912851674,5651.17825546046
9972.070473160897,2438.6844590123214
9444.005508712435,7119.715509953535
5526.872934850444,6101.091821527335
4157.588659882538,1106.6119499545214
5053.893720581721,5242.8960381725565
1691.635531034993,9856.55651717595
4322.884257009805,5271.3517759517135
5509.437061108479,8485.47994588845
4177.793476720203,6749.635411630781
2640.5223595883754,4167.536426814185
5230.551833282885,19.046577657716448
8662.501530562873,6187.885744883568
3691.4442955865566,8418.757740595656
496.84791767978686,5686.224714479319
4973.268809951485,5946.1700700827705
7950.849227442484,7378.656891722522
5896.974368475315,106.94833507902013
7413.653421248691,724.2892351558738
416.03805848681066,3521.2582106311406
1104.16804207752,6884.566139455756
5567.62958584811,2832.70538281577
4012.0550947801016,5194.718371200694
8427.448853714448,3641.5503581533803
9543.600585313958,8917.075563398535
6106.826695011296,3432.27768735317
7092.889547026279,2812.8166448922752
4207.483212352463,5820.7015458331125
4401.854172026463,4953.391560039549
8805.943515563982,9894.640323772348
2904.109221801177,9381.340828333574
1698.5469801567754,7420.424440753967
7869.996514946494,3555.881925202283
218.53204379558179,9830.619235841688
1528.5886909247447,9791.149188772668
8609.598828307215,8860.40903039874
3100.635929920699,8896.68359631301
4674.039220317611,8325.757278680598
855.0866294471226,8644.980395882056
8160.886215272577,7145.656412547448
9185.992778812111,3703.1133758576616
1243.597499812318,6191.042311191378
955.3386386807039,2054.329039405125
1075.8845589124167,7212.5742086223545
8749.02323910493,8140.274609138281
6279.819678232956,805.8939412319977
5732.222231948858,423.4758304496533
7478.7737411064145,1936.224992922556
8642.614189692891,8916.782803465634
9969.02718833268,9152.527835713103
2747.1126148439093,5696.701998223708
2765.026840902418,6716.755584198188
2589.6150423689255,8472.006424416035
1384.6646220838134,6120.281463785546
915.757735779138,4901.210932912841
1646.2172452943646,4805.560868460532
2846.251403358132,1817.9412944027595
7730.102127473082,2431.602654712672
2744.2487494696156,8920.46070049885
7214.985317086447,8273.65031453659
6578.353991191096,1499.1275826067185
3514.3046083171803,3265.2847962253586
3320.80456348108,4666.808740228888
9333.22683038536,8550.720225772751
8249.879371757064,9499.917336673061
4049.8463713483134,8477.588889595423
1833.6030010379068,7773.229283344653
7647.94092811932,9410.40632070391
9583.654725081515,144.6374822527996
3560.7496930753045,4188.068226622964
2586.3504646696724,9261.491780298877
4589.903902493453,7375.184761233045
9066.854180420767,8826.515128494875
7445.124787821199,172.955167883051
8205.441410200752,536.2623162043445
3090.694556436824,308.59358848355447
1228.9484773954862,6579.418539552945
6240.388229411147,704.235303717995
653.9338159279496,3905.6964227282597
8936.551162713626,6742.763392690079
1008.4619942248696,3630.1329390656756
8220.44796559158,893.9751181171085
3802.3113727870004,6854.763556053844
6664.705958444582,4743.307516116196
8225.973984378843,334.9455603383
3645.5075376913383,7043.304583074139
4853.883654199864,3277.173381375983
5761.104125934904,4835.230470828622
7754.211705206092,4020.0885284136243
113.66173671222613,6804.974667125157
4575.818316279195,4444.514942930904
3573.826488224241,3839.871774592264
3653.9767183945214,7383.099319924891
7595.825612411443,5702.381061800994
3953.5336771125294,2943.2192963846337
5935.689161457714,2421.96524253375
981.3140484228921,2365.9426132235662
5319.48445266443,7804.138714699638
9673.143718842035,467.4090396418906
2912.3475366224015,262.15025236677405
1533.3819277047,4893.862321732095
1168.7279974122632,8607.25290908674
1809.8595322518418,1664.7189299704312
4595.811155870072,3157.8120537197706
4533.390536495064,3267.354147801499
1879.1933106264391,9682.29739763209
866.5212722534288,2740.8949615722554
5272.403458195719,1827.4071387638169
5382.555310860044,98.60713790017516
368.3552802779322,6293.751634855033
1231.7859446530288,1971.7765949913558
1386.0079586693164,1023.5347765044834
8409.416167366928,4331.021356822379
9606.05382143005,5034.729912867706
5837.646994511872,3590.6371216850075
5662.267769619141,4856.694158133643
8754.89218285119,9957.867993594951
7127.473260290453,3492.9777407435467
5446.350405679892,145.81426651090078
9998.675935056612,6775.60923443318
366.155503298291,3223.6924216016505
5589.88068138944,8240.917081317615
6223.87880985988,1672.536572437827
8655.566468191379,4196.601051986705
6514.515081690594,7341.972134087802
9160.76757632933,1034.80088145126
3271.1444164929403,1340.64413509129
2658.2683615376277,4036.419999016806
5513.481561825797,3042.666188574159
2765.9560254490325,439.5680928593215
6325.860409764397,9850.569400470731
8431.953527735268,1266.8111282013595
7424.089920005452,887.29444611372
9194.660486031147,3873.014590901165
4139.110665199176,4274.1730779136
3321.490338778904,2533.704392115762
9782.269185382149,2741.1801261282
9308.105960494457,4686.702804189908
281.8337009083771,4018.4031315296806
4363.184948914426,6069.434416142189
6761.247612470943,1783.5634533622724
7152.039694604554,1663.2170050569962
7178.700016540235,3012.5747991814133
7697.168895919411,4804.277032194143
1488.1312116224487,8655.416285319168
5696.580702802373,5603.027973328698
3376.0363228794654,448.38438750891663
4416.579925930094,9813.839673912891
4091.870685400315,3922.5977244941323
8563.352189755284,2514.650271841643
3642.940378007662,3876.349454871132
3371.520670391488,1508.0913154745567
1477.6745116370694,848.9931118942307
6257.7953803591645,2107.8147743555874
1415.3434522463947,9288.964378890387
6555.575724215345,2972.118434386124
6758.138221812432,3927.7476034341053
1494.0814376094313,5711.7196608341455
2299.750417988383,4189.861913796925
6131.12889617608,7061.52282167279
4791.743586773064,2668.8515440186543
6579.6897427618915,5249.167380414276
658.9868392985554,7456.923461777218
4140.094772417768,4856.38931823939
9507.312984893315,5685.898463288027
3882.656778689312,5719.771892660751
7739.34546960242,6388.041054982126
9311.507489774503,6072.02438553308
1423.483939985285,7904.426134842802
6181.601088955601,9629.102023045974
4993.667081601826,4505.038213869496
4380.383637836218,9190.54989930366
2123.3979378255676,9881.843474254685
4992.242485420645,5358.243919226138
1717.1291626501595,7667.50368633096
7209.626792703501,8277.580942184815
2265.277221941927,811.4857895189554
6302.714964793259,6167.702394765978
3290.4216692355235,850.6554556022905
8773.37520147646,69.98349002295123
2804.706499612327,1560.8660142389397
6580.73234313571,9737.474840481073
351.0779085788807,7395.618425123972
4709.606949940083,4278.2416860326475
2272.025812273708,1762.168589853307
4794.9295089544585,9669.2579140848
9749.529925731438,6761.37798470083
6344.370255465813,3947.960578306778
3292.7938436860027,2610.2770845530267
9116.704760792645,4618.507262013807
9784.42852309029,7239.319613973734
5542.1632373445555,1473.7604617633249
876.6203774778003,535.6307652855063
633.030272646804,9188.279984169736
9641.299632786899,5456.347536873819
386.09936141239973,7471.516056951888
4494.739031825814,4411.632359659682
2980.353189592028,5089.223505869829
2666.8539655829472,3143.7979573778084
4945.484309163052,1443.095068381679
2573.0248492085107,6048.177787201765
2034.7562046386124,4300.638959872885
8403.870447540974,5250.282146359434
6783.123430753581,9204.000380880529
9961.129367581747,2429.2681472023437
6832.922720905312,4736.149781700931
2043.5012137280296,466.811978771875
6726.032298254539,676.2486681093305
7620.9568890901755,7300.973188847224
7447.736384364249,2524.302560212874
6835.044252485797,4429.27176672764
9552.202500920679,782.7063370845733
7694.15829482423,6141.235955373432
9986.837475095646,6751.968486083982
8687.283931452635,6089.784760334715
8263.919542547988,3812.0695432023053
1962.764050114736,7594.03796956532
2218.4273756437324,3861.783108271292
9190.631022857671,2459.1634923075258
2908.6326830162648,5750.441366582864
9509.800824799773,909.6082916142778
9530.652474886048,4539.649491871323
5154.904295782499,8496.459200332747
6170.7938602976665,3404.075444563467
8385.712104034194,2833.062070633908
1079.0896549509,6249.219284000169
1143.818242121839,2070.158183135119
5638.780142036126,9701.641068979348
7312.0952372546335,4766.396762592907
883.6750973657603,8228.691368479613
2518.626664550786,8795.675389737364
2591.7197298982396,9871.221894513163
4787.601189562641,6460.3520784992
845.5093777412515,2798.3246365247282
6260.825726872682,1885.2582656810268
893.9260769621782,7572.273214713029
9789.16236897285,8535.600052348289
5175.058984418697,329.4679414545698
1262.9058317086271,2905.731959896415
3345.72767180365,4204.741406596476
8232.513045809876,6804.315040007772
7181.354002573305,8470.995716430993
4993.164714695819,6693.7889850269685
8435.109859132128,6852.0543455593115
2386.259277769264,380.14487835028035
4949.205515253673,4434.803582339888
7746.255839987241,1595.0363951712154
5717.444890380399,5878.029930818283
1829.8058636525284,2361.5299339830776
5533.879271187569,3082.994449306049
4310.055555043362,7850.042412307088
2126.9955530022876,6137.380417864339
5949.672056391309,3426.489914853741
2219.0919780942677,7264.674916265569
6271.2973780492275,7967.174263655036
1244.0621869495349,3362.414069408489
3794.3640818215395,9042.415905343776
9085.3660322387,6711.80630969925
6201.685058043276,4182.276294827878
8124.321289977925,550.6032481462264
2418.3485265712256,9307.788474537467
6056.089437060581,3258.412011382802
4202.6637234988475,5997.950638613334
5457.228687580507,6166.525688928046
6010.08909105023,5482.41566690709
2168.001510953652,5450.977944083934
459.4654957736799,2680.7817023513403
8863.407220736734,6665.935858755991
2573.0468871145717,3244.0753050900353
6830.345486710771,8291.589695874396
4192.5695531937,9125.606073176312
9453.371368839436,701.3258427654667
4836.399891174487,8181.565812274285
505.1945487553278,657.480240039543
968.7089242623492,6101.1943252536685
9975.582297003557,770.6141024574775
8771.456932892192,7932.105375086515
7166.330395129324,5248.110294935244
7114.048908605535,5845.954726751844
789.0275913595734,3862.9132402751675
3803.8171742207437,7943.989499448423
8906.661538105298,3339.6607917886968
1110.0638637921688,5757.210486347857
4390.952503489843,3764.1112688907165
7173.012403309725,4240.980754454121
8205.76965461251,6726.5815520088245
5090.998516239243,4722.781125390402
4354.015235852462,1195.0770727775982
8963.398199003102,451.9918418460511
500.8482658879399,7488.554223453121
8343.158369439136,9577.201697266486
4693.733899936005,513.6509207990503
6937.568743760459,3537.0013535975886
9825.271479241954,7842.8876149880025
9033.691151465471,6924.616317720292
8765.103362626436,9824.82263231262
6104.992779611004,6650.30339571583
706.0803724298248,3781.5138676697334
2773.6835987276086,5799.206348906504
6325.350762579613,84.36963971789946
1156.3731081403816,1135.8134481374993
4924.946047048591,4413.966557489659
9543.280012851415,8235.141888134458
9698.850632082609,2678.475087879545
7227.275273778676,2580.962839416314
6959.916378679296,6260.800111052393
8785.836247655889,8087.203456771908
1349.8050996740574,9630.656160792376
3775.432068170399,4376.365281033576
7680.6360452825065,5539.795431588686
6543.091316966155,7710.426885679852
899.2944141791093,4063.4252071967157
9863.549004477049,4893.655973458387
1011.3679878604077,2424.944262937604
5400.2955441273525,9681.482816590278
8733.868159514428,457.2813063574188
4782.812213858575,8892.999533337064
8796.764229558707,3912.9794280888464
2524.7640704383734,9011.14299341925
1141.5424257846562,7096.747633500527
6638.819475801474,2937.9917686854105
6610.348433849459,4458.332754839007
8873.086044863114,9687.521876453713
9542.044248389298,2090.416905306334
3438.13234215956,9619.660803468945
1326.0426276745807,9165.159843883694
2300.4260031152035,8961.21179658439
1715.5217412663183,1171.9568771947452
3723.636549268946,5122.383617268613
7347.841528328994,5420.060742192881
7696.605051401299,3277.8328362177554
5009.272941766586,2729.974274288369
2207.8775423454854,1729.9815663798813
5254.094917698673,1442.063950734046
4587.203172305453,9118.110041489106
5789.77551283495,5900.626778920224
2627.7902745438673,1621.6272454056602
9990.877420321245,4499.732017661327
6708.320672082084,8896.032933382892
3981.512244945119,401.7769108825286
8583.032845752197,594.4673302185977
2383.782626137222,2187.4649597863217
7584.335519673412,3450.0680183851205
8169.61895876832,2992.3724183321588
3190.0231837583183,7763.111781799526
2990.478925289921,4757.43747311186
5841.094920843899,4170.053902017335
8995.398449615244,8089.374345889396
7194.28289099846,9018.637865698154
509.51041399153075,2347.6663779825913
9798.531357172886,3464.5698339756013
9455.271066257295,5892.363462483489
4195.44978005884,1813.07098801217
8181.125959680487,2911.745441880521
7080.924482855965,2071.6719010445204
3724.39059601574,6909.950342466637
78.03929186764091,8298.809991244409
5185.329632738984,9856.133670341254
6258.258866325702,1315.0478790483767
1869.381738658219,1098.720767760758
3395.6187516695913,8901.246124248946
7589.505553192073,5399.843787705433
6204.747559750396,2997.0481610425127
5949.737243435324,4896.166450664888
9972.745318445373,1459.2037851097296
7714.54804141357,4543.273689383263
9967.306892591138,2398.848123400944
6218.802944927503,9801.466371749622
8810.460027257039,1734.4994579642291
7104.627433823472,2754.181350303221
5370.539024654681,980.0231237387458
7134.902264125902,501.4378005877895
486.2313753186398,3246.6049649859883
9771.553723349507,3088.058614413878
2927.9637528253365,4183.95185542577
2189.3213758454845,7130.496607557348
16.363362443281293,5527.905786159248
2366.9021055386597,9878.834142611382
6538.605232140569,9579.990016942635
8458.51498041017,6853.734855652166
2953.2151815511643,7195.430773657167
5219.860053482957,3731.930078991771
7534.9570241680285,1817.2621120353326
1525.02862430001,8006.899844248812
9593.107265126422,1393.2777636308558
8893.313256187106,4461.636450391996
1290.5137619437369,701.2881821034556
8542.568727527492,8207.654163442594
1845.3545745468468,8478.309696914792
5744.1383011716225,5475.405252828634
3389.489471845474,2059.791894323206
1663.1207112367597,9161.209269901186
6999.876306674294,5479.418649665281
7901.70672228939,8653.376494177699
217.55929294270393,6432.116602431651
4055.243462047502,6110.07897065579
6336.269824660419,824.3916533585194
3973.7185421970557,8864.675924910309
9410.757281037302,1191.789152008629
4967.3703253119875,6694.609707303646
5810.126543563244,6715.183848529965
9336.062676156336,4628.255853658815
5855.001251969204,2328.952116284728
7480.723806751449,8255.128950927201
1408.6561826127786,2630.907320693122
7698.683919447431,1828.8140608792169
6097.869306797632,9997.10198836084
4029.398293618227,1942.3357623616798
3092.010431620682,7304.1618776394735
774.6170610503156,8563.140586617199
8234.14303303536,9674.734860732959
3191.5003219123537,8895.24386307044
3476.4535504233463,6372.127257075845
3915.5336548030973,7725.303443722524
2537.333339690303,3284.376959955464
7511.080686851016,7725.5222699528995
7432.572569399256,9099.718245237913
4377.934148300158,6267.564869920548
2482.763264404443,2070.8353349829213
7093.904214580018,5571.008490501399
2485.9633064177046,4685.72302137247
7464.617500448762,6416.243881979027
3174.66660426957,7552.59311237352
5933.919312558421,113.92774162420571
8835.761113806133,8013.780966974145
3482.236120129778,1902.644258294337
1485.5778696026744,4291.192985818797
9158.131552904766,1669.9437411388096
7915.585958791147,7053.54589873902
9873.305634199935,3265.244250075342
2140.1803959694844,8513.36354771624
851.3169317647084,6700.319072454157
2476.7690862905465,5723.36069882354
2906.739201903816,6181.817780777929
6456.387396978596,909.2525855842925
7697.889157028689,5174.226225824874
1567.1594131995082,5439.532450500993
5390.022307659278,5132.172307768239
243.009167649485,230.03184517121355
6187.36206087338,8151.2731888309745
7276.250250605206,2419.193638422524
8497.682809338943,1929.9824717089332
3403.165234710295,8328.45229419496
6393.16360569908,1521.3827355173814
538.2738328672166,9891.649884317489
4978.56300148876,3769.398061248874
6469.421315693735,4519.46110391979
8830.669314977325,746.8075757572723
1615.5605939339491,962.5085983311421
5477.376807740844,3558.761034040564
9921.364820957693,261.90331841619343
6006.943584143375,6869.505824189294
4266.256904423694,2332.058647272928
8161.1857707794225,1411.733455990265
3095.162708399364,9814.765413361785
5670.803979170349,7477.424964157279
7281.237710057253,1664.053850650068
6486.435697489187,98.24813984865455
4344.649235629114,8838.941479592373
5650.494532251779,2323.77931398699
8280.45490474066,3694.604795015428
9649.215338787028,1068.6406444663864
7757.318678827846,2301.627876846717
818.8988359959459,6739.8441492297325
4200.3880541648305,821.4948090842644
6322.560353399842,2620.5848231150276
1996.8439649348502,5282.550612765114
4531.947633245343,5674.683758999086
7409.526662348346,8441.376490446071
7886.462002925653,4798.9063783257925
9272.986168190084,7353.790910619769
2120.819039170335,3434.7503656627355
7783.895479125268,7290.166040868179
4752.432198623795,7923.964825537409
9374.740244049033,664.0725765137323
2420.174676669752,5214.540888788175
4220.902425469041,1548.2956640724233
1991.329362810006,71.66902449243784
9729.3763530648,1391.3784894159965
1829.5524090458193,419.05729300334093
918.9335678302424,7034.338983815042
8692.57628489526,2968.691935392708
3835.3892339041995,8368.760755043157
5160.673094038721,6903.204893037564
6673.296723449947,1779.3757154316047
7019.942413059872,6254.013139621967
7904.647309513541,8030.782376429377
8282.02971623085,400.178356472779
3711.675255946092,898.6048801113311
1851.836534122051,2861.151290011151
7614.40002811166,6348.9143692568705
2232.279972001511,7780.552930492318
648.8972851649044,3370.4681867221952
49.39908769349466,2263.827430889183
4963.97018113522,1948.7814108072555
1560.30226210084,2434.4807023267576
7831.294778797259,8216.708098622588
9537.906658455158,6849.476563180933
1491.4987032213166,5553.402932650031
1436.4485739765132,2797.4835393338303
8784.16523521877,4791.497709047344
6098.65257195602,7145.802885118561
8909.455201026243,9260.449273799035
7748.917684483985,2499.541611298177
6562.917044648391,4246.9444205941245
448.4172331417924,6147.0526761778765
3417.276657848951,996.224027028837
9994.967937448511,8815.987960685254
5663.138958211852,3942.3067754356844
861.0299585162062,5777.918702687265
768.3638385416302,5513.577971195017
463.7176258922504,4288.846060640012
7938.051646664014,3883.2602672562934
7385.309176124303,4885.0014036937355
864.8650471508446,4657.400529136987
801.3752437920784,7358.953730454146
7823.6248750360655,9554.529649914984
3286.7207665281285,426.2173776060607
6334.657891209346,9198.791592332882
5821.721917160509,6269.247022295032
3184.267980117239,8395.206529463783
9472.982895735186,1678.7475754568381
4487.014330257505,892.2252343646542
2681.1114395997347,2829.944540990702
3124.307714177049,9855.14242856414
93.87213779170733,1313.0071573393566
6733.009047045557,5805.993079965777
98.86915261690055,1028.5384284987686
6253.58579439392,2456.1369110634655
6481.609846217784,9535.459971897608
9562.19895495404,5243.168340220511
6032.711243925995,9371.137399894169
8605.13800556754,7373.9864186130035
3792.492691118845,6599.3166443298815
7168.1175845505195,9183.555222970504
2410.453293645857,9051.513402206736
1916.8301771953766,385.506279084894
484.54542176778693,6599.222915678697
712.963493822022,8157.793285076164
7722.8185859333835,5527.807575951238
6652.368093327271,1891.4930352301806
493.85739767482397,1641.7083146014777
1170.034417162954,7684.9693620276585
9797.067130810572,7689.743823104899
3932.7286497044165,2791.953029604116
332.16739061078584,6238.7340497932655
5973.648456750468,1354.362113959524
9804.951917802631,800.4777929117234
9347.216510849335,3842.6713119689816
709.586042529492,3543.969279570215
4547.073526617404,7839.635353233527
2117.43703001954,5704.079955090175
3403.5161115614796,8917.76443109735
6098.049399670919,7576.045395011959
4497.776331588823,5457.821436405457
4335.619393762913,4547.54213837596
2081.664313799212,5977.588610149086
7828.683478966044,7716.597759442627
3135.9437881855224,7275.115840832317
9837.804167627315,4446.830965330033
9514.86718289914,8029.674229531572
5443.99864514314,6044.122788355872
1784.4655850424895,4039.860043364598
286.16224756752183,3390.479201818669
1500.305960542282,9765.40781930772
1832.8475140222222,6236.830234858253
6982.389220353053,2297.1553769487327
630.8283708902229,1354.2244751469734
3658.6793418929888,8689.308465595626
3268.248713092462,3240.1317575857524
5350.762751106342,6071.988620906868
2760.3080027911687,5570.244975608823
1353.7864577059822,6613.864100763866
7281.659687874944,7498.429638581795
9867.265761049717,7927.542472120856
3246.047431924036,5481.286768300675
6631.850850511859,732.4115693385979
6794.55147688449,8032.3568986616165
6567.118980006501,3690.992128220706
4264.812372522364,8804.258852060297
1840.191737068998,7028.846465481768
1812.3742323664706,2068.9225868927797
3212.26835364542,3338.7626084352296
9646.707969282526,2435.9743294574987
1888.0087019242542,6302.402187595316
6648.896682962282,8990.872001004733
7673.1457556577,3290.720621679206
4145.133491324421,3790.7620975261293
8722.92924568736,3616.8156697151035
4086.9327790851617,8813.85567576288
7912.332744944682,8424.785326572695
6627.4335327136905,4179.589687734884
1083.9134314753896,3389.711970811575
6946.057487304518,5444.93881470002
3424.11379917088,2636.5990073080657
8801.213877796867,1202.2004599729285
568.9496151995099,8748.583384986825
747.6500820494414,4680.453722064055
4427.174674979177,7707.275184960596
4876.139958109986,6358.595763497669
9155.469205169557,2068.340917672732
1804.4613851635515,6796.220673582916
5736.812228689433,7822.079589669767
6616.289207233571,3357.4747059986466
5568.873972200464,2554.4726146295347
963.845278519424,1506.1526105887112
5910.011357146273,4536.828504060081
6782.500150240276,3812.7729911961674
467.01337147273756,7760.331011625846
7984.9699114214145,5516.497590616545
220.091255477034,8573.296593291563
5632.226195136754,5963.653101481879
5202.827905954441,9112.794427976103
4642.162745528204,6184.006713524347
5729.066783994475,5893.540881858824
9389.052972508161,5354.979877099298
6371.47715245401,9664.974423081903
9687.86511129519,1575.907401115485
1270.7816928137418,2729.407417314064
1290.2656820010316,3234.5453528390713
3657.9621199194967,760.3503678411871
1246.2353282926042,7992.628347695817
3928.7388574157812,7113.691260375267
4252.538219242937,8397.669178452941
8588.595193223988,4927.4745633494895
435.92847740408615,364.3283908268502
489.9713699440644,2370.2557647434965
565.9175504305947,7683.5477020412445
9352.544950676742,3930.058436008973
7054.992252619246,1990.0057667053627
8419.41676705362,3836.9641002959866
6082.202397488993,1464.1854178763547
9892.03308088094,2595.2983003951913
6594.405828023927,2599.929401718456
5970.696263232955,2595.8072788328377
6138.502523666586,5166.879218295746
4584.016526240402,8794.018934444455
4070.5004242416844,3950.913389078344
6175.616610835187,5681.602448392619
6989.720952510511,1884.461394707011
9084.234877053796,2824.89779718756
2245.4724510987057,68.07170596125123
6869.658094730196,2385.8539765371256
7156.542470839257,2644.233496365077
3821.3177226030525,2867.4212105603824
5283.383329583481,3134.989419669293
5096.367113621285,2116.633344584976
4968.976793011647,8479.206900825207
3642.5149397443347,6554.080950486538
6976.843758196835,4850.896465952673
958.5816170204087,1938.9773669657206
7219.877805816841,2809.8828800905662
7493.994528778703,4960.181716273672
1175.230754157398,7443.326071864259
1325.7806169594487,6891.494355598601
2999.0190515036597,968.4474929481323
7639.569397601757,3743.8581527543693
7817.440171465147,5047.17930569144
748.6777800893019,8434.95757886556
3556.8662416691323,6075.6308917602655
4911.221317856399,3866.2589934259863
390.1846791309982,6998.961244092467
1134.0021971382575,5959.959579685144
9244.989452303063,2389.9841883819317
1639.3498086909974,7987.59793962259
8721.048627806698,803.4575099254793
4693.816041169254,8412.425079716046
8091.7049411400785,4263.908734562526
7790.438183193667,2419.922635550499
3231.9738974918787,358.0453178590093
8201.577922591,9876.124552416491
8303.885889560124,2152.558516267561
2325.1001520624604,5951.350361224005
7355.455798610688,3963.441895612391
6976.451556113332,2220.8657566697243
4478.599329144659,2153.154162649853
7084.83700998313,4487.703255375909
3020.159202857072,2352.954228340223
6687.262864408175,1341.993042335019
6944.223388258492,4225.6808307113115
7172.944359350664,3530.9723526075986
842.097602159989,4948.955630722741
1030.8841678220338,2212.788813009604
2671.2063606283778,5844.155352577192
2226.024820501504,3714.8586364305193
5331.216245618469,8168.783666793057
2108.941897599058,3995.029404047946
9.10511368801159,9534.06924204889
3358.1382014698224,8708.565642957408
9169.384848648751,8314.470915347834
3600.4409060860366,9167.585007108662
4827.828909785273,9581.328808195502
7591.419264846636,4163.163993299039
8482.934231770634,5133.615942633079
5178.291298979353,8918.93019585342
5166.885424460609,4408.695565569376
6204.101225659522,6844.434496636261
2965.9388920146966,5673.181478866044
7081.582575020396,3025.0477445490765
3666.7984371687035,1186.143275452597
9835.339040800167,2894.2248782663005
5045.118427658391,586.6286376973551
9377.610514560645,4148.474615733713
395.6682556795299,8849.380102537367
2442.4762882983655,214.50205543110613
6143.621531443116,5331.647456044521
1322.5675550817407,9707.6182488108
6771.6400090171355,9442.812755772437
9991.099733703511,8711.57300394605
843.3173863390786,2534.1019462124013
2509.603468955367,5923.0481158515
6609.210447410322,4768.912959656206
7424.295699995221,3646.2004717189366
9131.923970805388,1870.1741729543808
2238.804544849997,2562.4320147798862
3919.5130461572294,3024.3301039624803
5606.591524907501,9217.363583815859
3202.382182711587,5437.546026976826
4902.418908509866,8298.684567172082
6617.565767069857,4567.896638409528
5627.244828564142,5908.854380280008
61.90896327700091,2711.844860452849
6564.242012251537,7554.723983008605
1773.7610865192455,6505.819818690607
3814.4779371568416,7244.183605627882
9972.842903822539,6553.67053819847
4943.300204867292,8604.153329284462
6102.660006532812,3087.958666625946
2623.3346132292477,4633.0570146026
2639.2416807580444,3460.708576160407
9543.61383146353,7050.262034652962
8614.905994590596,2565.2699862018735
8661.166370848568,6782.788484648645
6642.907457564062,6570.771486170361
1254.6394673613427,3861.9178444620393
5605.669998222727,6572.423548811894
5223.374691697537,2086.926070373767
3613.2345829898227,9142.066109630116
2211.239347606374,9405.735692707069
818.4647733849648,6777.736713449865
3117.303660457804,4078.8149709041268
4634.200806384972,8726.881214615683
8672.105645606063,197.40505079896
7757.310537862412,2029.9541235099482
7294.895264940115,449.2442920979145
2343.2613676658552,1303.677117676203
4075.174568001909,4555.961473904734
7496.554932427365,4986.3671590095955
7166.779055041334,2385.8583721547043
415.1390819305878,7676.833418439324
1319.335050454329,1637.6149408118745
767.0110485894477,4165.921453317468
1538.1248844785355,8516.90305762682
4254.5021797977315,2724.4021668631167
5762.175833415571,1207.381441044101
966.442494574159,4156.55874300302
509.68283530287925,6313.984171041822
8732.345995087668,3723.6523494718276
4322.040474770195,3841.5761060505447
6504.542894400162,6898.161430219526
45.09214386988924,420.8067481020861
7888.9448865805725,6632.621487173567
8806.521747014353,4814.97527298041
728.6150750071452,2458.1637089667142
2687.8248113857717,4641.123161243375
1312.7116539528872,4677.027519722181
2814.6213430945168,3160.9595067907526
675.6588162815713,9124.220187487324
1582.1085357671839,4155.900456342213
4133.858219087187,1908.0259552398704
9914.673502300044,1767.5067462055426
3797.3461055818825,5690.80100240774
2137.580423893406,2026.498899803575
2053.3857364706864,1211.0420858360183
1440.1071936740461,2789.1625089010763
6584.8900021018035,682.0611466686499
9708.578444325245,6574.5238456185125
8520.735919629618,7572.344977884795
1427.063527731476,5118.259416116123
4069.612092434114,2532.9797251158557
2871.3854034900887,7718.977074146087
1632.1666350424746,9006.844222635933
1496.247801178785,9780.91940003765
1897.3008071762508,1202.5787652985255
7510.250836908955,1811.125418297417
3781.179226525182,5296.721214905605
4327.9368170896605,3165.3177316831207
5467.335132875865,844.7243408861193
1546.2871813097179,4076.636231960625
7311.739365527751,5273.344122991014
9410.397187672157,9911.391573506395
9913.668400451159,3237.79944894068
3773.325490833659,3145.7585422313973
4794.498551915211,6353.623058704338
9254.684786515174,6528.242866013777
8587.229700858878,46.59446245086629
4863.332376111789,2630.7243480353472
8662.924262590588,7101.532927306219
5725.528984587008,3576.954715669186
568.7831142967392,4207.869715718531
5909.579430568728,7235.382861251046
9035.277784436472,6552.904843254763
2821.968378328712,1979.634130593726
1434.2091457997751,7057.083321272144
5066.377340987194,6989.274135460424
4266.549447389838,8411.485144881175
2549.468800834389,4336.514967934158
1670.961770995284,4945.591153635457
532.091381720523,1796.0266256863665
9910.988715829995,5461.51596853574
3124.2042844109897,3832.201482315848
5986.537842098335,4077.5495032374088
1385.0176216631016,1196.6064851229442
4097.375902378636,5493.132504843753
7026.543389108214,381.26843111680796
6207.015135769221,5773.890458232566
4626.6084064982615,8251.362121419348
288.7188625753656,2770.862709568641
8874.823280024599,5508.611857046808
4180.5937122755895,1162.3921770503841
6971.231133642656,37.86134858944856
9109.1385857507,47.59727346288933
963.6624544554295,5220.201751955038
8825.671601102133,5293.944865916745
4850.875964188296,4153.995908795979
2442.6667759673505,7003.008910911773
9389.206186125992,116.5930026949702
9348.642707855885,302.96998551198607
1216.6474170742015,8280.572508657058
8694.88277249413,6919.294110973678
4978.872268199915,6071.588346471848
7191.9015325008595,4383.625561319885
3742.8928155908657,2114.8904911720924
795.8164666324941,8624.501329538645
6864.337588562582,686.9554152458035
4130.446141484346,7846.65238881785
4896.138697551587,4082.4774142586284
2923.867553975497,1509.449867460595
3883.171068504313,7835.547885770062
1234.2014899881049,1178.842103339144
772.4427040693128,1732.9162356224049
9733.86914486029,127.02963138002232
6535.763655515358,8684.715445594564
2376.129781743298,4120.372167616088
6810.223022325046,2248.502085301092
2002.6329241325147,8411.636781595504
1329.7684560910784,8833.731042134195
8066.87454381177,5566.609529542473
920.784208874289,8984.6901383515
5906.499632666159,2071.426108869516
772.4296854038093,7514.688219181818
6689.836434748459,9974.17543552219
8377.463861427977,5050.81009876601
1725.8593900849096,1614.6710725228431
9699.813453619066,965.555743662686
4634.0109367207515,8738.91069450905
8678.210868646629,727.5219898279295
5410.365208119643,3317.3948547436894
1829.6268636534496,9972.098695453393
7021.4400424323585,1714.047400546923
9120.881907195877,9706.47791982734
5401.714250731678,6477.627253794532
8688.345984429352,4092.376978148805
495.3342609878564,5209.138319939211
9951.999623371756,7607.688599832168
5959.397263577703,4738.808761696092
3932.301787606177,7614.142770428553
8006.60876957041,776.6851162859067
7491.9668182792875,8975.081511023973
7820.865498922956,2207.942657518509
2839.2069641109897,5348.294572192956
3135.261644481937,787.8656838664422
6534.8898089655595,5777.315619008145
9818.852637211497,6520.458764205565
3915.7042157875235,7426.67371157954
8030.2844775254425,3277.8609255156352
8414.177732605447,6155.4035103832675
8977.033722202035,1087.1754220639173
2770.8985042431623,5550.208780301191
4781.364359432444,9298.386692060792
5653.863670547904,8655.333284404636
2039.444976428696,7446.850373948223
7645.053726395302,732.2501788833669
540.4650351701546,7635.670470052594
8852.033057851975,436.14765332678274
8772.369621835496,4207.4100019313555
4868.82199091274,4133.076384651241
9212.628317532515,2669.277047346902
8585.07730815532,2888.5140035392633
6303.158429521184,2179.1670778585117
1534.8545893089938,923.0375667692891
3026.825918137149,3749.3491625133424
8361.171107788357,277.4809833831049
8769.611574117378,4434.545987131584
5025.235339098311,420.1868314453139
6690.110798622799,8341.633299428076
9205.440597971492,2054.3780411470357
9021.14138759095,8961.190227210604
3108.255488522094,681.3450799546206
5694.394187615115,8810.45243301095
7134.80719070821,9613.874405504235
1762.4828966747953,9319.345874206007
9020.981293088169,3475.725885295352
4193.492737551736,8980.344477814027
1798.3423979524682,8267.497336002436
2531.6082744598,1006.8787511452238
9486.896542469181,2003.8942467880904
6679.734806804137,7411.586384764764
1510.5548898811205,3250.9161678320265
4738.024021400277,9004.749229788933
9912.3641967712,3092.9535213121694
1346.7087253248421,8449.873014943661
6378.040415476591,9316.157586051591
125.77340050695551,4603.388512913312
4901.668928247787,9643.274754051585
5138.1834763110965,9246.936695208879
5281.730788068896,9062.040039951009
6547.957085614172,611.4270389283694
4584.1735663580785,366.5798508798279
9229.476339667728,7005.626882317219
8259.742868874237,97.30327128773087
4175.818785862389,1626.0325890885808
8993.073598327757,2529.0657120663896
6049.02879242316,7759.303768915924
6853.293566994956,4733.908456241264
6871.098658462575,9586.701747813791
1055.9682851286377,219.7561036218909
3513.9710327141893,5589.491257134225
668.4347167269644,6372.770872820523
4424.706151127513,2603.2180574764075
6707.05806999396,5687.536646145096
8529.333972216053,226.42251521305502
908.0590590696014,6804.59281961146
9233.250358809644,346.8190421846029
7380.712623008529,9434.341116035745
1072.2564745369766,8598.123317658332
5475.1473264362585,8563.586707652803
1577.490395224035,9597.736023117406
1264.987982545416,4799.633446465777
8999.808439788232,3421.2435359373007
1485.2544301116243,5137.628514374029
1780.8392422100317,7726.412124932279
6866.378999463928,4513.990777795338
8238.267194704522,9507.475196761068
7121.448995803721,2045.2830245771224
6403.294219946216,7631.9904217117555
1184.254579292896,5821.910671123514
6938.855855586181,9500.705025046018
8375.029715824032,6075.221966480071
3369.871835773277,6723.883074100926
1427.2307948163577,9045.131694888498
2943.8825984618143,492.26716843380535
385.21362057714947,6992.354820588279
5902.53433394672,6269.3081346634535
8931.3980620484,7698.420097672799
4574.454966112928,2568.6287458494007
109.90568636318643,8323.67728504271
8859.633746942796,3440.8929768835105
9407.138801249053,7140.53075575414
9798.023931816748,9711.256613697022
8489.672465186435,7369.613202343796
4813.859925576498,3213.5594166999117
444.21833167439087,3417.7256030433077
1292.3413019323282,5414.655087479905
1047.277305340456,7278.824167920176
4673.490731735042,9354.200131725975
2519.2877873992425,8313.200432851447
247.19871111779977,490.66786603110256
5698.442310582891,4831.974029884104
6808.090606735712,4859.40429226984
8326.85358938657,4331.266416361179
9667.144879798438,2725.3886634470714
7559.033444501556,7341.922636505817
4248.875871114415,1771.314007597702
4905.449768700731,6725.892959604951
35.986635664218,4006.4542014149283
3726.6208868891194,656.2439294534495
251.81884258343445,7996.232597477382
6450.768959578225,4624.828378663682
6328.422815680943,9875.432785738594
6562.048009308947,3577.2953594916503
8638.910960799503,994.2147138566581
686.0967701748899,5804.126272222824
1316.440182280032,2644.7541688417764
6840.853774050524,4827.504750770277
3939.162875719785,5921.570871854867
7652.385016819656,6436.412130194484
9322.076253626039,2478.459191658855
6062.911169659297,1166.77222954348
322.24924991706484,9700.71025070594
5053.801206004501,5989.508169543718
7213.1035742120985,452.0114358778571
3985.679046266487,9738.505500361623
8299.198043195043,8650.852011197954
8372.384586243696,2942.060173761182
8027.461643262094,657.9187582501145
7612.299866495554,1152.469529310438
7121.463559009368,3436.909435500163
6486.527813344911,3115.8557604073258
1852.428247534864,3359.7110101847006
7470.061425546351,890.5869013725564
330.88228394945406,5328.508394279811
9601.406522838624,6571.80426472113
8851.834161126517,7971.554027377859
3398.0518422277473,4137.131691910877
8239.496535930131,4491.28366563387
3369.638976892617,8333.594373686965
2372.998074168161,4837.766059564105
7943.367954448972,6141.273254799898
6578.499197321816,1818.236544325985
3422.5232990390464,7605.626969836287
6883.29590049432,8400.820144620198
5825.507354306587,4889.644110127899
982.3339645808138,8285.94978073348
2231.828428394338,4187.253037781656
6101.723008650042,5374.700009415491
6522.561640584304,8411.717070495237
7470.68102472705,867.8571627344478
178.01241592465212,980.6661786213533
2932.2616120185317,6688.615447490046
1894.262812744487,5197.897190564949
17.086240831877262,9887.744858397626
154.78630036273367,418.68452143521085
9481.87985299858,9828.714207078296
3099.7956818368166,1169.295216723083
3944.4569488410507,5056.656709528777
2484.2713447580477,5727.9406561539945
8407.55321782688,8700.324696050062
5201.382824684987,247.26547029035984
3864.5020172942545,9326.179611897822
3258.3525303013294,3623.949916264465
4515.506645691881,2300.221185002075
6960.119071427846,3435.1250278500765
9871.904551197693,274.9745406102078
1612.4700318981577,2475.6690716121498
797.8150349194025,2065.4154959043603
9283.450934743589,1509.2150002612514
263.73121563700306,2567.4272772324102
395.8696316285426,150.72109212304397
1451.4674922940974,6726.951802692943
8825.447710260829,2634.3100378701556
9628.660179133525,3592.6368906241614
2545.9396263789426,9188.400645333848
4541.231352692802,5216.064396892573
4626.720594407998,7732.81175774775
3383.1776912355804,5671.73992139286
1957.5573671404622,5922.663984955172
419.1246009275396,362.16518584504587
2845.167870652788,9218.333519259322
4038.8512855477566,9194.945142151711
107.26798077971279,6643.015643205509
5183.473296398406,2451.54263622694
2587.957456781601,2037.3272815407051
8930.801707148634,6592.580411023964
8135.841418178338,8293.98785261412
5147.047552553788,7801.268810528755
2883.3461990473584,719.7538928293512
8023.189223062404,6567.723662746788
3835.196980650706,4574.95322050862
7872.031205348121,3084.544668200769
1311.7088700820323,1143.37885672682
2603.7338291613733,4853.858688376259
874.2923168849703,9710.898852335322
105.57849877104618,1250.7108192788264
9424.306070554381,9456.89603792862
5215.591329609871,603.9772870433246
938.1849155677302,6639.579105146077
5825.2454437980705,3491.539486984213
8247.656890450724,3467.9809150616225
2560.2393625632403,5392.083362194583
3014.566132454589,8420.17770334428
4465.595034963952,1899.2981339023606
2799.469099659646,6022.892093839787
272.05661980409303,9818.409545449815
8923.657758962434,1752.132424119438
9391.105233345937,8503.314787044706
4026.7458512256994,9947.940400291382
5781.801791154999,3604.620449277297
7896.500932470716,456.1206754932079
2667.4976118890927,6951.990918594274
6125.805118388878,3141.602004171297
1408.7846459826592,7325.451950905019
7041.780982161522,6022.127660336954
6719.8799953713,7699.314781185778
6545.389666072467,1270.7479251022557
3774.899943586446,8829.199314034176
5891.360660287852,8918.151963055916
1390.3444983384784,3756.1492892681945
6619.581895347811,6381.270661109266
1721.3391427936954,2030.5232119933746
6901.5787577608035,4995.69297402102
1369.4525872510621,5788.069991038413
8555.519000597345,954.1858344617804
1631.344680672403,9849.189563537313
3502.161827296866,5211.222528872282
1962.4412883343912,4480.873311199395
3436.519515890616,8138.128481398422
6911.186082293416,6321.4122186505365
7108.69635088338,5776.893522266599
4722.158309562631,775.0965378795993
8590.59473872133,7715.657732960271
8305.82322109312,3571.4181592468717
1139.4074934539522,3951.3815674626208
5472.3597625553375,2398.1420831210307
7215.389057960203,8602.974868342517
7999.812718470771,3892.8616773754275
581.7428822967796,3858.58573624383
8224.431191913096,2771.3002049529077
3849.9565325499752,2229.699817908991
1237.1612684033785,7353.981543582224
5727.8239517165275,6336.482580538965
4937.662561520011,6188.386323021997
2489.682068768676,9963.872291758209
9865.005057199936,1870.021276174183
7487.524319889128,8786.702897603787
8337.71539087516,5928.646857227716
8792.323072563766,5281.221360249992
6877.944430783948,6065.732757521784
2704.079003740407,5061.144976212339
6900.528772334864,7261.483832358357
5291.588804318629,9341.14937246451
2349.9139430317364,6439.508875960673
8234.01550666758,4645.339426485446
6324.802665115862,9528.201154288041
7538.562894890008,5170.013069481757
1907.7369413880529,1067.204857881222
7554.633838924706,455.99351741067886
5847.87097633522,2269.665510619603
492.15750792797274,1103.394701456979
5321.6019031762125,6611.023984737895
5421.876758106159,213.57292131166773
765.7530178156335,1616.4754977534944
6174.64701537964,2752.679355743669
5916.588105013446,6549.249870398972
4437.783715566472,5867.314275296099
1524.9929761455983,4631.188893677937
8375.472115219654,9613.0163841593
5242.390105391095,3020.444304876163
1415.975140773863,150.04832373566202
5738.804554434495,7876.394608865506
9254.775942202503,3644.1481524366136
7827.417674317581,2716.91534705385
1204.9819759566883,2456.0683235563297
1621.6093463264924,4068.400592412027
2418.0014333969925,8415.043882382472
4464.84396010525,1961.9310881135489
6438.048518273166,3817.654897445565
688.4685489298248,7697.316686815358
1173.313436801372,7401.855787398337
6315.395320167524,5268.303978624368
7700.471123088009,3475.244877869663
7610.701630488955,3952.9110622004114
4659.7157478271565,3554.827993653622
2633.9026151949183,2622.109904707124
7836.029540219313,4904.561282112053
2152.791893431585,3759.1018923331367
3491.9154963384626,745.4140387901475
3615.492400334125,3384.5383272683025
5424.854529577795,71.64371005148551
4629.675491745443,1726.3632864451984
7200.110677568738,2667.21474947589
7255.650294295864,9305.3952727207
4581.398232195282,5226.779977227499
1891.6277202573162,3382.4809442926485
7093.685680441711,2967.6933961848817
5946.07448159199,7194.873437909403
5282.806452254605,6764.56360224575
9662.332887672685,2617.4308927274205
7085.210410155103,8704.605353535588
9583.687513982528,8527.749186666308
6955.677363439804,7424.806688404373
2404.6610786296797,9049.846172574837
5710.164579007261,9040.283646154217
4834.296289712104,7608.811852996261
9404.229786233005,5077.325965302923
1054.2667311610355,210.67257648943126
8030.354842831543,4665.611261549617
5893.045078065245,1727.3479407994175
5261.616955611509,6297.013096616003
6975.580295238021,8601.364219582625
4756.1963872953975,7228.066960486038
6043.161438459202,3204.331404858759
8355.91894338511,707.2417922164854
2893.790716286475,3933.1342994558395
3380.3470252852107,8757.202571114674
855.0661242762936,1828.1399474342907
1229.5877270681387,2613.7890887755475
4879.265980446759,2902.9304845731594
6502.850019457453,9925.519399317443
8996.843228474505,9070.424757133955
227.9241504211682,9718.691747220508
9460.601777506692,2115.4006608901786
8967.04655796707,4649.792860007677
8417.466829991004,9602.756695628712
9331.4051246551,1196.8166568956506
7861.528970255477,2645.5975228767024
4760.242452188536,1906.162497440358
2536.8038427836136,4145.781491870401
420.2263064376677,3006.326230411517
2782.6009149344554,2410.2187267178933
7541.412699914117,5250.541418385851
3541.659998410567,8491.419543778076
2358.6887920881095,4649.066030835374
786.1594195843646,9254.7547523669
6533.476656283769,2538.8069176642725
407.9135462046735,9528.401048787096
9641.812591815671,3002.4423668144586
9512.536451970154,3991.7186689469554
5063.742748663631,5499.707163787954
9490.419045265164,4760.873223035369
4852.617420248705,3336.8248805535936
9342.355050287566,5476.449831398127
5050.409917786801,8805.238384692158
1859.5126254646054,5723.623691742281
6416.365680021807,622.187267163562
3567.3418442550164,5570.1911953950275
8613.3942048143,8544.153041772255
4992.777427075887,2277.9018197263435
787.3718844314448,3927.784453954195
6929.398439255273,8221.165376447872
8919.58291917093,9520.165269474728
1126.0728290485001,4000.3653169344734
1619.7833299011477,364.95648447107175
3848.3523046778155,8760.475315229181
9568.567840943408,4704.933782631015
9734.56308158846,3425.851979861021
1998.8549506817842,20.829750685601446
7154.775567902305,4765.430770504831
9310.938352790217,5669.900577380329
2888.653327683849,3817.2423931201993
9684.382391604422,4.768411491641311
5732.149013098776,3439.1048508406975
4691.569348832853,3835.4722200338897
1885.5348928551264,6153.478635384316
6053.130650562887,2956.9244835958953
4536.977802505444,3793.859610139243
6839.4830188705355,637.8194101681988
6272.007276897271,273.0467783500812
7061.173140210223,4059.6971302739894
72.27786925925739,8326.932219829658
5788.298398374554,8474.447061221288
7804.107398669778,861.0333038991035
6740.412656206426,7042.742207868541
1206.8626885272738,7097.337702859417
9978.79541088897,1744.4259975416776
1056.9182469369498,5007.376101266304
4196.634450515633,195.88658122713932
1784.5873456226757,8577.665914449333
9643.743793205545,1356.216314659151
2607.1788873890478,1055.64255282812
4494.95382320047,8976.077698730613
1361.8084802108056,5040.645599962907
3203.9686847200765,4085.1293801164647
9659.353277966999,7011.529589850283
9588.79753066972,3949.883544658341
4404.201897400697,1459.4020528160534
2605.435650169059,4155.431589654767
5186.939840051318,5958.0917499714005
2531.8173891755614,3812.9447998338596
7650.477619137419,6606.419861627249
3706.6093892005915,9455.660168541795
3166.6269002629933,434.91247386069466
7698.558933100662,9900.559414527725
6997.8346868152175,1265.8042100507748
5678.278112638748,1167.2020428116036
1840.3452206035142,2234.876415143301
3309.8290571308385,9997.942795747584
873.5397451829141,8929.616951010634
5119.956393669439,7144.253957491718
2608.891429509501,3590.9336238345213
4908.4653488789445,1333.442792018803
2503.0650422041667,3026.4318931098555
2937.960658042582,2981.8873928751887
9170.40157370373,1697.3326657276843
3392.3857916839283,7763.353543689189
2905.4608848566854,3039.397857152867
5698.78672846886,9443.634488955398
8233.560925734404,6150.649599072155
4365.959683524833,3757.6034906293753
9183.4946320144,7160.085273991149
4655.087917002857,4245.430417415845
167.78697618482497,5504.907559475059
904.5540600560886,512.8237847749862
7034.186164317452,893.2940573937753
4947.414623250194,9075.833106290966
8484.628793368096,2172.2278966386043
7372.416646314192,5804.282170927484
894.5486202907072,3855.3383673882513
7773.726985768414,6942.47862773059
5022.769577666266,201.1230071997372
7212.558497838109,7208.553571348558
9580.491258193175,2016.9123882563001
4213.617878228622,5340.579149287152
6100.833176277995,7121.87931061691
3312.86645399104,9668.739811912492
8483.644520701822,3177.281706216749
6994.906285899506,2367.2935407764408
5040.818380894599,9510.170877582777
5669.353620681865,4695.1443793839535
857.0146933124845,787.4197376832303
1246.5396549326424,5967.4733097545095
5192.250337482968,2547.5549814497444
930.7502651268995,709.7606591020567
428.44330905511987,6671.28286222009
7071.912504769439,7899.217012271102
6277.747843418453,2774.5918282654693
1072.5692861684288,8285.563236786023
581.3452136930897,4793.467666260994
5844.508116605045,9406.960749035072
149.17478600793066,9634.542367187334
5102.085796755225,8021.316467910764
3547.718070047734,8874.066287017491
5587.546302956506,4910.329527226251
2910.244555997382,7668.63607013428
3979.67484052114,52.35155882902687
4979.32370317025,1735.9626272466332
1790.0259631783942,2796.822924459844
1112.2315917009519,9944.149345564958
8675.171172889975,3566.6523882949173
9092.592663737605,3823.3927549186487
1502.4659829427478,2315.6295756831546
2633.4244147214504,230.96055324127173
7006.700601478653,5499.540273441703
6300.369045739114,7513.149781439536
6228.222428149815,6772.678140025238
2179.258990222607,5897.700586585624
310.5532240679332,2830.071666797328
3394.2648293032717,3645.26041527918
5330.189948781844,5518.695814865235
2662.067164709643,543.6234468349355
3777.197228113114,1309.0426979649794
9336.423304089918,9281.985473858074
5237.414484378304,8341.744394609776
658.9859148782773,9296.811148371553
9609.252843297098,941.9019654930261
9199.486632808657,3292.336223562774
5482.718874851647,570.8979921135326
6473.0521091461205,6162.684327575278
1683.971463817523,2146.7608366869495
5510.373212267974,19.187026988169986
9147.41864021754,6775.972526161123
5025.164384317204,6941.0401797181985
520.5331073933684,1627.0466460864486
5435.322422625118,61.061777267495955
1774.2619151551876,8678.03681177051
8640.408677404808,5808.922948220524
6159.39300680404,914.8081830950083
2303.335253583795,2549.8362700015
4197.921266691733,2323.2457468834964
7757.630128740349,4950.542770157891
9905.853122475435,5832.337111353527
5886.873399622389,4360.277511374935
3879.567614007409,3985.2274147801904
6773.313453765902,39.717481568468656
3328.095232221493,6530.600986371615
6855.0078126688595,4211.125795076731
3344.0307583518393,9540.144706798184
3656.994311482307,4020.3348293949803
170.35073361496123,1519.3046976516434
2658.494481567426,1850.4456200763818
4093.084777767403,905.8782425953426
283.67744753608036,6643.731965558569
5295.056937000662,2397.847437542605
2158.573646774059,2817.053251588213
9561.767464487844,2558.7936179441926
8230.88584278621,2931.4277469708672
1533.9963246098532,8749.963835094775
7785.488581223563,785.6541215954005
8819.04326642614,5992.486416402007
833.4676414952457,171.00163629741317
8660.332937549763,4262.057331552253
3863.8427697283296,2271.395776755264
3523.1989297860987,963.0245636901824
2608.991917037058,8320.665653058953
347.8270239448988,6976.323759197982
4119.2519780784705,8869.490347949606
9219.261237613831,7432.2791558717845
8780.357492099367,5908.662752145081
9131.441818711244,7298.773389000077
1373.3123619411813,7710.155557068233
885.5134953996991,3577.9710923544385
938.3652878007775,923.5931719158674
9130.735428334328,3317.532296071464
8018.394756373589,3511.2940508283154
9328.149942786833,1827.0988640127405
2460.3509402456757,1037.677877689115
6446.792803052354,2001.7699314699744
9115.385811413462,9504.692767641158
2473.1424940411007,9888.626584593805
5118.583490030697,2760.187028779834
2250.499036993937,6928.946955341735
4034.6878091385106,7990.409062143815
2591.8555865722847,8157.998872143993
2676.429437781743,6057.298559833214
1835.540522201009,7952.025731238395
441.41920868569827,7527.374338203998
78.44773515774173,164.06207933978624
718.8026230968359,1252.1753200407359
8351.694076808122,4369.902663016783
3797.509554175732,8507.391148807967
4520.6154515118715,4943.954317737093
5320.0627762104305,5514.802966164037
7892.059769375883,6530.506642976681
671.0286821364575,7010.60982657916
7691.84267547861,3085.941535042197
5177.067532515945,990.0097916857886
2534.9232983238535,9804.15059005651
7325.906694222603,162.45860709960704
8808.206053164658,461.9017125118963
4308.5169950381905,9951.564275922132
5395.423153418074,1725.9708627794712
7048.377888711715,6769.383486256815
9697.824551391233,9052.550508364595
4878.926266402999,130.03339451984286
330.3243314012605,4576.825472380405
2474.2957261146394,2036.4538701732781
1047.4926807391105,3181.6567607804304
574.6586641322282,4169.655151925235
7697.849284832517,3898.6065327130837
276.85130881851205,9946.120936532985
6332.929743437541,9177.83643364004
1532.0313045035662,9888.93848957054
6937.330114120856,3123.2219224831147
2385.3655410950337,6977.069913434404
2042.0623124804927,6304.379453180882
6856.5820150836125,4787.015316166282
9381.015875760191,7522.527283888688
2725.960068552525,1837.3362844799624
2890.487611741196,3313.006749184534
356.5411642117611,6613.367942605809
5470.872811043126,6614.056688852797
8374.18126109726,5506.246642246177
5038.303927683301,8456.634019006602
4902.962395299404,4966.303956316372
3694.7969385236,4497.965098002297
8851.824551351316,3337.4588074721933
2312.5406728844778,4061.918383220983
3992.665884292813,69.02473608136117
1128.6836151458447,3528.2844967581773
7114.097835341966,8823.711763812418
6155.80708489394,4015.0431719551725
3571.4547616622726,4626.581855831699
287.10326139609555,2898.959633173337
7168.367446773459,7179.405219972032
6477.922643340975,1304.441930923136
5473.1275595908555,8322.106906223677
288.05512848914304,1380.3999904121001
3146.6970669714788,8277.991215297514
8373.56056745044,8186.188381645982
1065.1280316610269,918.750538414429
2006.2044082475127,3917.9075581862553
4509.651591090621,7692.764645990531
7749.221226225273,826.2137506919853
6788.391129991239,6445.582270098683
987.941038300798,5242.382229816885
8528.234588831245,578.3289250303425
9635.719768571267,5701.590962450173
9018.264915023085,621.5059031741798
7816.80589036657,7531.79277613107
7316.020119048545,437.0968601128444
297.9108091198801,3065.050901735247
4328.056531859358,9615.47601875906
9054.448947256542,8850.323648764932
7598.7183885697195,7585.157711995437
8991.373541436678,6990.4686534513785
6557.105163546942,5419.467966766752
1201.1210358194292,5803.7945213979
7156.825448300079,8762.21765641411
6498.448807141327,7869.0371332270215
3026.809023918707,5023.940212320736
1010.744442702085,4578.53744417227
9506.88870087381,166.89744860262869
9569.3741223311,1520.4964135587018
8997.176084138197,4430.4056731116225
7604.019568885045,5062.509290071502
7564.510107381587,7897.270228764553
659.3095850914355,2210.424255940937
6078.830486203471,3642.2769585099722
8247.84847867027,4619.227367966941
8085.571893736168,7150.778888101285
1020.5046041416877,6675.511117098548
6230.279604505874,9963.57810886336
1654.253254087884,5186.482280710625
8292.00461238173,5244.776140933486
8766.91235439658,1314.3798273245245
8333.491013776465,9730.12720728374
474.17541822151077,4950.765941317616
1752.2679996140266,6990.574971672447
1675.79320254438,4048.601511355531
9349.848658107114,2.082099671327775
845.9039517138456,1029.4469558089781
2864.1201118814943,933.7075960194862
9725.781409012989,4013.068984982785
3821.4185516417574,6058.347672654682
8116.406147630101,9932.439717340803
3641.517502127978,5875.1451870240435
7422.140647379304,2292.942606495888
9955.218846207617,7689.9293108702495
9089.04739506321,5974.697389300997
738.403231138145,1372.164368793023
6465.696021755434,4502.920348052889
8462.134273957028,184.99926533259935
5599.795839784537,6319.756460814626
4226.781743397012,517.0443593775032
9362.389864487654,2025.5978420866018
4268.519639789629,6622.524006013389
4435.117916016542,6825.04185204354
8329.139802813987,1347.4445942849866
8663.646364514836,8326.65398112593
5412.437805882583,4023.773413428312
8089.919405431954,3730.4728975107173
1252.73706637682,9779.113639162842
8087.470043602045,4024.9848516523903
2795.984699315243,4742.3586957880225
3581.9547459926125,4717.847954091085
5669.572052939813,353.8920061962547
408.230604993256,7063.3188124977905
3048.1729626764286,4122.499543841305
3294.1881940071303,9488.984999209586
4357.747482614373,6724.837249589809
1805.1811148594043,9075.302626040922
2381.7053893087805,5336.2664614494
5813.752911364113,3479.268808955743
7770.417775973406,5731.264715569091
3096.923946112694,2443.914130621403
4658.081743229241,3912.7178607532765
5979.416279839,9481.379320451162
2702.3281942505264,4677.105647833514
8060.476832477593,687.372381783723
5723.376138770025,4016.1258029635605
5301.883281973442,6018.340035520232
6598.185186243807,3155.232518047949
5139.013976572814,6138.056864767063
3813.1820667110815,7796.780425769074
1867.9861902890727,5146.911333519573
1558.1383500527945,3125.7055382889375
232.26357566418997,5417.452311666238
2043.3852835580624,9072.97493573543
4028.501655038329,1433.8357800526414
5722.560255079477,7172.668467379279
9154.626077265186,2920.813551083162
7344.623814253509,2768.4972786758553
3968.009152995079,6216.881408087231
8131.200979163543,2112.982128772908
8004.122584887521,261.51442904112645
5057.527409693349,3642.641724116893
4288.215352081784,6323.330483905617
9876.492023388257,9725.268539431843
9931.695309518698,5337.778134321089
5837.529416072746,8091.735931497025
5960.275116587569,105.67246492949822
5127.599696553583,6625.825595000312
3615.0015620734066,549.1331752034146
3409.86402816538,6215.688751792541
6885.439834519924,3834.408702463048
3429.719280157607,8006.046223935512
3443.038671536055,1303.4520897185641
3379.018014458235,1222.0940939356017
5533.05819659449,7154.781835423717
8231.69899845123,4517.102748908383
5625.283566325964,3373.4154420660366
3215.1042395485774,8426.515702384619
1728.1173516201443,6881.1518165162215
996.8601990416493,8451.34468806228
4902.309618377409,8841.657388595417
1851.148487535592,3750.861154150921
1323.8892047147822,9035.459873540094
6295.9677180897015,4655.88607876083
3875.259277158537,5562.148314047815
1790.0132445640083,9282.326351213787
6571.1966533804625,2372.0258775627044
4008.4268997671848,1086.0743889085268
3770.685772877854,9001.426574571615
6958.914769589073,643.7830552142365
8931.201049615653,564.4391916432834
2002.8032332766777,539.5194852852359
6405.4186758981205,8319.432566025624
3741.744369861365,6829.391234829548
1256.7996489025668,4415.738621357087
2571.0268250519052,4382.21359768686
2126.340684955822,6669.29493659047
5.480458713998937,8491.932440189546
1556.4739968813378,4768.4743355038
7082.581123249884,4400.926083026902
2271.9458960047878,9256.439757546857
4677.532729140682,4814.176493547864
6105.548740021427,850.7930197712788
2611.270391944468,7259.301427974237
5344.108986287085,2055.521935492447
4983.826336752829,4809.922169307382
6998.1534740780035,2700.5635560793385
1834.5306903224623,18.076600800046585
5412.805473641106,6210.4012530065465
7154.873735054427,3343.985742369341
8783.62328730629,9012.096090999567
2840.041348209433,7434.892351357315
8185.742139134052,376.8464712563946
8324.057807668114,6198.699841474703
3015.9216591904224,9315.734784823391
8229.365680780802,3647.726241742405
1628.9688606918373,2445.366488066081
7319.277809506341,7672.165625727039
6226.377601948784,538.4169470026412
9968.498663014445,830.0429059994585
632.042959087552,4473.430542477119
6650.7494712055295,8016.75043045937
3599.686073976517,3104.026008371057
8768.529703461496,8623.392815558353
2003.9859131637893,5265.976962287947
6064.3185403404195,4914.048098917997
880.5763135778188,245.15669189605572
9873.480594351353,9800.243196054906
8486.04741317387,5687.294320899271
4257.039441291081,7426.9534706754885
3717.5389489622735,8723.019198544878
2165.0319282510877,53.81953624408076
8714.23013292064,65.18328463913869
2479.1486719355003,7234.883916904182
6486.126577942829,583.1090623977719
5711.3150811423175,9652.885648253718
3435.084739149302,7370.734439193571
8851.890976373137,1848.9898826298968
9758.341120183872,2912.103565773163
7871.147998458016,2776.2678187550296
1290.8383509349585,9010.927669428056
2512.695433164337,4200.661214121328
7835.799188942922,4718.997873310551
7813.1458784789465,2817.8776580059307
8601.20677977182,1018.6271679652425
7063.519202543032,4847.553554840689
4632.150905783161,4876.544180220185
9009.548560970305,499.39523782689287
9078.525061928185,2359.5819537378525
7573.791568580625,6393.604759983004
6650.329593323804,724.5692640931711
5886.7970462726635,3266.5494389590067
2955.460078063661,6409.816894751893
307.60226122012347,6252.376526144943
8547.15996286845,8211.72995200406
8917.14286284386,848.408624680509
5630.419009114451,1201.7203594815373
2173.1117842984436,531.778675050526
1214.2475673047059,2983.464944170341
2688.57667672877,9500.280241310624
3198.2675275540882,3177.1931755024407
6793.244138452405,1654.740287129276
5322.1392654443125,66.79926806827163
3270.8651151015342,8844.880580298091
3489.6141599909947,1729.066478187742
8649.957617104192,8713.76297202833
1029.1721877474301,3856.4797699959054
9591.040048118337,9818.903698846441
8283.35127964912,482.290229324468
4157.829158511578,5183.60320443344
2345.181606500878,7821.424738905985
7227.150804068861,4504.976490619386
6881.404183972291,8864.953683053265
5719.401425105451,5888.60917027615
7249.1819763456115,1277.9051593766578
2483.2905514929826,5062.233766924384
3925.5638383568735,4471.36128452576
4804.45116965149,9429.443804211674
6190.35420958593,4024.681671976289
2335.532523382866,4731.520546967097
2578.3954811304334,1111.8993285960864
5701.800514466609,688.1919299745631
7090.627427422776,8204.786830215287
7853.4341428159905,298.32204958394783
8107.401878665205,9703.137168018895
6406.477285587822,3779.5922353431565
3921.022017387744,118.30155095377881
3139.3108810044337,4879.203513239563
2717.593591471709,18.015893580689557
9382.641424998574,5133.40689325537
2405.3891419757147,7630.076073337146
2246.51509615033,5231.267017407348
7558.9336702913015,7113.43928757816
261.8575420193747,3656.9492655482272
2529.075966108896,3322.587216328506
2042.8780139646208,4513.287017561306
7044.072688646516,863.9477878508162
221.76563282096717,5438.110768563922
4184.420802713525,6081.498691149669
5725.395028508745,2310.6075265147165
4975.789463657362,6868.585530121606
265.5729768371673,44.5415266753868
7305.060976931131,180.07973090450102
8117.532699856315,8826.039627939577
4800.981828993036,8738.898728506056
8145.134713612193,8656.650021449905
4465.274392581025,6732.521669475718
5573.790825167174,912.808545921131
6328.091039482455,1013.7672789122387
3180.841080656519,6967.689661475069
8203.891535471392,5084.1933922789985
2131.8282157171598,5900.6039000343
6920.19687744079,4405.201075575775
6896.848105022268,1062.370357784147
5746.601008026212,6950.033654077339
2411.3579938466,2519.203108624504
1430.3140268685465,1499.4989857812225
7145.972059186694,3506.5256602655104
3843.9669112272636,9004.500055956936
8544.450883512338,511.6828542321894
2925.4510961347246,5095.236939279129
4022.331080185573,2076.4808262220604
2005.9797501384712,4700.041335081169
873.3794739716238,9134.423730628903
8850.604937520216,9383.825196993133
861.4198158830055,2695.062824952019
6022.226123157474,6733.813405408649
144.83399641585848,8280.615691620136
7549.956915996676,6871.202481857878
2012.1859809404618,2103.492845673942
3837.62595036504,1603.2748012136233
6448.566355459093,2135.3381721586575
2262.9638362389846,5180.581354403826
6674.303897386991,1804.5825304061325
553.0729788911149,9037.587852727038
6669.59264051344,175.44012136909038
9419.509201609348,8092.602526862236
7139.825724977375,8979.053587012211
6735.559424908033,3311.7452570717896
1104.8204421838636,8011.655350535468
34.67206333717998,8221.898099595423
893.3738488627207,6438.16348762393
9516.855288470684,4747.518426255489
2117.021278425717,6300.924659700223
7471.390930969683,6460.159018591159
3195.7672413336004,582.0731190089956
1575.2162230156587,3090.6153918020264
5205.855157749146,4236.272399826491
4235.272654992979,6392.9889841505665
1466.645355339795,8676.826319811582
3342.1645827076472,8545.13761831624
876.2262224256323,5744.710501463345
3321.189970902432,5032.92746611883
1391.2061913833395,2240.592329732183
6172.840299706305,265.64903086120586
791.2442841204137,8012.674338397386
1849.7594385855664,7881.463236421255
2342.5661048772827,3957.603388238192
5498.484535760999,1864.6146487703763
7535.818386734594,8370.769721526418
26.02716494047086,9368.115994130183
9491.004892696148,1424.381074285148
1304.8060867735223,5914.065201180194
497.935235703445,6475.293767681448
7917.081711975407,3765.355323168101
6980.25333093155,2405.539655294933
4841.342479401899,8907.875809332392
4835.714741861208,7710.271256638945
2591.8352617924265,815.3465826242601
7219.9384807796405,1045.4822670742103
4792.968853729959,3598.345167901559
3760.9496603544535,1262.776676796793
2139.356224422324,6271.316874958184
2042.2897194149402,8635.799480870766
5049.743875651357,505.265901036932
7372.071296149031,4958.767719135546
7490.31840100074,4089.348157634163
8722.352315731283,3679.578151345417
8635.772052691647,8254.03125919603
8292.922974498619,6061.677590036036
8631.027622392048,6837.045571473369
9504.07993254508,8474.56413031267
5109.723496438304,8785.318885506918
3407.915984939818,9293.79645812976
39.97561534788918,5550.96550674024
340.1772072516496,9163.35665636103
8907.717802309857,1587.2085978732964
1507.4458572733995,1606.123231368727
7598.411122229126,7049.500449343291
4583.4000655447235,1513.7013344865425
7987.977162274018,3609.7420124781397
4949.038452573294,6217.351522828512
6032.395057707046,9480.072141190007
7755.104183635804,1755.9270268261118
4180.441222082015,9002.646150568804
7883.2383279870955,5431.62510451905
3499.050916583295,4901.459027478439
7331.990291071626,8252.66611350643
9216.182149893493,2973.7403668764127
1387.1235599311603,2462.5343977172597
3309.453411427844,88.82555659708858
4172.811542936655,1164.5793850193554
8315.799124200828,2580.236802325014
6331.990468741172,8987.61235038887
4183.3982201892095,5909.207251704818
2844.374567658935,8318.293047520749
6426.575565021188,3296.849550141625
2094.372243401106,7592.244993926582
3966.4989449578516,998.8761074051866
1995.96732687915,4961.267297163829
3043.4640634672305,8859.71022107066
629.3427705824428,4684.287119603423
522.6178017675975,3295.4798639098058
7797.629044812391,7641.836541386951
5770.956246844572,829.1753082009001
3656.691088282764,7099.279513296172
6949.660626008523,2672.578510493868
6466.285194287979,9078.77849387569
7590.962460374053,2059.5030005991434
6874.628569618785,561.5142340743839
4844.774106400731,2797.984688139461
1299.3702170195775,2599.1519116437544
9878.003636479476,9316.893499477854
6191.15814207615,7088.426640994096
1829.571512819863,2449.704303706115
2897.3097506374356,9212.551477747853
3169.746163550542,9843.278558262562
4710.760480452281,7656.083758429816
360.04294305852056,4366.688286647506
2180.3038679244237,4061.366287330618
3626.4176139395486,302.53054806125834
1731.7970855724896,1499.1221038439905
796.4146258518367,6015.2165020334705
1840.9613135263392,6229.820747809319
4853.145537611305,6804.092378989598
7625.082675588044,2187.400707322096
8302.519743126422,8863.662678352965
2054.1416780227064,7557.661885494501
1248.0815412487377,5305.288484851487
7140.173730616155,169.54255591012603
6302.62477592965,7739.189250218383
3674.064994831796,4436.3654365521725
4149.097272181426,9016.070765583485
5730.990941496593,4999.1959465394675
8311.500604817102,4283.180006771427
8966.030247268698,2724.3322941063875
7237.444268917141,7288.647525036844
5969.613410208536,4149.314671237653
4218.740826056523,3448.491648852471
1220.41887770442,8030.155835686417
7081.624793318611,6573.080272647642
7265.507441186964,3783.907940702619
8152.195483963127,3120.446479523742
1606.6611578944012,7444.069618985259
5939.283691748613,987.1397263489656
1352.5661982526437,3042.263108566847
7867.152101058537,3854.1366961119393
1547.4084883874639,3140.8049352149137
1725.8279173101587,8912.29372085404
4175.245565570577,1817.9178165676235
1658.54521255408,813.3406173385049
4475.988426669216,1546.6441410042607
4990.072320244765,3761.817683177342
6142.569283498712,1389.6549898829492
7820.674513068634,90.29119802773656
3206.7164352120303,2771.053614838552
7084.989032212194,9478.461228542028
912.1537429345794,6863.371211746187
8378.159304970559,6910.579986822768
1536.1721195467603,8802.006435596637
897.4889736098169,8329.150509134377
8934.310576692158,2709.2311700512328
298.8061897872396,8779.30713471316
8235.254973102643,6203.877391966812
4001.7925728393434,9285.908965664865
9020.43684066262,4854.471769121897
7492.028903555135,9975.05057908458
5106.790871649093,7232.132486473394
8443.193275778825,4661.402367109481
576.3499335978817,8972.505398601608
2562.7198483568714,6595.189691366404
9760.56400830352,6654.967148548455
8799.269329545466,8239.138855938068
4437.894742114836,2289.5127566512774
9808.909948608853,9842.482118547074
5214.6651123032525,4888.044896144031
4013.6841909114783,2452.703542097845
5972.191049155169,7159.300631198445
9892.679569872322,3519.6076927297117
426.6513082894752,2061.726857926228
5.880604341190754,6509.1795411202
5219.728470910642,2216.0840534654158
8473.802309091903,3435.0683706600616
3102.087347053598,4203.4768256102525
5706.302435666243,5759.497462949109
713.0522492941327,8471.680283383626
895.9793132006811,8426.838227975986
611.6169815668759,3310.419171930966
3894.7216639290605,2568.468067294117
6210.521101414412,8054.687175792797
9434.60452876633,1347.370455203406
9508.729335224583,2526.4732412494295
3802.9383052983144,1018.112628026705
5736.916714256639,4897.613875503981
8422.148025224333,8459.244743131161
7058.032102642324,7369.911008797499
6110.415978095919,880.7728844545815
4852.644247926617,2084.019690932458
2232.9035202979585,3348.5561212191674
1817.2861710565924,1322.1569222359296
1267.9197346804083,6855.183161753023
9132.612490182726,3986.8603747147413
7409.164391271908,7476.614515712509
6252.422413630659,4406.113485059776
9060.161312657587,1526.9791673707912
4205.355523764254,4508.399129464723
3808.437754455971,1575.8301775304128
9835.310617458685,9783.609116698824
879.0146137089328,3959.8252575906245
7979.928740898392,5241.59520061674
6987.2412219888365,3878.6071966329982
5072.919096212441,4414.788498327566
2078.894105631893,269.62581673348194
142.0181753639449,5515.904633862676
8365.787261802943,1262.2791512884835
7424.215064929631,9200.75112218081
18.75024482915766,8843.978046933522
1056.2482068946833,6878.766372817135
39.620850779553685,680.6867556543783
608.3388579024496,5414.808500819975
2952.9278820557624,2458.9851856306077
8146.820666024899,4053.58834257873
9931.482179151464,8792.089249660934
9523.310378247239,3576.0334973946437
6047.461024526788,1366.9209900880896
5307.837068232772,7882.950485231462
2358.3012831237083,7825.253675058145
6963.523454072673,643.8719316682407
9667.926790159996,6619.439200382809
3675.477759296346,974.3027343276556
6456.871853162307,7653.167972923782
122.02164874106414,8130.512301255797
840.1818049798227,7510.722592253275
6015.291063411394,8336.744892142855
2156.0317578440804,1991.6032541656014
6905.059290579337,8720.571601156184
6387.788179854549,6989.820802524302
5071.966458719369,4595.766291912809
4017.6025092155555,3275.92361923259
4426.595017171294,5478.0990514578025
6492.635113998674,9594.46854327011
7748.550391344131,9415.476828248151
5865.317833293992,827.6530946731442
6708.963361194251,736.128510638362
3504.0947377828556,1877.2614292758772
1856.2010333860878,2930.2832054071127
9856.480957524258,3311.1969997980673
32.72989824054551,1492.4477638126666
3045.6919370929236,3167.8876177431525
4401.041241381488,9745.718851115893
9188.840340841301,4536.383355357901
6771.961184502528,8928.265090721545
6293.114649903761,6537.42685125794
5835.672595651485,8833.561485667728
6991.639254185467,3732.537151776906
5912.886028809878,2826.201843970363
6627.662676653579,8051.316363867572
8166.197768098236,4908.9664823715375
1826.9152645446395,524.3586793971544
5538.543883933608,1452.5840517732847
3547.489756100314,5189.128411457751
5193.480068101381,999.0178890836298
8233.882901059325,9852.822588075092
4379.8575491995125,3188.6370392277186
6538.04365730445,5751.959837326112
4718.382575145245,2821.904496759995
3293.9524935448426,383.1856860257776
1085.9184455478166,2706.8028125634346
1565.826238290392,3266.160408684162
1802.1691055264355,7279.129762538434
4357.805768265795,9888.83431548658
1182.4797421596168,4127.949858068104
2855.3137228014048,8219.119406761718
9563.185472897994,3918.6666578956765
7908.7825698684155,198.45804816144064
4026.279973812641,1678.425555505605
9260.024682929314,619.985672989789
4258.277172741225,9382.638076133806
5857.722389500729,4674.06540722258
5639.143605058331,9000.060992732739
9191.99010124038,7767.538739475949
7895.27421826502,6647.591469995492
3193.9361231704665,451.77140381847727
2183.590704785363,1269.1708280233106
8916.326168983645,8447.587544252983
5110.281655455146,5928.8121794052295
4464.402347440111,6082.173320675154
5585.480963496978,3920.0833563116175
732.6319886559729,9198.686033155998
8501.872698337644,4838.4031930714145
7783.879817339271,3128.6517205220644
4099.197593137117,4450.567194471217
9741.793921385237,4169.685767089619
8650.270933713573,7359.548627897176
9245.36671134018,2397.330333849206
7001.380068250879,3631.1041002998954
6457.399315010574,6676.1362195296315
538.2836369286637,8615.08991896995
2686.353917804325,2711.32122520943
5452.779427758062,4952.118524749527
1019.6382452176289,8877.219332643495
9783.439279696304,378.87341130927285
5749.338441772101,6896.205688107222
6514.462589773864,5624.702998919943
6117.465648933134,8807.183846878615
3092.8592600857264,55.75360125242401
699.5716432419796,5298.357972812169
4441.353661583024,4030.081369329127
6371.418963398967,77.80431000146581
2796.0753191798835,9995.380564524254
7179.217761092709,7907.98016431514
7590.118910669879,9136.257154155466
3989.090661701895,878.1629814833492
8957.736160840801,5149.273872986869
1641.9602120177744,9237.568776091026
7430.305978352766,4649.400938373142
3968.7445186534774,655.7208489603594
6639.749765137264,5319.1050085873985
9034.772626884882,4400.769690313904
6715.24973902138,5799.145102092651
2889.982877307243,7615.852648439565
5928.549874398264,5393.448974242258
3001.550353148156,8088.244144247454
4578.744531506696,1591.521065569389
8076.424825804918,7862.374893814011
945.66517912413,2898.443296682843
8106.8162850575,669.3583410592729
2344.135497673485,9422.201311345198
5752.415586510541,4842.8208513663
414.89619208706085,2386.7332586963207
716.100679647037,8769.555062578904
6350.611693290966,3976.4905418374897
5127.672983834899,8209.105305676143
166.39423718896484,2647.365345083721
5202.552860653465,3244.6707134101025
3467.04574119828,4080.0374401159365
9990.93643235868,3079.9234997537474
2110.6290678991345,9619.398060232206
5828.839990785733,9687.16131644704
6612.762442122778,283.207980507959
5552.37374676206,8528.640100527347
3358.8262508553903,4958.002421379436
1662.6586241539321,4430.512133254016
904.6261899385199,5803.228795530753
9937.080361323533,536.8904917062622
2220.527915270155,3062.1045290857583
4573.6004942928685,8317.1302774959
3074.067781354386,5202.314172096034
2643.1017411465664,6173.628697756991
9903.871249327189,5048.4738853826175
2401.564252287437,372.31032763840767
3309.441647566672,7146.774649130364
8720.601743691414,9915.367956275319
5644.494868108245,1428.5384576247995
680.1755348767668,2061.7698007394793
1892.6979426724545,8657.278285782819
2521.409169533754,8950.635019962196
7926.892504930028,2034.4451831734766
3806.2135354648963,5325.436492927452
8666.129290658779,799.2520127515623
9781.956776727762,2899.93850059142
1250.8346146347405,2853.1613978000246
1162.7504445063464,8370.06020601897
4501.061085561335,8087.662635168462
4579.659753423652,7131.119026435953
2319.676138886405,6388.28055625543
5203.45074947733,5403.4266398672335
3990.1650638270135,2389.3409794586983
9032.264272036227,6520.2850623612185
4063.8612862972614,5457.746458959902
1135.11044413653,3736.829292774254
8076.609011661973,72.54436000200593
2708.2572733700817,8558.96168455943
3208.0768606314323,4238.781214304421
1118.5687253598264,2168.043239063582
1878.8290436347,5474.960455095495
1588.6963462003932,7872.460211842829
7827.055343225899,5237.959700991427
814.2974954039817,9520.835375416584
2286.0349645028746,3706.5064382569544
7272.869325929926,3187.85426232342
837.2709351465313,4359.218291786391
394.9895171892837,7642.399502877307
7045.953295703038,8104.862060444864
2404.7507914305843,7717.248211025542
118.18417322374653,6074.190749718544
8558.853007990696,8796.441705645211
2758.030815659329,4331.567620387803
2372.109890833746,4452.896386053593
9813.345631877008,2536.5261694458973
2904.2674180039694,6764.956853641051
4227.85324523722,2491.7264457073575
4692.277222020253,6589.337194066426
2007.2332501670842,6846.123590706291
6859.54676910857,1414.9365625316034
3225.641348367888,667.3111676621979
8781.127156251057,786.5230290496817
3632.6628966664985,6528.5906109296675
7755.172282723018,2385.5833568502926
7613.4439594681035,3438.5837313416077
7458.7319724142,3598.3536021994855
7669.846350883173,1472.7628074039
4245.880380790754,8602.123932169028
1115.9362865925493,3415.5887051889235
534.0736485467368,5806.3626375537515
4223.806209173921,5547.405245493441
6488.103318369175,284.9957537909931
2501.722391411493,3845.424137769211
9076.64420212453,5469.207585139167
8240.103744561618,7854.736325240689
7596.600060003644,8324.510101274525
2460.202815137418,6913.102325788465
9299.603541562434,5332.27276101276
6985.42147896655,3340.022923664672
7800.629920689872,5068.401340604354
3722.54399140148,6134.686975078824
2877.0520307123625,4714.059627409934
9433.569662872545,5254.391869741692
9307.505426672265,7574.304173109792
8939.573354174665,7564.474203196969
4535.454800548686,1982.2400954250786
175.89028564850895,2240.548628145155
1773.248456243941,5324.254895219563
1157.4813664468586,583.2599402573935
5670.122877830435,7591.3206309488905
6015.289616012801,9542.379929168615
1049.1162826097,8643.975907671083
2934.089214072545,5684.716603579252
5504.3283137927665,5466.359821694678
7405.7435186168805,2942.6639803312505
1741.9995979133319,9901.740451082354
3668.165309495315,9429.755193897226
1112.833834160657,6746.35243549241
836.892158265623,5765.084560533782
7474.2098485606675,6518.022685132651
6240.341684958712,9552.548484804018
5086.693990623428,2073.861555876874
5193.373358106783,7603.273849351336
3038.551741280735,1763.0418986768748
803.8324784201823,6873.5112901161
6404.972883340984,8091.103781440292
9630.286972307209,7564.859369891219
2126.5494258041526,6944.6532413251825
672.5825034916278,2723.761376283118
3077.579821276304,2872.0948748117103
4561.948330050145,7285.652816529798
350.82975992727694,4116.871441880176
3661.2312282387925,2797.7979278742637
5968.914386142104,2542.134452744124
6085.080861459429,468.3824947636961
4389.370878706213,9032.393912757854
8869.166965369803,7611.323858271279
6663.167192605105,219.05448789070968
3776.52678053667,7961.273429830122
6641.844860204174,6775.910944568282
2321.389984386546,2782.1107030254234
7062.728039152404,4407.55549436553
7658.40399198494,7043.1875274067015
3373.5828667233613,14.343447297980871
3930.6953572370485,4267.053269721954
9026.821241850697,6408.458967423557
8497.920991908313,9112.321300334026
3488.702983458859,4862.895300044738
7243.278015718184,1617.3453135271886
5860.511735912881,1594.6053012456719
848.7822585193727,8149.037704630205
9640.18697083504,9588.53370886398
274.1771141954985,3785.294327315453
5882.702715642135,1642.1194628152825
6375.505280300945,6469.66124048414
8757.578137649756,8205.880694878959
8561.232701085972,7657.864850700913
2141.4499465203994,6923.852280138321
6127.6011628511515,9600.306207312975
6138.233624874027,1080.128791698295
2790.674979325938,2952.492400740685
8023.598942188594,8900.483965116131
2203.9932160771523,4173.011839208815
9678.239833877236,8086.2193442700045
3197.657037531703,3693.236098957281
7365.874860059916,528.6977698908324
1316.0332304349686,8595.54587829574
5439.615643652185,2701.993384348594
279.5375060182714,5217.521013802422
3748.482722634593,9243.328937033504
2605.113397604645,9625.794592951768
4904.429836085752,3316.9846975705464
6765.273223284251,7445.039430587563
2458.3185495009443,3177.3655361496867
8779.671216830666,6103.210248501947
5333.074987359402,1038.9062708082065
2245.647267257165,6798.019802345407
5897.769349996651,2798.3546676719716
2170.2222755642497,8975.971050412707
389.9016841644609,9839.301286472191
3973.889513195028,614.3111755161534
8007.052848961695,4933.899519372714
4634.766413908853,700.8817970385838
1117.197979037301,9115.94330612667
7771.271411187898,1652.6651307183793
5361.203895156116,943.546959665248
4924.074207798619,2463.7585510258377
7938.482925612086,9281.357595718697
9276.66786823757,6349.119445557564
1880.0308316573044,2438.0570897084963
6880.129125352293,8166.483214498845
9717.789803656846,6188.791459418357
834.2668447702339,3156.298592770137
6924.614766061186,6575.60687691352
9447.325429421295,4598.442369391142
8123.395545616841,9441.282402170655
1445.1721067257938,6127.0342693486355
8523.936152720888,5997.540090782147
2801.1963450499943,8874.690375762959
3352.9053647917917,4522.351459821192
1122.2816260385582,5850.659740511141
5333.108752912304,9457.53397371999
718.0101841931985,6369.2983642420495
5893.20132691883,2419.1945530682233
8025.37164896562,6619.077009510656
4918.58155721438,5547.538315392022
8889.311293775369,6359.177565012721
2215.3194155871793,3966.7141875446077
551.837796971375,8413.590390796087
7448.055524835884,564.0606478816312
1440.8647474985958,1761.059858404942
2687.688862158526,9250.059476040682
1733.3382939987641,9146.130978261544
6672.631300018718,989.078274741333
4972.66413105429,4819.622890892462
3706.66368136823,8577.21119315498
6930.074270874854,4732.980513534701
8999.330260797338,9562.245983165716
1718.163204657892,9509.557827205004
9968.970711071013,6554.951926778619
3716.501974905753,1424.7575646516264
1994.2513091852654,2503.978034641796
3551.6878437193013,6034.071865220914
5806.630666591505,8447.101125850291
3885.3995875551464,1301.6628162307863
2539.1339996789197,2730.6134384812485
1936.2733006561227,9116.112396037792
2921.564440343434,1292.3236076469834
3909.573899326868,7937.491822869644
2853.1330746207527,1903.5028499018847
8930.957685848914,4315.81648259418
2387.491327370581,6364.620936112334
7964.540512878645,4681.075217023362
7322.67706028424,4967.340787906899
6328.407650186661,4629.563882025952
8126.809268463483,1269.1218330765064
3272.7542276292675,8657.780213975057
8135.399282906322,2909.520314816154
2734.737003615215,8649.45626021267
9509.643423565147,1722.59614333382
1319.674711167902,3183.2361043460232
40.327367976444876,3194.8741866383957
7403.767460319326,2957.8690657956063
1722.1754203850314,901.0525957843985
9658.195730462425,8129.669830356755
5209.681235906952,8514.336424446015
4452.1074856761215,5340.1197789895095
4722.3304224376525,9165.70198700056
1570.6726671468007,3738.887187577271
5226.577532799317,2308.104523968397
8706.941258354209,7840.134189767789
2137.789981917494,9438.065395582304
8091.726648051906,7114.873055108769
8563.440406520123,4132.39426391496
5945.386721981452,6530.612339509538
9445.962533941427,8840.731193207484
961.9509486932876,8805.639539500684
4729.31148791434,4528.290378153462
9331.237364358887,5384.122301422664
8004.351108249357,7302.208175037445
8828.237149485296,3202.9953857990577
5901.294091272167,5255.450139186924
7720.640161540173,2080.4623245417897
3318.748847663969,6926.443172343213
4375.535965401571,3797.6619229828048
1606.1114079047722,807.281708114913
820.6404676818257,7076.194922832282
8719.272643795755,3101.488345962616
3852.0850256321137,6025.296495245926
2730.323275006652,5200.953864478885
153.43163773408165,1522.6629707381812
3884.201290244622,9762.592579574632
1586.9073772721886,3139.6366790340603
4991.135424094544,6360.357911597396
3739.410838557098,5877.989266749097
2746.2647464493093,5517.343862899839
3279.1248894316795,5150.568197241786
1872.7310899580473,8442.936177210995
1823.0988692022465,4769.615081304992
8743.75716760144,5617.206580462161
6393.48081363689,5674.9924499390145
4953.109564851195,369.1202130124127
5311.745276076371,196.79096017551024
95.17212738739732,5709.592973166416
3961.326981266219,9028.55296657697
2700.197284804371,2072.2279061098448
3590.800758885555,3563.684806672588
7941.998817580914,5606.3455629127675
3685.8008639863083,647.4099784214194
8323.760122910318,3473.038172641836
8191.169256525272,2190.350428113862
9447.664366050516,3635.134683186795
8866.594961537538,3732.8866371203817
4467.449388223675,1245.5371074866496
2925.8086940914695,4367.863181047354
1156.1775737929224,7701.848540805298
940.4437846264624,9285.541511286623
6087.427057891615,9515.146092734713
3516.1130193977187,6392.8915524862805
8686.98050442078,1474.4543596025717
6572.897173898129,823.0237247311578
9169.103412179618,1606.7450326173582
1371.507171608788,8816.529040385092
1490.687413944304,82.17504007083876
7432.104938213658,7878.553595617791
9543.33276468847,8063.930718718499
1120.021833286935,7805.971776082777
101.35427655035389,2953.955623058416
6111.591522598971,6554.539516064188
3939.1462386614185,4660.639590883816
483.844301334202,2668.9963290888286
426.3856390539522,347.61069477053707
2124.5669745051387,7665.544702071662
7639.127598152283,198.37559319632715
3703.525582252597,246.85249682124712
7217.246868458796,7340.866543479467
6261.97881318977,3078.385998290971
8245.079699744156,417.4113677797431
8915.58952382975,9340.329404910546
1982.306655390631,9663.99907557503
6215.929448983413,3316.3993455901596
5362.585978435262,1894.5174877105853
7934.472553124288,8952.083951629937
1876.59951057519,7567.706027236934
9509.110856074558,5669.919782661126
9859.83897357055,9960.707227928924
3438.1540246099994,3464.1889062590826
9104.60570156419,1882.201164504067
5109.08807510901,6176.717042741649
1455.9808165709742,808.3428622992694
8665.622153026496,3404.5446599985753
8164.450774001447,6913.179582700709
4797.087602242026,7007.333942230452
1355.4509355818377,1886.0004268598252
8553.043556546805,8008.409798585705
8446.494765394393,108.96732732329828
1017.5776483200926,8625.107101253065
7380.439490604364,3971.339849690694
4763.587030301266,2897.3012008204314
4577.174736387248,3202.8814206692336
6243.03597047359,1288.1368892710143
4322.084355667735,3167.8374852247293
6462.494234338886,1720.0083868639626
8856.56625242614,6678.3015576861435
2762.04849090657,9372.763339276578
1881.40228283598,8780.397174009002
1501.978485317952,2099.746915061381
6885.3012502331885,390.42456127800773
2074.165463716898,7925.820618467413
1582.1658970497122,9444.073425358496
7199.39875368298,9239.17326610327
4584.990111352163,9936.914417862119
8944.385354719014,5592.2963906804225
7120.909756001156,3627.7834220520467
7953.155551877748,1204.335287085514
7957.720848488685,4979.400810625447
7924.945306389038,9019.479717301192
8446.350082126204,1196.7973626352623
8389.2762328481,4624.357781302986
8097.040164741596,4135.284795508149
7116.612715613792,1386.1071868434672
2871.707236867349,3048.064511557613
2863.561696036121,6281.067549884706
2370.1026268084147,3999.9437004585325
6710.6108347283525,4832.792206457251
3797.686781829356,4172.210495497144
9505.8564889414,7963.044016511119
1766.5196085808732,9922.502917276
7497.037391133618,1232.8089386885044
1291.5097727585855,2733.74902289638
7724.752464800132,9187.818846910404
4501.333847258075,6579.713169020256
8158.377700559068,8209.256702825209
9562.58764643348,1142.3227529529934
5462.80746138615,43.2271159883657
2738.005806133087,1399.6464834415178
6529.83425613558,9799.68389244587
2176.3981712274126,2433.1339427024955
7284.643219037137,7027.27934123917
4185.401118074053,9233.132343040415
5337.866995425779,8700.354499546056
9467.049259708927,2026.4948442545872
6633.12693879988,9471.549497658269
8653.593180032167,6186.637614244105
8486.239013583327,2291.246490773774
8816.621399796606,3314.5148747356557
6179.119274782218,9265.853000364526
9814.167725822883,5504.35948172339
1561.8252982513093,953.4070552796736
8951.248905498771,3500.385214475283
3095.133191550824,8804.685363546467
32.80948314338783,4735.304479927972
7878.087870976968,698.6896842317169
5562.225125254467,2053.9561331969303
2285.497080057618,8835.56257062795
2260.899645963157,2547.152819420264
3261.607101282654,4931.7329834840175
8046.2649350032425,1916.7594600575478
6842.143769902059,5941.74509442408
859.284689856159,7042.737760507086
7732.7650416442875,4239.932584311287
3377.2844714218463,9398.375377087781
3917.526622289651,369.7488987084929
9610.487693605883,1158.5336561367133
1585.9804436646596,7851.476714942312
416.5542434179126,933.8374954083073
1788.2734423897928,643.712647220821
9872.905600098047,4845.502079346748
2027.5639760712604,8203.138200422516
6958.431223179571,1225.3013097570608
5320.258387775158,8524.116946349961
9771.915929186029,5781.171899886009
6092.071755314595,1477.7225135361282
4268.299519369172,5352.013301536498
5100.772892233104,4221.369924953377
3930.306201843613,9670.591929957634
5190.980774066343,290.3411354263863
7556.604969726291,1539.2796414437505
2799.6852835070454,9874.515683478408
608.9026364531192,9701.859226746692
1123.1285867819474,4328.396754829084
5266.177282159702,7121.170249285802
4791.351990726652,5535.77245944614
5007.647500321304,7806.314665633109
2973.0351216013064,3195.0738727955186
1388.6506181795833,1222.0659515509801
3867.0348062673334,2156.7291434814506
3132.562359256539,9002.855343553867
9991.474044922727,6593.4534556634735
7238.360130171095,5471.058428903877
6642.186019655948,5488.474566674397
8644.176627866374,6076.690379057347
669.4842922559008,2922.843965619523
602.0214320351002,7243.354033418165
6047.742215015102,3473.049324281692
9886.928079277692,8288.173967708804
3066.930752896484,4660.423215103222
1438.1013443310176,7224.501982061903
4597.76041858744,1057.1110455029154
2259.102237768962,7554.670544823142
8128.3126120491615,2237.314762376247
6326.996417482683,6359.480700405923
5952.64800482674,6134.547001163658
460.4586191949223,5219.5980414792075
5484.141171738497,2552.6798645583426
5117.417327242245,7430.608845032928
6921.973932989953,5590.639465456307
3211.5154882324205,5386.9524841750945
4323.322692534336,560.4215637796317
5984.300305873191,9051.054378104582
2972.520219556456,4310.086723676949
5914.2221848731415,7656.882226984268
7333.5539052743725,9477.598129770464
2371.959246125541,2032.10178309151
9937.09443232913,6467.208753133205
3122.6385622178022,8616.919472835436
8718.599748590505,8151.8176239997965
9712.105131239054,3698.6182989390427
4965.99856326719,3989.450447181581
6121.1477357097465,4575.344062816163
2431.7020556780576,3874.4656610356565
321.4379842807136,9966.80211130122
2780.495259011012,3973.682309363401
6761.557250400916,8895.36865818103
7906.827109980755,2577.5220803028033
5196.203551483558,1747.6358289772554
4742.744231615857,7185.09979361867
4607.622395958566,895.7374448685762
217.2422110994554,9930.41050282953
1923.880499554429,274.3512611578058
8618.090817694558,5270.32348638323
3285.0509669829644,5397.094310266869
3247.4964790836634,7688.612217788335
4329.927852180868,1797.217205502003
8151.07111087384,1180.1097602850475
3247.9787432889507,9101.708538489036
1934.5862976000428,9205.993389155572
3176.3689548818475,3401.43598926987
8091.177898678701,8935.673860344867
443.9750441223023,3334.704984097884
3590.2469310343786,6110.44276786861
2093.1282811076744,376.0685204993675
9430.186655844054,2870.117690613052
4524.132234429718,7188.141882915729
4067.742685756728,2461.3370536674715
5470.535766049418,3687.937806955457
8690.020828787145,8692.795963864151
641.3696647477929,6386.752276716586
1138.3373676439635,6142.957689847291
4445.740750831946,5902.699757991643
1186.636092608353,4747.5852747428635
5645.730644301152,9678.586707358329
1083.8170342038557,9730.334513251526
6083.914557301826,5924.311165790388
6790.701453182316,5090.458036994552
101.51082396518629,9429.888651836423
2950.4647383579286,3484.229949046713
776.6104490777059,9761.208489857958
237.87154420048418,9934.110796547713
144.59946271260128,4893.798046542474
7687.596898794354,1977.5127737826238
7603.211340694961,5245.162141233725
8940.895406200405,3441.754558510476
5999.162240028655,6295.795018163317
1014.8866463339257,9646.556331079057
7608.251645801452,6840.99716481375
3923.4326346600433,6700.921765158876
1640.7138168050672,3604.8881470668916
1514.3533931205566,2233.6225964892387
807.9738841611927,5014.124151154358
2004.6278539248096,168.49073786105672
6095.312657435305,3142.487275497303
9367.422653532789,3983.19295906997
166.49999198449007,8073.440330639911
6774.762878665624,4353.496780096873
9422.808539358528,3862.4458331123624
1832.3698818485911,3755.2256832497
9651.896126202846,9203.345375060566
2759.698696742843,7443.916417146725
4379.010323710294,5359.319468326807
5822.423442390376,4408.926313933861
1872.2875583120335,5197.275524061783
3203.37994626109,8062.139342973536
5372.885201122694,1162.4317329095102
245.26497224591105,9518.318307284468
9407.400647420201,7055.403393956395
7586.599684963488,4578.602014622788
7306.342666142493,5258.3515154214165
6914.6283046257195,1958.4955960033146
1957.5679012963753,4798.97666537138
8255.129041993681,7182.9291359098725
1290.8657657428491,8715.212019764647
6790.329533334404,6377.921521946076
5578.543771589307,4762.668970820434
2265.5406429774525,5915.344436644068
8231.917298504484,4950.642047137808
5949.825740683924,5337.0855506271355
441.7441096648178,4609.196060131666
11.970729403482094,1577.7154680299477
7825.333329722892,9142.672355236033
7014.046996873244,169.95781485533934
8181.783097401508,8260.693652396514
5610.173865950505,1103.3202810430444
6826.803132546194,6637.06491613013
108.72394141195673,9832.527273795842
5739.908568500192,7393.261117878447
7105.3609008245385,2840.3563265645193
742.467669139979,1687.9369152415625
2303.171373906242,7439.925800739538
5112.938966305353,5441.88582455696
4711.460843859077,262.1470108051616
6424.956163395606,8331.63573418757
3387.5378134898515,1390.5183029352243
4029.9508469563893,3998.1864154708524
8846.427848800611,3543.9547941930973
9949.134699730475,209.67953499842596
2972.2040592675125,9499.849042275466
136.23422715296041,5242.25069057192
5898.154547623762,6634.068060250074
4053.27948167436,1523.3933129212373
6539.73281230354,6439.860591026446
690.0002867139888,8549.579580173158
290.8793321753678,9089.58385150013
7083.870446218478,8212.543162701688
9451.331114684044,5955.885776488378
2588.434105851154,2701.43343004837
1059.6541120469426,5910.925382657354
2386.397905731665,840.6888716043592
1268.7831164425045,1720.9206883404947
6370.42489089929,2432.249704879402
4692.82525612097,353.7785143436278
4433.779761939543,34.54545131831854
9421.948065008155,4168.935955408872
6456.0520108568935,1860.0093136130135
4435.379958023442,2431.286734734416
4929.043883118929,7713.155773807878
1107.2192243764334,3637.3953366105407
3679.417475190464,185.7099237585158
4176.78603403155,7259.6864225459985
9563.962084012426,8854.639883019096
1840.1362565845448,995.0599246739466
8097.018303760672,2491.4832027346256
1034.148223333704,7978.370033949664
3095.5752195852524,7247.082355813312
7592.003165048898,548.8223295428774
6443.967462380498,2441.922926033244
427.2063804259474,7837.536134003645
9726.524847950432,7978.205568571072
7440.15796487392,6281.916886363087
648.5590735282043,6928.279378218703
1365.0957628143412,4696.447106913902
3400.6638992156636,4762.385814998042
4577.149172357295,622.4655673759527
498.1699578141885,8130.687007158011
8581.216952855635,2512.306242005268
3741.897930017121,2313.063239779621
286.45285719415716,1727.8788794082877
5290.124323289115,9394.055272913181
2226.711846456959,5240.80401372494
2510.168610711615,4947.937331538757
5891.250085429149,8911.045483132724
114.24722613890825,7656.649577164693
7849.959583918031,1210.3876360101585
342.23514718201284,9567.807956535231
2249.025032866586,2885.0854993842136
5053.877974953214,550.2289807947902
2910.532599982525,5555.106137451007
5339.200397779802,194.29917848265532
4563.445899137444,5543.148851649516
6682.692199902515,6735.817508614201
1928.1272078418822,9900.515273456696
2262.3875578863217,2649.6872221497324
2683.371492770467,7322.329607589908
7590.4771705118255,2066.1331062362165
2991.2514251365287,87.54205358147415
9424.792029125005,4819.19232241712
9687.773408666933,1674.3668973337133
7114.775004322879,523.2901262647749
845.7017266443179,2820.037662043232
5731.847962581554,1670.567663265401
49.112756796588776,1617.5583266475558
517.5611409632785,7935.581769355623
4604.75731399122,8403.423638458402
8141.619436317552,6426.763932261735
1374.5137723340529,5277.30512315943
7201.1544628054235,4348.520717533683
6756.112033180592,5893.508691495152
8994.742331967569,2310.8719118043587
5144.557610228595,6774.056960835
4784.951517255203,5704.073274162943
6116.01309145047,6855.957998861725
6667.030502789408,8742.363856308906
4618.277818797825,4911.784137675431
1913.874581305348,8698.057562921842
7573.347788815425,5184.126751722277
7959.955810829295,8909.087645812333
4440.407813172405,3038.3722195242626
3322.592632258574,5838.331574910714
5169.829402760624,1543.664834095212
5936.972815122225,8291.249779301092
5063.131621429302,3536.8488472154027
9378.162435235494,2790.1616618639246
7319.804265541617,5751.219306124837
1335.144045535379,823.509491603801
4478.442654326626,9847.799249279786
4388.586729153132,7795.223406908407
5157.176935041649,573.4647377147805
7500.973738557234,3769.151601807914
1594.0912665851004,7480.208207039547
4387.32607833624,8696.330825484993
4600.216290277728,9813.855423498524
704.9839539298797,8016.527972124719
7262.603756808949,3629.240269138452
8321.917044249263,4496.917602974499
3123.1577168113613,1942.7825742413872
4928.735626065281,3973.618180266435
372.169058244628,312.7674913052458
280.3154414038522,2614.9448657227827
2775.8658503749434,894.8858739309007
5590.453618550919,7270.508940641549
8686.769187347414,1081.994066571359
9453.17546054767,3174.8061540984995
4429.000230219784,9666.809279961446
4764.0395530840115,7017.390284957357
9137.398811729105,9742.865738743163
6871.405517253476,3986.4061654946095
6532.802834596716,8748.92933076521
2160.9902332975116,2876.144722282995
1300.0698754071016,1945.5786635354177
3200.5992656552485,7607.350980839972
9742.944093995211,2812.5465857656286
1712.223946446102,1923.4775075900945
1789.3593475436364,8129.08323010621
6575.33457392781,4800.21174884489
2242.4143052276345,3541.6775544351162
7725.534108296977,5519.456637666942
1147.6492745634914,2449.7352196291745
8939.80950735436,1977.7983151142575
2943.926529846512,7316.944760972387
2859.869735544842,8480.940856645615
5064.977097997632,2720.35576990978
4771.4793184990485,6719.650226344022
2077.5150318692126,9180.27043457676
5547.895472242954,951.6287861128037
7865.931679123835,7277.354078775452
1036.909143646354,7741.229304293178
2795.3759981889248,1563.0491175899185
2784.097935186165,988.8217176017012
3000.4274963310163,3148.341311348478
5133.5737719405015,3374.647150600126
674.9359028989588,4742.775199143978
1038.1734145050714,4987.564110105971
178.60917113073248,5772.214670069229
3977.804608687117,2983.560785319088
9982.020225290678,5751.89660109295
995.1369737677995,2970.3607280263122
707.4202779909466,1823.2006781072585
3731.467487175885,6525.436073062139
8747.522092922409,7455.101985406773
4844.684838568728,9162.96738519052
8547.05674804631,4169.545614362751
3688.057814126561,2733.5904927497722
3929.1055028700052,2435.9475637090177
3130.2212311395037,5366.395798656404
5359.263840650845,2674.954439420588
6545.765192470767,7038.836541815862
6571.937609882719,4823.650450622741
8087.271452920456,9181.171150642567
9149.678850921335,6807.203345805481
9512.211970227876,5561.571420417779
9533.13554507465,7350.976293848197
382.0579752491693,4302.027061567207
1560.4783770039664,8354.458131648376
4848.832668738101,310.27685858446506
5867.1502254563375,0.4880334975843059
4371.363301243229,4285.600518359091
4597.950932758536,9515.890880292409
8620.500193500975,422.2795332192608
8630.764070552703,5026.2046965967
8618.628695189462,6902.787161922056
9097.583381724691,4946.184819096861
2895.9712650683578,8732.425398192041
4062.730374610084,890.9230967574911
717.1538144362877,5942.115889455012
7967.528009087179,2051.7294358132576
3636.8204191869204,8789.401637144592
2043.203046422094,9741.548956582976
7363.610483700755,170.34855100833136
9758.083954181577,5444.648729999665
6558.783115903542,5008.7727736794195
9776.356579580834,3725.082729489191
2312.8185458030825,2862.677701121674
5792.095777554823,7034.667818752102
271.6000938953067,7154.71168177404
4303.414676311112,3663.743622687864
6364.705592978079,1952.4013737215319
4271.456186523641,8023.264469358438
9885.769675422393,8623.782047195004
1679.2748968361605,7875.200068434056
174.3729628661328,2651.4041703496337
5491.572553653261,6348.94581730153
3754.4334017723145,7612.837468977352
4252.0683457923,9667.386238880721
6142.625374552448,1410.9840096665805
6521.598887755944,9441.798861821168
6235.093371520898,1873.2714753774515
1573.6104859206068,1366.1088636313202
4659.777708045738,3873.5359350183594
7090.0324497663505,2366.908015729019
4893.589411798865,4521.247765186051
1088.0244586807707,8947.62966461447
5600.323144197312,1860.2332235549811
2811.0038098601854,8908.87061637629
1401.4434249509056,9099.94150643551
5591.201847409101,3325.9369733258004
3006.2249915160965,3838.7470621417374
4604.491387589861,6833.762982432558
4027.3210893241785,8891.92813706632
4245.491106390052,2009.7052035746765
2543.345479451351,6854.858161394912
1630.0306860927294,6946.050368778982
6631.240693142808,3306.533946735962
7986.923488944048,2453.570958534781
2146.674751226225,3438.275801384237
9770.011653576497,4720.0150467755075
4764.021663183999,1023.9650162362346
2263.933074036256,2335.0584410322763
7606.208808291467,7986.503329799712
5176.338165859179,1704.0453987122296
8577.574894147345,8576.582298251988
6479.165357204588,1969.9487079026323
1735.2977396021806,2851.695108777872
3590.879186853598,3103.267851408983
8474.403745976902,925.1343042680094
9712.384553209096,2185.7581299445737
65.86335645349605,6246.34917776203
3277.226636830768,2135.2969594229053
4036.431869978039,7623.454744583682
9443.579361642569,1047.871047997847
9244.549199196033,4913.109726603192
170.65159002080276,9438.959308360856
9633.490389572822,7104.099453647098
7028.513524023452,6172.397903483431
303.46490598292195,3796.709592895773
247.13020078669823,7160.228314785638
1049.3208950210708,3521.95469632971
1464.3187445747574,5838.377340785049
2133.9699655287204,7162.968766195888
4854.747103159483,2917.9782625271755
5969.353792211081,5920.299235275596
2557.372223027483,9190.497949001565
9006.620623953166,1722.1009796925546
5341.408657526192,3023.5834683798425
3143.338367458116,6794.95241128149
576.953733726695,5216.659655986663
7397.283265383618,3263.212682728758
1383.0850900260982,4064.025310623678
293.0437882917525,464.155719485474
6392.846117768988,7613.166107846544
5239.520386852731,4985.38202209239
5305.02667951092,5526.7573999251645
9250.317162865009,8274.989464250639
4874.787019075103,8532.917913150888
4732.149095437519,1689.3241928553482
8539.481414620483,6008.276426976
5980.3451372647905,428.61082725821785
8357.140717712793,9961.409594208819
8179.224750051869,43.688733149900294
5356.446496226307,9907.522040573353
5218.319537990741,4327.379168648994
1359.4183329234033,2269.145479627125
5913.899780593182,2195.49996013902
1354.2411739838778,1920.962523013241
107.96234117562031,3601.044349455581
1582.8839626123736,7328.728122500153
3441.4240829584396,725.5661398301149
9242.949679290263,7351.303545289007
866.0480176582697,7236.985445810306
1156.4408237684565,8902.772039452311
2122.207588297621,3811.8646008109913
7157.234265560994,9400.186185548619
9273.059381556679,5674.0579933992185
4667.0158274251235,5587.2329196675955
6773.199952315925,5427.7209363909915
6601.25828413724,6525.727366325698
3837.5857638379507,1139.1335152136505
3835.30901619738,1887.0331391143147
1705.4384804171018,9218.268796199161
8600.742090423115,6726.845382831708
135.1544074562727,4186.368911160107
1242.691982537598,7122.287034118204
9133.976804996166,6984.829371492009
4564.59520193542,2613.7178256176876
6103.192356484233,5765.914257868569
4652.914669631505,6251.89264872749
5196.303905431176,4601.776743281167
8740.54860087817,983.2268448087156
5462.28929990096,5998.486959892051
7586.562643669878,6283.679170092703
8970.564152399713,1139.170245662252
5295.3278865764905,7132.252000618598
5483.869057248806,8559.215451507414
9317.152609595387,944.2062090445991
652.2602426647628,3082.22293524571
8444.226998213402,2576.395177380423
1538.348702354987,453.725966215075
6918.447328834092,9553.555276117173
1957.3755517661584,7739.497638736316
7705.3119692121645,7359.692685675034
8895.24479836037,1813.9367607239442
25.138176240019348,1444.3641182386125
3341.0932531320236,9446.385459001349
5959.772576627453,1108.399610497638
4676.33550438348,5365.785897491302
9486.56009971613,2356.6492597856936
6133.055575217971,5919.856342887408
6957.693401316036,4643.499845361961
4278.9825002935,6881.8211409439555
5061.180397320269,2874.9510389351685
6587.8986955284645,2826.2922930704713
8841.916169356451,9317.122840300026
2595.1136463018433,8368.295563713044
2962.7216308952575,443.988236657632
3448.7561931801115,2575.858096438799
9414.87001122271,5282.879860263325
2410.294823442458,4232.860904285478
6013.847540272928,6476.717432716043
9596.36966738264,4145.620257087742
7228.224709339577,9843.498652862112
783.4170243065963,2805.4554378782605
1512.7200752965252,8032.083820862489
8797.526967606173,88.41424009483067
7833.761225313974,5809.253676932807
4250.527194191118,5857.272467800999
8648.89572345684,8336.279725012819
8.962239899175106,9195.869252264762
4997.220423973568,3223.3321269474445
8660.342412171069,2709.640760210594
223.06727184495224,8963.652720539523
9667.119615690652,5172.0231752189975
353.6142508640094,8893.963272767793
3186.8623996550104,1633.1813598189149
5775.414101763653,7067.695604297123
4523.03338316185,1695.6897959106188
6220.567611226617,3354.4610770740137
7033.6771958649615,2704.2028223959514
9100.22097492899,5870.898168210444
5083.03445907474,9587.97898937771
333.87070437546515,3498.625189385476
7687.684277064801,1894.9436150231702
7553.718184217447,9699.863872549504
8135.431459906163,3332.654986527842
5483.4258537165,6678.816052474983
6186.993751872533,8029.039238972795
6067.174819237733,403.1839105808832
6202.337894320378,49.62320457227221
6487.031414619992,6220.562770088478
9534.208261868444,8235.400536640338
7589.630014986269,7852.188699880228
5145.200439499802,2891.100596945385
1856.0623983107848,3668.306728071755
569.0544031588363,5635.307981424552
561.4426472624745,8230.048685192565
3970.853181416689,8409.855616617466
2241.082151600933,3046.478068676028
3141.74903677772,7539.511230131574
2633.829800756604,3567.474145287536
8279.17886501019,2944.9306180548106
1845.7543149187427,2745.081502087131
3947.1841401932616,9446.635815096983
7796.215675222261,7120.2227486746615
443.344333304444,8546.202915014064
5488.840297654846,4246.5188165285535
1756.8553431936973,2101.166925319883
7116.9219909861,78.27792848552284
4822.810506139715,4103.207670244055
9069.307190691037,3005.5064800263044
7372.797757761753,6043.814070263871
1300.7058238270686,2128.2830517014118
7127.172201686692,8487.384497897694
2595.651483409007,2075.892823680816
2020.5340778865134,4039.8906738474648
1330.1129927370957,9212.458100805734
5520.415369662096,1322.4300404012179
5941.974974172643,1797.7976193477673
6757.367300666885,1017.4868285544613
2850.133953752504,3994.6708230841678
8011.351369022638,3509.7120017479688
2358.3246630029207,1274.215833964618
5793.55758195212,4018.765592698863
8199.057044040583,7907.170127393507
4164.694742906609,7933.099877922688
3410.531752110809,632.0866030489569
7220.144894193741,4261.168609933263
7208.852591143618,4482.130472355474
4781.882608974106,7537.045083526761
9833.186866243977,8230.41226217361
8051.348903359598,5282.972163364097
8859.069940010811,5674.731494811558
9001.42711036658,4958.467929187534
4132.340975244728,9511.702594526207
3408.59623331071,5852.6913564641045
5680.137598180315,4093.0446471368655
2940.8752506999003,2757.1732910917035
2979.412536143651,5803.062953366494
5113.761413255607,7297.27899985189
5501.061868864776,8944.226713537566
5320.206363592271,894.7774010461728
3765.0792627348874,1176.0971744028548
2084.282416425356,6566.9680984965735
5979.684604033339,4510.837855537148
5191.199507181904,6437.024578940863
2208.3501192180665,5708.774801414848
4920.742442616761,9574.8065991251
4466.052406142802,2540.4722490383447
999.0994530797958,6248.103456273791
7699.963940868675,9920.919660678757
973.0122662336538,8233.749631563249
1722.0610264804193,5790.922843160466
1844.913092685937,2442.0473738078954
5841.757877034071,930.9853984532524
758.3152428593964,4806.261737615848
5770.082927316536,2920.3558645907156
1771.797865242173,3927.650925492232
2956.3936872789686,1827.2961703532708
8265.350542274984,2393.463996546472
3056.044680235116,3842.3563570405495
5476.239267672544,7631.102163359668
5898.835619006866,4796.037994246478
8056.676794105106,9536.362233536636
2312.7896151672367,4186.583344382025
1354.727387198028,4016.7270126223675
1995.3598792603234,5287.20533300927
5355.493254192862,3799.862508785864
2517.5877950478443,4970.8171725895345
3688.1554364667836,4139.632341329131
443.00501229354916,2189.2856883293853
5636.816752285705,6476.065751552076
350.0817975201032,2364.0723320079805
5866.874236037176,7501.441746679679
6256.748526428235,3065.685515431419
503.0087379681769,3196.0035711214564
637.204713672116,445.1154246845979
5709.663638120881,877.94829648436
4608.37019261846,8728.993802511506
4111.935139341523,4969.245473358691
8523.864900913928,8736.137282734328
4327.33763823635,7846.138295073924
5482.196351765963,1723.6330772016584
5667.37176047128,8491.9722691321
9163.6804889209,5694.653515844488
2655.055003586618,5334.731294818586
697.5460767638298,9669.172098671326
645.5293341887214,8127.270056410779
5623.009008300603,4572.8811666055335
8766.408377470638,7224.705606218631
6594.075331318575,1720.7340980776476
8088.129925529869,7551.224541452124
5081.7755771194725,2879.295195733903
8868.286125577173,6623.53317351735
1268.1432563317119,745.2506233657119
7948.830973923069,3971.3107145367608
8091.934419276621,5113.532025789589
7884.788730259761,5742.4484012621915
732.572401163164,2059.6446688991855
7994.77915742464,2471.2693219429593
1022.4418239805221,9050.610082035651
5576.644407625575,8153.051674185958
8364.295101194939,5056.296793526976
9405.721733422608,3528.3261132805965
6124.824290179486,4738.361022510237
7584.43275170641,9930.467604567495
7472.083326408891,4854.429383030395
573.0089689313555,497.3317250054321
9020.13271541685,1559.836489437686
8082.713708401366,8154.685190188185
2967.1879772391694,1208.2450894929752
580.1367199767393,6958.294922028011
3286.2068557629063,8160.553559359221
3278.358316012101,5171.321028889691
3215.5115986456626,3741.14208726536
4257.606210468969,3331.675170165297
2815.321960208159,7985.364174274273
4538.185193724227,6504.782316017443
9450.007627483337,3175.611949933758
1113.8797029494729,525.2902387580782
849.0121043303556,168.6197150987656
7852.687845696676,8785.763126593209
8633.347748306747,6720.016980843734
6489.901567661997,2120.635270359982
924.5315421376665,1498.8957033041295
2059.4790447907176,3793.545735344005
4656.109545306301,2554.9171290174554
2433.1388880486616,8668.590454012317
6113.754654393448,6201.840895720253
1133.8362370671273,3213.009387299749
2115.7854679847687,6123.829241679969
443.0408852980039,4422.545966868224
2277.5054240463087,8620.20040969335
899.5083264595993,4499.367551974873
7608.608414350922,8441.162684772971
4587.534364083543,7810.461489800591
665.7585720240411,4411.324146992582
3652.1547377428656,2336.289482026108
7299.6261904149005,9207.92823130297
2610.391227912141,4498.036190804891
784.5870534836174,8549.96783755632
4056.898328170967,7401.288211560799
5259.404709623958,9081.37377831667
626.1418740313262,4290.819970361592
7175.630664862477,8256.806238461322
1917.2642355351877,3177.7192135739506
7922.931866978179,8894.510619579833
4460.831647100146,6590.874739157819
5981.482756535107,7292.720773705267
897.1117883796364,9227.61082622126
701.3530270445956,9443.61169231854
9453.385542024365,8324.470395950308
2634.7935921099606,9223.262515143173
9486.50021773789,4277.644297324714
3281.0066590462106,903.6752556488825
3790.998349353676,3689.9380417830275
9688.52135565796,8351.876540173067
1182.332217129485,2900.31296851203
1085.4611351821331,2475.0563415499882
4666.93336423957,5745.952032480082
7971.846908334262,7434.005877454928
5487.75272617235,9482.252595337372
4471.487477159189,290.5307481546726
3689.4951780454066,7597.575151499599
7886.045108245122,6769.136707687906
8227.885068153575,3328.914529142235
5419.148056448971,7404.641839149311
5572.408677252872,585.8597512406027
3886.376813332011,856.3133999015394
1782.9434060296167,6638.667548444553
2907.77620566134,9232.988373637643
3482.707480352286,594.0644799549633
4416.025916892809,3402.0722415677365
7289.5293774120155,2307.0494354453185
1669.165900841545,9429.27566988612
182.86547918560657,9239.988355190992
7892.492369066343,6730.306427139295
2647.515971924669,8557.392345080569
3008.0473225489714,5271.592322891866
8575.286853404028,5567.256286902037
929.6608732020251,6085.1947834130015
5285.7831920777335,3939.9423481343033
2046.260919909949,2554.8262303141987
7654.431603204383,3157.070642669931
7653.239205507412,5179.538489352654
2366.0023056420887,5521.067564537776
4767.196052041919,2898.5380057337993
3433.1993479465227,5864.560830774252
9556.802530853345,6346.409256919862
9903.413185694211,1639.2738811164008
5470.456389677573,5625.794131425059
5328.34896656597,3471.0413589738696
2847.967575175219,2635.819624239024
8164.205779717621,3141.663551736069
3287.610602837492,6120.225983905992
7053.4764964326005,3698.2643485434905
9884.362421403599,1730.640153488604
9589.603556070773,3174.270052661432
852.4591546811811,3846.7473894563873
971.6211087593274,4239.265163148885
2221.5026494038825,954.2721521710506
1877.081250078494,8964.731954809698
8437.454944108034,9903.565098660587
7699.234512965894,5545.087879998556
1009.021351894861,6243.6236571154805
6535.464348757711,4918.938502174594
1893.7163495842246,1375.8724955854173
2333.0200202367478,2828.424483280155
5083.934393588712,2656.6851079148178
8152.90006686678,5677.76062785433
7332.112553183985,7730.390316884922
8507.21448293196,6093.655338866915
6145.559277215281,5530.351833859809
80.56716261420904,2395.354031535749
6182.543516756186,2899.882546175938
6920.798591107975,3486.4173999171953
5353.672027581706,6188.766664622163
8186.754949353267,7664.2128580260405
7292.275885826342,6704.926463183335
2751.628031791319,9370.290309747512
5907.329722359952,3001.3829524085468
978.9902132722883,8109.935855736493
826.7996032053504,4151.983676134203
3526.2844367249245,4571.662695268726
8992.690407229666,9954.286135855553
1252.579026919609,400.848149715568
3779.5802180236383,7514.8887512686215
9632.349646699122,3242.273170952612
1094.4751739784763,470.0161302697836
7657.688237817524,7375.298435140026
2070.5183230682046,2548.718527089342
631.8504029732596,8874.970542459583
2513.129704156427,8059.084956602376
2565.6434070520863,3962.467424535685
5746.870088328152,6227.72668053268
8762.711703468034,367.2791287252775
77.75303813921109,8443.910318889393
3347.8302766977085,8846.360963554485
3875.4251786849804,6916.163081429118
4202.78986517594,7481.047561213428
5493.55700031576,41.96810209478041
9093.045260241188,3309.836086701188
8676.478007626287,2335.407524802141
331.5177280088577,9191.555460527594
7156.059640566494,1630.8928699402502
8110.837259480688,641.2306450415084
7817.437749048004,9355.267814424795
806.326946989171,8564.572142191333
3559.9418288054617,3744.9863026126905
6942.73601928794,7554.557863143209
1738.697772001908,101.58718512087161
6307.461950447843,2668.6817737850665
8700.141013120192,7310.087785431088
5196.382779576272,3808.7397965362015
6126.697759257814,1568.570191296127
1630.9051720367772,393.4734674214091
1709.8707387083368,7480.444557926003
8086.553423430027,204.13184032489485
433.9905272419531,5629.103942561414
8655.76877190606,1673.339651432042
1512.106125939584,1611.1601617584893
2472.8485997296048,2793.5430357908153
6723.196202246052,1077.4651873200914
5663.299503612885,9264.212669389322
745.570508078246,2765.5688526595236
5413.148055317848,8436.72361741751
1615.2127285125673,2213.97289043863
5092.169690871581,386.6705840849671
2873.2408825140874,433.5193746920496
9999.169078570374,2954.532618283786
6553.890026471375,7966.146222278112
5937.778844021301,2973.683282669739
1231.8466102098835,9764.249516276781
7316.077061440357,7781.238194318443
3931.951403010677,7896.319736848792
1469.3382662194122,1066.5782975683057
1139.8430780362412,243.46296999648854
4983.845970118122,2069.8702319241092
5942.519132686852,8598.261794811579
8277.072205615399,9110.327719210827
1769.8180137962172,3678.0961949163325
474.6978126460155,8816.552363097662
449.1907880929513,4553.263619548443
9782.63757300165,3895.451863212822
6177.713328270872,762.6595891560451
8563.943566207114,918.01217611153
6308.912821686516,6853.726521003721
5169.647517381914,3017.7245130086285
6317.227788690114,3500.9787947475957
8574.787237901206,320.66150995973317
1330.0082902418753,238.15173025093728
3058.2366505980917,9168.46834432536
6478.6669336243085,1001.764573749786
5490.322274881077,8066.630260841465
7702.611117424556,5439.2947854089
7502.298058699831,1533.4176270724308
9321.269037031545,548.605822580508
6685.689832504105,8270.84084656444
2937.534880351942,6413.778897229951
6181.370812890598,1418.570274948029
5829.49119085084,7133.428266892235
5.4444622125104924,5423.70348934012
191.20301521449056,6435.85120227425
303.3149056878903,7946.619883727975
8093.061939748287,5208.774407154694
16.070047211735883,573.6061354039834
81.40264646707918,8802.345916199754
2814.820696502919,3572.030795420842
5090.710152297495,7737.164381923195
8286.003007746087,6592.974062003921
8112.763248042909,7378.9569316642755
5026.088811015757,2556.1035711997615
5755.031644687418,9854.063025000094
3861.2357401635213,120.80386230477025
5302.923544015595,2611.3007931396614
6099.210585536036,6996.370739471718
2153.5909729285872,3073.4678413001993
1355.4758951197944,8020.0767625436565
1448.344777175391,4566.90974199764
9031.980725818774,5275.5754721118765
5094.311034866265,358.9995474918217
2529.363998975618,4302.78760703885
4763.695769569814,8611.550508753397
677.29662532378,6596.509454571267
5728.337275970454,2474.459635901489
6972.539035513193,4062.380009264017
5349.256574890607,4148.684295466693
845.701977004849,2809.7778794899195
723.1926365455621,3207.2953908519585
1864.1135189567515,418.4645430820344
7909.72278524226,3082.775743740033
2773.2884938169746,1630.9732443980784
5943.197594238371,4279.3470148583665
8488.954770354987,8514.38321220834
3877.0755156767623,2390.4870835986058
4048.032397068122,3208.514387821123
8821.644783831704,1473.5346138823513
590.2087252224763,2490.226906469447
9241.707855985273,9585.547382911995
1139.9267708698292,304.1646482745253
511.7990065112832,207.6596526220287
1445.4893473343068,737.2537725314332
750.4082517209887,8373.733740843958
5376.350378079516,1976.5434745374312
1356.637109094363,9662.47812094984
9838.417482241528,4805.707853617981
2224.6268167503845,8433.444873343253
6808.628806194584,7952.917358954333
6877.437297148925,8161.022020511299
8559.04339394124,1198.7341104624827
4485.689653924815,6624.911090332271
5000.349038812955,1080.2218635248862
9370.755218954231,5360.396840634444
6821.079243534344,6581.7051202302155
5179.034061354684,666.8960374804434
5921.05321899127,5388.805494450799
3421.682976528597,5137.0796509037755
1190.0151377374445,5463.889865454422
3988.7945758056653,4987.745204565373
9469.593328675586,3550.4365774688054
4253.706824066161,9488.147836216911
3157.2457416865886,5114.968626239726
4410.91013491815,5129.559535411438
4414.67944819942,8567.685264162908
4400.028620080204,865.245130854021
9694.560684586948,8713.151367191625
7352.293603840386,4105.389357913199
3109.5869796257125,202.31437872490378
9023.204946914444,5964.559323173231
5164.460007818909,8078.730056509184
2618.917616944468,5725.715492730253
7622.041639323956,5899.410045096382
2608.6835628444214,3335.976909553693
5293.769396959293,2344.9831776959663
5213.654251692265,9798.50185753057
3768.539060455188,3927.515079686473
6622.430377554734,8260.926644741045
967.8310485499453,1717.333831221538
6695.120182063892,7709.563244983333
5516.81254761487,7959.3779850481305
5138.476285642243,4120.93684774553
1901.248149454181,2921.440106661489
5193.341071457944,2202.893719074829
433.82537625018534,6580.386078392759
9891.812721565106,5335.021010575712
442.4259969823308,1826.5354048470317
3421.211028001665,954.1919348252437
1488.4425221525933,4670.974108400558
1273.4878333250954,5664.87206985657
3239.4630072953855,7015.281632898926
8032.994122948932,1707.982521056326
1728.277663314396,6061.525901142878
3770.2094053049664,6606.815757105547
7854.9881437876575,2909.3936199690816
595.5260834162823,9698.31592643011
2752.547838601247,8605.05600740565
343.8765738803895,9381.259985891256
210.61413639347327,9965.149751052908
5521.310044981905,2424.2689660897663
6666.823650908244,851.8417837969428
9212.163089245154,992.941952683889
148.2043490477769,5817.90953571483
3227.5625937244436,1788.1345081792454
9355.751048403452,4740.788744260894
8645.759577839579,3130.4317745915487
5140.8021459342835,4448.078119105823
3595.061684191527,6826.973003186948
5894.634601305054,6965.01017516135
6633.013641403644,3466.7062956224713
9705.185343555904,1843.983363445314
5895.108270267561,3949.769330774929
2591.9223179845776,9199.58478897929
767.9221831701366,6242.813670066368
8134.222693040194,7877.427223803434
6318.402933957536,6985.280099755162
4768.473358921348,5256.115569971659
744.0833166896143,4107.623910876835
82.45905668102571,5478.796266651074
8053.142509568252,5609.521585624629
1732.5705374579293,6495.089367884499
3664.7434538914513,6325.075050684326
8670.592673996776,9569.659075916896
8296.27574763779,2953.508160202286
3893.241726099642,944.9288558753466
7959.520672107764,2218.442892065785
1014.507440371335,9081.161280787599
7031.079481000387,755.7156011823351
1198.6979128481557,7507.1045938684
3243.607892790574,1862.8854992058264
3272.3484674664196,9766.066534175092
5195.846282983588,1854.2295823582965
8567.91004753994,3006.0722031335386
9579.708343571503,703.1774074915842
6972.902756721413,2201.645480981178
303.03041376306015,5808.5978553336745
2328.694361317817,1058.845097070613
8561.833081366407,4773.317258284562
8426.857874215733,61.356245897483674
4775.627540929229,1145.4594275971208
6479.404636596679,3135.4050243540664
2050.772294143278,960.8285738864708
2114.0931807248353,8120.310904285332
6809.827104450459,3046.1550580858866
2707.1310386464097,7734.55832793354
2697.0316207711385,420.3219385704249
5732.781920504198,2570.9618392692023
6205.105007192744,3416.68569831603
6175.509090160044,1244.1954995243066
3970.412126757522,1074.150627892474
6595.187359420324,4368.276411655031
136.4877440093726,9786.206578941003
5379.040909556354,6732.147996601576
1790.3153105839442,1432.0220949425334
6313.128130090445,3282.187154801279
3325.6501525986137,8427.826007798847
2239.076655021787,9466.791780763317
7662.440728085653,6169.167589336393
8597.764689975105,2150.201686631239
8329.066252471355,6302.35151514783
8661.787594925838,6719.361734395978
1880.5125226007624,6259.8527103465185
5284.245491265513,7785.413068831653
160.5503391430141,3060.1814486756916
4084.575549283044,2825.514253716459
9823.909870822212,3064.280514771298
1363.668690997598,6211.120410761376
3066.5661509017928,748.5522793302113
144.44439010321219,5608.998792422327
4220.784004415032,6210.3260616766165
8178.768386957505,9054.865657871105
6782.3534722324075,8180.13352220185
5277.824607175989,2404.5304054903895
3072.732396754406,9333.122714921341
5269.840740480284,9377.670654291398
400.5856628534066,3671.520578284948
4935.32457225768,7222.394249436475
1435.3184052106526,7038.724605993143
2648.2115502848915,2182.675813466812
625.3645462955237,5572.0786446660795
1615.9473095659705,7992.870913389986
7263.0481548035095,3174.8847617248452
1090.8865550364587,2220.811527747296
4482.891819519036,4629.611058587475
9987.922988502483,5983.242907391645
922.5069667302243,8447.757056230863
3529.490851391813,9266.560068131203
9134.376079769005,5423.479346883541
6575.923419918412,4146.601674154747
7564.381046830746,7450.638760488768
3215.0330484944843,4257.038967647888
2005.9410129430032,883.2783126764621
7827.117630685117,7507.998459128094
8195.258948446506,2595.9522772647956
2721.864596285085,1664.6665412121165
9998.029176977765,7261.301132393436
2239.3834326943406,8626.015046970191
3506.120184375667,4679.446129339437
3748.2425188223133,5206.8973575355685
2627.1306122465476,171.16593600113083
8179.2732224230695,4494.217789149614
9491.923433898315,6198.73454195124
1210.2593035171926,2041.1497221445807
7458.373148741608,2956.3806948348847
8306.9359355294,7297.248316330108
5958.827801515411,3966.3108406721426
9770.201123653085,1310.1014216518115
309.87870241430574,8597.409796221069
3202.1880199995444,2613.0954324056042
9507.670424591155,7831.361472642382
5757.886532090678,2954.803361405153
3217.5584752338227,1495.5476192654648
9977.26983898122,3171.2891421217582
5107.307993155382,9206.672147454801
8047.186594037906,3334.7386212546394
2941.845137805579,4181.483219138746
3356.0086854475026,5149.577316425293
1236.5272072401556,7931.446021637684
1249.547100142775,1042.0648454345328
6284.962907599082,7932.751360457567
1353.026288081185,4947.913812445918
2095.3947334028344,3404.5035060050877
5507.053762109204,8146.38128920342
1896.9402128232127,9934.414896899547
3936.2940099124635,1772.1699655105783
9107.104317724687,6563.912584647682
3078.758329565773,6618.950620825301
2808.9477000991037,7855.672390460963
3103.1954610775424,522.1205516430582
2525.707199198033,1026.4470007796845
735.7086805120949,2175.3317835017206
8139.660990329728,8747.107284032276
3359.755373284843,3169.2729082845626
146.89874441299656,3388.472035692566
3059.465397690152,7273.939501999418
3076.184366779926,7897.378810539448
9205.679121194991,151.8907846087547
6965.328197527746,8689.493850595934
8908.157318227308,2509.8476451259135
755.3005769773102,1469.8597369128497
8834.621300600034,4486.10331080088
2361.648634549698,6089.517650164913
5547.937703041612,2961.8806326195745
4755.7641847874775,861.8626857198308
9141.379237418007,1213.4539514312614
7985.906234332316,5149.12041042797
6178.713504251847,4361.411206313497
1443.767577452254,3638.892461887906
7875.338822550947,4298.520972521136
8924.950078896458,5724.331310280001
7221.794146904649,8292.831271413323
5765.822302878877,3815.6176071832306
7438.610286332916,6523.118554881351
712.7421493004371,7851.4501003525675
7907.890209724795,6835.636073566295
5289.4151883375725,4202.702140924845
369.16264199810644,4585.37765205558
3511.541670169901,3710.6104089788173
9959.556421195339,6795.510477681323
2287.1798034965386,329.0294831456808
2460.6005763558223,431.8267718614288
9410.187573592058,236.2630928564058
831.2754873392558,3942.20629879416
9908.82090803082,4846.256842394402
1791.1597314268313,8554.086542343053
8427.612548726376,3901.98690227038
2081.326145931566,3276.1679122778833
5458.114322267947,1317.8599119343105
7509.90334688644,5061.02847564794
7041.781954651544,5703.338346263308
6134.855560238626,1871.3251810132735
1.5587578674292057,5470.790695790681
4817.930542097591,143.8534927482138
5031.723110665842,7330.0712155766605
7227.030625133893,3741.5597916311795
631.5633865405968,7921.257821238141
5463.638448651952,5075.497720074151
262.35845784665423,40.823701778174296
8054.2036134340215,8181.376255302733
2105.402570271504,662.6685373483887
8333.005632537093,2047.8431012295207
4655.653473368868,7933.933083426317
3055.636378355918,2409.6659522742016
5989.798811419006,3013.0963882875885
8023.931091496051,9835.266446228861
9765.929411398043,8587.927259775104
5451.798626749639,2839.9215087973785
6476.97073961996,9230.177066688062
5806.739460342194,598.3258642554756
1029.5966683492475,8511.919093123428
9251.69272879105,440.49354239288465
2059.9830010517685,3883.6720527882594
4374.092335411016,4058.089697400956
8348.535749981074,8760.911969584542
7728.883064222908,2641.838326860038
4721.132739572995,2854.0815668536566
7621.2863206105285,7260.823298344821
4939.712987540763,8779.946538749655
3578.0716568900093,9257.020425422465
8633.011737701025,1134.4788320637233
6760.866713192224,3856.5950211816835
5996.929884182002,7884.304178242321
7073.543359924047,6736.840507127514
9474.661405160037,4124.049789347054
3878.47870759231,4835.905164832044
5096.349159948451,3407.33952927062
6511.29568814242,2503.876593968496
9115.207632811318,3800.0895613846565
2696.790308886293,6976.136556548929
5308.912428773256,7543.74349359365
5100.525408153769,1374.4993465952216
9222.442821149665,7840.2581861151775
2982.4309022989783,2849.643305416506
2230.7664849525986,3909.4420630797767
316.6914612279725,9467.370920501102
9846.431530425716,1680.4534157106743
8323.038256086194,2909.417756683256
8970.717939190941,561.5964597839807
7651.8615558000665,7080.865519999929
3026.527295767366,1463.8909188051218
456.8060389247142,3875.020922799869
2930.947943443577,3689.712968055251
7828.709580633331,7.86035888962755
431.3263306439119,5392.55708550595
5872.62315390983,6824.060821248315
8234.519733197945,7574.416072642527
702.1010868595146,4220.602950230311
7259.134029803982,7496.225346672909
1291.1950069552258,951.5523515245217
5521.704668302545,6384.598907314899
94.03626525077979,7725.820535656929
5163.341954608015,6617.8153224373145
4676.422485510433,3350.998435620576
3733.7278482765537,4774.704035696491
9955.764158242417,7837.440929129276
3693.0694029288693,4194.292869904749
743.2103487028119,1598.2214378643723
7543.125064479685,4808.476357264717
8490.155524918462,8379.241708991445
6520.873943615322,3074.4915119214224
9865.58026846184,8565.411678144355
6095.208442730683,7426.213984855914
2225.252297091863,5970.298506459258
6645.93373762809,613.4812954090929
6073.872477151584,2735.671983484682
489.87083139337415,5110.752390263307
4372.649528126671,1942.5721325691193
9334.49025438459,3896.4468861336463
6063.499053511575,1615.4072467095193
6789.506267021359,1346.1043823841767
7225.0305804922455,1072.4759844942066
4510.3577315740085,706.4222386533359
4015.6694097386558,4552.88718461666
8176.29702332019,7239.8247286300875
5141.722582981505,4293.947134509217
9598.603057974846,8233.164747001907
7233.10347550143,6864.057182209371
2601.062480824824,9739.541445148396
4141.686118854154,6767.610663371505
6732.415551312764,6678.031779472897
6452.651505106452,6288.098353871807
2371.858466617861,9670.120471546756
5569.607201827946,8954.05959690526
1403.766299267415,7005.934148043301
3512.1930380664467,4042.8237386055152
6573.696775382246,2951.626246009235
4119.2941169475425,8385.305177860466
2459.6666840707835,9003.26847348722
7107.395877425932,4913.199803702914
3899.110107673154,9399.64249582276
912.9580783415747,1780.944851791545
8625.474871006008,4157.083907192318
2354.643381070468,8172.3667061959795
4985.089468919015,4180.244464972475
3775.282068901653,2200.9096033289343
5719.0997542075365,6639.1308733055175
5057.36018609151,1790.739664033929
3713.0726920079615,4403.709392191709
2636.2013823984366,8629.147062665264
5157.299557628989,5454.839468357362
9182.753484143735,2174.1550442572357
8864.1887169009,5042.729071213477
7390.561286759398,4713.805974779784
375.17340814949176,1683.3516910808721
4468.643503403058,7760.2545740868145
7488.683580065362,9223.043851186812
2335.3230167806114,7421.8454264960565
2851.2276081164546,1489.524971683045
3935.5377005272,3998.322735318205
3899.9903480308694,3745.2011308088718
3414.0117535665527,9590.190344624196
9311.443343440982,6492.8545415843355
1703.3132943604346,1254.4971142057482
4419.262515546535,2134.8353337985936
2481.042443616236,5597.679435253022
7669.760820719139,2895.605209983871
3013.5093551095483,4815.828671096209
6745.6737209721505,9812.336589380508
2500.75447783222,104.27915757712847
4399.355248859845,5906.328483082241
9677.618803239531,6645.669133230699
187.83457022276352,5057.334329991588
7395.314472565995,9119.927244904
2605.862013271414,2235.49610975557
8667.364408638365,4331.334523966086
9370.552429724466,5940.870859632702
2202.093907504932,5841.431941548507
3524.0545787145684,2851.0401657726825
2047.7993415441654,4029.72901850806
2857.7241436165755,8979.853926149644
4494.151152276584,4942.847113654892
6600.744639894744,3057.065309370136
1221.5519583285006,7294.507108564799
8376.58896837435,6080.001334715831
7392.866929291156,6526.2297776540845
7352.973217318929,4303.066007094756
9659.893491464862,4477.577313438108
4481.216313493594,9554.014323702948
6850.0827337736655,8270.075786317298
4643.668851309722,74.21354164364624
812.2733340626476,3643.5071802690277
117.7040207519553,6662.603803672232
5473.34740904498,355.49973996583
4029.68998831716,7108.928159578722
5436.011775286444,6192.562398533378
3199.2226407830894,7682.463093566502
8461.609069851345,7321.983414842563
8600.533365744182,7096.691840811219
8024.780553263625,9772.796926407222
4349.599967428465,4631.80184505776
8445.927435198937,6761.005933257374
4892.422256725188,9977.795856660758
1820.2963922713955,4456.628279385178
8381.044175627047,520.4800066114846
5094.164002844888,472.760250138401
111.57647570945505,5587.914812116732
2849.388184365862,4134.008782254654
6234.89288075329,7083.097090152486
4427.921089308516,350.1178327233789
98.09074309746092,501.41052976079294
7152.6029127420925,885.8150659181085
5380.834210019946,7200.138754850882
8446.724975211268,9540.689019445614
1010.4846285678659,6148.714858745685
9937.899453267877,4733.5370709957415
5516.8347431345155,2865.459391339945
7908.754275652189,1734.1505667578715
1794.3539512956875,9601.385479579261
576.0780361814722,7892.643917789243
9713.148440325023,6613.393149199045
6705.5327578155975,5807.6129356344
479.62626288199914,3490.804914504392
5401.538643856518,400.9598861505548
791.632220997992,3896.697996992714
2538.1794774778045,6869.877431305774
7924.576288224552,9408.505000566836
231.94490370978426,6970.221933832498
4726.908612102821,1379.2423897789429
5496.787794635067,2257.377697443185
7068.355332310363,850.9482817962355
6073.312559454106,7933.126346661858
6034.394117759341,1679.7322309485164
6904.540885312115,593.6783263913492
416.8659713872569,4628.2787514619085
8845.112849376017,8942.742977567945
2407.5413926647116,6409.8964798354145
5706.192994879755,2838.133220754543
3794.89631130167,714.5596292087774
4116.712824762006,1390.6517770647931
1973.7104025998608,7676.83395784009
1890.9520960170034,7405.652652521414
5630.269945375676,4934.015321726556
5297.923521014,2983.18239758
5209.215622519463,7559.718728961434
803.256280416107,979.3375384298453
2762.3159899159346,2048.8925508206735
5324.6876213793,134.76163170037748
1393.3358418614528,2321.646923950279
6991.957802884264,9659.838498736444
6895.612529082061,8162.750016648569
2687.8271964088453,6377.3294079461075
3020.0798534598816,8145.913259381583
9920.823361177105,6739.780097849694
839.1205593307071,865.8759386068726
1453.3992194044342,7059.675140017135
7774.209289326036,3443.461884642528
3350.4588873817434,4907.929794160598
7194.976238682663,8781.993402073562
448.04841525010517,4051.2214832633554
4178.97069465869,5056.129784169643
2128.5089869325225,586.2003997685728
151.76686041636023,6403.092783912973
3872.2835061385085,847.1292031990052
4863.551027708858,75.17876089216058
9658.636810531529,3755.446504685448
811.7356819991184,9418.966424969827
4869.861467938921,6794.47297785226
1915.8089021508483,1450.9086488740452
4506.438515978261,1339.2279473403112
6672.972269351733,9762.748314977842
9128.867321137855,9763.630456305471
1032.3871873605606,3314.6058389029986
3578.4857466772014,3653.9161733209357
9085.374825225203,9836.841812605167
3242.0891592087764,6702.167078259964
1446.3512762565756,5355.889683588748
2571.5178553484843,1538.0537106256763
2606.254143916311,8902.400807722577
5225.333965692016,4804.61384490263
7260.964644486542,6856.947547383526
8425.63161221112,8599.961847434723
8522.049627665217,471.072941165811
4706.970811079851,2387.853709932276
657.134195508533,5741.160772038122
6081.990342417316,5483.665156370568
8322.594208932269,2622.9207911607023
7356.21952074458,7832.24541943404
5517.362967791558,7340.805884014687
3299.389923157835,2702.5860370378286
769.1034217984082,608.1274012695659
4943.8630053729075,1346.8656511128386
4497.395360225493,3931.5361130503657
4277.048375177378,9751.05218307968
1729.5540832942936,5684.2946458550605
2148.110753401182,1644.8647038139009
3741.4043859005974,6803.553101329901
1484.1498502498662,742.6812274289207
3966.560494762421,6616.430363384517
2350.6160056798044,4670.133454399841
1318.581918991638,7536.8767843249725
2833.1587501480503,1670.9027838706281
8483.613435153602,8386.784704306781
8613.620773239007,1424.4351246173214
3837.535366819639,5306.118316066788
3177.6423565564737,8942.3470743503
4344.06874506665,3382.60582562947
3395.6498425249038,1163.31445274102
3900.715802960768,8649.605142710849
1345.2014643867049,7253.800916888359
1797.6760057435547,2530.0756122669486
46.18814682791128,8682.00530060161
9760.429855538261,3782.079605112095
8023.934552254799,7445.867946702321
2965.0071906103226,421.20529620011115
5350.637592285696,5356.519574943916
4813.6507875948455,2716.6865023100527
9562.559776960157,9237.861002167567
7071.187728357474,409.16266454238183
8578.486945719365,1704.9310469796574
8974.727052785669,4182.113359698081
1899.6172377192877,1972.3836357132818
4990.019591991028,8955.617244921228
4754.355263085055,2990.849968568444
3497.40301932746,6687.344892301727
5664.049783701468,3023.825575254714
6083.561462639202,3245.854552798264
4340.160325653795,4406.84686400522
8413.654102079727,386.89515184362256
9934.440307406012,7397.5907881501225
4518.0834806594485,6184.989777676376
6727.3759163914,7279.615760652454
6156.468998013793,4450.148175609823
5631.015828724489,6725.946727487469
8467.11522405757,3179.0408731337307
7231.480810831054,2942.366328101822
1240.9168911174472,3165.4755563327485
3848.9571018420966,3260.6717487348647
6027.406308740599,8819.72899713571
5295.127826371658,759.7149383881863
9538.394244949372,6127.303428652551
7261.709479659031,1318.151195983317
2313.4269893216865,6379.0823900200785
9026.42591313488,6568.643840148801
5038.462195522322,2048.6280442524594
8595.806284809725,9023.226504573822
3993.3591294105686,9468.359642710559
987.0158197731815,5182.336960310061
5826.405880138031,385.8557923239747
3522.89931458476,5742.22833250416
2227.179904475558,3975.4297242975335
7056.818159958657,4987.2134514871395
2361.246508317999,9316.676655887897
6787.946793920624,9382.233429970112
5485.764729105401,1793.4417195250685
5226.258931224558,9835.568519060062
8005.946878820807,5847.7925665258235
8763.353843579698,3814.0223685794617
7822.491426605338,7779.825914876121
8300.944874169889,4149.813996746565
5767.336115745849,5873.600194949945
6965.499199116666,6634.2620293071095
5425.5144906176065,9775.75395049753
4535.920345336124,5653.057799358628
6398.962091033784,9040.111273071561
8202.62104090027,1603.2121848865731
6056.657845787517,2029.3266760460738
435.16192440016476,2670.1948826019807
6249.144289900518,8228.939070737795
3839.123941450784,8097.149998137224
3591.4442352107635,5479.096853948006
3513.392834180574,702.8349838907666
3286.043259083723,1104.5050291343161
6586.813833885838,2731.8549200972066
7213.719638877265,5381.499193589016
2474.380566608849,1226.5832043067671
8373.424676061411,8400.573465528314
8533.944564086196,2750.381388916641
3090.970366577529,533.9172178095052
7869.421892650701,6138.579152530354
8557.378902284376,4860.452612524452
8571.173724571141,5896.927316251514
2111.444472402376,5166.421820653708
4475.482469407086,7890.5685528186505
5136.3541505860585,4399.638981287533
7068.9380759355845,7985.887669502342
4995.450362728567,8229.18668528241
7531.645624716072,2842.460824822779
9374.180526667165,4528.150050518429
5609.283574813774,28.206518525509814
3441.668668286183,1024.3956617743843
4342.13905760964,7070.759936717366
7750.733738627574,459.8962727279143
8777.086968285073,8713.883065246964
7503.724701702601,3742.819190458696
841.2658365051917,2290.4581141452286
599.0256087429668,6338.037174870496
5925.6632526421945,8122.568054503763
1409.3711332236758,1798.9036811032634
9499.189336431882,1646.5114673488067
3970.9593372488425,4474.324531170119
23.313657506712772,3368.4305788873457
8678.738076919693,7679.345984538248
7009.439331347215,9329.045676683927
5170.937036933477,18.48487461239334
1824.2381075412916,2897.4037975722135
3420.1557232019063,3287.2150349658978
8604.092818289313,6744.910924254379
23.02223353856658,5837.781831335927
9765.349381221413,8328.888181983477
4632.528600964341,7655.416394580477
7982.889864691898,9539.329255911629
2558.8773940603946,5795.074179609488
1394.6123711864234,7478.2258617807865
4408.661576508176,1378.9919350912648
4316.8756834059495,1704.4820634206103
3164.1923899558033,1538.9291690632867
9751.283335400027,945.6854297062622
5181.512251394195,9876.56954330488
5551.469881723357,2380.350199524225
9466.358592641529,3807.1126020209567
3548.791515934504,6474.6699638155715
4199.758160101999,3561.580664069629
3557.1454784411562,7129.635694828698
549.2123095595402,2140.2724615198554
6258.729599422378,9123.753030850394
7507.816267771024,1638.1996457823277
176.29026704988004,2574.3062122649253
8414.911349602766,5264.479233614222
2461.516123550028,8582.325309711789
9563.380961414266,7993.51149428146
23.743767816645224,7.737409280640373
9516.929946833437,4098.542791405284
919.1780914821768,4724.793058904347
728.1033666891334,404.31558315856654
5640.125278824338,1680.388432435167
3679.521559879354,4710.952820937113
7765.214673405483,5893.743100768175
8342.400556195144,3644.987744677839
7553.366864206065,8422.637107484165
1603.4741774910256,595.2574462811
4073.795686735122,1245.4312189063621
1131.16079312223,169.32672142020323
6478.199606912954,5378.67281014638
16.421377727893205,3978.065391867318
3635.5915532457075,9267.797063123522
7824.876315550322,9273.55154417659
9720.857764622371,3915.072537911952
5280.5118976446265,6774.661936190286
7447.765613471033,915.2031594629606
882.599166236615,3836.2054125374366
6460.173070745642,8094.2224838658885
3672.9992178292437,9059.35986985673
785.8796643564625,4580.4674795902265
6397.630940437313,7059.306639679973
5368.7215690333105,469.6957356245257
5540.766944243695,3924.164247386076
8518.591119812729,7434.727164229132
5469.604664845794,4084.8780190787006
4889.435854274095,2141.806385667533
3038.5156559249117,2927.4435359938943
6088.319868565626,9212.191685564801
9842.06253859141,4414.552400766673
3686.4620290659986,5551.947806393562
4206.477490385462,793.9269674384519
5439.01206319536,7431.605125733207
8566.361466098642,9875.21812240722
7511.985652879513,2918.8136547857357
539.5663921298021,6937.621276471102
9433.823744173118,5889.84974708036
1297.8040814936699,8663.630737985774
4389.6559742814325,6738.078956176258
1872.2326143435696,4534.989915398657
7092.128627637646,1759.6828354336835
5417.351359267432,1927.6098174113897
4759.968891782231,7173.652468198942
1044.7066244112057,810.9550997159843
8538.109207321007,2215.1871558757143
9648.641327907046,6454.236536715224
5735.0483771704485,541.0095517026548
8790.947810556681,7677.820164590599
5508.861854281281,2809.272147307592
6520.41330038506,6629.7014308892785
9235.786363467247,121.61748078539647
1179.5808036846468,4644.602871305898
5486.665586491585,5191.982595860177
8787.22912657623,4181.9995221220615
179.29140597991557,8407.52107085399
1632.8653645746094,6719.415114147456
1131.9927067071444,5195.1907885586725
3409.7507445588103,7318.01840937969
7791.901568645755,466.1850461609873
322.1443254488188,87.67557316071928
6545.014001207744,9456.646778923618
1083.2423902678934,8815.214616652998
2470.7826689681347,9375.586712159376
5180.019277364761,383.57806673027574
2982.6906931755293,1585.947660649205
1740.0673906009833,9142.17872879895
7451.487926836489,2286.6377002284976
1141.8342391707238,6510.896030203188
6609.391760357281,788.6271219135854
391.32794105716795,4294.131211404742
8003.606073628997,725.0915739318586
5608.159625663054,2966.3447212938045
3992.5105802175044,4718.08187145267
9492.986807267589,9912.901827684269
8235.822695964534,8133.169763802637
4588.103947973624,9098.678009861998
50.1606604534921,7158.346802457994
3284.3615666807523,7811.770223665247
3349.27171665365,7986.752411561165
7506.710568644317,9379.817598074618
4168.4841816605485,235.16282241774823
4509.639856778369,5719.791626999625
8936.69165129296,6447.671348508528
1897.5164266206114,1212.5427357587548
8187.490330868599,3602.7797503440297
2989.679484643013,4313.307492205449
4876.106287131721,6308.079272427395
9325.950746414737,3277.6436986579947
3738.247349738938,7618.012610284563
8832.37050562462,7987.334273595239
5527.552228116877,9596.517414001053
3206.807778405788,4037.9349675894637
4479.67890827214,4188.340113934585
6212.561607185835,6270.549607748794
6164.435444852132,5440.252144971119
5423.653120312869,7430.686210973108
205.06154111678333,6842.8735716004685
7554.695420369484,6493.810492689007
7822.857623913985,5250.8848856472805
1264.030334975611,1315.179260538657
2093.6789382481893,1453.7513743414886
1240.6861276163895,7122.965662979238
1737.1841055548032,7935.86516425368
91.14656839628866,3950.6141770639993
7579.715456482856,2202.115455671361
4615.155588389468,4397.282285123123
995.5241313868868,1749.0563612494482
8629.556826211588,812.0825474830561
7142.98173342633,8373.327987446413
7986.849954088926,8959.19917205912
2747.7566824615196,3423.953897318941
7714.115860738015,243.3669630675439
7134.013335960918,4007.1137852827787
3704.3132557693,4203.813737714276
4618.448382514039,4113.85109011428
677.5927637073409,3038.7403257158007
3754.996462246998,2381.3372908569186
3043.0907196475177,5480.591495656832
8259.85528999758,956.6129955656966
4253.011712963396,3184.903137800442
9915.83035480887,5069.495556486675
4192.620949721054,6693.393253029566
3813.297272635655,9904.825736179786
924.8531569051421,6428.311445506326
521.870549061988,5732.8379977397035
292.74894106979366,4715.387505995148
381.6395722492294,894.1183108878325
3644.0484111328974,9792.438130236074
4883.034875511029,7816.333939428911
8468.744846914162,2371.3484063004485
6811.458949297458,8734.870471677847
6179.383219547168,2353.037822162027
4256.275477039863,589.4990619873563
9477.857414372149,845.9153597646584
3389.9646934508264,7911.242493766478
3579.742760166855,5143.69772036101
481.0333339946982,3780.9749710511333
1112.661906993594,8480.173092780318
8204.038590729828,5178.058588821166
8682.387893209043,6914.5760760165995
5193.71821219724,6663.79266823425
1437.2298969890828,5834.99551630269
449.38872494376005,4264.80807495983
1850.9583653278228,9482.015592913547
5403.472387617856,8935.198842320082
4157.605761649406,3298.49367527842
8976.24940971857,5591.321611532309
1381.3213112364708,8575.002067496287
2120.4658050037915,6365.332465301903
2192.7402464946554,1530.3177689798197
7139.851826899858,6339.477246989923
6948.1790050055415,1425.5134585961148
5403.385609517402,2978.1815044582427
2643.0693589090224,492.77711264925307
1732.5553102137249,3802.7093106102748
312.91838212468946,6400.854579954841
8135.94187410608,3759.8795846600765
9669.451236106956,548.7592118223416
6225.747110561803,2417.6308636750487
1951.7586959310795,7423.370759212221
932.5437611570309,7136.833700808671
334.13418021023375,6864.4115340786575
2393.5049419851694,6581.905123937844
5516.983233126069,5990.425469796067
9127.08971941991,4594.016305078439
3176.0062142464217,1062.244466794725
1563.965389952403,7425.978319685852
242.42475313418942,1345.4157341744556
9495.9633206402,9718.685058445055
2275.0696036977847,5717.162635828586
8127.259767025286,6464.998797591247
8883.507160718733,7851.013593906613
2404.751703782928,5246.157332293594
2030.6228810882533,5716.4081357921605
7013.619613276713,1053.978792138749
4855.71735482327,3881.4235965951893
6215.036655807974,5591.868826519045
7326.40711895332,9197.45477907823
3510.79816616262,7303.503790310418
3327.7299479177036,6476.987524925035
1711.483378023001,8085.100557751749
3688.750869697829,335.1079449023431
9511.589995514474,9783.95552808493
723.4467767504805,2739.1132173123756
5711.749984935683,1574.118750993123
1049.084087796368,2649.4236337479715
3701.532436524827,97.80348961485608
4362.1939730075455,6655.944025716438
8818.332505758133,9390.370421143329
5398.32704535329,1089.4052246102992
5773.617298296988,3189.4543576096403
3106.0720586239445,969.0714843182647
755.6524050032199,4303.896143327548
1260.0471708374505,8649.35747965089
9158.75203035098,2953.2413053695827
7477.2354985625425,2241.0970734933176
9922.064074197313,2936.4592122287804
4921.111197602869,3809.582274330918
1230.6385331857095,2591.0875493072417
7675.6571283254425,8757.618507813311
1299.6557274403376,4899.474170376858
6707.563701889108,8606.637631486297
5294.040156909758,4229.138522839688
1248.1925572255282,8143.965964322798
1285.9314161148184,2481.219067899574
3560.3707952482678,3313.5795259202782
5260.992461911147,9151.82005972567
4027.4574963565115,8947.812435213114
3613.1650120200375,9415.45125860913
3584.769221043351,9247.05152476659
8525.441918457098,1697.3750727372772
4998.436816011174,6195.44930398994
7789.871809553558,1882.5341135247731
4387.298294359122,584.1033516613625
2093.7067080615843,9036.504463561789
5580.513942373123,5863.374624366028
4360.379591283431,7967.740602630727
526.6646249630946,314.30632537451373
6828.460194540236,2366.502045352965
6234.705977604403,6321.743274320169
5187.257547831935,7483.202827274913
4214.350022933609,51.2674571383398
586.8775929256043,6519.2126758337945
3580.0924811190384,730.6506142097013
7243.746703988913,83.3121544160953
2671.037586583984,7738.49872861311
6885.861367709153,3441.0320663739412
8762.519604923204,6741.442517175595
4426.026139117171,5033.482343711424
7134.104268270848,6399.918700546588
7000.7635947446515,9614.4563993249
1968.1400091073642,1203.1848709174208
2562.055909230142,9073.36550810665
8254.372033121457,2277.493524375043
6772.660154977683,8163.1693069870635
2820.099234693216,72.1575476424785
6087.0000025003865,1098.7123742624071
3930.018723389234,8733.186913113235
2963.6509346139915,1108.7190672950942
1053.2230630888107,5844.223959473176
9662.356992198365,3009.8286156489653
6900.806327191669,914.7527104337983
2364.4127773762557,3008.3356617584777
2379.091395522597,7543.437045179491
4751.893220764041,1010.9891506555401
3243.3139517083564,8421.220522741449
640.4093501570674,2415.1898031092533
1496.9860779116862,941.2219728456162
5228.047644122838,4232.455247170888
3267.3683536923304,4727.155018250009
9188.470929168992,8038.809208526949
6990.1840086582115,3170.1984617811686
7454.395047664636,563.8456715621077
6906.64226182707,4876.379196838959
3603.872455879804,2502.810796444274
6033.998601085783,2347.847169616174
7718.194767899243,7909.8037939358
9735.346350840833,7144.2925013708855
3872.325453821529,4232.952690901919
8877.913570057533,4175.123395965575
4714.155137912132,7189.717218582586
5121.5136926470395,6946.126442050386
1775.3659044152025,7775.882210010057
2917.2459842330277,1216.918348501115
9769.701729745735,6079.018857897987
1423.9319243265036,194.23082002777204
8594.843129640127,8163.483564407019
7640.637841388196,5140.604087939421
1988.7191653043346,4926.315679336832
3603.3304892206265,8855.836975660264
5805.805224390392,1122.7594784086348
1756.5179380550378,1396.0421237848686
9741.532720491306,238.44565870256406
8615.435075163141,3564.077508680057
8431.074113517921,9437.099241525024
7122.802364165148,4609.196770039884
6733.4846917098475,6346.466401826821
2939.790282603112,1512.1580069495633
7828.547787071368,9139.518629316657
8631.730042992172,7325.091294496759
2631.023413530603,8455.577013186661
3609.348430096959,1033.8460360686997
3585.651502481384,1725.1759958019152
9079.639588912483,2213.0443663171964
1820.6181917993624,2386.5545882469573
1572.4222029072143,699.8641262774041
2424.4394368445332,4607.870662680776
2637.9928631237726,5815.812243033188
5353.701145294636,7472.107714544024
6251.378481893222,5166.678993395893
2998.145783729089,3373.3093164370553
8921.279884813144,5151.592769081778
1546.810298182133,3815.40602128996
2769.0482237235615,5125.023008460413
9880.593238604692,5939.094208445426
3847.25644110407,8077.6591334676505
7471.59901145805,7617.880012681011
9389.58419128188,504.6787531268615
9419.455385909458,9904.012184903308
8100.806203473248,322.3348748192345
4603.774838335599,944.8116060629918
2590.3233261266555,139.6526376697238
8740.3125307346,9828.682498091928
6631.861087636118,1721.485551047709
3350.8362887017474,7185.636140208212
9302.610391138742,2754.639157832357
7046.610891443771,3139.616775691043
3182.0927355199115,9748.518305863285
2351.580530816162,8162.7696184911765
5905.526628336466,4495.144514605148
8429.840803716823,8743.982033000912
2890.2207063602427,5320.089972150631
5007.17917595786,764.4308886599671
9204.620180288459,5079.89023137744
4450.062669259435,7649.165001766788
9887.679555178309,4887.8007962400525
3729.30921961109,5294.144749724162
5830.828973495787,7776.741637672847
5702.476972681931,1110.8586856064917
6686.83860233495,9597.176616224671
314.9772462467404,2629.814837638679
9406.035498823338,4071.3108488857843
9854.235284873303,3383.18824126015
1551.3686734039334,1924.1785338390694
9761.014095089024,1494.6256487064202
8426.948281553745,7467.181996231909
9459.885020198953,8312.067938148028
5478.037187221278,2959.0109105275587
2312.210887357321,4368.677512654495
7876.650032815834,7851.440382037792
7241.1595665055465,6361.012958868038
5186.1841800816355,2417.1766902207423
1471.328920333076,4375.097144218482
1691.0229850953729,3801.8510695093332
7840.992357296635,7841.8378723707
8145.805212108536,6430.71821541316
9468.265048920566,40.77863576171126
8867.032736524792,8121.1023519369155
1207.536609826656,5496.498839366831
8089.453365969994,2877.386730891178
1781.572876891151,1200.2814499809988
5187.6193728244425,8142.604598717235
7085.969548760281,2695.1489160793485
4137.858050181201,2147.8369422983155
3721.1688294332957,6403.277813476075
1369.0606808767047,5981.374904927738
3897.99204229733,3688.6391141949894
6657.046177553201,5633.744728057045
9261.856338004192,9328.413843338403
8636.975819054214,2024.1790764823209
1574.122465576685,5805.192881389337
4872.001391168919,7330.006531790336
875.3222676834649,2722.6970280696605
4404.5962494291225,9421.891392807564
2342.7902021883538,6024.293062227074
1682.70655883355,4133.43927970744
720.9412851522834,6514.447747203109
1658.4331435575273,2412.8186746865445
8742.319613106934,3610.015705836015
7106.12809518015,8470.070923609488
5292.113846184141,8394.260073059595
4811.386518565461,8592.570124798516
5271.451050348314,4663.116588654841
2576.5203225046307,8594.327817687717
419.3120251669402,2502.9643304825045
2815.4049463380593,5219.1222561247605
661.3478913293025,2328.452919947607
4025.692976910473,964.7968565948428
2235.6849243581332,1894.6324640182377
5453.0532133362085,119.15025223746989
2433.2034956469206,6890.340035516923
6887.565288863172,7794.48728070822
5934.004085998392,9351.083505928436
2744.361505540589,1450.7575577435473
3147.295041319428,7156.389681362616
268.0247442696315,7618.295329182167
1364.2990288486178,7747.969782919631
7766.947147640744,6105.795990154294
4887.0395146738265,9833.957525728918
3570.276689352149,4769.515939697979
7024.541626897817,1586.2897339001104
8267.711785638545,3652.9054286546393
4243.505201482566,1998.03339988049
9159.272264317493,2028.0210426977974
1254.8342467520467,544.9432448840507
551.9013100620007,6257.5064561933905
6852.149090207973,5208.273407467686
2143.379919275775,5250.838868063692
1342.3208078273963,5091.192011341932
2039.454452161048,9830.310938689527
7970.874313975892,5036.988258411744
4157.127620137271,2707.3900661740404
470.49637439603777,332.07565086230903
2338.4944439637434,6172.043540135286
4062.8587678177073,897.6547567690496
7551.3754859199225,4224.345141682794
4109.761798176585,5353.630409618666
1633.4572816483728,9626.569752984142
6042.916681788523,6154.293199444752
6638.544200409206,8282.669124843445
9230.416035910244,6857.428998377653
1030.6994447927543,4847.734179883511
1027.1097701615572,729.057821920669
5265.546338530692,2077.56745498023
8737.262446025697,6771.39222524701
2682.2287869333727,1206.3847090032832
8265.945626338273,884.5847801499784
9616.533831086937,628.1036496051418
4730.155861072679,5634.299893389326
4102.639239142004,8326.365463696122
9361.999858054704,7612.887449013417
9414.720234997647,8964.718742152927
9310.897350988123,9112.46615920854
3241.674670647672,1281.4431435581141
7030.179555198054,3464.5953212757454
4850.837379176069,7441.625069607808
1761.5770187887515,7008.259203224388
1919.0674571120226,8832.101516391862
5283.969625773756,1126.0151451253287
3515.7461379562283,1504.2851620393017
9743.534445449335,7481.924946777753
4277.1775190042845,2135.8764648530027
4210.344893936837,6681.240172120269
9178.86045737288,4422.044434150096
2651.4954838805006,5465.543566339242
856.0276580034854,143.20318525561703
8131.86375049689,3227.944961574022
4812.76751321123,6054.947275473935
9155.418224750496,9683.92228227901
6882.762485832655,3656.919357522611
313.0037610154701,8112.247551129098
1274.3920722649516,920.2973789326385
9294.312404290875,4320.441316312909
5250.151735741732,3143.1380498743856
231.97941471199246,5577.038307135978
8538.747402197501,5505.5713574865995
6937.69364902707,8540.845460731513
3082.5429990849498,7468.457385784714
1995.5104686968027,3712.4752960708606
456.0650239375663,4153.114967138601
9119.058970957838,7490.017661813094
1223.0568939313591,3818.4889230493777
4522.832714272251,8727.065014049862
261.0375948431043,3462.0106147272036
7516.171008430648,8432.089686571911
3109.0442226751256,7383.564970940535
1029.9553858522902,2828.4841874793065
9049.188160097941,7157.573394815401
5299.947602242389,6740.516128618575
9844.259674073397,4496.601774742572
6009.072218931249,1699.9569937848414
3740.9972783521694,3620.660457627529
9074.729076331168,9216.513036830416
9021.020592604655,6.350987011624065
3869.5547150288976,4349.744605292626
5803.7401917551115,8141.637159936361
3055.577254446632,8190.46908453171
7055.848046277891,7822.699200570234
964.1501609497549,1315.1192243051169
1643.403843989304,1732.6631092654698
8486.653354509664,1052.6774361258128
389.035333371992,8451.1634585769
3950.843631447698,479.43631510721787
651.6022444966408,4543.956877064229
2696.7830331946598,6021.038916841455
6101.103460035148,4079.7208973406064
227.8550539858637,1632.211444732018
3889.7141937639467,2450.0815517729934
9507.221502144583,1871.9887867314221
3637.822005451894,8315.691074463932
3573.461126797329,1533.9228217937805
1012.3525664212352,9223.760934022333
7711.119454768,5401.665479853601
7656.006719183981,8570.830328550283
6759.564811813735,3676.6751614570803
8972.913785569011,3041.869662986414
9710.126325611991,1375.389917330918
7102.802391885948,8813.047482068794
8855.842149442167,7985.835772733643
9720.221299067714,7868.568566434724
3553.298068035593,7037.809759361357
4174.283155899985,9000.08527717371
8674.043798916811,4980.959891673045
7731.928147268033,1729.6369354086926
7734.31781492848,404.97715141545876
1022.5407676792087,3023.7141123632537
8022.454599206825,2091.5188242905147
4556.671073985988,5789.224974846093
8975.96087727156,3214.2013107323055
3427.7201438615734,4434.725783015402
9376.841929030948,3044.052439983027
2454.046284730831,1346.748587441975
3324.000553641856,6618.37762517761
6782.514695198648,7731.278698745022
6333.324979959897,9371.791974987043
5871.431637200997,3206.66874897368
7428.996530929793,6710.744359927414
3775.6308052974673,2551.1160764762053
1002.263547282053,7641.508001173066
1344.1098798525331,3174.951148927422
5917.984567938183,8942.673193930685
7035.675087948046,5600.915181789125
1314.772700249549,6059.47936090305
1718.918082483517,8277.155902600685
3782.753854433325,8711.85244775809
4922.103350253241,6525.060605721817
2285.6354233251177,6965.893420306947
4035.170564655952,3111.5781748867876
3059.5532462446786,5566.302556526902
9169.98866775961,8500.890397420568
7194.387744693022,1112.6391681987625
8678.536844405839,32.74059675240526
9562.649965976176,2542.3835121201655
6222.335887591797,1783.271099245487
9729.852339095327,6400.377501657131
426.60576504667034,6701.144187786726
7627.029448632108,3567.9120386615514
1884.7781858915403,6471.827401495056
7565.467512717103,9482.885977814127
7278.110840782447,7664.473416814241
2148.101106823086,2079.4429946162472
377.9046651057394,7134.062502045713
4516.214260415998,709.8058878245162
9461.839488301915,1094.931548931961
7331.246098069995,2004.5671609733351
2203.6643748244933,9545.430046638587
6561.505606395024,9549.349942939596
2707.289581169372,2509.5965927936845
1485.2868460330392,3355.342318208494
8362.045673624028,2841.1486360845206
5782.049168298477,192.57377531935015
633.1743445364335,5580.746137862134
1848.7495622078575,1047.0517316474604
6274.310951300619,2623.3042841299057
4041.9684950879996,5236.148312619308
7774.884706744263,8757.127191049727
3386.4916070001805,2032.7551928021992
655.8262938998915,5993.827221554865
