x,y
4533.000035391535,5249.913743501737
2007.8682949960091,4265.058404269191
4117.258650214817,627.0071086016671
8612.762969830912,9976.812056594805
925.0437504344134,6773.4616181564725
6066.072071620707,9076.833796780775
8293.40995363532,5323.913171295782
7877.319360198467,3456.8826200319236
5491.240947396566,9639.616558794445
287.006605223521,969.5678473628311
5379.6583773376315,7031.2912774286
827.8644097994281,32.9176012535326
7036.538375686025,9250.087749147777
2868.544988159929,1681.4315034876793
1894.820172741255,9872.28802277694
2552.1536905438934,1235.2618701400752
111.86119591723997,8513.407132252296
160.34464957218054,7757.618270069629
3699.104226431381,8264.805708743577
31.03195217928012,709.707040045402
6190.205988399772,6880.350568651607
4437.949717592205,6890.872559076864
345.68040610942984,5187.933638939873
7612.240466058575,5612.527483464866
7009.028843545652,5653.157685879637
8072.865144811092,3474.945324259996
7756.474463864975,3550.0325595015215
2238.178923636227,9625.990459201059
9345.759682639511,4665.022290766689
3260.0613141532062,9769.862865972205
5870.434590902608,2989.4507393342283
7544.474425199012,6467.7629941051055
6025.594860334901,5297.9832993254595
4297.996926161948,1423.1267012937399
4599.277159013925,9975.415657598805
7312.920957575429,549.9005954362324
3865.577531704153,5952.065543814881
3246.7599292329596,229.22472356679214
5029.186367708707,7981.924752761462
3478.7208723017684,4310.318513333412
9948.689945042182,6574.531734999048
9046.108258052744,4.485090254052748
4222.146174716522,5443.4283569811905
5004.630785916003,9439.627995110866
2145.1414784574663,9216.558063071398
55.62262377449612,8878.280982640821
9228.765494030253,9278.46650000739
6135.801013740573,6753.223582668255
1302.6190058280586,5220.825383927727
8671.562459837645,112.70423995751955
9210.33718022749,2493.733863779748
8524.234635271458,8700.462979589503
2050.8795037959394,5001.340777938392
311.82499644913486,7197.643569125801
2706.0293297787707,6564.562103606308
4015.9034880581244,6496.875949199246
2946.269344777915,8208.560089745382
5932.180048745084,788.2003757214362
8899.180743295885,7826.484797050443
3422.0631207897145,3777.5474283976405
7022.444034498023,71.1906266850948
6849.269414335607,9703.482374582221
2693.785675395267,6029.947075865927
7012.971993792841,8462.815178607287
9662.681000008033,925.1289793829598
7355.799767553695,6739.447126638526
8794.38440143945,3884.654408469499
450.04622017851045,2513.4153355457147
2460.5304735825594,2937.9184754718813
5211.428268251609,3173.8786775766316
8751.648055358552,3710.013829679223
3398.7269603609293,6372.577397236641
9159.739936110895,8026.565530606098
5733.440531510618,9442.161418438944
8060.793303797327,3756.3905153709898
858.5812767305767,6510.60567352606
4137.293360027839,1050.7040653933009
2580.095823511499,2330.3566371229776
8265.948964697463,7495.287239694553
7388.031730050077,6233.032724232741
5150.650078127414,3984.3549956478287
5284.666401872824,5268.073295761211
6598.636128923632,1434.8722222168042
5477.907548017052,5413.924860438596
1775.6787824367848,1725.512932364437
6973.669612665084,7794.146235639277
1907.6588133136652,9419.70463907646
9964.316782385475,424.61967243819123
5412.014474925272,3510.318581361648
4844.326501433601,8789.319321036413
4126.799807006315,7612.515282327496
1416.5833621235868,5507.414646779236
9007.175291117961,9397.944967180532
8365.40333234851,5535.520905857414
7005.0536035140885,2383.893661745049
1918.3510061781105,7715.481585662076
6494.482223590312,3004.163184555071
5530.200915610428,4363.620900468363
5632.97562982791,4524.654949370044
3956.682655110737,2341.0221100393437
8969.789525097958,4475.055704104608
7807.9481155787125,2562.2295616734614
9796.538271557638,314.0545446477627
5406.261482312648,7239.28056241752
398.22076896181335,4281.133589668965
269.1935494300468,3581.813253175443
5517.958211805481,5444.086868795479
4530.330444983233,4864.585358393494
5482.384087680968,5540.507152461733
4846.809563055945,4378.667077620442
6640.484913739748,5021.6106263323045
6381.936329037162,5093.762580752374
7685.1783989413325,6365.436483337165
7111.880195772965,3602.1786818450496
2365.996213759396,7003.525270215952
9872.394188941413,6874.6044122580215
9721.529086690156,5267.979612880989
8446.798354769739,7468.959732848987
3076.5747301554093,5450.1653165885855
1938.4367834760862,5143.973652412401
4468.945361641625,887.2193789090265
6868.776803392431,257.12995190292906
1668.010866992863,3547.732177507649
6006.5416713136065,9566.994195590702
5105.658875313808,879.3478343769467
7944.79240564986,4043.849812019481
9959.97250135276,6114.599294796311
9982.16131465847,3871.1838396256994
1139.050984109259,3070.4812688967054
1967.842119023121,5694.569511727706
3789.330030788128,7962.167285417042
8725.188682374588,1118.3571254722924
6389.701187803454,507.49599027278714
7819.411183991174,4245.289878080009
8360.14343050175,3574.091004629678
7431.456534545519,7762.175086450014
1062.1848843230764,1454.4784291119329
2535.328927282735,8685.667400090619
1744.7042270784953,3060.1067292471184
5786.144452763724,5657.219716719673
3298.161898723604,3850.7807456048326
5129.193535383983,8870.985056573767
1611.8725314692028,3927.121550311533
8715.4084161182,5410.5244482344015
4153.745599722119,9754.575896735058
9343.824973094677,9504.107512807846
3689.2828385131893,3092.183973807976
1165.2634404914197,8039.948275218377
5227.340186125967,4862.810671481804
586.5526207672256,8619.75189679074
645.6262351458975,3971.7128840522732
3091.8758049866137,775.8138051409258
8784.024690796181,6895.604501393659
7572.082880178531,3579.326095219416
8999.350108705898,100.99950415879965
3849.9530674546622,4371.85891176039
3446.1589527180204,9445.445835513632
232.53188025386228,4422.563415104353
5683.454328078437,4685.545884368459
9900.69919024395,2548.3012658432335
5870.193182003974,7027.438820976395
9159.071888998657,814.2804801406834
9441.09747077795,3180.9249069481425
4017.1422566926094,9729.229518460177
5104.859740565751,1594.2465418658003
3046.009222809194,279.69088819539303
514.0684201146506,8469.664875410066
3443.5609487404186,5168.982738756075
6591.249072925128,5235.903488098636
1742.5517409395652,6178.619386917548
1092.6707693633286,4386.950446105765
94.41213481436561,6132.168198430438
4854.88558758043,2758.668829532622
2777.2508648603202,3594.914959857207
1530.306604057754,3925.2613694089846
5434.627124785147,3922.5953370814527
7114.765840847333,6783.663648038215
5203.99059460328,5170.021088110992
4120.688048715831,1995.1996608118238
5666.726676312301,5610.429569778208
7553.315008574182,6375.303100504938
2896.574888990048,7891.2470360231155
8035.026653815972,1587.3752159388698
6570.25470424357,1921.233292361918
4497.1669938328505,4716.660026771738
4339.194217241644,8577.81354291449
8774.923087468047,8060.145720503065
9621.330008025498,7875.446309559281
1761.0950335788777,1235.4398471963468
5992.062747824881,6127.932452174427
4657.995627072816,9265.719228037771
1512.2149454424393,4219.160556770003
1183.1377884908222,7922.472287028652
9713.74984265823,4086.7053436894794
672.7586273019914,8728.822370763619
3790.636783860999,2463.7819099025937
7681.7932161088775,530.7374306350476
4496.300842589659,4049.2651448821316
4197.487731415234,8368.447887735621
5151.977891674916,5274.9437183004775
3571.6617188307578,3207.2916030963106
1383.8987020942839,8892.6074237219
9196.352333445908,3207.7121028500887
7428.619308121875,8752.348820074501
8092.871119952129,6737.25552641833
9380.413051134998,6787.471532663215
7571.448915600947,5192.22535740616
2112.120670894967,2829.4022411985507
4226.998760476997,1553.7193175220432
2710.010970256106,5994.2557768227325
4170.27476203511,8939.844761147924
1548.4499476278802,7885.860735309688
1107.278262075696,404.99618255615763
8234.978421440213,1832.7126188111188
3138.329508350367,3858.3616373177674
6366.244746703285,9861.32022094312
8435.126894131752,1429.4783262146505
3546.494364884385,8904.130483528555
2950.4463315845496,480.54184795266576
453.22403373595057,9916.609673584091
2047.2580862362943,4537.544570183201
41.46462436217302,8810.852389985012
9454.024574414814,9023.528241282334
4907.881807000057,1756.3281486947978
99.45889932572615,5758.646492608001
1841.639842749756,8016.243178316163
4650.162381669248,3102.6409913804955
8082.102346282686,8061.253016153302
4045.900429548832,1345.7187704629148
1359.2800940650495,3256.128171289063
6792.194140110574,168.26584889480634
4951.978726879514,8886.221105943478
1044.736996556953,5148.344674568859
5760.048649668138,3991.787423488583
660.703623449811,4125.313815600904
4993.809497234961,8585.151996073168
8041.4820239759165,3556.475984070394
3339.7037732632816,9016.795904218112
2133.97407831196,8328.80690766925
1661.6228894288708,6287.966706654063
5981.924602311387,2675.861911845883
575.460886455692,7645.267192258206
6595.555998674835,6357.370528819183
8281.026321122767,4505.54489136307
1873.1162429244819,3461.969625583876
5028.534340886292,7496.143104230724
6676.424625381508,677.1431646645865
2061.8392767009354,5444.633200806575
5867.312184763798,9926.053913066919
1482.8520259342192,8780.67186720833
9226.725081743427,2313.964294158836
6894.203638322575,1912.4253340633657
7267.099266149477,7742.709888314061
6878.987021469535,141.1747004086361
6251.090809766114,8187.990792290022
2537.576392938966,4263.9531162640205
9085.979481026163,1395.1130704192626
9458.295216397682,3466.5621758587026
654.9767352802971,7154.494542902552
2029.8025545053545,4396.599856182972
3170.251176205827,237.05031880044692
4056.342885358486,6272.759462993733
4678.313060622871,7628.492738482915
2314.5439568256897,7405.393201672161
6126.643451760401,8793.180738939276
1071.413508561383,8060.949859666767
7504.938881830776,1171.6970359760182
6545.664854443671,4598.913236208958
8990.167064700083,5738.965437541701
9245.200424782757,2829.2119814177117
3413.798057637739,4572.093532724621
2113.2976798955806,3585.928307171765
9154.241581108168,7283.375507767936
1664.1014162247448,7956.213023021001
2345.61098439119,4636.809619927574
5443.196814409706,6672.775820645721
5163.184379774934,199.3262164663312
5475.6467362353615,3204.356805085069
9629.975292713494,9781.080384007793
6752.526879821612,8370.777295999367
8588.729794030322,223.58010108334048
9708.536208908432,790.6482476810495
2167.6357089289277,4867.624304244949
3390.029759191252,871.1979151979842
9096.494384972282,9149.971696117973
8506.264917146376,6523.145626855039
834.857631064696,9819.877691955979
5774.959853428821,3740.1841741390153
9981.402883031293,7161.747379676781
5457.529239581831,2559.048198645634
151.4584511788075,6887.759100772039
2911.500970776997,2281.086322795621
1346.0883031274684,3193.3577533508537
3941.5080644264945,3773.032313748479
1897.965473365495,2528.289757659965
7990.1049504515695,7579.308749871685
8290.214006302422,2117.013329487243
3661.9139250520348,4303.773720015607
6051.905734466777,852.6542522033919
450.7044363807733,5733.473477302214
117.78561121732922,8504.527641998275
6729.028266832919,9364.45410932697
8194.7896650156,5664.092725490051
4177.127428980239,514.1591854667449
1917.9046678182842,4081.350913253643
3313.4103816928528,4563.4603948487875
9489.402765286482,7756.938715450993
2737.329825351791,9209.629934178169
288.4874306144392,6703.510730419231
7564.24873091986,9755.784655053125
5624.200099777447,727.0996522163831
3150.2574064248533,6745.4908147720225
6104.696450872095,5418.735344911467
9991.436105360934,6100.564207618724
8397.574482877735,6115.556162598717
4958.513338994063,9677.388767231376
9411.096700431972,9028.305473715987
9474.78869660208,3078.9584962383633
8043.778919305942,6986.494157398703
1083.242465225237,2166.9130012122473
9350.18354260999,1649.1775606584224
4390.347712514322,3847.3298723060902
3112.3819012914823,9031.777673833158
9502.023320162241,5939.293338790553
3985.3145782862566,6222.719598936394
5389.285892037251,8940.157366804455
5657.673503452864,7277.447901475092
4442.200523969549,240.6545619864675
6770.945556678079,2846.5727902696635
5878.650840991521,7189.192936180314
7850.760965327662,52.05410835938395
5887.952386042772,4057.6235930724692
1227.3139694918345,5113.53901057553
4146.828786848684,6608.588735320783
4465.85480828902,7411.82622849835
8030.1388432730955,9050.188584083064
7258.154976742407,4734.711380858863
3847.6635608002184,3785.7429178799407
3148.0124214601447,7267.689892062768
9620.185426658732,8506.783190886801
1389.6161850184374,998.7171914536331
9604.722114724325,323.2455764451403
4846.371324217794,5528.786118283059
3042.0634652645763,2430.7495360164744
4933.118865007423,4676.484200314643
1526.2177370874574,3646.070748868352
2253.3893148394013,2160.721177756384
9551.16268946261,1720.888484084272
8935.824518858764,2916.331290084937
3123.9556145701386,3242.1548176470806
6541.537724907897,2157.074157233687
5613.832232990544,7660.785376532839
8788.558128455998,7833.639203169686
291.4382791698067,4983.205744661224
302.96962343879574,7222.708908490658
3979.982152404794,9621.768198169946
1266.1061147028763,5494.943443796431
1460.0272628690448,9624.6831243694
3996.4804855787384,4173.840866480545
3442.7709275449856,154.32815646563068
7655.476760028804,1295.2786850161012
6137.649098294545,4736.247158934911
6654.354175883306,69.73644467025974
5966.737827372675,2619.1633165183293
6824.347363347854,9744.395302504387
9783.91654201842,1228.67527036984
6782.603146195955,6262.905934037042
7172.719944095531,3019.7638786094494
9663.291699909583,6670.651109718281
7535.024334879755,1529.8019370071358
3333.3448376625606,5383.769108861994
3796.445904895985,167.531830422617
323.9883438677582,2.5927563339289694
1353.3202130018096,9508.98788110822
3225.179596569525,7929.025340885818
1475.7411875054227,462.6859501093772
7487.401740449471,478.62326403518506
3322.3929530527253,1216.7371856534726
5156.614457749648,8122.527933459552
2126.482132126515,1428.991588395039
8660.018785417982,3826.5945413721793
5134.663568674817,5580.991297703926
9885.260523902518,9741.085709457486
4225.739815669396,2777.6551847881283
7899.266882512102,7254.779699361874
4087.421320292266,6799.270279628753
826.9755934666689,6172.932458823602
9984.126886597402,3275.909984490427
5364.551687191368,9176.032622935752
9936.410305808535,3191.8939710432705
5731.277517669866,2533.1680067548245
5859.913026354681,8352.670695159151
6732.844343065122,469.75345452509254
1862.1178566848707,2599.271104007719
2811.8322857881963,5947.514896651019
6747.572585126097,1904.1016763369357
9347.927727232634,5382.7062901911195
6507.971405484412,3266.355753640474
9785.276182437397,2647.806480943122
8653.968837685317,4088.883523875505
2410.316914610845,2452.3102112271013
3596.174904847941,9780.658900131217
802.4869626510412,5770.4886007105615
1791.808846228965,5060.1999271043005
6925.798010407713,3178.411423133466
982.9639729307816,9257.491314858378
5633.28517019402,6392.569666571366
8324.283761467394,7982.344365914694
2470.8504920630303,3999.2774877868987
5854.865711619038,9112.858903318851
910.1999237773828,4928.415367951795
7551.629068341255,4025.9584238691336
5740.918731054756,5333.368473532892
7869.420606300586,1892.9349323290012
9963.361376190727,431.9719305544867
4736.244820421635,3675.4627457069546
5282.1652767524365,1491.6517220639357
6285.939060998278,8636.335750826813
4137.2072614167355,3610.60143835929
3838.054770699889,5795.665509609254
5310.536621282697,6769.888073769421
163.30149846239038,9172.87377701542
6051.952526986954,9639.766763534408
5021.030733383927,5387.722326607466
4789.360840392983,8434.336318620384
9102.411431703256,3967.749441616817
4513.532313602893,9831.854177754725
1549.4116844860573,6540.246728774379
6288.652976533696,9845.265389950433
3646.7624248952056,5134.814212863038
7317.0877447890525,1380.9013485933963
8904.0848244743,2943.684610337952
5763.918699869086,5132.578536962279
5924.860279065601,6761.426757736842
4633.454391943963,9950.161916628362
3640.5627471713697,2062.3777542020816
7859.436809753087,1541.8195173861304
9402.379309225244,3018.244199013803
2318.3609392236494,2207.110071335493
5752.766196003416,7250.829156591369
8090.972876081921,9924.720986949991
1871.8149599066626,2206.7603657726886
8520.535569499816,995.5715179679426
2231.58372502796,8195.903930605486
8961.109664853066,1188.9317063965666
809.5571831838844,9020.886450920343
2601.122242682592,9456.633040895742
6069.08507732557,857.432018417531
9158.429579917227,8429.412878691204
4285.385865192677,9187.971683570511
2364.1466491210695,6845.16504850621
8570.369645108922,3690.4083583735105
292.8262500878953,5907.649864166438
7395.866607435469,9987.593147312866
4192.644683695839,9275.601859121733
5413.4310769042595,3588.171126047428
9782.308868748045,6692.661497041986
8111.694084337342,5618.888776517319
677.4926058832276,2453.8967072213336
1926.6516414129476,6061.502728666205
4170.802927244644,1846.6301663091667
3511.7060892889717,8017.226636560966
8482.621994424833,1146.4720806559592
1381.638112678053,6867.986132159645
7018.428592661456,3737.2018586903887
5374.311398677588,9717.5352015018
806.7027826766771,3242.0349325671673
9122.570545334085,5947.189363568652
8441.267889368273,2095.4060777068917
304.23875667020206,5330.606856544989
1842.1081248773553,8094.779336688688
6441.942405957623,5110.978740970665
2041.8295753664006,9687.550712388538
7189.642856725169,8278.404482234479
3810.982233889476,5724.775720671957
5326.949278071173,4446.083066677282
163.96265354913564,2642.842640154136
7508.239025456206,9122.044468540758
1695.0129310700445,4790.79663977322
7232.85785243966,5771.988617994766
8527.66663244404,9279.453852341632
3594.8800690021867,1618.7333412568794
7.059171495455985,4787.656281976794
5114.228655102646,6279.100561283711
3717.953143674061,4014.0408613302748
4994.345295240673,2884.9482172182607
1953.0575572190146,7499.304203277964
7906.05333900941,2841.9283392404195
6563.070787070775,3.5349556116703873
1744.4014296785904,2520.982403043267
5293.13210017946,6708.956115646977
977.2317022036082,405.85021989070657
8164.073540659356,7876.69156222083
2283.538211576759,1001.2890200071766
8237.580150679423,8284.831582016228
5541.342782051274,8650.99363314303
9311.1472728602,7034.612959775882
2986.862983126354,4121.613686489793
660.0781000875633,3244.7849032689237
7667.282499047064,3501.3355261888632
5302.576534847174,6959.186081318728
4268.651156013796,6765.675320148351
6368.628663420129,9003.430970964931
7888.185563029689,6259.267125211883
5215.62737438339,258.272201768015
9420.988056528542,1222.5767080041649
3938.8700681977116,1621.7747013644057
3139.313896314525,8944.354731776983
2761.5502128141034,2650.449283943468
6749.437125136392,5194.434353981763
6538.94428505674,8757.187767507286
4776.442820093945,7039.775931818737
2597.267361881712,8666.461184263748
6363.054355322163,1432.6907121335607
3727.59752475743,3755.999539945195
2830.2256419623873,6748.495795363816
5446.87481255,1926.5533805487146
8440.32610690919,692.6588962612801
824.3540568896301,6024.594465176525
3135.462321780974,2325.5789994354627
9215.154524792824,5443.831066012584
8893.964558550293,7702.587604858418
5814.8440265407435,20.78874531360908
6887.411323677053,3594.2480762653163
6861.711093651338,4304.158199680342
7056.210831522395,4796.525527696193
4538.363687852077,7222.609782077379
8914.640227435115,2976.1568923772097
5307.935329010749,7403.119386676313
672.581527443934,4467.157342593411
709.6906333597352,2724.366835667721
4098.900033193256,546.1955828260201
310.98079662480905,584.6860180186453
1120.239728479111,5883.424630390171
3099.5679209820983,7993.073643105353
8286.089268572006,4809.043414577153
4528.5551516291935,5568.169602674069
683.6682978781882,7483.04378381728
6185.55659450156,8834.83569431786
5129.509147404819,8963.371900587235
1319.7364632191277,7598.525062231497
7722.053059539255,1658.6568849814444
3608.34683137804,163.57525319489417
1649.4328559707205,8039.3674385418035
1939.0537529037465,9882.074019613128
7528.988273963589,8726.263849761152
1746.6999704279262,1007.0432222090453
419.2149687414837,4385.19653596313
2209.4643626284173,7521.557686205806
1554.532656409393,4084.0981944547484
9820.150704787551,9252.142616574627
3184.259923078836,2155.2007020808896
442.1653342922205,4869.114976685586
277.91564012055846,405.7190006812972
3455.4973368331266,7641.061373621734
2733.276161875482,5722.594389423033
4496.361248123457,9103.83211622042
8653.281462811336,214.39776182063164
5129.8111425671,2446.072462394564
5119.672007897668,566.7835322543269
6612.050297787802,3637.503524730631
3298.9583069236605,2115.4281126334763
9825.46404306683,8734.67805986522
6327.423686825298,4915.518593502475
9124.87738692377,385.0873905169794
1237.3225525201426,1568.8779975043144
173.1639956592512,5577.836905572361
6938.087712317122,332.7051760701694
8052.144437254588,8617.277213293644
6310.511411114027,3631.302046142745
8183.277076965175,9017.353031259998
5506.841341357943,8452.494087105824
6396.146611943853,9799.905498260852
8504.753358215246,7050.122892868932
2970.768398614374,4585.197593190569
1459.657898808584,2829.7958407819924
8250.231767759935,1857.2881144691232
1413.2675115924708,217.2015676461503
6626.439687340952,794.3890654473096
2743.4867129897557,6221.9493636900625
3142.4375575480612,6436.479022372306
6791.186072960755,3406.030156336114
2284.196634311948,8560.526796592578
8297.935873366423,7896.024102365992
1737.5229719242802,5084.782105423743
240.14089470829836,707.5838317307681
823.802154353156,5007.153953717984
1794.4408902760579,7531.119598476399
6733.835187165421,1912.1860973585215
8307.606694117945,5472.198788374716
4597.610123624636,1939.018230713867
911.795837422914,4249.193882546504
1911.6384537398346,864.6950650511842
5157.184033057297,475.71944807975774
9612.640090757035,203.5271129137761
4254.5787918557,6799.800276905566
205.3001154640044,1402.3313976681484
9651.362883421365,2081.7225820913322
998.5679581170282,7962.644590063514
4564.035993351448,9483.461492324715
9976.849177303231,8086.268066660257
9877.363610793816,4034.092612283975
4944.485236328074,5206.617603670034
9334.957355070797,838.685071433325
2960.375918103013,5886.506074720951
1639.5077853181094,2576.7908242062285
3176.8322657970602,8266.698497667456
9524.127282349229,5202.84837928196
7320.81273598357,9872.027200358463
8413.269343221098,6208.041788956199
5565.729610839687,236.08047534253163
5268.783810286612,9491.687816189276
4100.392610246603,6217.091429592313
2336.2669260347757,7564.094877978667
5605.557241701073,3066.4302960647683
1953.793877995681,4017.579113375632
9536.308294397226,6551.986814820795
1055.7153626136928,1992.8860272083682
2485.886953364821,2657.8837992131234
6483.09791725563,526.9454940757834
9599.576507927266,9595.960374052349
9076.56803353869,2891.5192395655863
5069.166376583792,5557.225571538504
5235.647747512735,5668.331559651582
1176.4860331303505,7095.885281546535
2681.4408723269967,5315.937620859529
3948.66571732821,380.80722958529043
365.3107967599356,2100.6057683274726
823.030378969275,1436.0564094566564
6004.667198900837,5867.856084354983
7017.4528962245995,1692.3360194225788
732.6154924470329,35.09974227972612
7068.819896105273,9052.769032187773
9422.735379300246,454.31737098589275
6526.455173110385,9218.470006154186
8263.125164225348,1713.88812292242
326.6984617648727,6586.089004527742
4258.789369876829,4390.50589397119
6264.097662662782,9235.754323515363
6401.28233511692,9573.53033459028
7976.289333493903,505.2673570603516
6626.811275264274,2921.827689119234
9125.27040154133,7499.266191147941
9633.664953204778,1550.8877241763018
6434.049142406991,66.40159369060261
8791.526982299789,7689.27830252471
9401.325686773942,483.74771257234994
2540.412521461355,9850.775164559775
2288.586999988784,2067.3741563534477
6522.2087320035525,9373.473020471676
7171.1817152500835,645.9302443143566
9055.517024474228,9030.94801860103
8162.55349247759,6373.105174142775
1648.0464256646333,4740.872289621559
4424.429850026915,4417.308153504301
4397.305023947958,581.7006156196159
3708.213233428267,6548.950481997765
6545.866984274144,9935.336605764334
946.8180826035588,5084.2881816246045
2077.941928672713,6147.057186763524
5359.319098234932,3243.258283516345
1764.5044560420397,4348.3758086208445
9993.429001247421,2650.8227581374053
8308.783033810994,1620.34113274106
4753.4815711388455,5978.3154671758975
3191.9662501213575,1749.087711797801
190.45623111029198,3851.6403288633273
9905.914118605111,9442.680325801637
2261.663403780685,6788.289674392473
8503.427951404949,3759.0418906233513
180.25088462633954,359.4804083050085
3241.0228016906462,8496.886246912592
2670.552930567006,298.1263692365743
3941.286980046892,8781.594395020651
9448.486943361957,4816.371634321832
3732.0238137426263,5724.592779299458
6506.268255205574,9278.148893212534
347.8954528507816,5537.950594795368
9276.954393461267,3753.476366700672
140.97915342331956,755.7424670025936
8237.356631003373,2029.745405795078
7985.0987473590185,920.3501781380863
5835.419768947096,3381.9728756598
7371.952192120946,6044.310591561055
1349.5129980347042,3063.7292876569522
3711.347862023462,6829.010152831911
2150.6182258453186,1798.2705242179086
4619.22537106199,3978.0317504036434
7558.796730940569,2128.8243913408232
98.83432092523515,3106.9615166831923
4879.476762476723,1824.0509208581989
829.6300766556652,3613.3329821383763
2754.2156534658657,1728.6984428530538
5859.1186506938875,2993.4981285919916
7993.17954380959,5692.181049217205
7596.419241024251,2125.1756549170696
7840.388393216801,2772.5646638541134
2727.430679364565,5203.596683767957
191.13892710467485,9606.579257433168
2121.811467271233,9462.313614967754
676.8208420989419,6385.974728622661
9565.957935034663,9293.313214331238
1764.112808021946,6926.579991458195
3516.254351013379,175.49210013754424
2819.2437764965994,8930.637404932366
3253.876884012691,8725.116423005524
9602.928279771213,1596.4946935752967
6382.776697061418,8384.06354384667
94.60872452310531,2067.4330331536116
5368.566350112472,4438.342024305963
1598.7590152428531,4887.800842955556
8861.366092220795,6248.262295753904
8068.489444895457,8042.001377057972
4606.90357324577,1938.5217423289048
4018.569101263668,6733.85102012229
3010.4619484991504,1252.278209184784
532.5927620891636,2745.8767667797492
3144.4136316224713,7886.632310364551
1418.4559731337977,1021.3508338860422
6158.465957162167,92.63863496925762
1978.0129943742263,2628.7129987046055
83.30778101875435,6421.603375804932
2675.3535057214626,9294.201730357934
9302.615454946423,7351.398632234813
6609.623203822887,9719.0399659509
7834.465237639064,390.89747159346877
2559.2358849318375,9099.451078271559
2606.4611346606125,9785.310805679675
2088.369574398926,2725.454249335665
4974.4457266323825,276.16442030146237
991.8233948081323,4626.188817416841
6171.398865347116,2345.3693271231045
3222.0621028445153,2540.3724925047277
2385.65300422776,46.42757021451671
6634.075045520239,2807.359956937744
9898.47096942611,1721.9684896850351
6712.692455757252,5912.473283021983
6984.990385301221,8053.286326420021
3691.1866229125812,9004.966137033236
5373.893651226786,2051.34706113529
9006.205164298332,3072.878579412659
1278.6513477540996,3567.1006608747825
4229.2950606582635,5253.680453051612
7626.384472798218,9377.86061399035
8807.0422327752,2668.4771077034443
6112.328245218942,3278.693485949031
1538.1005951164839,6372.190560367117
6642.340056746513,201.97257053509722
7774.097221315086,3575.6943159036305
4291.869765851531,7804.062810219983
8785.709816455692,4870.650878881524
9224.449165672931,3147.7467733424337
4646.257505165371,9618.155360462104
3186.9712566452567,5513.642644874893
2231.7930210681216,3006.866488739547
3900.347553731628,4529.883468005061
2834.1782710778198,575.7924235317524
856.4782508252244,9475.902072376624
9906.354872015794,2459.3744911916683
8895.132494296258,475.278997825469
8977.524016338692,2050.427506882091
9041.890747134079,4071.418971010994
2610.593740989229,8623.031398684967
9978.64173498467,7870.791573039693
860.3341559526378,4509.497712807633
7404.444712007361,3482.2394750138287
1350.5499299309377,9061.17018526002
1292.518430756895,2885.927445229086
8836.403134933027,8240.944712250437
7717.180068644395,7409.5181550033285
3103.3055478690776,2872.5464015195466
1982.708274823357,1408.9783151228942
2452.166226003536,4337.17674507965
6615.4124341119505,6455.717498461611
5083.817149587379,6024.45988345812
6609.101310336411,5420.575184729195
6363.822323749862,1646.1330685153953
2125.1644055578868,4634.596386319834
7462.147968677245,4107.019870919962
8918.204551674915,8418.461163026086
1415.8168809153515,6206.007798941537
2129.767249852774,2294.318910297912
5883.96848500797,6902.269510070771
3182.5901787691937,4281.986583734697
2358.346480816883,5750.723564567982
8460.647197765536,4086.256551406169
9458.762104787234,6411.298560904608
6025.426695749478,6646.774767928831
2591.9046280126045,1857.9545012530507
18.682657899838915,7274.119238968878
9312.785845722716,3962.3373694467255
4727.005679715396,1873.4949180217975
433.8939244648565,3876.3203387212443
8065.875707014925,5975.10093505072
4438.088013332767,3569.800244672212
6165.068292900143,1013.2395086395984
1130.9872130184617,6839.380615291654
2279.4875503726066,5330.999548984553
6750.736592095915,2946.9219133559463
4674.35907056954,9936.17447449133
409.9334384825204,6695.810002451703
1721.7547030733615,5229.158974329467
9942.227692511571,6022.991102965251
5393.059363857254,8110.31398951633
9551.887438572108,9886.593919220999
8736.000281543098,4502.731778677414
3955.46889811526,5699.211007350669
5595.517423921225,1613.4992894502032
1855.9710469278846,17.161022464204922
7121.977497426689,3478.3182865052154
3416.7426751451635,6469.614210921622
8300.132877822094,2255.7323720983977
4469.6308108262465,8087.093436183483
7494.941742216224,7186.9049009480905
1740.269368093329,2133.254188438023
3417.4780413089034,362.1856404583712
5122.066986679992,372.2516158270928
8817.703243319158,3219.0090478445877
7524.907166655975,9669.650160238843
6046.097404176448,6925.992809014926
8401.93480096461,2292.881921007105
7648.48474255988,8216.887185252244
682.2598931733414,9110.880466657061
2841.7559608689335,9851.63403652346
5236.329094624403,3901.203202105615
9382.376754865316,9072.142123653824
9094.721498327219,9757.124398590699
5963.33409772779,6804.414876720381
4845.844582520488,6346.996120473992
1266.0414429501532,3145.3717453666495
1612.209953606728,1831.365698372559
7012.4290105724795,1028.7343198330834
2609.354487510056,106.76052279333548
1229.5056052417108,6987.259145091459
1296.0158115202626,471.10214366041794
9991.429012025084,7893.311047866656
9381.22036351234,3510.437398903904
1201.0112277132212,8881.799538836196
1618.1320117618925,2052.8942069361324
2978.3414769703877,1501.180137032101
3640.057368957714,1650.4648828322677
253.18142129739041,3698.3747738311476
749.0157148578979,5918.378011488954
3735.48564900694,8882.081811178254
4171.9945538654165,6277.239798134597
8287.215826416132,4597.826719911435
3174.380096265926,5813.65057324442
2636.0733687626434,2770.509835039783
9687.190838427308,7073.466192039122
1493.4732557851348,8048.259481141969
2594.801509979221,6851.902514595489
7315.496308311828,3058.9558455297483
9932.02035230423,507.1069002659179
9154.7951551215,3059.517378311001
3182.4618159233796,549.3092042256409
3565.518213837279,7730.09312080128
1446.2460016530376,1339.3532252738917
8278.228255187618,4127.056600736867
9318.121309634778,3794.849834988213
9689.803653244768,9950.943357579521
567.0406970373565,9779.101631835547
3868.353326302847,2845.5575229521446
3874.7714403124055,3135.4292787975933
2938.746980072574,4721.125085897374
9322.032062049286,7197.029945266386
8026.023301068238,1989.4782707435088
5997.052746206419,9025.567921807777
7142.764832193781,1428.263510659883
8205.59762225071,1248.8322680161712
4922.383603558637,8607.920243743365
5375.362141218132,8658.785633694892
3759.399522072827,4434.988066438927
9557.063602521815,9226.51778861896
3914.7563040652167,8969.89408312516
5324.340170871221,3980.284318790188
3482.681038880423,8434.09313657123
2224.2446953929593,6575.337118403145
3742.970290515746,8428.669894720968
5076.476182419989,5722.9959656343535
1975.0022447190263,8938.995089978553
4366.955672721428,7253.9418256778545
5005.505022519929,4183.685428374892
7805.042631712133,5016.008496226572
6777.639740320559,7981.082728331012
492.42235869380255,7462.0812288399475
1109.9619244824555,4044.889513330625
4599.757236010391,8802.744518919515
9385.24619018031,9471.671069450731
7369.356037042654,2129.679882708614
5856.191546945771,691.1617233376721
7854.630129905969,3279.045991151874
8874.922171667557,9056.567812583748
5685.596597882027,8468.174661982988
6543.540232468678,3674.619413173512
3201.4778082970483,9651.106643089515
2023.906656094765,7328.635731541201
6926.407420987061,8758.400429960526
8776.194405540567,9623.445630088085
4593.305696393977,7092.183737866341
6723.6425282615055,6790.609053892342
8691.401318328357,3312.7421716522276
4864.5293941159725,9848.087774015941
5049.793819342444,2671.152256646372
5703.986825396797,6198.055669044577
8814.985252416962,3039.260088173029
5759.964300766611,9039.114874313018
7354.9917938380095,8522.525841399312
9082.20819007685,9636.201273327073
6991.198256242882,3866.9999360145603
4885.99876253222,5429.013989418377
9246.62790361626,4143.594907591759
1212.6362161080806,8151.7151371903365
6651.384228470666,1456.117071338665
1519.34819193412,8888.695276895158
9454.280809805348,1960.2517161451915
8198.11444915545,6650.619243499688
1516.9437992620349,1741.5861905588658
3327.5400632103615,5895.117756194086
4347.174796702999,4545.2461452978905
3776.164019875571,9104.661775117178
4423.408599354112,5423.860702043628
3865.7831143805265,5809.359351631849
1079.1273364768927,4684.251857837911
6430.723718548583,3968.7763245763285
5487.002286114641,4523.247967505883
5806.238040864969,9059.443965726245
8297.0667397544,5351.951211062205
2288.0198232632733,4396.071533568628
6.73787541852211,206.79731336079587
9080.46801533117,5247.573656352107
6192.275519318035,1320.3981121346687
3129.238367954852,974.8362877587202
945.1776013661595,2089.646150505916
5238.863216669563,7327.75259278065
6018.616726792146,8935.360315796044
6538.203573666128,1170.2625399725607
6135.3744267943175,8387.04372795689
2295.4782844657652,4917.53910183637
4237.855381646977,2359.5129720668883
5059.671577639844,8088.7570471743265
8614.400413073365,3174.5564020217785
2967.5904470894666,2240.9643645133006
4833.2677691423105,544.308736365291
2854.913121290362,402.25228554924274
9827.292750736538,7614.743887134588
1304.7393347177272,4512.775076285992
8833.826435130148,7600.722853173649
9621.985149948949,3966.769470739119
463.6675045668437,9889.950104898922
4431.557756171956,2313.8202436119072
4039.032467496756,5452.108618521941
7539.0281828348625,2649.247825719756
3096.9332878154064,6078.518819033
471.2334033516763,4907.161983342468
1215.8522911984737,7943.618217864995
1587.3392865474577,7736.155818784383
8467.521942619565,8262.018535757345
2003.067508684665,8244.66854536626
5078.608396409631,7464.2818676987745
9202.105682445741,7291.829438870144
1118.2516385070674,4683.396856152555
8534.46727053416,8145.565358662843
5865.889575879759,8819.425882274028
7241.924440556077,4494.868015076491
1934.0984286271646,7300.581690709161
2935.1994731234477,5956.098603998417
6874.129692069501,4142.683266585366
7597.120739219137,7454.675057248918
8213.151700215576,7521.9483882604545
2464.0494055549634,8906.363202383605
2627.977996941866,5919.478902343561
6337.921446648727,4225.081436177847
394.6156209381768,5826.359903320398
2654.606326839597,9904.232538004326
647.7591128827087,3664.66938807122
4511.4231582094435,5397.529331797694
7893.8896260455185,68.27810539401847
7371.2779203882865,381.9484161413311
4906.00059054789,2682.623964782247
1072.5114432047856,9593.153952771758
4144.497269272875,1727.770640986438
6737.657656116448,978.2691824129786
658.9420134435164,981.9136772263781
3221.3039064954783,4878.425138650663
6835.343751210963,9343.848492171315
7251.7709223190695,2411.6650556804766
2916.4725820704607,4687.114905683073
3424.598993465903,6825.1641300663805
9320.731508663286,2977.862064274619
5428.1204585867545,7404.3839065943275
5901.461794558684,4459.454970899564
5563.843877502771,757.8323222643712
1870.6669248907415,6471.4048222268575
7714.810769261997,8439.462575086323
3071.056488716486,8998.100751133268
4293.963504945411,4003.489111668862
1370.3392619263366,64.9852273810303
8588.312553559494,2030.9305955675272
57.01135685963421,6871.799121380198
7555.152208578448,9254.08545370776
6520.790429966441,8694.032912602706
2760.0761541475017,5437.74691223436
953.4199372115481,6068.840170635399
191.16582144435122,3450.1865193221893
4740.983859060881,7484.939906730262
143.1788406420087,2705.2055395373795
2155.9907136059387,1994.5096992774525
14.195067114392002,4967.190412397403
5920.725548778669,7964.326767143508
4778.007917979633,5160.846498713731
3946.7299566299776,8450.290829886902
7092.257065448099,9754.028315411822
6716.154533364473,3552.967278765423
1343.937501499094,7412.08354115237
6327.642927013133,587.3299633152474
6766.279054956383,786.5097085626205
6534.56177512281,6978.7273384630025
8289.5159540052,7309.115114376325
1305.5573232801298,4240.663775218799
600.650747964937,6945.935460046578
8462.086444567623,2966.6912043198945
4252.639927582659,853.3308551211038
1480.0083434833612,7615.859660401457
9723.606883553262,8628.890005105102
9678.995309642196,5663.224118269812
6706.680599832175,6242.907362686421
1341.4939978718367,1619.8328384738725
4643.285830249163,8959.234837024522
7588.190916289501,6706.792965883177
6390.987102163151,6867.230663341785
5198.575793310184,6466.844591132052
5696.686504960265,5057.27834667562
2556.708624160614,3928.232237012009
3183.825191101003,1922.9209752761044
9999.123871397866,433.9732137934227
7247.365196802588,1754.999965965528
6357.36335992103,1584.9565719944735
1786.7834498528734,5361.882660522717
3213.758045809316,8145.630763779338
9833.201651462055,4542.316643790337
7748.865376111899,7812.436985633248
979.9793640214849,7639.441225471613
161.55834656241487,2796.0354569523083
2602.213869923623,3119.7922633298626
3308.2261240831235,8560.123989979684
5298.674647054748,7365.054367175937
3487.276202283318,9783.140121124487
9711.009764759881,2914.6402836426932
7822.674849326106,8921.314661429004
9508.829313710461,7016.50559996026
2408.210525687566,552.9408628629806
3486.6938930305946,7749.517759649706
8620.423532881769,3388.856837883124
3555.995995737,5999.854066656849
3016.8208226653705,4993.9227968462355
898.0414034402295,9544.765940511443
3001.0961589880803,3672.474715051146
5104.080035081624,2353.065356660635
3095.1194874242606,5907.773926332015
2086.569611044472,1190.2073558080017
2203.359201903964,5319.016241373194
2636.128122947201,7759.892452490403
4835.387260490033,7698.787727458226
6790.379199949766,5071.111978914799
2931.4765508229266,6479.651853893543
6206.931371438535,5659.306405208961
2171.5011774418467,7850.798786701855
1374.400480602852,5877.332011235017
7151.717944219445,7790.227514067829
2324.0380432196307,8421.060072869466
586.3067609728046,4223.279478393346
1586.291828663685,7936.228982719517
6537.763081114791,5929.675798650069
3407.657901470086,1944.1103882975362
1474.094773955037,7338.251338917871
3007.89377608757,7993.568347934732
2184.7274120760176,3529.169218757029
7359.216471201209,5083.73261482566
134.42392515062963,558.5699682677192
9659.373659753488,5314.184482279366
6290.389123707792,9338.802756676658
86.45656419166481,8155.464620178356
7415.500150362394,8962.373427464727
7316.522391897315,7883.172708004775
5748.123414617185,1109.223502176072
485.4040028418749,7541.42685397517
3460.8910017257867,7576.495938804519
2425.0083093510457,68.9513776600259
5325.624036456606,8280.446294829533
8589.237024111968,1983.5311057622207
9490.791833761872,6733.146879767058
6084.957128723354,8300.240004417816
1475.3435795314128,1658.2271599140597
7250.109070223494,68.57507635634863
7682.028993982958,2797.754590678848
5.264610847230955,576.4485159117072
6315.789794236732,9745.381858364499
6056.651470985417,4127.266232606828
7673.958513057917,5222.394142836843
6834.236461056338,205.93520239677977
2963.8848589338295,7480.90148023083
1049.230461924765,8502.226348513463
7041.581937366294,225.1575564059971
5320.816164114939,2241.236566887077
7431.010736294984,4948.60321986497
823.3292415878801,3422.28732031388
693.6924050727788,2770.780354780498
653.7602293286327,5697.133099722446
7485.534908307492,7106.474687908852
7117.282648598563,33.47172285359634
7471.832271566724,6049.64023549158
5464.475394694633,3343.5571619460725
9424.564865433531,6224.56380443374
8873.29527920348,1605.6675899699303
1325.2673836510241,7360.024930608969
1292.7603528895736,2628.934788056293
373.0047313815277,306.49174958025327
2637.607323901079,9023.03948065331
8698.425484599968,2344.966368795962
8978.54969673574,2195.606934238413
5541.201951411518,7960.25450098067
8013.869753268247,7921.430755176906
1869.3196391549104,3451.3494006859523
8782.279019812591,2628.340170079909
3847.3210799618996,2205.9967695861305
2111.7978670718753,5991.705898104396
9379.360034635642,5454.903955647969
4482.593153443275,9735.433211541462
5394.44987191381,7549.538418237304
8397.397144886882,203.11906052498773
2913.2329190962046,4067.166164687346
6285.956070913317,6325.695988313873
1920.5082831276143,9997.926282175478
4541.358846281955,9119.632199101716
8209.090637168065,2640.8938574368835
5287.798810583804,3924.698139218249
8426.432004247783,8875.3157814187
88.89997445949204,661.6538104757053
622.3601433604631,1577.3503043828541
247.6604314767561,1955.7030356606285
1791.0450979640168,7648.80381800341
9282.123078327935,2902.837888275812
460.9550846873955,487.164279275647
4600.937243298979,1683.1754678548682
9180.784114204911,4934.368388784206
6812.936081249791,8507.327277059067
1946.1700002250936,8273.2860926388
418.0801200798001,4282.379510851706
9319.666127575225,7086.348135917077
1805.7813084047648,3977.9280023613605
2487.0933986456444,1498.374810427241
2961.7254483905817,3225.915714546276
7919.383483975524,1725.7949688197216
5485.992330932094,9558.69209901977
8633.858731689425,6994.3282274685835
737.6799994452609,566.2346259740381
74.7780965196243,5668.571485078978
1081.2533195554274,7095.631130072518
5687.448523930366,8609.196121819099
4026.3813389165525,7897.372308397499
1123.5835668328587,7069.371028516714
1161.5451746663207,3420.302869035945
9358.274245187638,6621.483026703455
372.3416349865827,3406.114327902091
6484.306082502817,6662.888161614774
3577.920612151798,873.27761515678
1268.2433404026706,8713.736465584903
4359.949955016185,4382.6400801075115
7253.518534108178,6843.917757968157
911.8439362640084,3453.2341874132276
641.0877726883168,1005.5987483338646
3101.4226921256973,156.82546171670197
6626.0798327423045,3191.7577834021827
558.0003242443998,6250.756870526624
1889.1262820547727,87.70262398639429
2473.500486058555,2158.7368376366535
9771.044271934265,8131.981157704578
8833.918363934863,7352.823630900137
1669.9697903735378,5654.261437303317
5127.431024141265,357.467335010464
6800.833759341447,221.3473909807029
1317.4226913483856,7984.44770651016
3987.3272968256115,5219.877062633365
5733.556323778796,6559.374096757793
20.221627615041314,1157.1640525534888
3158.7758348084403,5748.602558919206
2186.791834026246,355.3488822152251
1116.9763892856165,5408.146558752879
2854.9548671322977,9855.299460416134
7028.40228424294,7231.077216136661
8923.169496543253,4098.862981407737
6343.157679450949,5600.601514493076
3209.9852891339865,8640.351461353552
6795.752347307609,889.7997302812933
1787.4070049460079,5307.989252305182
8915.06361810073,1878.5636466781687
6668.700607827587,362.34589794527204
220.25489892736226,8043.099333979548
4225.517182499558,9283.342263048708
3950.4272285835427,8890.232841559735
7686.263801653189,6222.374243887867
7191.515340503219,6230.418140773254
6283.8869624133795,834.8239065148866
8779.737777719407,6013.60723864383
435.2463838236043,3413.0498690422673
1182.0687968921438,883.7993069832095
9271.60641254177,3068.6674176273877
1138.4070642030297,7260.108865138244
8476.236525295457,8532.49771597535
4790.095875028974,8427.090482097386
7820.979381073627,2448.3175777797983
3945.0546608350846,561.6381659098635
4646.173324136446,7794.733141765088
9724.490900195964,6982.71955304921
9134.55763766214,2980.8004141819356
4254.5924537249675,5279.411164048204
9299.959367333608,9078.39585779791
914.1066840728429,4281.5828468608515
4970.307627366415,3516.13341890989
9677.421584770893,67.94089008542281
1472.0502986075269,4414.881404663423
700.5201454133158,4815.123162738144
3365.181251490875,3518.820519355004
9750.259780349572,5148.548444870412
4407.004482691919,395.1721589159407
4494.003296669428,1081.1608611401757
4443.200909279412,9632.957495330082
7820.433590449232,4929.343637014767
2533.3467720764893,5260.701731194413
523.714294732448,1712.961404958423
5406.977640442313,3578.861266579424
9922.104569694364,4293.850628566684
1059.353166433743,8756.518744867017
7325.985558628337,4793.110639328034
1640.650772084148,3460.31779402335
2583.034847132768,2581.4306503185812
164.85125185577766,5662.735184992631
19.709429375635025,1117.3599583824812
9142.65324442751,7363.32095203223
5249.472275119762,6241.116623354257
9720.326205513657,2896.080744395677
903.8556930652575,6832.118959624666
415.4529764138959,6697.312691405594
2423.316199778901,7175.347353778917
1455.773376552263,6920.80764317378
3813.6357103037676,3777.802469781949
4733.464660421708,4731.817941346468
7709.642485800587,780.8121437691607
8435.01751080959,5459.538003067319
272.60357984824066,5558.269646753643
3412.568052094753,1698.1654292912463
6576.07968382777,6377.5724199668375
5103.633859887259,7189.999344455993
118.55604805856012,2620.707220584043
5596.6667303245995,1193.4027130490942
2256.5599883039354,4623.039480101738
2318.9454420328716,562.4633973803294
3146.0906367804164,5892.616946741701
3943.817262481365,4207.202132239863
4702.707999686,8149.8787944654005
5906.091694325013,5132.646375680264
6172.351781873166,2532.8964020441626
4769.730732481782,6910.960004274416
9342.590127563908,8674.508259910488
6996.988509502472,1296.7867007053424
3047.7767248198306,4366.42660906829
5859.1096401846025,9977.726644516471
8446.227811015822,5219.543125482491
4544.056756578461,4016.721214044431
7851.6862380117955,8571.53069442784
4559.73403898401,178.23729761568208
6106.145856401347,3098.5181366589986
4894.703936108776,1940.7736767579097
7666.676970749432,60.87013418096365
9387.898331690825,2536.999522584548
6110.5571885639765,5606.8940248925055
4107.5612601066205,9570.950118180626
9821.880701869872,7726.897334184928
1810.9453939540776,9740.026896741281
5209.6177781784345,9342.503160262351
1756.4217037126118,9041.58399636534
7808.110287893845,773.1861635720993
913.6062268141565,1316.166567163738
1983.2730411294885,9012.758733849252
4726.840639252749,7471.546596249588
169.81095021555203,7223.072216105939
1950.1196231648887,1656.751222990438
1391.6744148101857,248.07053519884548
5085.5519862274805,9298.826346417569
7675.4150098720165,4871.902054239995
7965.920267208946,4222.990412643622
2540.9667954997562,736.4677166126332
1578.763950300095,5533.726190985155
7787.212260941904,8659.797737957975
241.3231227431345,1621.9353356481304
6626.630753585765,1880.275819468492
3981.9956505803443,7484.601623592319
7996.709529669047,1922.1245741754112
7304.475022494791,1832.481303302309
9570.911230515387,6438.057035560149
7562.0201436072275,9.857993576086743
7012.115109368906,4367.124759156137
7270.8203990427855,9447.218275549387
6126.733397979528,7217.43585240705
4987.015951421652,1939.1816917454653
2655.5575323143144,7580.797568926345
3683.914777835916,6467.316956785353
5056.825676140145,6305.245400590087
7345.485255261233,7053.837999097462
1478.3607725196002,943.5600063263915
9846.605094817267,2196.901559652218
2658.1988475522867,560.9754520052612
8797.752075209602,9198.800235485849
2176.837542784792,1170.0795042697287
1765.947696852661,8951.496396418763
9774.634922389589,7815.31091892421
5489.371133125946,8592.832027169014
7242.256948425408,9542.238369394554
406.4411383921296,5724.079728912666
9900.935567919185,3815.5776302336862
4650.670881647698,6304.9772276736
3724.2003781648505,3680.6725014118515
2370.182663197703,3577.390336133993
9670.235789423718,3106.2961831032508
1679.440353946514,2922.710388588182
6310.391628853444,6899.591277075082
4678.226298731576,8015.70856619652
7645.742886636915,3573.5863770017786
6010.008465024392,6720.06335213904
4269.3630540005815,6142.807256695476
9810.568693226467,7639.386914650141
4144.5415430388475,3193.5357085623264
4052.478331686994,7250.055251416099
8544.953433563847,1608.109043817304
7560.711396507566,4244.643495449508
9991.917643037861,9802.777218525203
7899.815962781247,1175.975203973374
2612.762827019528,9476.561106628353
7703.162972528023,7135.291615484098
3366.239851382494,7815.295371502918
4414.124585361632,8884.265634546447
7456.176178649629,1399.2197573808396
8432.056123664703,6519.821342342303
732.962830059678,823.2408044660389
8281.724857268458,6935.124583524412
4436.2608482629585,2761.1045359825794
3719.4913200188453,1282.334293695413
3009.264904757838,1638.2318721939514
3600.183711254139,8732.874165160152
8760.514273843877,1061.1872805329992
2509.6938487348543,9539.140872945609
6555.022794581543,7274.117876563435
7728.2991110005005,7757.586366714798
1134.9340494115233,9538.514052072705
8699.99406784529,2266.5730248211967
737.8200549639391,2353.0171067323367
2619.395046796598,5454.537040784826
2025.220155873715,1058.9749717803677
7329.494465835541,1175.4472673459259
8905.415024497153,9033.979844734182
9398.07230359322,7265.16577699257
1421.2539328215757,6156.396042033591
1497.7901882911403,4518.866735620815
8084.851551988467,6666.391314842226
1322.4254211149932,6513.499004953113
4538.033650441643,4800.747174895016
188.07734408435306,3208.3187431092597
2757.864632133409,841.3367436192409
3286.7841083167027,5950.5287481813575
3805.9823628541867,7456.812486834124
5238.0424605289145,7976.2073334821425
402.6934602442511,6387.667589810843
7977.580631743378,9353.02610465611
1209.0879594530056,7951.563603746032
8837.777458181441,7581.396245352913
4631.938618443414,2186.1658483031065
5206.524777732886,3879.618977638065
7540.248935456093,7251.545569627
8354.050999397641,2835.316518278843
8410.05834296172,2275.390915487304
1042.4927246577943,7101.212311942538
3461.532266695859,5737.149968184508
911.8869717226675,2042.1647355623872
1798.5986672292586,9797.897227537516
674.7763024498598,6852.110536486534
2437.7091490188886,3633.8700607871065
2240.122353249886,4002.2701997712793
6691.769927776043,2987.7694372718765
9432.641350971599,6067.502050442281
9772.271139214115,8591.698947663823
1959.163018524026,1832.551662620824
2856.0858758303743,2947.6804135202838
9067.252115520134,2956.9366544383934
2763.243145134666,8645.96097567436
8653.543585156283,8283.627403184484
1011.0028045980613,1330.7395218924578
6329.160040930313,6048.925038361997
7460.905476521036,2666.1585444034886
1111.0211006564907,4279.943771365736
5045.405618460936,9709.964526619497
8012.4767603144055,2099.574444990302
2730.7053525237734,9439.094687410343
8943.013518437047,4386.80755430984
8985.51681704925,9159.505434042594
2339.9653548170627,8420.55986962852
1767.849903236779,3268.209236052536
7780.262580564484,7676.752426652186
4037.8440000065707,3311.49152699976
2369.533068345131,5263.9895020072045
8209.880758628722,5306.966608261815
9006.215084455369,7369.731866015402
5360.601032814338,2801.3416437697024
1051.22394143903,4589.595022739046
2284.977039413305,677.2939325872485
2082.947436572226,5424.859599606518
6269.936417347864,7269.979128468935
167.32905166555457,5112.994486744423
1685.2628395074464,9670.4752143827
5846.760989895677,7049.763465202406
7609.148624110578,4407.261474050265
2834.383968955678,7908.790175887713
5432.695590889509,6644.301855823699
7036.654337268496,2470.5075432484837
2510.668149990367,4699.9361818256
5247.677245985649,1070.1861845798567
3917.710405216842,8767.332219232809
9824.113744491135,2805.943896646909
6272.455013842047,5236.331203389931
5295.373645206031,1556.132159348228
3257.3325243586946,5110.545145836037
4242.191684552896,1597.2428936382032
5217.075193180095,707.3595165778779
2440.5516889369114,1761.7612310294594
5315.372170179041,1553.9962902090542
9918.170005845104,5931.21509370994
8527.276527883856,2088.9429246624636
2656.4759484343704,3519.1331752096044
3779.018130342351,1659.548825757501
6408.785734408786,2223.6931824646435
9137.708485982334,6579.887884439873
7818.383081547884,1770.3773524275014
4720.002293776841,2086.5106628080352
5820.0707179136125,4809.951855586969
6248.560483868166,2929.3798182835417
6789.64177751541,9348.936087871438
3093.3334671740663,700.4713616614067
4123.407951997749,8395.860580219261
6977.677482793767,1386.2927838500161
8148.886566393834,1853.363238097424
6464.2548230350385,1555.708621039732
6692.163307436962,6908.277365165852
6881.357125295536,5596.391052225857
5981.766721053015,592.2504447516352
889.0959567227142,186.64016619600488
678.5489104398401,9138.332753042307
3315.3878157823756,3219.2630625148076
6777.711397303839,7762.048019718359
8286.675561219388,7864.008594791654
660.6688140966188,5048.20177026796
7186.602588706881,5034.636195161396
267.796017914248,2792.186281449679
6963.906226522784,3388.0861918647697
1910.29819042012,2268.2046497437436
3310.436349690089,7144.179391218225
7090.723922557002,5975.300277007269
454.6918687236035,1726.0548823973465
5221.030803214374,2568.794547651714
7828.957188247084,7973.105651355011
3542.5729498857418,4931.535763159446
4717.576578938681,5659.413721401537
8280.020043692177,4103.366968103267
7476.541403506259,4357.142791511785
2233.715671286164,3599.952414349333
9787.270926058654,226.72326831314814
5166.101859390283,2902.8256376531426
4117.66414037794,3992.921284416602
6633.308884536482,8550.992298195331
4422.137345498936,2633.6194892429976
8858.999820751444,3179.3342519227417
7727.191747123652,7762.387007864735
6388.096994965441,5894.914467024628
5890.924405149715,4335.04886136532
9605.594665128721,196.63530616097268
618.5729949767904,4119.413759369696
6725.912200052483,6027.63500807572
8519.506437171742,4758.349954065128
9367.191670510498,8007.96924465748
3857.936952112471,943.8190217630738
2542.022898101708,9575.264956986304
8906.601496815652,8550.503748004647
6126.730221364932,4908.315328058128
3371.9401199744857,765.6168540371555
6160.973611332483,9378.142371008462
6085.98944375721,4370.296710173451
9418.158153141194,8597.7646012271
5506.376818578207,1215.5589797217892
1540.1265364881833,9113.83220513062
4731.912150522866,6486.390215977123
5206.3315889733185,5807.184095892311
4484.5642481330915,2518.4307030939203
3700.8447817884858,710.1051049661056
9274.26499371671,3746.479225452479
5594.82298354149,4851.838928852003
2967.2703594581617,2492.653302029935
2583.515751437844,8793.928640655096
8222.860541875236,288.3744278792166
4236.884558377371,7422.0535012609225
6843.852462997747,3460.3206477612102
3228.800491246625,3802.3842282988153
9082.47171210055,7898.276794214218
2188.356315047093,5137.595019568929
1054.5984401788166,2636.9077653640593
6536.656790931068,9660.920071381574
7114.82127315487,1404.5131195210447
6613.676213984166,5870.81654880272
9265.118179975838,6164.095126850563
4724.62220815064,1204.2353342399992
7675.168892695469,4535.949073728719
790.839345400991,3390.997192075511
2032.0462988171673,3090.1663138543845
4090.4664214738364,8535.706779850016
7015.764421692158,3999.025063431815
4236.523261528485,4382.539765903694
2829.1383664357663,4679.966954471283
4264.34351278404,1407.1452165130816
8021.024343832572,6798.985183532791
6713.036975290442,7595.841966079433
1605.6636072638053,1256.1223685483103
4275.493426911549,1732.6540090664844
1945.4328214879702,7999.964862824358
6274.1417916544515,9290.519268604972
1687.204257135292,2306.3201516338063
6141.801704194086,4723.175642214142
7386.922874613407,9724.270183987768
1123.9737677707406,1762.044872888252
6873.117964814288,7535.933994039765
1102.9130195073278,8263.492906493057
1768.061319495088,6252.83110808425
3234.500705932477,981.6949614964021
6251.402153383019,3516.6200160040307
7053.562361576939,299.7092660475353
9022.839173659597,1684.9944989591015
5581.94288735384,3245.716074988284
5388.434309847624,2318.0620210027323
7424.386178052751,4386.125496731001
5009.698853930355,5382.641200211187
5789.954876000437,897.0165181936152
4788.446342455467,1822.3366112830874
1014.9122816799305,7481.298368119227
6245.289735693404,4492.9491235954165
2117.2878921806173,4035.4536726235
5630.998977859756,9111.320583300934
405.36099076376786,2715.8445843527325
4523.594130137306,9017.85744526746
5891.621395813165,9193.041646518546
5418.61522597682,4339.349353222459
9379.355553941707,3951.973406688919
926.7611918476059,8984.493118125163
1612.446498783472,3085.850479736344
2645.261160782848,6106.4022229264
4223.009499322463,354.2723436410855
7778.07499762045,93.59589321356498
2950.7691092561995,9106.28901264307
8757.235996255795,4581.526621289656
3114.3593947987824,5928.625507853342
1333.36151187745,9394.989030820549
3450.514414727329,1436.9458344948548
2509.7229140073605,5355.9168349002775
1019.6772246199804,9670.408326923549
4522.421320136423,3916.6972059742657
2863.256322162422,5854.670861796912
4004.5649613284227,3628.3261786206535
4528.397826924584,2019.442464138298
770.0808520933177,5746.67931828317
7983.488302798646,3301.827883385281
95.86002710536334,8615.503273594073
1934.7130874123263,3075.7806431458257
6350.922846125482,2360.7801807652427
7208.25811697454,6310.136718401229
7487.724715882616,337.4205303431932
8242.465254204697,3461.246583405735
961.108281566424,4469.918622871593
7128.599760703533,2739.1823846916486
4890.445854860772,1775.7015320832559
1352.0381397889269,8508.354174884094
6838.174323219067,7576.542706862418
8676.490763687048,1821.7143770739397
2470.4128564552166,1178.8951723860796
8669.7619567857,644.9691940407575
6629.222282451101,9196.4649927028
4793.32969625444,2765.971559141319
8969.60066272827,9737.341738865414
4457.889300334387,9926.714754075974
9211.240930636755,5773.630186668825
4120.585020984793,9987.783888382526
3224.9212641647764,4998.692974735974
9700.546581016648,4281.433572771589
7561.385036016839,4095.092329276824
1717.083096299955,3090.3052639696025
3588.3527665285487,8706.64765395583
5475.389253986753,9791.305303639654
7696.721705436872,6011.36695952645
8711.755633024008,6481.897862465218
1099.167453957539,9823.455833153654
2772.599775004139,5788.829905155863
6453.718017218652,5733.635766814752
4334.986539668607,7790.333338214217
5677.670305856956,3781.899118261073
6892.213467570347,4252.439803907988
1967.7343959173,869.0718102443728
5595.738316753001,561.5297346116399
6999.82173085013,1012.339525494238
6961.098525909571,2726.4754145314387
3179.6156676918495,1860.327306058216
9126.697725557362,8558.725813202167
6930.6521605733415,8590.71589599895
9083.584826559118,1664.2043168057407
7115.013264710607,4634.650669548929
9767.788549439945,2309.9846366120237
8609.098801951406,8790.523560327636
6597.979441598083,9093.824324775402
9244.532191257438,2649.3805189639343
7717.830255676638,9419.463565945221
8260.717243415242,5831.137941100061
9086.241243866541,1968.1714696573727
5950.556779318585,6135.339459671243
9614.632793332905,2424.4360313890247
2634.278433288989,9803.65480172784
6552.855422801979,2106.0270851396735
2406.649203422617,6856.816252375899
6333.450596202402,4366.102496836029
6311.394497828266,6258.874364350427
5191.187876916613,8897.841581397877
2895.553712306219,8986.774562727447
5871.115272909494,8299.542505200281
7106.051541833404,9556.455112757973
3639.4888706379656,5773.523281200964
9431.76352621386,2384.6646577712504
8624.441776203668,5358.31280275117
3622.7371252283024,384.7460570518446
3675.9200116562142,5798.2434765933
3244.5320769850537,1679.0413452639496
6224.619281094175,2330.4490221531228
390.51678298339,625.0050735972435
7380.809811007129,9770.986246220731
7812.767346672207,4643.117235760569
3722.042413517197,7536.893221964744
8805.865558913807,3181.038918139436
7364.926272520246,5733.703210408788
223.80211437633247,7403.402066741106
5769.357343920707,6512.559625810951
7532.020507603183,9193.885977831851
705.6297381025711,5187.043882299395
5035.629829286886,1343.3250928878738
8245.366300022115,7794.918220109862
8440.892238685625,6145.388669343648
8469.587157832108,492.2991777385688
1694.395371481603,8930.338745768193
6665.850477421483,2968.556957799415
7422.865828800863,9098.831967785742
1045.2394414094124,7783.671442532028
4083.581719133772,38.97064947852136
8505.393667090086,9086.384842797863
2274.374018982652,8445.505966008352
522.4876089406582,2820.9670896524553
6526.065416673367,3236.833618013063
5357.187487743145,206.3638070115281
9389.30053185111,584.2537437673168
4730.8404041870845,1109.3923909119085
6346.2727259641915,4053.7231347275647
6080.820020727779,5551.1564810166055
5439.213965064377,3798.392550823654
1777.3817295066708,9131.30547131683
7903.192051690548,4207.3574513374415
9164.270511152547,9287.84587931645
77.59846845577512,1209.1724705415463
7665.95149404195,688.1126289965645
2328.1828377084557,9527.134046083687
4720.886035791609,6270.773012600346
9103.912641948249,7956.012708750245
29.65555937391673,3134.1010855920304
8332.684057911494,1869.3602819965781
3479.425666002833,5432.50833211588
3190.595004918567,3157.311890742005
541.7459227818322,2441.1600807152868
145.5066208631528,5873.239743022886
615.1031618833514,7323.972767260383
693.2371102002733,9974.423844653746
8418.057775755784,2146.6950224786606
3008.092201492628,4218.179887887948
8710.728981449132,6491.113094131726
2340.0787491377273,673.9940601260075
2676.804391426817,4263.844054249628
89.97812628950497,902.8507552838072
3775.372629112138,651.4800227296846
815.1058508943009,3694.1130203928196
1095.856129789835,726.6785382184327
9930.117240872127,7173.862068177683
4248.170864940607,7143.058660949333
8926.448960877633,9682.414672310797
4237.59002869587,1509.039918656061
5812.208919222565,8752.620815964598
8423.197014561321,2688.40894191677
4525.957674487766,2333.6112532316542
1676.6506666444125,5461.716391486923
4342.980984312452,7045.832457247377
1146.7972518649171,6098.993350957032
5894.078828799806,3276.3812174779614
2520.0255979856324,2866.1156035547574
5704.555749534532,2410.7273081086146
3870.5446779261397,4575.288169674706
232.89765968643184,8357.104416913435
6338.183826592889,8210.471311815243
3330.324349247509,1073.9710023282867
4305.824609214674,9608.625180120676
2178.576137761453,7660.707326324716
3134.421770684377,2660.863628542476
8696.029617297612,3019.3628294918485
9568.11721472766,7538.191557349958
6627.695331548239,4905.721325809589
726.1519713039266,9750.105802252954
5286.259503018593,7076.882160559381
6823.2279827829925,7065.706946570071
5132.923141080681,2727.228510976517
3740.7471936112556,918.5931516790191
1283.9462254748435,5688.983658702576
7619.44633166091,1905.756056036091
4302.626107907197,8241.393787457506
3753.2172372022665,7891.241361818653
7268.370728359551,9892.121764120659
7493.993634963363,7538.162172695065
7261.074735015227,556.4729749938724
1152.8179368992808,5137.271079367672
6633.104152151189,9780.393818478098
9223.500846051194,5846.500798317201
1957.0915356074925,4767.131152776423
2855.090295499918,5097.516278036578
6859.534103550208,867.376276662144
7030.222145061259,694.3939664492915
7727.357892030271,9907.93790738462
6348.894319490658,6115.8969946217985
5902.654051129171,1941.256139215345
3839.5654718047867,7535.594062961861
7575.0509606261685,4410.372408894809
5891.620269701631,4637.870440242116
4324.604830217749,6834.329528097346
1976.0146170271964,641.5071838366193
2466.7580858801807,1093.657185156013
2294.885162190112,718.8917324991339
6696.4929862373965,4384.635029772505
448.3915744872058,4062.420880306048
8333.048370955523,4405.816774020047
482.51139369786534,7817.996676221899
7535.909154239845,2613.3910984752183
9637.219262298873,9947.013767438908
1483.1543595703122,6105.788938403079
3373.1571761778755,4989.814293506669
7045.383983596935,9409.180977401275
8838.908566110253,1285.7121444562258
5840.405123145469,2416.470574325942
5955.408255164216,3307.6191361793763
2576.6737290029505,4894.515996757614
1571.0582983649447,1110.68722986966
8447.583970918837,269.7504792084049
4409.927515652357,9112.283909909076
6650.2856200861,4550.482669387105
5114.977372660833,1790.372969225128
8674.606130701197,7281.186598357157
9892.50693894131,2409.1202048338455
5390.477225750522,3288.7543510045703
3679.6165896159205,1584.4705401684466
5023.454097957995,9147.505298345857
5438.893391124844,866.6967850230301
1752.613433944421,4828.765591996682
7348.30088131948,1483.35374542076
5974.500467698965,433.02396166886246
5857.354814625421,9898.39858964545
396.68667524787816,9967.89110108265
6539.319985307547,5481.731877747809
6257.392062233278,2559.6104478556813
9245.710625228618,2265.379692987609
5439.45571404158,1093.5147964652924
6281.802275105812,7081.590306478665
4432.811441967697,5915.602535321107
8889.95344002292,1441.3778368916007
6828.6463982791865,5803.3994391467995
9064.483653861229,8070.0558307784895
8569.478384899223,8992.517976930667
4736.60610742138,9891.29742872405
9459.36681874725,4746.074105310001
1705.0586941773727,6773.2042157789065
4553.564193399466,2045.4285702369746
6276.629882891086,6775.834054898884
4005.9013505540097,1553.8355254911708
1434.8918044547765,8990.5498961922
3741.0220109891366,9247.744655200753
7545.460517692361,164.5808727721698
7598.493699490443,8494.967063698465
4362.314443538698,9386.623311188716
1831.6231614923495,5351.882475306578
560.0559765354518,2667.5596091379307
8248.346643835443,2475.0101578996564
3692.6966192410205,2208.5277723968034
746.596090242867,9150.082965363194
31.61782467604235,8900.695976205618
6914.762037304953,9203.061485583858
7267.435057738338,4527.883956287885
7154.947200999563,9033.431153294454
351.392066236107,3045.51903953159
8803.785256332865,9234.515973498768
7120.387689115255,9755.852401369251
1128.5628214150445,6400.932573002715
9286.94456057063,1141.7583154834144
8348.979092361707,4934.786474122571
5454.310916298343,1724.9452854426916
329.80922952906775,419.54060367759837
7934.747523193063,4574.868271670461
7223.336875997598,3845.1890125682985
5331.61509612771,1199.042763045609
7366.439307588446,9720.843389005651
6661.5090399589435,3891.906260170601
9489.87787154032,7759.547109239533
7438.7401660829755,199.77475183048043
7798.101357103365,354.7237954729454
3790.052866595779,3513.5594540715533
5692.431447151939,5623.992988225221
8382.181785091107,5008.8511837076585
2605.50158145992,7216.822070699955
5134.21810200941,66.77742983297263
1407.8477116007205,3419.348626302562
5062.347459062483,4162.041266726121
3100.872623843669,1675.4841621980077
2017.9962429713948,7499.51347742757
600.5811399627692,7109.063348380513
4091.654188537851,4737.23818683731
6413.202287668497,4812.653058022751
3273.7591801836784,1645.1580852563818
1378.5984858148624,5071.608516332177
5345.301853993487,7306.757629590911
7307.62564815695,2733.604084784298
2245.6361523762434,8993.578531313613
3257.3489902419906,5482.736023124752
6380.780487998878,6855.7003837961665
2880.484413508532,6922.721640953268
2192.2154441713624,6723.793543257291
6337.151060565566,9699.235773225613
4946.1687648463485,6594.950276646749
4683.319188259706,9032.506642333166
6594.635231386032,1913.6255134139212
8538.086495275993,8742.004234846057
9112.933952510262,1206.855663911397
3976.5724212550713,3456.647678619201
3166.3722082220747,6293.658490712477
8698.98387383309,24.53678725382713
5226.915990563452,558.679495076233
4010.1034016358585,692.5428931224332
1188.2083822666666,8747.730011350068
5784.58908758936,2758.3349379394263
2856.6644695299215,5868.421982665901
3965.990526536747,6776.417448488036
7146.106711852148,7332.091973600494
2029.011115477204,531.5400103333723
5041.329259631258,8608.060195492397
7021.889773879041,9237.582865176792
2636.6206995648954,5054.349672364091
1729.4269638206904,5796.553275703279
4117.531234937335,3948.9280723814745
6308.445979904529,7227.635945540976
8309.087714142097,5314.389096176705
8889.642432018416,5429.599628471351
9409.68496205327,6614.208948557465
4285.2347271287135,620.980947672859
470.4693082590894,3792.5365080255956
8643.688556490863,2565.1113127788703
3988.0786567883497,4225.672398292356
8205.878239417132,4408.189821487871
3608.6463278394253,1956.9481562799774
8260.429039647066,4428.575829069914
4469.344203567299,8940.307544914951
6779.798105507042,196.1759773653504
1239.4163111394641,8626.804319643217
5792.288625760912,8741.085142455837
717.2759434865872,6437.139515815657
2308.227130060757,8122.855076890466
7175.448662165647,4150.851176999068
1706.8955885376947,7602.293532224258
2784.9794060729605,4027.7390553993973
9143.822099931562,7842.815693768172
2538.043988390489,2944.3012662363312
7.138517680453926,8564.574049233755
8480.221012127588,787.683660749644
2568.6347075925487,7331.424491492462
1095.0771251427593,1183.7363160317593
2416.35490387752,815.8705379883457
2689.4477787383585,4725.644746924355
4031.96872172594,5265.9130905719485
726.3571378634559,9625.85361703524
1290.2846931853994,927.8090754520463
5886.0375418371705,3957.6671391124664
5703.4064553744,9005.928021826583
2867.898584718214,5796.2889005885645
5542.596182975689,1466.5177662887409
3168.7059849466737,2147.2390957473654
109.03422387771977,6377.048184168888
7341.577367871176,6784.795186266445
8583.74797139944,5170.410004736095
6189.930229674862,5985.393277764426
7261.516389645068,458.87007210358655
5552.203986823753,2256.171772912755
7075.067139808462,6177.615066409534
2300.1354514033033,7213.229621165477
7829.8944350385045,9146.45923597738
7689.063760039499,8593.725780217464
4462.987543336752,968.0100874717679
5896.5491589310695,7288.248856001116
1240.5133589387208,2189.2845300389517
4171.08093565293,7175.191033817075
9753.955197666886,6826.723645943511
4058.634778240182,4011.7235436774413
3217.419552838717,2090.7998369920488
390.04949229967445,807.3578442881269
6709.037441454513,3348.1375501419507
8951.215899018849,745.7663411978999
3013.0948910633083,2651.050461413086
2176.323288453322,8359.33867568296
9143.405661868419,6674.6051496908285
9828.7871063433,3739.1412173394287
3285.334759680483,9825.80936501513
486.27280583006694,2881.3529182985753
4301.088072366546,8733.478736347692
2447.4380383362227,3586.0863162346736
6048.125786403251,70.92374851956463
6093.25270470454,8009.141130476034
8792.781960308654,4551.407569149157
5225.955845336299,7052.518007231181
6104.992433351996,2123.1784192421956
2518.3602513719015,9668.099036804328
6999.316969224066,2497.0103016851776
5669.04127724869,3444.2051221406423
2115.2648283154517,3812.7785347227405
4209.164710170672,9326.82656578781
5739.386662846599,9665.774636182734
527.5550101195225,4255.739678975592
521.0153128718753,6209.354038354012
9980.22198941242,7833.770881334645
4492.979855533631,9486.311188889884
9710.950466380029,5980.2698866150595
7666.752274190047,3853.750065463275
1835.8703801253607,6395.687138406445
8451.261504000331,1929.8241823924943
432.82721299034097,8299.049615384545
2984.0147595919075,9511.611547908
6406.348024054941,16.256607556538462
2907.1557243472657,1024.2559479341774
4711.769348578172,7767.0322300200305
3404.3230581598973,5298.608305173755
3335.308384311619,3408.0186375632684
5975.88579827964,2096.712092769348
6328.796699517429,5932.323740291986
4711.916271003534,2539.3762822771814
7296.353399344864,7249.022706509905
3671.695376540618,3432.1559534365542
5232.184483909681,1960.7282958481976
3176.730658785476,5599.651543184292
8017.901675243534,3041.0780758975407
4470.251992703681,4486.89146386058
3634.3187711199453,5242.535960818244
6703.351154860266,2304.6935264450185
4324.156815787304,6086.2767431703805
2382.506368261107,19.45709963329767
6280.466645152539,6633.064619634085
3402.018613232377,6307.0246663178405
1666.6601927951874,6110.933582292535
2862.659866649383,1336.90001524991
6974.7850572550315,6351.914725002964
7426.439532812622,889.9792982390087
3638.1892685443017,9690.311824491891
5575.895659721226,4066.1128062836706
1617.1323466889908,7531.885465088937
2160.4098749048017,444.6517056075583
7256.52258715901,7454.323388278994
6048.966664711464,8217.495302086147
4158.934431703636,6248.928783744819
5561.019661912945,8594.235004010941
5224.70656218893,389.03597519630574
8555.111966102202,4332.907834882019
5679.78099686472,1574.1560290963453
8664.461179196005,9952.738585077368
4025.440319134346,298.3431236921463
6127.1722112396565,7197.65700037521
1400.4999125860106,3572.8710285362354
5989.500027495771,2010.1836248610216
9761.154041600677,1256.3172378071463
3087.564323476134,476.95689124761185
2531.1308041060565,9526.545722259893
974.9329147826569,3765.794233893378
6824.372211089818,8933.571212482653
2873.366754395883,7881.75269917781
9473.702011688272,1525.037248079384
6402.904114233981,6064.810626932321
5045.428602141738,7363.449682781253
60.865093793727176,3362.5986983835264
6658.663759481958,3793.872444424067
4958.373570872183,3636.076476692693
6247.308294878334,4878.444089233529
4367.710596198423,825.166075125533
3094.941896619645,8088.088009385777
1576.9703566870785,4413.613733360307
1814.5053762642938,3361.1757678069866
8242.72981139455,7922.015578730848
5384.209631384202,2341.03903150815
3734.807947931278,2510.9106813734115
9511.238712659755,4510.904080573597
1372.4530897672028,5543.529863727054
8216.707256905582,8275.979320775525
527.272738204545,9997.744533970279
1315.2774519375776,7497.97758981156
7321.713876447911,8112.636003499194
548.9489957098392,3375.0871266121153
3482.3238368386687,7263.680305144765
2660.6258355884593,8447.148542558349
5278.032695163978,8741.643962164
4665.961149776291,683.2698237058066
6088.771020553938,1858.7070435226171
6266.414841289806,1454.724630817803
2535.764606649238,3638.727297880191
1979.897601900259,6455.37058758711
2955.467694648353,8704.500571919813
892.4546237704456,9120.810280094209
6657.129008710664,3649.643603830892
2421.2558536416195,2539.685936481033
4647.68316764682,572.5807565994556
505.90371280614943,6920.908041900725
5704.777224782165,6555.18553980887
4465.311532259213,5998.99845352931
8154.308553045321,1550.338709893898
4293.280253055563,6245.976519928143
378.2910935390649,9324.944531163084
5890.146979638148,7584.927962804851
3898.9078265692765,2018.3312962888479
2668.197404749646,9899.201399967256
13.378456409328665,2323.4572276367626
98.18947411854184,4322.972717483935
3449.069217563353,1287.4244078386098
5877.799640762329,5702.125178584008
5938.956614492533,5963.642056550779
3346.360091726901,4692.727526483103
8028.506972900245,7071.599763586023
2740.656334062361,2839.301830551362
8520.33298246931,8967.752200459
5878.139565416389,8461.265379762666
3165.6763688907795,6269.235553676504
1871.6457854826529,3780.108975065778
9512.639676759307,8118.118281229287
566.6476203734094,5107.396109884818
9830.057112087301,8528.004551592492
980.230465466041,9437.789324213923
8878.895175885966,9800.0451048522
4753.336816770426,6698.814900822702
4697.212695190927,5830.104238998532
1301.4082425000518,7961.753405692495
1517.8947614505678,1814.8754944210355
7491.24759894288,5681.373701844549
3127.0246181797547,5076.349993558728
2723.0473488327243,5854.762364996197
3843.009388591285,5289.490946767027
4058.5330052489744,4136.330501160292
3517.1472992696863,1696.9873993893193
8592.033264514497,9911.619321598111
6259.89668943181,902.4019006987128
1564.8850979489791,856.0261649959899
7716.274837119301,3376.413859504932
3389.7150131255617,7922.398368175933
9387.646958144478,52.49076397437435
9816.515123256826,7309.741106838062
1223.2027275945777,7698.762935224904
2658.6417520162977,3014.3549381967914
925.38623135628,4401.794603157475
6615.763960838075,8395.041470981252
524.546676636335,3891.3290249177667
1333.3105668805313,3620.635272463917
4065.678177210158,6738.932289078768
3003.478336565142,8787.717358025355
2881.016285616933,2589.4587905307653
8069.055043258164,8240.391882755663
9305.04214637565,3974.663321108195
1265.231999682881,6040.492792253834
3484.4139361565894,9458.112402257857
2393.340235203548,3740.879569031544
3300.784777447464,2514.9709552467825
418.9551843042849,60.25424424973558
8101.097386247461,7306.402003589683
3189.951012272335,1833.9314142151086
1182.5663989066636,6284.673468426547
631.2048532496428,9649.181786182062
8749.092286424755,2373.537745050249
3413.148636608082,3818.8867927156034
5640.888920708157,1417.3011608670117
4602.663241969904,3239.0523138525173
2450.3024413398866,8024.881120638015
5250.69231954699,75.3535575757469
3937.269747354395,2161.653744113454
5647.115607897717,6171.8812209858
6965.122766377425,5490.205950003218
745.43390230284,7351.819672898623
2660.4893351427627,5847.1848041480225
6781.147743246002,6856.951381361713
6817.997395472661,5005.755708094833
3124.9575047221056,3955.67082518869
3743.7210466208494,419.3574485213636
9254.81256301528,3356.750042726443
1967.2670983853857,651.8358926857715
13.02057005930779,8442.54142374537
1604.9106303362437,7933.098755927556
8950.902374451312,8586.130523825124
8664.059561682743,8678.36362385552
850.4260455787849,4572.439075631446
3885.029325271451,6199.418418510179
7855.086447093209,3713.307645150784
4909.896443110038,8749.711751364313
2993.663158416603,6995.65917710406
621.0064007335247,4275.6016368921555
6801.73750068299,1648.6692759359844
657.8290220199557,8888.411110449222
1479.0238688907255,1029.8616522255465
1255.4559228804285,7498.937210806385
8336.229728686285,9718.222474613085
1812.2155581491006,6191.975829033696
4672.336479466236,7500.987410155443
4129.383409881261,2031.349426394785
7877.089738647951,2493.877052417651
2865.179840503488,3821.3202359137213
494.2961513996713,4948.255846420359
866.8665468358594,3065.5066320925507
4766.458606117057,505.60238560361404
6441.134894636938,246.1237325430543
6039.205591631637,5894.230119921283
1998.8903602246876,6032.060539221087
1211.5323242621,2379.801078810746
3381.257793215061,7405.679606766094
8533.508978168482,1457.3840922484549
9443.269084525731,2511.352528640819
3966.910625081942,2881.701502125167
2308.350414150765,9183.462256429008
5125.494057634723,8070.274432868393
3105.6948320835863,5000.309398850342
8806.728485397503,7572.830241497829
2762.7731652278208,7670.533379796771
5696.015624463724,4066.300186621399
1001.6095921173918,7461.319618870466
6107.7566621702135,4650.6099231931175
224.6352569635257,1673.7638218765105
8624.53893253174,7653.364850201772
3078.2774249389477,9904.733937457715
181.13765621745492,6165.2008550093915
5079.237082283686,6121.394606044958
7781.716530193764,6946.696530273499
66.31170661840824,3586.64132734958
5102.465080863344,7263.138057102284
6388.275240189279,3899.6028801148873
3770.9602126087107,1782.9439661394154
3266.8787313429493,3089.092330588822
4533.429326425783,3397.769309650884
4110.156140441034,7018.02860253278
6965.941670064772,462.0380111541633
9736.067048773575,3939.0856762320136
8386.117213836647,5646.190924060923
5429.549662647445,7323.819045418089
141.9049665379679,3013.0830070947377
1084.7375467392528,6363.092466165663
3757.3592184666804,6560.845486621349
3606.005847944983,4110.462313734485
3519.620840913047,3130.9089423774826
5961.926940025748,9741.230355982047
923.2981834518428,9821.62037566032
9320.196968490598,5886.60553131824
7737.05914154892,2930.4145865123432
6954.525242518927,4314.82991166969
342.7173302943975,7154.401632953345
8687.605390912098,4663.074097690839
1483.1022238288683,401.33042875142854
9816.60879054333,4650.983381262893
3109.585518687551,2627.633202261042
9116.263236571178,7807.559541044695
875.0137752969256,2889.064447364449
5122.403375587662,1524.7103902886904
2221.6598054019696,9926.827455811119
5086.23217289112,5239.91534822853
363.70389474008505,7671.565639940708
4306.963867953809,6523.68546894474
5488.943098609184,9154.820571635542
7227.268749459793,6268.583127540643
8996.513046556325,6839.737462194267
1187.2435709734375,736.2411674869406
7049.725357144978,1085.2713620209308
5412.062538458832,9015.570117073412
6520.755001706218,678.0657281939107
6998.027622432755,4387.692682262723
6823.658580867267,6307.576969706634
7046.376793695128,7751.314444373365
8733.07224225054,1160.8792038852778
2166.8700842659227,2826.5498401540444
2418.0577341606113,1367.7252940588614
7138.276863904962,3433.135497045869
6805.467467085876,6076.37097497718
7273.980328919893,2901.2558477361104
2187.034531541674,5758.051963598266
1388.521695946493,5555.215167800725
9447.041046337521,9060.413291760073
5157.89573194113,8143.692277297888
6943.238476287385,5036.995734634361
6663.241956238099,2436.4436246742307
757.2757273513453,7632.509714444685
5727.147809646978,9912.614718118622
7080.874648671918,5570.475046456869
1186.7485930553655,9150.6778515696
9816.120954103413,3405.7910397670767
7239.121875804033,9195.897313590744
7435.492227898893,1058.6146187702861
8113.230103814708,823.9163580409303
3493.030070502827,9398.736753409832
4665.88566140626,9621.210142343858
2493.4585305420887,4381.559869667273
1290.8028256814584,1554.0517285577903
1792.5863594016412,7999.856470393559
7943.741481802315,2118.914694037839
521.088942830954,945.882674134465
4191.930388040407,871.8212342741782
1181.895580994653,6288.817157318695
9201.335728046024,7212.114938216016
2896.681581434255,1110.4055667851353
6372.589667487213,5112.992916802035
5808.817791034896,7882.965774487451
9105.181423228007,1937.4762506534348
5563.839354450847,6965.4816798507745
4026.8830431648394,6534.0779551187
8622.855501885755,8351.534069563595
7941.478293310181,508.5289738676535
9762.563007921557,4769.70928718517
9885.91922635773,8054.221890024498
5869.117872620991,417.67679518049164
2367.652407683958,4353.656918508994
7759.906698202741,3623.424933416325
7098.702436402965,1596.9634751505523
7304.254983711164,6641.205017290176
6283.043711702967,9825.534399003018
1593.668937163355,4440.63033171173
7155.0635090522555,2213.9737739853495
7407.333046859613,3473.2786509488956
7798.678742600166,999.3466388661865
6668.778511956664,8009.307804493355
8436.23835592936,5845.961962524918
1137.868465089622,5141.797754651244
8111.7982313744615,6832.429508922978
90.20469362739925,1380.6870914383185
8324.562059135853,4790.3261204873415
6026.71122029487,1659.391308803938
2090.304655895613,4846.745761896256
510.3834721806311,6347.810808551277
4429.376051228912,6576.518108635258
5662.820936472995,5530.102207284706
4109.668510411265,8352.022270246529
2041.518450588855,9083.737419374645
5454.618512646684,6350.923712771445
7020.570371078746,7453.1672136939305
7849.359866088305,3210.8374331776336
6265.953530487453,31.44650689037909
6936.113696849171,1496.1784653309574
9151.908459284155,1030.660530085835
1333.8211590579463,9898.920866945804
8931.531704899866,2527.817990637249
8050.501998201792,2231.9846468193136
9131.845331343053,7516.133635992253
6049.322766013847,9123.776719415491
9018.013991952763,7203.709965393893
3277.6467866018443,5376.385375061742
3534.552666665557,6043.813056982263
8227.389194281766,8652.130843851688
3178.7210217743313,9520.9677782189
9466.013270179134,2119.8304449261395
2466.3091601959563,3781.9944036479924
2145.1671548378736,1754.5082179865667
6625.671932670506,6926.293552273196
2597.9997862407513,381.1764516005767
4854.824047380291,4002.247781374648
72.68476918243061,4239.359112351
7417.962373351968,7809.29233925541
3244.917519923387,1806.6203223047362
9896.716154914253,5230.083744339729
4908.283108120395,4753.008704406903
3008.831361897477,2704.740660076349
9649.314544371826,3445.9699787151067
434.8322287350026,896.4214687379047
2825.44186717166,2314.9556369797388
7271.429301854545,7561.996835685223
1955.775016846667,568.2389340729876
2908.7009471313986,7139.817718421411
1702.6315917673585,9426.74274415739
6403.709943842332,2667.2709949955174
60.29756656315443,7779.775008211256
5974.443504487128,7677.343512412045
9311.509925172897,9115.298674326188
720.5793579371389,2512.835272471593
8588.835202680364,5027.9474295181635
7610.233349438688,8493.02899505046
555.3584205661377,5895.305158834539
5988.184257328265,5087.884386533963
2357.814071944391,9279.36793002922
2439.5592755109287,7461.432634582422
6365.316350488784,2652.6035255116963
529.2603522916561,5852.838667705503
7815.435990742533,1432.4782406302804
5390.161595713094,5620.304856867916
9780.129421950609,8985.274000561649
6182.613404717017,1054.3496858021529
5824.813731490721,4424.064300606907
3981.915204241466,5555.619111309948
2213.2105632434764,3751.5027045539027
7811.536699487059,5121.629162363859
7356.370195620518,5679.316669820682
1441.4639499469629,7663.62311091399
7886.502734463516,2917.098481799498
5954.570680338765,6977.717057358284
8237.19530851533,9746.648919134914
6955.2745196012165,5372.512430789455
4446.338272957848,3720.140316257332
5973.696016560438,3432.7021864564244
9137.52728511018,4764.729729167372
6632.900272439806,1295.8465104723316
1802.925204798409,1302.1293898658937
984.8906054889961,3128.3824414287064
5301.11900331608,8976.847825169416
348.4024600129798,3878.446486189081
43.73035492066024,4207.685130507674
9303.62596875378,7110.059946723521
4204.1399140366875,1919.387868618626
4660.060020825081,6864.127451673533
5438.450544895322,5306.005655855216
4167.914963108812,2144.1777938845084
8435.679189402867,27.004350128029266
6500.0156199886205,5700.2634804977315
4577.6949090375865,8875.439982608932
9827.507714590185,9435.967278770311
4648.990861001116,7984.89041281368
2843.2029560899728,1502.976286400296
9685.962016664185,2313.645922361326
6141.490054515073,6195.654076092411
8967.767114955961,3842.6068879481954
8647.419399008535,8113.892835885994
1029.7914168643651,1911.743264450334
5689.756735104301,9334.333717403963
7400.669775626348,5005.949320669878
6360.3981919209755,9121.37843111888
6085.081022597065,5657.169678057156
9841.563670400883,6258.255953855468
6975.668631234663,8562.678952540738
3158.10004588069,1012.0809533339336
9257.73897342881,7633.973394512247
1601.6137912250229,3098.6439674592148
5634.283777301959,7030.455367085957
2948.7878461841656,2110.7581710451027
6500.787142991875,7234.13141509451
8345.338324487015,4908.832007312201
7543.070503610145,1634.9163614239014
1534.123318878169,2968.690116982927
585.5345012415503,8604.964265048946
270.1368320674369,2743.2288649186376
8173.891565802846,3281.1235729042187
137.31663519677917,727.2970766979491
4477.362040039876,8545.72108783332
2261.7057246448326,7656.398306234478
2385.8453118592793,2071.073577534028
2873.6840796021447,1981.9858693028114
1670.168795097564,9194.162402606242
7194.200753233911,4659.158339454863
4155.512453264299,7195.93658529442
1739.8358867424135,774.2557741153488
3998.0930169628914,4107.375282941806
9017.61167350533,7594.247844308333
2975.752873664519,277.13146344776396
8945.978854456434,5284.99104666184
3332.9630468066184,8866.091994405571
4557.052171385923,2461.2673041201515
7305.313332399639,4341.062734488814
2513.933892780994,3497.200124612029
3161.4672200918903,3188.128499741579
8897.170530611991,539.3308818046205
150.67381639009335,5275.119777665123
6828.2209947717565,8503.240480628378
8227.587370527644,1548.4384727470713
414.533953962477,778.9671504467577
263.8991027952198,4598.278530081458
3916.702246337791,7262.0422523359875
4557.159570821681,6212.2518472388
2240.0391173477497,2213.7122612937987
2191.601945408204,8659.445137383696
1456.6128674837075,9621.974153125766
5298.4529687977465,9498.387839378289
225.2267792094065,4655.374499659355
5527.111323176058,5992.789883793573
1089.1107739633344,9562.07575116948
4312.423009712431,2692.8853362175587
5248.503156663171,3516.4933322938764
4391.569955046083,7530.43486271399
9552.872888619648,3090.193966002338
1653.6432731695973,7748.028798546497
3921.747533681664,9996.117713833502
5594.406538839566,6500.601575681756
4178.926929727194,9021.738195519505
3063.3373766449854,7794.33753154747
5997.915304678209,7376.938032429715
9426.87348219691,2339.591866572196
949.6233407983345,2158.1996281972783
6583.592929886172,703.6194193601042
9222.631478947309,6137.876705799505
9885.716197864995,9933.062941859087
4348.3147940998915,8726.908743906844
9925.269777635713,5770.089745620982
6308.464954363127,7085.2303032083155
143.05204534201144,7470.142515122982
962.6242063845092,9883.093886155515
7200.842706949175,8991.212062985525
5861.6280087551595,350.9308945850465
384.0335575817955,1508.4118910756483
9934.432649742694,531.3712443652707
1405.4737524100635,4885.461717961104
5448.8887053442,6473.463386971627
5050.560032605476,37.8904617255349
9110.46549839094,1094.8343379599746
9008.967428085962,4457.2699125692525
2347.0148184959316,1794.2033220952515
5265.653654123606,8018.433828679567
136.56411378581868,5015.5404937626545
8059.20428475467,3294.0606803120077
2139.40244924401,1389.5887506367721
5537.000812379197,3144.395197798684
7967.93048088508,2032.5106853553198
5067.011608950484,8007.329309795461
1510.9296411379626,6791.787265032803
7794.704202611458,7848.931443744843
2101.116885263259,1383.3041354941633
8729.967321262042,7460.350046691605
5299.7932657310375,6997.391666311903
5201.580900077372,8214.594512867761
3435.681597390404,8807.491078110661
2453.5570054694813,8364.532994967889
9255.545377849423,1381.56122005611
7590.104474686547,1701.3065576776444
6414.64583401352,3592.7069594762893
4582.234033140621,414.68280140443125
7939.354882279072,3168.815670146341
3158.5833777940275,4647.577516294746
4770.609580327423,3817.0641374224024
8380.905238280688,3008.154496524117
3282.6316617252314,1677.406826815342
7027.021127348085,1044.7671112388723
6743.4537684087,7680.8442829231135
6805.388288024476,8248.17025099077
2092.6869583121834,6642.229543462432
8736.806071763529,4070.330636634348
5647.752178428831,6438.256358890612
5287.339468715606,644.6816081703565
5344.411674359716,1256.405905807092
8472.426923078197,8673.722893168297
7886.697855032377,2838.8365857421927
2779.6257609573317,6071.473776249268
7687.258416921108,1734.3351450771393
7565.646638963367,2877.050609202124
1841.99885713474,6110.717462230948
4077.9478997859064,5556.409130390902
2505.7291652103577,6083.219952649224
2209.079069679413,6668.135023450222
5519.223114959655,2162.6387524917513
8085.86810151997,5422.967345613591
6557.518614528992,8736.24042712444
7228.454649558581,8696.145632413989
222.11772708927268,7700.966559046849
9783.569510330335,3240.8746038161617
132.13435712807419,4134.041924990862
3866.4234544476285,9348.184971128176
7133.613245924251,7922.330521503502
3247.5179309315226,6531.112720512532
7686.8786489955,7376.894885044604
7593.576836152123,7433.389065847701
760.8194504229393,5885.152368664586
6863.024182907387,9140.531904751715
2208.5825697663486,7871.448336794451
4264.4350982733395,2647.8470588203586
3491.2449659209387,3810.9190164180472
4845.120519719194,5408.0390731438565
522.0483253950481,1260.275866883821
115.12154224501026,5915.774376126861
2294.984671623479,1927.4226310838571
7256.748693806057,5227.602862762198
2043.2764795513058,8908.42672833525
3162.970080384179,2923.836080365665
202.10338641189486,9830.96477383273
4942.286533253369,2815.634131503805
2516.3509853122678,6412.358181594771
5460.104570874914,7772.5049052044105
8470.068697284723,4417.365944063234
9192.234028401976,1093.645496799015
5253.067530270253,4943.041757348658
6325.388654914761,6668.972017575598
2112.790372188501,1662.8407173387393
747.3319706530701,4237.209389085681
5175.920653872684,5976.07719202279
4118.867286199946,7890.181079431362
2441.6511058188516,1104.7108173724819
6553.340750260517,9814.026176827452
2528.3288953371275,7407.277026075279
5952.214346566938,2436.754390746475
5426.716654528128,991.6292045759944
5027.793112058013,6698.099061066039
5523.138455250042,5381.576935688756
2816.364764760644,44.23248715678562
1477.0220881738394,4055.7058043520046
9599.182756476377,4430.730576480043
1828.0366679998328,8205.45807359882
3944.015400890436,1136.9264976046634
9786.746235356639,5692.545166133622
1158.2289738693253,2076.45735177167
3201.9307895573093,7617.674049254156
9812.857640814627,6915.548031574174
2710.176125644891,1479.9179217244896
4575.262326321205,8964.355677351477
8090.158173182098,7109.291716658911
5080.860167277208,1774.3646271505097
1963.7000582434239,7952.220604462431
9936.52741756327,5387.9981066309065
8979.078984208765,1152.9190092624265
1254.575434165448,4192.0507096579995
7404.659828749408,2414.9159645070963
681.0882325010303,8494.423082381623
3533.2946659758004,4988.285223381832
9959.462116000244,8947.961835596057
7642.064336175491,1554.857504664009
4855.027923165737,3424.7342586747486
7464.378024357094,6508.324779836592
1091.1105482886119,3669.489996571622
5508.262440415681,3919.741149561057
2249.7420367756004,1002.2356737733485
388.0895365272852,2373.969680149256
8465.211209545285,5934.68576206187
9482.618344290642,4809.11981326775
5059.362915025382,6593.0693846281365
609.2277104904254,4547.830437601465
1206.585086554015,7693.3245845627225
7018.075663387077,7009.22345985278
516.7831034524472,7196.516449049322
6840.886794139399,5739.544770706715
2474.8001798751993,9699.676372589996
5025.06287712198,4299.426625505872
6737.947175471023,6175.121874581714
947.5535776142175,4658.899760509293
4145.771103474174,8626.961630130038
4360.035877614954,3161.5685994687815
9410.635371141369,190.538185456387
652.4988191831504,6472.579808913821
9733.643733985642,6931.578317186318
4965.305966054392,9947.67532250795
5832.648209567427,5029.874062449227
3715.7366495272913,7020.737383277486
4199.631881354652,9447.049998541226
9881.900829691807,4434.265039470043
4275.489801562024,6096.065730483379
3280.912937554038,6418.4792123562565
9451.37960147927,9974.122844615164
8190.424436673955,6328.9655152809
931.2888782911155,915.1420467593108
7155.563299427765,4930.092544209147
6063.298794137133,6038.841658203881
2882.131480970047,8511.053109901644
3494.045186842407,1624.2637402623839
1871.9281712947356,9000.053965161058
3120.9437614804524,4674.717102187326
1693.7282148999234,317.4443872626076
6725.837369168277,6247.806990236881
6441.150837114634,5075.007611451394
8477.787931503823,2853.9358406338433
6086.312809621131,497.8446344456522
4529.244511060495,3727.789834919184
1318.7195921624661,580.1721842458185
9664.585926984148,1378.8760169841707
9065.503011922503,5016.121880411035
9937.135403665994,7233.8576793465745
8403.068748822872,9511.437433786754
4522.933450000602,3345.0320390013967
8904.2666833243,8792.584937163201
6790.728675885705,6463.762781406553
1433.0963816673782,8153.557627831484
5936.9456151058575,1304.9793459317639
4941.860173140251,6262.944792662393
2960.123009879514,1767.3544776196227
8810.527008627154,3459.981176608794
3860.550734103759,5668.173538692185
4899.695007319085,3015.2854610273016
9837.571821607127,1682.1193894554453
7212.053404927812,1684.1607255122283
5984.312017449429,3582.068601339026
4205.790779855927,927.1377298489192
9875.667917253435,4979.9951345142645
4645.854936763703,2803.26082802031
1625.539880125062,3593.613305788295
8870.576452419575,800.6380284419635
8095.112276702922,5225.946039739436
3968.6267369960315,8594.53010601315
9105.323256472753,7091.223847728449
2490.6999097223215,6745.770473216423
6745.705117057188,3713.7833338958417
9843.845187998159,7588.796415060587
8818.659263767127,5300.511421503436
934.9750616575147,1839.5287764219258
805.4055065136179,2054.1122921694355
2355.698410941356,7189.47201181004
5584.42265472352,1004.8892259676356
1097.3881773812711,2075.229699279636
7087.181277086361,3606.726109567099
8937.800416083115,8327.074808686537
717.1552034297002,5374.572059439336
4080.6786591546715,9248.653007646044
7029.970558394057,1853.4886022889484
3259.298132252101,8623.810588290726
996.0412697725574,6673.472602290912
2075.7534083438177,4736.146155378543
9092.440105065425,8575.47200321634
8256.74404879955,3879.578575555973
964.1311881369785,711.6260284789555
5496.37060097797,7078.788372986912
9693.147161118293,9662.938021216694
5411.002600150819,9122.345449846136
3182.548284030906,6136.6898533899075
1057.3483776743396,2197.6323739872914
3825.5926017520023,6171.585605086676
399.4984090184073,1315.3489987916912
9063.417418960822,8470.382032186846
7288.9167722531165,2909.738071268232
2660.0819065470537,3054.950550792762
7093.280368453106,6266.450532398612
3733.6526319065797,2410.5135541402033
3126.902989161402,6712.029966816683
3805.4103063640855,7336.018628458672
2774.4846357298734,2274.508798495165
8398.901696769124,5912.9166142982795
4410.100074301232,6728.7928342379955
1509.1255512227885,2769.9451978420743
7284.500587656255,4646.484862256125
424.1184395993969,8765.026997863171
3719.041324710002,6059.556839192478
6802.298475820866,5174.262881727415
1910.9666210066478,4422.988552467311
5888.969613011229,4012.4844141746253
4014.0433717507826,4449.276686892794
3144.309121461879,4259.4236951693965
8915.415591847353,170.0757777842987
5270.391652546261,3017.3734812001394
5264.711330720034,5147.826908373097
6769.057706436976,7999.8469685759355
1751.1438612984532,6328.210935613252
8752.383490885875,4182.3740113180675
3262.852772113205,278.7057480024768
4168.433241359404,6409.802520206629
367.89862961027933,7570.029906071116
6539.263547897355,5863.492767300609
6797.533446290606,8561.608866339086
5763.578094681731,5732.289695671649
6864.887464499026,8635.826847206481
7226.1288254929805,423.401858532787
448.79706929222164,6535.631438629668
9537.94020238882,5881.469177922759
1068.9186255800143,8279.859193857117
2456.665379406613,9666.737679704356
3584.709699070644,5858.241224467554
2013.547663815477,2964.483722764216
2474.6748750544066,4148.159101317137
8842.938271840741,7457.125050982134
1061.5511315448612,6818.879380339441
4735.417793197709,5519.290652732912
1381.9598042093216,9132.071458296603
7345.245234245675,2731.5274708142756
2423.7842806877597,941.8948157601769
2606.325664427277,4733.702472731587
1657.2965305259324,8548.252645555915
3223.7961514801996,4731.082387867534
7592.000868110506,8884.714051040768
9478.63686714058,8328.257871058362
1346.6608364344613,6766.272174955604
6400.778027804422,6739.765378154499
5319.892179567823,4415.622263030697
1923.686869285931,1404.5054172297312
654.1401758831877,4669.451341051815
9820.934505068579,7652.785584633288
8192.040859022309,1297.956324753905
9756.701355507343,2758.586671806851
1347.6944149424942,4748.259185015618
7959.315337621359,2921.572497306686
4203.1198113554565,6604.753548950104
2457.8827888241585,8320.30807452263
6823.478343298206,9364.393724683803
7053.398976696409,2556.4497310183656
9144.312959870313,4303.157367763186
8597.796517016677,8797.370035699092
7419.4115358171375,4298.91899232799
6621.5352529681695,8140.221778488639
4258.041399541039,8848.474716425948
777.147276223602,2490.817759638716
4061.7308246220873,345.2645717544756
4225.34591760635,3830.826724902452
8880.190407200182,6019.980069643752
6218.045300093225,6544.4599388909255
5010.852632976685,6905.765307864579
8495.415455542921,6255.824468735876
9049.347784414456,8733.554682907507
5644.218576016531,9199.86156625782
7107.332223134676,3730.641155223142
1695.4085089978933,1159.0651163244925
3702.271154844339,8580.902655421005
7191.895987528701,7581.001155263238
1536.5136279539838,742.949832982599
8285.157463653824,6486.266873749371
4782.134770183284,6504.479718653444
5190.422658633739,6082.579904176066
2445.3422211559164,8090.539647260734
5146.768451599315,3007.8705756140866
2416.656877760609,776.0578016356123
2297.533085404345,5176.364665981795
6275.3964948681905,1278.256550797109
6083.900002049489,7081.489532423189
6335.344401327498,6112.936816244791
16.254386581742164,4013.9779791250476
5755.928784816242,225.46639270197178
2321.3258901502386,170.47283301407924
817.723918193144,8975.040838397328
4986.3562774449165,9377.1215603326
2452.439082459733,6096.606043401935
949.3056555815405,3348.02581255209
5391.359242686801,2116.2034581771004
4892.324632919914,1582.4026067924378
5621.766775244643,8696.532553608131
2605.1293072615545,2229.849776488776
6993.383520928261,7170.274763803852
4761.295263302525,7999.544222742935
1022.2345538156286,7051.296060737016
4848.113882618205,5284.6040600514025
1191.6938100428154,1676.0804148338104
2835.3989868867225,7756.979186981723
6366.290995307524,7004.410507397659
4454.674142350451,8701.766965072302
8440.060672765316,7906.188946811605
3100.812542677043,3851.898245886316
6026.26756235788,9270.87493983319
4996.736633992844,3636.3402281247936
3580.816335261143,1214.2271394053582
6833.872989705242,1495.6909793269524
4927.11591951785,1732.3589682701956
9779.61569115538,5553.7928976897365
2882.8751988489553,2316.8089715559813
2321.9533267902416,2297.306458946906
8916.661239087905,9814.266741683743
901.3323309284249,8390.16015864588
2188.566167739383,1696.8235347981042
3045.831016355618,4809.668900361787
1786.7148376434704,1929.9835582000103
3257.2491291180872,6308.212436118243
50.50016869021623,4376.18997785904
1870.2449212611382,4210.99998691516
3146.3943775870175,9214.940023190613
5311.5830737946735,6015.982687554643
744.3966271405267,1630.9390716272198
6008.633320232236,6223.10213468153
3465.4519697586093,5590.012996311605
8419.307183993806,5634.593842623059
2982.7496735757054,6274.55819063455
885.562420470395,7188.540145809825
6355.633477296569,4964.1094186981345
2125.988730943519,5409.1220761379345
9715.927317640295,6980.539687126771
8667.676013781393,4118.745906436393
9395.584157864638,4992.138761754248
7164.469614998924,7673.6396882518375
7618.97286556194,2754.358898750796
1902.5550726499541,9128.351932147361
8345.722536854286,1671.604361100748
517.7182887506538,8401.284931494936
2196.5888332463346,664.1939508226169
8868.186300940377,3349.0578429966013
9699.893530391717,8552.68216105571
5493.91469469035,14.443167414155411
6693.959372534276,271.56357478161584
5005.1629466133245,7814.427892469905
4524.41967537829,870.9833806595213
8519.537985192437,1373.7248663364344
3423.1456957678583,4876.525799172497
3791.212076992696,6945.675446585682
2320.439814139731,5877.9736773356435
6677.683464803334,4925.160160638017
101.78845707940032,9612.203705216227
9944.626912321182,8468.110025290685
3502.490105986177,2506.4514119086803
7644.289823308827,9179.869500792802
5715.85597016402,3811.780595127433
8052.46957481125,4618.1732529324145
4707.5928444319725,5862.646307660771
1690.2754278970256,2221.7498240044442
8559.256933438772,7387.966275973914
6274.834607581751,9733.97668934851
1964.9492045112893,2295.5290813178676
8042.683296515825,9101.558670964338
9481.961536558145,7845.658225922598
3368.8706275028703,7675.37429332135
8795.36643671734,3055.3067780454335
1702.7623469202158,8515.456273600335
4401.089995190281,2804.277613396037
3063.8405405124204,8080.31669398063
1245.3139031789729,2852.775663971329
9935.06625732906,7066.713659729886
1830.8544107266355,3186.1519463080767
6086.125718293372,9671.582553770266
1774.3287754919056,5663.212625995801
5417.608724415643,7256.462909373759
3079.3277858309143,3231.125694238034
3447.9870793456157,2423.3697815136725
7521.054929429136,493.40899742465695
9845.668393909376,8627.415438526783
5311.085319747151,411.6265710152245
344.7620499962578,7277.72589610958
9403.28045698733,9470.104890505427
2734.5810491165803,6245.417205295171
9142.665077206371,9930.989817230811
1167.134490080378,9104.901552423838
1050.9629439222256,9610.874170871395
1963.7355086321083,7662.000493878754
5049.289835078668,645.5401940508443
6868.996597861412,2102.0871521313657
7097.77244964092,3435.268459827602
7133.186414050101,7416.704167705973
3286.441823758308,460.12447967683335
5763.676408388108,3930.8047159179805
4159.056164124845,656.1132485048249
8493.340188986436,5831.70755502458
3680.27784797622,506.0289745294255
9735.37142640079,6985.367534147892
9133.933596995445,2516.480413324381
5600.403747437644,8431.041719700153
2944.813173354547,4766.006385512821
306.0738886062764,2325.4060314793646
300.2873132221051,653.7055363027466
911.9455514658248,8933.80135181036
407.3304448111692,6414.6218469875275
2093.309007263824,8095.846931733517
1027.3170856012937,7775.797192533628
2958.75980975665,9442.62686826506
2754.8582418762467,6718.006869299849
3038.0503610528276,358.67956574697104
9296.404155286584,1408.8476948294904
649.9913562624781,3018.394527135522
2972.6541018329112,9405.481573072617
3239.8850954062486,4701.258001421198
8189.0733363952595,4116.737628127297
8021.117170405534,170.41775683343084
3140.926730907191,7515.629429836974
3347.744824458384,1411.0049582385209
5064.163573232414,9153.132792917204
6776.180186981759,97.73414413951076
3760.3597188974327,3842.4171829390875
6523.2213979941325,2299.7905811852415
1716.0462936758747,8753.666227993057
1603.7206629676693,503.0819688484833
7624.814465109007,2255.2519524147465
5124.574910332096,2781.9284891435027
562.2029366918634,5605.381724885621
3861.0363528581424,3112.0979413284954
7755.356393522879,5089.717531543598
7418.526800355085,5471.105314610222
9730.510585258127,8000.625100746949
8525.299849077335,9528.604231787005
1201.5500677995306,153.08319137121384
3135.6664633514742,7155.697211602321
6155.788735356052,7851.06386961819
2888.6842215468523,4792.165559330368
2977.8363831114907,5622.686420215404
4311.763731390092,1450.5543807591282
9175.39283885472,8831.238794490424
2215.2889737671812,161.96534213675727
350.53294378700417,6226.189615577333
7480.842484273058,2185.363045989679
646.3617918853082,3752.9870647520447
4223.733467352263,6670.331549049222
2550.250684972436,3546.2627739441987
8572.329890399747,1515.3892821739412
9327.621866477733,6141.113544408665
8208.75699523602,2763.4949221858383
7659.741788257901,9334.197782463883
2485.462656604235,5767.634045279341
3321.9424583399013,3496.838196831599
9658.182330112233,8253.606427408346
8947.407412559116,7710.897739729013
3003.0993966587603,9479.198539274948
5474.393381012389,9284.331073155507
4829.873286630926,2522.292854266489
5452.124559807894,2461.776282161272
3195.6533798131836,873.3915238580303
6913.959233791062,6338.728195233291
1727.3672915044858,2532.8028360595313
6679.771236994387,9572.318551783972
9641.906657214819,4299.441790146764
6816.874593025806,2356.3016229163636
1559.2830289652804,1836.5230180412295
9303.227325856189,3627.255088160265
8054.605427410984,2520.002744960117
8508.985327359927,7441.45806450404
9754.241628037875,1172.3063079127094
2083.6473930207635,5856.874787176176
3740.237733873347,2651.429014399932
3606.7875620181235,9530.42834925205
2235.2816811508524,5020.443286350805
9432.766279459223,8892.730004603967
2179.586306158505,7269.1036477361395
49.94150774906947,6249.32030695035
1042.1606041416487,8838.657802680102
7958.23176326387,8046.700962323962
2684.0648861180207,4196.535240268974
9136.527139762002,2571.5116612677293
3756.606441260104,3017.512317737031
7017.700752866701,9182.310058603562
9140.704630487546,2962.700482732149
227.69425363958985,4652.006928280067
3686.2360050841803,2537.7324218302124
3470.7648332913022,1995.928967517746
5770.541714996692,4263.159062708167
1309.1740624199865,6827.088980667695
9552.691703783548,6365.475608792167
1818.614097085468,8793.665411053942
8362.60769288922,4813.498830414022
3711.392076259137,9759.825294334987
2409.3440706843126,4373.6493391529175
4896.0430008209905,6633.094810489836
4261.699657237663,9970.651857263467
5361.177422982514,7271.121077091454
5537.322280375937,3446.015272671661
1325.0851632643512,2841.0156980831493
6889.033098475197,7866.413424529127
1242.8987666966918,6474.5404030937425
2303.026239338771,105.77125786281228
2465.533441406206,82.89250038061802
8767.684902694959,2910.60156714921
498.60405256721083,474.80343026303217
1289.2748329366332,9587.340088295352
3327.5135467250584,6854.373634088228
7830.683078205474,2795.0572584437814
7393.064620966392,4314.867255948988
1689.4693882498445,8445.130672950343
5686.776834661286,2300.391086304291
9299.93367239401,9922.837308162823
4624.604841854286,1046.6743437747762
7396.983040742972,9971.101311156168
8844.4535655702,1366.3970080605136
8145.069158327424,8816.400809771978
2798.2798832968015,8611.851086673887
862.8532712106485,6561.227252514692
4308.754138402643,8272.839912587231
9048.392627829602,8948.664190161679
2457.673586575755,7079.970967547724
1840.48894822747,181.2021249262208
9383.162567589196,650.8250382039704
2226.0284937682763,1383.3286702932191
8218.374781121414,7986.430589571331
6581.627844914676,3691.9508119652432
1869.9866942672384,7.141770429387462
343.588275462291,8935.688267175266
6842.1041621933555,2339.3159874359726
3608.760249520999,8449.010252621434
6953.976967744494,7022.133717924551
3095.9985125359813,177.18479082528992
7684.22597215928,3958.1593665524438
9722.89932335327,7851.313519767803
6211.032389998319,8129.098798959801
3771.5774818829896,4259.4876225170265
9926.23240769264,6799.9975310961645
926.6069328668069,3127.321746648457
7408.503750597808,8035.822412145305
8131.354120957739,9164.101787585369
5851.067074404719,5380.853315273229
4524.861508726654,245.8532569495675
1390.005855939278,7105.403083248409
4448.973712219049,8982.656358192005
8576.280984439705,5537.871514382955
7744.612664907716,2190.2064824630675
1839.7768410938243,6878.907798976377
5471.80917743126,1300.278664446869
400.0800364470281,188.28429819632063
278.67977747975556,1886.6796987498324
5477.608614402011,3925.3896850046854
8147.32538811555,8407.840970565025
1891.1354996101404,1235.178706344866
4945.502773542823,1984.8312564180226
5760.204575413017,1418.1095319349813
2538.0397416339283,460.6394027564964
6603.694552293054,1393.4926118066937
1521.9027348940106,695.2048859859517
5938.797603207251,5235.155864065398
1677.5565183209928,8654.987348660277
7835.460620349421,3689.284128684295
4520.780195221347,808.8162546458
2192.488877420581,9267.89413516875
8767.299694943604,8839.45563349972
3231.9511846118785,9837.342703177846
885.9400549969531,2333.6709777776186
3183.4724953090367,7437.275018286769
2152.3488684484373,3828.081743976339
542.4092108493195,8144.138849846822
9341.386498566038,4691.1533454326645
3976.2348408478642,3025.5192798867024
9059.83319984269,705.4756366166404
9890.084400105348,1713.4444999549237
2823.522737610259,5694.3397421722175
2221.725474012306,2994.634138602504
9464.383673125498,6657.219310550429
9971.626741684127,7303.664511680281
5789.881291583431,9767.649191833476
8327.605836558225,9403.53424394864
9578.517322262725,5714.169933677224
1954.6024154743757,5068.968205508229
4676.724054695819,7864.917237444913
7935.179425745833,8570.229633100782
8304.315339831222,2199.7674989755747
8786.58035240828,1763.11847216294
665.1650316794688,4068.9643167024483
526.6734468921386,2685.077730435701
1196.1386372674442,8341.18653344475
6952.878479164328,1538.3491452490373
6670.2960486801685,5250.154520455478
4735.14929584849,9596.160471625262
4395.462020961474,8190.460201153575
9831.805603790523,5223.251518469531
8726.956232468541,5697.813352244725
5526.51614877517,3609.845837024793
7819.562539432168,5137.667665225604
3580.1560145418766,1749.5813840762942
6313.027955960043,5157.934963509666
7497.608119256994,2460.097475077706
163.2763204847809,6900.820580186118
8109.171805576116,8077.872446221603
8862.491343444033,6667.536030643656
2081.2425926512924,6678.622618662077
8447.323848970234,151.01607680126472
345.7700484485615,3685.5976737075057
2771.560741713578,3437.88933373385
9555.724045602874,4814.350326021587
2076.1859964453997,8015.281607768106
1607.8390206991112,6471.693866800283
5359.414202715526,4289.115614704897
755.5726611983282,1721.6093525285348
8645.404816021088,9263.003011600942
8971.831558224823,5126.050046283545
2910.631780912114,6697.280793426598
2345.4288313915017,6464.861675701712
6044.481277118151,9931.672660210086
6825.97049462324,8849.600003852947
3824.6938596171776,4056.9726023093313
2036.9871749579183,8206.511631905698
8917.714334106182,9004.853594709712
6596.812215427751,1301.089743345192
3129.2579597422155,8839.667608680087
8327.3243713104,7819.328678999461
4395.788076604673,7330.641175436845
6457.708951406828,9453.237921530585
1554.0860040923321,815.3508491784366
4806.925742892473,6745.473760465166
3594.145681295,5024.249035669976
588.9916100970605,1141.4615195674148
8268.167501582231,9840.590599246569
8209.343251405553,5717.3572197534495
695.251211739214,1114.6951920505787
1327.6023478936527,6890.6438105582165
7468.326120626316,5875.963934817458
1823.647502525395,2892.9232988750164
9814.70032234687,7251.852106958207
311.6680899172164,8649.539529232878
2796.5948674057972,4993.907116173455
7436.5200474777275,4834.4737940360465
706.5813984069047,5566.029415577324
3957.241956803459,9109.91402644164
7357.165572411352,7522.070293914568
978.3490007721763,5309.9039575688375
7731.235054112562,8770.2893212472
9343.99854629718,4337.626369726285
579.3306811974097,7633.980444591209
322.37488274518444,7926.942238799664
1993.924991886522,7276.831140428641
3790.3111955742997,7617.756560237107
4263.819556170819,698.1961958841775
7500.9333546749,8809.908571021737
1719.235474800298,8172.706715085936
793.0358264879222,8833.552160288678
1818.3834587450954,1477.59655903951
7713.510254672189,5538.934818595819
705.4094287789648,4373.814199187753
8946.304830919069,3614.3443027034305
3075.7639143004135,6213.975390116452
2885.1715179920657,1085.9380730834177
8771.857785953282,4672.420894243874
3788.7438997850586,958.5579497019592
7633.0403297116,8592.983896518097
695.5024760821626,9647.116362063725
2952.739397764196,810.3992820672057
3743.563900433691,9443.871374037672
5224.675874177267,1509.1075262085396
9714.361974893507,7611.333474645855
7779.05831224042,6971.273635625795
1246.495548977331,1857.9244403223195
7395.811850909851,3476.1828136605964
594.7737173777945,1836.6191755400719
9440.511142861757,1432.5853717160087
8629.273093111104,1961.5413041528907
5691.139078122224,4924.648227005646
7606.5735116339465,6535.531547557428
6442.476905735332,6754.410935553531
7249.426963531956,7335.376525791146
3186.973548469112,9379.65732997068
6669.7915165523245,7977.163014738009
2128.938993161773,303.90418994910465
6867.371810063329,3760.040223652086
7637.204204116104,5600.666011595678
7845.609407006297,588.5417195514775
8472.718470803022,761.9645754360405
9827.57164383059,7274.752395153305
4722.126181570567,2407.010449969703
1265.560542924651,1324.4832267480833
5282.765601421369,923.1135247823153
5586.297111092254,9741.572203521253
7932.357612896818,468.09054312211606
1058.5381343049883,9903.661946286036
1258.8684323552834,8818.153884057307
3578.134995019544,2105.4756208038725
6676.10971013282,7662.549986972489
8364.750469227356,5503.276534800072
9204.025138641024,333.49931633562034
5807.369249183382,8231.659017382462
956.8065743074294,4922.4700299210235
3815.6570737009934,5926.096048733237
5227.794434418046,4360.578658957853
2030.2941032897359,2318.7470891023145
2051.50130783631,7200.819513234112
8450.416171113087,3240.7754333272674
5618.285284158314,1510.1618572162945
8126.67205531233,1041.3147045569938
4624.8202785251915,7610.265459525489
6619.292188256083,5876.388520150254
2282.4449539771754,3877.7426287313156
384.2477985660597,2353.5710009124923
7486.495559337989,316.3765760847903
1785.5418990190951,9284.711835903388
5229.967339101033,839.7432215738398
9819.888936283638,1117.721472451978
8112.371938325565,8956.525419511538
2088.825382489028,9830.6585489875
6969.076207505956,7245.180206477422
3550.1068149717485,4832.532800837865
9042.835065286989,8853.916023175096
1900.6589275293938,4420.163588920067
6471.859537739171,7495.85634648429
2801.1050203899545,6467.0626361303475
5340.448306110582,4300.739606259376
7837.173767822805,4118.883747784878
7829.721628382466,9691.667173552127
6061.724839529868,3360.7389456968217
8352.88369093312,8890.509845228358
3721.2851737192364,536.3756638136119
2191.3933131697904,9792.53944911767
7469.85815767458,3827.2882499490033
788.7854690972473,268.7478832491041
8708.470522806561,1782.099588552436
8611.419490479077,4098.05868959657
4322.671877258447,8773.799565797937
9090.478943282971,1612.4419731841376
681.1884615110031,8156.069894360656
935.3990388043876,1050.91826352108
9404.301289383846,1629.8457412317048
9172.393862076573,5219.4992840378045
8953.349287170324,8462.469971326913
6890.67020796204,7977.7846624377535
4698.780020888057,4924.366268335749
1526.7973994158933,9620.267064325106
2380.8755225513355,4098.348806005713
4663.315115101955,6375.113585877237
1693.1488389031158,998.7795573072522
2519.7668919431626,9791.977877280062
3082.8147897988188,5278.314853943246
2551.603109350522,390.2383774655216
8.569290470884505,9036.582950156038
7213.411624783192,3796.5882871693357
5661.3056592857265,8287.07109324856
7758.41338152619,5578.337588594711
7938.21278618256,2004.590475719895
49.5381698604791,8415.521382086989
4568.330713511757,2969.3108650278286
7061.516274825247,835.8827523938406
967.7160911717697,6819.299355689535
2295.2204805054353,5192.618305769857
1363.5967694963347,6142.266574673185
502.09270966572575,4180.6906568733075
3436.7766592115945,4517.835054732486
2973.6567250019675,358.36748645664665
9545.541763066474,322.59928864819653
5682.9966531526925,1435.5985465454003
6171.5817145908395,9677.461334850448
444.2234036270165,644.9553530346531
7838.918280575848,1226.701839626938
8645.297776825695,5500.373362448578
8170.589179815923,1474.6675877957427
6043.989720775954,3254.7487142306186
7733.322060009801,2415.301940068265
9343.979112698224,4462.780077020541
8469.480025686427,1346.150476975364
4441.684154733706,8729.47378061279
3331.1392752893375,3826.514723835036
3856.3973293963795,2094.607312046618
7838.180460463482,4090.765369254993
2704.2194429157585,7156.21302395009
1274.683501288525,6455.804920450318
1390.4291521656896,2844.1334262230866
4090.263218631667,9740.285209055946
6901.414088953123,136.86526603477245
6073.099986865451,8456.248854723652
5055.568002745295,3862.484301608203
5849.839402770563,4039.9619774093253
5879.874250334616,6455.96359493557
8283.332563582357,378.9550497579275
4342.916287026245,4581.040366344487
6374.460195125959,1790.6132941192343
4720.219905913329,1770.2425093771712
6586.2381788407865,2109.8721895906856
3315.430777634387,1106.3922321390419
1588.3499893674414,2353.283111032879
4665.7514324439635,9419.567066074584
6917.964974050096,8203.456988364194
3518.714405380452,9439.851082895508
3871.6890046031303,3596.6592087425443
1534.431661836635,1977.4755376865517
6769.515182003431,3810.8690712459925
9435.814983070833,3766.0966771440108
5485.785600104981,6621.017612459813
1255.1666769118342,9765.578728659717
4462.443469976702,580.9641438183311
7287.373019131556,8124.1697074937865
1813.241401668647,8212.974689021246
5262.587577842902,2075.733490171232
5264.625557198321,635.6585039933283
7754.909791394909,9235.035988944557
6760.167341922005,4114.883897039483
4671.8979536135785,408.4509617201926
2903.5719998649356,1704.739934450309
6596.082776351858,84.39443380525269
3224.8915170756663,5347.01109729571
1092.805135249485,336.82942056392665
9587.50832412265,5113.2367693543165
7182.006817720292,7097.832633796238
2287.647802460601,3446.250231010097
499.8219546103877,7511.748621956961
2302.8300123716617,1062.9637115601442
2399.7080178696515,171.5871589730833
6946.490832834247,7560.747898558914
1880.5539520572756,1994.5949831165156
9270.832930530269,9162.471027276451
5450.046933705976,1022.9896582098463
217.539482659852,2539.8440685267556
4806.960831365169,382.8894802677152
910.6511160062757,9119.107286276356
638.9250361899046,1673.2172888473074
2085.529672269755,7103.326474448989
9836.672945136996,4697.202725900586
2957.2566329536244,4553.450175388005
5401.694479311376,6699.260426140768
2107.591301070705,1992.5716933190952
6011.044101783124,1991.036070249307
3159.6459064640735,5281.414122924397
7008.941762975829,5752.309261949488
654.540419287728,3101.513970168004
7432.699554752204,9129.556043072569
7576.089808605092,1364.8705321546895
8506.788415401144,3375.9764116980796
645.5893877860741,6020.834293058365
8467.926396601844,9964.355807720936
9826.55442927661,3573.232426208807
7962.529472435284,2012.9598482127299
8191.920994104451,9485.336080543952
4170.390457205126,499.00356530368504
1576.0141885794387,9696.222887356133
2494.8999307061135,8532.79427022258
8966.031359735576,9852.412091766282
9024.489950803036,8946.249432675773
9270.002669989048,7654.149640126152
6395.397526308164,8413.137682772323
3979.117836438576,9029.604461598707
9931.708176717488,9593.970903451967
5093.546417209391,2787.556095402932
4037.2234233177705,3221.882197284338
957.4780975161301,8036.889368073593
5244.636133204997,955.8056329084441
3688.8486590341163,4524.879885432467
1189.6721379247322,2572.30525980224
8439.648639810022,3484.053737087639
2736.779664256291,2900.6796070272535
7989.383095136392,5230.113678021667
6605.56190145162,8396.980386389228
9574.146458582663,4055.7429913065125
7530.295826747589,3475.169020075436
801.1111709151553,7115.525966717589
6753.053543410615,2213.6068942501875
3706.517349619022,6096.996797867006
310.5034846965904,387.3457267527658
3938.4914339243483,1291.651557976341
4764.299326564885,8921.445356860228
2123.2425320474326,4824.012451940357
5916.448495686853,5679.301213246584
1597.9109695941552,1812.2411763351665
5464.030608070797,6221.797223346446
1046.1988255525223,4501.19219701454
5121.493845502233,9986.87680582746
3465.8062378103273,9506.587583551378
7772.841122518319,4555.618242997861
7235.495275075581,3846.8133826670423
2321.9237264511594,2899.067037633872
4429.755772329443,7973.801354384819
1192.9485821185115,9600.457533056879
9661.498736349928,5550.8157855110685
2871.6577330526284,8090.396158450336
7226.2904090824195,1205.986068377104
889.7858313857354,322.86320428354
2999.9684262082337,1802.0459462317117
8763.143109632447,8610.784211012413
7870.195422439527,4020.343133594496
2080.432266461798,9651.829712052708
2109.5108702972243,4628.08278890769
5116.219017738228,6832.919804638123
6722.051397210558,7043.3353816026465
1305.947456520682,7459.9759062169605
3869.9368220422416,7158.2622504952
1142.2717954193017,9259.73954580484
1152.395133260774,1274.4716447255066
3209.9549069782497,277.82505683643154
7513.938217780339,1917.705595087934
9144.742522765224,9646.633237549917
4969.779200832663,9713.875304518753
8478.652844974687,7592.434571961594
9873.114291748438,6012.7734300506745
2959.053770611124,4882.453563714718
9704.025028340293,1181.3457241409299
7178.351840489805,4686.3711073689765
3690.228338842949,4760.079400971537
7978.931977072183,6334.689804985749
3545.2666504119256,5917.0873735881805
8864.056747062099,1323.283648990511
7327.670985046831,8738.996301326735
6349.577582005382,4692.4342138386555
9921.153912480053,6813.4194332909055
9784.104198841394,3560.488728619432
7145.405776283897,5132.252181513507
8666.028582402034,1103.3109262237917
2516.4886990210966,4216.3258461401365
2095.1902005718803,8272.457432936802
3383.601068034282,9652.468910537384
7094.313227139999,4807.682095626845
7693.075174182836,1404.9417638958582
3400.16111669577,3612.7330992757634
9598.71110317188,2896.9492335039204
8789.485375305616,4659.000990474778
1054.8332838512952,1961.4621884735684
6829.848525055077,6167.427190494061
4180.478186295159,211.56556435812047
5964.710073498704,9243.337632426837
5747.746206479989,4731.8839145580405
7012.10588868937,4965.045716798433
4333.348552167038,9450.818030455772
8094.236411664344,5856.5239110745315
4621.1850767014785,4206.2361629867555
3865.85162983368,9271.453886541225
4135.3202480287955,492.0851852294206
7506.679442617944,3496.8842869594687
3890.668436292367,5747.81200146679
5811.657955733665,5353.370732180124
4627.514604563815,5903.936928093275
3615.9104765466686,7211.514892833604
1929.918642376649,837.4084160849227
7865.535644716909,8338.096889830735
5356.884522750404,1650.4736844237334
1373.7676242900443,7743.290476825771
3566.0801424696488,4673.6796222515595
8929.594415695936,387.4943434894396
988.9170933027069,7328.900808400554
9835.232698658467,8397.681168246529
2884.887144149785,6746.741680173699
3488.1902342088056,2245.98080390504
5174.501600024341,3005.075022718079
9.608310471829196,9689.541324381971
8079.957186387816,4550.766042775075
3182.0434941820954,5355.158037571274
3045.892125389269,5836.015822051654
5094.1275903852575,1884.1192608883262
5884.7946355410095,2284.6089976419626
1594.4269481399974,4553.153334203219
8712.469510814462,155.09882200687386
9631.792403512789,6984.587390172826
8686.162059104596,9379.923796394973
1116.496755827907,9922.517722864404
9326.100220854925,5804.589145632692
4374.791944647563,7428.530724225654
3432.5703172091294,384.1909990134629
3543.844797527335,8232.996344380519
9971.360781876403,6853.108528336287
66.10122539522756,8561.922992051444
2697.1031442518365,3736.4576024522357
4118.609450667588,4435.085492184774
3819.616619778613,9521.562114118351
7142.230288594019,6828.771397036506
148.49302657854335,6031.969351402087
9473.496016255955,7901.239443432969
4295.365682349663,481.4042696126564
254.56822256744616,6272.102321893694
118.24715723773971,7537.126811459319
870.4003052673581,3939.632225949933
6450.525196214269,5451.115192774762
7378.801410907715,9984.495873321319
6815.867816078673,7147.535463682263
9054.274551803004,4385.274134443293
4477.872994639003,7089.358571212252
2089.9703186512074,8730.92971267003
2751.8317143211625,4596.396733830829
2583.44256169156,808.8985638761803
8367.572116960555,4798.719613200789
7332.201267394616,62.666952155763234
6651.503741969131,7672.863543097824
7267.546331779567,3552.062450235516
4327.781948965683,7294.586831914532
4474.139393330678,3792.7031342589935
3194.4951221149354,7271.763986405699
3369.2493366044364,8424.261006496985
1512.8487510366351,1581.2018830783413
9797.617652371406,1732.1078619443342
1672.4200149733038,239.478207815651
6995.203361316312,8992.20447250579
2995.0263501216755,7034.652958496148
2590.186345611182,5678.519771163794
5469.666379401725,5413.848124456467
9709.078278431334,2135.023631904485
9502.96143256131,6679.929204221497
9954.614341551145,3834.076125547946
5367.76315534473,6228.698953155213
638.0814208969931,1516.9248560365588
6455.4668866568545,3971.4066389487703
1081.4855632874132,7153.001338342844
7991.7228822996885,8097.030528848809
2604.5723413373566,3648.214859759199
8948.662139524915,8011.996697450012
7085.565380966235,2445.2547310059713
6886.213961924506,1396.077149615348
7189.346393295187,3705.3203360389384
5484.287789419914,2295.137825864816
5752.690278448852,8268.953759331911
7627.724686480211,8393.112767308594
2510.0510410146794,8980.969003603543
9747.832989064202,8810.872913172212
6178.138411787786,2639.0477045609828
9785.451171478693,4254.219338859848
9838.085555766047,4725.320687763854
5104.121568846229,1337.872351947136
3402.344726047408,5610.892512811692
7051.837222754238,4814.840620548269
2761.9004748694965,4700.239544734429
6873.440135773009,7389.145180208549
1297.9652519711938,6134.634607565112
5995.159643747482,7183.832472731286
5082.290450605032,6988.429573318386
9176.118082882525,642.4354539353117
6805.536224284885,8512.63566657246
7948.5047437226085,2543.8249336112785
1606.250836248886,5537.357392723282
8742.385617699434,1388.1103587968769
7632.576669855718,9010.958842261454
1891.7097911847325,712.4897139502062
3209.2764507948677,6096.6109948285975
4218.450629654258,2573.4091609021993
2341.200160282374,2243.946125821186
7823.232138600553,2440.9348686196463
9615.868336326406,2218.885961513464
8824.327979650745,1455.6872818824472
9073.036525800104,8188.344923721579
5471.486972057111,7014.403770133514
9464.724101963937,5745.279823295163
6981.744711591324,4735.551207223454
7308.265482541082,2667.6642937068605
2727.2112994175577,6558.501837629819
4131.414219285582,1591.4289294325267
2289.4347910389733,2035.7979847093522
367.6936764554017,908.8886245087691
3533.250952144205,2539.373554213893
3812.341453295944,228.6328130868842
7502.223420273043,1932.6605550657293
7280.199502774302,9244.010995751341
5323.087972331806,3002.8719150179395
2787.8055567698834,1417.3443872002877
2019.2390541135485,7783.491191511336
6416.481860505671,4500.964876279992
6511.367584158704,6897.243160327512
4908.28838652287,2765.7396148650914
3627.0145409320144,623.1735898206425
8178.390120747061,322.29739320351445
8113.445713707436,174.4831841993033
5001.056989385715,7492.679767622655
9566.320550113578,6055.877086916632
7070.252745132583,698.3830194938612
6299.456957964954,6882.875746640456
7844.9529570815475,9451.960254257237
5406.382635077671,9094.04934253534
6471.340645210901,1183.078875835758
4662.5868289209275,5363.921405544958
4875.884697065153,4710.777659691631
7714.666213681502,1363.0271819782301
5284.242452631955,8430.427492070414
9387.23959249941,4702.83786505419
5257.471235842646,1458.9147230483868
7056.807403126661,2194.2065185476854
443.723143604442,2294.7789046834823
8438.514751787248,6597.5950058689805
9048.589599317605,8067.372903263375
3077.1368147989742,1368.8668840470418
9250.77550986403,4724.741033840956
9327.098437781171,5561.265957636105
1367.8584756998068,4223.957058552749
1960.5239851368117,7154.140724411631
4364.199576309344,9089.804211404657
4615.2735488228955,4055.4981669137214
8652.477361789393,1760.6314151241743
5672.232187087778,5569.308054449469
5997.012125176217,7289.729379411132
4869.261966143698,3933.1936413823764
5301.016613097367,9466.27962123351
9560.820050143746,9064.191768820096
4989.072791406776,570.471703842117
7485.768440049338,6670.867948091318
5257.815271325924,2880.4517227751035
9077.179512949206,1537.8478827959664
4378.709349419409,8862.174768062407
3939.1326059438557,7741.083199517423
817.0721135758752,3792.4062199512996
3897.3362594460905,8415.803016154903
7176.920966662754,8814.174619007172
9904.89323396452,7364.966802074839
7080.546769962546,5496.577167230008
7381.5933950691515,7302.615712752131
4626.16599836554,4157.911472951066
1879.7192850845256,6207.738937461651
9043.419770958748,1960.482780622539
7038.365877595131,7586.793002156404
4948.249914060443,4830.9509425022625
6074.17908448263,7273.633055641816
5188.989762038996,5279.752076602591
8026.7372735129775,9901.144755102276
1632.931626082732,7476.29371466986
1186.8788053780554,7269.414162928454
3893.187066953523,8834.209801711568
3618.6999438697944,7915.429944380609
2246.7198590976845,7033.051941868133
6884.448882974233,3618.0946924757727
9902.677983880118,5523.6094520506995
4220.540668372226,4829.839987968631
216.14951020942576,9034.250264779766
6696.74215326975,8402.460958494852
1777.6530743531825,3313.9990405109343
6365.463770152235,6417.125213965199
5588.383019751647,9696.273709750878
161.10991931937434,6748.336091374181
656.2969106457683,7740.80813368067
802.8012895310055,4085.9151132929906
18.006486673748377,8367.401301593536
4543.7451069357885,5807.556097137444
1734.257635787042,9596.191109369893
5336.731093435022,8439.474474837323
636.8373890003354,6416.335704453919
6570.749344456513,4172.139186252538
8578.559819374439,573.8322204355351
9581.976658424473,4404.546149953914
7424.110450140179,9836.24352471586
3862.2734597316244,458.59204154175325
5514.342541943176,9849.814093791554
2247.106270511574,3936.3220189654303
776.0668125749414,6848.775251042095
4577.962534718556,701.4783539977942
222.35289210858377,3555.4696684099563
3952.556899168104,4280.3610827360435
6484.610351021795,401.6251691219308
1721.8598288216212,9294.305923010823
2468.9846324425944,6795.682850539743
3714.86361124263,2454.176178833748
3931.585902517337,9826.67062391265
6460.517391757638,9441.884659903426
3711.0402427254353,2842.379776243169
8063.158058477131,2562.762163400615
2840.2264066756434,7998.470109077248
4584.146110732613,8947.778614302579
3243.2432823868617,4247.632872502767
620.11393583985,4553.029504216482
3087.4063173595077,7222.316735461571
7772.394470125804,169.44808745428696
9517.363946265677,1662.881520183801
4467.314012311275,273.30569565538923
870.6723212405299,8865.192896665172
8289.712119307218,7410.542644248085
818.0314306076275,4822.206804676464
7519.540463503214,1768.0271732185015
848.3412009331448,5598.488245529748
5969.326660149837,6392.235682432443
7646.333504854625,1104.2221693319054
5447.864678870118,8830.111788282184
4584.564462291474,4996.984834654877
2697.770988299146,736.3133879511341
5202.977788478499,8906.366794789192
6596.659423817177,7454.715060246414
7821.597292245449,1080.7656468966466
7000.084103182691,9080.666756078348
2174.0530410630054,4581.732799963557
9354.169873080584,7321.720881319953
5516.579494227415,9677.71360119729
1018.4968453297682,6742.249248151136
1713.4153488820202,4459.1554400263485
9506.045938324756,3162.9797978480033
6710.797509431593,1346.9565425341534
3796.9110254631664,5643.337261027305
2433.0158255210454,5598.273594872753
4495.933148441083,5538.229064033241
6953.162620745499,9224.051078017665
7699.9065192750995,5245.484176815182
5889.30219457176,4218.946541023918
7286.091597297431,3829.2761566720155
5134.187292666247,9320.2579138018
5643.026101182779,7250.303397682518
9955.4822685508,1254.030089649023
5421.843807065397,3318.5698349400504
1467.6619834280714,3836.183598115509
7885.425758339468,3653.9283297329607
8377.612715542842,8033.715386063026
6561.231199924081,8658.261383981957
9631.220557538862,6509.251632712822
1370.0140739155397,571.8095823542179
9438.451118481787,4162.948246723668
9846.141656202648,837.5190737756855
641.9159293544141,5742.03412030289
8126.939399894198,4353.681461953667
2025.5240217328696,8464.93904353042
9972.672201850812,6680.896323417008
6723.561546989891,1487.3143438174097
6756.978464431045,6509.065906732358
6071.409779136613,7716.159887108784
7871.461066981925,4652.618602157249
1299.9200405752376,9360.898120849199
3256.0776012451565,3662.878233572542
4572.295967713647,7499.476331552311
7289.194010704628,5483.451772638579
159.8897282368439,467.9541323355085
2528.676796734626,2217.0258284412257
1477.2626271320667,6389.317108504301
2621.147312726266,2379.016129485373
5907.369588671661,5205.557777993074
1096.2915808887442,8226.047215210994
8416.592294666829,3351.1780558255855
2375.2353529061643,6738.466702047665
5498.973210787397,6941.352152353425
4165.415210738147,8009.330654084708
2165.8701322435545,5508.1535694783315
3151.8532908588727,1162.7519163170407
7627.420772850813,7354.886222619887
3818.6699268318303,6629.345912006395
6001.097093424802,8789.922140065337
6755.501485919883,9476.073648394347
4511.359622578512,2787.8037151044123
333.0293153791286,5501.546356580899
2083.028968640134,2794.933299591196
5319.616455794858,6615.635454390412
4766.675983028376,9058.75101063789
5491.468251441271,7041.018378924568
5798.200395338957,3028.933176641886
1381.0545867842372,3452.809312751506
1628.112503786755,9971.04106392656
8533.793356908714,9953.020824220263
5787.908278684781,5620.07165810289
899.1415272257874,5586.855392596103
5631.560957512101,962.6462278889802
5228.689600511884,3847.045993546042
7844.792040824281,9407.854688585052
2676.5966478027913,8126.559971775795
5315.861084478803,6575.592896000833
2953.2974622267525,6643.105782431296
90.201455847847,6933.042091336292
4167.338797207305,2106.762365069718
2244.023127879402,7456.577159523196
8649.681707136124,3564.0939349419464
1546.4876478932188,9415.889527228275
6702.611729475555,8825.693507006383
5751.3662525305435,6916.1092726911575
3749.0495849969184,6856.22419334442
3836.8300509509822,2576.81915091571
8622.957004094838,7797.948252285275
2586.5961101236066,7530.033088991117
2515.6819169074884,8319.071776074557
2672.1426433615225,1573.7835181996484
1469.233901601935,3360.288284128873
909.3455538839968,4383.873912545593
626.7177571844418,8998.836785458714
3973.693408390028,9622.912065117436
4073.5856054499477,2914.338710782768
6011.006709287314,8504.490351233344
1552.6029889283432,8965.129099675583
617.5459638042303,3960.160174519756
94.71729829651609,7146.919114225327
3928.0357926374286,9080.530147763895
495.2479752384364,2756.501866128586
2272.4491572013308,372.8527524155867
3643.2922985758887,4303.585215470333
4899.1495430279,3291.323630653048
8467.246727347705,4719.0570882931415
2044.6642710882468,7038.91761298842
5361.8796739852605,6770.966201742272
4974.725319622592,6319.060009566825
994.8834431162456,9058.943073560597
5146.025301339876,7128.563100713185
5360.630315020426,6867.556817984582
4064.536320894538,7601.950816843068
4883.567303810029,9735.196368882162
2021.1239486004852,6846.523828440089
2090.6263807178407,9129.707206767525
7784.605262330862,9209.62612367986
1318.0550673012415,4889.745250458121
2841.0060058864974,3207.869275851495
831.494632833838,6144.938008194782
3322.3085376233507,4212.629320120458
7243.458879416553,5339.122178720324
1490.6349610045477,2191.7252739852634
8053.675592658481,9860.307090001654
3632.606351643456,6751.343840010118
9924.161947666258,5336.481159833303
7588.645595530177,6799.740253234246
9745.486254173515,3360.1934103650765
1723.2710639525528,3776.2976575943508
3298.8775072941157,5049.819958771551
7957.857699768347,8102.975287952932
1949.44868076525,4418.3333610546515
6730.506384973351,5849.134057890738
4365.74384813344,912.0722739546727
8121.318637549168,288.3272362463118
3024.8351850614395,4238.770782592657
5869.715711961444,9920.995048441657
2524.4374364265477,2218.2581247595435
1449.1403993513263,8115.954279154068
4265.256635291708,168.09756202532554
9026.072945483096,2374.077629403306
6274.301906908587,3466.3584755027987
6709.203677979453,1923.1137630652017
2956.0102953118094,9424.196218889183
9514.095403570416,9214.925879291883
8979.643872240604,9809.180793824557
8852.425642859913,7500.4737370394605
446.52298754931485,4138.094220912031
5550.3920438716705,5013.921780756021
4990.5644826417865,8194.106030833005
6246.971179560129,8820.70347557796
3469.091790882184,1675.0267303737676
9303.675418999142,2891.299746489845
7679.1330978990745,2148.205557181115
5243.236067549912,1512.327244070446
3169.912527535591,4703.543211441182
8341.263842472914,3316.3141157280375
1642.0372397668725,2051.4167873145216
9133.75348772341,7844.941975001147
6451.641256626826,3897.1945371791694
5168.857397197559,8869.025731948099
6992.308244423403,2618.861452489023
1950.8545248924725,8341.101344574921
3180.199852048363,1862.1879572065081
6628.842997697677,3883.1305426625318
9743.164909860368,5133.211961686004
9434.09416202963,4173.276910783767
869.3480889562555,7493.396297451719
842.9733509855175,804.5039615643645
1824.5459359385252,8899.61798460625
5729.57541198231,4623.014862555196
5781.123956752114,1389.0197557481265
9598.629650618463,9810.658065714479
3593.0681468740454,2949.302473720816
1452.9067570522247,779.5859077630163
9466.625259757238,3625.3741984440067
1833.4536967285808,9504.123705602047
6543.208035838142,8955.313418399346
4043.982717403508,2885.397265998342
7987.962725598662,4750.8082314669655
9016.744328362725,7883.433915146534
9565.362030768734,1845.5927369028113
2855.2735813694153,1870.7777154269645
3285.179133184385,7861.778975452259
9031.74671177944,9888.45889722619
5270.682898303819,1885.6613462697658
1071.6620841195934,6459.089508497007
2348.1108826253794,6582.672779633606
4816.9350957128045,5394.190329961333
7746.459231632585,341.4524100164096
2651.1148756089333,5025.280865715863
4296.964340356311,606.4471083438872
5722.084934621426,108.20691309998188
2582.694371073451,8672.164357070516
2644.1369947142102,6881.970107852704
6026.468484231765,3518.4928631844427
4670.698951330395,1580.8206119128076
4441.027574015344,8092.138697249959
8412.829754302402,9355.531718955383
1162.0604286200753,7054.508132092499
6927.905666352194,9427.34397879818
6588.538950236407,5323.110215727066
3602.9888538025166,5798.568221678404
7913.4183262244,3668.6936861115473
6686.0001908069,6562.669182495948
1236.0632553127039,2595.116709303852
9807.490327475762,6956.82477882463
4903.67702822726,9595.61938154365
6218.243553445496,3522.343154368339
3551.7955525964885,9980.066073597374
9859.841939996022,7937.963138494948
3109.5850819880498,3427.2561934101864
8927.10043546643,7118.44735685954
7216.496359713559,3930.096273504585
2731.1250152573407,6458.473308663907
6468.295361689761,3692.688999134439
4273.266725872713,5911.072814223775
999.9009437904994,1899.9519669170606
4437.722604360464,3574.175495268366
8960.50161624021,833.4887390354495
3692.555106224241,1568.779911364927
2580.2165323019644,2670.5235180456357
34.61335454449599,3774.527320054495
1712.9479223614019,2215.2254439478934
9983.439688684286,1201.8762390022098
5846.5742717182475,3332.3536871182337
3588.504121113997,6201.560197531175
9011.693804193535,4474.299282911684
2177.7954285280275,9000.605059133219
6499.348586286537,3055.0957181127337
8845.859829921425,6956.190854261088
8536.569185836088,7965.078110503504
5710.974671000313,1811.3048406017197
3490.650387403961,376.9363772138556
2943.9778512117223,4010.7360843704796
9993.510758818937,7106.053258102889
6723.187044692535,6372.292232306131
1527.2458197160777,4685.94082380041
3518.5024411440036,6959.452181945774
949.8784883472422,4071.799227048614
7831.216910995275,2439.95904058266
7467.941254198144,9880.73730710194
1500.334724717296,9653.489089255483
4770.813492260479,7463.524834169692
9580.371886646313,6988.809557293022
186.9988217005758,2483.4094248654114
4729.755082985451,812.1874847843425
5431.547815614249,9917.43069908055
5796.863510605144,5820.118393956449
9170.465421740204,3248.0832709576744
7026.235792815305,6180.611222756596
974.2357936847324,4512.241910301472
5986.5463134471365,8662.339744386016
7277.903658908058,4870.468550701803
4872.023377932662,2123.0761960934897
8820.018324376415,9879.862206886202
7403.74548650615,1792.7703454237353
3820.9933438219546,2834.1904512786477
1658.1461356916504,5976.0226494818135
7118.964234781123,921.9601923498177
7526.66660334934,4088.3277604672376
7908.827717081544,5781.8255892126845
4873.869687990569,1684.8920663270383
6323.339241265699,2108.0089192488604
3473.4350084303946,1649.4736546327472
5095.053273421549,1071.5920975474492
8901.69215743226,3643.218279363729
6059.22387292979,4360.928185443717
2584.833907072127,7267.714416216183
7897.245922074973,7595.0525439882895
6178.756817050674,8387.418362918173
1654.5904248375032,2895.9132991339566
5536.655922031229,9020.950098421414
9549.762384353302,5473.906837650245
150.95185034859293,8850.349981899659
9193.327506225927,6523.650970188765
4941.202285752985,1533.383622320653
1105.7447146043708,4609.100598912998
9876.21804985562,3287.7134801323227
7346.567014859991,1364.5274178195243
5134.907121320125,5646.119808158528
9055.77971186627,7405.013849277882
5953.226283131585,8588.629295553093
4799.098211698649,1329.3994621483341
7134.58410452445,9817.71213458413
370.14956845670577,7062.330789195325
2110.419208108252,8473.880887221434
6864.000563896635,6437.532319943609
656.9280635645391,4209.0953194008625
9665.97442707945,6240.213316051218
1562.1406657611992,1248.5256877451222
2290.06904307982,5587.940445202284
5290.779923678925,9931.143137038587
9070.179180132722,1509.4260377252645
6521.147881208465,5123.282449177812
7421.234735642142,8579.74597381743
1241.6492415338776,6835.374310188596
3357.1887305007585,0.2593485638768822
2523.9515967954408,7337.176157096234
6118.207818334107,6964.329962894762
1906.5735672658434,7502.504984827841
5991.602602108117,2620.4923052211047
224.32411123764706,1882.8719669881632
7011.530039511223,8279.436596493815
6553.395433228452,5536.761048266024
3908.7246384723717,5154.615265653816
4200.234114183852,6533.797921979802
4709.774245944645,1458.4306009819736
849.110464861892,4017.207226674561
5401.089460505387,7904.13316060882
8199.11226628639,5839.01818480578
3086.2799161089747,6406.688418076606
6239.008904450221,2912.4873036362865
1791.963568420194,8643.275461752879
6563.643175295827,858.9161563912772
8614.808201377273,6484.978208920249
7377.731156532936,9033.665384316115
5622.475433201864,4242.050310787384
4652.374855898499,4483.828434185984
7499.105832377234,7325.090259719267
3447.4236474784348,2564.785394048462
4009.8026021919795,6436.161016363928
8765.631347763925,1423.8787499272275
4966.704489121498,7696.189638704353
8025.454832302215,4161.497601502086
1352.0372114748648,5636.351877162033
2904.117118660566,624.7630089835454
3886.8728888475844,8468.057902433502
4840.984154154056,4231.30583758576
5297.400693194329,526.8306173463188
9673.367159894635,493.12180130507863
3640.326873786208,2263.6916020195163
625.7156584406565,5342.321499645482
110.31640932681164,6387.708388345534
7607.8029531836555,7352.836994126062
1726.7197651956944,6955.302501003374
8111.796260064175,2554.695948241573
6933.086309906831,8798.592292670579
3699.818422555573,3459.763101190991
1471.6738693406205,7900.708333025349
373.252606042791,7634.580913133165
290.51031653229865,8839.325544574527
4456.271598729411,2166.5951540665874
5781.345074123658,5836.094432183385
2676.1076455333346,9143.34845459285
1114.0762868146626,2396.41640159703
9403.491808342218,9450.476331765292
9335.75203655094,6410.93695487062
8683.499824316259,5991.00457401891
3902.0732079274057,3612.837406412329
9423.80879717787,9760.388823908806
5276.021239940227,4971.721147025823
4474.715930170747,319.5034348576087
4364.351056991681,5264.87624827163
7712.988767971197,613.4071377499184
4400.632280526023,4859.8781270694935
3872.388231169981,9610.37461059023
2719.250102659978,1433.0981008538824
6776.405073278708,9965.767392603162
8788.708370770633,5321.0332990622765
5351.812547511164,1686.648047860555
9683.967580386465,4404.190306298355
458.0920301152436,5333.502178823378
7383.836894553677,6542.395494142077
6665.237209381832,8311.381306687797
8105.230817832613,149.62501528200667
8831.060322740293,4316.075108835709
3788.0796047122435,2083.9977736861106
519.8226243233129,2592.727632664564
50.40352421748828,1502.0078479186427
765.7518984767341,6882.610776641988
5654.0407780430405,5570.453326514492
3780.2234685799663,842.4052459332576
4480.5818875374125,4130.620032169901
2190.594700517208,6572.544654100917
2029.6284661179386,7332.261995387737
7868.176181145526,7970.967104333509
8268.391260944913,2809.5296821553097
4744.926161385822,8841.689122122101
1957.8523238814637,6200.343104334829
3202.020725036253,4944.580049548598
7474.851405186809,9133.745590542485
1822.4074778790334,9528.19031034539
8267.110318659197,4174.279829390241
142.982137580282,2136.355656038734
5789.4794924214075,2852.6179094699587
6428.8204262955815,3117.911832011343
3559.6869279751186,7531.629653555782
6274.291797209203,2292.8261407293417
9021.261831368533,1313.6598639312401
4943.416600562188,5061.874307021698
5928.00268115524,3983.1520563470135
8374.62651627666,8828.208058538174
345.9666221141089,6047.969194533036
1619.2582539916377,818.4346148536159
914.045844361141,9056.214868952235
619.4549781199377,148.64818681086578
3008.7849860074766,637.3583911425196
7001.3809242422085,6976.253626371023
1189.2613015104691,7223.014558455098
3897.553778309891,1489.7921174388496
5061.936424521933,2724.768435061383
2819.3248095663002,5926.202116963332
7365.033462048699,2542.512037502993
6707.758875005399,1719.0277690938472
6170.035966447671,4043.631457190048
1668.6060719360862,385.2132014447052
7965.748995630607,7895.540355381362
2263.117260215939,3580.3769863403754
6701.00357509052,6181.161851798575
9824.868865776589,5932.373546502236
4774.734561718905,8297.509593208442
8145.116545716704,8754.60922377522
4137.865169357169,6156.317120905823
1424.7367706199,323.3715439958662
8673.859862839987,1960.574036758206
1684.2596943222288,3996.4705944096913
373.45834266065526,7163.325405823811
5466.4976596161205,6117.464168511546
8082.441116931745,8041.497900784286
3269.8475749140166,1380.9235923370645
8525.179614811688,7475.632910351906
5826.96285211301,8619.318622816469
2632.0840213737283,9341.009146263694
2242.845485718704,8507.910559249074
6859.266290688659,7175.675836248813
9408.08684084983,1518.1713785446648
8153.598620214897,3665.891086741383
7827.393847488324,8993.083541222972
7405.546146892981,5488.06711559422
2776.910476966866,1059.7830887013415
9415.767310766516,7593.627668245951
6840.486980209085,8968.947937374325
5180.5160911759,6745.704613850545
1534.9845814011799,2118.5386666514696
7263.646744376712,2088.213797079991
5222.611109966021,7885.9695445768675
7504.850463299303,1431.628954239066
4439.056063933336,2017.6666418093769
3078.2106584007984,8018.396893806658
823.9336331590308,5813.267701267941
993.3517466651009,2054.7516981694703
7279.68529944642,9867.089313779463
9730.922719012615,5055.104517849004
195.9931639568402,1804.1785352783202
2548.7386105027167,6814.165433111286
2619.9752807656773,7177.811512479969
3165.7742829097137,8926.304861145863
7950.6683808389425,6292.490602916233
1808.3560698747901,188.2826311897956
7651.675895130094,4219.274651565941
1999.40938420882,7922.174916108954
9114.114553678064,5594.15285413194
3191.8815915937494,3189.5323590721646
1634.1806794655345,1153.9004102826912
7800.744366472755,2817.876757797683
8027.035465512037,8219.536387045973
2907.5157804721716,8823.974477820257
2469.913693161503,6407.685189968336
7267.49940794974,208.15599656556216
6156.586895393601,7911.03507690329
747.2806944262322,840.0581223019033
2782.699473979403,6787.02410408115
7010.6367665706275,5597.945184697888
8675.020634672166,1565.2198730797672
5921.046565335892,2454.6443410659213
9611.337040501066,9642.042434708603
2056.833957194779,4528.506491368574
8132.436606473287,109.45394450704637
1539.9169681223823,4379.13079772126
365.1862659766203,1206.7721428413647
3171.311458309427,9424.828672691294
7301.712433552519,8288.786626204323
1632.9325600976074,7150.9643898976365
296.4865292956731,5172.14652082088
9931.059410542939,4278.279938878085
1659.1723829525451,6359.933405358013
7162.309684499918,1178.4696679552553
475.2956473756209,1335.6200662386486
4099.164543467708,3022.8597435152915
7917.9887218397735,8360.18587154332
9252.834693541257,6295.111587716184
7346.032918575223,3182.5436350493187
3031.1838174224613,4387.86400808267
8052.314840610118,3580.270877445374
8186.0488158363705,6127.05343112379
8176.543279514217,7065.970472971604
6721.226733458368,3834.9672828795965
163.7402535364918,9319.73331645301
1021.5958076088172,4249.286998904084
1918.618559078018,262.23455589759914
4911.393972461146,4088.2260222191903
3804.5561865163145,4750.9620351428575
8275.300853535815,3001.9847540287815
3492.178600874749,1730.9951364182396
1420.3608152399972,871.9361978481388
8411.379087914489,2834.011190703516
3847.8763293298166,7402.544561844196
1887.3122979303025,2082.217658571447
3977.3816429951626,5050.855704198945
1463.349882276669,9167.616910903706
1508.9320437018316,4916.678652912719
7528.453795535016,8275.659450884046
3607.5341345967495,7840.213594624222
2832.400535866119,5310.5192084126675
9781.983487195273,5157.351343833484
7190.761344465929,6831.629341270391
3853.598637245529,5716.990546542728
828.4003525209461,6426.598375586143
8496.97335377734,425.29253867181427
3565.531736759845,148.65825561911072
3845.907518699744,7432.134073181783
4952.845682597011,6502.961647145863
2970.6430861198396,7148.098250909272
9931.484814299352,2785.105291190011
8625.248259967228,4379.4894180167885
8979.474269230368,1064.217731712176
3593.883484366882,3816.3114149748244
8277.99503589169,539.1285636275567
9508.66770095932,2855.184593104261
1552.1830964225303,9681.164755520434
4317.084691191328,7407.250080592999
4294.918174205899,8621.256729909835
2656.851413760323,792.7135529605711
8508.597394356648,8298.173437048556
9577.630659850603,318.2865921956335
242.1265448811505,4816.462629448192
8021.878806464133,2771.3667694012356
2629.049314185582,4242.977472771374
2.5479311658815895,2067.115186997598
8592.962802944778,5626.321336483341
1682.6298480647083,3886.0892147914005
296.97905743017895,7636.75237101945
9374.031600244396,9973.357309393556
5255.673540507539,274.83413735895914
2874.412950508762,4009.652658824201
6106.849139704683,3562.0876139258007
498.10206442163604,2377.8444779305573
6152.319724616764,424.82903964567555
6764.627578596053,6319.580777748749
5291.804284802793,9212.665078992217
5834.323858923004,2249.862247811716
3057.4548587941918,3110.3315773205163
9716.109725666474,9887.919463732396
5540.3736710427675,5228.828204556473
9661.92089520595,9383.176051828948
3736.6855059225713,8756.356804250823
6010.246005710374,5419.519868451535
4.593610420212668,6878.100331963419
1088.7718288970116,4831.443450918194
3036.425921550273,9637.630676862367
2247.449310547408,4935.396055427068
2859.2953306567283,1746.9217718122165
1674.6707523338732,7782.426681193689
454.2128800344525,7383.680540077477
5117.963760338004,1468.0783157562705
5182.57006723206,2658.83792131432
4726.755554936541,1608.9962838804017
8162.816873982869,233.77608502279656
2911.556044749166,732.5119516047374
162.69729177058156,6500.775307609159
8352.678245834431,8757.66881636049
4814.7734764226025,4915.740138899391
9188.309292547223,9428.452141602298
1650.9450949915572,5619.420343523601
4978.532829842781,3946.414533848396
1432.7001242764647,9306.540999656254
993.8876772486726,8489.419239279507
1659.0025168352763,4721.820015911529
370.183960254824,8528.433484340838
1151.5553316512871,2859.669101372149
1312.4753605576288,5383.142142006087
5439.05447369583,1195.0856808269173
9750.35991655562,4634.044766372099
4170.236343362562,195.60070465510228
5287.415115632564,9082.580209027221
5596.764367050751,742.9691769172142
3214.5583446433366,1825.4806878852391
5899.544552422385,1953.4650405146258
7642.609818474913,880.7746384304627
8327.248289513338,227.50369830535357
1315.9859093081172,4090.965267457459
6238.304634113288,4153.767342160407
1820.4600593286036,8178.896388700619
6539.328420513469,9819.006920324253
5178.973990238689,7645.318426563303
3354.4735420047778,2372.9547340183444
7025.087842803668,1886.2311038755054
169.58555245260908,9164.6278529766
9261.057111574019,987.6143186301479
2168.5125225069555,2865.853117211994
9454.030027425051,8305.59213608859
5347.183980283604,9003.060767379573
8871.203972620606,7181.296253451463
5298.3902817402195,7529.997189435208
1296.5637396056761,5222.065965667793
311.9840106106486,9685.932157948384
2063.0188701931083,5843.345200555636
9745.49408321139,9012.97251336465
4084.164689833544,2408.6113998237547
3573.055746137558,5306.898680311558
3333.496669668106,6916.433923293519
7590.4186678328515,1123.7937318595148
8455.487294947005,654.5993401710737
4408.019194033797,3158.6151148624476
6098.153529150527,67.66308156034961
3762.3715638403387,894.4977899928474
5697.304313589242,5463.042696880972
7674.806191575727,488.8935748690737
5766.377306053173,6438.673971797853
5802.983826604826,9947.091315962954
2254.4750523188604,2140.1256192271344
7219.079408201618,2272.1729701872673
7283.639920401739,4200.81230461825
9788.974521888,8293.235033453067
4126.145448509179,7758.410594548945
9318.347928827536,5504.530540992731
2689.305748228429,7309.316831431242
4059.891728747641,7022.159668460629
8680.16424053775,4934.3767667556795
6067.2887493529815,4467.659751621323
9401.600497248532,8309.47786646479
3261.8880083388367,9910.551446218373
8752.830494437878,6606.949754813455
1139.1250133802432,4782.084587991861
9830.376954697706,3046.359740543324
3962.710477258402,7967.592588884777
6845.070865916876,1873.0426468041162
1747.73166635925,5978.34112331728
5215.97149088751,5147.325483148115
6106.586723321816,9421.324738033865
5899.119298937421,8786.36755838352
2564.45977572759,9805.317283823055
4347.90847542574,268.16992557868736
7880.010090014525,3412.801456717949
1938.9992844746928,2100.197069204571
5340.803044695767,946.0444896552323
831.2426953548102,3973.5330572122284
2746.8995793441054,1988.5546625795148
3948.349723767238,3891.819319813873
2453.221943439519,2646.4896959793814
7407.623078381687,3744.262950898477
3441.4871903915055,9846.808134769213
9716.457384700283,5349.107788474537
7055.439673243729,7131.636909556418
4432.1514595685385,9697.630508088834
2828.5222539630563,4905.372035717381
9000.378570864283,6324.204258088516
9648.80195372933,7133.730296319134
7539.288468437067,5146.099536007086
329.4481724801135,9481.21134469701
1184.41528729887,4919.483112395618
1145.007698822068,7867.892595331937
9774.46513635006,1000.0849640056009
1333.8040563491427,4148.852949021108
2055.403213285452,3004.3932551117036
6044.771326217131,9563.795301332826
1987.6177346060508,4835.58926107304
6637.499060976237,4167.22242285009
9702.58729151014,6501.069010073802
3598.3433957187926,2802.189848615435
3752.109045697438,8235.670157240416
8587.460057672872,7672.905074132459
2348.4945700707694,2192.229435674277
3078.259769138789,9020.142413389796
4555.385238570886,3797.4252071614933
7677.519726672285,3634.0627009616433
4627.578703017574,7345.689322397956
6587.8454801327725,2868.723402803882
4626.657583860765,7684.462340844477
5255.502488480543,1921.733566682199
3380.7052535004377,2698.2947972370443
3778.5831617888375,5699.023055937732
6006.791372554197,321.26390423424687
5857.891779831801,6444.77299289091
2495.536165204988,7052.193604414837
9882.206960038691,9860.642336908826
8416.763682551009,6415.149922319388
6107.031217211849,203.04002116592557
5690.663374224418,5943.589202225762
1082.7744348691626,1262.5095846858947
7047.395219123491,7968.28559146991
9814.112843801142,5211.838938688012
8426.448186565001,9872.560637544748
9079.380906194736,9094.351407563927
1428.5441878453853,4363.586177869335
4697.495533955771,6280.635353376815
7039.402491083394,5335.0505971497505
6874.959776533026,1758.9146113747922
7575.803410578003,3408.7055310595015
1009.4405995423883,8462.590040449973
1753.9772857170933,6681.390649377924
1782.9515762626502,6079.8147032751995
3921.023036630795,8692.357506178982
7028.270027582881,4178.828128139571
5815.1783620519145,9926.195262015783
1786.1560513959196,9310.447440407534
195.57406105446097,9115.842595913897
4994.6303237073635,4368.957827143278
3008.8393475844655,6452.080579746158
2217.618570020281,3256.8672540758002
1872.5299739498791,2359.354584681678
6542.541837540051,4314.54993547066
2906.044355503702,8804.658499674866
8063.443230503373,5286.164498979353
1625.0423926607837,2549.7011288738104
3644.639317751871,94.16523490787031
3164.2059224078066,7374.238256601679
8503.724060237964,5277.45731162374
4014.2991686325768,6883.040434304216
3433.4112272755656,8831.763999314944
6226.78356251601,5935.994501697679
7423.853217962016,8379.012627388098
1636.4872976795964,9403.787760621437
5306.297730097618,6193.968042490799
6503.443132725294,891.218556179545
3837.1551724418164,3675.313111609891
6876.1958279014325,1791.7466642982915
5327.65090174558,1831.1470481902115
361.0961731863893,5914.157091535028
4095.558890268034,3206.252024586711
8590.682423015945,9521.113270765309
8776.953472074554,9173.88155525801
182.43788823400942,4789.655308433488
5688.995733303816,3120.2195131027133
3408.602634977207,9880.830044872833
8802.401409732425,6705.623613253641
7844.595943821531,8327.50555544494
856.6342756716117,4152.620621329456
536.4980916985096,888.7834633232039
2873.6734736942726,1105.1453890099383
6235.200296328245,9487.869945530974
2636.0729640380796,4506.224080593701
4150.202580321315,6437.820836415124
743.7353900745492,5103.650095226194
2953.0376322118823,2304.0586297783516
3842.9016998579855,9653.509394017223
905.3016471055275,415.5941271923935
8916.425208180903,1300.6983617429946
7697.7937920337245,6451.849159997833
954.6965251888618,9659.671745477961
3674.4282163317466,6018.995992572985
6599.078683663119,4825.4239141531625
4292.311914167033,9223.81878318671
5231.072719234255,71.19116330778552
86.57251920338283,7589.403062069643
9420.877823409182,75.7735897639833
3354.089529201606,501.7075068362464
1824.725715026495,2896.66589107745
3751.6432498003483,6592.211879939806
261.36619299516053,1596.2448402210382
2693.479212289257,4878.012057608454
7893.337737075795,5673.580278088747
6385.582260486597,12.599495979818132
8387.545357716781,7607.76111673777
4661.325470774421,1591.783601647937
491.93222484967157,4629.068240916732
4798.207598764586,6509.17978060828
3691.0477013900368,2987.155732213822
4398.456122775193,9204.817608296751
8761.963833731066,1182.053384133841
7418.330902999177,3642.246479022645
6040.6193063523015,5093.266722827121
9868.513318783718,5977.858470064113
556.3019953071124,985.4025517567288
5039.0328269233605,8083.664769006834
3221.5743255749053,8250.978991702064
2809.5413770818454,591.2404320944031
9163.27023034206,7866.953306975086
1914.4901148779682,2169.0101108775293
7060.8023027930885,8951.486575757002
5994.7881319887465,6522.3192194280045
4324.132793883982,8759.496671510618
1356.9209671646454,9268.937909452698
2990.815363327174,2262.524231339257
4877.696644851522,1657.0571536564637
5900.787112998508,2264.3419848550884
5535.311166963893,6838.971064578149
5168.589774046251,720.7282217536759
9592.036791077782,8879.3805376325
301.7094121282005,9320.823043850436
7264.586257644594,7161.496199830508
1011.1544918357384,6747.573539989013
3273.009173374152,1644.7389234084765
6294.644315788896,26.706195808585687
1881.7520032145574,6564.061276439076
5184.502010164639,6148.59454662681
8644.116886897491,5958.55244166979
9669.671126666592,9457.871204331781
6712.481641370119,3009.6810363443083
3950.520998232402,9988.95889880842
572.7031010924699,9324.871827562087
7693.314334096155,1685.123356990108
4755.571239612881,9045.802024673201
2390.4922889302284,6971.598544285958
2532.160056436271,5118.188971251776
9055.03750840438,1318.6952927881446
8649.26931054463,8710.212976111216
7410.671394702371,7265.656053831368
7792.254888331099,5012.8116100610805
7345.625259843677,8288.993774724819
8908.20301426055,9104.830366545768
7780.9894094612855,8384.383878940003
2254.946748745107,5005.2353390184835
1923.7290609686452,332.05753002733763
5979.198563386127,3998.6705190566818
2873.774551847612,6171.335008854906
7335.700143028593,7302.260217613359
7783.195485310736,3310.2314146407107
4174.307825040409,1318.2372763024464
5938.008362852096,6938.246443767952
1206.9120748640094,9143.410118827936
1552.439447013868,7251.128033340727
4967.913664658259,7617.33513161695
298.7084647351668,5594.586607668494
6627.541235310893,3301.031819172755
8833.539343341348,3368.155728541877
2948.6283831913006,4647.411448890057
2899.985622326501,7118.56653742536
4745.522468898462,5424.261674870881
3779.9236622486487,567.4033030064263
4985.308315022947,7930.69441586442
2834.2824741884133,1331.8190951528697
7420.362229034907,1736.0449270676493
3926.855305000446,5100.483236590936
2821.4660821445705,4289.340345858674
4287.594317304335,9451.544111001755
6666.039347593654,422.6611705855032
1879.8066674802417,5684.480922268237
1615.2792135187167,3310.73718976997
9791.032535307198,4795.006910512182
7631.169378467206,51.853300070066055
6210.062529234188,7840.5024893209265
8537.856902788213,1930.5720041246966
7767.277053598171,3480.6477526231693
9916.031525090157,9628.930536706304
6606.000831363581,3089.2252683060397
5777.980355450778,3379.387807274663
3105.663591460901,744.1354805951172
7760.124161173288,8192.663413466282
3156.335006887242,5283.647236550013
6172.4975716322915,9817.924127440849
9658.58883037004,9844.364317280877
4587.880756866567,4769.070011886367
2232.866069732694,3213.2521152001104
1781.6942663840318,9195.414975530097
4389.277231217745,4607.594426051509
7040.573440591943,236.88573269262213
1776.6500624729954,7951.476467062019
6910.219042360045,2510.772989136124
3509.6329129733017,6692.379531675882
9404.96853342763,693.8271381251703
2322.375715473639,9198.511061071418
1028.4431875962275,1685.534346487243
3428.338472909087,3539.8586558811485
2681.306129855547,2656.665349529258
202.26737037860931,9406.331831202786
4080.033776057154,7345.069297590206
4912.692934621345,4195.440707873337
7654.462282608282,8568.443922988557
7259.785814916246,4488.986313663089
3469.3879407229388,1539.3737417183017
3538.627557335824,1085.0745529936069
7798.58002932525,2980.0531735154577
2126.505223896115,3355.9289316917852
1595.7252475213313,9863.870317067316
2505.0973158997804,5465.314025607842
7778.700378565158,146.48199841371888
8894.114655190191,6140.067166618583
559.0225260855918,5197.5092793668455
3985.0456050463445,5486.88780176739
6138.425231349639,4098.118994053317
5344.89244144976,8962.486795127756
8301.95443474991,928.7718580330106
7041.979413556495,1105.7658017620508
8450.52804667814,6555.706178650361
3215.9597619140436,3481.3396510875095
986.0006485627271,2106.90510473548
2698.797214262846,2575.9405918753964
9217.841183185345,9454.092367132675
7123.755676069385,4255.589352470303
6357.150254561898,6585.863774632259
4455.183390822064,6679.799689051049
6213.591128368495,7746.474686448869
7144.958642336348,8448.348605615898
6029.138969323379,3108.075475869154
4546.694799489696,5022.190310173386
8350.111842141476,6949.994191839186
4915.830582105292,5858.560007621071
5150.198017567138,4216.554633418893
5738.144407761323,7934.635595740138
2557.580070445323,2290.5554950021956
600.6844365597585,5949.557333318232
5940.544430271467,6277.602392031463
4309.907334078967,5705.958333122268
2213.0904490278836,4238.412695883615
2411.124348519604,3962.5517509640117
7697.132136906868,727.7210023861492
7890.6841867063795,5590.47540336434
6092.732341964502,3683.9923724928503
1883.1028664594885,7199.649059366
5418.268397441317,256.50169457277826
9715.81748680026,382.8117529111019
914.2975830873379,3885.053597218048
1796.8496988468642,1678.1541322597116
2884.824533846189,9269.493888376977
8081.858404257773,3622.056434898567
96.52272668332351,230.74169314884375
5781.391694250585,5324.415043785865
8512.256961874158,6215.023614721434
6358.2982040901925,3023.257179809341
2827.6560897967383,500.46947863071176
1073.6277426819074,8538.303602637227
486.2553820505922,9664.88455705307
4035.5810509882995,2135.2362989330995
5570.716963712616,2976.2417168877687
9959.27047280998,1206.97499662213
4588.86687238413,1109.2254046747219
7731.074988601321,7901.404830662259
6763.443059692329,5093.5620020578945
8136.827956300247,6409.891155448494
6024.936815295924,454.12873890962715
2762.140906553786,76.66180054087035
5825.128280872229,9184.219533618292
3155.823223707518,6935.026391547449
9518.958610172156,5976.660989344139
7637.669736791774,1025.0451779609882
5214.849724592166,1432.5864191645376
990.2686986462384,7665.966108341265
2474.3975593065925,4941.845316460097
4192.389796177047,9360.700526979099
3308.6959764583867,511.74488163067025
220.19059583124223,1721.23776909224
1550.8127468092648,6203.920544477509
1319.4515287173624,6983.8181696868305
2692.7244425191457,5037.207129073668
4431.2120423247125,868.1033171193409
2547.858529540812,998.2824525133071
7083.10862026573,9648.985050669595
1519.0394324244926,5939.274929058061
9412.048557415243,6585.326170724667
3017.1388011900904,6927.1131371193815
8213.869373213452,9179.32821541383
3275.973312645445,5385.595723585452
4604.077504527181,4628.251627002526
5491.156929979186,4489.514702227954
9190.704993298083,2687.382120865415
3621.4983655157084,1284.2696823320266
8608.327621814915,9573.377312398306
4553.302673063451,812.6112820914888
2166.483372029312,9459.0472586938
2888.1346792379945,3750.6058157774123
8956.524964617345,1465.4959876064754
3587.9928716246213,3318.746518977701
8833.436820631321,3929.7126638098366
482.85987558309154,415.5906046160129
3199.441408422182,1114.8644964616606
974.801374664861,8945.67567981407
937.3044667413266,944.4577063173798
4971.134733273487,7188.454159386667
2059.050841550308,2670.2269161367353
60.383990596400984,6516.111693975243
7782.376758748181,1335.0884205757163
6756.313047518645,158.06697678390157
4914.746555593648,5117.615024822508
2187.190693650933,6055.65101590465
1123.4826595427305,6195.048759373531
6915.3334074404775,3511.5057564295425
210.14696013312738,7983.645413703733
1330.320776422771,4440.854314929226
1751.1630701355318,7883.96493651956
6747.934019318022,4953.307070060805
7017.482029575298,1179.8646202519892
6104.625585129146,7484.594151293302
2882.293471945808,3295.679591450528
2171.111253362521,8930.337641980737
5658.217477227085,5426.077215432463
6045.596168121009,4964.431881280289
5158.303196842159,7347.202184863144
6681.064874172016,6876.886334383529
9274.807300729528,6039.407951719602
7652.434221467708,2781.4092782057155
1098.262127998313,9409.669535150972
5250.086473529074,9727.599615954108
8339.165464108957,7358.7069930257185
6820.652080221269,2155.529852883592
2021.7273428821659,4192.964303196803
5775.204005370806,4933.127669209513
4587.629393214417,7917.79579366933
6242.806006482698,2316.664966207994
8858.481675516732,3559.5533497433507
113.40978908745969,4355.065426093497
9863.856935970462,1652.4625635988132
9933.288241304175,2332.6636356706244
5441.95629843148,9447.441535133841
3438.994195920134,6936.058516425296
2126.8014801402237,12.520208548972844
2365.1307883180907,4249.9523020445795
6303.32840394747,6005.409184238824
9415.008360283056,3328.195071033823
751.2058562955536,3953.8144305169662
1768.422648216237,2711.8407060109894
18.853975387856934,5828.093509807683
3484.15036156836,5648.699544954021
4462.626747769927,22.42096866397536
4005.1521338152784,5971.413813115585
2507.119417977882,5667.383803627591
5214.385832082514,1342.4114850241554
9629.140941726651,1497.4743094385112
9560.57333222686,6974.002717037875
2550.252706223546,16.931661601229386
5710.580836491526,4622.8067973270445
4051.863660393297,8257.444528323911
6195.24858442405,5886.861174370419
6735.220643570471,8587.727760251959
4812.2361986221795,4866.919648221606
7956.871447063373,7428.128215064157
3860.097171973871,625.7498602347755
3938.385464222953,8052.06353038006
1401.1585087653145,3953.9785683429927
4872.490586896245,7291.172842428731
6222.724848051007,3690.915753649434
6833.049631682086,5301.39565360591
6641.740797324819,5178.981862458137
7663.800631028268,8141.333781778587
4843.488232552343,4574.081208329564
1816.0494372854253,3008.942862779986
2273.7560014388646,6228.196236182357
8074.62936149302,1036.572640669532
3433.494928378027,497.739572282585
6868.305487312626,487.895130190632
2529.704954438905,3948.5468621266227
164.3427613729287,9859.638715901598
3845.447587627924,9212.756242238085
7095.848881871214,8369.517774355494
6884.666219833487,5966.688874870255
7703.348651620308,7462.321216008587
5496.757678203862,9145.697697868929
2940.413848865908,5896.833344657005
3808.810025460858,6255.601996977392
7591.151240920602,5544.336616447751
7197.109512042906,7844.638897792757
7447.408139338684,8287.83211907989
8312.398326027947,2003.635682853918
8552.620872014286,6252.351561927677
1057.6825407578494,9829.799764974226
7235.301376885831,1458.8324732378367
5475.884780136168,3100.9471659325827
198.4908566351695,9760.091305849495
5473.02709263463,7279.0529191630985
9499.02617934097,2993.0765315126805
2114.4388819737346,4252.08364942654
5992.051381353648,7180.181275626797
7724.59273614934,3024.5742641897755
5526.283585894241,2516.636055596054
7594.306918114698,115.43483017835587
762.5394329965551,4476.625875808464
8525.143621704065,7154.222313146027
6155.159158636441,8500.707657536092
5951.189510563747,320.7272529018368
6245.047774492026,1652.6316915247962
5015.683936359427,6850.9010812697525
6135.549653585208,1248.3007559812165
2505.0878147600165,2380.396415509315
6072.481122758625,6783.806702030073
5350.667662290036,3037.2179755214156
6026.231448639966,8491.236003532105
4763.921477659855,8196.689436399955
1694.4362125756852,4543.81416088817
2612.443836710232,5825.952885779858
7417.388728999152,948.5727661404842
5268.110663142986,8251.762095917782
4279.370810147134,1743.4082636574744
9672.725171377122,4841.470641524066
7077.421302787735,872.5126837159414
2964.348095077345,4067.9231186619268
7541.24975616061,2725.434066156951
7407.976171192815,9405.354581445325
5822.221769997469,3095.3298998605205
6684.555085881569,7125.7630980469685
5945.8644603666935,7826.46348274579
8295.396639833465,1326.8711833356429
1898.0390703146743,9725.849589357178
2755.0766606128263,8065.564904358469
4067.0304687564217,1252.7996073941495
9063.460008749764,5693.704126202788
3303.0739662804144,6200.808972655468
6905.948283851926,8571.373389570463
3140.3617724658193,2345.78165767197
3398.189370894371,9110.036285531498
4638.649449072452,6674.265955254206
6551.562946466959,6799.940274025495
8503.26435755505,8481.001867633127
5020.373070961663,3796.534055016483
7434.557304244274,2933.8611746771335
2691.2884672730042,8678.865284052516
7149.507546378871,750.0757638687294
2898.428223105848,9488.843577322177
791.2302772534174,8931.859725931336
5072.237120081434,298.97824595264797
9047.553934356794,5359.687234875106
9150.222023874769,335.22729229356287
4338.278513604149,1630.9713412991443
8018.448433488749,8185.152919519092
8783.638021154851,2727.231401993485
4585.377179163848,3584.658647474255
481.93545449975005,1254.7629202752387
5188.306114229585,1662.6079961367313
469.2997915596742,5304.757407653728
4635.781713107573,4217.757858463057
4254.770513100293,1779.6786988102554
909.5110372505111,8724.967173685229
7539.37526311342,4371.049434572691
1632.8932255532914,8256.357044543547
8121.504719942607,1025.4547348439146
3473.136929632853,1819.8289434596693
4638.352443074429,9551.825538670304
1379.3823809828054,7754.704421362684
9290.463842258681,5368.005482783949
6507.779422366321,1999.787823666911
5922.568845580425,8892.12833160824
6838.131993491936,5019.79851241373
2510.7481760524843,8659.392175981098
3003.3948870292306,4862.185474272923
6577.500767931151,683.116348773447
1857.4327361769037,7328.299373776763
2061.139495059142,4278.297729853816
7059.888995838562,2817.4570427537437
6347.377760560002,3319.7433608258552
4252.956862223677,5889.710984762723
1216.779790149557,6497.435002508047
4391.45051292839,4579.728125420493
3853.8419471471384,8525.627235181673
6473.863298636113,8877.133074414342
2874.3742631378077,6158.961006670967
7733.238786319629,6771.494356034301
2674.269866419272,4108.545235109369
3807.3991938708996,1526.485961970331
4746.453795573985,9301.302464977845
8928.442749396188,4705.085929877655
991.0606066163641,7882.902651352512
6014.824252014687,6072.814609748453
5943.049561896786,5039.598930000862
1594.0469988885975,4304.739242366246
8989.929400171763,1166.913760579108
7606.601023291442,8381.689466255097
352.01405602747536,2007.6083359401132
6650.313821873829,9433.516763010062
6206.121132370054,6506.487843489819
3915.5337089099107,8075.268586500939
2021.3220753316298,3572.973744708865
7416.960154441378,9209.149011304537
1737.2000405182764,6049.185489487559
2754.7653041959006,2765.3602917043354
1188.1507467842955,2882.0020448307228
7158.418784474228,902.0312577092327
9899.014946371239,2292.555405619695
2411.085287295702,5144.310678522555
5473.80269767982,6420.457147348488
4955.657736242572,7435.14992463525
1308.2870217817556,2069.8506027632257
5623.804172708728,9630.309051697704
877.6466685243611,8686.450889961656
5140.231438049724,9606.9076266257
174.7537913531061,5550.859153488293
1996.0687908754683,6408.537369794432
12.646889555198992,1566.091988860131
4569.610363106826,6575.999653599964
8037.36292832522,1905.2279245203385
9787.829583025725,2964.12629361135
3614.44054014477,4100.674950953428
6084.206938120298,4257.042813926774
2736.458637313789,2329.5157215985305
5164.303506725913,1561.4337092388687
8211.876323300454,4156.252856103306
4939.3618843091845,6582.022618042477
9765.073702175896,6218.9546458903515
7906.205721328169,2747.8471472347833
9841.270729706208,2810.2102466420497
8606.145258276489,437.4970027958758
3467.0737859773503,4355.442366263669
8461.743066595162,8561.616904440472
1549.0573140404206,6468.866451973069
4636.201849096865,6677.40719900289
6815.730111324749,6268.177705542543
6496.055220218463,2139.7644818044982
3369.514927101153,9255.502714098919
6687.529219676909,9651.972275014132
4243.686101900946,1352.361485886644
9649.175400767837,3166.7197817615456
117.59991864060405,3494.0682809383206
8304.44319441665,6477.237107189284
9727.648004374903,829.0948854272307
3531.4468314892365,234.59283609238435
7068.256105539636,5789.766776361605
7406.635106030676,3137.510376892616
9195.423932354726,6011.711155621387
8821.6861965948,457.2320592986168
8632.797728448197,665.2973152707908
802.1688708673369,241.3354453306993
8678.473061016583,7577.265111944209
6231.958900940239,5409.110979631847
9082.576246393734,2291.2857714376955
803.3388678000441,8024.579519347981
1008.5438963652326,5602.454584565178
9674.741869530464,6681.991965222967
1663.871901697791,9049.534298432205
78.66701879290505,9102.282465721299
8602.454440449752,1938.1528654369329
7288.07216531617,3422.0953104231835
5445.341357485193,6440.922157233488
5214.546154767459,90.17687628762539
71.89462553850557,6223.734896936376
3663.6196480878634,7677.242194418141
1997.9454050614343,6577.870918637583
691.7449912365337,1547.08253624113
4815.968119030778,9222.271745484433
2380.6587272114552,3070.9586095047734
7485.632189068448,9895.394358518166
1889.2332352927633,7366.458605007609
6989.483699025438,5890.318849714685
9721.855998427152,7927.796660951578
1625.5381061476326,398.9924085829555
9384.39231916832,5657.231836539675
2393.3163439690397,2254.1821113577553
5893.402357514713,8365.363600028295
1417.5321700826582,8407.932572325055
8761.38873338454,8628.04483238534
2964.1918843647095,5570.4091394591715
3408.944241490135,1671.5377311230673
60.710580109823994,7231.554884477072
9098.32698258368,314.4053171085659
3123.2489563341423,9806.030957536826
6868.527211137002,3784.433899938763
952.0697257772471,8405.073974167539
8687.587873819799,7825.395116163054
1006.638832585286,4244.446336913628
8880.003038245877,9827.52528404046
4067.1360831951397,5334.104527836619
2589.9068144090998,3553.355022304664
7060.781843317746,1269.701157876395
1475.8628189216804,9413.53197517113
4709.880936931588,7304.879390711836
811.1449430779505,3340.8434872780235
8134.833815421153,2725.0056633927957
3166.7799189312796,3441.36147335351
3765.7969222862607,9320.556908018545
3621.0743180578675,6547.980167373357
2671.896613683418,2909.310329229805
3749.1061879592867,3865.5545901092523
5190.686047789503,1640.5642347178207
330.95587528525704,5305.1369408857445
2539.139088904242,7458.113776874678
5864.923883938116,7564.336851276037
3568.628747360769,8416.640181484789
8234.693183332474,7534.543099714417
2508.182192111127,8074.727650615502
4941.23083179883,9054.955956857551
658.93215338516,2977.841492729134
5301.195028167952,2605.15469515191
759.302878010808,2433.606943901273
2500.29722025785,7673.797360461984
6571.721502992241,5917.298787688811
2529.5440495702815,5705.7994038615525
8904.096228098308,478.94831244393976
4553.379664464687,5724.899165385558
3608.780719424577,9262.390920419406
3780.2163905259536,7899.321632305682
1056.087717002937,2465.8308338502266
5717.515728582172,9389.54840825228
5658.267831395927,7805.439540563697
6866.287571149924,3639.215574607706
2322.828755367162,1202.8802144643923
4221.8984672373335,6776.465871403076
2030.8992931214752,3332.1177031481207
1916.6123468637697,6979.0225509749835
3880.82448638415,5618.379334625809
3201.123733643697,6578.165009868928
8901.257495047388,3433.2673094967004
1842.3332797613257,8596.582377440249
917.9857245897083,6238.185463072186
334.13956383486544,8221.35358261437
4977.685436223998,4690.032527376116
6575.661850389371,720.6414227465552
9289.442057533543,3204.0929930718607
5942.352071765706,2239.495536741083
66.1160509345915,6560.618702719183
2090.5045042466754,6839.600732446981
8754.855696796525,4789.523342280003
4941.374054262114,3203.589513430818
998.3590185565116,828.4497121796552
4632.413700426293,6415.383096529653
5751.596754554678,2073.599150276724
7838.714294012634,791.52908274722
2050.8481757560503,9064.211066059112
515.3197780559204,771.4550905215211
6179.392552045521,8572.336599882738
4160.416222863653,8208.684697624778
805.667125145284,6359.615380024115
1333.8627170363504,2139.8162317227197
7092.577488153125,6120.133801947618
4454.670887243118,5139.747746993226
5906.5372673119955,4033.0099908228913
1358.1704512858728,629.6308498219582
8205.432682213026,331.32614246669357
3732.6974553895166,8714.78088025909
9828.312450605748,6272.634561994599
4216.204798070945,9.351366785004256
7898.630564765143,4754.456740575235
7938.95652154405,5036.996992568157
218.30713743944295,9242.264918412906
3453.0413914995706,5399.778410945902
4708.2934428868775,236.49456161067727
2004.1797325614452,143.605341440326
2509.5822125626387,510.93565289868303
3148.088789089268,2153.1165874574044
714.7444884315101,6900.224950559567
3345.2660586008165,2349.25802225589
6725.968427057136,9162.29707254703
3036.1094415190514,9681.767514387508
7145.259140082511,1033.6383515564241
292.9342006556057,2543.8408622406696
3980.645789967394,6702.165280066309
8373.006726919462,805.0465610760183
5764.528193110406,6307.570450875833
1743.425608614355,7536.805698761669
9713.172200805826,4447.618000989536
3856.2878157572923,1319.6617020482238
593.1310494686549,6770.922917477656
3284.757234609013,9878.360989756253
24.22172088480834,6931.763148744897
8501.307636034064,7708.148241214265
4475.39766660825,3499.577680109629
3893.116892454925,7986.9800925425125
508.2352722034733,5541.415490585266
7646.640652872775,2077.21762792179
648.1817692251212,3269.0814007220492
4186.414828630035,921.5872436312155
1628.1805767619394,8755.233039040935
6583.684004515815,319.28038728964106
5403.831575195145,7865.118705697797
8221.972005894128,2875.1534492597084
6828.5578285289685,2947.310840052567
1175.4642022601213,6834.571927244126
8562.691330394078,4951.3166554118325
5863.242669022761,2298.017907218698
3076.6282939618127,9463.117806112923
7113.633054019037,7619.058867159072
3701.652765740695,1734.198368291313
3943.515206763706,2348.0485170902143
3566.5537904079347,7540.242263373974
4914.5462831905215,1824.5571092652258
1269.2587670375099,24.74437793257178
6461.407882437692,2800.771207470235
6396.475042486709,9319.149663677026
8276.07381103432,7105.304176473668
34.9427507636646,5332.444229140258
3825.804147083345,5223.96702609679
6741.598280777879,5816.071720871414
9805.582960065502,3325.8404610512193
9278.404212550506,6358.887141586705
1972.3558927869044,8568.19826839896
4402.228388181925,504.68254147085
3056.7517761418826,1997.7877435846292
8822.552622621584,2030.0978983569617
879.3839704528716,7441.579857522747
535.7398948029646,3420.841522132123
2026.8253655477286,785.2163705500226
6300.972610848186,1711.702111684308
5564.257402333479,2584.698533114017
8230.410684021153,4182.689833165769
434.74586370885083,5187.676944814577
7200.734530269041,1643.3205534900842
2034.4631630763145,4846.05347145217
3975.4811088401952,3263.3839595977865
973.4958248461268,8559.710873655313
4532.155545031931,9358.325003707143
1561.064195378905,4211.8457167670795
8042.085022229695,2322.8989825024073
1745.8072646025935,6622.455218713443
2029.2683838275116,3143.6031223561654
8196.940542854327,9132.149293717452
8678.181795123472,9194.034267263369
2058.0389185863214,1132.1652485726163
4279.509199349968,3303.3094864446543
903.2071500953787,9699.599417154994
7242.781775338337,6539.249613286859
3339.507358987459,5444.44787113225
9828.492802440858,2036.836845303196
7636.6256304686585,6586.752900967005
4711.9643366648215,6752.457438134673
6457.097517614429,5639.70572819645
9818.03191425448,1174.265292873643
8659.892041321453,9809.718870960314
71.82442399747524,808.1253775876196
4797.55372579942,2602.162107408933
8954.729358131983,6595.062674708642
1443.2375460190617,4514.199962217876
7724.755321656495,7572.997897544297
3863.943151095508,8136.213544081082
451.5005556944607,5530.326642770206
1846.6273470647131,952.2062180216828
1774.575624992465,893.0959488752
924.1200902029977,2446.6804250223386
5452.58084697683,9949.725560082665
9661.08480865528,2578.62903744584
5321.548323783515,6177.591862932056
2120.1999684787975,1008.4689236431066
4500.780364071554,7303.235053929765
5574.508549197607,6345.376136938064
5201.450987253432,9140.345547866991
6076.293905405644,3724.873304236448
9810.591822012557,3897.9308171687576
2481.4222472485326,774.4697761858099
9931.171058881688,4301.035731469216
8673.46875363139,3229.3151571698318
9637.159155111085,9714.697725214497
7181.827366972459,9865.35099837632
8275.304139669643,7212.98755798159
9787.65019672168,5975.895436517372
8603.53985781581,9130.839831825911
2638.246583683117,5316.637697653148
8751.261506263905,416.0111524829424
5664.809088973788,7014.757566602992
8185.18155984128,6264.3705012674345
521.3244077252122,2302.9165070233894
7674.741478907259,5481.672607081302
2119.235651260285,4084.040506475606
5764.316777236655,3029.629008853979
1257.668549707478,7990.61647785669
6338.946513075611,7155.442222975354
4222.788537712824,4834.277362266356
5637.706500112116,1185.9074149589821
1275.6394529557967,2572.958000573833
1659.6927214456748,9359.66291202799
8315.063666485483,8733.43863003169
9292.216799819698,6384.472740632567
690.9186158120384,3937.9753732918643
5830.287847797102,1102.3748716364712
3025.9996875995876,1505.218844870264
6892.442882371298,387.21313647872347
7589.770471529458,5766.782409326637
2589.874193802727,6264.008896086285
1499.7684113479736,9964.020087063378
5721.429204786506,9430.5148902313
6212.653612586601,9883.760910202343
3239.4826768908456,9481.56015356164
382.0613350950131,8065.205085931087
6871.576525672397,5012.733157270616
2228.469088731898,2267.900548485371
9222.902582958532,725.734522926823
1544.4063376234262,3504.433058784514
850.8805408159126,9784.391342254967
7451.457998294735,8751.688578359235
3543.844279245443,4112.218762967129
5667.458246048162,7535.863039597947
5981.386135386827,1854.440466572901
3656.5223499615054,2553.5184461271942
4484.230102818063,3144.596752831863
2581.754560614119,7723.4948885904505
4396.362666864932,5020.182222683425
6919.985837572812,5792.818328285099
9328.549099444223,5560.342665441358
3933.385137453248,4708.0293844637345
6882.537562431469,6380.999667398183
7477.86868139746,8113.027719544951
8206.869976353184,9899.216528611058
3634.6765437609306,3124.9015445343985
5810.29956838542,3321.6004493226346
2089.16803390524,2677.715574860867
6898.9336038580905,3065.8477257253835
4985.434270146265,9880.603793850154
6614.996183266398,3355.5539634695942
5822.5361189642645,9825.241589853684
676.3579915614015,1964.0620764616347
5026.933518973367,8910.801260022006
9576.57023415376,6696.953430286837
7241.058679633901,3588.4450871111794
7991.643511160142,6180.27912264098
7575.47365478986,3781.107694270586
3570.642841215792,6257.789626574554
4617.142896408572,6401.679263237612
6539.454278089167,7536.276005421475
3291.320207454038,5495.311415209171
6968.051157201356,473.8616085051939
4328.270020319153,2056.6652446858016
6822.414347979891,572.453242175155
9154.784440373884,8644.337896448898
744.8369497399954,6659.969750725768
5011.1205078187295,4180.4742483491555
4187.666753553937,252.08493635700103
2430.9220492574277,9771.538546254695
2146.1361496787235,6179.5771667132185
9668.42236936082,2559.366163928368
655.2403280357577,7453.299816704799
5864.156906678119,2951.8790317162757
5503.042970980562,3387.077075279532
2155.364641852222,8830.68599414576
8835.52235038337,403.5471345349706
5122.606237068537,1561.2652746961542
6850.038911749999,5082.526148437497
4820.536901816208,3744.4928130892854
8273.328176710951,859.1632601191823
2952.8989557499376,6052.057968694702
7647.783705191357,2851.527141043726
6514.44309621185,7678.733544975038
8226.525883399474,3743.093051632581
7907.365181309519,4498.204174143795
4170.027550604055,8938.78328781869
2668.156907797605,8775.973887879029
307.94179493653263,9473.213816658514
9503.650503913446,163.5295743348253
6835.267781786955,1960.973692554181
7014.3923155378,6325.896417487115
2695.3597330714183,954.3882949808824
7117.340825953264,4054.507456543408
9139.107508125971,6574.672874133759
7638.26689843357,8044.016965383311
3932.5850499897274,1009.9464476198572
6250.235064968479,9329.622291086676
5396.726600053579,85.1445767098935
5009.768423899327,6704.877401308809
8139.970260064538,2969.8984093361223
415.9405780966263,9821.474525683094
1816.5582547730708,1160.8919086478686
2527.0429412879134,2961.806236273862
1843.779918486934,9666.649297779348
104.673922605234,226.66198431524842
1820.8004151311907,5624.715044574797
2684.0817619922996,9714.273125394646
5428.336727602496,7762.631200536857
4359.285768652365,8902.448309995085
1681.9741262638543,3446.6774965915492
9501.596911889443,3363.4521000814566
8241.230062292769,1198.3379407292905
9338.787292646559,8970.463640776155
705.2610979953578,3761.7025920898227
6978.402778729742,4632.863516663556
8116.480414713032,6309.987261028988
7091.863639458562,1289.510164729496
8077.929872449752,3365.0035702288073
2113.3208933185656,536.7316413330448
1795.9075654069989,6263.086777364963
2731.404795529414,347.03582084236297
3193.817783741402,5185.151966878443
9244.185364089682,4958.032025286645
1620.263718402113,3602.090761141391
5330.646946817816,4772.853427136079
2651.560613692899,968.1182404447153
2215.667868057949,5709.751630224287
9068.391783738136,146.57517366197914
4835.227743635379,8703.334028382966
4344.619460233171,4406.686349454532
7134.614520972731,5933.541575557515
7147.460726356836,7966.397834051877
7375.430773297451,2162.0624972129453
4668.649040035415,3574.7755915811795
8055.235345607506,8700.113260047636
4689.234419329422,5229.186717033002
2681.3489878595833,8981.6098524242
4566.576960792702,1195.1226626482692
3135.715843152509,5401.806325715338
1472.5447410452198,7474.304713188911
526.8627809703286,9743.848586116224
2232.7179588915124,437.750657512207
2746.6120445689958,883.2583939482963
3758.0760987562635,456.1532871840113
987.7613324711687,5395.5342185975
9204.62942334658,150.8362263388152
9434.808340482026,6500.296708017004
8568.934381410541,6375.724558072529
6983.604906488163,321.31179667593045
7230.561965932455,7658.120414948842
5717.863156252766,8052.606570075261
6951.376744841787,633.9413941613936
7968.723257146567,4960.697902778062
5657.58318310538,6054.026707549784
6359.498610972707,9064.07593721569
3679.0055558697663,9606.877100092375
6173.209442974355,2651.5025894041287
7991.280426349164,2692.6618605989115
7985.018994957331,1987.8624912281905
7138.741502533999,7165.570411311935
4436.549005291655,4032.6954302639083
8860.408147768681,2153.323660773727
9542.706290097263,5888.569081717638
4973.791088806059,9380.6703829438
8617.012121066571,1906.0571402002279
5103.997803418857,8887.527386744812
1484.278726733237,8585.965434905003
1553.4193460447655,5320.283945408938
6163.163337517551,873.8122192663167
6883.815784486959,7027.740752850515
6622.036260754199,8674.231173485503
3220.879111942462,1091.3503019131022
8177.48272884195,3030.213391759441
5585.197064693972,5543.476745934489
7388.20318925335,1515.4382773159768
3838.742403576595,3062.704404356489
3159.361959442656,3145.437388086254
6603.8403398135615,4934.831258496537
1101.5924093863593,3832.478923535151
1784.8479768133418,7710.8598056014125
2423.6161069547247,5869.949270745132
4514.723163089942,1476.2891630657316
3401.5790851031747,4868.319558243017
6013.4192581219095,6452.412039059535
3259.7940033563386,9803.129366694147
9581.039659402224,674.712745829773
7943.9482662481605,6321.161290952
2038.2385500711375,7067.9230258935495
3665.878322512045,7117.946345243255
2412.205687213633,8789.638494742192
9955.55777339754,7004.2423915360305
7684.842520166006,9227.9808174767
4084.0678354493043,3152.493312740565
2400.2423494725867,6369.886823391549
6296.525335859421,2858.3470216003593
3084.0237276857574,4956.183641315619
9632.94301784932,6267.704322109262
8483.884553358926,2494.029691733036
3476.200558228215,332.4443424468082
5596.429301804336,8453.03809403285
9317.961641291278,1889.0977181084156
5404.200156491366,311.1387725054315
4000.685954165576,1496.7262565228323
9696.73033036306,7830.153836616139
6726.156252356614,9391.017152295282
161.89816773933163,1487.6145867209777
7876.938445222348,7670.00805975073
4778.700090391974,7825.016470569342
9219.155324394893,8880.26946952732
961.2705657363973,1670.9434398671797
4585.453054428137,4191.119950438874
2549.8686308288698,3782.31884201621
1875.8518264935387,7894.141991048098
8470.66511085086,4220.565574695248
7117.171960700166,1136.0892818195844
6343.92527549357,3221.763961084606
2231.722641130637,6913.168224737896
2725.4510430819255,2625.489188410576
2796.2388059383525,9677.908205315009
8385.36510614296,3881.277874362299
7745.143020727313,8112.202235654647
7801.723298713119,8831.971938640592
6926.120332281631,1888.0668722291216
3545.606234875066,9625.067417552586
2624.796548625019,9682.69535814818
3437.7095724978344,185.12867523267195
9032.092253971457,726.0570674201683
2876.221324095024,5756.677828652997
5134.172950647982,6242.2489887468755
8679.519803959978,7908.209482613862
4079.9744523373915,555.8403401381918
8611.621057058288,3626.401020324803
6879.590064445072,4856.718258379515
9338.430741599364,827.0031924434073
3600.062986685626,8760.941117788532
9136.355636455346,4885.084783301741
7394.622466970644,9860.688611544561
6195.495384735445,4970.501382416303
6190.4535086901915,2500.8158833147477
9168.553011467251,9214.099557041653
3933.4199208604728,5150.508263260964
6786.095521408995,113.6798959454055
4013.0068556526,4532.548278728086
603.4387001525354,8649.778433032083
1351.6903006039904,2095.716339888245
5345.215484594246,2073.014076054379
4977.942470409776,4385.34766388595
7337.4054785914595,5128.317763224527
4560.18651498997,6187.095449185812
2121.713414063211,850.4524923168988
4878.117097938278,8239.870046780385
3537.702752551044,7021.010756698513
6928.2911721033415,3739.5169645888427
9938.274708791412,111.90146252399668
4803.743130164932,6376.346738921552
7456.017435877916,5974.8655061376785
7706.600196807256,9990.762271812686
9996.322733287594,406.4251045810874
3084.866866209298,232.5526989703519
8890.369257965922,6027.97055181181
1930.0505024622182,9687.280685024074
3165.0180618864397,4114.832488952844
8277.49131755049,9587.127013112708
8300.123639449643,1076.6621429063682
5320.55494462904,4781.058755923027
1018.7417775994268,1228.524465669879
8062.45868863227,8159.605572227866
9095.743404892122,832.9004526503913
6682.825878878861,5664.573251869506
5203.676426459675,1108.2629848840108
798.1235974068079,9511.069510134434
8314.979544094283,2352.790245625028
7356.057574542776,4264.958988193259
8568.948849475202,431.0163089693142
443.62393620323127,9650.794956136737
1847.247071019874,4267.626583570523
8956.88675541356,693.570519019222
2171.679392677538,1171.5205943681806
8821.717992088215,9654.347140311547
783.1316664431654,1713.0511197262922
3136.418013048127,3302.633688841111
5966.108648827529,4693.504477428939
6621.968527074186,993.1032729096034
7933.767032874563,3927.2058269498566
8705.07737053937,9701.692643436332
6446.816490153682,6077.592458847041
8769.640837374747,4286.533232020203
6533.037435188902,3551.1999707358345
6965.278487656431,3567.18310332335
7471.530085342369,444.6997281402187
2971.508826144509,6766.712067381032
23.754724048542506,8739.558450321845
6258.507899227587,2294.5692139598727
1274.7531690744063,1863.608641373966
238.81673831828377,3920.2974287407756
1058.0726250668704,129.63562593506728
4129.2154899686975,9823.83746202123
3433.726745006588,7911.024171647452
7983.132430352793,4148.315702380534
9191.067357077298,5127.00917013116
767.3392194655926,4913.224242288924
2601.5170465876126,1144.0306830317904
8450.529601624823,3293.5072964131828
1339.4207351035502,4795.744532449927
7596.843372331185,6976.43459474108
5827.524129884174,1738.195440413569
5885.090529140456,5777.995126207373
4410.189179992627,1054.4798007476074
1315.7694238864271,3253.9075243547622
2388.9744956832237,4846.453468720559
6265.34968633589,2433.910807678742
3068.2299184706353,8540.032853517827
1588.0414264295805,8553.105225871008
2848.1008645775196,5434.343672822811
8238.416748797155,9070.850973456549
1305.5923425648596,43.59591627305592
1734.4059410115365,7312.043298756799
7972.862803298911,4101.838034706288
2644.414981783605,7911.930265523644
6840.0511746764105,6172.069467902023
2274.953870313168,1900.1307924889566
2882.2460379683525,9529.403935859164
255.94460929515338,3544.288715883628
4944.706512837961,87.6323523253164
1359.3452034102538,336.8697202496229
6370.602634372331,7043.094662613677
6057.037491717473,7691.991904557858
1819.1625342597272,6065.338736835209
6638.797020499886,8400.593362419595
5585.307759694561,5604.624707950765
4071.754273200604,7978.041025113574
475.52091508324065,1572.8806897279735
7640.962703841174,1309.6463331596008
4591.436808031848,4904.8681163381025
9643.855334851849,9003.55327101668
3637.653914522633,4042.1435472651547
3671.9028921619533,1390.3564862046992
9039.830071710634,9211.46379276876
3513.9562066473527,8819.285549402213
7658.990541727927,4200.051326233256
9765.516985766231,4375.221910825652
9257.666258514328,8664.269541614369
5217.727534964644,9503.86576002391
6168.836479094067,5634.422205768562
113.66043389660518,3794.401709523224
233.4935965702345,7358.243676965372
118.8085201475142,3123.278271606891
8078.337827577213,924.5835735734054
4750.265795549807,3651.028916308544
5309.157428292188,3343.4647009319197
9263.05051542107,9265.51238773869
3615.247532513992,4203.204610690738
2364.115409226496,916.1428631068791
4973.70345524444,6899.706690086728
810.4367379991761,9696.95952887829
8572.78648886738,1084.2064556031505
4741.310079828359,5937.661015727198
2641.2760870162087,6770.434505120627
6715.104744517231,178.74408313670597
2702.2169456476076,1543.4223212974052
4408.72907602278,6544.215408391001
4071.7982173959967,9685.902335900428
6638.075666133626,9195.599457738186
7962.086549655726,7310.5262080831435
5466.9060806137595,5288.344977646146
9141.090767836382,2559.064343105878
6128.598296448985,8658.7092994888
4961.1433551148875,9599.437551425826
4899.248421084387,2734.1539495094603
2225.317572531171,1971.8034092911807
795.3678346919812,6485.304505107651
3919.3926136455148,976.2790254316111
2069.8758108724924,4503.742838108199
4391.1557046083135,8608.784192449803
2534.2375460671183,5512.640621386713
832.6755994979485,4985.353861310789
3279.965238126954,50.812348999828004
3588.2764994139725,7473.116061515789
4424.82521694089,8236.928901386424
3979.8284522851623,4250.863160471931
8881.325623168812,7433.673423774892
7651.506893759893,1946.2038373516154
8883.013355293746,9234.761797463952
1539.381025212957,8919.379994426388
9037.255169320031,6611.494640669373
3572.406117467571,7929.6930146935465
3302.49950146972,1432.037393246306
3306.2410343744377,3532.745793912907
6447.505244510038,8173.114929511134
141.56815423126744,8782.092164101427
8523.441680956717,9783.714714593938
4862.274727691775,1226.5060597177458
1724.1175069233539,8520.425251229726
9316.98209146512,4122.735573708562
3014.3442948919574,2589.5066897787055
5738.2129581332665,2965.111484307893
6086.703252429394,603.6602612711017
8069.430721077187,322.8244690216697
3337.972039414061,1524.5146230919215
4608.0959902434115,1166.8631892964243
2585.160595210224,8240.082378887391
7742.754672900952,2759.4063708840276
8831.259888686873,7563.985556004922
6904.597009626733,8068.905928490993
6357.05727071855,7401.928839319288
1157.7864956965268,7726.434814046434
9977.012989162205,5058.513689084701
4248.701663740575,7547.831545746461
4331.088624358143,2772.8236130538608
2652.630105489814,2848.1442154423607
1009.7568200413209,2339.7319103412706
4922.78488112823,5865.3961818380185
3795.9234018851107,5623.260919055124
6378.062603410382,6808.721421792404
169.32356357888924,3991.5127583973044
9114.652564869577,5255.6282640900345
9548.16850522575,2717.9953881313345
8630.235113252591,4858.069334849187
6428.081659550212,8589.313642680248
7574.64395057244,7488.555301054475
1502.066340964281,5958.256932174037
8524.15789215784,24.3071650994775
2172.1232382529042,7752.916456120314
8930.858116474123,1483.9117536257552
5491.148360564769,144.46886116289303
1079.020758755903,426.9220801158924
6677.998130837504,6607.708732899078
4969.511107340505,2930.087244984282
5220.180751517431,935.2188262938266
6117.577298207486,9783.699949843633
5336.546398013487,6700.372523835798
5937.87508086557,7526.206122625015
5226.798558559297,5966.1343681719145
2036.250029506509,5458.581417479981
6702.323226863858,2498.343986257704
7766.773201768277,2935.8125439056957
60.695974434625825,1481.578960324388
3260.5897093453295,1874.594729383333
6384.922602307104,9055.252524964582
4477.591804980516,6706.864543268558
9118.116663560966,44.2088114378425
7445.343748974132,3431.4754155574647
8265.151689225828,3414.3322787661414
6845.818014408833,3758.1130651508533
9906.499219658263,1104.0687320952513
628.2890966426735,6539.822000928869
170.7567759054973,1934.1036401377721
2328.6767521424113,6352.67070418188
484.9285294564054,7660.057204507867
1481.5853096402377,2692.322144160938
9850.216526877093,7123.638642273846
4704.227982428524,9409.433437309834
5305.268272866819,8636.00979898105
2946.06115600238,5925.530250068537
6031.214514973912,8565.972867563023
3801.1984044343517,9156.51330176337
6772.268557174521,8131.1053021677135
342.0967471689373,2031.2084843937216
3188.9595997648744,5073.5402298243835
8580.154042311435,5483.299136962065
7299.479420893824,2998.333235222841
8293.994597061972,8863.810206047146
8114.2142359107265,9860.610290044986
1789.152285001534,697.2932304494994
5517.880916635954,1624.426397430181
9351.81570012939,8824.85818288773
7289.081379737171,5768.370281072122
5525.460655994351,7811.300803879134
1625.8600089251029,6965.965730600241
6148.85074919421,1002.2492361491142
2061.7242946540405,9282.313284070406
5609.319957722562,4450.189824786662
4638.666436089857,5322.396013588326
9705.803171297228,5459.403380378314
1975.999277566981,9085.877584564387
771.8794151078733,2982.8468727519876
5976.33356187973,1189.5216735116699
6123.83576205036,2794.473172685509
4681.612432991797,392.91809221269847
8427.98008073678,5336.395557067256
4063.391279396872,3808.195413419815
9240.741026125932,9204.984705373674
9927.240253661132,4723.31606573693
9027.351297580766,4195.360612758391
3084.4892543151727,6794.300493065075
4974.907662444767,9552.360882458393
1665.1549473424243,8448.998481637236
7054.696496307684,1412.5407095496234
6788.832086174312,8357.539446785495
9648.052345867263,7356.298823258778
4661.472947775835,1867.9167353861615
1355.2243191942403,2220.165230223359
3698.775682594194,2050.576807224327
3845.7691407389425,6338.8201233161835
8570.443506384443,1147.1484336549365
6682.170927549668,2996.1125340769813
155.48669536934233,8514.218823770669
6492.664261375801,6745.252769620877
3591.305793223286,8580.91081439291
4510.865633523176,1369.0307539576718
2512.5076407940337,9379.115343349402
5986.586843342066,8591.395704297674
33.53145733179241,8484.016865986354
8177.898906449468,8903.356670331772
9662.00568854102,2469.010631641807
8935.502751970223,3800.2111763348344
4840.338206801888,1941.566454835345
4893.152247575823,1024.9921170402708
5453.45282745055,9619.880988264751
9228.751625692863,3116.9747103071763
9542.789083553544,3393.4575669097644
7963.772725675584,3273.135158959993
4220.949258915803,8002.074896610158
8555.116900323143,9503.70958181943
52.82250657100307,353.64242638714074
7362.2020651350285,2645.8916287058764
1252.9107131749995,3374.3525874751676
1558.9367101381556,1318.1654116022057
5884.82550208557,3555.518489583449
7050.1371709617015,2451.807951040219
6802.757179804535,3760.280076301714
3717.2264846340263,1222.7789818536805
4608.287671451648,1359.1185595301058
3146.1525983192996,4246.521673395711
5148.534431166493,2749.3330563516706
6242.429551162394,1097.1416523761802
9235.930384284706,6125.1305109609075
8107.65052807342,5811.738883990834
9313.144799462623,2730.8856992873953
6896.101705576644,1845.6945101852295
7106.1845611399185,2071.304218082308
8202.846487502531,6897.289484834913
5367.919462876808,5505.624980590162
6119.030239921044,9335.135952467012
1382.9766523576247,5521.476346362752
1044.322799979599,4702.584000560879
3206.191179644318,2124.4341954957604
2272.2984705022454,2136.740719491406
5541.667780585954,2537.2096942450116
8183.701511375983,2711.300342584544
3300.7030997965194,2661.8380355561276
9570.56907667163,8016.521735979228
7025.804825986883,7305.234274796809
5262.088775029203,1031.0063433316764
1848.799711523068,6950.157130812165
3358.904026859816,9115.747250174727
8095.398697805012,3385.542515341681
1051.9541688041556,3286.656324640934
2185.367712626597,8795.077859209341
6149.586177584725,71.49457503941137
4758.882118573256,4482.413222626758
6247.2296856310495,2335.15593649783
4276.545287117314,9770.348515368256
2981.8405899764666,8979.676300389909
9284.599079250209,3228.3496306620787
1736.638530343737,4520.543241170269
8012.047539356654,2289.3383030289538
169.39038577981736,8739.627046843127
1447.3209813783749,6681.126659836182
5225.811878180865,1450.7175356499913
6933.577610161854,7040.528172604379
6104.580240585051,479.07786861627
9446.696965732277,3763.0901484047886
5905.897354668177,3189.192490723862
5436.043959335034,8977.452882421343
8530.228313611768,7817.8531331841505
4951.374968425811,5096.385180668464
9224.29009147689,2821.471239219917
1804.1991591760009,5724.1464095864185
5494.813270362224,9890.384098455912
7684.849771601612,8529.708449866645
3921.534952365957,3756.0324640989916
9236.181121875134,5368.591597808264
1887.7146219742335,1774.4332781702499
6379.028381695934,9120.910978103217
3756.241412538296,5807.633715183522
5838.116783388871,2021.989103600349
9919.891270988292,1094.4745418162993
4413.312398153569,3556.141225001672
4897.104327918051,7785.08746298923
4603.033721463637,8036.540534951505
1454.209707612454,1478.4704239956525
6082.283382101123,162.91318846241688
2343.0055405226203,7695.147667021945
2129.444810120241,8266.795578066165
9549.80518871486,3849.5530006578447
9521.000178038268,4303.942377574214
3362.4929618584674,7145.213398828555
4776.4880913465695,3179.529596965918
8613.823510310942,226.71103857389573
8720.788693379292,5934.429917774178
5086.319700021523,3145.2708548474507
9291.65936202397,5428.250420508775
5390.888823977348,1881.6678069204706
2552.2206637157806,7776.160860714581
7134.6306642310055,2383.3671806695143
4297.292090316874,7873.69956876168
4935.535529776353,3416.545274666254
8822.317552509923,9281.59403081607
8524.358435908029,2666.961802655926
2700.4042638487635,5342.442337635887
513.2666405360819,2939.084662952255
4541.342352217704,4672.8429674568715
9776.488766590308,5027.815634125026
3155.731011143761,3307.4666045944077
2742.7219282383107,6768.850889385154
8425.149084664521,9029.19889565489
3592.6325480241094,9026.18481403683
2069.401476660554,3602.8205771260214
1426.356845467175,5456.908235771749
7488.445514774332,9174.250959535537
4297.035404604121,922.5072325475536
8546.14924750816,6929.552532810046
1947.571871118521,6698.763822116006
8923.647901333414,483.49782924438813
1955.1727620663873,3191.7234204503684
6815.135426618505,477.89308185755664
9264.493690644184,8106.039922140591
7884.87114124376,6663.887662072971
4256.590157832422,4837.79887781992
1596.7478534268075,3744.428010515347
7059.663639004219,31.450540065911525
3196.1558323378513,5141.19620805354
5989.372997682125,9131.920463244314
361.13352686558795,6615.952998082474
6772.482588254832,7004.53301200496
7368.911787825649,5099.817015217469
7285.7824213348795,423.2428534401278
8063.2335382088295,8534.775794116978
6949.471810651053,9339.34881756481
3852.1953917416918,1981.7635078816666
5346.45223627548,4933.28651533969
9564.480038760947,2524.4828494911008
8957.301847882301,7563.158199549444
815.6128425862374,4025.5874993779885
1527.870371545018,5906.30053311281
4750.978574740082,8553.68098082667
2283.950826053962,3675.393087176584
6197.063422795084,8239.268361006336
8853.579985953857,7291.44261458739
1269.284143540368,7192.658806665108
5756.701776789375,8140.929215635033
5594.901129804422,7557.790155545611
2432.1595077979186,99.73538763089817
2577.190216936164,1665.8667827056718
5549.700375731443,2499.4662104946174
8724.503887782343,9001.578445725088
6241.136479284076,7921.308684767751
7446.377103673415,2207.2765416881225
9385.846229038643,497.44711553891597
29.066751078892228,6423.999697350558
1836.0793720232516,5296.49618335649
3571.800548458647,798.1891311731592
8087.436774311958,8652.00595048348
8990.357626285102,709.3701862282953
1795.8097736981183,1434.3406323330298
8593.529845825677,5610.539645607317
5461.5826333252935,832.607496267953
2410.039479874656,5241.606295608732
5229.779602687792,8749.671846632631
1647.382695654972,2489.045988182953
572.3263928043066,3384.3628050001917
2993.088147036279,877.9453514453828
6241.808140073839,5533.857104968012
2725.6147601917,2354.533759874323
9433.939117512167,1972.2001352781826
5884.17178016587,754.478821708544
9995.83478783055,970.7153898319066
2973.628880160657,5008.772320763906
1713.8576819208595,2652.795173691712
7646.8205224212015,2833.587064310219
745.5296842274029,9009.07059805427
7140.867697167844,6323.447006569329
1764.2532669964771,7757.388814315592
2493.2516754529543,4577.803083042064
1527.1993460898814,8479.349026855023
6069.870417444312,9887.852746703047
6655.108524272075,7073.4783879771
8964.773036112883,6668.0888244903945
2757.341047828447,7162.2534483049285
4775.455642200198,9590.701827150655
4270.846457968964,1308.7604328691605
1911.6893743692997,3449.51369962763
3534.764196965735,8907.745017648194
6982.948522280569,7591.407472686955
3977.054945151417,3571.3843331357275
1189.5548728443307,128.03268885491215
8304.398754925574,505.1900024196321
9141.519709914852,5552.847662648071
1000.5961421212162,5720.202430829663
7893.767878278738,5277.7850547318785
8446.712993461648,6315.937002397526
9895.501437334658,8872.918725466925
8328.518858656787,4419.386812625136
7736.458022499357,2192.1805736632905
9823.427121525685,805.3376778873012
2736.9046207671054,4457.42352691646
6095.521822777035,3670.590009899762
8313.708318222149,1528.4257947903923
8531.144313180104,5490.9396356057905
1450.1700458321,6603.595203034275
8307.97202839027,317.2166525919995
79.28417010461541,2526.7846999986655
8095.077650391607,9023.699468326911
2069.8486155006403,320.0082548578653
7248.692337746961,4515.66111421317
7225.574882857113,3261.80656353251
3542.272919540075,5589.266948726213
1138.8825834592087,6407.891225648842
4259.58614468482,2633.891741201718
5853.140817811384,6824.872112378975
6942.006530100158,7261.402235985493
2188.8343436205682,6941.164259044554
5148.366111644338,7724.801284468716
2286.497809859539,2750.1783179234017
8518.643624809214,585.1577820619358
4256.343787100265,988.5601587663639
7108.968283172603,7720.475594439713
119.42522759108232,93.72434196718848
5282.449697056685,641.867445449078
5838.42359345171,5128.228742845822
7297.063916145114,1589.2263591213207
1880.4537230419705,6609.74255747736
9465.707631291998,8681.986557240245
7510.025835830475,8896.130659873008
9568.915467435689,8579.879196611355
339.90886728001544,3000.082026721126
3300.249104389923,76.67567701469369
4678.067089587094,8854.792139626688
436.6103010906797,4342.191749634443
6556.318098369112,3858.9449118835373
2676.9001397706083,9346.28856559283
3220.0084790513883,7702.13466159329
5245.465858392257,8327.924160034534
4220.263209221289,1422.8375760762947
5460.906650035573,322.69044848465154
774.1336253656794,4262.090717737595
2552.419657124092,7707.408340770538
7076.1320843478325,4230.472194295077
3420.1714577160815,164.70851238045037
5353.6476844385525,9950.317141253681
4740.534061219725,6551.206255193214
6186.906453645441,8215.225720155733
6026.276211795432,3888.1672216969455
2454.5889563288424,5725.1916647854005
9082.17780951556,1412.061729022579
5556.204982430524,2572.4501128228617
1694.339500536307,5134.762089744422
5867.092220083548,8634.391110802782
7332.857713708078,8239.045261650968
2121.9355285041142,5737.3930201828625
7187.114492219588,3699.041469810681
2016.971433979825,9997.006315408242
2702.705957046674,4141.735402513186
8786.574819760277,8838.147985717838
1069.2196098115414,5867.465099531377
5697.174319063139,9173.795805873711
473.2557005754334,6713.104301648466
8247.33603240281,4681.409468196345
2823.6538390012033,185.1883246136654
7099.800802376527,541.7284846022529
1220.3581876368087,1068.869744429367
8347.280847738046,4606.202157984326
5582.124757602069,323.6286371358177
21.575643841835745,2148.316818672371
6717.928539015933,3664.4229355927173
1871.560827483012,6281.42225918042
4484.966371733571,5835.11327839093
459.99285036227747,2710.2312790782344
9236.051067124688,1491.1934196355314
1976.6485068907957,3739.951767538484
2965.422126093632,142.49508986846294
8980.614480119786,8408.381227753296
9503.475528917206,675.012487670762
5623.639417494099,4474.030459470795
707.2767895581467,8831.74668614649
9539.15779035074,6831.104881261268
3193.235835864443,9424.634515482667
794.6444756780202,5781.929623397815
1814.9817325125007,3578.2445843710852
2089.8724493440836,6479.841830903389
9785.291497495562,9041.225630160323
1721.1481753959247,4527.627769862679
977.1257408935619,6955.590665090123
8756.10527617889,9672.636946177943
3817.0480947876185,1356.9050876643819
2708.436526079895,4118.191272382983
7069.499694217056,8695.85079581091
6197.779892780709,7274.677375128409
4104.177235609098,9387.938748410748
6840.240740119382,6059.422066877034
1682.126547268331,6040.23195140944
3968.694079518574,9425.512866214405
3301.753971449245,1522.271855220364
6430.131564210206,4832.5356132271745
4145.896047576319,2816.0969056918307
4549.018979462564,7957.67674988769
5073.6937178179805,9981.062341732748
2753.232404011974,1559.970016666834
8627.543902796237,2791.7509123816963
1567.2169907111654,8642.30528031972
8485.685540774255,3992.6204275416
9253.210948748972,5481.682455515058
5374.587961269306,3354.5705839388042
3847.5329347842335,5270.698473609176
5248.19072365256,3360.6045314257126
8547.61452026987,8536.29391401457
6852.546984777667,6995.498952295464
8159.513034043023,998.4452142028466
6615.797826507534,7728.586758241195
7576.374719058899,1762.4824016999273
584.0508116825083,4947.03417442235
9931.130804745215,4146.548910056038
3969.727172101358,9420.959546976108
3571.1936786571828,1607.1539764200559
5945.816595503652,6610.012255019411
6722.45399297841,6193.826311108678
507.67047670618905,743.9172034472352
6489.065889563617,6482.825811096795
7847.141169852208,2665.5851985985446
3276.129283939816,4741.637753017714
8347.270417286652,696.4113842976305
9183.764875242,7548.2853864828
8825.584953573014,5803.800100824643
8518.678055080054,4535.62225124609
389.69960133135027,3959.780151270782
8934.926825709355,4251.9007403641635
4352.900254267252,4489.245899600251
947.6299635624019,2121.8224101547967
2097.1138154717473,5125.9024279668165
3419.442965165752,8264.58279733607
647.4478925513039,2243.078921828957
8604.685905097169,3755.3431173420404
5567.294284998247,1627.0518325403061
2052.469747988703,8286.154035065707
6009.531912996652,7855.5441273038305
8066.0924611537375,697.3116857545358
237.83800875990414,109.38678752805187
3046.6047281147735,7113.540675080815
5605.2250717065035,5193.992919817851
4757.151495951603,9275.140965547249
5057.877827560235,9223.139027628886
2065.9624848391213,5360.63149254499
2602.879384057659,4799.333332108407
1645.680836122344,9910.536061991725
1713.8993682196135,8183.518763441798
6884.959153491626,6279.258407526727
1291.7404110951447,1496.6701864146958
3672.7942177290997,1382.4489376270299
4901.188964326394,7541.973722456395
2416.025511801996,892.0647454553709
5191.324357998694,3409.5707683120213
6501.918114269245,7336.069154716815
4644.431279587335,6460.322055975006
3585.6107077341912,8267.07316277654
9639.43094535891,6440.33922192328
2409.1222078739615,7289.86843469231
9558.531510524008,1974.7235878467507
8983.85611574189,6204.148008166507
2520.6701772677543,3629.8259466609793
1524.1336092118008,2144.0817341717698
2869.7611539175673,7550.068645318957
8217.923752558776,2937.290501279459
3756.034382553859,1437.0002219276212
9751.83488740286,7494.457398401215
4905.246267981931,9399.361194792406
3650.5296214411687,9342.87257305866
4650.712957474857,1010.420248638636
8541.531090761451,8706.480315743236
9843.9360534989,3923.3364278435424
4926.01811444791,152.67789708987456
229.67773715953155,9545.096761346718
5174.780963457342,9552.806678547464
3211.4547108164925,6972.045919675161
7650.575149840656,1347.7775893066023
6408.086550426744,3782.8836831748167
4824.814466871893,2245.2199100554503
1465.3037941657753,3307.943820478043
5443.649026802688,6144.584122008884
200.77520399759962,2827.655012325985
5729.354725569194,4353.465189870107
3578.8156712265472,9601.716562884661
9628.718615125956,813.4454632778576
1291.5179779071207,8952.565431582132
6929.174076132956,9779.756397761577
5005.608590426189,6113.3516910489625
2839.9492941250105,3243.9629741022814
9752.126343024513,5301.782866934434
6611.734071021445,303.7449559738459
6422.263184616393,2399.2974488081154
2726.871209901004,3448.796809343201
2670.652574638651,1837.649528063593
3001.040190856963,8599.763967608838
4592.1822654310345,8149.547061018202
1598.9027197931428,2897.435281695184
7339.8877278535765,9711.627135803295
4071.1060781349715,354.17834679169925
5732.985357044538,2744.587437312793
8225.078452622354,702.0134008433931
271.7094798856667,5303.808514526956
5182.688873069603,7073.966242131343
3177.2302571863643,8272.519791426324
2495.7979888179525,5973.698155674201
9506.79021214671,3111.862890177207
5817.017113148419,7177.762396285726
5875.612524141105,2816.9661329765327
426.77570598193546,2041.810709462336
3802.9173063670396,455.2285445569071
6690.851311483451,8670.982792767623
1928.721712917284,579.9341812642256
6545.51852902807,1875.935088093955
436.0946481759276,3444.3301846879926
4374.479255019185,5287.217517473562
3233.764196773251,4102.912121044451
5808.769533677349,6113.857859975376
9223.007545448703,9202.772030544473
8003.727564693835,9465.811797153638
9334.197702625086,8849.022681530885
6416.19963204844,6719.427037962529
5593.100542261319,6883.083958715728
8899.58500772881,447.0990306656453
368.769376356699,1413.6768995801829
7965.390761229317,9347.90328400186
3216.6502806524877,8790.2085955066
5129.9040507537175,3725.0033906643675
9491.186986674893,6737.687293298117
9741.121100810327,7626.530374077239
5971.805148701663,9949.707694818851
9349.919634075488,2748.2141012729035
4324.327344877181,8291.143437784302
3604.5727336457057,5006.910398532664
6319.890324079178,1271.9450339618231
3997.108883307585,531.3373164486279
1254.1329104180832,8319.897874161943
765.5364555781896,4172.67059318915
4242.262085425182,2473.2280680723475
7375.285772389964,3616.142861048275
4279.268571375445,6803.45205645258
3170.2878585064263,4481.667855760169
5040.507952057076,8984.452467082952
5512.262562604259,9296.93509085004
794.182205729731,5975.61045615728
3904.8054146988375,856.2828877831208
6100.90770793465,3103.3413278298895
7467.359978753684,8009.615896270909
9286.5042586745,1150.628275376262
4202.743304898965,3247.267318900903
5619.35844474941,2499.7137680348246
2455.3241178288054,7129.1995901722
6751.765451278473,961.2537785088515
1795.317310680966,5668.553405341317
4922.945832688985,8856.117328315398
1918.8401760233087,7975.061073418197
9792.084456361716,4957.409731510275
6211.280285286148,3771.446443807679
5898.891887134054,3432.1271824557243
162.36452186502382,1737.1014685136788
6717.5370522294315,7451.385891677886
280.4768873809094,4654.138765337097
4450.37514718124,3226.035661487894
1696.6683703093156,3980.683944003617
8532.454426161212,6394.506489030868
183.72289549418164,7624.470613263988
5000.564004507566,436.9535134726776
6118.036708271726,3708.9518226414275
3454.7409403838938,6974.351569139556
2371.8076389769626,9392.30007344233
3957.5869696591294,7906.08006752277
6166.02527628538,7211.014843821898
1177.195106118606,79.50444653038514
2931.47428701369,3413.1240457413683
9303.93442402083,1046.3909959773644
5475.040294793714,7067.846804728885
7625.804063661513,3413.476080426697
3706.8084049622476,9615.85183825913
331.7504985532493,8638.503817314991
3521.777253300542,3251.4541333332604
6065.672993861104,8718.021871892151
7607.128850153627,6087.595623710829
1837.4688491449697,5097.462364601996
5091.737269827762,9430.170384432722
5194.49854700896,6620.316435265867
6548.478167198152,7912.895831587702
6915.779796735274,2011.3883084266781
8885.588408383264,2650.4539030137785
5755.648903158144,4314.743690279007
1311.0357609331936,2270.38546884782
6693.478141853726,3691.134455038939
998.1781030022929,1170.9430253516084
4893.923786962653,5845.295524589742
7249.468572239217,6421.49630950793
8943.019599494137,6617.878522888476
5213.8022687009825,7604.458471491265
2580.720106819,65.96742724937043
9492.77386661545,2992.5551252978075
6140.317324258279,2290.8379475375386
9971.437338275908,5476.519954320579
9181.061364844236,8956.129650262328
4652.047467988235,1626.4798869366937
5201.830113990744,5506.808360724197
6034.459341436986,6274.302581547756
3594.6333444586508,8466.533000180942
139.11944087769857,8932.366824257502
7579.722577887832,2946.914607264941
3929.9824354638936,9229.18930034341
773.5802448463813,8431.635491778927
208.99350553087226,141.55796613829818
6947.585530080182,2882.606584650188
154.04015392380012,8411.37185163539
6847.162206965341,2305.728014386852
2282.0288790214795,1240.321028612641
7897.545215030378,7949.345997680989
3402.8365985894825,1364.7192708311306
3594.759593634926,7397.290840448635
1315.2020079676386,3326.8521417527086
6894.763187454989,9497.234147368514
9321.325039540685,6505.575681343367
1649.0851568133103,4597.135403901343
3376.630349402655,6311.165627594558
5967.161486744154,1145.2836785765064
6484.806850078213,1046.0973454352186
7227.5751090943695,3525.9678980408203
3021.832997374696,9048.765803223658
8096.852332125569,9649.34673530878
6633.471360741684,2310.1177521762183
5417.560958610571,3781.655855002138
1418.6340361802763,135.3619186155519
8132.661787578466,2059.296680158077
7531.342626627557,1507.212713342756
5137.451620389117,4793.654779940963
5725.701388072441,6387.317266044898
1839.6223875633377,6323.570906991294
8101.052058802525,7647.137569429322
2658.57003863617,265.50282750765655
2948.807562252006,740.0988622090854
412.13034910023924,9132.762116273025
9205.596764386079,9861.594043120198
1572.7255507666737,9687.016202504752
3565.2267399509797,3497.6943971520336
9854.245885293425,643.612407847669
9890.439139691616,7801.324393531888
2617.6450740953514,9539.290782256636
4454.294377688173,647.7187151058794
1622.8989889361278,9646.698105424573
8670.969916753947,3015.29444467558
3907.9818491288243,4914.258137880094
5512.667095165451,7555.794175717832
8628.790913390136,17.804132421649356
7998.605250316508,2128.5122393519596
7275.4085629656765,5517.456874340303
8701.331584171221,4471.556876960385
1688.4716101323838,9819.76031635412
7086.7314995182205,3193.4827658676745
6803.758610657094,1783.7047074707368
8448.954711141949,7947.839529152071
6099.591133538411,5905.8019359864165
2108.4669408971367,5285.684673645688
2394.468138758561,7633.7531035379425
5776.365980575853,9732.602369310542
648.4465709952747,6196.788309138366
6857.254766197108,7469.5508744361405
746.2498878260703,5711.497873824665
7233.395793312887,2281.4787174418548
9073.854654619969,6045.325454360444
3249.491421740489,3770.122158224306
8937.576234610262,5247.352289077509
8254.71742668699,8125.1617756779
4758.408551342955,7.133794091925827
8220.693665689201,5282.368380378194
6814.134526077116,6080.847939699281
1142.686140187985,5776.3222711141825
5067.487072405441,7702.041627464519
6141.033516514406,7601.2886662831725
2082.923671056519,3729.9092901184517
631.0232453450171,9587.10909124387
1390.8733690289655,7008.940874967283
4304.833176581039,2436.676092378478
6721.474528842581,9486.866541946683
1574.565802054173,4229.239141254245
9644.476748136673,2218.4864658010883
3272.8748571977685,7954.280260815779
7728.2457888466415,2554.409437516545
7917.832627872701,1777.5805226365615
634.9949737630145,9163.860589187407
499.6959159412251,1611.593028299223
5991.214083888214,3121.672521659742
7170.687344690175,3172.579106082378
703.3736436542858,3294.6864787449304
4277.620171136911,1188.2702268134315
9687.770712982863,2018.618950514739
4782.751809873267,8007.654962012376
7705.341819867819,8958.378210964149
8921.466881994886,9481.684165639264
5993.081317538738,5453.65797807174
4401.799621478758,5678.476713870998
5659.821964957493,2021.1560257672945
9773.18253870397,4192.408049649887
562.295599520497,7465.841228924296
316.0205998165544,8202.006248898011
200.13571697181877,3075.37937702125
7265.682480468847,5007.46815359436
107.98336751849602,8989.786146142062
8798.853706049124,8754.286401209098
3525.096743022156,2857.448710994411
4411.853605659027,207.68057342761102
4007.766774055622,5059.222035759308
8425.921038293889,7996.457874539068
742.3376821453897,5174.598257845574
6493.9323712347505,5781.135880911198
6678.074424679418,8547.034131746197
517.3752064977843,4731.694240801145
5906.869861432158,830.238920745009
3608.5038245061396,3864.137271571718
3788.0306710205314,3285.7944490705536
9548.283606632473,5103.9932092931585
4525.60842854201,5620.324529479104
4455.634731865206,6239.378307199721
1629.02936368568,9461.293884484381
8020.721639315279,8212.751903314364
9789.97154682791,4661.204143953091
6724.84768579099,5681.40335514621
4593.416991065561,8697.196287062281
875.9785698259925,2649.211990159115
7380.736610303634,8857.14866089629
7155.15751716514,8252.1790963117
9691.298221625977,7945.966640599659
7070.236073949726,1626.544428805271
2771.608345975828,5630.073805495279
9700.71252035963,3483.3507769486405
4863.215848647492,3766.6879822715196
1688.5972148432381,4670.701063951786
2545.04115788572,9336.525859190057
7402.9241615837145,6382.176745867762
3083.615722400135,1987.837314387575
3497.5907655691,6516.78218020103
4029.279818627184,2219.5506001589683
166.53559185238475,4549.530407963323
9021.792755835317,1418.4339977373506
6451.635378781083,4151.241801956847
4545.371900957962,3620.1685430184148
3280.662481516906,6910.108273256345
8537.595798220927,7776.80596891432
2660.2518299821377,5790.767516502981
6393.366075674574,9507.626603739835
6895.1067865133755,6599.404441133621
2512.3897333443856,4054.879506784801
1089.9552295430549,7646.783395209423
4874.140849461138,1408.2868785405133
4896.663803123908,7097.415691399803
4735.096009157454,2848.2784457160237
6730.8430969874635,2505.1175136753955
3867.343989212948,2336.9936403004485
9719.809433813045,4579.627333076206
5514.88940026004,1533.8546022042888
9810.766137751692,9902.526992686415
7.266881912109113,1511.851701717747
2840.8433870898098,7136.646336941348
5860.9140750713705,704.3513327532058
6935.816565686019,1946.3650103812158
9736.68339311831,7034.214411754964
4081.8012263378223,708.6130523216816
9118.162477045404,7012.486804228498
9411.021281567693,3247.7911364467004
9946.93585118042,5269.295158541971
3286.923902908181,6594.0121149412735
146.23529915663624,3306.5274507588183
1122.7394894813335,6576.152116765871
4836.245869244917,8650.449764774228
2812.372630993052,4032.3025224627527
8545.867492645446,6849.674804887317
9190.131641353262,2937.5572077760517
4038.2318012980822,2918.387735671424
8571.995035574557,2958.6360045027673
6836.932140764432,7935.311466598263
7785.552413091103,7030.959538006395
9544.905234955615,6035.89328495327
644.6492080330279,8575.526622499858
4904.235139432214,1413.6259560390806
9085.066023974507,1318.5422900247522
1807.8192083536471,6126.942838434209
8459.38910893015,4526.1285778436595
4788.030811512476,691.5040263478045
7313.439029998637,1820.4969012708261
8758.900743583928,1145.0030706672198
3947.6841396434615,8726.73108670251
1563.693940997687,319.24522260403876
9024.041549228827,5892.218347906933
9446.504805347284,628.2760301516377
7487.7411600399655,1215.9312161885462
5356.43467710411,4973.560794895207
1158.0451427406636,3693.2362924663466
943.7371115246141,9256.819043542078
2618.270535837369,2339.3762700390876
9434.862170938228,9966.456086249955
4701.1154025385285,5797.266559419755
5558.796106450373,6494.6616581710905
2459.501626291627,4559.014202609595
6658.89458714349,7587.812296304371
7149.834705507411,1396.029080644039
2078.4331966640257,6477.370881575117
1432.1121322065212,4679.130366554297
7700.5475156144985,7908.872237424623
3737.580888414147,9131.317444199474
4049.268488334035,6282.05234790215
6649.0833887688295,201.53530281332155
2107.176787643025,6954.199798288068
1381.9976553578583,8476.921891987118
432.69423428170086,8578.959813221669
9119.461593175467,1977.4692410675975
2147.1522652688577,2620.4018789766483
4173.875732143158,8833.940132951942
2971.4091628096185,3201.003387874415
2005.2579521202097,1732.8152109382268
4418.819831772782,5024.93064203764
2914.3441552596228,249.0645399819491
6250.684924875942,9334.637836882532
4418.482844252645,2480.800140427777
168.10726613487148,1667.6195433937403
2173.454181023503,5578.970864017283
6698.958969953063,2303.2734549251245
8273.39403963821,6841.519393514361
4225.784414233027,917.9649969253422
2574.8462987062494,4731.741734043321
4465.522460028996,1466.227142291565
5159.142234261054,5645.1192901280665
2992.766300079761,9473.701303464732
5022.641757374668,5365.090255996605
4624.830146270009,1178.6731070629953
3701.496221674958,7468.034453607998
9270.82149124597,9356.436973189851
2196.104840717791,7610.439980045626
1215.1794630733614,5657.266558857158
7132.018936545382,7207.348459468866
3375.9944395663333,5260.551947564498
6142.222091092834,3226.320554090473
6817.311596837891,2720.532298542777
7780.020403726793,2574.7780871429136
835.6645646015603,6118.827366882269
9085.201494615907,2222.2896961403694
1368.515262676042,8764.852835186719
6974.983361866157,712.9591038078986
6024.694831104594,6483.331885496446
3745.8102463066657,9118.190673735771
8670.609787082954,8109.464955419271
7276.933607739788,9853.31502529429
9825.53580358146,8654.568597776586
6283.340923550516,7897.910700437817
3297.740614685958,4419.422604485734
9203.557553137167,6023.600783566074
7887.954488755725,8054.461386827242
6931.092489677459,1933.9330355268403
1323.6491709823506,9741.76305193989
2872.1483018902504,6917.129646060124
2259.9087940298637,6911.471150073407
5086.02583470268,186.57306686860275
5576.800520425634,8261.46378658751
3552.0655237871224,439.2377417608895
8285.25522626616,7024.369601985385
4471.534026461925,5869.828504918246
5695.422915783861,8434.309678142903
1931.5622872188476,1949.2297904795576
3135.889252553512,7261.591566339337
9974.12917346903,5535.952380186819
9025.00194518243,6966.0587680053495
6104.457820285796,2353.742183464561
9274.795227797027,8106.977875606936
5554.555179883657,1125.3026460676585
1300.0750051136001,5112.742175859162
623.4784832215046,890.2590592020365
1885.2616663222866,7401.5411004395
2087.926638980392,9865.614560919392
2837.2713454387667,5077.83084964074
2187.6700542077974,6089.133246501079
2231.058251372128,4855.553660129603
2711.175834137716,6695.759009890895
4560.367012444558,6084.137701596268
6675.78961944513,2531.467357056991
6905.916785615644,4529.367890442273
6488.715301547506,7942.543122461166
345.6270011772666,7391.546717370597
7055.553951053618,3542.3419458722274
7463.968748361855,5487.997396271457
8781.95469910138,267.6423604896094
8307.520476752292,2366.289860061335
7207.701313692603,1122.8369465016897
7480.474681118951,1526.267538071191
3019.632114328119,9580.0236315655
449.599387724301,4899.588501608161
4395.227341599908,4349.053365473171
8696.315409016579,4853.680615210151
1294.2015965912135,5512.774247814631
704.3022563164159,9939.455678167855
1782.280591464044,7299.929707936289
2930.7903583608872,521.7359479167982
2879.9513403102483,2693.2061761027057
9033.849575609627,5423.3695389579925
4658.041665589205,276.62369375332065
3804.0706434027693,2174.4211421891514
934.7568062922674,1408.1946350762953
2647.0556882370456,2996.442097874569
2794.7278944110567,164.36050583270023
6754.1437111258265,6384.831279557726
5174.054316096983,1733.7060589290365
4928.276536288336,5788.395564547612
1386.1755601553948,8205.485274618944
4066.1722790337662,8682.348613989556
1510.3102627561093,2677.566405722783
4108.0200531260925,958.2632885456887
4779.280309981783,68.44105304203762
5540.197406985293,7590.353765619267
119.07822879071107,7919.000203862465
8563.438209654643,9477.24065237628
8575.268616221258,2107.1680798483594
744.8688159921246,7887.758744393728
5442.209815243193,771.7237017811152
2716.8668415845154,8305.774683146086
9112.312431694303,8244.91874985553
7104.795275175872,8644.486438872522
4191.075005571194,7863.360811575269
5255.028169633446,3670.019248567428
7980.608811925945,7652.954550569832
6440.679033986653,1154.9577128393096
6125.885796138942,8222.567045385102
3028.6197270573844,6183.386704923082
7713.731212792016,6273.465924029835
1171.2573946592074,834.3108704874613
410.727840031434,7243.250437424927
8051.269649114324,6636.569711268501
2248.290295198927,2965.809050100853
5430.769718797543,5716.819455951043
5089.419631346783,2644.635920145473
9175.421811167073,1698.4463323452703
7444.622765948377,6461.499170524609
3305.051932193076,4050.8255574278087
6788.877839656711,7391.810447945984
4547.802247782441,1752.2818434119724
9419.966018916615,8827.786824142684
7193.485122709266,5400.948586608235
8701.313113856831,7226.161096350125
2899.4250041213977,2071.28763499701
1196.159554966053,5096.323581502097
5881.213057429179,9105.113660612687
7087.516229556968,7282.4801106603245
3265.9976000666034,9998.229627670149
4432.531792071868,8597.952095808043
3246.5400691160116,7114.354435872704
2551.641956892108,639.4906316718285
3037.784340800037,4194.20654990687
9502.859853321039,3604.965711073974
9517.709509116072,291.0561547849466
4256.879603529983,5485.548234986044
1851.9804820152908,2747.8764419835943
3970.4145723730144,9305.622501711328
2283.756038343373,3577.0091635204726
1512.4179252515369,392.72751235390314
8766.93578681094,6870.836748645373
5904.520929996393,378.82280200027486
5301.19189224414,7788.459033822609
4479.302558446733,7208.861983987381
7644.822901261008,8032.333648546508
7741.256692229538,5574.047830702705
1140.1794909032426,7236.265281135602
7763.747596952726,6422.062005719109
8268.163516420253,4706.0406543051795
6121.029921700541,8044.206012186142
5409.018061930016,4763.031717500634
3727.401703944654,7235.3744659064005
4654.383451628048,2240.232517145391
7371.64455817986,3926.0392081166483
1729.541201045335,2310.1053510899574
638.2735853604837,5069.680596382632
4178.812720617614,5626.3887528214555
3611.8707767930714,2735.874391654769
6835.259438919206,4848.591074337787
7599.68924510979,1229.1368408108272
9942.656615349068,2342.9401400858296
3960.798452391844,9649.124468880043
4025.1200255928243,5461.397930370824
4531.251946114221,7856.148651993236
2409.864573549777,3273.0484123617753
7771.3575371105435,9820.04268105905
1838.241764387979,9945.932254442621
8050.074189075655,8308.31338115625
81.44824386579042,1149.3006220684977
4385.3089851239965,7692.807557000596
5250.053180592513,5723.284197545298
612.7895635223068,944.0522719431366
6199.697497413396,9835.137439363569
1000.1386530506873,8292.598705049355
3825.706320366841,5683.549135202684
5539.826655404976,4261.490509807288
8332.352480557704,8426.243201719948
270.6581420199528,2275.479567272193
735.1960612897168,3384.187875576464
6899.062693380478,2289.9336420232044
1196.04401768747,691.6935516348643
546.1319457530633,1108.2912911902654
3530.356519779042,8280.703827578502
1673.0332718172215,361.9395809335202
9318.70382318644,2477.247217773718
8716.409330565413,9487.73558483874
2971.451877095218,5100.6702633915975
1112.5450052753872,8373.529565992012
9002.45289042387,2153.4986488755703
2808.6266003425662,1548.0021898054242
896.4831633120829,3925.5845657469013
5842.381053307399,6783.873737549007
4241.342785379919,390.56335790198295
6671.931103730362,4988.356497834354
5408.763654879008,901.3271199532713
8423.9532834408,4253.386165793749
1873.6619482113103,408.57794473205144
7191.181756973802,9629.893196691446
7040.202081148486,3115.807151375035
6349.286254619417,4467.564383383486
9040.279978119603,8864.680560085648
6213.907371416293,572.3564754452659
7903.53447605113,7459.827355553538
1682.3647460716295,222.01351761540255
5444.526125651286,4617.204848982248
2702.265110875286,1461.2055521141888
7455.969764006384,5313.254691153845
75.9536973778796,4291.346336488798
8923.658117824352,1827.4617686312356
1565.919940904772,5950.8828889288125
1606.7786790437876,6448.0326972399425
673.652643342404,8053.848166609478
8162.898694386075,1210.0504564360515
5786.893937365757,4203.221394552904
9686.132707181749,7098.548148753685
8241.55123694932,409.94315352719025
5331.490546798317,1554.8101057378149
984.1273959973129,1474.6711724723316
3976.733588633221,1553.125098306044
905.2420404663786,7384.218513497796
1855.7832033982868,118.58155839428063
8776.57867405919,7918.1930464487305
3150.1684547163222,4569.293960958239
3140.693922898935,7641.7369812716
8199.365142478458,6610.626829442978
8940.361528673935,5413.547110066982
1965.6409376996153,6537.630888618539
4354.376868774823,9364.849002389148
7456.598790107491,990.7674124001597
4931.153119953098,3051.5885633278403
8930.460104558611,4683.751893889421
3836.8444286070335,2342.994823021546
4429.194781469456,162.1727049996269
8285.75885266251,9678.137642284531
4618.412393815999,3316.8301983370784
4324.452664318645,5593.075273050542
6449.915765933646,4603.810796740063
5222.762281070191,364.93949203612596
1512.2095813070357,2778.5783079335324
1809.4714066748984,5026.015523320871
9579.456319614912,5298.587907018172
7942.118310319865,5468.681698050447
9746.448113506978,2275.8097436078797
1567.322408420595,6174.265182770751
6084.407046050297,7423.999431500671
7662.106359352578,6829.756836723615
772.75146317906,5495.828762731416
3073.595224475355,3118.263256583661
5952.784885931847,7959.494001141073
7884.353160594466,7648.046449589599
9443.133702726878,1753.8696765175864
4014.160391800852,9225.144996875264
5683.098427858779,6288.058149503677
1394.6576912045327,9370.54575409535
3204.355678207028,876.460491804506
5616.302954089081,2776.433470263585
7108.6663536963915,4347.690488080782
5910.031891731415,1666.623638641619
626.7734378282553,3206.535364076882
288.4943370774629,9227.433040526501
1410.5898611988143,917.7834339140923
7124.903917968183,8491.398946348689
4557.501645259349,1721.3328804133077
4553.270146795701,7676.327277639019
5084.5502627507885,3026.055046436705
1269.1109759022668,8142.163930335099
8341.252647406956,3532.7578523343104
4042.3819608265476,3653.856546919291
2604.783510423533,7743.6658563899655
5716.546820492201,7557.967332787952
514.9267485098563,3669.8240946555884
7805.211001902933,5091.419363204663
801.2483168153817,7198.8891895238885
5799.055894543547,1738.0309455064025
7028.1797671271715,7331.189872357841
9398.982566330167,8633.908326892486
5764.890216731581,5193.5785770134335
3474.534549852807,220.05443545794478
8663.789143239623,2171.8507882503823
3465.7865654948737,1223.0436059654537
2973.5580497417536,1883.7588090123525
4246.555578048718,7881.187668352853
8368.136620783514,3764.8800692169816
3701.1031087532997,7958.488095246925
1451.2939518988244,2246.060753002633
9475.261869332242,7058.64602030321
9851.348567618736,8000.41905729264
3894.6443027276546,5238.381592435952
2777.5026909979592,6797.940811904086
8495.373874259125,2790.427672338922
733.3687702960345,2658.3508763324794
6439.85308503986,7566.1932717477075
205.13612265602887,1068.5661739305085
2013.7966521608919,9547.881941950445
825.0290106239022,949.1175361383941
8758.243869362603,8544.643124340206
6464.8509078952075,8489.461659863655
7264.929964655356,3921.4353202003836
727.1601599145616,5967.096628200542
7620.625053021887,6909.729610051762
5221.181386938877,2061.6038194215457
3380.245192817296,6550.458823489827
4801.997453593772,7552.327439925574
8847.423683322142,8740.456134140426
9025.113383834565,534.4357357623597
9922.547740940063,1215.7174435549211
5756.843885370306,207.67224334851565
7235.352156198716,782.5439015890789
3478.8775718936627,3331.6957235310097
3641.7854938076543,525.9591005871833
8609.147691714366,1276.1618083301673
1370.7072725558,206.5428332405106
3756.148427553212,6340.118263562349
8482.725436246574,1050.987480027139
5643.175356033784,9950.437624078113
9203.63258833108,2785.436112895284
3281.4355756278214,5157.686324028204
8205.783561891016,5628.784801299977
6567.749628859144,7575.876276782475
8896.11044099154,5407.52646913242
9628.738967820973,2244.235954666434
6548.474437006632,6988.680544693902
2439.3422767520246,4129.928032237582
2911.84581436423,4711.032810986892
5760.139400852834,3867.241624771749
408.20920316244735,8470.613566101321
9648.141896715446,8115.597879388425
7834.968999036982,6526.2664624806375
191.9733044239069,3142.2946152250706
3369.9010312406162,5545.260732804186
3644.465252145883,9479.418569838768
2391.221091522453,2256.6802787866136
8837.719542895438,1659.6667745763316
8811.64014924482,7083.094431282501
6536.688045870726,1321.0427787088174
7756.36226771126,5389.704094768398
5269.407967502358,6990.0740164459585
6991.339824350091,4656.035528523823
484.9404677286795,8967.366321826352
5911.069731472671,8479.694775110553
5844.843362443554,5577.5610244917625
1004.5508355170108,470.1784249810492
2109.664020784506,4110.180375674526
7293.337708567643,1007.1623935868656
6607.576457184223,5713.902220048325
5550.718890705772,3100.159453049143
6567.990450922454,1960.6949434988042
7289.821698382822,2296.0269427641624
6369.428690549542,9389.661972747454
2466.497504908791,6710.6403619049415
4803.574393807123,211.75827661991332
1058.2494831950894,2798.6393138239264
8507.285281276058,922.6683502024025
3889.8751916042274,5148.6167930541005
6214.923865972358,5824.697618680161
2402.505491798204,3171.924276008261
5981.138356505237,9108.117811804677
6190.215100633427,6786.819161089237
7602.685114417918,5759.892056645657
1125.7812687129997,106.4253897543832
1041.1197033337116,5004.383587275653
9221.049174613087,7754.543162358899
5293.545088130761,6.075275959023241
1352.2477048322312,7344.842519497852
2062.083958809464,4505.753108979596
7979.41815421769,8697.923613217385
5037.140784152717,6442.019064223742
1386.090949177119,7188.933712534476
896.3731126370067,2786.9127644677815
7728.335218947555,5740.68264334581
9290.950157539211,7542.000997942408
759.4042911519916,4103.800022937199
7204.78713232905,2405.785844115852
7545.063375772206,6729.434162359842
9122.659342727964,2441.8738717689725
3753.139216832978,3539.8946206016935
1121.9844959417658,5196.727257084952
4006.0093280303954,3107.1634794190504
5362.8747578092625,7519.844313769983
6990.745454213064,7982.839206938868
7282.7640792002,4841.234756106875
8416.756712957333,9849.220595205235
3959.091056748104,1241.7711500763585
4419.45998759554,5752.110356899641
5187.75120205741,6305.062312403043
623.9119956903738,3156.653785859368
5520.718062525553,9134.687336558365
5113.773850071536,3793.9843193342394
5054.142583097137,8981.968419393774
5103.083843102221,1501.0514310257383
9780.384906365958,5550.838269494212
8769.439911843938,8138.554522953476
2937.2556804141336,7502.737812083239
1574.5712156465875,7451.969427305091
3560.1234060107367,4045.2053485375573
5256.073952039685,4743.236549567321
9792.612971208728,8514.587302236136
524.7776619986222,4550.9412740028165
6977.540745187984,7158.927810747573
1986.4434626822836,2937.0534462695873
4311.350356542735,3219.376907512086
4008.4799630230405,4155.772171969138
9588.043608090395,960.3897422130225
9373.586457792597,4784.400233781592
2527.146134144541,6492.822078868291
2879.975523334415,9860.734024264188
554.2252924289504,70.9643662579551
4281.320845529867,5769.149058448491
1323.4523561309652,6950.828383918307
6758.780505891876,6355.8442706556325
6074.049799589659,8887.854635247617
3215.439099312216,2477.588067649432
9556.68108061348,3137.958746009759
2836.778053242548,9068.518533589879
2328.9630911781433,1695.3844727144497
3750.2136341385894,2821.001602399522
7332.929915938429,393.65761035709545
6019.84828408443,1693.3162380186795
7314.081942206877,6893.027337009909
7988.046547986548,6009.603622182439
567.2819511519256,4948.237366982075
8946.303814577805,6407.316865455267
95.27177551580168,5217.8465877389235
3420.8008117432287,5313.009287805408
1852.3956438977007,8330.004710100311
4470.186941657282,3249.4593046215036
976.4117711803111,3159.3444299667785
6229.398118147917,7706.585938102195
7181.792259762282,7010.447553074159
1355.180155860537,7912.716110162298
748.4638811636169,3657.5846518017643
3895.2241267771437,4611.645576333532
7945.124181312632,6608.677939828921
1491.3792736174269,5675.728898374013
7439.367574257749,7144.498076444848
1982.4039021092133,8888.77512863845
1308.783800499289,2531.812332755994
8993.101518139605,9144.933240729179
754.6173383089705,402.9725739576473
1019.5451554795554,1192.5446214255642
4493.762674750261,2821.2176914592555
873.9303808939347,4908.030685542862
8609.589158603705,7293.654003646434
6038.028492471397,6473.5283444476345
2194.6247287402166,6448.35893253346
9957.974290484399,514.0523437643541
976.1953833336279,5648.679850156259
5900.04644310249,2798.743978682482
9249.01938624798,9828.619701775671
3979.586225730367,5646.228538096876
4116.970301680533,9896.858695476989
5740.5051549345,9780.54188057835
2572.5105625412793,3652.1192993457976
8853.741549729097,2288.006476078147
7239.3601865900855,1781.9413592850087
3850.797086357037,1374.4993009233108
6538.669490834171,8492.775510446963
4532.216516091134,1901.3881570735448
4292.397647303718,7882.4266285020085
803.8804644845044,9118.36338183943
9019.834570977637,5176.864161120183
5325.557412501221,9069.631599797798
482.0932327472227,1870.6692652539714
4608.464458144877,2512.7842988635953
2957.9668553119677,5608.798171515793
8877.19499949785,244.72380972222373
1848.7488318460764,3957.7697427496537
6298.259940690567,5788.354320945564
2767.104188007554,1764.86744757688
2446.9797183698115,4607.324692309467
7132.7242572927225,2445.2529514194443
1713.0186940571857,1980.1917398650626
5791.492401088355,6555.380087379133
3347.334505077716,8533.922639032666
2340.3576660668245,1713.07473875583
8549.235265931376,4220.138598875398
675.3934031027553,9344.569220146677
40.42589207707836,6941.50271486047
5136.977519749322,8639.806615569401
1715.1145507287092,5282.0947313942825
8144.359121081864,7907.170955094975
4592.99759790247,8601.578388637474
1227.4761934658275,255.18449764882823
6166.124995864131,9004.840671493923
9308.612519041148,6886.270553984197
1611.5503677481836,3321.0923680176206
1665.6061078880525,9860.475223953805
9435.31608926164,2116.670676298694
4778.621751603942,9365.339719212392
9648.56295395202,2357.759756642722
9367.137444823926,657.8581247572846
8247.102166387436,1022.6115854664264
366.9093301393922,4008.9634152303533
8356.880619624386,7779.223527189511
7492.8480462824955,4948.130724947746
9581.412468722228,3982.251653341893
1025.2658276180625,8972.458248395817
1378.0463348756778,2704.7372065440945
6266.578016781059,901.0204995652538
4669.514745806151,1393.3918544735402
8840.080892680642,638.9772900143553
8535.144346294266,6188.4596255946435
8389.491139149111,1370.0275636529436
5513.65348699383,8364.807887901128
4653.26289916213,7679.117604235231
204.67837369394059,8098.847655921192
4369.887993284692,4316.708006214583
6820.734958650852,252.23463219203435
6889.5071917936875,9215.408628780853
9229.92830202197,8914.369036197906
9728.803291588416,3736.3219771580016
671.3093148650173,1815.5234894191763
6078.639626957364,8105.477223522792
2414.510926486824,6384.70221187166
5024.11079708013,6123.104429494389
8604.500264894965,6326.618525384028
8260.223011787695,4885.725779487982
3004.89877512352,9360.169139049243
2756.7651228079494,4614.723311313036
9566.202704856749,4792.890499531401
6274.692478884026,6817.73881175046
1435.8108575018368,3182.7988366977324
9673.409818887372,1809.2302488040891
9991.762978416446,4866.205454377115
2202.890165365616,2071.343031570454
2169.960706126678,8332.270728540927
91.68482146045265,69.18938119621521
4727.288603325875,8457.24876223308
5120.7072002192035,740.8983971018823
471.51425324965413,9582.536313700644
7197.349902961314,6739.516240170974
6743.802178886601,2874.3961835985842
6925.162166011183,3942.0806324661253
3974.3536736233896,1089.573354633434
5155.794356556727,1738.4417029111744
9953.132023317567,1716.772345320835
8067.177751554906,9684.03454923467
7846.31112500027,7970.775760496261
6559.516416841834,5297.183682646224
4861.809110929467,1085.3211562731058
192.56176331059916,7948.51969676077
1488.8053656181478,3590.183150081614
1087.8245785715847,921.4704687825914
901.0927394875379,1753.6320184851118
5615.482594126668,8409.033943261313
7662.459950827134,3288.237373852634
4842.3760298663265,9807.726971133941
5316.9433312259325,2579.689411384932
1309.6196446223862,8943.717342882102
349.73512914426294,9251.594638969798
4336.779454615319,6741.450121087181
495.9832649433593,1593.5916100928494
7463.212185427232,4088.6802817796465
9948.172050173136,2534.186484558674
3174.839399168432,9598.538725970457
7758.138019644541,3636.589517897316
1889.0166180313572,3077.6871506814787
8476.067153043196,6126.3756475718665
2252.287813258902,13.58636690732773
3779.766354610684,6827.106194787263
1682.7683307727393,2773.8418262152964
8707.058896663653,9154.354411285964
3563.2440796484166,2605.061005055991
4178.1302925942555,3190.856579389351
2402.368248024753,1009.7454762088498
652.2435821752049,1406.0494484080655
8292.942447466443,4093.6396749954206
5962.188512749698,3791.2998748938476
7851.768421430775,7713.39902264678
1842.4326910002642,2964.7728964911935
3447.3998991507647,3782.8289725344175
9560.571957817421,941.7594516411398
8795.157534913526,1040.667187807277
9288.508863848876,1419.9644129809064
4550.7917959586275,3960.1003852421745
981.6244305908529,7006.870672649578
9480.018678644292,2754.433349462315
5133.860313812714,5353.997755617892
2427.071201735046,8518.937389070144
3035.472083393853,4452.038746699059
7644.048706952531,3834.635400696923
843.3070883960347,5702.563532463988
9257.920707208903,7420.7295812553
7364.221098290066,2950.9936421491666
2259.163094302914,4506.892190854775
4472.203909803355,6219.956992261769
1518.306085842368,4817.687278303104
1240.2274517255496,7654.812371031435
7136.702325287532,8153.789730229949
7557.478654763675,762.0833585641085
610.3299068895963,9788.454962708824
4018.45781685912,6012.916490091889
5098.158173558821,7238.122271780385
6716.819622998136,4440.7678037137675
143.81552004700038,5992.4552561978635
5466.8247672487205,7694.275063329935
6343.619380065275,4012.5653917114623
8641.370433652271,7739.293580780448
3517.20664620223,6007.06113723512
4605.841241325997,7222.008626701269
933.485227108184,875.0375198883287
9989.209335960823,9396.62725267779
4053.89122849506,7793.482744465818
4163.374891116477,991.9218087781035
3173.7469558401867,9285.170846219778
9828.347186376857,5517.098413536186
4019.6585499512016,6207.062959731697
4815.274535822559,6590.522016091428
6702.245724462133,2278.624918327201
5866.963822320617,9728.59755394773
4974.692350662204,5954.408819630089
57.77272392510358,2723.3357318076555
2374.27962590815,6712.676924449152
9796.974503901412,4757.610865312978
3545.5417454122007,2680.9718878000976
4895.520041673352,372.66769635630914
2067.9412984294186,2814.584217798888
7244.232469393842,6330.565661745476
8263.435721639324,3562.4610738101746
7573.839889678533,6118.421701591361
8784.22938378386,3227.6650711978996
4158.979456505305,3548.616010734221
6934.503522703295,3586.3554261503737
9873.942642152731,2360.550320181085
7809.126651347728,8127.615376872448
4373.131622828604,4060.4656369863847
2144.889526058148,5354.612401440791
277.2316017540799,6143.237402552625
9422.759395651061,7682.396885061471
4034.621787983952,3893.7200751068226
1391.7038221847367,1032.1403888585655
5786.904218101623,3839.13919319117
7076.712738134858,605.9668314687839
3366.0100139897518,7726.3421657664485
1751.2698464451648,4514.527631419562
4850.575401806385,5617.335471623885
1172.099255147946,880.8851727098898
3313.2724342377583,1710.1360615652916
6960.340038700246,848.0748679840177
6649.452052088316,3057.364255104584
5415.670547976672,8228.326867619227
3597.1046225694668,3348.0822524277633
9295.729814403658,8713.463287547122
5047.94289088502,7225.251386437018
5472.2183865711195,2908.293817432456
5482.701380121431,7466.235689034803
7758.387910183687,6838.245871730945
1097.199273343421,5295.087958468017
8197.732656455431,5771.901575852507
1542.5643612944284,7720.595794673191
3845.8494920437715,4769.670834542025
7162.78151541573,8797.041232737967
6833.381034380077,7704.505820154543
5774.820433882388,3685.5541841843487
8333.360750116246,8728.73103657968
5926.6781135933525,4886.820148948475
4110.469166728695,9658.972499233341
6318.66761668815,3866.802776862569
8341.169568946474,7314.852160086462
5270.468830321512,4163.433558720581
4768.297247758955,3472.6504207046637
3658.360188962856,248.61357347193524
5993.567038340887,5980.608578050736
5827.571865519334,3043.2759526526143
6216.702618790402,7460.798024792095
7968.826681869164,4460.650520004725
8934.727355638412,3958.7875341358426
3593.4691985791324,1224.2032510948075
1530.0852341127713,4794.057901755331
7902.7318421471,9495.636349906423
3052.7014815854905,917.0555005201653
5630.855504311555,5408.976081854997
9470.689253531937,7297.867196279299
1321.1859333914467,91.76408982673468
9783.185290311574,5409.973119007074
444.2406318236991,3839.3096274541494
6644.475063563246,3451.8381190598225
919.3252773024585,3232.0489531458484
5942.32585148749,9509.02031537515
4485.079650013496,5132.316107544622
8487.921707261827,5307.985639525274
252.03308217787713,170.01530389106568
7708.444715090138,3202.9210393113894
8043.0563296506925,56.94601999962523
6848.133819776109,7004.363436777954
4541.564560139598,9492.51557611672
1412.4834577847678,3654.6632321731254
8499.98242560855,9933.860537013708
2133.505772787092,8762.919791142398
6803.732771560664,2905.5443373588787
3892.5939427760914,5542.820989518224
1565.6324778685182,9421.60538780675
9747.977857493997,2914.7706513565186
9165.855306553747,9720.406796609457
3087.4249798529154,3498.2052727771384
6950.8168800167105,5689.605476838256
8926.292334948457,3524.2392174937186
4132.035751137192,4534.172313660748
5465.188590386833,9535.060532121503
6348.635432079804,2449.2952954420234
7149.754354556613,5358.773680099755
7316.891470640183,3151.099670503149
3429.867984159476,4514.78465377703
1872.4599923932271,783.5904050944442
3603.719648065188,5981.894369394862
6346.536685126884,6999.026626665438
3039.3042241315493,2759.509715767001
6774.049399153714,2261.3311223697674
3373.4240643132853,2500.7182978810492
5225.0964211685705,2162.7193563882174
7313.8382309793915,819.990025196321
8729.599962842854,5821.561828896248
5782.252999191746,554.4787488231584
5137.156223192516,5911.862519506654
5193.315477470483,6247.564797789148
4897.91742782364,5872.11415173188
5747.043235764524,6451.80681548093
8197.044592160017,1093.9434707051432
8814.270863883208,1060.2777001644536
5188.7804006090055,4428.209955734831
8519.713237349124,7577.901386374409
4503.399258697443,2562.502291279136
6116.739773471542,5112.208356814724
1654.694279677651,5297.55289781995
4777.394262144361,556.774956254058
5553.334433227382,6903.1054170479665
4614.143958974653,6335.075700537558
2075.9802273100945,789.1329397608238
8509.757969455792,446.0547969502715
3604.7080476307337,4972.305510260178
6138.791328059709,4959.9712356277905
2117.091191277355,1113.6152542305022
9151.78440989971,4559.792297074091
2968.5691373175882,6908.3738894529215
1610.8770914242843,1489.3792607626056
8915.821845729066,1136.5406922673305
7236.291258923602,595.7411222802945
2092.5172245290214,4021.66590937022
6407.485667721689,6112.618419813029
5222.26942327427,9267.495643431705
5288.893726971152,7710.23840744081
6601.699671304794,5749.22783637257
9754.715322628805,918.4160908372774
482.7171014599263,2417.898070106973
8917.726479325163,4177.112000113787
7201.542278408456,6058.274775828027
2494.361531371558,9731.447922453242
6819.640649842561,4502.800993330491
2530.8140808563317,1779.1510322966296
3699.124454544286,832.9390219628674
864.8436069778276,6779.269616117694
7694.536105826256,4442.790357729833
4792.0306314545005,8835.320877715449
6971.565222495349,2326.252123900776
5610.5419798931725,4461.5910602693575
3449.320817631467,5298.307952824951
6926.767041633067,9723.466756678026
4217.020054932566,3128.6972569768654
4964.705381876115,1480.2388151227642
2026.2618494819906,2498.5674689176353
2027.4294407785032,9049.73934875917
5744.61548575541,4899.037753089728
6968.5635852096875,2524.6635330546897
5723.601522822013,7247.38983505381
8583.433074324366,9697.43904442718
9696.243429584832,194.45599808005863
1443.2004755588257,6223.6566904367855
6169.816994434521,5841.121388485471
1569.6084621825291,2006.3518928105007
4276.796511176826,7381.305898348137
5905.927612662872,7884.345399750317
3156.9832567086573,3280.2145220868297
4595.129504775349,6271.03151791077
7952.0226204391865,4067.5797987248675
1286.2440879755932,2285.917954736454
740.2061159928941,3123.5555184443165
6283.773265872869,706.9942199474976
9959.04521841216,7810.806965824252
4897.315885885128,878.9037940230293
3268.702611931347,9367.171532075035
2482.764170368684,1184.5362289876848
9660.825044265841,9362.96176636248
7641.24004020519,7754.208494843694
2516.9867655285984,763.8297723427223
5932.558942504278,9824.892824798882
1944.9667703101536,1632.415762562951
2402.421981962073,2452.8054604868867
7452.85345068859,4705.9893440238
5333.862524127278,2762.9677053333635
5450.356828900145,3016.885033709554
6005.222736751223,5642.051409081096
7876.687858542405,7783.6376021322185
3376.4524382386376,8787.13738677942
3045.497309684144,5878.705977150996
3599.1744093374377,1234.976368891899
2295.5593989842114,9464.752124294297
2950.61603034779,2703.5343615512797
7474.525444195541,5396.330300871611
4973.792532314877,4752.532891393784
1266.6256320717596,5066.829887229081
2833.357884477895,8064.230517067263
7779.115316720348,1352.8201770736348
1408.0118727230906,3014.5794308434324
4268.371254877728,3965.856464392726
8814.203206674514,1676.752014583066
9613.770141295574,8519.739957219916
1888.0867590855155,9017.223530609808
7196.237950644412,8654.694263528761
9447.654589496653,6179.374421859474
4327.036138371038,9973.153583880532
5534.24331536855,9103.845840327625
6892.753489310574,6720.841800519276
5465.057891309153,992.5602286446745
8073.296125474524,7006.170926049708
2470.5185391691653,9779.963037452097
3297.497436263006,5576.830895296547
3219.7325072478534,4919.222023537471
8515.398637319526,4527.746529780103
6322.042556510999,2358.395067853567
7558.114143299047,9470.546857602985
7103.968192190321,7776.783330825367
4061.9925442911176,4506.480041585533
5973.02093107334,5215.508428278978
9889.568303392422,2341.767212434894
1998.1654487973044,6910.799000279757
6787.4694802674285,7100.956592983511
3614.792566740096,6066.759133110625
3774.7060093009877,3294.217866578394
2219.9370342657,8702.879531742723
5319.169183067933,8286.316658906844
418.0019187400452,2421.61546017248
792.5987458549344,6133.503799445654
9452.20969374703,3470.503063616547
2768.163069970754,5359.339716156164
9156.670271526193,5138.825730417343
1702.6477651361383,4033.999256388858
1316.8602841510867,8046.461894716276
2718.084037644498,8070.310756530199
33.89912193228262,671.6656736801996
3493.3484360915145,1789.012536050989
1622.3075879290573,2308.921359440357
5268.802405047737,3683.617825837798
1678.0670755479987,1309.9733401037306
4414.8170675107685,7131.62548194761
2025.0550728616467,7627.565839652065
7278.0804236876575,5272.026238736159
4677.959299659823,9356.474081601842
757.3526167949851,7941.701847550358
1656.7438041295823,1688.3739151348987
3701.636839100918,4099.172775987783
7453.756474828848,8500.582251941772
444.3687511978356,1232.7975052783747
2437.5489528010385,3914.467278192851
7680.228924233653,1777.6938552744482
4911.735625315851,4340.154493669256
6393.6918716396785,5933.908335401261
2392.529983788719,4709.443057069316
2290.5262056352294,9933.939517354343
5730.6909846835515,7627.32190328584
5944.018218066332,1324.376666316338
4415.5661565879045,5408.0900975426775
6511.802477026877,297.5265824763673
2270.0534656197456,7970.512423571353
7155.6351772484795,74.5129977175929
6918.59642307029,9952.74092522564
3129.412817033049,2667.4841786487837
1312.1085665648802,2311.0656291415908
2621.2158660999808,5634.4674587344025
1979.253970122068,9555.907285116828
1240.0086127507182,4285.757088161116
3182.879762812859,4843.635175101531
9843.35384442225,8476.171100598825
7173.439903876586,4637.347654082179
4478.654921974148,7648.543042519514
7360.593517715191,7157.600241562229
3502.692910448182,3269.4762059402647
3770.952374291915,3949.8812627479097
5761.579635667728,7875.10164562566
7193.648489205339,2695.138382255645
6358.213313791542,4163.023666205056
2872.1686587120266,3014.102088503947
7945.928358137025,5104.154952300505
7791.814085730904,8507.479850697999
8473.735973867313,1053.018111071392
8851.186922193056,1729.079910308694
1307.117018184567,3642.3605636712155
1030.8017460110452,9390.622877086033
2922.3778047348105,9898.001402176702
9460.30705902827,1530.7650458680832
5829.841052045156,1615.9431242205592
3438.818138511284,5799.014740440389
8532.020618752775,2908.4074925202594
1448.0976899845477,7186.3573141246325
6172.37231268209,6511.962981132268
127.77928923517922,1005.4312555673006
173.15817123237375,4412.793214174812
8083.189379655927,7749.520844782587
4138.73317898035,6791.313420991285
1430.469943598056,6580.586988828523
9442.059931842832,1620.3794667403315
1236.7134074940566,2751.751913072681
2284.455125740287,6298.638409641148
3447.136197504518,5264.048397558483
1974.3694045158688,4795.492624393281
4428.504303645688,6679.822378648315
9188.791532124793,2310.4262370795427
2118.5104684299704,1914.4671530002645
5830.187766923608,61.32978187197491
9044.893101307474,9509.030757525852
1398.583681089558,5302.49612259564
4659.03524334798,6129.699143332447
4413.979493030375,4544.004831711081
6771.609146321781,4842.880876810588
970.3594772222445,3915.5676981526
3392.121595226033,5571.629037679483
7301.676468894858,6405.758897175491
7939.157266629001,2598.4467036143
4094.6920951064026,4360.44681626811
8727.750077528606,1540.5377506877903
5568.901201220605,2977.489547000569
5970.8824731565355,4834.66846840647
9997.36677614505,6207.43316922537
4397.900913455904,2634.912925028806
2255.0608302261367,1473.4835057716666
8938.12370247619,9634.520709597702
9675.089910322846,4108.375466809708
6463.008678465846,8263.328950028617
7265.827418226712,853.6849002269242
5688.538375675126,9863.041657947024
3454.726015972135,1587.3484930505922
6447.258269359383,4518.703139359938
8324.845523451795,7373.468765245066
4685.431955952387,9634.304206777446
2354.715393666462,8958.854831385357
4959.807680299931,2307.0418410363113
7687.977885324859,3254.482256054766
6914.466500098212,2932.111692424604
8548.985025562848,2430.2507904682116
7437.87823901009,2666.693020773326
6466.035236597203,9753.603722379732
4857.053705759194,6522.995349958957
3695.8768555444885,7715.454131064213
989.4974767309583,8482.945189633441
7366.933754288577,2729.315823724835
3695.6063939043192,2687.5070832319416
3211.031914123982,525.3727397253905
7360.183805687862,6276.712484867454
5477.027207466532,4876.316681410533
4057.679806397567,2624.515256092945
6385.263805557844,5333.873367259749
9846.845339509084,1092.1969617565564
2900.4200343892308,7029.009024840632
1360.8731545611752,5032.074970248936
6537.463301743136,5711.152074766199
969.1117025394047,3031.418060192621
6603.690734676206,2521.390057271042
8258.401545847342,7909.218524551968
1215.3545681423773,6536.553802968832
3692.1777054540903,3659.180997837884
2621.1384216806123,9168.617620526342
5903.318818926894,330.00344125864723
1165.3226010099504,9685.215151125958
3270.137325537189,4228.151294362749
5660.234118185132,6453.94828745187
5727.2150969185905,8338.371395533055
7837.698195503028,9927.589392507512
2449.0736239451203,6534.15924859518
4200.694732959029,8971.27215435668
3886.660915380741,8272.305534518197
8042.400836149464,9967.406387583163
7359.706928646823,211.2010338141934
853.5278536521573,5380.3223575295915
7063.000408480547,9428.212707827619
8071.533397626761,4962.807967550397
5996.0546592034325,5540.147831525179
7933.928378199219,9956.478120713868
601.3840941605331,4122.399933106102
3150.869124510627,3796.656501342216
5177.034725678771,3133.4675272631875
19.369298272630118,3305.048901043196
7700.165173517151,7249.479871528171
8458.64622214116,6438.907911736421
3598.7245248588797,9706.648864050776
8673.939360411681,7108.930057214457
6951.989156657649,4953.022270298001
559.9285155765555,7189.972870898833
7932.340399251082,9646.489224580693
7471.699738237598,7786.863800702554
2846.4369626017683,8273.967084089498
3146.442164913119,1617.494239175291
4981.421646720896,7390.8813155824855
1924.3795488395954,5114.889163591393
2943.1813123562165,2752.9062627278568
1779.8180211610181,1934.574633658891
7774.501113650417,130.9288927252461
7313.902625120566,2201.4839894200354
6265.831219814077,5033.9766174991
9314.704946356027,3605.5323703524423
8010.679236466669,5134.4477023082
2115.5369976614156,709.6433578730788
568.007143015643,6002.559922231459
3883.0689701008682,7917.456181560187
9183.084846898111,7332.63862769181
7298.828908705892,1586.2961219406336
8155.078324934148,3484.6844963984713
9219.045641258008,2925.071654223841
165.18983720114733,2014.3967338591772
532.6252715506419,1245.616434716582
3309.1336367334347,8898.139221496856
8436.710600288641,6561.729615675512
3273.8830434853207,5164.481030936518
4155.925990567986,1585.8261688103648
7550.164113779857,4419.812075089716
123.39446358521133,8993.142980013661
4945.85942681351,9983.31602284898
1946.1154268627756,7906.516028862943
5928.72283094401,4017.1782388827205
5618.541743167226,2040.7067919034948
5533.598682503447,3148.7952289731957
948.1942326630056,1105.7838405868724
1213.949747533376,4601.291460508716
7534.862718822921,5682.107212520415
4594.9848767535095,9149.089314447534
9380.604610359243,1268.3284740499766
9103.032552910312,118.06575032808352
7563.371713908998,9922.564469424955
5484.960544175712,5049.651523954831
3992.847710875731,1202.699712805805
4503.674978401878,9943.000827562435
8804.497932166296,3398.0323753238517
1876.5491987321848,4629.403080296569
7626.422039034405,2710.6032856802876
6751.192499603139,5716.672599027966
342.138652595414,1289.6601420116183
5079.673354537846,2845.694064728064
3995.8115076238487,2711.137949764124
1971.548606919532,4206.116468697958
9788.243406765085,270.64935746868747
3385.3458917355238,9864.736246461784
764.1585359943571,1360.0740744669126
9859.979963783599,811.851766920254
208.95464987278123,549.2570855770041
3606.135734553074,7561.340275475932
2783.4228496868695,3213.3065471100854
8753.77835815611,7631.078812356092
5038.249212646308,6722.13269397722
207.95567371582834,9180.011786076282
1323.784890791706,8481.806113671506
1315.8578511459007,8977.650355576852
8328.59215683441,2870.7414278027745
7660.660646343512,5209.9731170956
3226.7891562302807,1216.7101010702997
4536.198278415862,2470.2261310239937
2949.6224714506925,6303.522430631534
1862.0738619178235,9369.579480103226
1833.6622924707501,2647.0153188494774
9755.82783102675,7047.457905010945
9992.320754908356,2746.8675530041573
431.1790697214668,1520.5705937956016
7498.174963891261,771.9587678189555
3434.3935592256203,9012.062679960327
1823.3671478821245,8100.050849636389
3965.4222097248457,6891.025417453793
5098.624842983863,8932.427416339911
2946.5700880596723,8546.344846274133
2605.6702658330246,5148.293095284164
144.06449944629253,9296.336010755596
6003.591928126425,1217.780029775606
9776.824682198987,6691.739670344598
2612.8178302950764,2880.187057993641
1796.5070318623411,3197.372404570318
7420.367053459434,3077.8270466681847
6105.92338696435,9535.297914142811
9403.416758573068,714.5526475238917
4799.461607346657,8714.376781693958
4661.5524270196365,5945.693152818651
6426.739929058618,8071.786543672884
4855.299121442826,7171.204572854573
6633.360995087458,6181.106794175237
7362.77110383343,3398.252901278451
3291.4071722549534,3889.153263176779
1438.1764952175224,3051.7011960850928
1548.966646995491,2064.7934125086986
9384.394984387516,2965.369639505758
407.68243333062395,3848.7261810894834
6946.402294927631,4042.5786460794666
6810.095905386145,5637.151237771456
6669.265200984243,7091.338312808615
8208.318834351825,7349.096157688991
4554.160899633649,9023.466901494008
402.8039122313698,6943.364999784612
1099.5547300748553,6303.798734594806
6688.489359451344,2223.156173395823
6256.856421770614,3984.611973457891
8557.552239129433,4890.592371124622
522.0657936354456,1995.3097285717524
3445.9431470143854,8006.385980583347
4242.9925804149625,3392.1088012732293
315.56204793343977,5435.92684890207
7506.828360153033,1290.0355699060506
9658.36138666838,1386.0218935205614
4162.443881611112,1241.5793174093071
3316.8005689088154,9718.758117434985
6239.5234822588,4392.2354314683835
2184.312761433409,8184.094044097175
4991.947685799721,9928.433455142078
3527.921796679111,5962.243634214972
8223.114352585637,4154.870236268515
2479.0958598331845,7774.86607471967
5414.622175874335,3345.0095451850216
1988.0793747086689,3564.6736242253096
8391.071581677325,5802.941381085934
9300.355339645412,9878.547411664158
5909.009872267949,6156.980738083484
4010.478272290109,2557.1078608068897
836.2335094437467,2554.339159276109
4500.919064930543,5191.785934187875
34.47357207452817,6324.262025166084
2780.6741998928096,8703.457961698832
2486.3577154797067,7981.5980634928765
351.101761984306,9322.165224424787
1134.1877884161122,6659.569393026131
4087.4868569626656,2888.54017848175
4818.508255195851,5979.147456466676
4678.381891594635,590.5697527462994
7911.847549052992,9078.965579932392
2543.2207114306116,8498.629177081973
7913.005568340934,3324.742159477566
9692.085463203086,5746.71372593979
1801.9371696981846,7670.023767745424
9103.206263555727,1350.2356901082057
6112.421973459704,44.13718106563436
7180.737192191797,9969.998411861508
5772.288245808417,9364.94377428604
7038.099224726926,588.7110024733255
5167.564029941818,4609.795153253532
9967.207348897928,467.8334054710509
8074.20501895705,1410.6237652271436
8458.900475701306,4571.129565335405
540.3656663539791,9303.00853571167
5855.495481889497,3476.329996588211
5082.371076816664,7416.609758538389
2578.7271370229514,6949.685587233987
930.599819254393,6967.388120641268
3082.2816475922154,7518.6923964366515
7111.063509365335,956.4106756989188
6104.32729077136,3162.0539341037224
1705.478341156258,2663.2418737761363
1484.6143379985965,6030.35546592422
4766.155164133048,3029.0182487908446
6748.405542587053,6831.880467193486
1045.2377520506684,7298.574181704523
3696.2696201466947,9362.958227500496
7652.712343806836,7311.753732610678
2593.7100188063455,7014.983781126432
8565.30973728756,8818.132719580339
901.015416754195,3837.4674406069707
6805.73061133302,3373.1852413323104
914.8255184198317,3563.9128706889323
9284.287301125198,2118.8063977105467
2389.254129346565,4575.147239638155
9486.612934887622,5691.635131695978
4841.0441886415665,1503.243461645385
9916.236337407867,9209.726747003835
5208.124785916981,3084.877738285676
8889.755809427497,5933.819122598821
9667.969782943157,3166.765844809343
5618.234969182854,8731.587116455301
3903.791865624364,7405.116497726958
9263.687982732481,4624.041105806629
4305.153597922963,8167.176933541335
6144.569722259778,8807.727023983556
4365.4041226671525,8442.673357099357
299.33589050499586,2197.3937981749914
9445.036703757667,7035.9999870363945
2694.516637304597,4130.014143924775
8921.682936750616,9535.261638158614
9015.955779182386,3391.3641504859947
6105.407136134001,4166.456534124624
6590.624404651756,1144.696139107313
1602.321133079473,2208.306311417434
4203.502602461015,8640.175146142534
9339.93117583251,878.8609535525749
4928.457958081096,4502.272827855111
825.8832611333322,1853.1267002970553
8711.808153833135,3014.9050217028293
8066.015659522064,7894.073450776672
5487.319330458521,6737.7241530593155
1909.2808730700829,7560.039826835817
8861.220605701672,518.1558833440247
3375.0743291470753,1711.4274336740275
6646.990875323423,5586.568759743399
6476.375446309475,4558.367164325803
1033.1773328312245,2365.107222772871
2440.2452029811784,2081.7464679618092
8025.753093422092,3130.433843307964
3513.619293175091,3065.3611891286646
1342.9596882627536,4279.077220345326
2486.0657109311646,6278.376505890996
8011.070853965912,9481.307216274956
6921.778121238616,4307.845747852056
8217.00389359896,7057.703723852904
8051.471570878323,458.53743124408373
2353.765609565921,3931.57628644634
5400.286488029491,208.79058254952398
2413.281984237582,4375.60655142265
2255.6940564807605,9617.531054551184
9257.349882301207,8691.624908911981
3399.344618116638,1405.9670784771338
8573.06299145014,3812.723782354983
9879.172663418269,8993.561025082825
5595.253258986737,290.76992475877137
9329.047758308303,3874.104830050916
6901.097032596602,5134.017586843508
5565.506187828858,3943.182200119153
5550.398570964987,4828.773638382177
8889.424423944733,6281.409036862478
9128.140775223455,5841.3685354208865
2380.5312775931366,7138.5072989538985
9880.049410922291,3859.827961102963
5836.951352166604,8456.9673021883
8723.545077418876,3004.90775291107
7065.239150936092,371.39673008011465
1815.7577818462157,805.0760059255124
2659.7938895401217,3277.2606001311633
6632.790709573432,6281.792277456554
8116.892028418322,9789.377944004153
3698.041747160662,4885.844905734356
5156.078675838076,8720.81088167607
2088.3860937479694,9532.367488342397
9928.13145221726,2089.2839209507297
5813.589222712942,676.3687348250103
5164.963542421987,2052.608893841176
2473.7952946206974,522.6362853721233
8565.496229929706,9524.59127002234
1576.3351421529637,8115.856653338113
230.39615968968974,7879.477227962347
8263.938024864774,4332.061920440909
4099.749872118644,2028.0161980549606
6312.337974590219,8927.985820011027
9752.806786359672,3552.9645383534394
6406.4126223740395,7913.059431848801
7304.772478095004,4917.519263594895
7403.754207059915,9361.145491760704
5617.466529536097,5925.798128648125
7541.086236300024,1473.1765426138077
7111.796029345085,7912.630730427453
8926.656050457466,172.81601620832475
8870.47415325282,7880.3530721312345
9026.669968631018,1973.2620228326036
5580.717142768562,189.53145371215064
5827.560603529277,6010.080671997772
525.1202701757063,9217.665635990728
9385.044443303883,6014.042092389534
1787.5398758770011,3149.882501473422
4721.856325831306,8431.050990206755
850.5706637431731,1091.1283327666442
9781.05493245467,8850.777812618615
9474.514130760408,7578.8051609382965
9134.258329890497,6893.224946523452
6870.636327562659,8352.719795088628
9357.221183926853,7622.307108938024
7590.92781608855,6958.95725439485
5116.466045359135,4966.306623088565
9435.858174955425,3664.750739003182
805.1285524854967,3664.5215085359196
7619.147699848747,1630.0185225762543
7897.716283211914,6291.096254011036
8072.058305612386,6432.085635280708
9364.603066900134,4822.049408511469
9410.848309502151,4941.115705589285
5572.7238465291375,7659.602517556361
3659.708780807357,8031.699284564627
536.4371658818757,8031.8852329354295
8322.977563539867,2226.0945406850965
9718.89335668888,1482.8215784592746
7301.35263194938,3676.5365930436487
1798.3121674613521,954.8575753130928
1439.8234112943876,5467.170371888582
6473.9678748584465,8967.845079670855
9144.900729054483,8878.5997101708
4545.432770389136,3731.6832608765462
2919.46388268455,5130.931683443421
1956.797277342659,4129.8408590296485
4322.716705337158,4602.131580067145
9243.989683267437,9105.932620026446
2095.30504476122,5827.546041885838
123.19372678380014,9222.063748669732
8343.16992706538,6459.077975357211
6297.804237188291,3880.919552262874
9164.402679478291,5049.235167972883
9960.207204035894,7444.992503398312
8364.136561452437,8678.042864423285
9918.761077797562,9034.56657731228
186.13361989675226,5232.045948694062
308.1684994239686,6509.46005821904
8920.225974088282,8839.020912560189
4776.0427071487575,1970.958866868463
1003.4510418922893,2691.5515111538334
869.8201903841318,4636.585163558648
583.1837574683641,3035.0202060832476
4311.21590267253,445.211475667977
3006.574063986863,6320.784751587462
8645.90253589634,784.6315782149215
454.14200052001695,2842.6547122834377
6142.420198963613,9847.172796638186
7372.906318129127,5160.013951106832
6207.128105734856,6124.480389061007
148.5867578308364,3731.137369745522
3298.4032689982932,3412.0204902185137
9417.43555881832,619.3840516724114
55.008051546637795,6492.845769604204
4857.693098652495,7509.5699572522035
6778.000370163776,9822.261310024789
5102.173824059389,8870.593677130777
317.9398844670456,5538.876659045803
2407.0179653583655,6724.8211210146665
495.41011545165105,1948.712459477917
8620.807625048428,424.59948357843945
3836.2915901145657,3978.3812612904435
7102.255112385389,207.84119094721888
1668.3284053339953,3206.2717717306455
6922.545163567375,172.43882606559401
740.4628794516399,4188.660130833919
2719.5082551261285,1902.7400625218727
693.3859775704932,5564.18838177666
8880.442209831004,7770.424611019722
8859.02986364916,1307.9466092279335
2153.644150410676,1659.5801268228938
3297.52980714902,3754.318734240346
3692.83894403617,7017.7764205703315
7957.6378165224105,5211.140050763349
2253.055731599299,1387.9232723310242
5818.598817933467,3066.8870323917995
6565.561259275335,9926.624313901824
2845.443395895251,6374.232029357514
5026.468011754711,7249.832823634793
6653.98647479077,9996.152145035057
1351.2289309165726,5603.276182317315
6529.955625702128,9458.304126220071
565.0697842238006,2416.1225995668647
7581.921110880102,8436.21235574669
379.99795029785565,2176.696279873975
6745.400206329624,747.3672929409314
3992.214528547591,4045.103771797446
8224.251205315879,9485.088962107013
1978.4306632733494,9377.423428679005
6893.014104656308,7369.815623238642
372.8948032836288,1462.5560069370358
302.78475328246014,470.5368528439413
406.24415081200516,419.1577942022817
5264.577040365799,3137.1110805554813
1105.5867789673034,5525.757514283429
3687.608385851605,6113.544299798858
7901.895650182967,7167.917037331775
3501.2370680210834,7860.409013380329
7887.674654481195,8508.553690383118
5837.060989641845,231.90634507920916
8091.423241616437,7411.183358236464
8100.290405780589,5665.578836840198
1341.1138864134998,6577.576859797773
9869.383682540873,8713.437800494094
6781.096485537061,3850.5629973627765
3732.590511862104,3064.584545135757
2915.970307923876,5421.608760565969
7159.229965032911,8523.106232419435
7184.537024644578,6431.367281919792
3178.5172522784055,8599.407799492068
6570.286257290893,6265.34585642471
8101.282423338762,9361.598891101647
2844.711730412445,2685.8789014584427
1110.521687996202,74.39170599427447
6992.5214538101845,7067.563673739426
5149.225485826275,6442.495430651459
4540.594219762237,1424.107724625574
8092.570523292112,1489.5977196827248
5235.74328797312,817.7847952151485
9068.83253648645,7657.883052402722
8556.740605458033,7702.3810701023385
407.60312709064664,115.67733115030343
7394.093340709277,8807.956050633606
7257.26815219249,4158.353948498125
4449.48641746318,570.1923406469178
7435.557275317823,4862.658137589834
7750.111326386103,34.80692240900418
4018.307549574247,7249.134269676906
4084.129062181985,7880.019173328064
1197.0882076356104,7053.121746501808
2273.9799484487467,8338.310857108194
5641.0550691573535,5953.649348309316
5432.5782525282475,715.6595355970375
3800.2759324140634,9287.196401999892
3705.5329581589535,1631.05209310336
7114.305809260663,5178.243131290845
3937.821944987262,3354.2629669773805
1928.686934027779,1273.064652900715
4933.380170057936,905.7798498827141
4967.993164428312,2032.3157052306462
3436.812169654028,5781.019800977607
2628.6108622007564,8992.918744972058
2281.9689609524416,7226.87629528132
5252.520786772231,6652.6436792328805
2951.384492877266,87.05936023058692
2819.496037487299,5691.096960225805
179.4103825111637,8413.289371661143
9069.639129671288,328.13447688514907
8966.870664037042,9132.72010101178
8778.791514787192,9487.68477795096
5954.223609157299,232.99055715654382
7519.076264021439,8588.278392457394
7439.7716489137165,9821.19496019659
9891.279448129952,7751.052759303841
548.6462755915755,140.86141734598434
5526.286752068025,5651.458145208695
9328.66374691309,835.965588675932
2090.925009931751,3662.738702731836
7596.634034125669,9063.229457553387
1973.0867658651885,8770.73281499663
6591.0246236190915,122.56793188688442
2067.2551072527367,3552.0334819958766
9534.412678619477,5461.317286930091
2787.920670365095,7956.354069155455
3033.1545776673897,2081.473469814411
8229.724742198547,5094.822011082837
4242.05577639559,5835.660425295216
1699.1146449364835,1632.8493088203822
1143.1804978886416,3061.477821357359
984.8048189875747,4414.074024910025
6165.749475457895,3567.9626741459956
6174.152095088589,2403.604619197007
9075.744808719046,7961.824203912344
7186.063654000314,7670.781908065357
6805.457374345212,4112.388426735864
9059.387522291476,700.1079943155364
8753.507586686157,1480.6697989959473
9096.0681518245,8812.886278736989
5399.194292977445,215.97297462100596
6359.608623025517,1049.3321481439978
5569.014481107693,6546.4711941106125
5289.29348791016,9607.39764533835
6614.5601006727575,3132.8833674266766
1592.8520503529298,8791.282901545344
4162.917696234121,3308.8048915559743
5138.794344477936,3055.053414929306
3351.8422208342736,725.3125525561067
4649.948082107779,2369.513664583802
9247.046549041763,6826.656241370467
5018.885916852505,9593.840191735202
3462.1839479098994,2648.548286797063
391.13100922885224,9893.647720361465
2073.3147011047604,1695.529126602292
2337.9601916802308,3376.021317014738
9333.271913813145,7456.447336751387
2552.9771038826775,514.8001296974513
3473.11728611723,7643.014738017182
8569.133877507276,3073.481162519428
5444.503414383165,5068.889890692363
1662.7498945195496,6883.7435197480245
4242.7887860132705,157.46145792919663
7836.2021522105515,8961.57350299989
7825.115131790679,5906.700733484482
5848.249884003462,1206.363191344848
1969.8249884688923,7520.338969851288
5667.759546671156,5930.675518646496
7289.848098035547,1763.7929640980433
2694.2967717332067,5943.481764398125
4546.740563750647,2163.0671169422753
439.35340118499755,6737.60027421062
8086.494829436452,5269.338640903667
4454.215101535148,900.4773407195111
8053.1962647498585,7731.950232310075
94.1847914894034,7854.188508456168
9502.498970043878,7987.699307979256
671.8535747816479,2914.505178576121
5339.465510179158,8908.113675923307
8729.820041222061,863.1810468806756
3032.699994668495,9646.501006110697
4155.745074513317,6131.372244531467
2615.855513980627,8630.747414658823
3172.307773456916,586.6462417263774
9092.726451555156,2295.014631540897
242.0387124698853,7178.9075203989305
533.0078750695067,9295.806538545496
3305.0863590064205,7238.498044649132
5413.690257091111,5451.214442651398
9215.042235302628,3991.3537960805447
9782.271190115418,8032.551405957293
2740.014043231289,448.31511255746693
7212.99418742799,1155.2895409007392
4144.302496982748,1769.5883759083454
1531.0139942807089,8546.768536401372
6691.360699062726,5785.911386980127
966.7997064641976,3337.1497557372422
2366.2067936376243,848.8290776100738
9089.72404531456,8872.341240980986
2076.319264471965,5897.305426639205
4563.088250930435,4035.089722502836
4182.031061519534,7683.623821535337
798.5038989376003,6601.9617639302
654.1484657288498,5285.907391797919
7779.31212231823,1958.765056369085
6810.900862405287,9605.161386019732
142.14823610218752,6150.485388644778
523.6174380748627,2608.9992280266215
1418.9757095093003,7573.523864230894
7035.214120219439,3469.882628714822
4219.396900051231,6084.095360042939
238.94553229900862,7132.0944869417945
9654.330715514336,7776.665773647845
2835.6755584814996,8913.01344503018
707.7045920629288,3402.54499515937
4323.778944000391,4836.7715732862625
1220.8944654544207,7542.594073480966
1484.8138283446233,8282.118782298581
5183.01862923514,6978.919294603272
3631.958986124085,6747.409432391392
4981.574468248391,970.5884366568584
1658.324551713939,9630.463290519545
1344.0236439115326,6636.115323239394
6020.599952882242,863.8571638135118
5360.820085789231,8871.539706159809
8535.462131652263,9755.141266794997
6699.85917334275,5008.573295656836
2847.066826420348,3204.41658888035
4444.20396477138,8292.295778996502
2440.259484640639,280.620362130084
2251.051646303044,4551.579047724617
5109.812604745381,6235.738619600507
620.5763787817431,5234.897373632771
5252.326912655606,852.0714874370117
3021.7431974043207,3397.8810959047655
5303.0510421538775,4552.692577287462
3305.118161403261,9625.607954387331
6642.916392826871,5534.373645398759
7929.050727890712,8790.180945621649
8930.532407284234,3114.000532666611
1521.5572785212594,5595.588427729007
5686.444744765283,3911.8905819562888
8541.025836655519,4512.1148303155105
298.75241833526525,1563.393366686394
2178.3873943267695,1179.0080135334447
7128.452077544117,5360.844603657817
4733.846574320389,194.0511482327645
6674.299473438529,8713.583268453483
5279.728671383411,8770.026065318481
2383.217649570929,4736.126729224202
4541.992086487474,5394.858443530957
1147.3875916900745,1166.5701113869177
1279.282029581581,3666.944892566556
7584.4041419466175,7820.170032010577
8244.563381975084,3213.269559195635
9505.802152374408,8298.222726878072
4880.686170973942,5707.293068189328
6875.68580971689,8058.923148010296
7459.092499347056,444.1367531571927
1768.851790852841,3949.303977538894
8696.311555274355,7981.237995414195
9250.827793503511,9482.410434138545
5675.103018669673,4631.331705585978
960.3932103180235,6367.328751087207
4621.590221310369,4325.880693723058
3352.517387315824,4277.043926167181
8488.63641970737,7166.016369167487
1143.4362153874633,4646.682267314754
2825.651259529046,788.6002628627065
3289.9582280341156,4257.542943688124
1129.262527606949,5941.010825047991
4349.670923757182,8902.706717846784
1884.4162083662707,5213.40378342532
2277.631890695273,9570.388961354593
5784.9013457654955,5194.071724565679
9179.23229957253,9959.722574241834
3033.9818570478183,4234.514256872858
3289.6832966368374,825.686136503021
3010.1670899616206,7357.940958018321
1388.5082473387865,911.4506164589253
8835.874213459596,5300.595031331129
327.7674362321559,2972.3459277438137
8063.75488785766,955.3543761665528
2712.404708483148,3810.746445970241
7272.531203008227,4533.040469548791
1691.007420700309,7393.955051169681
5032.3731421379225,3338.9784446056383
2162.5338001924065,5153.088202213973
1701.732812297827,9082.519184634988
5017.841702676861,7814.260760208628
766.8760723565182,5008.213336761081
4244.215950060228,3826.5531766942527
1518.2953870691097,7819.092998411558
7895.523119639498,6054.140886624507
505.4498486118853,4032.4557522698947
2144.9139351967583,2833.8476584600457
3918.333233020579,3095.9901257184983
3589.0714676326497,641.1577835289339
1816.839550448861,5991.984064841519
5688.101965216333,9731.971166570886
3473.7585710131634,4631.200303362987
3108.779209601071,40.635989183317456
6227.095017513675,6912.6986525084185
856.6796350358696,1178.7336275818584
7248.3555402581205,3663.763161084701
6110.764280362858,4263.772451951137
6816.951358966011,3833.6977444096087
8710.18040305723,24.021635133546493
6856.21492004046,9378.416144084871
6942.648475049566,6676.99236418829
4771.343502510776,3495.1041146029593
7500.165990381172,3713.4031172543814
6399.351125145695,1951.7082990543843
7671.016337055826,4961.601227665474
4382.888313783588,506.52159212113304
5246.1526776219325,3212.974848057558
7926.516412221041,7940.207543519581
5768.634002945553,3121.4869247075126
9935.984757618142,5904.145501395309
8494.597558577514,3217.557522424888
9269.2419993717,4851.183444939355
4290.193126464019,615.7254064431028
5232.781931748517,8267.781013838312
8144.126130764089,3412.5514025396274
4135.901652974233,9456.813951490854
4091.1188859592107,6655.819482772093
3976.2513274948374,8807.977865737605
5314.311131297504,8793.174305767683
1819.7165781878778,6270.357429586374
7525.107365679687,5298.839668202042
2413.4039871819446,9793.338533371225
4860.769661119737,2873.211900842114
1496.5050875898012,5194.036380176482
2461.476255428536,6772.096334615247
5730.750084536113,7901.489607718067
3153.5674642404765,6861.78836263176
3387.4921356144296,9343.892206757648
7958.0906123008235,3763.873083489612
5756.90855774907,4093.4338444875893
8816.052259355314,9474.970310214794
8674.009460935842,5101.655013525064
3570.74604444232,4611.731016870452
4524.234943217505,2225.832126030085
4167.031350183983,5069.273336573079
9543.293828949696,3840.9279512653393
3489.1600177767145,7574.017876686473
9726.29063551133,7378.023029613641
2837.6093599065875,1396.5221772656532
6553.368142194627,9159.486369911452
9306.948461373968,5190.147123825759
8167.603443121737,9887.30301141128
6304.492493544402,1169.3290893814813
2732.912812443925,3151.218820942102
43.76845366863225,859.7820581247951
7136.532854629903,3199.043832499339
3488.6163987722416,5507.941234433653
2271.4680044924808,2660.378919348375
4837.55902902233,5311.09806208817
1475.7799768251557,2449.381969551175
8605.040365274976,6131.9021458772795
8073.498681336671,6785.106631348079
4852.814887074472,1770.0329465167563
1091.6928268879878,829.5011712126
9456.453907847472,5393.64012927188
872.3430672396292,8761.315909025408
6434.158376458719,1081.44265906295
6658.289797625798,2794.195844270052
2413.8673736081328,5320.64849190067
8723.315370895018,3316.3127918178347
4934.99637443882,4078.516456932513
9590.627383861512,3003.7053513257097
8406.45745241697,37.291159275593124
1196.8021701116738,754.685364679022
4891.769450201687,3666.095186182944
425.03502810601225,9677.960138854638
4465.714492245634,2130.014228451157
3486.052820439204,4035.673924693689
2736.7331639059034,8014.667320967066
523.438970019221,3220.436580315994
3262.53385454396,6186.84532061769
3589.462522677065,1727.272651059293
9551.673221368426,1881.5679159643184
6031.39965314448,9794.067317673238
5263.882102779469,6693.6992425423705
2046.3730040034268,2895.7663841694393
7640.723683543019,9540.375043677925
4475.9463604112,8639.746364495568
600.6713841382316,7011.284697401235
1502.9235688982922,1709.850291917756
8920.368160209484,3792.224154828694
5192.031997227834,6789.234619738705
9531.304455873456,1264.2769901086604
9790.217103118717,7974.79390590542
6785.433746008782,1628.3622156923084
3988.958370856902,3972.332624909273
8624.335436444413,6994.282896115298
6637.4949702526355,6573.794400702377
5770.620629874373,6898.468310344669
644.0391242279087,9006.072415066279
1503.096363266615,6955.765651016105
7975.66619288365,3625.6616108162298
9237.408069049074,4723.7796055880635
4618.925928439424,2294.8658659658126
1085.5023471104764,9842.286000470385
4049.297649742173,1267.5276861848795
7980.1384603154465,875.313720592138
1254.7241791001552,9451.049928678061
3624.534303212871,8645.201524853072
8170.769935078826,3183.9093480977763
4606.832161415414,1536.940870134683
3748.7372943349797,6701.304276395582
6501.492977803232,9381.558625540614
4368.40291773442,213.4731491194608
9620.527999916698,4173.189021937263
3345.381249936986,1706.7975601877683
831.307184420863,9964.112090523358
6934.385789902631,4456.654550288149
3933.2374911481847,472.0325281255988
256.2622713934859,3120.8734678312258
2579.196898735808,1694.4375024422131
4747.449391889077,6019.311473185538
1700.631270065277,951.4408271397446
7640.053088286724,5910.3118963300085
8905.928910192046,9311.465049532891
9360.911573032192,5313.022696947004
5147.8779458301415,1224.6874057354917
4178.372090287396,5749.4812806188265
2700.6381530525214,9792.321722742485
9724.238001806621,9277.39533465745
5062.187226896276,9821.996946595076
509.8757978594981,7474.11328408472
7776.751842354036,3995.4755467320624
681.1599954955173,5312.538909570149
9562.190930284432,7392.056037856663
8008.757572447075,3596.0518037555166
4386.436930831671,9822.174945239414
8712.948938888623,9429.150590099789
4679.939690275146,4431.457948076419
2655.2240313940547,1773.0414785947212
7852.842353971704,4324.91429829308
9653.85588484191,5290.465017766824
5966.752333764372,5258.258114036442
8864.462911584811,3743.4146999943428
1504.7934503199156,2138.479341719145
2328.3045270074745,8924.98351699821
6508.822142933854,1299.3790270662953
8078.148122505533,1718.5826010943172
7345.108346458363,6507.885576208618
5491.116809162654,392.1996974001552
5829.11018860723,5188.12805188865
8513.397406054499,6932.303929975679
9583.229188410021,7737.290650024666
338.6672986495787,887.9659316548716
2236.534386332405,2177.2002044088813
1812.3209577359444,2167.992307225298
5943.220465176744,5363.9226296513025
2734.1337107364584,7700.98026358165
6688.384112859516,6655.721627084025
7425.747662932065,5287.098812817943
6733.333718483195,9995.139645074245
6026.82211637554,3964.87559983134
2064.232292671867,1411.0958793825434
3636.696093628178,3230.00852336607
3646.4941274833227,5771.732200158478
9501.853566687574,6476.974330227337
5341.190947796078,5203.365970353005
2370.4313770680205,7841.956194515595
9204.241479432469,8563.414381418792
4062.535684237667,6311.0848411270235
1602.3097449025126,1025.7806643816625
6300.046686331087,6053.501884860923
9785.155729544795,7635.64231318482
4216.3455723744055,1335.34168786694
7734.337294607606,3576.258819749976
5169.850554381545,646.8967913127066
9786.112066819898,8292.859348661292
4973.93604586899,5555.906680666792
4189.474887092406,431.72547609760414
4620.147268580924,7834.112780743983
300.6038878333073,6159.030066390074
6194.120458418371,6291.819509513893
5502.437654764324,8493.008647889697
5178.993166413916,6593.670134543593
1132.0732862966022,1180.981454062432
6710.875432235045,6279.001323598154
294.30803184151586,8325.507491910032
4245.897833607603,4236.764347789672
9547.482844184526,7188.135036723587
5892.360871902959,3918.75529916439
4957.078449942416,276.9502739561358
4186.604734454046,7123.455405591966
9224.603545930344,3760.5701907680746
4227.696093896028,6949.399364711421
7095.674723371903,8703.045996598794
5528.374949724769,503.6375961678485
2975.3583475903442,7469.185560369592
3676.704228062464,9050.758173529312
4265.207592851408,7682.508975264989
3738.0702517823684,1772.4933952978095
3670.827670921071,3000.3884832739623
2369.5809651202394,4272.692367138158
1466.1287630637187,8151.783887354942
1954.8098579801376,1714.1563129472347
2017.6783136921895,1383.2138584267973
2570.1440933457607,1466.9045565161387
1525.9017973300404,6291.849897795026
1784.0881427677803,5921.916619114928
4206.619642660454,8379.128174592148
2402.307216921964,5329.893932365957
9340.145215362183,1324.3036751940551
7602.794747315435,6401.023565365548
4966.819279165562,6642.1376123649525
6011.309672358555,3092.229006055279
2172.5472676973413,1020.9869815648586
1061.490197573256,7413.728102189961
4466.785192104557,1962.486568483165
5615.098352837142,6789.158246604349
6772.2421984206185,9414.834345341716
7695.348486744018,2890.7596011956107
2548.8992125349396,5365.945323022139
3427.160224188358,3314.092497235487
3142.329481396621,5732.46423748683
4945.612166467039,1603.9323785510974
550.053291128736,4045.622829063885
3203.713233612019,5834.884951383577
2229.4970117066127,6799.760547934629
7650.920882649649,7826.702300965606
2056.0071991007057,4332.946546371808
6049.32796858154,1682.0998294473688
3152.093443884235,7843.597548713978
1167.8620685658336,6790.611524499906
7300.83476072753,5253.479544608192
5031.4144724235375,2191.9971565013143
438.08098594732667,3467.156011755811
3836.755254708144,7979.168467094062
4426.7481014892555,2686.2820263941144
912.8796899531766,565.2151148575913
3489.2203521581823,6562.1928292707025
3046.1494086763287,448.8509801036067
1152.0870540736094,5855.262433739321
36.758638663473285,6483.570139671522
266.25560868248965,5120.266008607768
7243.9528329681225,6042.107741155649
6988.261702221793,3433.2133884773552
848.491551003,3753.367851846735
1960.8365446509447,4008.28467751707
6193.518566160753,5998.920428664157
8.673229030320417,4004.8289590181575
2387.142018193965,2814.616124063681
8036.184465706278,3126.411054803905
9911.328481137853,8726.732373403622
7832.830943077316,9186.936625239401
8047.641844081559,9152.99235196434
492.01007289616297,5950.712640342437
3545.5578985980205,7343.599542671744
6254.903297252774,9843.157048185933
5891.496787612722,6512.171326750095
7978.366607571621,6090.562391193615
9716.84053665139,872.2865545443559
1529.2726892971298,9905.548459779147
4955.370782864067,5321.856690540455
2897.692612800781,2854.510512758701
2189.98611200372,5115.660074692018
2778.3170929683974,6864.738612494236
8883.057410436131,9095.67244557583
6321.201972501246,8232.713260966782
6989.574356335424,1405.8811677851124
2182.6898634599256,1355.0072486630183
3335.3652998157345,3243.7848329533904
9296.80939869416,5833.636744712379
3769.7662832132737,9387.774026478692
8321.239860175026,1861.8986672121696
8990.967117216955,2276.8915162348403
7553.561650228615,7471.9349805743195
298.37224342943335,157.47546303668258
5042.0163528605,8020.880557119284
7215.74205340128,1442.780571459088
6375.215141651055,7235.554222007326
2480.1681344559233,2082.8064084059097
7339.936103692082,2665.7441556539197
8510.45354082713,1299.6392378249689
190.83238152124983,5758.512960402653
9950.142813072101,7073.968176390956
66.98787599188849,8570.446851298515
8202.719340352416,2105.398842333235
2891.9423116051757,9276.303741321623
4421.315364712157,1433.7898604348431
1620.9460862643787,1640.2419093783726
828.313452121443,8200.053603172106
7323.311112506687,9906.78721256681
2737.793950003661,9347.58858402089
1428.0890244204436,1757.025141113342
8924.812616658024,5982.186552045857
1824.321480526937,2906.0833663444596
3033.5419493690106,8550.206398512604
6794.938053725909,4677.206966892242
3245.976158069217,4837.160244663515
3337.50170529143,929.84627373356
916.1338121965923,3746.949186673605
610.6259286507387,112.0504587760951
4251.5282800533605,5530.903959283861
3662.609569633157,8982.020712600492
8061.067940579633,4864.790663160812
3386.41238777741,7863.418295177537
7295.435006422023,3757.4701290254197
4852.315809825491,5445.857869451185
4570.23565696631,1200.189550206958
4770.414423890102,8415.841782897987
795.415069255997,2386.968419196056
8525.707009459567,1799.6324875523474
2098.927548907017,3013.6754812672652
5750.220354547807,8065.868484521722
884.945078345889,3563.7756556116706
4020.076503276886,9555.651513117413
2915.164752220484,1638.9351202171265
4951.62028266616,817.6260239279886
4202.256195464735,6161.600752662302
3122.2713174703345,2404.6200735429657
1085.0807934564177,151.848516901103
1542.3642599630205,3522.898114485595
2162.677443391614,16.764203406237634
9947.830982597932,9088.44260211333
4982.44451652591,5415.901025033242
4890.354030613623,551.5229659151178
9109.553319526725,3175.9407887434177
1662.1829472691306,9969.086369809798
2000.1511919614045,5806.9362389608805
5115.203259419602,59.5682455021973
7940.518706269182,9850.349545115105
6413.736751185992,2930.9547861231144
9505.985889590103,6132.539016359575
8562.822987868627,3313.8213456352582
4712.620542779204,1263.1196962808478
9629.974436218423,213.12222094503676
7170.4618068499485,1106.5327991895647
6271.073009447091,2866.1759681380186
1446.9965869068824,7310.726047332243
1918.8945828431592,4361.622649150071
1283.4752381173919,3138.3791541864657
4017.2758202673176,2539.0211634026437
6308.076327046496,1813.0331118193865
9354.984748672361,9195.455276334926
8085.1858615574165,3113.9761738081074
2985.2652598509744,1243.1424289630322
470.48996314072775,1857.23933112662
7803.322053783982,3259.827242692754
9588.445529139664,9640.804458614706
5933.192485238318,1525.739075309891
2736.2404295936735,3621.098614975279
3719.615528592731,4577.136901334059
1735.0583415530252,2121.890244915731
9146.656051728944,3848.442658343516
5334.5712227909335,8760.983335493824
2738.4609441971406,364.97181598269424
6469.256538492167,1791.3347372898736
6535.736834185948,3145.8186586520064
1833.1683875733984,6535.7437518876195
7915.296890757717,4446.449601744218
1513.5744771944649,797.8120366341335
7439.393249750535,8820.248909608383
6509.61960367397,6688.808245124802
7352.775636012223,107.92959044862438
8131.011730458607,5780.221047193509
4506.345514367369,2876.380279751779
4845.628777762777,8563.244863211552
2133.949518908913,2409.0115229906373
851.9659922052658,4792.130752262235
8794.597435487354,4471.914348293463
3784.281024821692,9013.632017076417
3771.899971593179,6125.250084668541
6282.5066430805855,9535.926282619124
4418.911964160796,3852.7365433637397
9095.684072273305,6496.68645232652
316.5777538694692,5188.362605758737
7115.433879166282,1925.1344791423141
1796.4319567594046,216.45115604870148
7360.3380965321785,8963.515022176201
5749.456602406747,3658.4960199408833
4647.885554759855,568.310182181475
5592.532693199494,5368.158452279754
3948.073725914828,7068.744114366179
9875.24786479946,3244.8292211279727
3725.7763873562776,8050.683557571868
7724.132941971966,5124.210505193687
2986.0613392925084,7881.254394170609
7361.804724800863,2720.651785968025
8232.848480857934,4268.569622152214
6726.980829115015,6032.091045636619
3538.7558128169717,6065.437841510042
3952.871879069274,8612.48591345889
5393.353220762953,5674.027305772768
5256.625405422786,492.4450260561442
910.9218386091623,2006.2126042150285
8272.287181329182,759.2037271314477
4426.864899440228,274.42996061347924
1703.943680003379,9333.859399888883
7863.194802341067,205.5439015399485
6633.604318071769,9120.315107466802
3346.3183393043028,3459.3918344116723
9302.574613619008,4268.832443461297
5396.407177887533,5889.7052838640475
4871.99372952704,8632.988270419204
7043.915266742809,5229.237217926365
5846.738370237316,1762.6663374693885
1199.0356844487403,2354.947474262948
3814.63029784915,4017.6781439060483
2010.9705348898965,2897.6020101619006
6011.334566196807,3640.6330610425907
3866.954111272811,3685.9404218011437
5650.15715889934,4438.441602076677
7528.521552306773,1006.6021008238802
8521.383339890872,2656.0022807769246
1628.046299675987,2016.1962251179143
683.2612593249477,7824.967619184991
3041.1666501580257,1166.6525167154862
3247.517077236097,180.55645916257856
1851.753059022705,1342.0483711424702
1700.698021902064,1041.2884485334528
5379.0089867696515,7208.184565264069
3790.9855764350796,4529.484784637891
4646.962589576808,3832.8843986081706
1461.1903145123517,1526.4432386153326
244.36198533184682,3730.8796151966462
8091.2879653410555,5306.933978974375
1089.993589217757,431.30267177321156
2835.282790674898,4865.567592248523
4609.459130298651,6280.482436067251
45.40287113443786,9853.400213506955
4809.310933451655,711.6060578182626
8927.45484911285,5019.068295413842
3676.5536438926406,462.19070344740044
8765.333368911894,9570.841004665393
9725.483806091459,6650.978043171527
2789.761617188676,2889.091932136313
2954.7351620584172,7581.959381661269
7309.468500084036,4895.274732191275
5235.030486200042,3775.7842781684503
150.95000016488558,3311.3512967806037
3513.8489960232655,6526.902146729822
8057.944627419449,2049.0165033719986
9732.847315006211,1452.7821287741583
6825.849793035646,5916.249677363075
1456.238819599055,2921.5344119652787
6732.916629120732,2323.984285878292
2978.632541322348,4388.854944682479
2146.0160242844972,6851.7369287195
3599.824217888955,7904.845969198636
5718.708338829941,3918.938607737198
628.4210321508322,7391.5740655524105
8751.443162608053,4271.015635853727
1906.36631567489,3073.4625628085755
1976.4185303777758,57.6891849001282
4977.560359957262,4298.33253007717
7732.193492267634,9513.316643405682
4377.245226846446,9033.625466272797
710.3966898496905,5213.53981272046
7512.750531252314,1736.135696928407
8370.272596524575,6147.354752723118
1058.0891517849877,896.723399797421
3836.943560626789,2828.6096305515953
5125.552289468592,1472.4781216729143
3771.461455652857,6281.424151890164
2658.365105555981,711.9145701179252
8009.150353242602,2653.0289025794373
9623.574036671898,5744.981869077142
4885.847733710832,2595.9626005600044
6053.170669267834,6927.547379469402
45.011862660124805,7630.738392734369
8922.528813452589,6223.621027625651
4146.8065607620865,2819.176205460536
1324.0579559854636,6324.840740314433
6556.2644262749245,4622.887311765812
275.5943849001019,1402.6789560441478
3789.243638055961,2557.8164332039355
5676.654547520427,3066.6084175036967
9005.641263836213,628.8415097365041
623.786796577751,877.6058753643046
8962.874892025844,3598.413314857868
9376.513038232184,5896.914015860889
3828.856988673195,7354.043250925457
8775.067634383568,8307.057306332843
5353.218543279477,1088.6667887171598
7996.044153470818,6166.546389851895
1162.1414926276595,1181.9517850613115
9892.987094544518,2284.9628190828653
2081.9513053048577,4495.4639669816725
6314.969747427386,3613.9695547621886
1092.053358985563,8990.10298288273
2413.993400278773,6567.214478603148
6569.123603831593,3406.417500107618
8421.86710874841,487.81036222466213
8982.191654753846,411.57475093517525
2586.8323660141514,879.9414817294238
6647.870924399579,361.27498109246534
9129.879626140171,4787.64549627159
1209.1114018678961,6116.266841516097
6715.089545848489,2161.6336668479616
68.93706819260493,4257.864418877159
2816.195645449311,1369.8921875544124
9088.182160277185,658.2718537119758
9472.1701515418,4887.745309465869
6697.347684212863,165.1418284954864
5480.824785217998,859.7459392852602
555.6698374770685,2926.66199147116
7991.923866350606,1553.3014705008263
4265.536378425098,3609.5685519733056
8669.094115383026,6226.562726654249
2388.1753417886453,6769.182667621195
1103.209122790849,5548.990106156725
2031.7025618054886,8535.010542021548
8909.605885014711,4197.460561597438
3903.916785608467,1706.844613165418
1064.0736257668138,9050.342213481112
5779.91169431405,3545.5684326376113
289.5665201645492,1934.5463266565698
6820.882449410381,5836.986613259587
6972.516402771042,7418.294258407236
418.2856388651013,4230.524489250222
7502.646547223993,1111.640792700721
2127.615870580949,6812.4440356567775
7365.630589556323,2033.874572040054
4950.6053912383295,1731.5242747083194
357.8434644743866,1748.2240996169828
5776.766376781367,6513.165578258751
7274.865010218417,9706.822081899896
1113.624059206021,7770.7323547384985
4073.99560068636,9214.799670006678
8493.723757076003,3443.1868953796875
8562.5081931898,6529.999998664646
4281.541048254425,1650.4072982591667
2237.410516435413,745.6738435734245
9630.128385612583,3076.788148689943
6474.298194447727,495.37902893475814
4404.711726140269,1155.0016324422475
8174.432407385107,5888.767312167518
5427.793074604442,9115.386161274684
2956.32386387747,3221.5572828909135
5687.173370522153,7241.931929842938
5928.529180785758,150.39333623760754
2914.201388889439,21.57186117694776
9722.773040272032,4893.065297474784
2054.4868585766685,8688.101421580539
2644.8780391061623,1287.6966114639044
2015.6757489118027,1057.5010489669535
6043.3273004915245,9226.649296124691
9024.739188799811,2920.297145356914
9209.838133001826,266.68404256566913
8720.981524586956,9991.921883321571
1056.004680819893,5418.746584848636
2149.149941642832,1937.3757251443735
9841.563046621442,8790.85653641767
9308.427122685767,8980.862031524788
9076.755021845587,3296.487812658977
2056.5312482970367,5534.210253486155
464.4377269351163,3164.226358661879
528.040909427705,3807.023182547177
7402.7602094802205,4524.211104810794
6006.193092970571,8485.77726974024
6659.560888397132,5630.908416279663
6656.384788100236,9114.307392650457
657.4886853316153,1144.6678891016338
7291.478266415703,9801.474895385027
9535.159136278793,6170.5142587943665
7227.907217101431,6326.769006798846
9903.210639885952,4716.643519910848
6750.452630698674,7179.828286886448
9398.091574830134,4094.5535765921404
1943.9978898847544,5582.802635028154
3192.7803631981965,4657.907116672763
5522.756736014572,3228.3762633568613
3728.9147794439828,2444.8203794376423
2782.172871628991,7390.205360817119
633.830366590069,9978.960458280915
700.3277668748198,1121.8172784281232
7140.839252510638,4527.295598693501
5092.505689493152,1135.485030978066
9405.350342003616,7483.383911805021
32.54082396560776,5061.26206925301
4090.7524088515656,1998.0536076421163
6671.710214719463,6130.550253157196
6358.706782947379,5786.397150435636
7081.912449435258,230.61222573618866
8892.369485270452,9123.268377194232
2813.304110068048,809.0060698550461
1491.2139544376969,7051.745997073286
3845.989196515042,2571.55954795131
5841.03628844357,7257.616578654611
6902.840029829519,1898.7224030510397
640.6812848093002,5858.520671337168
8651.838000231315,1620.2803687011324
5228.734215098878,4690.726863973477
1064.9628769969233,7071.704366589523
4502.3012297095365,3113.7713887524365
394.8745693046962,37.374054596458485
5003.143316457807,4779.323515728491
5106.84783054465,2970.1572283638898
1032.2850869128386,6088.115867140133
8676.895870580174,4602.312284170002
5250.351929111932,2766.540605276043
7790.045473512817,3824.093838636484
3441.0758576262,1046.4958005487167
5679.87663421279,5033.822691869078
7123.8883105379455,9232.51493127516
800.926737757619,6956.697039548858
2905.250352151126,4961.351838044242
5943.138202853742,1832.8782912445129
3840.605388063839,9905.475578244515
5646.2009636481025,5605.213261997004
9348.866274249507,7721.808687552269
9332.699140217928,8951.787390898733
5236.274311273189,3469.963024701913
7690.365707067065,1896.0169662104465
4674.650210224537,4055.1703482242942
5379.658825555323,266.16714518238996
2108.610748765527,8577.631159645802
4879.658906472113,1157.7681746953117
8891.430998191581,7459.459024912085
3254.0074344119994,751.4123539675277
1469.7723682474495,4358.706444785847
384.8335772312905,8996.99170684502
2382.614519261579,5680.43786842535
619.2851741859317,9720.25878046041
1886.2156573496547,3318.7520466460774
5696.374852569667,135.78355056664049
3523.634499873247,4600.534698231876
1850.2825968219383,9275.67167834463
3969.608443958246,1711.3204567027697
3244.2831034279006,4174.593070502911
4867.042891429598,6135.938398400686
7938.223140068912,5246.121992031075
6377.889490929347,5085.104561819519
1867.0530031983978,4663.909126927237
9210.960746840849,85.15541446264874
2318.9681589810552,7502.700732075215
893.1147201195355,2225.389425661294
4179.548815134008,3368.614091767783
1838.5702171005546,3066.2173022981474
8065.202174468104,1084.6634377060204
7028.997442543653,2023.9801661438694
3221.2949988998384,5740.942986222893
2108.4782517906033,5437.893509160067
3673.943561827905,3553.586045240804
4130.352913982024,2699.6927979173356
2691.5043291659313,1906.0935507418408
102.72033264862368,8531.624881550573
1126.611738134936,9472.571863012394
7730.405965896134,2316.346958645872
4669.003466189649,1314.2623358830951
5633.662216129664,5961.099520361467
4162.500868442262,6698.02349685574
9311.890867072352,1766.9326499485417
2829.828125875542,7849.270828830943
8017.021711310478,754.430004355564
6762.756561953462,9268.630719024037
8266.5672469523,9489.647084122134
9322.727627924034,5292.781266358912
5214.096184574829,4788.881850627907
5417.520961921608,6034.646528341862
7234.720104524586,7462.872709862783
5424.153974046883,9649.129776393896
119.31346369200901,165.79801602059962
2137.5595206865814,1809.8829375905002
4162.483508125142,3862.032930892335
7829.843529932818,9276.554123181397
1981.7805617140461,5968.3888608234665
8676.930056001262,2450.069232953075
1261.437097844451,740.8698091722931
5378.61003252597,2831.192098503833
1580.6823156076412,8348.759765043786
7640.222266722507,2943.902427652996
5502.8463463782555,3018.0992290131726
9359.151613552389,8650.139176959905
6339.396125702508,292.42496856740405
1142.5833521414963,4948.582914206152
7601.071333713535,242.3719154070314
6557.518039070394,5617.67775373394
979.0332211428043,8410.041795345254
4525.248791850447,582.5017360557905
2833.6078649183173,3774.068118543259
6684.088753421782,3992.633051465281
980.9683816253245,9692.206655527303
281.60939109538987,5712.477236788055
9479.55782142547,7470.854841963666
3156.9614173199743,8027.756351345939
7567.214715748128,7675.264394301647
7870.108176354073,9772.567119669287
8020.682925533046,3663.8904315360387
372.1327417942166,5151.7401056308445
8793.239955751113,9754.203338596159
6695.792448918179,1380.8489497731414
3193.7160446508083,3200.5667196161126
23.298104664111197,8998.257217042583
8678.775121451412,9164.258632532326
662.2921566303775,9996.961960879353
5443.408321155228,7644.464356617873
5083.691412565525,3189.8962741185223
9044.543754142607,8517.255815496892
6403.213172446814,1817.5688716093318
660.0069740817748,7435.259097242913
4653.615023130865,5237.306455104927
1992.791518829583,349.0918709408331
2262.517395860684,7611.449090999275
5354.629999570062,5944.800066172185
4183.142255043537,8237.531294350796
3223.4723297389924,9830.842649152793
3883.822908596183,5739.142881930213
7918.503434576855,9763.909451604804
9297.75349769693,8872.531863368735
1631.950117650488,1651.7753889386734
7382.994344767094,5561.462462301708
7935.710273525429,5321.87789908578
8504.725071703315,6139.941268373038
3438.491636693173,4861.4555415526165
4040.303073299486,1639.272982477884
4858.925780688309,7252.599486348873
1600.889028021908,5152.743058755707
5539.614586834327,5103.03743956397
3036.4537948352045,8251.612491374024
2378.441404539826,5418.6766532247975
6518.960800176374,2630.7305518111234
1139.6546240773498,9491.03990469785
8233.7104711536,1822.6799365074487
6050.806078211419,7503.21558792565
2354.201195603994,8634.988717986158
5620.457065829507,1799.9907469855402
6521.717640811098,119.11124078494151
9888.936007557846,9773.090827110407
4887.274615620438,6328.131132651665
5234.9518065805005,6099.113670157213
3059.5708056383064,238.82947410197585
1659.3682847881685,916.9972526122683
6519.999549214267,8405.544079295507
3808.0677424495134,7036.172347334248
6079.470658430669,9369.406335441521
4295.2576993417415,7219.8376330352285
7146.519988157759,2209.350649452244
1173.47348505751,4023.1904589431165
1646.0930038008291,7271.040060323254
2723.9140095416815,4957.816526266308
9539.476581203533,7126.2167835667515
3395.03732765008,6942.359284295902
153.03772008562478,3695.7723073359593
2026.6652570133492,5390.655831554559
1973.5522071497446,109.92668573630793
160.6127674092128,2162.612429491171
2315.7306371917684,8935.660639986143
7244.609165348532,1746.382120400235
5964.6642422195255,7541.934349483479
9561.142451849182,4577.583174028617
8316.018505209599,8442.562982980824
1821.0692336989575,8258.452020370092
6937.583146571595,9190.239577085138
4287.852053902008,6322.074256716685
7838.0635963312925,6549.388041532627
3330.9126950166533,6347.902734589675
9730.045615649924,7046.168898666654
5916.41373211909,6557.860011721631
3488.479350409922,3269.099529523295
9447.855895324923,914.7196638388244
6400.285225538019,8117.841348441463
5445.943564933611,7198.153757458862
7338.749681885669,6744.516572907688
1796.143012342112,2995.037621973601
4468.070233816245,982.093699274147
1410.4312150996022,4675.4795200537765
4657.217421390666,6237.112304154385
4952.299112810498,7572.492810782128
7947.098619244446,6796.563213843961
2666.2496969074323,6935.691194341565
7261.341446374669,8671.042620595414
3103.9170826875215,5110.023654051314
8957.3166339941,1204.4028346499435
7553.972544246751,4575.010369722338
7945.30663546369,8356.382536723362
8769.971668409202,503.15399474128776
1385.4816192445785,7751.331267029461
1676.5107559660175,4167.825189470607
8984.051975094755,253.20518841996486
6497.710672215287,2710.7634499046994
4907.052836364948,9719.414958368418
6420.882993513963,4145.0945172956335
3093.5886387061064,9368.180729550137
4705.717448912437,3475.4469852572824
3507.923515531959,3803.9818005256143
5556.431777724749,3024.6177149963337
2998.041528246853,5644.757736452028
3197.524967057713,4353.273145415286
3346.5897482937344,7338.5389345530775
3517.3077300971213,725.2873139243443
389.9773191108058,4900.808299500558
971.4150261514886,2818.4727647383925
1305.3157150367222,9103.209171676297
3288.319486229433,55.34140930897102
2289.447245216669,4203.54468702369
538.3403032957445,9642.69081012632
294.98898998126964,9304.57763430235
9578.913296873166,1658.6141984862745
9691.99731075246,8252.948845177665
118.86445103710174,8935.998458859476
4994.8677124007,6712.355440335582
5949.483782509664,2401.347944504697
5092.317979293533,4924.696658514841
7901.935836000836,9095.472347142157
3283.2670175764556,5180.169149624775
2106.9619266451245,4186.702128210105
1559.7384313243933,1985.3958782041282
1433.6946018422636,4552.253597118482
4214.342331597173,3290.296064941579
2707.1450582148136,9038.309676515675
3473.9824365061622,2264.3533786706716
4649.1721470404555,5394.211735046362
1643.0709324096915,9723.122921619333
4305.794353607315,4607.374504654121
750.6532245236963,6595.163112078022
4664.728162890398,2420.0012398211225
6332.937124531064,8749.098775679022
8624.75468769893,5029.651775036557
5352.42343994442,9945.596815614566
9438.434824383441,5983.509063386855
2966.490796286082,7758.076058634749
8348.9801072213,6207.131628347011
7777.049851707215,931.9489867894059
5922.654158960151,1298.7740231874668
1290.841365765919,7015.519705212495
5432.497452348004,8856.95099308089
9603.919927435702,6529.708513027032
735.9657737583814,421.10639222070034
2667.0843346043685,2869.784088996594
2202.6911727075817,3124.44338461796
4099.869600064722,7196.43628537125
4636.935827679447,3338.9402201572216
4845.458148647316,1542.8293619875478
1150.303468653605,8495.025066715622
8381.691307743216,4859.822706359739
4796.246146243828,2432.2136216105328
4955.586408320712,3805.5858789461827
7765.136082617412,6732.975575416136
7153.9385843360105,779.1137937218496
3359.9986319744235,7817.728194506439
5981.094671916048,7109.112786367763
3992.1771835465815,9085.6747551837
656.9242299177503,7012.896129929017
3192.956614338661,9416.727664497708
5582.19698982411,6993.305666853114
8461.140990604197,2975.452409421957
5007.5337641056185,5927.643190538832
2565.717316009335,7750.081680143198
6377.745745387723,483.10456963983506
4103.897617986104,9225.78718837615
3505.5947550765422,1701.4871965005175
4807.851038215786,5269.959298679538
3818.829496912103,4239.950301502917
4065.8091932747875,4025.6643263930046
1657.276036160642,984.0218341877837
3605.056588310158,7254.403557936522
8844.717688410734,1552.2158413233878
7327.912652322599,1411.6333082314347
5643.811783428918,3652.09057253994
5593.467839327898,1839.3714238757598
568.6139603785356,1804.4041006285306
748.5947270440386,8384.70570042306
8633.676125829024,9804.128868614875
2648.7072670763137,2690.289707460307
375.12312471189244,6055.3406919085155
4196.870430109107,4845.034838021895
6505.593149978156,5459.8678747402455
9261.50272139803,7141.292849464988
8192.116409264258,6941.0386373058955
5593.879340258961,7335.671914925426
1659.7001123458922,1410.8845031044393
2641.8907389524284,7443.194257779818
5271.610668173737,9704.433219875307
8504.541679235885,872.2068828383123
9141.094728054244,7592.500885845774
2159.6674407015457,4052.200991370767
4520.216861006471,7117.383015467897
4137.927402465151,3440.158586109904
5278.198709950757,8274.711218178907
3807.7957417453713,5677.68003867712
4364.319276992626,9143.381309812583
9554.174052582019,5043.70047897117
5180.943977048673,5719.557705039447
2587.938576513421,3395.294092387531
1220.2590734330897,1354.251864023337
2550.6042431035826,3017.2893748342744
8516.48925167192,363.0713700608379
9058.619414286888,9850.729606600116
5671.969258213262,3917.734697505878
3952.0266596994857,7816.679716937969
2705.13604614821,2599.1605584260415
6547.4671492952475,1955.7469590419096
4352.216316181256,7634.6531898292415
6353.849356954435,2313.928515114043
1385.2498525743683,1204.9395578861931
4349.058016997535,1769.5272709160215
9563.045094994266,3350.857391444774
8516.069430511803,5993.318847925348
6538.415801672714,2727.6867441641493
6667.653862619235,9246.162090754866
5033.76847253119,6136.3643509493895
625.7545082913118,8820.462928872728
4919.662987855371,2066.386927009349
2875.4336958011495,5012.065198156496
5537.075718194422,3589.4351641682565
6577.969012587491,3992.9664351107062
6233.316765049479,3775.8802886170174
349.2279188138892,7117.63594231649
5300.007774343813,8885.52435231255
8366.73810893607,6377.412679234132
2486.376441955285,6711.760601809723
1910.8479920477628,316.468729863999
8619.111860041587,9510.13824601439
5662.087882363953,9218.66063801939
8882.607279107558,1509.0859911179177
2234.323213824332,3996.619450568715
1091.9017845998126,6628.610695276626
7583.068467684959,117.03560317313233
4775.108827085282,8520.454895140225
8946.394553382634,6948.744126363319
9342.35780460681,9514.320894869063
9006.685411340852,6267.5667531440995
2614.5854623155183,7132.348609320163
7770.972090972365,7115.194443030641
8284.259480543682,9308.759322682126
4664.18228145305,9640.820063425299
7145.615083002425,6942.641063317919
7609.829616737707,8732.766461564
6080.78865735035,6919.525240093113
8942.047447257966,8740.884232682898
6846.242738430107,4694.7564927029125
6674.814700457732,8204.191343653274
9650.812833105874,1107.5691510935326
2211.2665249255992,9898.965308336528
657.4449301478224,2441.019447534172
6002.259240650423,5015.617192438626
1316.5048687417325,5921.034919764383
2700.22269114482,2138.646272316871
6132.867400213032,5009.551028557273
9062.678072045033,2403.0414813608504
8186.031236923519,1465.3618111485732
4556.083744393812,5119.850040579953
4927.696379898549,5415.902984484636
1660.7358812599282,6984.39623620399
7491.714553883042,7253.711175666995
6625.987927037881,270.03335828285844
6781.736104992211,6436.636781779185
988.1347072252422,3647.8173317396977
2687.760935526,8914.108627829984
2722.300573921976,7116.388460242468
9430.889969194017,3746.360220056415
8383.776424055444,5188.002139213084
4165.954439599756,8811.954438185516
570.3076491806603,2746.3213693044017
2658.2795108739833,5946.272701860157
4350.580115579815,4983.320430873965
8231.230934045683,1416.0882565075317
2301.809954368136,8095.814524931747
2496.887300386369,9021.409763860966
5533.629574438276,9566.378925220628
4130.223675942857,711.5970083737533
8408.930775285718,2901.035377636806
3909.216457428719,5511.284459679689
4760.016066437874,844.3479664937859
5847.008720815192,8699.399866611135
5834.973635713396,4744.580329121914
1531.66658792261,7757.193779389499
6320.897343154785,7702.149041887899
433.1471717379887,6929.9088710676215
5016.172000813617,1815.065688035874
8827.115000107704,5202.1490475515875
1747.5402833445098,2414.7308438112136
5668.598369264003,4077.981051530505
9062.584011017185,1602.2715989777626
7824.053510348324,1562.1321156355727
18.350212691282675,6811.452243261925
8796.096658775972,4884.159893995113
2464.4931740480524,7058.952198010211
7571.6577104006155,9413.565345909763
9610.711209693794,1622.8272960215995
3410.033657149305,4319.200735166561
6473.448312028892,6971.367093959309
5217.603898522701,786.1356106821648
2625.323590811686,4328.108268243508
1348.751489253498,1568.2984713583314
3247.2743518129687,8818.308188292734
8707.73250474155,2245.711597150315
9862.828422166867,5737.514977605342
6442.495538806552,6603.487639388305
5615.304037108599,1247.7918352911354
7392.1262825697795,5626.000619113141
9408.685234607621,9610.30068000845
6938.502903212734,7434.753235104783
627.3625164571439,7945.192817679075
302.8455927577467,1485.9820001147496
5028.7474014505,2797.6703375456445
8831.47975770746,7049.801151404587
81.17328343945852,530.1890135597221
6478.747399542149,4419.635732983039
542.0436604325818,9053.44995669204
1527.9264486195243,8568.075206507878
5687.812792741212,1052.9476041000273
8477.247994825631,301.917751354982
5837.905461760808,7028.115059413218
1775.9651832427892,9360.892722314109
3760.8880313190816,7629.709729569187
4879.891384035677,4812.647793108924
5325.317961588245,4700.432872458
7916.671555271433,7807.750465155695
1754.0260391499507,7313.118288701296
6872.67285554062,9593.09555434665
1255.2540529982425,970.4806142668787
244.1994957023219,3186.605271874138
6211.624109062744,9550.838170324994
9844.296621557867,2614.3022361492895
9090.225686573787,8464.48818561155
756.3667193525059,7027.697892299522
6314.9976718136,5920.1247513886465
9092.300483600871,5562.688401137577
4162.048307550228,9271.283116697898
1967.7869272613502,8424.696533027138
3152.1822084258865,7142.488321397711
6933.0943614272655,1841.0432326141502
3.1118319702427844,915.6047524378752
2192.8131178840804,3611.3071361873426
1852.875281899321,289.7216584509588
5120.086962337052,2898.078996357736
9187.18350104898,2828.375765580493
9447.719346216245,1699.7894390689582
5246.428724429359,4303.431907937441
7865.5620351347125,3209.9222894183144
4725.432629224202,1592.2149314333035
8976.530362613925,3004.7104553777936
9577.160093322995,5088.83196849716
5953.64625470168,2549.4503111596277
367.04955886243783,6628.172439165708
686.4055934971947,3266.540029024839
9737.108830406318,3684.70912667616
7168.161166047367,7182.922104659418
14.747468642822836,8086.959611133226
1277.5509160439392,9905.663048545211
3213.1306954353777,5879.185955060822
6825.037568503493,4782.334971366492
679.0606328493942,1704.5562522578816
2516.719254346027,7491.004672073484
839.896456366297,1903.6395323232414
1883.4812213308937,3875.7393575365395
9223.180629528882,1961.5222692418465
4826.252011299087,8478.580063179676
2146.914362393194,3927.3661309781114
9489.603860167497,7057.93491913127
4978.075685141103,3809.66806056935
2015.9250318565291,6685.68615010466
2692.432445713423,2002.3141704214265
8753.851017478537,1884.5139722770377
9772.364089204426,9282.695084827172
9223.22256425745,2182.266885827572
2163.371411526165,7755.261726198085
9618.476787950047,33.384884554851226
497.729046339781,8375.82026876786
9753.724012648563,2998.601142697863
9785.165784819881,2629.7783830521116
3275.212513313418,4440.873727232757
9576.031844402278,1350.4941350880651
9879.201441539453,2557.708619164014
4997.033649534619,5761.157272155747
9726.727417049207,9145.723600131734
1071.760495630536,8065.814195760611
9888.789091780929,6376.169238046374
6839.072014294636,5751.114514600191
8071.793258561412,2857.527883841483
7261.3381156074365,9254.11852957397
3892.9511488377875,1309.57105254648
7163.7102498078075,2976.705812060314
4011.3889639400204,9364.734977210763
3687.2773050956753,7744.887358480265
7495.017073880471,5670.418870291068
2991.6694680975866,5304.564880483241
7693.472080717824,765.9051321802846
9984.635514520336,8039.413251894852
8713.521908928133,6360.526871774338
1247.118075046063,6489.388011317795
5034.010878864968,4201.686195145894
8309.97741810498,7198.986631411807
6372.887787836717,1641.1779596837039
4094.863213678738,6892.714779334857
6634.281589432548,4197.789892392293
8153.22861014203,3666.071996717599
6369.831548351908,5995.529419577021
6450.2452488336785,4335.457775082746
1005.4786266605254,2716.02990564646
6770.233319330706,7905.675483937981
1705.8436011923804,3482.159278745639
4623.723325112741,3793.3520565504296
9384.445858082328,7690.911401210956
3548.390703800479,2168.210176574824
7336.8906060377585,3800.5543834637756
644.3915811930923,5868.6149164871495
44.25359109839655,830.0143263103099
5181.437036686642,8261.39575804084
6663.407582269489,1464.7028428212284
6467.10306514726,5702.481850455951
2695.0684380482157,2491.847155695337
8395.298830632206,4532.947046718436
7875.922993618362,9700.281187495866
6862.647188761844,3168.293893115761
7203.951828838193,9047.184968400365
4057.732550644375,9706.50947252606
4871.5853879179385,2163.420090539564
6507.202149883747,7988.43333887789
8913.701766019625,3862.700598440394
2653.57601962007,7055.611223997736
5837.48621579667,706.9265516381263
4861.307696528921,8649.649958547845
4482.85049018119,1744.833289943306
3520.2418751338305,3465.584010157474
8031.729481870503,4906.803604834819
9352.130412284401,5202.0004308822745
2546.256505560145,9639.10444381403
7925.533009523444,8909.610973951068
3158.6657764159086,2092.7488876105594
7285.809900949411,7441.613927159011
6229.6795223110375,6151.701682422223
7362.955053293665,244.16082704479925
5442.477261261574,3084.597436161924
2028.9517698956226,4083.327029950369
9324.47776305011,1687.0136814404425
1517.7161174539567,2308.4222111403783
8791.345761205499,6961.7079214723735
7021.082367195049,3780.9239119536196
2651.8331595881805,8747.952939444214
962.0511334318538,4817.440697003103
7039.7584370712575,7275.548210783089
2241.966502586268,6619.1701656275345
3250.477966533889,8356.01152654303
7566.658468738932,3494.7847645888874
7452.29937069403,9914.329249241267
57.5251900420215,2504.961367670275
2051.0627418250806,8117.171283388468
6471.1325463007415,3875.8246569901667
3312.7957352164963,3152.340154016967
6796.355820476543,7551.440826439628
5640.547117252158,2262.221856437201
1425.6028755017658,3579.586732011577
9577.671729019177,5758.003263185088
351.97924454877796,7650.007356023927
4838.139543205489,5107.049046257791
8019.862894584749,6581.556363986091
5540.477731309399,4154.949829381282
1834.8933254053723,214.22073851646962
5701.37664047057,5948.810766514386
1903.4297934661338,3425.8405342911137
1387.8487937279738,8608.567636923024
7620.489462913809,98.93499860636257
1357.0334149983644,616.8753544068961
4533.228867792951,2455.0495031628416
981.6021617811166,1577.1523997607783
8592.67971802115,7824.193665777223
8777.908340325113,3494.826689815196
9381.739061892249,9742.752616200936
5260.781996888596,2684.148449008491
9991.315468811903,3285.222335173247
356.7158565738282,1495.7902139263401
814.5826471255524,1176.9381926605538
6095.820087202553,9842.548580198018
9930.732408244447,537.8158119518062
5883.783551908924,1840.299423485996
2311.6127080333117,8213.741210239872
1829.4815590607561,491.02442108239774
6972.943509481449,444.87394972705374
1643.515067759791,5998.547465240263
952.3221933048676,5779.866202510135
9442.310515162797,2561.0243533378784
4046.100015442066,1457.845534716038
1619.8963097691644,9459.470550690283
611.907726084342,216.72299066156532
1585.9666609444112,7756.272624065325
9926.930287259052,7345.59319193078
3802.3300096900225,7227.365394465831
6076.156632062575,9664.793306292377
9688.726986143387,5639.58078882279
7648.189272475403,5690.910699746455
3382.9018038717095,5293.413083213115
600.1713329673286,4782.002611529091
1488.9989371227553,6021.012816616662
3728.7936882986182,9725.433769334206
4478.325129093043,354.3207699687434
5356.678784735845,7081.39603720445
136.644756283959,1250.7764795037112
8370.931445857423,184.49690021225652
5146.461246358972,109.37457057881184
7109.024647282219,688.9903334119751
2317.8045548686723,793.8049324971963
9284.083439876029,2615.7238807650265
117.0299317528345,2368.7734987390895
269.0797045664961,986.4039041097806
1223.287239862596,2334.3867042121615
4021.7805013807974,7278.434077634207
8526.398216534464,8235.207111987183
5007.355648835766,4413.839018244803
1972.8623534976275,4973.938437848869
3010.0346910963094,3832.3009015072794
6663.543021598819,6760.002222927641
4205.379104997486,4688.653214829845
7690.00359427636,6254.8333562479165
5217.2116242050415,5381.688929938724
4672.155184192046,4885.27028938163
5693.642184303236,8283.098328656473
1505.73635320863,5752.5272891014765
8330.395494301842,1510.2641973523812
3827.5011977319773,4138.679614618786
9956.856346857878,5398.130160506379
4764.896403064687,7766.405904184786
7978.75575325958,1404.474146177196
7023.592575808685,7838.352288237556
7973.486314720365,2686.1494063135838
9246.783039906135,2478.4910959481945
5258.889031032829,8126.555275673294
2319.620805620801,53.41789121160456
1499.4175397284694,8350.901070543398
7494.126334576239,1651.3703249011924
3725.327792552665,2016.131367654016
6626.750113033421,5892.120431747178
5639.542429321015,3267.5350350819976
4027.709416506672,3380.7350397685464
1226.671756722717,5821.23355300096
6388.961669893386,7502.851269767983
2838.554452307108,3299.4920387713846
2497.360521255193,2354.9465263112747
8764.502148912776,7977.85346602217
5870.129750173496,6439.982810510937
9695.199238494832,819.28030283147
6817.13541014994,4685.784682494196
3587.1824073604243,3511.639440936729
7406.883605459006,1558.4485989287912
1583.1954628945577,2771.0830074402124
8180.5259770672865,234.0098518623923
2201.168548502257,6588.059988155847
9327.260444099154,5021.2250402145055
5033.580640405565,9443.188178771585
9450.423648764056,7723.699850350769
9952.698086992928,1175.0137245021542
6623.4082764293735,3122.4662371956624
7881.859174582393,2639.7607891036846
766.5074716844367,9596.010006696748
3644.7920344800677,8960.12585742743
2971.267955234053,40.75914879438258
526.5780384747364,370.37772456358533
5573.695787699119,2396.6157989768676
6500.535402100237,8459.973871597755
2594.4754549920744,8852.712111752837
5470.781209556073,9268.646906427628
7041.705760521903,1570.497150545086
5427.008046103845,9168.184424479941
8073.412091446842,4505.90860037522
9925.943086866258,9232.692196069156
8758.476835344327,6794.359149113659
9865.045513730262,7526.482652082533
7385.350775630881,5019.573570535671
7773.023954110963,2265.8267200142477
722.0639013247177,9978.676663095373
2457.9078666607957,3480.662092863374
3810.3756294237214,2396.0264495065444
2348.8905356033542,6932.22441807647
5245.914147363085,2023.5801606123648
487.60628922249197,7372.400963496883
4732.331467727176,4412.03439502333
597.8147017411428,7606.231027176691
3189.9366597276526,4769.95035404265
4425.0324507846835,2431.4193075654644
9221.248119874543,444.2592030806958
3487.303099683893,8622.98050620226
4349.937361238512,6230.501264015391
8160.506101562331,1165.5579368098456
8880.695546349587,9399.570140330203
683.1945584143972,4608.417343813196
4530.4241761795265,8685.50914309682
2340.7733020736277,9943.293998666313
6037.8429071582505,5847.958931575522
4023.6318256988234,86.8357492809868
9881.02890417819,2424.2932497695756
9800.939327065582,882.9870815718466
3209.352285613455,6496.296309444011
768.2182206300458,717.7793241344588
2419.6877512127026,5316.858120831725
2231.098844361522,8588.293743038772
4399.137455548616,272.24959348973175
772.6005811655124,8005.428399386233
4048.703996558519,9583.381217994636
8298.351312538984,7472.989286439516
8556.29111925365,1090.6353014713898
756.4501736136409,1976.5115814324906
7179.254235041709,926.9246447484869
4947.94832553958,1616.6465048128055
1617.1582478710766,8557.362678225358
4936.447857347968,7034.2849820813535
8072.9222958209675,6557.3645579133445
1395.3357449913406,6018.586372872249
1932.4147091765885,6226.133014652153
9609.204837194242,7060.710254989771
7244.580232515826,4999.797697129545
6470.732593811334,9367.777519244863
8231.177019352062,2517.3840409843274
9172.050231257994,7472.134517177445
5025.4732690059745,5629.856734503917
4533.910809795781,7737.3974367485225
7118.839340016876,3118.681594303262
9216.570219400759,2537.667607065063
8560.74057850566,6869.7965744786625
921.8028343151663,7084.02024732415
4598.188305253221,4486.6192311280565
2072.384557745687,4693.386448804378
2523.733243755455,5202.069349365913
3134.2626197152235,829.0896725173391
6546.15671472633,5356.272483138644
7601.313089640619,6381.139953370437
9178.545342672987,863.8686894058856
6185.475865361707,9398.29698427162
5181.620920006181,310.80420696482645
4317.698209393664,51.563821650293384
3499.115233613045,3177.664548089224
1486.4462183499772,3940.4214481241597
2309.1332778596875,1788.1217791357517
4152.79596908646,172.80593165467818
9531.751919171627,1675.6483248614973
4693.473723757646,8536.367494628108
3770.4075509250224,815.0801051417478
3105.5612710296277,1197.2577467926938
5103.037023221076,133.22846445028014
6290.933728148477,5935.922127780784
9414.72055661437,1399.9380369555424
8899.236231465102,8222.591396532667
7506.829219187805,5424.50528777444
7821.6968471985,9831.35893085295
1900.6134087674398,2657.656402826215
5177.1518676778,4430.635649632515
3211.0855691037254,5176.383891406174
8750.825898305902,5813.710540386618
1750.0883493729068,2150.496409953602
8069.908513334551,9846.123461863901
171.89451309618576,8696.646215718698
9527.324766933278,7044.905480841636
5597.560631016735,3510.5387626920415
3589.4661552136877,3085.328251813546
5150.832307862712,7629.445363120964
5959.983658235603,1172.9408840350152
3407.8220449278706,4809.748859900097
999.7382356463469,6371.108084953683
258.51648224178183,7701.238994183953
4078.757628130929,2808.5083263835986
1685.2944268815063,7561.366155076132
3860.990155536036,6937.5696159856125
5962.820013448719,770.6038110073321
3061.2372595437178,1425.9795791926533
172.9507051720036,5273.95754441179
5386.120652332425,6094.672007449969
1600.0401635519102,7246.607397013022
5502.619532985361,4122.341578766899
8952.196265903438,3895.28484254096
764.1194875654212,9376.151712849913
8741.997731346308,8183.084939619445
8669.701372912385,1278.2015592689622
7388.5787853712145,6798.236263019987
7405.175910417912,9861.417613816171
4205.758017601191,14.501762761355286
2351.860280659982,4097.165882956496
6961.114095204888,6842.51869198041
213.56485546940362,5106.675624033054
5895.683559143578,4516.803095255565
1691.6049162532597,1825.2194506465057
6657.810464408644,5094.393269461236
6201.705397649216,9162.606027952519
7804.094113800137,6407.88366446637
8137.168291725477,3192.2383999268177
1984.12555550184,2249.287273619901
5144.507327573393,3758.6951394272505
7131.758240438935,7274.705723401203
4412.847801431506,7341.834791483528
5296.999430406838,7056.015553393536
9273.525704395866,2667.5831328111312
8308.923676196413,6902.187428464826
751.3745964365271,5935.154529031214
9411.78402911941,9513.310432530607
3771.552580239065,3746.341896182891
3476.322066363381,5212.111873268347
9354.433385682449,4122.746506720672
907.4460637160586,7285.899161172987
2857.447549488705,8555.793319116226
6994.520625510172,4419.15345807784
8820.394018814299,279.5755232633124
9931.457401096812,130.91076395181588
5295.497298852939,6118.5477831159915
4153.721808245904,9629.123896443438
6324.087336345423,502.69930930383566
244.08172714655896,3080.5128314827166
6100.648727969138,3690.4826702451255
7982.22744839937,6761.246890030221
5618.60327993273,8154.455748097108
7114.936798538724,7360.021875297501
3083.5618708315615,78.92313823987251
4034.8196919372804,8713.382998766021
5597.683341291145,3635.695830784247
3021.9956860412767,728.6145935536514
4675.69357759869,7388.9302315031055
9044.92881172492,3540.0321423257196
4466.814187722284,8200.244810729258
6973.364432601733,1659.425075190203
9273.031909138077,2100.989028515552
9134.798670008235,2530.269456718538
6385.300040700207,7085.404069667721
3212.947542576209,3505.1967884392852
4451.6784104495355,1140.9175042297704
4537.472799607875,2779.1554407019016
4591.8665524774815,8707.360629762234
4514.983222078002,4149.0336385597375
5747.7979734098335,5121.689112824538
7308.110380028759,6617.319642678203
8872.187945757623,2517.9683918169526
5683.092609646299,5997.607506188051
4715.445342080393,3508.356408023132
7463.949438566193,4130.110539071476
3089.666242225574,1851.8069124393587
8136.319098403295,2299.5807704560034
5334.067169900874,5029.575958015634
5774.2147818720205,8546.207705118264
6198.090412215789,4595.831102222233
1748.0985439490382,5655.170744571638
5671.337177238942,5599.1699652291145
5536.804146563603,346.09193775394175
9967.477713449365,6712.473418090263
4600.934713817991,6804.544866355338
1078.8118068962149,3056.6810843308845
1313.9779251267923,3326.154611472839
7025.15798468494,681.677190496427
9460.929481134319,2952.5026720150527
6236.8489909139425,3974.4837268258702
5597.319315031349,1123.748874035646
3943.8823344857965,3982.5501247936822
9271.27722032359,8740.895987016622
9766.337264970603,5563.575616922472
5292.296698687906,628.5107868025718
171.68022061404443,8193.62273334876
4176.18024819107,1997.9119543378133
646.7064062803885,6544.072161999758
7565.628852525137,8796.368850153136
9670.909756477644,7482.4565529026995
3282.8850704560964,2447.8515305019832
938.1192429482521,3751.38338643636
9265.249283286183,5084.455353411711
9739.314359551772,2124.671640303124
2713.7204282640837,1175.2195900477925
3633.7493281829925,5083.020928515762
4936.516002119284,8675.40155708441
9346.217849982671,3124.226005299526
7569.060032913454,8687.35561455799
7972.41565188127,2749.7310242885455
8517.705498048705,8113.682978729945
4984.746027628688,6431.59302594719
1326.938833314918,1678.9403632722322
2243.8927568902413,1276.7482018016785
9109.748460565355,9784.446090630778
101.31006824471878,9571.385079499492
1069.4845616500759,1074.3407137119843
3617.5500064251187,259.51556295426224
943.2252785983686,2798.3246434216467
1986.0197569136328,4431.954160848269
6526.991218077327,35.567379203736984
8276.871730984594,1098.170436258984
1444.6723234244807,8761.455769190874
9102.164341100408,1893.1451273336497
524.4513801894535,4855.005449136432
3834.7839062527023,3694.126452888362
8586.458678889749,9387.596179248236
909.8897292314078,8726.389481296437
1835.946933932081,7284.953368426736
9720.510763670543,5886.992695551683
2856.545725207713,6877.70091613675
9176.729088162889,6063.960907418845
6774.297687786334,3026.069490758273
9777.56242383067,3796.393397441673
5467.370235310222,2074.6112153394315
6753.60891088693,1916.5771319995995
7531.3136696879255,4011.5073465320374
9136.447447739454,8970.54489975178
2363.7393125236263,1093.7081514924485
5951.285650946104,6313.333286020267
2252.771126027061,4598.861016352177
4713.222208841768,5360.734752128235
5753.9296413079355,849.512435869717
3950.156149295868,4989.725449412932
2440.7027271046054,2086.287000613971
7220.789463742141,4761.5189148351365
6668.929081832355,4470.466585046565
7765.153056099841,6480.599638290948
7615.56300288162,2844.95138591933
9739.821213700136,5319.417610660029
8980.15639378131,4115.199560813694
4933.5722716127475,3066.3878662125167
1558.889699705992,6931.324289405851
2123.22975631276,4044.2718928355803
8436.3515898497,2125.2981790247118
8727.242002523757,1910.0935279354903
9885.40314045989,8777.17320388129
9350.154665341792,2045.85983297058
5005.618536168432,2030.32212969948
5713.82960349056,9883.00896393321
869.2225793068598,5498.2752436432365
3315.8465411715565,9139.703992214969
4426.640869697579,2946.4267988112824
4823.907176320442,3926.7082712464385
561.9316650390859,5834.813519265888
1032.7707734386981,5518.699671172197
1861.3708942173203,9198.516232414286
9254.197488766838,6517.360735277943
2719.623231366419,9055.386444329308
4637.895842285675,6899.024928289359
6647.9775687731735,3404.675037520396
4508.424323307189,8701.903533181938
8873.162218156609,6945.656795090447
3143.0945746446905,6733.720947468623
4461.273326050752,5935.716667947495
1480.5152041769265,7836.610711211627
3895.9310578782433,5177.847897336026
4399.2386784539685,4003.096377091454
8176.334069155706,7576.879037661416
1009.9285936986879,6137.6673049562805
6232.784595879831,4921.635944274178
4434.245421250269,3911.402160589479
3058.3934165957903,2011.1262812337682
3295.6088901209337,9783.543532864054
9501.38217138884,8184.163225263527
3151.2640889383383,3080.734396762178
2048.3705433487776,1224.6235176345888
1702.0199020641235,3162.3607506304684
958.1975675618847,2491.1567865045427
8222.196821101119,1042.2480498013554
1365.4239589949325,7765.318917917307
2870.7817363958134,3873.974976479181
7852.687700154237,3760.9550203192766
666.6940910869989,9294.176433062932
637.7317321996368,9661.786755309944
4881.522331174003,1838.6879808372537
7430.172410368607,7012.355844320803
2634.8828411610516,1732.545602093638
8762.701225922185,2986.2342368382633
7651.693068002048,7550.35034775415
6724.806498935183,8699.581878165744
9798.945787084089,999.3495303311872
2556.9264642061094,273.6978846087901
4452.10302912351,1086.7634865982034
2639.493465070789,4125.100048375469
4396.1270769086905,6309.096786504649
2229.199035695031,1626.478007544926
36.63646011816901,8771.80216055498
2346.736498047918,2373.231983047984
2262.083302948321,84.16903172650537
9311.707637554591,5950.328747733287
5128.12012349259,7052.853776931845
2995.3625978260234,2950.7684811819877
7253.415992129968,8926.257045773547
5801.205323248552,9905.342053356937
6141.341417630246,9163.118128497872
1738.2956293955242,7253.016935949651
2112.8475405875856,3501.9342370516106
2866.3142109021587,789.7966007136104
9758.695773744921,5772.585873043125
769.5362326930655,3311.621495483403
6680.385562886886,9178.840324737377
9904.643736841508,1611.6988645586594
4847.7015817794145,2905.8028910794355
711.1001832835373,3626.793750013938
7747.54170951712,2958.0829144675645
2449.4319832994206,5374.485862231789
4958.924555198989,1498.2063724606353
6034.7684485880645,8438.069237484706
3238.5729150826646,7920.813765806642
1183.3550521133373,613.4468807015226
2247.831528704313,8672.630838976616
3675.129964494662,1950.4352087991306
9437.634036085228,7667.140955666185
5612.551364709604,8593.034847776755
100.29607929938567,9294.249313421744
7141.251802401602,2268.9368835967507
2433.2278895471736,8958.510712039233
8122.834130302333,5105.799780778555
3896.049128706278,2038.6136896406515
426.32549512214734,2954.002710068301
6094.24567329194,9748.45378846152
831.9697304635908,1554.3166099211892
3524.9395445080436,7378.28851018414
5175.2020014139125,9350.242133746488
1777.5998965146057,749.0157015586707
5177.840542589973,1489.7376593237655
9130.32594435917,1613.4192665689895
990.1307665577541,9921.837954137907
8510.301627480374,7000.878539236124
4222.510058729438,8205.644823102884
2386.512164643693,8052.5445628867055
5247.648255372906,601.7722451730956
592.4333107777779,9068.262262184
9387.739464672572,3446.084197768885
8189.313326013541,8372.834481886794
5810.774203836308,9803.704161700978
8405.92511824805,4579.9962140144935
5181.571383581387,7073.479184871945
382.121820449699,4507.9330329833365
5877.751671550382,9869.431701127409
5094.002405498564,1294.2298744304403
615.2551475919865,5497.703928207217
1428.6950765163497,6463.157383947793
7675.705665285851,6147.567904364496
8078.2596388556285,2781.236265070447
1082.9975472202934,468.81529912945143
4469.337937911156,9703.927624145941
8921.896357198671,403.2142284911766
5632.832501723764,9657.116212844063
3456.4964902802585,4729.245576218168
1171.4643089036003,1509.2891141860355
5809.596408897979,4321.452520568376
5504.243657129694,9131.29606355701
1078.0482365026755,8912.266367334289
8791.375780788483,2600.416694744173
5539.347920366408,8550.59806971999
8353.729316877221,3770.186796320727
894.1824751002248,6142.232669831525
6432.745868523405,7718.201018323113
669.6146039634588,1279.0537910162848
4461.47657974991,9.082452199002944
6830.845928532234,98.33853330783681
3933.2374760009716,5327.86015208783
9063.759942041213,6062.147624307542
2099.774016695909,235.29238816689224
8523.38436467922,5295.7944350722155
6577.502481710486,2167.393443327914
4521.493476457897,6771.886923984542
3292.541122464745,8376.279434514976
3688.592874408793,2232.6702966332014
2246.2033796029623,6574.759400800474
3136.27959412067,7692.191297006958
8165.830300391809,3992.4327808590842
9805.770806142147,7606.899615413181
9049.311738279352,3371.1973703808053
683.5006007679523,1441.2272178333928
203.33001280880336,9987.577579137427
5180.937286147034,2612.3913316679173
8999.183940930905,5379.31875142344
8238.95878553363,5980.316450869827
7193.685182883034,9726.359961415721
6488.496083409065,633.9916349007879
2530.8703988558477,8099.916021660452
6528.3660558084575,5802.399500099937
7124.110152294851,2864.4941010576163
7819.1207653253705,611.0010055414128
9327.593553120027,8908.591874118238
7482.616744668629,8458.139585627638
3977.960327036177,6243.466274039035
2756.197880945657,4808.112737544382
6543.92206222906,8198.634614798604
4025.4339251598035,2924.05957173681
7385.478577760031,8896.8075503545
2250.5528759094705,450.3075306063509
3715.4889764639943,3356.9670486256377
144.59544487419706,5493.962562711883
4246.529329977219,4750.50368486846
351.61511700667944,774.8254253859732
1942.136328334596,6501.3081731859165
6327.229204461009,5025.22743385892
6851.336416602858,7302.571706743325
9799.724681805648,3285.823649867089
4980.005947213183,7812.109270409506
8245.993693619715,2557.7947837616643
5367.864448273733,9792.555331910895
1697.614648204544,1868.7427100559605
483.9202402622467,5040.543661198383
9838.21022075359,523.083762529325
2743.2931929844162,42.84021732412491
8941.931752993643,2208.6692027884624
4659.566230698408,8407.646449287846
5846.19111913291,3659.469686987046
1942.0863228641495,9933.006975545895
3189.665894928725,7371.778608032746
9480.651310800891,4918.091626057732
8099.090352276963,2283.8996836916435
122.07035768477259,6358.937822599912
2679.6016575373737,2493.4528743345495
1870.572688109251,634.2618177766535
7321.613931079461,1981.838826024176
2217.692429698397,5742.763225467172
9743.791075106325,782.0777904688059
4247.544331343859,3035.8195383638244
7110.325130512914,395.322227284588
5941.5758505604335,5105.935730267253
6194.122824854287,2316.129172183552
4967.296792118854,3212.975978386358
504.57966552730716,7993.797845272832
1712.1752906247877,2665.3245927559155
9841.797390976637,4651.142483298642
1131.8393233394108,250.80907069309876
8835.366208514826,7190.294812543575
5926.586885271497,22.360760885591358
2204.6674498674456,1226.4636567973464
9951.366954682371,3597.227313393019
8535.430753903433,2203.3100664575645
902.2184100220032,2443.9315181780753
1443.35932445398,3740.583515202125
7103.068702854986,4383.338772039004
5022.427050246607,2874.8463438218587
4937.910160149407,7506.367300209854
3277.2084866285068,4668.03029767824
7877.273488159393,3450.5061214850007
154.39468678583145,8045.076712399102
2745.666995292326,4885.892827333531
263.16639155586796,8475.018096242598
7969.835633733616,9584.550005043604
3965.358389942275,2652.3655045295536
9667.621622971465,1700.7423310652325
8356.438450206377,2857.117407814487
1744.7763455702814,8030.440584560836
8124.362455691145,265.3707950957784
4312.000127883833,9055.072149420657
4424.07584959837,3051.425199417481
2871.694145395969,6387.283200345074
608.9562446253316,7941.200547828296
4722.313299668502,3482.9353917663975
9394.591992868185,8218.217725884997
3126.0383894538104,9090.058823348574
949.4207717217251,4811.372095541331
1394.8639215887492,8845.720839221029
5472.5065297458,8858.37290975428
7167.5198395514735,7681.606679938396
5007.908884907823,122.92380738158192
7392.783234603233,2631.857327655823
8619.043319608472,4388.134767097655
5662.961718827346,1702.952587180593
5757.25954353038,8629.04397424245
5380.891487591554,9219.876680503432
3416.2519083527245,1486.7418554288192
8872.890662588168,6711.613461444997
3765.6939773721156,4753.376629594454
5794.858460210959,2817.769853836802
9641.052747570433,9047.547508079639
3260.778647651341,5497.2964326187475
948.0414510920032,3267.0998840495645
5869.331584619363,9907.999906392804
3216.3896048660213,261.2245534267776
1461.9040859394095,2948.802165550338
2755.872257302885,3517.6695514776525
3811.8463837128747,6454.660811638724
5549.261360782827,6419.575612464484
5220.584297963997,5597.536741960721
9978.537668762341,1480.5150017234614
5802.505967432877,3705.5525228484476
750.4212545814426,622.0754173618892
7394.513565226367,8734.394087436627
3084.512701821083,4491.906957536928
331.0090555370504,236.6720108263265
3592.8186861784384,6725.867841303572
6133.542556278374,6618.738002974077
9862.939618575554,399.2748361798182
9015.550551616932,1159.3293373982572
59.16061356680879,9282.231741557885
1175.8987157698996,7442.7461358458795
5860.8876525627975,5693.570735792858
2625.0853516096527,6925.431503505808
9413.065316408884,4479.12431794966
4244.860116979765,6362.203259614412
8912.60227992958,6080.986972783896
3414.5928964584396,9022.041858564064
5050.628885068875,8524.816579001272
4761.481100796049,2764.7670724261698
4457.5908993608,5893.550694644207
7379.096157763263,4337.1470252607605
9423.280614941783,9705.315088967356
563.304345324419,424.4883655048659
5677.805901311547,6417.172203457469
4260.904331184482,6929.636199463993
9021.844543193502,5315.568738510823
8074.625635998239,4449.406025126291
5549.301505371075,8110.7755649326355
1706.940817749798,1335.3417731939398
8353.670298134399,6504.795709018588
9714.089189911014,3319.5147832635184
6244.380188467529,5282.880123642752
7326.308538326239,8627.165386723846
7272.709391545983,316.07854278555834
7222.0898245708495,8813.742194425655
4796.6434505981115,9265.572927607393
6364.310638666741,629.616604366372
2766.9974297167078,2502.089724174089
4986.9495782136255,6530.332851483343
6538.911909001882,7818.1893793727295
956.3917427653201,2290.18783973419
3741.4936881390913,909.9516400476571
8145.100760067412,9482.900164081286
964.3056848900933,2845.712723872046
7971.390886424333,1288.6929349433663
7950.357641199065,4386.4047730802395
9030.443401875295,9728.559359064955
4805.295688691298,123.72194920123647
3745.452570006498,8815.04938601021
7020.067416214601,7793.826561133965
3004.59074332313,1534.7085605636046
5315.097303538926,251.22880637869605
8383.836740807306,9900.441166073786
8609.317669804943,2413.668468569645
6935.458446817525,8838.051478897414
2722.453717576352,2926.096484347307
7324.085689429631,3699.872666989984
213.4120165386788,1343.8978977664494
8740.142766212728,7385.806105415003
8086.684719781307,3149.476554078119
7478.126744434372,137.25006746171832
5523.0965470757155,9069.517474792041
8168.944060386883,2053.0655795750286
4562.214308266047,5587.644697676577
71.1867055129345,8518.583803772659
9191.431517261199,5056.231579478411
2567.3192287939496,3352.1980130876104
227.37566048607104,7027.28581937497
7948.738644546913,7478.012317827929
1788.6209674979514,603.8472244044247
2519.91330689025,8243.30764860788
914.3750055385169,5820.884745335952
8554.889160633347,8986.415437757369
7922.436536895286,6534.802553559001
9614.77755002239,7125.072946270857
2216.2321504594674,8089.130325049251
6278.290052742789,6596.723689953593
8020.834176731262,5800.5848570218495
9995.825273695273,6562.4001396839685
6192.267562890166,3846.619556642976
3177.1055168467224,672.7653184719928
8718.250114536671,9603.261736706607
6684.043163712516,151.9690105852156
3081.4639570152926,8141.995226676338
1600.411374146462,1010.4027317607067
745.6183989835686,7986.557057409057
8913.41640867016,8009.031594837594
1941.8064021175874,1404.55675606593
6883.900749014449,1697.3744096114397
5889.908317290266,5967.550613682799
7771.371867968804,7697.442663629136
4241.38500256915,3768.0200260846887
7403.138843402312,6883.416213559372
2104.573542259002,9318.734244382682
9498.029145725894,5213.602803099584
3507.7130080307816,6459.401225489853
7418.868444851419,7017.640949449061
8312.673270256613,3473.33281908517
2500.1369135365535,8697.257283644238
8442.402274577378,3141.3976789477383
6716.166459966256,4693.9532062020535
7551.559305972081,4986.514390758295
9183.00955609214,8505.070953712058
2676.1541598231443,1684.6612716780307
2853.4286180250124,766.1619757016414
8683.323108535205,291.0136684209097
9701.86583806718,9776.59438867668
3097.5679762584973,9038.552126048613
6505.952802186478,8236.14308906944
5117.709598309394,4415.069037216448
5935.349081175743,8751.789360353736
6329.359825303792,4831.100809453579
6533.541423775107,5615.920259123623
3282.083925478183,4024.975765883787
6326.260232069167,995.3248144095405
7501.473533003214,4927.518290819129
7491.229528283238,6944.016423299781
941.9311975582378,5038.954534966481
3580.0715488658498,345.56786750984503
4713.16061674414,1066.092011605706
7190.582372647489,2853.1030698660766
9853.661734425114,3971.3310984643135
8755.570702345332,1105.1171819781368
6593.590591422974,3072.903705798605
7322.343937512476,636.7755956261634
6082.56257848174,832.990442667243
3079.231911904895,2472.9299519488136
4083.9843852097624,3830.701007155408
3966.967711921373,2875.1956322775563
6379.200861812192,1156.9665429081676
6304.14971642408,5938.727577303182
6582.425172511786,8648.744631888756
8583.51467116404,7187.657709441179
1546.6090346279027,7012.5462832727035
4539.972918040031,1188.9217075857562
8004.0025514644185,721.05379990137
9296.513049518777,8995.432792866817
4173.644514518707,5880.0353469223555
2440.09676939564,8310.858294331323
2764.0013860651825,713.8294149591795
7305.9606956124535,6644.645132316305
3849.144301265004,1837.4983725112593
940.7893612584328,5811.170402265432
3205.7758436304653,7153.44440677739
3550.2218998583157,4656.437105340514
7995.899479511063,6095.05912645918
5589.082516908186,3179.90313217254
7744.068865093759,542.6272616472438
6855.5707748051755,7062.124504694312
8349.96133941994,1336.9019244125657
1373.9255482476376,3781.9300415055777
2370.823116547928,8308.434077130194
329.5360845498252,9354.436641959705
7571.038582641665,930.3350961770451
2663.0403155849813,7992.527649965428
7187.8334166204895,8598.772788135231
6035.387909674423,4410.277367188167
3986.6521089757634,204.68260843459873
3608.589831730711,3379.7472733478207
2498.6422147750986,1411.5646493091283
9994.282839507947,8142.172899395711
6681.190809572319,9886.2744481365
1937.4058924677895,434.5809268594336
770.0399918702017,7509.742846877932
8449.105212627452,6077.535112830771
4288.302537257167,9514.359520479797
2693.6390640362297,7348.10233586437
4436.141306137567,1673.4393514032486
4188.745392972973,8064.092576949862
2294.6071513797206,221.8432681165572
4674.305616928595,4248.612320262524
204.7060476512008,2289.390331199529
3231.9752923049305,4236.6197786070925
2418.3853876062244,1404.0177155189826
879.0428175108966,7094.82332228869
1260.7949889089232,3341.7901330014774
5515.609462607745,4505.035759419024
5556.229667297916,656.3874668115843
50.569358983455494,930.9210795853762
5984.92343398662,4749.24899964133
1483.4615062188539,8864.720318316115
4462.711444206438,3074.9972607887566
8394.432839162768,434.8183775315917
4065.8539236009515,8386.919819517972
9911.818069508166,1107.4705815935715
7093.16579568272,7356.745118929621
2382.22775594939,9734.69134952518
7874.417986854837,3004.4387427149686
2419.8295023903283,3217.8521464426935
4747.229465166567,3012.2855660661353
9368.960495549816,1499.9384499184187
9891.239937143993,7146.329716364013
4207.31883513441,4489.974749907193
3942.779956874788,2098.212927484703
3860.235867526347,5272.392984050404
5595.096702100594,3103.844780027023
5305.505245253611,9214.104162292619
1969.0302596967035,7603.658252630204
7015.360299499719,2577.118855961711
149.66665298352999,1337.06232290841
2754.4571121971117,8010.47430345655
9495.079240833289,2002.9888545945873
224.87697593971512,4164.728116121456
5229.547131623169,6680.816311752822
836.6814180465176,9548.145209953498
8759.466033383738,2581.772992217045
9109.340097081242,6092.5499074030795
693.0200006418963,4137.919942802985
2285.568916548677,8290.530527121446
800.9562735083708,9473.974737572331
2497.4252501241845,4095.748912949422
2751.7142048549426,2888.9726948553
1822.853895001656,370.79823702189316
5977.547802823081,2654.664262583731
9453.391030553887,4113.588694517231
2955.9693285896415,2504.0894369728417
5359.4685166326635,188.213923363143
519.7590258865325,1096.4729727386602
9563.959669455213,7359.495544176294
5383.516474722907,3374.080653467463
808.3212225166714,7346.75391618628
7724.559763546481,1176.63934555577
5106.918178618708,9486.026607163541
6538.9489741344005,1225.4940044735895
9407.705475622568,3210.9686894550505
6544.548334975665,6939.896285685877
5379.195044367952,5107.844328066799
8642.138659063698,5196.733956147459
2682.5264792950643,6762.333009407047
5937.664117301512,8407.70422382024
4063.1475643566228,9076.819896291232
5083.091807813498,8352.258113987897
7745.814854224987,4853.589442690793
8822.007978663583,7646.252766213738
6789.228584030493,7901.610471350141
5272.368122830582,6102.105864580957
9913.356940989665,8711.146459477226
1841.774792838219,2530.2772518574825
1231.7048816799293,1769.4476582668494
764.9225306218021,1570.2807724874535
9854.44687044084,7852.335747435596
4715.772797206181,9478.445467979218
5252.96097874979,6783.5553970100145
206.25595121718354,3616.016130582188
5646.461593131289,6192.365724862091
5053.074101249448,212.2185095694773
1943.5188805094795,4861.445224850195
4264.576445630023,8690.44780181775
1707.6460533480897,8693.841751174412
3229.173298226805,3925.5788412653023
2680.341191734288,800.4584164598816
2339.500129045493,6318.528356505399
1346.4991141234705,1192.7992377705343
9348.459088745858,5394.272085394031
3606.568051216211,9536.525401017396
4127.053994521271,5270.948791726262
3294.063332450585,8414.082228169153
1330.4872284020564,309.6730158567551
2609.760458337215,6466.497557097121
4457.386866065744,5389.349530702092
1452.0820567521052,1202.2324721195864
2686.4744728142596,3539.0959924623467
947.0334386896018,6367.861829524274
108.97585590704307,2659.4084389823993
8646.441490072899,2491.139376593443
3601.4313129476095,6417.729511557153
8598.414202128724,7083.105353332478
2967.7764482331236,4599.498769916993
3452.7334985278603,8447.795347316327
3080.3336655603484,8271.508062426272
8886.76262154522,3416.3793935955046
9691.677055778604,4884.19632956222
8385.439272267771,9541.479057321596
8709.008889058221,8653.393155614986
514.9212453018237,8774.756419605586
6533.687387884414,997.8016556090074
316.1511533481709,4988.947771234307
6677.652072032994,4296.083803990021
1632.6261267242937,7467.776226127037
9712.637712387395,5586.135870908405
4014.2864267261134,7846.719552954916
2838.6257362058022,4093.4817230411422
1281.9432873168191,3727.54961528701
2619.92752912104,9508.977711163974
9920.623495235035,8921.887694153073
3565.7182384189755,3296.4512463621663
8542.92952773854,1952.9270151899925
6845.185613987932,7356.0186093582015
1189.3141086882542,783.0128387164925
2450.704103922472,2584.653768597932
7277.85285911145,4549.33141895039
1306.0910792177626,5148.794442051705
186.59935058496836,4430.40984798958
611.1461115337569,7085.816692797507
9693.070726331673,3527.3914890024107
7520.488615548722,5775.265728634147
9026.438364821179,6014.125936491397
3728.8650711020364,2518.152043814309
1536.8500156335674,9907.072005242873
2204.2268415878343,9919.993370088272
240.3856313711694,9033.376328577426
5327.164188758755,1370.031081478834
3541.0256366192693,8857.405321527038
7661.114844914534,4268.6278060561945
6463.869159287555,2496.012477699158
7967.064663956861,4786.017121927733
6881.247227283415,7606.258734240618
4331.593935593904,172.5512641242255
5169.496335910233,9243.408562364746
3579.3062849474945,9194.884392473165
4173.949232783918,7204.811843205214
307.31243552651443,2642.382584066525
2108.6121580419003,1849.942222121208
205.08343537798956,7847.230709066466
9891.382750649134,4255.6526079860305
4306.869313266184,6279.046279535792
7288.552563183966,9154.027763871676
4405.940831167744,4372.190886653535
9279.842371865523,5893.622927480247
9238.885538385299,5207.007764466964
3561.0178151895243,451.2721741341186
5518.441496758659,8713.652334646917
504.7712297286633,1371.6511502695505
8628.393903386412,3523.365397447247
824.5073357302713,1143.011565839398
5886.542296893625,6661.48778045103
6346.056172014149,9639.599404403258
7993.670466957916,6502.994768692593
6821.953530735974,4885.087228052343
1281.7990823063508,7209.260023913666
8052.944978348961,4824.110067544582
8410.29068470155,5690.709599144764
1833.5757786076467,3010.6267349081395
9231.649173638754,976.3353105267503
873.737123588384,4997.877590391693
5161.373677172221,4887.91800741467
3709.289307596969,8070.316996823681
6383.8339777809915,8624.300485839309
2064.424072334904,9042.621895684066
7746.383169037504,1647.0200868981033
5193.822726421005,9422.60147538604
762.4439940097783,8116.551141612077
3109.1792097565753,8098.710050540895
8479.293887610462,5225.706877072779
7977.395045569441,5846.437194317859
4680.83456437459,8321.119232589586
4668.837394512604,3823.7131183155716
1827.1258356539543,8762.408064382882
9937.288016384227,4326.971243998111
504.0914197617319,1173.793783129431
2259.3271560959292,1787.2886840239566
7595.734127766691,1259.7183171334248
1909.2410334913945,4368.22542058447
1715.5211993660091,5235.015379444464
3443.717989755084,7154.609952418359
9907.632783453855,5095.8819566769735
1245.1174878015036,5064.965560464667
8040.8837237047,2480.3790714499264
830.4405187007325,6338.305014144933
769.8770484860695,4761.379714724423
5715.446563569042,7553.746768364097
2929.2772732989656,8728.549312088244
478.01439366668916,8912.488716233172
9883.139506928326,1652.571680026681
3783.8598282625935,6159.558892332818
8198.531641958569,7872.633439749115
1958.982281104178,5579.4092527669545
7530.76979385971,4349.881688207571
8391.832983356255,3136.3882446964453
2103.065092884695,2932.9018371957004
8384.810883793376,5843.254669841453
845.8331665628826,5714.631289198546
5419.228674699904,2158.455812268675
6335.292600890494,9982.845024121725
0.5442067848382415,1619.3762314558358
7648.424407055289,8993.36687762019
1224.7973711033367,7749.944537046002
7136.129652917712,9270.660771886181
9673.715621611997,5582.221009557674
445.86360521884137,727.412007646
1009.813249402165,893.1661778026267
3458.5788382259184,1240.7968832082518
8397.806315450744,605.6676107826531
6008.2412893653855,7825.674106576208
6916.876906522329,3385.6564940652056
1020.1357073598982,9558.248612821662
6087.106186704132,3196.2694973887797
6493.36698831107,4974.168206083994
9521.687370518197,9109.69459979819
2284.5721134949404,6681.185713441132
3748.758618813031,6643.489841604006
4604.308480154667,5972.165642015983
757.1129814005228,6813.780038107099
700.3321995361489,9502.534741607307
8108.833594301079,3109.130071016839
7127.388031896803,3807.7679334378854
6269.8785555244485,4715.990159210896
6653.977399412887,6147.949905138953
2566.8013132480505,1157.9368608451025
3065.7974445204504,781.2078873053085
533.658248385559,5904.37117039309
