x,y
4703.203267758652,6955.20404047464
6685.004279570423,8503.261433330797
4588.75911850569,7080.942934682399
2056.413482474646,3713.2322126990493
8362.179022422884,9891.72462071239
2737.601073188829,492.32506416916124
5372.886731221759,334.66625152043906
8833.954886110394,96.50406544105982
6551.8194835179465,2841.7537271743577
7438.713221873169,3647.4667955677332
5793.595025172421,8629.044383409473
1776.0226188416939,5466.526529169271
6013.8523222614185,8024.941893317186
6131.638677776698,9023.402700923723
9774.182656830197,2303.1250942618153
9633.141302274975,1727.7548210354832
8512.383564946247,510.84826954721717
9853.372300194811,3532.0976266175517
9341.754486251832,9962.633477866879
5938.986862228487,5154.804504043375
8082.0937807119435,8125.540995354773
526.4436968051244,7149.3195461933765
8455.822953675248,4415.684913864996
8941.825271603875,3380.7500399506516
5357.9193105142795,9327.34308352324
6521.113672177894,5013.292554807618
6409.928423816871,7308.467813417965
2935.0688533934467,9012.497059686291
3838.616740502503,1811.9190063131086
6657.968103988966,4806.379184511023
7127.1278916759065,7342.374476167061
9744.251897977347,3810.668960689969
8985.33256405275,9099.175713924746
1577.9546590270743,3483.462952324653
5049.826812237605,2938.7825365421395
6058.57459514334,6292.773016035708
9462.864046062909,9783.423132162214
1444.3132305265926,2218.4474545744315
3960.4319979209135,8337.42811410506
6281.96698484506,6696.332425356673
2592.415471554198,277.34549298725096
6520.981847258011,2216.902903588468
6948.316144176366,5916.667691651779
8534.17202811778,7754.931273952274
28.92038179173162,9847.126385207464
4906.973255761033,3115.058280780979
2078.692816679687,4117.1132785003765
6494.447946647687,9398.928277395044
7343.43673133641,1342.2065413484863
6651.462540358198,1628.9026323614119
1274.3006444255457,3685.9533823076686
242.93957799823352,5238.851337110892
781.9304611833344,558.8852490108031
6925.159785599302,126.0745342913716
8636.950578410206,6319.405412640895
1604.915845047049,5369.243664465956
5771.116940943063,3730.718672615838
1141.1218891150288,7357.877529852917
6806.0136054260465,4199.055970614168
4895.6322828780885,9441.72195810512
4094.2366776601802,7499.647751204888
797.736582939338,1501.4386432753968
7406.711846068236,5577.68740986214
2681.8985573223254,3589.6900244902417
4705.3454112354475,7715.912814260837
9585.656446270155,6773.73911083112
200.52648920383498,4701.759084497639
8749.929805222455,2465.6285020928613
1026.8707336031746,6516.329540524029
430.4807438209435,4562.988085295626
3333.1039325255783,8067.561732111652
8026.2338889886805,3273.9441050809482
3201.7378333815996,2247.8016542841096
2288.479475067464,4683.578517797493
75.35796144962804,5676.0064169640045
1232.058137819647,5236.21669503361
6221.395300542645,5785.1822761103185
5881.159181663061,6673.149925043229
2831.084493130275,5896.447495301829
600.9210452470171,9900.87957772788
4290.294838981345,4278.2021600226035
3749.5034862320977,1948.2305561207768
6010.315485739867,9583.728942706379
1123.0764232495183,310.5202333127233
4887.45228758398,4128.421298487395
3494.8364604408157,1376.8117444718976
5347.9257039087715,7686.287492857093
9259.494927371656,9459.48787837663
8138.827945565148,5119.67136282651
5219.59140736622,2419.4286263662425
9459.21641127313,3192.253599219784
3605.8110337314174,3030.19478310013
8794.539432570304,4243.853524192319
1815.3048088726132,6002.855127128986
6922.1836519036315,8831.061645350528
2835.4801899420268,234.25285373077088
8709.361591582046,5681.4725966792475
9368.831855335518,7361.732603947724
3880.9050751471796,6297.683879582426
5139.828625397587,8033.067551580371
5923.60233210691,796.5718734816462
9624.797729022082,6279.052289213183
7996.156393190526,212.0341930791403
6351.97356846064,4291.951109532807
1053.9945510834848,5770.325362118351
2393.848165628456,6648.251807320984
715.2255233178184,9355.021701317886
5840.0528861784405,4021.6608988696635
5282.085095334689,3954.204843195126
8730.264103792195,9371.391446692282
8299.191148450265,6897.127035121849
8349.150596144074,1239.7069120563187
4866.88304215026,5948.466831521584
8162.505531280305,3242.453637979952
3311.819220978357,3269.346297608462
2263.9750971571284,601.9418482503647
7580.459359837838,1403.0450010560912
6397.6521054986215,8915.94089223757
1238.8961214886463,1184.8293671986244
6059.62006431043,9026.407221241834
8296.52715187136,7943.839974140873
127.53514457220282,8403.78117889129
4321.3883667598075,2219.3975187918445
4067.6976079727856,2817.8006301473347
3776.6793985167155,1719.958690993948
5266.659094209035,3369.160263431276
3435.239535843868,7193.121234745563
1038.1594516018777,3069.1188146692316
1952.5250467409228,8805.339720600661
6484.620005905497,9353.701174693959
6479.246697438146,9652.115154458652
4885.787967385834,1548.5074475892557
1236.6244547537465,8372.046684592196
4668.896272638405,7935.213781916329
506.1176470474382,5662.803242008927
2501.7755372712945,4988.661546989147
7102.279181729298,7235.274239109653
1229.7375543133792,8882.5183585564
1509.2018445142241,7083.97559727218
5100.260816294387,4397.191989035984
7194.093119282729,6013.896437287048
9130.056219324879,301.3769865403826
6973.2193350237785,2168.015355464711
3279.3848297509476,139.4046442502128
2213.210685855287,2054.202646919946
3974.0187874956246,7756.945631347549
796.1410512867817,5716.506727153329
8398.769487803662,3112.881779875142
8504.946770514533,1744.8070188612385
8139.9744825327225,7786.747463415694
4159.956919522521,4656.706990006636
4346.869862308274,3559.0809907410394
2441.15128677568,1118.9225059353946
3814.7715135652593,7902.261406600285
9366.109891294558,6104.147345284336
602.0451818335426,2200.6244227502125
3735.0443592583724,1397.784774256774
6207.598108295458,4921.404161795637
1001.2238471504531,8327.419601388694
3466.3293692111606,5095.02841364734
3863.7853751460984,4710.491163316621
4016.5965838066263,9398.723964497794
5903.410841729347,7826.477222158112
4221.973906762362,4051.9522383041485
5199.837079989047,5608.281812180276
1955.8540751419828,2266.1060949172497
5180.115542105948,204.53960540248505
8607.26556374642,6076.29792746992
8261.118176431963,3063.5058348262955
2882.835325223011,1490.4316183613587
7484.090408239142,9763.82355698021
178.59576974740833,5586.489148010964
2428.344347849476,5802.341526863418
1748.1071144152604,6563.912841881248
9308.52586468067,2679.7439527861998
8824.833080105327,7777.988320875521
5098.048308016521,828.1027354164717
1509.0567995729054,4137.142441475743
3109.5706250077615,3122.716758519597
2183.4962727829675,3552.0976499854064
6986.11222221391,2374.3786150847013
7757.145110413384,3347.261351758989
3276.7021672508977,3268.882082638187
4017.2694444222557,9619.911110425117
7461.5349728962665,1265.627500881048
564.5463378475702,4164.539486375148
5145.46395115523,9356.435430620484
9571.223281426906,5963.185211504787
3938.4095946860143,2417.084538264085
598.1724380593067,6374.012865158505
437.14787664176913,9824.512648130429
5748.691644542118,8294.932240832823
1157.9570290158304,100.11949112723295
5502.262371745992,3352.2644940326873
6138.350063185037,2179.5745088757103
5318.176446007668,9416.811738947179
2631.499958825344,6443.186455669903
6832.0925487960085,1203.2516962221662
886.4587053373551,4264.437219808294
8256.165627305447,4023.7887338894284
3058.8322244871356,916.1625768801973
971.9619025314241,1896.1255397844145
2018.1649488864616,5970.327333698919
6415.419350408332,8138.019515612304
2543.117091252948,392.5219336067487
9767.931314757237,4518.162323269633
1517.6859344111338,4055.0250387125975
7715.037607617997,9238.22386083267
3452.4429103221787,1938.9703115265722
4297.703336814492,6763.528486147997
2985.09782917995,2016.4785993633104
2802.910717793623,7806.8959412764325
6018.3780361590725,5314.975560986828
5231.4431665084,2306.6125798340586
2816.7322239048785,3709.9731690018957
6027.530959818592,5900.97628203724
1882.370436439368,94.38005640291291
166.04378675537768,517.0203849959654
1244.4886084994744,9069.963080283696
3437.993746915007,651.7136376529853
9664.527475782364,5374.3512848166565
2069.9486020495283,828.6058995656853
9702.13695696396,9280.506804483355
2182.231679188208,6173.561198982114
1219.7497471360953,2622.1303715539557
1602.463060112378,5527.649579980405
6084.09093973146,8898.243249995656
995.4223617980917,9541.393539767832
3393.1078570369255,368.3289421705471
8243.827216841337,6777.163635104966
1870.1603692745527,3953.780694651133
8047.141404895969,7433.140045123042
8761.864046257377,6488.4996414999105
453.71369341492664,5687.043181968733
5543.336223786529,9587.011559029692
3050.5388561497093,1911.3836725783217
6153.619747197507,3451.342862499053
7820.34281504519,1735.9999719755215
7191.056242744653,5479.1372734567885
6053.29205592634,9060.686195224285
2199.252907036484,6981.885291509899
4706.670392286301,5732.206343979482
5894.042501883689,1750.4595968915137
1251.178857911438,5642.881220355755
8202.841493105809,4037.3008747324234
697.825140345476,2971.52888233861
4309.175055263114,8552.663414976063
5100.667297254245,4915.266178046576
2233.6103621374746,8865.683750916522
7311.018312359534,891.2139139522168
4150.572928867039,2151.37532460168
8398.21438941709,4329.9594423925955
7046.234387684887,8120.036507362982
387.9183068038883,5420.560354741128
8859.22440098481,1834.3631816034645
1965.5920122333048,4527.110901236394
2560.14855478084,8661.87239172711
5381.811809696502,6797.421168587304
4413.492180406146,5379.835176475825
7117.042898180083,7600.30307761266
5593.90384765104,1937.4641611425336
9506.979979154827,1428.04906215249
4034.55359138015,4546.691283128742
5214.853704089291,2059.7183475318716
1910.5081190621954,9192.055634820568
9644.956431651344,9961.469681476705
9511.781943094515,9027.073122834045
2871.775564987411,512.2049491411728
3103.5584847169907,2909.519840091672
29.64171898062751,9141.264435295892
4445.421286031172,1328.7828118709244
2003.8082001658297,3522.000761352193
9548.101154410722,1641.6765934787159
3119.7308317595493,1862.0421692830346
3405.3493397623124,9686.504811431752
120.18420450784939,9977.288979706618
7935.383878805113,1873.0199144415405
7410.692203567374,1509.180506277743
920.1558719211433,8270.522307816662
6873.298193277901,4915.641413066864
6674.056928239125,2420.245759580537
131.17104489437926,141.4795089705001
7282.383731403984,1190.632825501592
8236.573098648578,5579.380882902921
2501.9358565313078,7037.118535380779
8425.720346015087,5983.105230912606
3384.3454427120523,8876.057745276425
4679.543308810286,6730.019975845242
6772.521985273213,5737.5301524786955
8467.129269070243,9432.787234859004
4583.682747750213,8642.144015047234
336.99081603759896,4705.349033327043
2743.314538525804,7969.047921185726
3028.1101479516715,7524.628980221979
9328.135198238922,3055.8793933275665
8375.642927186318,6043.538172200752
5144.741821851828,1892.14990343461
797.6569730213945,339.71093925800665
7953.269694147135,4505.388734222029
5559.859734513882,3147.328997748217
7259.131824526842,5336.271116117884
1570.753700617159,3745.351633468199
1312.6420162564477,9753.640399565615
3494.0780370839198,6118.0859382039835
2039.7650710242576,3791.9753717800277
7032.94372548841,662.9175960112021
2866.1986620305192,7371.047591155301
3183.470176094545,4657.973972059739
6417.568636894893,5158.367690015394
4778.652502674197,5239.390439385275
4931.977419115677,3082.0487783885874
2165.0171039865586,6445.333949662508
4219.581001196824,2310.4347113901304
7166.797807309713,2597.583116889379
1772.5766506995399,5709.146998448279
579.0069286949051,2002.1566289069503
898.2904969375028,1352.8054403270417
5439.493874043395,9068.311953667531
8106.171059772462,4348.00698911898
7130.896813746772,8099.031487821906
1525.4565615630233,9813.50092388835
9258.338736042031,1776.191607141039
9912.983469041541,6551.519890786352
1337.5868421114444,7840.406670637043
1705.5623274856014,2107.340136605356
1677.7562779241284,6756.962512620424
4334.825318261295,9854.93468117309
6641.497638309679,1608.5606595237778
979.9469460851362,2511.680355640632
6517.687356260493,7858.227613631029
6555.0110587676345,2799.8221245761547
1589.9243881662285,7554.573265846735
4037.9106907026917,277.57832271643747
316.4092742037061,2125.313612647963
8026.202460690936,4330.667171341841
648.6986524589811,3543.8657465443034
9180.44813281757,6241.716954723697
9742.417200685846,5940.943541693066
3676.240932377849,1948.6577408106787
1190.532464668288,4393.065040234484
7611.886016076982,7146.681037763758
5134.077428165832,3559.0853359730954
6697.679877168137,7204.966665438776
6632.732290508864,9951.76727531752
8913.951213723712,6567.73609801371
3548.7237405070427,2448.71470893844
5489.111123738052,4570.722649837949
5453.63380827287,9773.866923896925
3672.048300825994,6983.591967644476
8632.424930031822,3488.1503459856012
1076.8388651107375,4571.765664956948
9764.792695170838,5374.129460019914
2206.594235981848,9884.075288095004
491.6522155599412,5661.87369468368
3987.0581000805328,2027.2937388844937
5622.272986521709,1702.6262830025507
6769.6047192444885,2.5580666353375303
3045.9274722654227,6578.838625035469
9690.768727521481,3969.007994624794
8123.76613648046,7034.408023128583
3708.2781328572214,6642.494019047613
7528.819364166794,3168.018996106996
6528.752696232275,48.31353331237298
8735.1842660391,4136.112286807057
1032.555015826795,3415.57940486332
8105.442361154756,6611.88602476167
9633.242920603168,9263.985865642313
2719.349752351612,2682.8176992334343
1502.7272385428857,1333.548674279893
4782.713170811169,9888.817995575935
6219.759606514491,6440.651574805743
3442.889052156458,7662.719700967448
2155.8741815924977,6135.568256268915
1918.1703550670027,8224.929501457096
18.144299023182818,7759.103136144898
2477.585066201551,7755.134684928881
6230.915275202678,1214.292457109546
4815.620864904507,1112.6026125606036
1446.1606931109661,9998.816666202843
1536.554755576649,9500.632592593307
5669.012907166041,2003.6025848676086
8494.104835186936,8942.34065048465
1057.7944393266425,5370.847946949011
8054.096769600659,1692.6448847740817
990.2057259087371,4281.06218585824
3049.470058398349,1872.7431601301846
2937.1235936161934,7216.724543504938
5794.043479841028,5455.233505796911
8453.005095996108,4627.059171263015
436.2999345265828,18.31125446900561
8882.576145466814,8622.185663237633
8972.178843061642,5507.593191808581
9757.272640098563,5299.748952487627
8169.505036831417,4368.346970207585
7716.846054400401,6559.14656852615
7256.49654945011,4805.932963669823
2100.739695566636,6976.268019231615
8749.875064159285,3171.1126551416446
2621.647925262982,3464.580370687482
3795.970897384061,79.99776041092032
6162.487190630751,6877.2903168825615
6154.528158006973,2642.628999210277
4724.556068666299,9302.901612911475
3473.312016448714,3477.2246612463296
5322.862744967089,5190.4249325188475
5164.128855873666,350.4683308059442
8893.823987514592,7444.902328079323
6703.244272127104,2735.207677631856
1530.877440643993,5207.531643915388
7241.157771499404,1612.6291128896387
9535.556422555654,6298.738780731119
2781.927539809924,7448.728245903695
218.74832092440232,6942.3036557181
8049.053085547025,9366.983288153471
6852.121196805824,5761.809235840961
2840.769260954381,4723.44294695309
9467.064529210042,1144.2212384143636
6671.062597569136,3329.3422457568677
925.9732508982843,229.9691001526183
7507.041376700391,3919.2084282131814
3443.478793605225,5175.877395378835
5706.79346325422,7915.124758250398
7581.0191496278,1731.4258452524666
856.9357003617783,3472.825091649695
5468.964830880704,1090.0739363401035
979.2328855289834,5605.243783974545
9400.649758824164,350.86124514662754
2318.989389477304,4376.542919196498
5981.844791589512,4471.367316370922
3704.7782141552066,6472.5607025036115
464.32821607915287,9889.507145789034
331.2214099614508,6096.193882343652
9502.59285867448,360.86181555163745
3620.4279957408335,2328.091760722111
9915.479059580548,8672.223155433749
9500.119589371487,8.77134193956075
6435.690688926991,7556.5675889170625
1807.406614195568,1099.1472310513007
5121.604476664221,2869.7502586314504
6454.133259989132,7299.121243671374
3861.196422894565,1566.0639633547812
5819.858117442067,1968.9185694449218
6674.083506123741,7594.381234313095
1434.7358196425764,7815.034776875121
784.3795850307012,5206.44398725702
8279.25813432788,3414.543906997529
6179.5388700062185,5529.917207860009
3616.7981580681953,3210.0468274318437
9266.410400326718,4695.852293741448
3468.3649562442965,3088.7913025706425
2228.9306360222918,383.31551358680827
8568.797273208522,201.374114288434
4787.164140560692,1004.0828875769537
9828.391903254891,4387.466366911192
2108.3553270618218,6533.843818471911
6268.559265946228,3425.18283946454
7388.130901826658,2172.0854467378194
3615.4476362463715,1176.9977775000661
5014.355233070385,6622.985394994099
1518.2326923907863,4589.207574089555
1591.9083051830173,6530.264467869535
7747.802746124367,3745.207600818061
8260.164644912733,781.3258371638709
2355.916180919614,6459.239557581958
8806.348279853935,3053.9892723593907
5025.093686240639,4747.344703824574
6422.113355862706,7900.419456742573
2322.511916930687,6564.231615671023
580.4143849491761,3627.675228140629
7543.920916288373,9505.897799613587
1196.9055759778946,4444.288617114731
8715.800735781702,7906.691155609476
6704.8264131949945,245.2289790470352
279.162684706965,1900.7296990907773
4419.4762419658955,1161.8596169800355
821.7091233820539,6322.451021028739
3941.743121240708,3571.383950359489
7574.989581000652,1363.3042606704416
1193.3700596731,1537.934098167547
7432.736088630269,3854.1514201358395
1420.1630478267823,8341.732640237682
2366.8141839757286,9654.38651341198
2569.607103904329,4631.728324766869
1894.5293198157376,868.0955895678288
7365.33608196008,3230.153508456214
2509.2359352313074,9233.640305307876
3452.962530696343,6087.134948710217
9279.805244387071,8546.701754971064
6388.739696553771,1925.228146185285
1619.42007972658,5289.6375974529965
7897.09599885899,8381.186233191527
3503.9848526796736,9771.602948649126
2281.491939941853,8399.166640664032
3518.805112444525,397.152110683997
368.2204912840603,7516.38465584877
5834.222799828449,6347.097942466963
5557.7596125314285,8144.278655671266
8602.721180489198,7185.073979015543
7776.105836350751,1024.2585512092285
6059.957127733104,216.3309596884333
5144.959756277787,1811.7672875000712
3598.580198492859,5465.360664871618
5849.992808206368,1867.1712099178817
2145.1909956484938,3828.7071643397276
9305.748091252028,4152.498983586082
4198.800097982389,5193.9410649330175
6802.6935701977945,1123.6327792170132
5410.609875235493,2059.643126449132
1710.7307761586821,651.8067021474627
576.8876739884344,9167.757892011707
5327.295353735386,3736.422091917675
7913.838180804012,6882.702616640379
4856.2026203945925,6236.8977514897715
7119.441791761266,204.64606270025553
8680.695170158224,5674.698239326507
3006.203295621703,8109.106741508988
3526.458150301316,1774.621820388177
7818.008501796347,7566.580195291041
2240.2986163545593,9703.202063921004
3850.353396682895,4186.860329734414
843.2300928076875,5301.1778427637755
8910.28379055719,2173.2858212067695
58.317666736018566,4448.738378465748
4827.846178464995,3743.3025015796907
7480.275386547024,7229.1307301375455
41.33439438845477,3768.4141633536874
5577.290156716438,4559.046044389576
3876.466179507735,9186.124336745577
6923.513846303982,2319.632100475082
4964.909914698937,6351.5374694560005
6164.849253287872,4517.795285909696
694.2457440723948,777.3804512273553
8676.502499623752,7990.468493301769
4424.423299805226,3326.7946321715112
9551.380100693303,9938.535420294882
450.9361511244603,3759.2164291960116
7369.498670587879,1368.13535541515
735.7692970483898,1189.5602418915619
1376.7187491350674,344.65595384650885
7361.747320022572,2894.38906006935
9132.52952134235,2790.4769770012495
5260.770600422388,7058.823063265218
4115.886365810677,3800.947197487886
4201.767381114182,4729.028367954865
1922.3468090907536,1121.5632366443117
7921.176660575884,6815.9964253891285
3844.549346220706,6932.671249331826
944.3021091935999,2122.012537006661
8701.666630647114,6574.630666494139
5563.924511109641,4027.025372759261
5445.351854001999,8827.182712780204
2093.631106310266,676.7258371761453
905.5359170465172,5525.734844924056
2752.456478808066,7621.481616212902
2940.2256543011363,3598.163246995688
3772.880738534127,9777.494190902396
7747.500587744323,3106.895889822211
2024.4052243327083,3592.8199559414343
9344.992521519614,4245.09702968142
6335.843357808396,3293.8410423386154
3707.069020086896,442.4061202546048
7028.240176606896,7845.137615717848
960.3242252545308,5617.652928673941
1636.383857142426,5987.583864960011
2232.697266383222,3024.5304222398217
4813.5425476222945,5992.024369770389
5037.766578309013,4637.064571660063
5324.760043241029,5874.0581946104585
8356.877172766526,5336.248859455564
2373.4868404476706,3424.650976130732
7074.940520133707,9213.781701011882
1914.9965291321457,9026.908036631303
1441.2273248569463,1606.903724354123
9391.656121454407,9991.285456363064
4825.333110561948,3848.2064852508147
3419.0839880515423,3974.1681087944858
6744.064868522569,1726.2044416569167
1659.9837556094199,8757.733745379248
4709.038682447283,8352.131588294153
7370.460150746534,2373.594254952528
6981.57696642633,6032.951262561412
8791.717366937388,152.49757089467076
3345.294806506306,6689.019724624318
7693.801369881865,2474.2978697185426
288.68535124331515,6015.882057561819
5506.989055171522,2290.4815928254684
6040.969927212023,3613.5352575034385
6454.6517614908125,713.6827244655619
3724.863690773653,8563.560129757927
1080.0027779107313,1419.1794455404972
1607.7658340378453,4939.04219362425
9908.34692000275,2796.390352979419
4699.896737064295,3064.688642924246
9496.959106894405,2127.781219279028
6874.112207129295,9237.086633908559
5916.3388543298015,6690.420684440842
2246.4799246180132,7682.237113766277
8768.218494619168,6795.7431467078695
6958.031664824956,4267.493734235542
2496.0473120916913,209.2139009867533
8698.538179545918,5906.326200477225
548.2181035766009,9679.748902193047
6676.654458398529,3552.935550064609
4545.637171744711,98.28885860101444
3905.687567335211,6608.539532710916
5140.638670825017,7862.864312151285
1592.9080338341296,5371.8016040788
2788.0982000923805,5472.534545156561
7219.08126982223,5665.065087360254
2651.81446129651,483.19273648937065
3959.1921429725785,7612.829398579629
4598.846722407013,6384.697177521879
9204.657757191151,3887.329802445726
134.5166640146278,8308.192447802125
5058.527775353343,4321.345842848564
8846.226017574869,7473.333567170273
9299.166708011544,4293.873626710695
5331.28782266724,3808.970394852178
4556.299412938437,271.5174417165767
3839.4940074001092,7712.051586601536
6053.185220863091,4346.232373876461
746.5833726911486,7508.382623543573
807.0241697918434,5974.896488272411
4150.557833390794,2263.3345306450224
6990.985232580219,4232.868591023177
3112.9559855076427,2896.6208148642304
5361.408785963479,9358.590028178063
4253.505180866587,8507.436513022629
2016.022850792394,5365.890977832448
1203.9381474730471,8381.38193421585
3946.898589180481,353.0568008365087
6451.0333192336975,342.81468308589024
9054.297212052848,8961.294871495447
9577.31638868232,7429.371079779899
2811.63195736612,1820.8153139641227
1011.0909623098973,503.5277009080852
3632.4865728918267,2440.1692731819926
7085.057059304648,1235.005403887094
3090.6774845140008,8809.546191681995
6390.878392434657,2476.6161620181415
226.47158679465207,8373.346011952912
6553.198708924713,7694.9760875843685
5708.815841029301,5732.081946474167
2467.043201060597,8730.553808140292
4432.223532601504,7114.317165843374
7218.986539767284,3134.0032446998002
6235.447424449951,500.4389825092248
6124.55850047746,2350.9579109904566
6155.307013727897,4447.358569836284
4265.561735251973,6403.849623967292
3333.484181942269,2637.0256641817205
2489.2792546853548,1596.047580398724
6622.899461563508,4032.622677923677
8063.898207242089,8754.030439624097
9707.056203791572,2083.6200457164045
8336.033848858475,676.1185473263042
6945.926442249276,8618.860895199727
4378.494046805628,7223.009674285482
3129.988713782271,8668.039682297633
7558.154401248769,7543.94409800816
260.5987762192996,6725.946159953501
2756.602896146445,7324.83131853675
8671.339345754195,2124.0953074209447
6964.088132947199,7619.708535373099
7125.7116737901515,7789.118341810795
541.2729995992505,8180.283580917978
2838.8219730809574,1909.6857675685385
1226.3962616804913,367.9781958021178
9010.279486277886,2888.4467108091303
2781.6441417243086,2778.183999788898
7480.101281354402,179.00002648490897
6402.029960685835,9699.122708014875
5127.292482474966,7482.450535117121
7791.816221707537,1833.9043750303897
4169.317867041355,2013.9817988112463
1223.635670701958,9853.27197524864
2864.973548785135,6005.4070927672
8083.380510504175,7319.9641600392315
174.1390331073378,1147.4317691846659
3014.6477296004136,6530.58718130308
103.2614670488885,7067.670473702901
432.49280247040224,6516.350288138142
9954.056391081825,592.0567706610724
1252.3377732287356,7705.721712935104
8437.702191693095,351.2133499037584
4034.172523576012,5318.266612495602
2756.5202291029177,4091.8737268221716
422.36605442216523,4168.741508525409
8588.70702320792,5379.588153563076
3678.1271128109306,7872.510899792978
149.81649162452703,4998.174312187549
3864.9030016808506,5315.512252413397
2798.549665455974,4935.359225372064
7269.226547275922,387.44504772114885
4804.136524252945,939.5570982132883
7346.9201903203875,4490.939058528417
4218.384927440035,5263.721404597623
5577.445643509954,5588.820734342879
9734.053066236642,4146.679354414337
7786.292530285787,7966.728061693054
114.15743020389169,5415.266799791946
2506.10519303494,4836.722805166363
8848.542847231723,3461.41393168931
2295.0346800254483,5798.329748808177
1614.3751495949332,2287.4823975168024
3497.293894911995,3825.6691399951046
8027.785059938402,8239.356570686425
4065.0148394547305,3754.6972053163277
7622.868333178918,5948.125554232626
7570.420997347259,6783.256019546439
5351.225621822348,1353.154417999176
4892.751792571169,8413.017218349476
7029.679780933591,3858.3485247252015
7304.504465244605,216.511812459973
476.65331044036583,4433.590574982182
5988.394976978601,4253.0541510949315
4785.380569464789,5900.683808453785
845.7715571000713,4131.625705400886
2023.2939481035517,2320.9416214986177
6055.633904137138,5879.339523082892
4545.15549217015,3272.1211812789797
8645.508663374216,5228.436711116578
9519.725845194907,5735.798122720005
7940.778372601004,652.1130334377057
1424.1626847846333,3054.716339502409
7197.306775492869,5919.806360805954
8441.253990058138,8097.755196860473
2795.934059721513,1298.3375901360794
7193.3935138334045,5956.6398630902495
1279.8686641748202,6205.606133314107
3790.344651970818,9248.385714057264
2431.1062164776386,5918.191209746081
4261.885052930661,289.28905784895375
1946.2529613601098,5545.682355455606
5731.622209016156,275.90291111045383
3281.710068675988,9964.438272284024
751.5901652059009,1667.6825431752106
7590.672719126475,8043.725318969467
998.0883834700738,2472.133905467394
6250.331961544919,8921.288724991431
3081.267281110528,708.8090455413276
6279.456236328632,2148.736549383963
2977.278693394989,9480.252045345478
6206.898669928569,3166.973641644698
1541.3813493803275,253.12867584904586
9670.693706553702,2371.072277250912
4900.08506837103,2290.331453200638
4769.718749126041,9319.187736087275
402.82947568025753,1279.5671767374718
5450.024092109149,7597.399759248517
1465.9388140397589,9998.36276466585
9717.593183743567,554.020215589709
2912.340452638903,6233.111673606823
4289.855766574418,5884.362229961037
8940.484713808391,5418.075339588949
6124.455635915179,9931.84770998405
7926.062527575043,2465.877505226207
390.16002409105744,2829.6091191841065
4909.892381057822,87.0586825945907
769.534669178783,7809.9958483905575
9374.329945510406,3703.2928943646716
1579.0076306164115,8322.041909579073
347.71845295715866,5864.580902836654
9891.089657283128,2179.4231314398758
4725.322281669479,2204.92559916732
9605.627113306178,4647.787473617787
9009.638065536188,6315.486746009442
6367.37701011616,8004.732627497088
9481.907372846252,849.0326251134251
4585.875733294859,6261.477629305972
9309.318762536734,185.86052618147386
4733.093696584333,9037.601366748464
3896.00071703595,532.1333036606025
7817.830858683437,9576.183093786129
9260.837793789766,4432.966524724789
5308.265424216448,8977.474056450792
850.003315719916,4707.428619411271
8219.425291366284,7257.735574744376
5771.068055541084,1023.6610643818489
9265.71838461956,9694.410403904372
8353.780418496908,285.21192232405343
9946.569117543842,9374.755504567387
6598.724270353598,1474.1238702681715
8679.34272964019,1256.9775943591544
7662.289940993309,5567.596513064843
8750.069175483413,1404.0789994641677
2204.692014413311,791.6136783818928
1937.8316492253355,2287.652962150791
1573.6919998756116,4781.281870708363
2632.9152870189732,5450.9408809027045
2522.9824558773917,9272.810741648687
9166.228616015804,7591.028516183154
4208.393855499866,335.63551791529034
9565.946376765316,6895.03237240366
8016.96894528443,4780.0408133620085
1287.1289051172762,3079.0107287890855
8166.321708049017,4898.225482603598
1993.4413612267033,884.4196585229037
4997.533153711341,7861.761607715412
674.2863833920809,7194.277641930362
4412.608353372352,9256.005441463523
446.690998071787,5945.270368939518
8846.636837574511,8063.807137441135
83.54906287788899,2709.446429414044
9066.957820084472,7950.152929978331
5251.735260267499,706.9399771147366
3119.322471049184,6515.986887716939
4363.311057809197,8239.979261461021
3894.1406229075583,1831.8229507257033
3302.7145673128757,8571.568704646703
8504.55204364957,6039.231776864053
5353.452707061145,4987.9454630075115
3051.6766236874273,3539.788568806541
3845.2709406449017,2696.2035962162654
9919.016127179542,5185.729016009175
1824.7979090706867,4267.478912492971
1351.2476433635957,4477.529298169122
8560.196957719068,5114.959240139141
4554.251523878483,1544.369485498197
8710.5756971699,5944.117370033284
8655.422133173679,6811.595228357996
9649.839473120868,5278.084598607236
2423.342698291295,8965.573126558289
1568.6440832844683,4188.947542377994
1217.4930071139422,2650.3595646066015
642.624270190727,75.67458297859764
4919.474940835507,3112.7221161966236
6550.687502761905,5577.069409648661
8021.921123330509,6464.726125310865
2337.287875968875,4515.314522832789
593.0375380265607,1818.7503124889915
2000.803254052138,7072.321981503591
4710.35666093828,7917.637250626687
1961.1368333789403,4034.546972953128
9369.302247709484,6523.606485810404
7204.576902206395,1059.4915980169517
2085.1941647849358,1390.9257005698882
208.71897299050036,960.2736420220003
3972.4117791157564,5953.892480601441
4700.366559127912,4730.02190513699
838.9340842734283,4932.438673534796
2304.730991387409,579.935313074218
6642.749624031627,1717.9902403804704
1392.0197770821085,5368.029791487488
451.6581513628526,6635.263872048347
300.8735341587032,2599.487403584438
5243.287482779837,738.0369518238516
5919.693631017732,7296.694219526265
3573.06623893898,4482.317746443027
6234.005160706944,9103.124615968318
837.4303917874238,86.62148050049944
5170.755785463309,6140.906953073067
3094.627834685495,2821.5617238843515
1171.3773121664462,9357.51121606332
9786.850048400112,7106.7659509726
2506.3328018839547,4775.8213681147345
1993.3202195260303,7482.010371127243
7145.415802522226,9616.380939977427
8810.64090699818,3756.6317335723743
1732.2654064534916,7008.566676357839
4930.934205089507,8643.410742011058
9349.439457505794,5942.17192090977
6689.576408064469,6208.652090798011
2286.8768339305957,663.5635180766875
3448.328424974453,3085.5683796916346
4604.690886654689,2092.580511583263
275.4633473812107,3250.5500003905163
5565.272343515735,231.21565140032828
3898.39079545099,1021.5734734346415
818.0645032492196,2601.5961932678956
900.9897962053326,4934.356220946992
2488.11258067146,9293.966430163962
424.13767993724315,7079.434229325107
1166.3927729383506,7124.640524369788
6332.866846564813,9353.513166366029
4214.190311230604,1598.157886739442
201.38663575020587,6287.729901193388
5339.930513607026,2128.862738537084
3556.2318454181727,9662.863532833182
1022.7434598793328,5353.2549251173405
5872.161644244675,9765.518892051368
8055.598422321173,2762.7414512283544
9583.060816857746,4140.13579288305
8507.126737295826,9482.545124925473
9794.294655235159,8371.32880170826
6826.811869515267,8652.31843224605
8406.334793548229,3839.442629052936
9350.787709740014,5675.416206103126
4018.8946155760154,3056.356613487905
2403.1173168459927,3619.7300678756706
471.639551015004,2000.1703244044622
3510.154336772158,7751.454807407072
4024.3625099372425,4210.583948851319
4473.990187164379,7832.336289884907
923.8078851824549,3200.7175493153695
2319.51139362037,5199.582850146609
3073.1696889065074,7506.368400644271
2890.0021211042026,8755.058438545884
5176.608660231838,8617.387226117264
9434.417307782873,4428.8654701388705
2470.1166723949586,9485.878528873312
713.3880749980958,8180.626153537077
8177.404256659254,1946.2979198952523
3817.655326827446,7108.010476256761
1007.2147467181259,6843.085691593479
7307.881434558485,1107.166897082229
7197.528138777707,7439.626035804909
2430.040824880074,4326.820557848337
1840.5695167161118,6522.81863259085
976.1788778177927,5166.395805855392
2452.0372818395376,7305.421607861724
7909.588145974706,4846.213653907074
8088.895650071711,9025.635910444318
1795.7091137802915,1811.9442518201279
6092.313651426228,5328.415918286591
3738.69232817302,4045.087518748507
2040.8846670151092,2675.1173013134476
3200.3357454145907,1325.348338741421
1502.15036194555,9085.320495141126
8381.126616502048,1837.352992994653
5511.34295188921,7766.395208394247
9701.762679882846,1876.541604638785
5000.880003223828,324.215474481705
8550.283188434336,1765.1488513091329
7825.853399701963,5990.107265511811
8178.512711635641,2002.055190372737
5591.585609084627,8504.430134944938
2048.9901734200366,7392.222046619677
2567.953760007401,9430.212327164265
6318.850353311217,5086.428940768596
5730.482446900259,9186.082698892667
2277.1321080528783,8009.284894648538
2854.862140297257,3921.623572453371
5932.676003445409,4133.487687686486
4903.080954446218,2696.1156185390323
1767.845734979685,836.7918408560893
9588.41323098798,3555.296762644341
8202.612019885,1431.0505282141405
6612.5778448946185,9333.543355141608
7660.705247254993,1714.3962646878574
3627.808121574817,9529.11495256082
8892.380011991772,8060.20072446439
6239.135371422509,2384.2844626773594
3743.1557905073,8221.868172530687
1749.7686226509556,9527.65621839142
4402.262127541592,5093.988303692342
1333.2472052934386,1234.3614993800545
3574.1941076632743,6069.86591041214
2217.751354762927,7652.551754436406
1421.4249619629427,5950.506432560321
1534.45988764769,2407.012288299342
3797.7964129275165,8898.156382496629
1063.6397026359846,8051.522466404035
1128.784242446269,6488.966602155949
2933.9985803387635,6212.134025305924
7686.080441699289,2875.3327871175625
7411.230319749837,4432.219600675201
5732.709828498869,1757.398396249562
584.7818829757767,8765.435075533967
4333.435373574548,6228.136975369594
9183.03927498734,5724.346200991591
7402.876677613359,9467.794740409721
6067.226510103961,3426.3670283356696
7818.2503383398025,5677.286255040871
5017.702396645136,2443.5191603838257
7483.067124881604,8710.646262212962
7970.333919667429,86.38131712358388
3709.067943633907,3334.782445049903
7037.497434217673,3457.272637845017
5414.697314070568,4212.1187486219105
1405.6926117219725,3611.542689656347
7477.133775702228,8689.713660494339
3023.9362862060702,5123.993266080262
7254.9539868025595,6126.772438134593
9652.457239785543,1092.903679655698
1097.4077757715272,9047.34795449024
1729.6453213910302,4141.587667572405
6158.709125695132,3462.356275941293
6725.567423979737,7976.641676344688
8460.034202066816,427.71445242886676
9930.033885216193,5518.085916650039
7651.304811873208,1715.2542449114594
3798.701551301281,4429.187336794069
2998.373746559063,6176.55138932614
1993.6036553255353,535.0638039508959
6773.406041767842,8993.764799616221
3201.5722843522963,1740.6772555011596
9788.201265638269,3436.1219581353985
6264.4899510508585,7203.975223179753
7253.5679396170935,872.7849904714413
9057.940832976246,354.0153891505937
8801.941668759531,3439.6095991020024
1798.194501674888,6024.027914712376
3523.421906406233,1080.4526729964625
8962.080742273594,6763.652405174896
283.568920574907,1897.565720135016
8362.110750760974,8951.68753613668
171.17376685934272,3330.8539668055446
1214.305552417967,5706.78720953051
1739.5334838852373,8036.646678278552
4246.366339417384,3020.930079841795
1952.7853509612369,6023.261753288992
4737.089691143411,8825.194506710153
21.495357880771948,3185.9176521722966
3054.9418876321874,9846.7946470162
7829.563353555489,1838.5633545524126
8445.328492173598,7023.761796709178
2330.775326893436,382.10840502387435
3348.4596088793896,8683.776800770223
1385.2126387549824,1091.4424175563563
2977.1346671453425,9187.622110750639
4842.273873440914,8723.551641491702
6623.5577722425205,8478.428362092382
7832.288289327735,6934.357736835162
5650.163410375284,7597.854240493335
6185.103712586662,9860.17667755829
1591.4491289718114,2884.932662662718
3812.616928911655,2385.591763303111
5491.33958753756,1619.131906780157
3284.9327381109183,6744.844562131729
4955.187600937197,8686.188623531794
8864.137493580312,4172.400613696506
6004.820969993858,5158.3794580106505
241.57288290568513,4034.669298679593
3669.4974397346336,9128.89691981847
7890.489980215573,960.6780073083165
6548.236178236014,7228.882992287722
9118.497157632048,6728.401580726002
8521.909698262813,5585.298595487868
24.956890543399446,7106.526817263281
6823.190339905764,4052.414437494314
4534.176358784108,6947.378742435922
9965.512702641847,6983.622349213161
5518.284741138427,4064.4932358599294
9630.924837398086,6195.063382101354
8992.60278388405,4690.406169252415
1093.4663516233668,1214.6502217825594
8535.57557556001,1679.6383351108168
3343.7112685698835,4233.567779273959
1001.1634662645008,89.71447193460658
8785.01151386989,1615.9520634358814
6332.440656323382,1794.7123403638209
8100.319488188441,7136.694640142838
3618.4078406762455,346.95107255825695
6366.172318654516,2724.5665479102154
252.42999366800746,8957.98667511871
9639.890815749652,2566.7590019652444
3174.749701515277,3561.9985896452467
9009.527562784238,1710.117469594168
7784.030138269687,9105.761721757408
4731.291820455389,3585.125882970447
878.7992521558707,3104.3718113776617
3057.468652454215,8251.329464408576
7536.223819281221,1987.7838680312389
1682.0688541826835,5061.9359816071765
4996.689540782344,930.7095902395434
8622.812035870485,2268.678492668473
835.2687806100878,2714.3249879183327
4674.378928014216,7946.884608000181
7370.423093146692,4482.5402551964025
2421.278972255748,2270.1277635781303
8174.6029344539875,2803.2554734473724
4954.6009141072645,7636.092978268005
7640.278206156368,2458.817225897911
2848.365083067571,4311.7217195343
273.7564938536752,5318.8494434637305
5902.229013703592,1896.7921497410734
9956.365946640508,2926.4603305637825
9466.823095992238,2575.504499836785
7054.783600424148,951.1395247675058
6638.27321900239,6109.145991558983
1645.234122477469,4126.184490892597
6311.905177501579,7221.604572736068
3005.5582366849862,8857.94998208583
4916.220638833754,7811.191610432416
794.4052702823334,160.53617161405742
4388.0848509600855,6260.234737779396
1152.255739065554,4091.757111883324
5099.746197335964,442.80273572035344
902.4899457765733,4651.91469395177
6535.415787075246,6612.21763989864
9336.475547779684,2858.180521549324
307.1892892579786,6025.290151486726
1114.2071744020054,5945.660502048668
8124.9503984815,5874.688998733381
6876.568982744035,1235.0058020115916
8808.189136988412,2791.4799517858946
7679.889975676849,33.25758253835298
1053.5192297904127,6032.041052917427
5802.862432331607,6997.275449035463
6107.452411565964,9555.785241541242
4540.417948557089,2793.0106276354504
9735.986538339277,7308.871915845234
1994.4190353475256,89.49319248834576
8500.124228431127,7337.529586613028
7683.285547917926,7137.376776383255
7131.63061650784,6481.285494842083
8476.109009143853,324.98433973013994
7328.63644794537,2239.1785950951357
5740.645127907725,6240.508308984143
9086.325265217816,9408.868589483609
2040.459124522781,2678.380008287263
4290.5212594243185,517.2879113562656
9618.489476563696,5058.251570092101
6642.499464964568,6810.476571329853
3628.6347047958134,8205.193340128711
7439.879436553758,5169.073137195986
6574.950118892246,5525.74699655858
122.82520433045896,5738.633889712937
5727.123133384778,8346.332211623094
9919.702991957547,1239.7170076090424
5121.214158621291,4819.7879346008285
1911.4701924298206,8858.426510310335
1056.123000119158,7565.826472967401
9452.544384618992,5891.599352256508
9913.694379347902,7405.880970202688
3692.2787163530456,1812.5813459252026
773.5642409274035,6144.482553116546
1043.5807907453643,3658.6080916314636
1073.66209874327,3142.3118822235665
389.64362354985127,6248.306178974609
8301.50549780892,7461.57305588345
1734.2825156533913,3773.371966983141
392.6651918044277,1212.5671246637826
4970.325090378404,9808.021605540187
6790.632009829847,9472.131498576342
2812.2247881796147,5271.989726441627
3207.4673465597593,4227.6263215762965
3405.780702872595,5693.718895077774
1203.8222347069284,4909.278849359621
9956.92311236237,279.5025569587106
16.736451193980486,6802.778430247337
1281.0353137695774,3662.2027058087224
5242.478296739783,2.172613853121952
1142.2876379153925,1958.1689713604444
6226.3179555112265,7990.25577704904
5026.963710497496,1368.412653171681
1036.2282494524145,1273.0193000548163
9454.891146917109,2163.163435578506
309.0279251810446,3915.0774292092938
112.34348757381052,4738.629916103741
8354.122162012845,526.8233395782851
1134.277118032554,9418.540535016244
4737.652716680835,3373.734300334702
86.74150005023695,1399.072860605849
3928.9058920325447,5366.494552154859
4781.92384560398,2054.9098878132277
1099.8503327757014,4668.660233163468
3194.2657960966026,3128.148672525134
3627.148410391531,1968.326431365368
9295.31102698039,5654.021478173518
7310.1679505707125,2048.458912705773
6107.67195626638,3663.4782263501543
5038.867227654417,6192.559517370745
5376.131783534086,1210.402126561657
6818.805458602106,1285.9294071872796
1587.8924144534435,9293.326585775441
8224.399374860295,2400.971758234135
2924.986494462235,1451.3102162894697
939.503983062051,6235.375175531915
3141.9637244104024,9841.716232266392
2018.6234270171387,68.95365968544232
5732.772959416531,919.3069675828425
964.7131155356336,5072.198862472184
2142.201349395496,5102.350861917581
7381.41921561514,2320.1798976821665
360.67090608147834,941.2966696086844
7692.917641461359,9771.20564245346
3130.563604787402,9264.22975494246
7615.427197975872,4350.070240113254
2971.423988610227,4690.863806567205
9957.197498274849,5542.521676744145
4626.473272296302,6277.124811011117
6800.6686763595935,1366.024694492356
9781.587876368152,126.14069964347885
2282.0177107683903,758.83959709662
8743.448184591303,4765.062231576654
3130.208293071268,4271.760343644451
4886.143606062739,1557.3385567563892
4105.014930995329,8165.087864313311
2224.969818800049,2902.6846835652186
9666.209169521117,8601.485607071512
7375.413633034556,9227.046761465852
1504.8541492800239,547.5044810625873
9321.999312856431,80.44937979947319
5989.820250006652,7924.161052453655
549.9415821215947,1170.7027750136313
2664.190505239121,2835.506915028898
7986.028318796359,8185.7615286634755
2183.071944383709,4299.555241845868
5745.301625516009,4922.881889634188
5262.289272197668,2792.380932012013
4127.513388066294,8577.633380146848
36.59928846664662,6115.743799629335
1113.6623690079207,6687.131994091164
8201.062814162646,2648.1358960876746
7427.604004376407,5833.183480511387
2604.462398214463,262.85216781625877
4472.58003823943,977.7073614198117
8612.237035762071,1847.2715592056643
7881.908960460378,3467.5521630176086
4780.041358957383,5929.897992168171
5868.311455145597,3146.038856586585
9978.221734873057,760.9133907745003
6164.92551427524,3000.4323302407433
139.29483170015743,165.56880364578254
8075.2146512121435,696.3324325990706
8859.294914072596,9878.331715947445
3816.3173591797386,899.423554033294
1508.0919298268213,4468.408307478837
3676.0548910590273,2841.3447189473727
2831.1928314000534,3203.5240106002684
3813.1229289426537,1266.488004581533
8719.713032999127,483.111432675174
253.65778850326313,9229.746033994476
427.437934702537,5498.941342188877
6070.392918484394,3113.8296689506096
7801.716632564414,2925.3072204575224
5116.864669762938,6490.852001912767
8631.079092315531,7342.471380649275
6861.708434221056,1441.835785998935
8973.563516030687,7507.098092273176
3363.4384187104306,1012.8998700209324
5328.385787121315,1455.424593083352
6024.376602371482,7074.917059742198
4194.382614378458,2039.8856998151637
3398.8179126480522,3810.2037832948045
4733.679533450278,8049.155272410231
2847.0869320349966,1687.6837191824202
4555.798120592398,8976.082589006004
4257.778088236629,6039.528789569396
1026.9028018156268,9620.675604224127
5253.250004822386,9216.870198278766
5805.579229577898,4492.195209021238
4970.49377391841,2860.074150449362
4474.007039600933,5619.077654937779
6975.850290502509,4974.522581093484
6538.98687768339,5382.81186713043
2103.19412580497,4686.932279192722
7586.694466002844,3655.605177365645
367.75405755138604,5029.076142652195
410.6265251326957,709.9846185294178
5891.660856793346,2738.7231776879307
2506.543888292707,2697.9294231708764
678.5193724024707,4919.588752003855
9789.98312531466,4035.4479152629806
6501.140418917804,1000.3334924498786
8431.964640650769,9771.64954709087
8185.349779349509,3946.0618768463682
2826.688020647238,6124.822740198509
973.7582157332736,9299.845217898446
9801.87396416874,3738.4671944439574
966.2963552076842,5182.0500485645225
2339.7824031241253,3682.6303646001834
6575.24043330921,8679.994622987479
6335.28889936013,2607.0786632734844
8052.156400136434,8817.062673955463
169.56977948799025,6529.230750965813
3672.9364447198054,3954.481388549457
6010.555962814773,8004.1824901529
1500.838868825296,1317.4370157233595
1300.1416751940442,9336.763382262237
8450.91230869115,4623.776154429984
9478.313467180917,9729.057080767321
3849.350302806458,7415.456197716185
169.3088442004298,6178.550730130502
5520.105426489848,2536.367764644414
4762.767431079923,8545.831885870724
9280.131745007533,4659.233703748609
7807.681899111587,7655.244026812697
8463.138119375317,29.300495582160746
3798.474268238041,1320.2517759844025
6859.906576089303,4257.221531913411
9696.033171571975,7557.372146171648
1365.1226840092522,6097.599292452315
2591.9088141485213,1575.888883523544
5413.516006608667,9331.37155460155
1879.6537476853769,8268.67605227163
6267.314547590078,7032.6844347604465
2700.5114622453975,2503.150062430196
1922.369571777066,7330.351893380127
4137.987827813885,2675.510595570829
4622.699828543975,9083.472025521905
4970.381295865191,435.7304740181378
1239.6159040158038,9445.640096709876
9778.358073963815,2432.185930921167
6659.528337946155,60.68097672713102
8589.321089048162,559.3352083187242
5719.010938359731,7531.1680769439445
9794.48868741912,2603.9575616155066
7340.207453478314,4277.335008143116
162.1985691575256,8896.350766185176
7740.038398737602,3227.106691372912
4404.298941311063,4464.586524300321
6452.115375287859,7464.136432059654
6386.311357284048,8822.442181289878
4259.043803636766,7181.962164213463
5033.356578088266,7106.3242463710485
5975.152269743436,664.7193922220196
6981.027470547271,2734.7142542741854
6239.7138183554825,823.4196151004858
2947.9847493636958,3779.2937414752037
9785.95284671277,7957.967461886953
8796.396719892335,7490.802282355116
1131.2807641932843,622.2609727463168
1232.259145364526,1667.5054694900316
9832.440877729547,7217.473274086132
3675.0706776735533,1181.6805504021434
1504.5534848021625,2847.049190118467
7673.506224285755,8783.25363662991
2673.7254564298128,7291.060431437028
4349.124605644511,88.59387311935252
1229.3248766787601,4768.668986194203
2403.9972750814854,8064.385075081224
8588.633253809314,6579.2667609589635
2780.3765374891054,7570.690689139383
7336.089583568256,2514.674954308904
7844.204114896701,7798.554238704649
689.0002173422749,6618.127010939
6541.0193942042015,1906.3374610509443
8956.66965009718,6203.6634075639795
4152.657884937019,1080.8102750552262
5775.471093175805,7452.656434266487
7192.995792541925,5039.798700798632
5231.832810469753,1922.3014978277763
8963.28777973474,1265.0690269385966
5715.182446365915,1546.180727760702
2771.0957858341067,664.1890028506215
4806.056908364413,8404.891235469815
4409.50582392805,6565.93032927204
7343.470088264038,7367.241411888096
1236.9758151636545,5951.856822016483
6720.403768207782,5145.555878713466
6233.228941732505,6848.229169692491
8909.037270374174,7153.422154869316
1642.0800818631753,7136.405320131755
9463.348065577507,8365.580791066333
5050.03808604126,1923.2886269403805
6178.627041686769,9173.305311423499
9462.57347831027,2589.455775522547
4801.944537374014,9840.883594231764
5172.540340853112,2099.87624763861
9584.871406628348,9492.468430252962
2308.2239740460964,2950.894599038506
4679.752891228878,247.3169377757356
6061.106555044173,9180.966220447219
7850.619851074729,4656.344857031612
9840.386104176843,5404.510121347277
6356.501745817579,2490.2746718333224
4505.076591883631,4171.3680529870835
3506.8202309796193,1688.160342682431
6336.10805913618,2420.1910651688077
4899.033779299938,4722.0143362830695
1819.0705210323465,5433.013476189773
717.909325760031,7046.400903623561
1111.0939994771386,6528.874562714926
592.6055558610133,7692.875697916111
1691.8053477187211,9019.16560157627
7613.881029169096,3060.589541403421
3084.5267770463956,3646.48049845386
6778.269493531587,8858.964828348153
8130.412546145137,756.1597063929937
8933.032005320669,3059.6467437282327
1428.7318182310983,6659.655121745684
6466.9311827647225,9690.098859869464
1645.3330258057663,8467.028796103887
6630.820313611295,2161.8361520792005
4795.907701286433,7094.579360891837
1920.3353012695602,8132.992802941709
9430.343286373676,8921.877261518915
7749.060194837014,5556.634918308784
3039.0634388270364,9270.359679686531
9189.965249171586,1517.740668555364
5264.966544130441,5251.113800265131
9706.695321760202,4944.483707786194
2268.734641047382,8467.182023414764
7486.599306213304,4513.120288418765
81.28051887570487,5107.393977296983
5474.3387974631205,6645.12305459193
3679.780748144532,4684.980390480068
2098.033026355971,141.5867403374671
3868.1318521515404,8734.188203196765
291.75994355986614,7007.212075725348
1553.6201584453513,611.93501551848
7433.654515090179,8248.24223174374
377.4696776636688,4709.525046301736
4890.248323553662,8828.681821233768
9161.248155518871,9579.875175322968
942.3953942922092,3726.731111363342
2988.7952890122606,2231.8667705024563
1306.162558372943,1163.631657500346
3242.998528248464,8561.94601790518
8984.25153058448,5215.25933488721
3753.437785834862,418.1529261539618
511.7224970709655,4435.779694012931
6701.465798550804,9151.245396251523
1108.4644451806225,7119.08358682826
6601.579490321964,4717.1980911996925
4718.329942902457,792.1108477348592
6360.133684374328,8224.143073179943
3703.9569962918326,1756.5511305246528
8609.669400498531,1055.27461765646
5029.3603869053995,785.0112377853102
6106.685476911704,1564.9465984545063
1855.6777179092476,9633.763100692491
8107.706342833735,8375.427444517745
1146.4441978070984,5707.556918937346
3513.931929145182,9036.381829776348
6693.292878576794,7954.310943559253
7741.489593794301,1649.1092040179278
3270.7346923912874,5356.118567856436
6130.437825527083,4352.926531675637
4989.213658034781,6019.904313550954
8650.940434257454,8363.532321700088
1949.3718959871142,6374.138675457157
2388.3518771956024,4895.321115203457
6856.2753398179575,6483.911197093035
1918.808798008409,8699.288723768352
2129.420605601693,7891.080396417379
5498.703945760727,4416.77941275873
3613.51226235734,5860.237691049193
5109.430237042696,3340.653197500687
9357.39925216534,158.7016692752452
5234.380221717234,8568.39705767957
6839.745908363497,1273.359354238498
5407.8967326925285,3782.498760735118
8940.48497479375,8652.35176219685
7633.278496420693,9051.178311560703
6033.008612524651,5132.559260018027
6055.677619437436,1089.1721965269453
1262.418507472094,6950.820295954813
5911.231581341379,4309.226116119486
1458.7077155049121,8521.667078500706
6005.201157702551,231.93537496171146
5442.50653685859,226.65332092407064
4408.608829526315,4720.483146648873
2347.2937275129425,6600.399354078851
8332.68729544993,1135.8648174989073
9423.534470559649,9850.14928529378
5739.355815825036,7897.158169400539
3080.6706789853856,4024.6290154315857
4262.688683400619,9493.343144248163
2196.6785723594253,9318.277744991236
9713.042977280456,9392.419792922154
4043.8301322263446,2625.8192421763347
6462.335463200605,8396.499064843281
3398.4106670571236,2586.187247728344
3.7311271517292965,9673.769703544973
7873.513244202531,1412.2401136887497
1794.4696010358573,6168.128855162527
3829.3917851067263,3288.291211712965
7840.434057784469,5856.465972204882
2220.839935379443,1844.4053712786301
9973.584639041203,5465.107816450374
545.2273487711667,3455.3551595681874
1032.7567741189214,495.7081430079735
5076.856781019706,595.9555295402085
318.59965843256674,1584.440159917715
481.3411469484175,2593.024926258436
8238.085802684176,3372.2927983690665
6054.766203785137,8729.349090597696
1217.7745109507853,4049.306714137847
1848.009437011736,4829.177645341483
3086.6286527978104,4001.7344086735798
9225.563909822135,8614.533940055106
6894.703157655773,2478.8759426179863
7545.063481917903,3955.95013115423
9160.156487749373,3883.6860420388807
9568.993782411537,4924.4562175936735
6277.624518955105,9347.837873279082
8301.585918172872,2119.8729342689758
9777.151475167095,6686.665621847295
7637.357628779612,2922.0077400884493
4659.870221688226,782.6508882388928
6055.556017010169,9360.459520412916
4416.093861916744,55.6121357103101
6034.960645704993,9862.057807080098
2642.876501840693,9240.1612227061
2181.679562047214,5281.673866822968
3609.605217996352,2738.6400051996716
4076.4056407266226,4363.992776143066
5745.956229746293,9899.31737163463
5931.129840745267,4246.444796446711
4730.0992435754015,1361.2327171480365
5055.081426972911,5512.255614688255
5320.339628213359,2630.210803826117
9718.64383932592,3334.9105361567667
2648.823022555402,4284.303583190866
8688.772739406359,880.199809837785
738.6081789190702,199.17568853362266
5624.486073321302,1271.2078121780369
5465.008521871483,8819.892392990585
3186.433624526888,7670.3636536883105
7224.411253940581,4002.188385994535
8515.116589038245,2370.8952475782075
2425.050403653173,7311.915708774312
8171.193057987314,849.8543087961352
3161.2373016381703,2595.523492157944
3321.0701648999507,1143.885856701663
7362.202996239732,6060.450942652251
4532.765813453131,7779.284853468182
9399.162359886572,9408.037252121469
686.6333539889124,6265.237389540946
1590.3167104887295,4285.869681435962
4636.534712569629,6567.36540387969
1770.5120163634015,5818.635230803409
802.0110980572259,5674.356693402591
3666.933021932615,8087.072326770087
1044.533887670458,7473.05620926063
7207.797850311011,729.7647684714037
7612.016614567877,9889.965485451448
3879.927642374561,9807.688363516649
7969.5860976712775,6547.039229960262
360.20584867020864,7940.907660101907
6953.084270260872,3141.8034836186025
8196.909916085555,9486.059381896623
9121.48185930863,6983.042322699451
5761.614423260224,9173.751285429704
9578.059216613168,2558.442975554327
4527.653128798016,6573.979590370193
8951.761009020665,8618.948742760434
6218.914520289,9674.459621856593
8203.294697564677,9817.937575616597
2201.856129160974,275.52345811257874
544.1158532696588,8428.976077051611
6323.326105484251,5977.351544631257
4443.95616338978,5342.421935460698
894.4864918256068,6427.7660681464595
1769.6455984385595,6927.865327045417
1954.1379398920844,9022.637139320626
6368.973390328087,3695.1846154141676
3623.8342333201003,8010.4934250919405
1100.1844341866674,6687.373869732858
3664.4316371631303,4527.077279357016
7749.988149105607,8508.439606437632
4719.530012908707,8007.281055136034
7416.513198795448,3286.232588995971
3821.278616736147,4382.72068290518
1707.3462895011105,8300.404523879839
3693.51767199252,7697.096365796242
7664.657543061496,4657.863368654603
3722.765893245963,8283.392310124047
1244.4709857643077,9971.748319510669
3954.646039053006,4379.895121987609
822.6744560426436,3187.899223373637
5017.038102878561,7198.399186116129
7838.424023398208,6563.322903561702
4005.197285998231,3666.0827201285606
5392.656114446089,2839.9664577286667
8317.980970889654,833.6995642668077
9940.569698147223,6206.088733144606
3413.989149022448,4730.848220690632
5540.667408327848,8249.429082222461
8268.73853884323,9218.525658839137
5428.329069501859,8872.999085370708
981.5686984422545,3142.4054969813633
1166.9834656521184,8347.730424537845
8442.574423480302,1732.7299189105217
622.7526615199064,546.3481954809101
9867.09436579281,9476.296316296026
402.90898597668547,1729.4461547773742
2038.4951088935977,6291.716799986689
8822.857164838544,7912.779056381909
5433.225675563891,4952.585375267985
7690.1567595797305,7350.471846035286
2592.2150313544057,2581.883931861153
4136.2511524632455,5302.8150881892125
5619.010869439898,7459.4014594393075
6420.318752984051,7657.841265428611
1491.006585286444,7367.234512314504
8029.850270328093,3643.1372151141795
852.5382082309674,6352.212975819371
7539.3004063744875,9239.149782678216
9574.55659641884,8451.892025666115
4551.661658856444,1356.5062857252951
9568.029777055506,3841.746685910392
1711.3677668606053,6970.184035380385
3396.9627771064,807.8272361527062
3138.648158425168,1711.8562814610762
6260.183497773455,3027.0504933174857
2681.3577187223623,7679.611486867689
2760.1948832374624,266.55976366105614
3255.553738066367,9973.26434542516
3911.560672776283,759.7256382333284
8755.99672207907,1396.3202543340126
8161.358780309479,3210.210550045637
3994.312820880902,68.7670329991552
4821.270362372634,4746.489168861004
3527.4687987771904,512.9680434576222
3257.5207085462876,5089.422522020419
661.9142941736866,7764.7085187516595
2631.1826604603693,8984.555691407266
8335.69736913436,2003.3004060710768
8521.450456833318,2336.2612969366446
5541.50708421286,3527.074275961173
4818.784350026097,514.8287606870539
8895.633630641794,9504.385723006828
6273.269250131195,3966.945648946372
8721.505668142252,6444.147934183582
4255.7339574987245,7459.418965282628
1020.4937638529566,5341.5378904030995
653.3053726750682,7928.466337924999
1924.640914038921,617.5956234090585
6251.787532081546,593.2969774775288
1253.714397548955,369.7105135791623
3149.537298086167,4599.039486050431
9959.257325275066,3844.9628401664827
5388.426592698621,2118.4280014459155
5484.059360046442,6010.874930578159
8047.122706324266,7063.751258038646
5073.127995431194,2181.641628853619
4074.888603414726,7867.320051994094
3659.8452178411335,6028.721770457159
484.2660448438596,7890.090802592988
9824.010758229315,1011.1932006292845
4915.949270509234,6893.482271443168
9958.113183544834,9800.357251774953
849.9059299870548,8587.199362695023
8789.397662480616,5274.725496884065
8842.205406620002,6218.046808077249
1842.5292787842695,8779.871969750595
1549.8008256297392,3789.755123835441
923.9712393315369,2111.935479237562
8828.644417472837,5741.507136773413
5398.672280266846,7102.143636334252
4916.569121101916,9343.090527326207
6762.847382751439,5000.450722998594
6214.716081799527,4589.213289391386
583.2442954007422,4964.192752073867
2957.048553652153,4435.017621198563
9766.194178916006,6939.150692072529
5337.819927622503,4873.675235270888
9159.583717083357,5044.375313844413
259.00147486307645,9758.84055966105
6221.127564488816,2585.870270287973
5838.9544065220525,6094.791469913531
1418.0372174925637,8313.329005151736
252.2201702116078,9808.548234012595
1142.5323596018823,5928.588916861582
1197.58206517397,8527.862749562973
4593.693198866804,8996.300397145123
1291.300241154818,1662.4670219448556
4516.459076799279,290.63614774623716
8471.534244397726,7044.805424023016
8350.212945808076,7429.180350602464
7483.503064261946,8856.025780338228
5607.500375481705,1939.2756906906516
6671.780703922321,963.683013905755
7338.556735820282,6830.5007102054005
9158.294509249446,5035.702226949218
9717.445234402388,810.3927017089007
7864.749201302773,5463.917852107188
8608.214007818946,236.1173833825858
6085.065430230032,3346.7664466224455
9427.713599633762,7730.233111120802
322.5219938473145,4403.369134821503
1592.1309270291551,34.42769128288226
2196.906827627282,5653.395712888131
2740.143196003235,1808.6081372727704
6816.776195461446,5696.264859210894
4979.279266638623,466.74974170703763
594.7345357567424,7212.375469386654
2563.1418711498222,5826.561957501666
9952.139558996581,5629.347773601021
8252.106855338041,3286.0783874902177
1512.370009303725,9484.477230421762
3896.9009061832317,7912.514694943985
1521.1016423292422,6229.408498083118
797.6833668869543,6594.01970546167
6434.50856614103,5469.498311534145
3982.1272098448226,6120.391495863251
2896.964818910762,2134.9493513943153
2076.554061617877,4207.464094616555
7332.241346621032,8348.762557863
5470.822932382274,4792.605177619273
2452.755969775099,5739.190280392774
1814.7131637401314,6152.096489189529
6059.890898370632,3833.2371396288136
1893.8759431012131,8146.0834385816615
4487.86879037607,7359.055341116757
4058.727732534476,4467.078179957985
8454.094634405463,4979.613325195658
7688.343182078701,8620.103662269103
1319.3168901099073,8980.585739757928
5534.526117275649,7591.878503138807
3658.304327361385,6195.861776330508
8761.373795200954,7888.531318837881
6583.988906782966,7238.158704376444
9137.59284999777,7386.713843540244
9565.251206571933,6170.9815516493245
812.08950419552,4068.4819399291914
7715.661786682654,9036.996908776488
1720.403353958121,5244.390533262644
6211.013277658965,644.8122576881643
4892.066499379873,5204.1959360572
7253.705096941936,6356.768307691488
8681.842041715245,9039.910288511952
5759.845516901082,4070.710743730892
4132.687433874187,503.70583063018006
2887.6843273823583,2506.358301013085
9390.083842056754,8881.257670057354
8422.626595775044,3633.9809292540513
3247.6386157168213,2895.824609429908
6782.892869570278,7072.907050459685
3462.630713189987,5466.158049308785
9427.564386844626,8943.925294517589
4558.969469299014,3373.0126150326732
1413.3203585000153,5501.241179230918
9983.512032913026,9045.532106801862
9340.336159514507,5669.856698857936
5609.625550351012,4840.1054623117525
8277.311182428375,3484.312988541043
6469.924029748726,2406.553189279351
6561.54288387479,8025.199762153461
281.99076890977113,8334.31042325293
6250.921050481473,9666.147711541365
1213.0256161249742,5135.858315143778
644.9934112567423,2552.4485428991507
1404.8533077460113,2373.2771596083126
7913.493690628649,8484.99525959516
1239.1358546760644,8191.177642773367
4922.519957855201,9218.770857092231
270.68911935621776,4544.266992659483
3643.5125491913977,3869.698517862523
3319.191529149558,9097.162481400906
7727.471528803337,2242.7406458891896
7133.226273664881,2399.3805303626527
6454.323088404178,3506.3373020378754
377.01137755022376,3633.745481807076
3829.3977726340613,3989.7379922761365
1408.7629912675459,849.889924980729
1866.4255285740937,8020.3282406733015
7864.350381747361,760.5000800497929
1788.2526461678572,734.7324564171464
9192.080535283987,3524.7028636040077
97.18997198298274,8374.67198493227
1758.7992380896987,1968.8097817078499
6125.607765546929,9185.889209198043
6229.553333409188,5322.911454549995
6221.8900836669645,6082.7708809211335
4750.833790232741,5042.04737806557
5346.943684850117,8549.595697278024
4392.3762373478985,8584.448848439706
5247.990308429963,3665.474698078197
6517.371050988915,4045.9765023257064
4890.9148047969675,5737.9734145949005
4212.022427562516,9722.33981149146
524.4474107344732,6175.575610176487
5014.436196091152,1458.5981786221357
6199.384299038202,7239.183811801045
517.2871069735274,2123.2866911852966
227.9500694623582,6257.123710922233
8233.348781120916,5531.980127614048
9682.112781250218,6801.858542246256
6029.250271342555,8629.48314753144
6677.432568402356,4088.5433393948465
8671.316039382185,504.79491429600284
6442.0172320746315,5058.423383359586
9795.971800890118,8657.10402791192
7646.061528402208,2423.244856273079
557.5841652713365,7551.712959717775
2832.541046130098,557.853799119421
664.4660384383238,5825.190113003237
3990.8918339457246,4781.330932446518
9824.55052345666,2924.8407159772837
8991.258078482731,2235.7810289538706
3632.451926557457,6948.809906686683
5696.771936379116,9345.675077379612
229.73083842291354,1606.0432134136704
2242.22193721507,9848.022641494837
3177.084284801327,8173.3469556116315
8907.622015216608,2561.8807527148024
6009.914865928317,7628.899007195155
2986.8510056773334,4693.999512738041
2796.4795493835036,9757.618881060042
7344.138132644664,9551.559896938288
7275.660590927107,6395.796569504797
6614.3822209143555,9718.576294601355
3078.310619184265,5558.965005512619
2217.2085369172455,145.94510634025838
2575.0962795134724,7476.703460559905
9004.229474726031,8586.131960912931
2496.962237425877,6143.679353006433
2460.499882996774,1688.2140570431181
3244.3988403025883,9192.176637294982
4405.449965828836,1.6399466263106177
7839.646294217752,3091.374307964361
1855.8640575868624,7768.404070791332
6303.212477746853,8862.502790988094
4928.7031163686925,1014.9258743727097
1923.906426533506,3311.216755682549
3134.281310772575,9641.009314191953
5935.958420960824,4075.626762912654
4026.2589450960227,8497.55778136453
6325.796873359039,8292.752206688665
1911.090006718209,5363.623869908752
1936.6225900455413,7019.29760782473
522.4810333904272,5682.028155742925
1023.850484282296,2339.769030304053
8398.869011758903,565.9588731500753
8693.237455765197,8305.21410944325
8731.35175582962,6275.532904262603
298.12695705536464,5939.300377485119
2830.687417536507,8243.18276978457
6072.712207587402,7439.141422909801
1684.2445926399253,2697.8347723171946
5232.373696010118,7829.736999563465
5193.759428752271,5553.862969279241
487.5948001059316,4064.5768846513683
1375.427961522574,2224.9937665023467
7.021834101823554,9514.792994586256
4517.172999177038,6808.250456105395
218.67249949876765,4603.734616883621
9978.386806143712,247.73331206331738
5229.14728191795,1489.1515590636484
4314.99836635546,9685.430047584241
4405.187218242476,4120.62019144723
3894.987601735527,5824.914345627557
911.978143701374,4769.992984283047
2915.4996320967352,3135.997965492896
1946.7756000007873,5352.846956163061
8647.492697403777,2456.878009407981
4518.888965282542,946.6125557232607
597.3377124551149,6559.039302854558
5457.249996199787,4725.724537297497
947.6126042907752,1311.1496758997187
1277.4935785991315,6034.1633484164195
3766.087039290539,4034.821941368626
5268.062065144625,985.5735959119261
3995.9195596217824,4457.049175857046
887.0033121974818,9244.14012938606
70.791765030771,6934.795175363534
9278.782011897154,7197.1357739791365
2520.103993564913,4280.287882551571
4546.942060915704,1882.8934930910145
6315.406242793413,9020.895095617936
3555.6164734243766,9509.355955785319
2752.8761660367195,840.4939548691093
3950.328843653911,13.368746313390245
8680.363127101604,3844.3563112573697
8691.978693860803,1077.36356270546
5268.761219831774,3815.3687156052542
7163.98869277592,689.4149156641771
1790.7157280187735,8151.3287658260415
9977.583193080081,6621.082416133862
694.9551206144666,4984.14217123884
9204.46183795452,8700.879251422171
7079.738441642778,8066.490444623322
8988.445115015538,8053.667865124689
7453.827375887332,6044.474476439209
9465.881299184543,4602.639137282118
1260.2806170222968,5006.799579055896
6384.8474616935555,5535.092752079784
7873.813123169415,5427.796413957862
6103.002225846648,1723.3827293121617
1557.2942133033341,3482.697822550597
6849.853120300461,1720.508134115075
7794.039099459953,9183.215056310533
93.68029342357475,6203.376577330024
4831.10666824264,6665.6208426104395
1729.3615169115174,9213.480532328404
2241.0814352514685,8942.092960578431
27.661013835236226,785.2753844901794
1359.2485151040567,3091.4193197508057
395.7563145782372,4600.567100641928
7206.226660925261,7173.2357203127585
6564.925275721932,3843.4409240052814
5973.758705403866,2858.5614199720044
6821.613960406522,4655.738100544817
8839.197686545498,7887.379139354968
8286.841103638462,2560.718270147273
9989.79454145814,3433.8230710638427
9216.469468071122,353.0279664230596
5839.377301941422,6041.4944942003
4065.8447395762787,5638.375753441872
5031.60106184836,6092.26644331198
3299.1073497919633,462.76297067986974
5457.78298808964,6371.9352337925175
3274.6829799445222,1888.9357004522699
5855.583704212253,7408.896212516858
4087.811993455042,4766.763638183969
9903.566129040177,7228.289001488231
5285.7804117057285,9519.321399244667
1494.3738338875967,8667.44884443622
6856.832698951549,6858.636338612322
3296.003550481954,8108.000669929668
5070.668493528532,4724.680795471238
6288.846307008933,9206.494227899757
463.84197760673595,5352.171766935566
3044.073292917183,656.1321694699052
2671.1552636106785,1670.8188052897676
1478.7944554091348,1372.4535324150168
4982.289079362729,6819.751271484686
5251.351575909505,9063.521207732338
4076.584680807066,4870.434309483121
2678.520005065912,3301.7173666807776
1960.1342899540875,267.93392191249876
2189.943757962899,769.830923963769
7152.131266022488,2925.4444220675146
1421.270721680502,5770.409034150133
4506.325774678364,5863.689831625131
1509.539063624895,8051.899645032368
184.4368769387339,1354.8744478897756
1779.1571984572308,6792.182165729824
8069.330120293411,5584.243999889147
4556.232482785582,9141.908095187384
2389.7237803402904,7753.590587452151
1076.7211909016105,4886.139785661403
1723.0499815035794,1356.0871748409575
4149.684041641557,7433.93928147481
4163.573070740608,3403.660425377447
4495.648251677052,2524.153959743015
1745.8078226148689,5807.181625954566
954.2613676900913,7127.598835922287
8373.409652736857,8829.647883411102
4023.4020949143246,1412.0806414712683
20.970324804104877,568.1318919809087
4525.183815215648,35.59324894991667
938.3365924411103,1963.4257218905082
7675.892136510847,5935.790973774845
4815.900766056109,6743.346149528461
4158.262480360719,5223.334080496361
2822.375048039342,7707.925571211393
9413.486428424278,6510.390194698907
3083.0684505969884,1021.5254686784758
6840.521574904288,7630.487854009675
2569.5800597910934,2118.879428708307
4115.219338834989,489.81540143819944
5825.116097204103,4374.0282849585465
7203.390487955862,6940.674473563215
1173.9379865087208,4433.321820914274
5040.8227059086985,7596.06844627164
1855.7504752857012,7854.8579793713525
5998.441800940787,9286.491179047694
512.8249350751446,7700.85903400892
7844.248676528799,1814.1220655618185
4534.494298418029,9168.862746767729
7134.090066921275,669.8537497916778
1500.3689102308103,7484.547011853921
1977.2082082953325,1248.3002888871963
4332.9448036218955,9085.965557354579
8763.410445967575,5422.554761892694
9055.827431837117,8676.421882523495
6435.5616300502,2261.8057887319787
7797.713290682481,5361.414135540251
6114.152272991403,9311.452122340466
3559.9130721973493,6544.374175403902
1086.9706116485079,9892.545109307235
5398.471615806971,7716.674839998138
5929.189927184983,2663.5485385345182
794.9714403448138,9481.810576103519
6387.3102296657225,4892.966077701998
8168.995286272427,6305.416807646433
5680.5141718649675,55.84161185729797
8182.176554080807,9050.912796288578
6679.538703839838,2978.666414261928
7609.587457917481,1793.1428658044279
4340.122030029053,4047.2635543909087
8035.630576914133,7451.378780320533
5553.737241603143,712.3789275914417
7983.84660451893,6667.152476878143
9570.615593551249,2871.8049574878924
6540.257007668382,3976.277610101258
3656.4068602906154,9142.943715554273
8873.287539887058,2421.175826371286
6458.412127738981,123.3942125616605
2072.6683489521192,9853.466498158043
2969.7496716421556,6666.060254018066
9091.90798504821,6138.594307675562
7006.706633564953,869.8079105276369
5999.458888200745,5151.459936335427
3527.928176177124,2948.6801251832508
4899.26641220165,1522.7899150052438
7288.706459185372,2205.8873080282615
2526.134385451718,7742.149285603468
674.5376309987772,2971.5099187489614
964.1465627845547,7317.161944267151
6235.141035206472,6707.886267638558
4636.973617676701,8896.456213550247
5521.95617475894,5815.771333417
294.8147375383015,1209.1497210571201
5522.247000752982,2758.352276011227
7444.120934456566,2522.8907683324255
5948.083826283497,6576.896495017044
7348.129397523858,5988.701438586943
3558.272550797963,5991.1445775873535
2987.0356624495453,3267.9391581563946
7153.492799256397,6374.038854384603
6885.813109186874,6439.007384997855
3497.6692288911004,9419.179939072937
3290.9597057867436,2672.2971474766864
2981.536352403431,160.67241519127418
582.4299472351357,5267.069587141889
9826.930353884647,2245.2813599324018
8783.62776120876,5993.196134744784
3163.839644187473,5774.4748725292175
7785.64833908227,9284.840000403321
831.0142894633932,6673.564340579024
7084.22222605245,4972.9072870319915
1695.593504948424,9515.47240351531
7016.633830659716,7212.081924381396
2700.0764732573334,8838.554971601156
997.8947912607227,1191.629316467505
9590.453813775748,1555.7786896521552
9042.21938004922,1060.9876488488258
6439.166670688298,6732.087975664334
6289.365854229495,7664.279004461439
2171.9209477919267,9116.886469755167
679.332195044734,4580.840794409795
8369.691846607031,78.61698496856695
7532.057856015254,1607.0593283319201
2494.4194816014688,7163.656145138037
5270.482549039584,5576.586288883136
1296.6283338246465,8245.080967356924
164.46741348913773,6883.57290494189
6295.23257353991,4040.462825192537
6998.312840842328,6416.79572598717
9247.86692981121,776.1333417738125
7067.734463189573,6557.562027984571
7571.549707950285,639.332012079844
6294.646432711241,5196.755830807324
3858.723869139431,1142.2120226606958
8473.85957401368,5596.312252440583
6632.409922558747,8935.98514931519
6523.291713668976,2296.216232466516
5831.078910945562,7198.276624918277
6270.520030497624,8178.697621921129
635.7177910127288,5540.226527964315
6908.372510573714,2599.599031432096
6033.7424736997955,3086.9970978642104
8975.78992396843,1468.2155112708683
730.3011319046748,8533.500853399348
6770.9104923094255,559.8449253892102
9360.614616528057,6276.485703174611
8333.409450787629,6953.521431923195
3591.283500505581,6823.646380536884
6551.187955070994,3907.8726178755373
3959.0866513653723,2386.390001295998
5441.187959733469,5236.64751803275
3414.0398628956714,2658.5000295387417
2771.681831213821,4688.070642444318
6765.919754997229,3265.7940013690813
7454.741049951213,4897.418048856747
640.2814525635991,3084.6032428934777
2581.5540038860695,6414.02377354341
4896.433098498689,112.60327596221865
1075.9136113070467,1530.5915844198082
3804.871572475559,5315.816000427294
514.7962176963117,9353.63680637181
7941.7897501422485,3922.180183208659
1468.5633671715448,2065.058278607088
9458.592599474643,9169.166908109393
3609.822131596867,3581.2961575072477
1819.643737888631,8431.864691617837
1698.2275682587788,4904.47138529807
5822.549792655962,6291.293453616966
8690.856054768508,4210.5319434956955
3938.5274809224748,9341.7603481146
7228.206324441115,9850.236427817914
1456.837933441224,2537.8145441942747
225.53869720453258,559.6344289256994
2270.5980103050783,2913.482546924425
3756.6540699972206,6083.434866290035
2166.107490132522,924.923765427823
6781.455463652097,5086.075587592262
3846.8385616573773,625.120192590145
9205.081864435733,6719.499486314442
5685.2208729856575,1581.832577877761
2491.28186642005,5782.400313719674
4020.4063613610865,7492.812044767427
7986.15550815155,1459.144695983431
6098.851973603022,5528.901194893894
1912.9427012242152,7549.769541462329
4374.3806598800375,453.0653699771714
3237.247734732075,5082.010173135602
8495.283504933046,8237.856029685694
80.93153549916909,6117.978608972528
1537.4952433649191,629.4656509131702
192.1276761055679,4435.8066238316105
4219.503591242462,2297.600108180017
7255.438102327936,5422.096154866094
698.7339018869953,649.7811739193749
106.57979525411699,805.4907563537362
8149.58462452308,8944.785512989914
40.83376810705586,7452.001086432063
7866.992234207894,1200.832273703336
2378.398044446871,457.0545911638968
6895.845226308053,3724.1485268459783
3801.643618723767,4147.516809043331
1583.0304950157804,738.1853899173041
7512.945714695478,594.9627430739235
4836.679479776543,3210.8153090294177
5291.709493595811,1878.8652597080313
9027.160657810773,7202.887358554526
6594.28858981504,6835.099163593313
3807.146134262274,8645.075387890243
8435.994322852108,1148.4566374342098
3700.162858031245,5764.332834035419
2398.825350105809,9862.91773677281
1486.6023850549116,4680.172600340815
8168.13696272498,8539.588595892732
2316.3714724908323,6253.093173019931
8227.830693485326,6834.982855966422
7215.225262087426,6355.072242296576
5264.248966641598,7869.873368306329
986.8619386357558,2372.8483551044865
9583.72797341405,9218.307614201587
7477.5981088977605,2074.7749486935595
693.116945904293,7522.131775125566
3385.4353240920386,1352.1746733096275
6432.821310796349,8715.646443337891
6186.9163310469185,6398.066069482587
3991.1769739840174,3429.0184726720186
6771.365560561577,6513.621864911708
6273.965718709364,7175.2106122395635
9208.123559003478,2044.6486090980331
6247.587976813995,1582.9798497240931
326.3875668734173,7873.98337345603
7898.8903969002995,9103.458765720863
687.8065764672758,3523.7443241514457
560.2074525704826,7203.362840058083
3267.319705585323,9278.71088478181
2986.7574635745696,12.18508014406705
3551.9908640693243,5673.527713182068
6660.537172939176,2948.8022723346207
4265.094070412254,6320.629681604374
6681.416380886523,7314.013189320844
4385.6482423250445,4020.924639659218
5362.740336762013,8969.564370075857
9452.113810694605,9725.895873738778
2118.923102290803,1282.0622955156846
7775.638141486517,317.6197893409227
834.7543696321546,2394.137038966918
2141.9911702120444,4144.766818111081
4986.755602075724,9215.866718178475
5127.348602177545,2711.392351297246
4380.109523154714,8507.802603688086
5465.688476906542,903.9983638774473
4172.117233783098,739.7063179997954
1532.1343140523702,6031.753500388291
9073.7799105016,7817.109331413254
2676.998478351934,1609.815969492986
6039.237455799245,6282.558370106397
4968.181907991057,5957.978776744583
1428.9702278390337,2414.0744493064058
9136.476373885454,6330.685412808075
8837.795398883854,1123.6295654150952
2848.936968397139,1971.7198193003815
5292.834886954125,8521.149084878285
9619.27944017015,542.4504098548322
6414.595233926683,727.2736041861738
9779.272561814012,3366.3389327178284
9602.428732771838,7205.092643775636
9421.532727551305,1941.9769214702053
186.7821250088808,1069.635039597041
2812.6258777459625,382.2232051363872
9025.955089832372,7641.197244849004
6729.431131520235,8915.290099469348
8929.285698734573,1857.503836426465
3549.3046448052546,4497.273799516937
3896.4906097647236,3225.6688879481653
7454.291429738442,9005.506550659178
5108.667252773287,4104.878804553794
9327.233617583006,9953.410295359756
2129.7761772687463,1933.7372818738108
6867.7304787686935,4908.472172892162
7972.334029669374,4186.7078971024075
4510.494807640783,8592.657707079203
6980.0714262371,5837.905777046812
2566.3143651083988,247.13769909385454
6765.099536858054,2467.4092582391227
4418.858792872427,1385.414320961158
8236.126638379448,1369.5293838351529
7744.898518507179,6664.427302178764
8908.55786555719,9800.126584934393
1954.7301611154799,1791.7127955719614
609.1119923001198,1081.1960753338624
4088.004010515033,293.3230171773182
7716.4187653275885,8731.610768286557
6518.692238396919,2525.581349475039
5866.250559207406,3759.6199029008303
8397.628255246585,7708.116830368374
1748.5815415738814,5640.320460990854
1350.0887168991815,8326.973525112886
7246.634276232551,8503.99033113182
5407.150225484935,8275.186980576915
8653.525577376335,2347.8149463355035
886.2470089845654,3574.1758743717132
1623.8545219044142,7360.643932565473
2408.156267324406,3542.6890473577732
8337.044659481942,8971.647017731144
1454.400538964642,6019.7977679909345
9294.561458731994,5033.212499969444
6707.930045012823,2283.4254931096807
3706.33986152914,6087.426313356007
1143.558004173797,1013.3270110452253
2869.9834605172014,2119.612474737018
8579.543187438288,2419.100477492051
4613.480656390863,8787.999112945516
6314.708764227325,7294.506100754084
8079.419074535584,8244.154686222942
7638.4570004779025,782.5689554624082
6931.597679107535,1490.3279215054665
22.088971325877615,7991.532924394873
4339.743239368086,492.95334452319815
4045.705091214481,1895.5738224762165
8220.271141560881,7366.909148478749
8363.100721894556,7102.179677286892
6520.691812413448,1560.5012308795197
8732.546265173256,4367.668081511274
5964.491463007486,3497.7436129643925
4470.083678274579,9868.995734591716
7614.303256061315,8641.521889798409
3686.3571435582908,7632.487643994201
9514.019577160256,731.290906003883
1667.79336872231,9847.95450935652
9656.142248099552,1438.0372855331536
750.214905212192,1462.399947073083
8865.005269394074,8264.947258434118
2671.1828675077886,7494.16018512793
1711.0733780789722,5857.111816792355
7385.251697224367,4824.12694338044
5535.795410218598,6234.027006934357
2297.073235817385,9511.977069397224
4813.653153193583,4348.377521876384
4616.012687063105,203.1583513570878
1432.8140761340303,5185.360246250589
1316.3927732495051,4598.967075950031
3609.7016915318204,8716.253154346037
1214.9352601752983,772.0565037828786
1479.7442448402421,8350.197363430683
4431.489384987485,1006.9979952880126
95.36359263772387,5691.256580986868
2529.7617185132335,4193.082338586443
4154.873846754283,1074.5318839832796
6849.592911636191,6596.631779328573
1310.1690533676003,3267.92037456178
940.2564871559827,9311.571433278925
4602.277928323374,9437.436478752892
6177.617758306556,7290.019217803243
8720.90840831173,9209.23732650388
8620.786140023038,3722.2029040352313
9347.822001662722,6000.764177667458
6937.546756688776,4017.2995138061306
1399.7070480598961,1270.4143747339458
8135.464919812231,2351.4455296320803
4799.236085727091,5057.552113468878
9522.246881145236,1879.1919308034487
716.595601424247,1396.36711203323
7352.248617259875,5175.632088940666
4195.317826316549,760.6569354703873
125.04163934596524,6886.904288756383
4735.06704314787,299.4271794597736
5810.472814299788,3514.5584131165087
4188.62508851979,9952.612556711047
2788.6003852282493,5273.959989214206
6789.892277535809,4038.4807396088095
2773.582992736345,3294.3953880275913
8067.533343085918,1994.0450065322357
8740.735861073306,8413.56183417644
2369.070174838155,9957.321677789583
6445.182226098629,3581.5940105817645
7451.690630848352,5082.316814108499
9741.020733953159,5106.213047656288
8892.631894721162,9723.40064257241
4774.312652697289,6989.184727475013
4753.5753323423805,81.71700975466267
7581.393850589739,2516.5641385794256
9147.844028483161,1005.0244354282333
4744.344453687275,5372.586325348677
7605.825844219888,5811.359659788979
6280.0189938397225,1437.2757986485806
3635.0529782872477,3356.3243945871914
2343.501145161029,1431.5441343919078
2469.3819567251116,5850.405450311426
6506.693513365463,7779.725178567407
19.519930547120534,9395.038296214947
2559.6848001548146,8275.393351965322
6775.5425135498335,1597.5344054188733
1934.7132068796645,751.5114040878212
5902.1240640695405,3580.0802208596715
1009.7007653642398,1408.5493868727417
3982.3602925101177,8229.114597659825
5485.2987527297255,5627.544329801797
8923.546118736755,6829.298607920928
3167.245436145504,3324.9452687755333
8865.034344083286,9879.379058356222
4659.473127138522,7942.251889164516
1466.1543757989225,8634.709160027256
2039.832339867359,5961.063842728097
8664.681871656894,5487.397600510816
9110.386528043724,840.651520096618
4649.612768741415,7735.871803683877
6687.3772683748175,2034.673248326756
2696.4132510729487,4189.76960383332
5825.197678419995,3716.116829471124
3807.0835443140636,7396.154061015751
9650.871030998833,8723.181894310523
6713.672763159119,2853.142051512545
9463.833205161904,8359.667873779608
8842.861613788415,2743.8752591595385
1585.3936273645975,3850.9088047291575
7723.863141980105,6040.473649398859
2899.7396406827556,6283.994794622459
7373.066634672935,444.3076653450917
5569.1295581402,1979.9672410155822
5995.3097118481155,7795.819719638275
226.86491406794462,2054.4183005978443
1014.7408923059564,2816.3809171674657
1544.1924900080317,8004.293199611533
9821.616238990038,5273.741234346938
8097.490926736342,6141.908840083822
2794.6269467393968,279.59358117455423
1860.6991253407746,9604.481685886269
3713.9418682131286,7999.582422224237
5321.22843186232,5076.826372230443
101.97866585349269,3494.6329765077944
7484.352214605923,1416.2369474053814
813.1111014479509,1285.9372689744418
4844.413495687067,3775.162981239186
4816.696331131321,2484.558541233264
9496.685069467692,3740.1898002997114
3928.7564060942373,875.8247413851706
9497.347122919642,5162.532994870027
6136.917396010354,5018.016372986266
3688.7871584538702,8026.483476948103
6797.128309026746,1245.8635978608968
7238.739310793111,3505.5396221077963
5738.8155050442265,5584.202080272977
6085.030749516552,1604.2107857955434
1423.6601406193927,8198.033815487357
8569.97801210706,5292.9576229217655
5680.693016495588,259.2273315162996
8717.523092239082,4189.637073542526
5943.75110463429,8773.17810721496
4521.62192158299,7808.986318912241
9494.752985488847,5469.179262947663
7435.209798511313,5709.171779199312
8665.483498189154,1201.9665269707746
1485.5949074264151,8164.532750274588
4256.535700338482,2872.5047771266854
7245.280651075184,3908.865080674514
2215.821146625607,5112.291934328656
3107.937236444485,311.90839206337364
1860.7734828176292,8058.233655252901
6756.288087266371,1520.511337282846
6557.001158600626,3702.7945935724706
3178.879809998193,7603.793090816236
7501.705351585696,6896.6238019021175
5717.229608116208,9441.578882783362
854.6166322824433,972.8854707480372
779.8324065119067,119.30131767322494
1776.9452067444158,3468.0994123767596
2056.9504752583343,3195.6129612419536
2949.322763477291,5923.420124191435
9646.524760767115,334.4510860570604
9635.025789702346,3912.0951740332653
619.6020740116614,1133.6619237976663
511.50926462227966,8235.273403424782
8927.166139424391,4678.306717084613
4341.004898311246,7452.184007488275
6802.000924898452,5998.497275458647
5560.131329085712,8490.8754572268
8623.397409089022,6584.032697924989
8377.271712864638,4635.208878891523
8219.742400774492,8820.389397264453
4021.909327831491,3458.29683122056
1354.2175722409988,1822.7609813850188
6517.990032625631,6238.708203886323
4490.352189567104,5222.016797637664
5382.249702044392,7127.142883406299
1561.2853935412775,9626.019705915862
2186.501602341664,2735.443811557231
9342.483541174062,8765.784072254823
9981.937196730272,6600.546296402838
4657.275407278856,9074.38317273495
1046.56180341688,1150.1953890526672
1894.2354594515166,2998.629506284072
837.5175126035639,1380.8992553320732
732.3969386524387,6000.685796394184
3577.5915388970047,402.3099921156137
5701.220277958704,7035.529048836902
795.1472914430424,4380.611981296785
4746.747544990509,8112.103399654442
4782.692885215466,4293.5830375968435
1213.3689824890791,7585.914669137198
8721.000746770684,8502.199584905775
750.545624215031,1806.7404083012373
5992.377137282397,4397.17532119477
5195.971067868226,6611.89014634039
3545.0091199675016,6140.177781823154
9536.58158793114,5514.2706514117635
2621.706803072601,2062.485498061901
3586.8945904538864,2571.9327102852376
360.98677595362227,8980.444832026827
134.86537337321525,1110.1638787305824
1556.3548616025346,1740.7694255450813
9258.042607593681,8342.092154540553
9395.591564298886,2686.7240576833196
6474.644011654538,4146.776350384997
1050.269560558974,4647.17569542932
4120.095883263681,436.16049460275195
5081.679559558,8615.816588639216
9168.752815207714,9644.515115017315
9871.527794844362,9391.096274533398
8908.701882095698,5977.166123366808
2014.9712700829114,9826.162350292872
3175.4557238081215,2763.9337412755303
649.7115675477249,2536.9117215951974
8826.258817992695,2297.8039285568575
3559.968505341222,3263.9417427920835
9255.398006019519,687.0982974214523
8774.983932642583,5033.724237440979
1335.4430795026663,9018.993115490728
1424.101638313474,7470.818055627862
8620.618656722652,6495.076882460879
9691.80237040899,9281.120489276775
6962.204183884152,6931.0088278065305
483.3063093175205,2888.5250053340437
4977.016257306269,4089.7225366417256
6790.317151383526,7057.483579475395
4878.9034796141605,9781.146866320825
3856.0105026150204,3630.7893491274867
1993.4753338142507,1834.8414573350913
47.33081581962395,5608.514936943999
5790.550718935554,8767.997011728905
1760.578313385127,9375.63702984213
1819.9916247562053,8329.683858421804
9555.55624984506,8765.938169148882
4361.5623631754315,5275.7656316347875
2674.4041969628142,1179.964481078446
8617.769316934802,6365.864561937586
550.5331508790734,668.4803849686538
8787.654947680596,2368.5720477097548
4353.555853997247,9275.847530533432
1142.1465367846906,1269.6431377831607
9715.347928456169,406.7019377003167
9458.824739954714,4498.563833155676
725.9509534320174,2144.1743972831405
5678.201316749907,8968.6030403998
8127.722979659366,4701.371694620391
3591.5557765650365,5315.2954928839135
2885.1005008269613,9715.69788419835
3131.798745067034,4162.189674238412
6962.113038518547,8969.36349132074
3079.143321708133,952.3597470268297
3669.736212308541,5582.495285145466
7233.02848977201,3921.9920200772917
9676.040459678024,9166.258099108114
5189.245958770745,1024.4969541106052
763.6334059480332,483.8774519909761
453.9791135007254,428.6758528197576
7217.378859469963,1194.4752676281955
6125.857265627119,2783.6803967661062
8952.913589554972,35.23834973232054
8277.509869328354,6781.786614925551
7785.177939624701,2290.3396700930734
1099.5498767676793,8758.690517907418
8040.41025613303,526.911434488806
8121.583876565638,1117.9183870465104
4975.027012301199,5079.443055697948
1735.5872181415034,581.112366733938
3563.1942100507786,6631.30101385217
8193.567806962012,1087.313369413051
7914.994595390639,4329.823322654359
9369.123703382831,7451.588976279081
7937.777311912684,8345.52591019162
5289.045994961395,383.70896034134125
6820.546686236226,5234.966333066303
5738.822417556157,1703.8257105192422
7546.158001194359,5252.423213085374
298.52254215738003,5924.306313257322
6612.677853260246,2033.443544889063
1961.393841892639,9626.388602860276
1720.674151390429,5258.590088761282
8017.476854231629,3954.319541254867
8428.400867968903,3061.76540936005
6113.95283375514,4208.009051815882
6386.946279086293,3213.0322199344473
7186.031270834124,401.6345100611829
5804.341969357246,9616.804118516884
3322.208966352035,7940.519645924022
3731.6668398167562,2305.588948376255
3782.9411628358102,2513.4060499265474
427.2356075515671,1490.0604388405402
6769.7054383721725,2100.7870164031096
2474.563867709759,2559.833477374216
2926.386569266447,9921.61743748787
8118.870919458324,5102.320465141173
8212.968315734872,2250.752553365427
5531.144866167658,3939.8725454339146
5823.954061947459,929.1084746437905
7663.917360513081,1998.996020787931
526.3779422446513,4264.774987964238
8422.98570356794,8117.921863573503
1466.889276075457,239.63700987682856
1130.4760954755643,1438.2207721166408
1732.407314700093,3892.7551620053737
3800.9449339754597,8775.847567597972
3102.6344176639864,1243.505226298466
2761.1323748170003,9682.259465937861
6998.176775097487,5508.028967106126
2335.3789276560933,3261.209598066381
39.34678677576686,9708.369978685638
4238.618625104038,6825.566595158622
8224.184879720671,3178.8563409078574
5876.5078192698575,7189.461988794126
6204.458392503531,4373.682507800506
6194.978931484468,5556.033518131768
5959.157828492153,8037.481157383229
1286.2998754429666,5129.174288956361
958.2619420476191,6120.800071319052
1118.307022766778,6093.929266908499
9499.669806457207,4803.8325828588695
1263.827262243199,2131.8485229542107
1143.5193987521352,6609.5362938864755
3659.270565856134,6109.825994371274
5926.75320607193,6666.83211701078
1392.2911514472912,3044.8598662191353
8544.980511627145,9861.980325517528
9951.582169990692,4470.704000048812
4032.842333400265,1405.6048946933474
769.4927101839166,2989.3658024392535
9565.890033837299,768.8185659138869
4912.833563156057,2807.903702275224
3931.7918714617285,6339.134049247453
5314.83789875751,7785.82090152424
631.5603869364128,4922.814010930643
4849.462393414202,2225.118955451739
7100.605566958004,9282.523435336334
6732.22484625664,6489.8983547305525
3563.540449129792,5427.158651597935
5778.816745897787,8933.19163503334
2597.272068157118,2753.83277628374
6385.395996981148,1821.5347971115048
3576.239111720353,980.6962797164887
9193.924199872887,8800.540919445993
8246.27336637852,8358.73478538586
390.57941118727956,7661.059231715482
733.8053175861447,9038.450923262608
1591.7328784388474,4422.930879137718
4930.634986413654,5727.906458983007
1591.4119543146276,7552.3523434604585
9440.873072155448,2737.1153882165977
2567.0972906296506,6741.027024758399
1512.477328403774,2082.163846322864
6523.9599765808,6237.349022585352
3746.81739109782,9354.32823296275
5821.442007827401,517.1959478821841
8735.845183281475,8624.719651750569
4243.41173023559,1195.8378588506712
6218.330841089363,654.5275990699895
1309.515425197072,6415.151372625657
1865.3712037572122,5550.402180906361
5987.271788985352,6255.681741658748
6768.053508898849,5136.801950689619
8667.161075636126,2029.6815274664236
1637.0355069116126,3220.4938902962012
4914.527534201242,264.06178449728924
9323.643389744517,5871.652447782995
6305.897865099834,6236.489240806863
8947.223425245103,6712.077109365755
1118.6325101684936,7110.716393175404
1553.1471445782074,6146.876212598904
7924.935155971177,3433.696336562795
9103.775876696374,8987.116761355015
5634.661213064391,892.2210312549029
1615.8573273904553,5382.9525353139825
1440.5044293205049,5094.790789992519
1968.4672280322325,5020.672345569036
4391.560691205371,5898.759541938659
6532.275402973853,5223.8289091609895
990.5653431166772,3967.2462429198276
1018.022309655503,9119.055723579122
3057.155743115425,4913.404801036539
5874.8942794214645,2151.5663759599292
3550.7155169927028,1449.3735598998735
2657.5342362118968,8025.943937760733
9340.529612655728,8356.52772703269
7362.826094530172,6155.561149594257
9367.300103589867,2867.867770250667
8003.595872452272,387.26827778240323
6911.971131584071,6665.3216485484445
8055.5275319643015,9996.003756085283
4927.012458204415,4933.150511410271
3177.5588381420794,1223.3731309479679
2819.9096233088126,7424.278255493062
700.2014105135779,4071.8612108946295
7958.639889313742,6879.345566287769
8266.282973481852,2218.900363014794
6051.045593138889,4925.69838837885
7431.525043938687,9159.173146786812
4466.820412545486,3021.422869920316
5799.693561035448,1178.5087755913892
8012.314043724103,8778.81598370608
8738.091140254282,2790.669154461598
9721.381893100079,7394.708999813139
7131.548271828951,6144.57313210201
8778.30805409332,1595.871799994275
705.7349651022893,1725.9535057398634
33.91171611483168,2380.0657261333968
409.64100652473803,862.5955993016743
5445.052515849087,847.6786373170098
5981.796888567022,1697.7517160144628
367.26919159899893,1147.5015358393036
4969.775967136986,7508.909298997813
2044.37262219188,1783.929917338901
9011.885639702261,3407.95885202713
1478.3396335915022,6181.92775662927
4471.238086010476,714.301213982641
7599.550204116617,6742.3051233759115
8913.086269113857,8665.460608735008
888.2063253794581,378.7637161794721
6745.468786146267,8468.563952495306
4638.47229636845,4421.439053456146
5547.252740328859,7847.508162228994
2310.5363765042875,1605.5296687156206
8844.184667068801,5172.04525522093
3312.3648342951337,2573.1818755333593
8945.003831319427,7443.408696570052
5595.272382394464,4750.938798859874
7123.673051265259,930.406810901786
6800.295952111989,9664.345627213217
2144.658459236034,789.4282726030666
1104.3360097960785,4933.447969665237
3317.1828491791944,634.9849895837356
8067.095301604406,8007.052829803246
2744.765628247302,9830.2251097472
9171.320068178733,3068.8734158399157
9236.746632303095,845.9570408345807
3111.5779292729417,4540.466557229622
4158.133395187343,9693.91207858882
2649.3874094360312,8541.015236385534
6385.371487811254,7923.9499040939145
4248.693815874722,4751.90189810891
2326.825613754373,5086.542266916397
3145.142602733747,6891.541910205034
4607.449937881438,8323.355741185598
5961.947565413324,6890.981966281868
8435.881528595592,8603.17435718679
6945.93887673677,9139.406482162069
2183.263073898676,570.7326325161688
2386.941353546511,9522.03433779254
6070.485971394737,6447.00863659554
5856.915755268648,6727.21273558403
5709.803626000342,495.7333921899432
9024.346324259694,8840.548695618621
3019.201205085079,4272.738644014797
2717.6074838152585,4255.789751518054
4680.034971050722,467.27967546369763
7943.206523531951,6219.781666766823
8794.50200104923,2414.9546430412815
1221.274626777682,9737.169524953499
7497.398175959793,5730.730819165178
7160.038964727501,8211.919057414943
5083.069434709599,4039.263912116292
6397.773281378404,6583.696867986785
5853.977606094662,5219.057845363091
1795.0357510620363,4640.903678262237
7467.940159871602,884.710376120682
756.900592916241,9989.409176493726
9978.180663670759,2150.021394200381
1398.4152598642397,112.38968851468134
9537.057693681736,3151.6860763997156
7181.134429405212,285.06301901102705
35.22310412935492,5295.879723959794
4688.5824782349055,3531.1256801167847
8511.323723973144,4637.469353926404
7756.490093390433,4958.857949725008
8056.478463392519,3332.9568131078404
2.9583735157956426,8095.83634611897
5092.671604010738,5461.485070678995
3888.4951167818995,4744.64223003752
6578.642122407996,636.9322663386334
4227.969709736541,3107.2209927428
4583.328103985587,4844.11035400606
4749.993926438107,2071.494205338237
2732.577046444282,4939.235784892681
4468.397540090069,9938.287202332865
9446.686549299515,9332.119319479274
7846.763258933938,6666.652420993042
2264.3005030645227,2527.733306854758
8022.812359320353,2148.939897107547
4783.189220471114,8028.172468593174
8588.842810100943,9583.032365150977
7217.3871946075205,8108.9582019007485
589.1865089907633,3433.6472139719954
9722.946445959331,6469.840863398411
1338.565623636716,2237.9357106768803
1832.919430442299,9231.310041246554
9241.668920884294,5125.428309087137
3517.5957861132947,4105.000714500637
7285.59950948037,9158.215462541495
5191.351467892896,1055.5878059870315
5331.613182385721,8510.520019071246
3443.9745005545697,4198.894230961647
494.86253832292107,2105.702300445266
3388.8359531687597,9471.399722375132
7749.552354638451,3118.446149734302
6903.806045543868,7134.393421949014
5171.097386435886,8090.3292071942715
338.0765889698689,6989.264531498565
9235.44475816452,5256.009703118364
5056.511208151922,6178.734277731061
2994.9595994670985,1396.6421733600998
2134.671566807701,4542.051482842779
7887.209996764715,7942.194667055681
6108.614204101904,8268.300831962753
6535.074695433839,7857.758327899123
4768.258149305527,3895.9418218954133
893.7119060725973,8342.976431948926
5158.666395948898,4027.37234616482
2235.5472184788973,4270.100785212508
1320.4073158190333,2506.4981508925453
7934.3142462750275,7623.689640897704
6514.113102230594,196.64543179664597
4346.422214399898,8235.487571123966
8594.508171848289,1269.984273980177
304.0356318755477,2804.649949038824
5799.694078665751,9325.946193093316
6271.555482668518,3305.3543976819387
32.03544274342551,3560.0729365692728
7851.621744591136,8861.57924138285
4847.00955115577,6956.744961655102
8401.58220783936,6375.451470172006
6963.664492257947,2640.5321828889328
895.1229477607147,1283.6164569079256
3228.9498886333436,3603.6436814486638
5074.054987934753,1009.3512487295908
8995.236101261362,118.51562093987633
6557.1491113413995,1828.916879845607
9328.354574842844,3740.222585794206
979.8889565560931,1462.763963838054
2923.5068335916912,1283.0523664588445
3399.6217121086424,3134.1322265339013
8264.785422562403,8734.716844289842
4910.913032661981,3542.887112879395
4844.960411083796,1468.5676735530394
7680.954559643857,622.3367842123839
9662.82176546983,5703.640060887965
6804.063356251971,2148.797184415836
8251.03023371249,2376.1408058710954
1108.910328730055,4080.921610197241
1738.8112317459793,1450.3608896886367
4756.063873969695,8665.265014809815
314.9835634221732,2521.07946819316
7694.156322137694,7255.848803067395
6377.89022400599,2980.5578843814997
8859.772431047142,812.0227796037693
3490.5622133085967,1839.004735028642
7418.552021653248,2491.8246015086033
8502.809171997213,857.2926647420686
9804.778199947339,9406.868217964773
6471.244715796162,733.1467636883426
7622.958248616213,3285.378276651332
5155.826225830987,1478.2040961414534
4733.401189578103,9144.960712022348
4879.98938668497,7567.997818422971
5384.946936535373,6410.358888168749
788.1515132817873,1222.8107422831524
116.89515650003423,1332.3750583256422
6535.114675577389,2429.1896523138735
1864.6681906139972,7338.501547153662
7698.656798534866,7494.14647191236
372.77469945288465,5890.7390323775435
5684.115379503687,9184.385205759567
5839.643708724019,5526.958732462775
2138.3540564129553,2943.143959402427
3162.440697012485,988.1516767483112
8697.820511941389,6366.298920930638
1180.8741450089556,820.4363144394033
4917.061671409664,8140.404536986049
4286.423246773282,9128.730199538983
8958.97010960852,3235.952107222555
9572.454140981166,635.1098771598319
149.27966571347872,6709.291063614319
1169.470875803752,8733.34072035198
2553.2593924243674,3110.077967302566
757.4731926584976,9934.747687872774
3773.4024659514907,722.2707215850799
4364.256228103667,7156.96315521598
2598.220513213616,1508.4127723180475
2148.417933048098,5997.434931180813
8071.067601811231,3430.371091468103
4758.487558594412,5811.345176012962
3664.2191676608636,9238.438981407657
4533.001705470073,9129.303090458763
3747.036049647665,3534.107354874645
9578.150034697132,1729.078338312322
9272.903749380814,6258.707712424571
1231.126605855618,6486.174496328555
3825.6120318299622,9988.854289143575
5577.846737357769,7321.551591186417
1494.6018941295047,1485.215181438011
4942.587071751012,3774.7750742023554
3738.706306833963,538.9789731618488
7710.887687108159,4865.479759222657
6469.148261418946,5986.566386104924
6330.191936978902,5806.7650584542525
7726.755718889149,2037.5885889133506
6544.19041684699,2563.5672399314467
2320.2493593806917,4767.522586593408
7758.222325834252,1144.0957972218134
8367.506425041542,8651.987322010007
3996.5063256317635,5909.295149378655
4676.028721241574,1565.2439161123443
1612.56571221155,2265.5263129032255
374.69457943479557,5300.484150965031
3881.601158393009,4073.1872864644934
8796.988587094265,9837.377478752642
1098.139668650925,2453.0552140077934
2323.4552392673345,4114.002518711206
7794.081188490385,4372.626102029589
773.377629240507,2036.380834185999
4298.34871004165,5737.984789890752
8663.644383547073,9387.706200021288
9104.445677508638,8558.434289259283
6128.240173101479,733.5129130864549
3884.204686731656,5675.961732469517
4387.649810710111,9243.86770693695
2758.616805843024,2808.006456102736
6080.004396443469,2308.7901261224506
1788.9475019881806,7817.360470792731
2934.4808577154104,4533.988394943786
170.55359021366345,9431.93574988925
2769.1296831284662,7137.41717057438
8731.163851971058,725.8483409725769
6344.524882326607,5523.789935192784
6046.838862810062,9406.167164804983
3459.057564229956,6201.1420174869145
8542.072238285606,3654.342121370415
8989.53570640476,1872.8169320660115
5073.544660435512,3791.082842999656
7059.260439101703,8925.574242801522
5246.356152396336,6528.453398227945
5637.559137672582,5149.568924031757
537.7347794438192,6989.257250278699
2379.427366770588,5620.06502675605
8860.908259182996,6113.750604247471
593.3629396340989,2102.252400252169
8129.190293661337,1475.2665661097908
5206.177540473375,6596.8232477737865
1158.291757476696,604.7754756022327
6333.20531755056,7013.107492480026
1583.1202839915181,1449.990461247237
3405.679705815098,553.642061401034
3179.3242146597813,4833.916857198135
7877.544525186003,4243.656654336784
4697.255072363449,2964.911698354711
5532.790098538163,9099.501593367368
223.56993230704725,6068.3911019659245
7640.976962329717,1242.059233792735
7209.82646681061,3031.360203808159
340.1994783444806,8679.802765119579
6464.486136242438,9966.633694094462
203.3891958585532,6111.503642788548
951.9258706333344,1812.1180945946069
8064.416137457632,3672.937451594712
808.7514184678157,7302.318180187633
5757.430722593732,5858.433798582542
4427.427727694116,8392.748035991492
7082.10377184813,1141.8539890885393
9862.49739139732,4211.5333067377815
4265.342061817058,5392.319162163946
2900.6428245163206,2373.838118475222
442.84064676599513,7850.502202567557
9709.971961118126,2142.5318875798007
2254.684341558304,1522.493167530098
454.0806321696478,185.3698041402785
4170.114662411627,4730.779980222125
9474.902259727505,2792.658917953783
6799.544153388148,6676.084238084796
6429.500990158438,4552.168831270194
7014.303865229003,9656.330373631952
863.4428117526627,2116.639302380011
8001.869801225646,4324.210280018923
1486.7374230779528,636.186865944487
2368.6655617082797,1661.1131550742086
5566.006378573594,4251.463228408086
4624.820183609325,3744.014697670135
8905.834132669721,8842.609759906585
3928.1758126080467,8215.017995024113
9769.349384087018,5981.027803499253
1401.1967188914987,1682.5580463801903
2759.1030236846427,3081.428118048831
2388.4079645321644,8336.73269658201
5875.522704660134,670.2080460119907
9366.596618456319,4137.147384947132
5592.456893047287,4351.18307263145
460.8779889857739,8465.46319813143
579.6278763329909,8671.32489626259
1097.067561772852,2140.7504863446634
8358.324739419542,7426.973337663346
3598.7396100269643,4362.070573032533
4949.734658498127,2656.3752629252804
1157.602252549076,3543.859103437185
892.87638597079,1049.6817049385188
8908.20900333551,2442.764210474241
9838.67911421725,5453.968738848077
4140.16969787509,2631.476188848877
925.8251329824596,1151.7836626439737
4873.264675877651,619.2032657527791
9683.297928887818,6297.22304910592
325.96849537970263,9700.96908516657
9577.646355732042,9971.294986797386
1617.8397477465123,3832.1167831763446
1870.8315390648256,3201.898202033844
2090.2860398809985,4988.810359858115
3755.8953656774165,9894.166333673185
8311.717184496143,1143.1612719467066
3532.3875123260204,27.279533986558356
5657.7625639835305,4292.370906792702
6923.845003581135,6015.255850461304
6250.319306390641,6028.698745449833
7908.357874360396,4375.763988250217
4592.685488992514,3071.8606900964605
4770.087209755043,6100.327540763095
9949.217647635951,9548.090111039104
8235.704175858582,8494.459733471194
7986.241845268589,9177.21577439057
4703.143039810287,5524.763439634782
3637.895711979141,8098.772681692835
4154.083615530115,9691.44447055243
7779.077413869988,2825.9574327997716
1026.764933567338,2377.3167995780595
9335.818691558949,7052.582685730836
8773.602323785126,2847.0528263009633
5774.695063037953,7985.903738212122
7772.501436597573,1842.5547357376204
8638.664470072028,6373.43622662264
5310.248531747831,2400.23441555819
5238.179691307413,5245.2836650068375
3471.8887475772817,1486.7315821749505
5231.162803071146,4774.121038028157
1046.7025515519833,6348.3524366476095
9684.73848033106,3285.2810068271388
7167.656785965072,2338.5268865100106
1698.5520635585106,8116.500174748632
2241.1340538412614,1985.5148846483216
6059.077556110838,8804.391357088873
7099.191628638711,6311.141207912411
4404.420465231477,3168.8063541333154
8610.068403400044,9050.358321067504
7966.747452294572,9837.907198098737
3233.2676234386736,1510.1430481773236
5383.147680569279,3986.69686867509
2090.7123399016245,9319.422472533937
3403.337532409897,8707.322789554097
601.8972778767206,9972.607819079309
7765.274235141628,7911.622127105626
9792.42149713868,218.757649046728
5204.0405586397055,4072.90816724582
9222.485794772729,6243.0755536477745
3347.294310461888,7523.784157126022
6864.480869976039,9452.645157149898
3026.5510456214283,575.6791559195917
6028.958762918396,6851.5407344978885
7833.0009500193155,692.3096968824183
8800.582315882277,4400.2684817831405
1065.057796461466,5091.292635688974
4102.354582223556,9150.849940750091
7352.866717950716,953.0357405850332
4843.571218784574,261.1036944620804
2321.663279495115,7855.838983440028
4173.282922960146,3765.629068569287
1178.952248819638,9961.019135126937
199.69548051345544,4941.2225950407765
8739.967207629463,4900.757133473075
8253.651961731244,9097.804913109296
2387.3806269999177,4389.804828762313
8560.033770275251,1654.9833373606393
3866.0962317930926,271.02571180321445
9494.238129467132,1394.484953584766
8334.0105457178,5166.563744799165
284.79820720723524,858.9938415236742
6105.411492165381,2505.7329978199814
4195.768982768817,8916.90291369787
2960.6505273148996,1222.462034652091
1689.333445378064,5799.829312792781
5109.567373856958,619.1244055029399
2164.229841599672,5070.090690500917
1989.0948585201106,1492.377957658333
3056.603552774253,1609.9122209095428
4057.8500301848862,9156.994734553615
8858.215942498113,7616.707170198205
9512.429938947842,2800.5440202920286
2051.030810058395,126.99643732050015
131.32014849912554,5364.175430116605
3223.775222391819,2618.7800402678286
2551.867291148291,2844.9554265288366
7105.777932058894,8648.803060414566
2094.972602474152,4487.663452741784
2597.044195261139,7918.744556396604
9908.819521005249,4199.4949571492
8858.347935567646,1748.4941136522891
923.0472225182896,8793.537395673353
9665.52365515124,3500.717998132419
8677.628820055143,3067.9372592808886
9611.270361231249,5208.435715393146
3825.679314363519,2235.54499875662
5190.629007743552,9245.285017844313
9305.519597274326,100.46592112028962
930.322046483667,2722.303266597268
1151.564315294381,4284.7845927822755
8317.914983034645,1022.1699472659495
3071.2000492834322,9845.64257186377
6096.416070643883,6555.4881052832325
3315.307824893876,4374.462776715485
5124.462024027984,8349.566609669773
5673.197594600303,2620.4209475996054
940.442864087494,9286.780918392762
8070.402138570674,3742.118902406264
2447.8169608097323,497.5925576354268
993.7047326160864,5811.698124803965
8175.3664072849315,1058.001787379589
8925.621671156701,9871.244827890023
2301.1424670995193,7453.0466717876225
2324.823675740044,4650.916286563407
8724.9939713807,713.4622849859907
2947.3401072976712,9291.238275529422
7246.902865594989,3505.3542451044896
3295.985073646953,8761.114735698278
6469.388989045434,2530.340008000874
433.7901189032578,2416.689844152342
8408.95172190053,3133.726626144907
841.6740138555889,8045.169186625557
4472.34181373786,1512.4683984001085
9416.937655513215,1296.9693374381252
767.5046535467322,6282.571236547514
8897.361807367468,3844.4986875211384
4062.504651194433,3015.807054379167
7109.537694508321,3315.452354398758
8094.873136537068,4191.212236360261
6346.821144969539,7788.706302115552
9073.56036611019,8865.768364515367
9964.704584030647,7098.409301628158
9248.018181149862,5788.885741272688
7310.114207166456,3499.2107334236634
5441.9711804628005,2617.0889001299724
3774.3705276835926,7243.37415432707
4825.452565318797,3974.4946624671807
7772.0790526642995,4130.830666489071
8124.023073119536,7424.334144373751
5464.091639216768,2065.0918355904855
6977.619665088588,9116.880080686315
5616.015998415177,9959.583111833308
949.7278830742061,7682.911654316646
3900.805815565117,358.9084691475919
3649.819819905209,1226.018555229954
7100.790070941411,3511.2572964154388
6227.7002279108865,9802.034403467189
2966.8687966140806,981.2226945025549
9383.97765623603,5868.57616966109
7792.928570620811,7819.716090255198
580.4611350509492,3242.6487972387295
9052.610885660348,2284.974846549349
9044.044032348213,8962.742610921143
3583.3222340865477,9940.60418132221
5641.638680111656,8535.382253656986
5715.998959198867,1891.3513716899245
3413.543261129395,5094.5837565469
8065.857052841008,4466.616908802866
6114.766520983664,5965.475670942859
4574.003708957886,6091.154959066703
3910.0630609195464,1717.760951481073
5459.813436885907,2711.884087777132
4423.922000619509,622.5679401237971
7883.613827368675,7392.587603608478
6284.217083354514,6817.078867108618
3009.042134403612,5225.410871200994
2847.5018248369997,8978.9335700708
3055.701025923474,6122.30400118117
2633.0774976309976,8295.77191121383
290.45096297453443,1131.1379738093574
7786.8298626595915,5686.193089428333
2481.057045441024,9545.629610954004
8110.426325554795,1295.509492135828
5732.454327176269,9114.40126903761
2999.319505768152,4557.561474820522
5949.923708606862,4574.693171800483
4256.076710256564,7926.611772770617
4421.498574978312,853.3733206831685
1861.1650754113684,8715.670198891594
3167.3921935435446,4889.659424272282
5116.040944000128,568.302233958291
6278.074834935128,3176.6811111416782
1392.1805262322184,2722.710294454416
9884.23179328968,8534.17095288547
97.07844392102926,8552.177010909516
7284.629622140439,3141.1291484032654
5651.228964560813,5857.830898684624
9430.14081468107,7049.469268191378
5580.771924775523,1769.9630570769332
7619.504985158863,2370.2704604239843
7996.358879528794,5886.508246651332
1371.2687257136947,9730.17925166821
6249.198647129375,5160.32383617167
1360.115074192244,6139.39845882908
7914.08386791187,683.753348775945
7050.53660045119,9843.57151597441
7258.168326431217,1053.4255988290154
6209.850236134122,2933.307524455645
4926.795841216315,3525.0786737398475
6383.979154263636,3949.316137097686
2438.4311950542146,296.50894193599567
3586.647145055821,8696.97076125845
7660.209779565108,9644.175351351594
3943.5383813558255,6037.618919528514
882.7213823921842,3776.892197039594
1965.4942084963766,9827.431184328314
6341.710067046231,8457.166998622084
6959.157075869446,3047.9928414539604
3478.3218894383704,8444.655837860591
1596.0079673181926,916.10724206168
9540.989818420368,102.36916446065503
4438.304537358575,3248.8270583292333
5032.871755283965,908.0170965655765
5487.464540715638,4561.561085970752
4457.652299215469,700.5480845718392
5527.647601571131,6765.455757028023
2140.596135666812,4353.098996803679
1836.57382177835,3472.0250262076147
755.644981342215,5123.846870625595
3552.030685095436,5761.638170148659
3943.6231259674237,957.2065760994086
1488.8333172443092,1655.2219320594986
3184.8889909660506,9846.829376474025
6732.407537979435,9185.823416056657
7748.643323846484,8981.069086782352
3728.910052979233,4010.1893473829364
3523.4391068654713,1361.5728180704823
1410.703117312896,751.5005575860112
3388.2689369900877,7290.706312960434
6432.6050249181535,3736.5773833032035
8114.107291672153,1295.6878786287118
588.6097032817383,9909.384759362812
1583.869714305054,3273.3222706551123
321.83405298593203,3652.122484192177
5048.74561683583,8670.437502394645
2120.3429102892146,5861.364218620449
8503.747732870575,3861.731795275158
7198.35052748638,4260.69814279994
527.8158920809284,1179.752499768343
577.1010884352701,1948.922682305857
1055.8196008946863,3615.655975105717
4204.7538424333,9630.563014592088
6006.274406879061,4781.805141746354
2816.6480527366743,8736.25855111575
6267.0766314681705,2222.88861262685
6580.371420529813,6147.199768526514
6421.169065009914,8571.321918397553
6722.552754445289,4687.9693430537845
6922.994446292096,5022.124440294527
3908.627767007762,795.9700347467269
4057.1512069060323,427.9044372355556
2848.084734110181,7997.635882271634
8920.748230093997,8493.659139981884
6256.3249767588195,8111.677011292728
8329.955400894129,2884.882265825582
8200.322461402675,622.2733828370119
2617.286563731015,341.3845808334537
4326.174146831067,1491.1001662983192
1604.2330221713696,6529.858256228036
9247.523875319175,779.3438754650462
2237.8865955598935,9113.710319715252
2329.9307662042747,6264.640848797109
5666.647945847065,4053.6780353914105
4417.774789163184,1814.2617264018236
8314.075650642597,8715.259689968161
2677.7059363464027,1114.5828259839186
236.2511277659063,9176.23484043121
5584.177369873338,8916.815985973573
9082.666050209766,2816.6667288811263
7787.504132820827,385.23420808629584
7844.64092353047,145.9902231409238
1967.933221004624,1184.664802792551
3535.815652952876,2102.4559257344254
1262.9562592190025,9295.059090059494
3188.7848763659,287.21832385177225
294.00556446653957,8462.024043909929
3675.093164572627,7414.092345970436
5019.10038056462,1060.4606925027815
4875.0463114149625,9706.759310119272
6670.328323750504,5912.483016195439
8085.157200038005,6251.170104775777
1319.1019842156736,2912.0215455781386
8122.591832545892,2876.8440188274135
4524.625285380872,8407.18101142024
8610.07940039794,7003.140930753186
3049.7474493299883,7575.657184046731
3500.0446186088698,8931.961038016663
3536.155232443435,5341.573281047379
3734.599487838075,1941.1286281527084
6247.705491927525,6501.184284962962
9766.551531803188,3862.3692057191474
9870.690194492488,336.61606994600857
7371.240955483952,8870.016742824128
1163.0243330017909,9465.67083021398
1745.4338650210111,3113.683199921422
6199.3211927749635,274.01395299500916
9907.733384153938,1077.4403921040166
2187.9574795571457,3855.334350975591
8400.631517186603,100.06006678932921
5979.489512530433,7977.064018702223
4682.340833564961,6322.35597324838
9506.123821693996,3375.9400049105548
1600.582305046061,1709.4588723948068
799.9051644503563,571.52089868298
7381.186949023294,3106.683997630957
2498.6840035942946,867.4308867087288
6034.706928599165,8320.326392368876
1174.5311140255387,1213.8308980372426
4735.143777747961,822.3733292121905
2529.4370186773986,2088.86140504691
9262.193546476345,4245.337644062891
352.81597713317404,5786.1899944347
174.87084239678262,2043.3784521328491
7681.482770353337,5482.087252494853
2226.0997096563474,2209.5004609146063
303.0228313121897,5111.233308235202
4654.745185177437,1206.4047371204722
9102.615692773788,8743.507012359478
9532.540489315445,7924.584264302471
9630.566490996052,5362.864429094959
3032.4133574661514,7423.208074724807
2484.347812756621,5647.678086989818
8917.210143948614,5939.211038927653
1875.732734365887,9470.660571782482
7485.704174532264,3788.245683773234
3708.8681385006284,6974.495922329738
6193.4424699489045,975.3887006081196
5737.574644337986,1435.3187944415945
1733.6284103782762,4426.698820846153
5919.7581890245865,2264.8612585565174
3902.6729874763887,6103.321731424189
1853.6264498495514,9937.771407799759
9237.13726211045,1912.3639538897153
7069.262912794324,5616.542402640116
8234.582562430845,7858.225588196792
2900.102549757848,4084.162881075969
8836.288157087549,6358.409971833302
4865.851793838984,1983.647220774487
9749.578565458125,7796.35115595361
3274.4005416288314,4448.281887413738
7037.035548538822,4761.395152974354
8683.824241994944,6807.754061736549
7475.855054766272,97.896805833112
7228.929938642193,3512.853531602875
6489.5066831024715,7846.045931320309
2926.7927700674754,9677.792878812214
7362.9533254679645,9235.71093676726
8963.002268765005,8486.918004975363
702.0659284988795,3227.866149000359
4332.121898129993,7465.162968746927
5284.379922591916,4763.720747503888
2914.2703284194395,8013.03229377942
2954.8874216027234,7275.188310988994
8107.947890876461,1555.4026555776722
1269.5162650675773,7750.854951562085
4090.0351886994513,1358.8756909316523
3174.308535069279,7114.973128189334
6051.353338617039,956.59573097161
1083.342500766672,9140.718713740318
8425.9711453579,5905.009761389839
7057.582957231042,9169.89999958847
2641.2823354384395,2987.8454583919247
3879.985685564795,109.727372008811
9035.965200190813,9865.927367227769
6758.29664412029,554.2315122468644
6564.865038955187,1399.264340014562
3536.3277766881483,8957.140009534794
2987.8193133521413,7874.694605918742
619.3159526723158,6460.118772614647
7816.7944887955955,9634.984329779589
2880.240865751452,1212.023024355362
9113.345352812565,9936.340672672184
286.12438674856963,217.29577335771188
8611.07714036671,6777.872191630467
8258.289056078242,227.30336440372702
2159.789859877771,279.3257040524855
9372.177470420544,2486.801317435807
6035.669248918704,7487.036149179947
2163.982595732622,579.3021052923852
4735.486639091281,7629.135963397066
106.07246654023572,2552.875378604654
7838.053097876167,3207.7618005792897
3627.4281704512523,6543.807788596488
2738.3702717861825,6765.645776184337
4419.128584734102,6483.237193544565
4008.9063359145284,8891.817484303778
490.47379754204815,3572.745688993644
3507.9298076725154,1332.8688713250003
3300.4210166479497,2352.46811476263
7224.956332573691,231.77454214372784
2342.5984786214294,2747.9875497534767
4367.1303022055945,727.8097044315646
5294.955789220562,3515.0875425540808
7707.079028383858,8457.426422897377
5168.596935558599,2495.65149095185
5454.280578270677,8159.768886007309
1481.2684758154792,1618.4220492622137
623.7341489329251,4818.652703230222
4655.414213486354,6280.450815644921
808.3343148591993,3339.614854762031
3702.5138389263925,9489.447987262789
8555.057277983831,4218.847398438414
5310.346201080245,6507.767907461562
8365.93901581431,7027.553127885001
2135.8617435707915,3865.5858711006986
6022.937213394934,6310.801938127853
3893.868193757922,7617.876173302975
5565.704389455535,6741.1782022994275
3480.531442833765,2056.646424182954
9012.738452803362,7823.210195729274
7989.449605765966,5867.727648619635
264.8593596090709,6179.543980736804
5522.159879292045,5827.553245529072
9599.976265451383,954.0452751833639
2361.8923368505475,2285.023572132041
8292.460859837192,7765.76029876693
1373.0355494072699,5555.056642158556
999.0823127584381,2736.9903828381616
6064.069557292416,8309.454559790702
7501.357876119638,1093.9698701926593
9771.268322816917,5840.467511826514
7625.960658806443,4730.745421656539
4967.543937970946,2155.4213757484063
3747.167321692915,4299.277205554852
4002.9593957101615,2226.8715913845294
2824.2495894292942,3513.385944646801
8806.049461065335,8677.23056446711
6223.3607189809445,3412.4518759362586
4501.490254993467,8714.925157342028
2349.9435636000353,6755.972263821126
7556.768744784702,8319.591965587302
7018.556622717957,3194.3256824682853
6073.437173841287,5197.28118185385
7548.490566049552,3644.0539155843144
4573.253496159211,7945.307117386179
1338.0304578087676,6836.68761396821
6018.121553779419,2507.311524789658
3167.1698533501403,76.76147822526013
7699.173530108129,4736.433711261011
1353.3518457224814,9421.824722330659
1824.2554798639044,2687.1750887473345
5583.241981517621,1745.036272522914
1776.6379872344696,3288.704800900544
468.3996677758262,6464.6599675575435
7618.9087743419495,23.023238355101007
981.6292115672576,3564.5383472277613
1279.082237423591,9840.524240903536
3540.8707193305822,2892.3077643005636
5516.327273448774,6596.021930312685
3615.1283796472067,8057.408442998933
1657.6758812806281,3493.334457966555
165.91318950546662,234.10315322713427
6770.079070219725,8362.26525433174
5846.314171792801,4150.962949101649
3546.0256190325167,8116.357522629113
1118.056325342024,5962.631903047411
9647.723881343825,2017.0638733756484
9930.061046705485,9541.765219870204
6767.9877261248785,7955.277442474873
7731.660873632229,1628.0453964544517
1274.8743952788088,6684.6783669422875
9230.682883846119,6104.730860578027
3411.1699833455,9651.918338938218
1672.252284737037,6809.0681669795595
9370.817127158578,5109.792156800789
1782.3081444951915,4515.544134502947
6543.500833978477,7549.5311052401
3340.3984959514564,1201.2704647526639
2557.48031014155,6453.517903031717
5476.868339849135,1601.3905996467881
946.3703928061107,2083.362382288073
4012.0994507154937,8410.14170258799
3827.492327412817,2770.9342821899663
3056.231456063867,7646.0769368042265
3140.454242819298,1500.915932523209
664.79142467751,4538.201280010673
5615.72489872267,9625.509440993053
5905.864280861209,3668.549227918092
6916.596956631881,6565.12444734585
4550.160177728316,4322.630088221265
8595.064767893566,2962.1326438321416
5699.492323870143,5489.198059535287
8103.075241711534,1146.3983996410743
4174.686999178891,83.26242629328684
1670.8141258629173,5755.615518810897
6150.225594380993,3785.042048437127
8217.682232107789,1381.7401400783158
2354.838041373758,8668.651839707038
5653.54500151069,8100.382618226261
8488.467966079228,3582.006253137405
9556.333471319584,423.82470311330576
599.248918483769,8289.233690041043
6846.70518944498,508.89500029928536
3526.4703841544233,2468.052893556758
8749.257074736992,8412.763359084085
2843.483277747223,2715.1421644357165
4007.5013691925733,7744.983276192797
5236.544587729606,2594.1584950207584
9166.602418254402,8215.08927311878
2830.7937573796203,676.2108343359407
1903.70415530566,9126.314331112966
2305.4793828730944,1051.709290476751
8114.860214041456,2837.4668244934433
4401.85558695359,3793.8007516141492
9643.227660821603,9255.750317428656
2372.7085738443043,1628.1492340356797
1159.4606159767095,9737.180928499076
1641.4002885917223,9688.113674265642
7532.329204092979,9391.594787359421
1122.6332104631597,3495.0686706050406
3723.3553206452043,6295.540950009283
6724.758287155749,1503.419931878036
6922.33724423484,2412.1937405967233
9589.066662150391,6833.215025242341
2141.718382067105,3311.9777766956104
3970.643313941902,3200.1417810261314
4084.28939384596,1447.634758277362
6776.4866294016865,9517.181448002542
8253.823023906103,6468.204573245749
12.672674035405507,4676.254171799444
8650.345697289147,4044.0838763830798
2231.5161273631857,5055.022400066586
6823.74700366354,8748.290849854862
4081.0498587578204,5683.6197008179915
6460.137148208928,7209.867821680906
460.4763831450054,2122.780033517835
388.85914131519314,797.3648608905659
5384.80121941232,4455.3392917933925
3981.3007806633614,9481.505845753667
5212.031001681115,3456.892335749777
3465.950908527955,8455.712053243613
5001.074675394609,6513.947757180472
4433.706855726854,8921.743709966233
5892.285302157185,6840.634906987254
6835.306462333562,2388.263539460752
8783.902209505914,9743.926835335644
1538.1824719657034,9980.88388165123
7428.866741370036,3220.4935253782196
104.41796177528717,2161.1828806463186
4794.944873339264,1033.787662537754
945.9005368678775,4475.499068901604
7355.462202894646,5680.845914816909
4025.2144363835464,2809.37059588436
3000.940374242733,1590.5908051909335
6428.313927828029,8726.481266623432
7426.382845909367,5811.750504156871
2311.785611458337,8952.770440210064
2926.6070380539,5279.687798065091
1205.2109389222876,4578.021523912579
8730.087594394176,7654.439603631563
3978.7499848544285,1456.105753309952
4868.320293164256,2454.1800129020207
7365.5678574383355,4530.685642830069
3285.34482286157,3417.389691797741
8169.716356930715,7743.413477592542
9249.40120597157,8931.44100880571
6769.576998069922,6775.22811636527
1635.878830066977,422.82627429235384
7677.031140772874,4895.912814055852
5206.926011960915,2402.084990655541
6216.090838158502,2273.6920092390055
7953.623518263808,5607.553193304544
2537.2424874275357,7570.613388184909
5520.885130074505,5507.852283291629
555.0880958702431,2599.3884982330505
8248.37959670236,6270.446901816561
4697.695754260012,828.4172340220553
8664.407661855901,9545.326722603515
6108.799134152224,432.69141472948024
100.77827814320095,8956.050840643347
7202.336252375266,1759.5244723998217
2370.4991160119826,6357.653253383821
5794.162117180362,8617.409100171739
3682.2670129740263,5079.724818635173
9750.99373863508,2797.0425825056022
1484.2803612983014,5195.150418345416
2034.3917447315496,2304.5326995047567
4852.451810635912,1739.8112075508066
5950.035342138999,6198.084992430682
2804.8385466550185,7096.032842648527
8536.510941232018,7780.774836044548
1363.8782675871985,1070.9803394551054
3008.111187071434,5889.153917011998
4896.635319747917,4829.424681070168
4563.944666538173,6018.694862617102
9210.87856663189,3824.491280079482
7249.478439758992,1842.171290332838
1688.3595915090877,9373.318890729122
6485.90614246605,4702.26686018671
5364.842877155659,2894.2333269479414
3244.573305616515,8347.716610631227
4208.2722872321965,8067.683270200709
6310.785214765162,9188.673758856547
8482.498482528177,3200.8039399773693
3011.388133200068,6812.569731901791
7936.868917483385,329.76953751917557
9284.658802068312,8158.926957281525
3204.9848591032614,894.8518757685786
4138.800382463918,5069.419465911771
5322.00072148456,1265.7901649169112
2512.4889056152565,7246.55386151626
8478.488026670622,6489.105906516171
9013.480392082893,9355.486472603643
37.447142451699776,2699.2209265087295
9066.72125704849,5581.691477385243
4885.9931334123685,4848.191034223186
6125.014230877053,8448.768253578497
3294.4111809492206,9700.25560707072
5362.230725389989,6738.6750683562
3213.0492093005146,659.3052021896829
4962.515725692971,1479.3082156591631
2869.6639284063885,8311.054446292968
2534.8128410769586,1938.1393160269033
7662.671470479488,3090.047403443008
7732.79509841783,5948.05393691243
7471.296628756072,2033.2982703528658
3403.041411501341,9618.408492873737
1163.839322553345,5628.938577929761
7101.789422112139,6702.81537342252
4965.27341931549,2536.2689204933085
7753.196573564845,8329.513194877312
7589.072391471314,7449.094449134792
4844.4834522008905,7045.53274941465
9142.70257752486,7484.963009567609
5602.51744248168,295.6552976033844
7001.604927374984,6557.991709539375
1973.5735673668364,7647.319149964941
2574.833386466945,997.0312575106932
8861.964089354013,3845.337790130855
5863.573381578874,8149.015024288912
7240.444376425302,4436.2920668396255
9637.971705173934,5256.46957640766
9376.246297764064,6905.138640192571
3709.730914966426,3620.51809123369
7412.497428702358,6565.704388181654
348.4515559009582,6639.569921768674
1396.9491629941576,6348.327037172756
6981.775032402501,5248.550448114536
4817.340129920776,6852.186483442483
90.9433642030666,9876.694928966594
6988.676972761839,2485.8047997927847
2345.6087876927013,5610.498695515189
9265.598153320318,1354.235555439932
3848.083894422051,3644.3871106542315
3383.6808048833223,6058.534166765821
8953.41854733398,7467.317278466871
6228.580863201682,6453.867812792737
6420.6013950707775,23.371094882532752
1149.4927843194337,620.8556054712078
7934.751276736537,8401.403181073689
1085.4361800174051,1129.095438444564
7576.858755315018,5570.483715337261
7403.874407964384,3545.1805263278657
506.71389244850707,9773.315643177786
2267.4834083848914,2197.955756125577
5641.742295973413,9697.813803102556
2092.192416184894,5304.435105833445
640.8500799153005,6083.4536835197705
1088.0301935501357,8855.398244618838
6317.133135557367,6584.299017684081
7701.68084268245,8664.173988570456
9235.398955987652,2540.804039945013
8214.337155566409,1397.0484472245514
3869.213022810135,4293.983931339489
3202.46142818282,8070.143016665789
7153.540606431218,9039.648834765308
6515.724607321694,3521.835107334853
7163.809524556621,7979.974138131508
3354.418043903956,9755.86741196363
1916.6788053829075,3879.851763686967
4649.119836590482,512.1846124345408
9230.847571940685,2786.146042306413
5982.843967368555,5243.504105595102
1353.688944339584,2318.4972247949877
5145.36592372316,1012.0332720625291
4523.463029539941,4143.004603739032
901.3420129876015,703.0699484588232
8050.164883584868,4561.083087176778
4671.892466653234,51.72274277662425
8678.04980764887,6175.290097508854
6730.27812392196,3891.559482729333
5946.949507928648,4092.5469906981325
8516.188163016508,168.88065005781218
3262.7867927502352,8392.430246869666
9043.307067825168,1870.795927353245
7452.586274772834,6940.465116608786
1053.628384498403,2646.5574179743544
4177.684781750024,6654.621487574728
1083.6378451424512,9665.258422106539
7104.000313105215,9577.044719521211
5015.415470101053,6856.637846451831
5036.249272007262,1527.7177007267962
6870.508013718933,4008.6560693759466
6601.099584366746,929.311183247985
1506.3032421915411,1463.0677170465356
1309.7191316128688,5940.233866002061
4600.064712699953,2366.249800412956
9465.882428083958,372.41430733163327
9352.928610084247,9104.677569397685
1766.480682405106,4513.063937267887
9225.249544108341,9706.66748810759
5393.840508272402,6753.614176981116
5444.651204014223,387.66393643787643
7253.449546637986,7534.725650207651
9251.5708394664,5110.773055511021
211.6923911667512,1194.4728463409283
577.5540464805129,7693.036543809098
1264.3684941688705,9324.73437423403
3044.6180217478113,7431.671430158899
8978.479859246783,1068.2617765030589
6240.841327508259,2132.8250612403144
3595.0077052276774,4245.5240365662985
632.6262373064728,2644.7305523699915
8829.175022474778,1683.5322511362483
3201.7723575956425,7318.64686316543
4197.168861339539,3125.3555424575475
6636.951561391447,1969.9106080708927
906.0443908563276,3583.7186453647505
2015.8450880412138,9284.960639527962
8668.556873216228,2259.548305765474
9964.27355527235,7649.465472943189
269.5318730380491,7786.185890586517
8516.940778193131,1676.6435263032831
9966.337507602142,803.1139286916988
9286.636845758125,9899.774950004856
2887.128363876861,9782.636915121044
9410.907633492552,18.478300364663802
8522.077552771607,7058.762931167539
735.4419304609561,775.1693709111773
1264.9459286132646,7023.666615226926
1671.795105049526,8122.477138063164
8951.776366851089,3064.9580779927132
2022.863399548892,5004.75174510645
1735.2123616549254,218.7917011987428
6151.052838797568,5743.794984586195
5660.922962256557,1667.054690151869
9509.934284535699,6572.900988217846
4080.269025003278,4945.31852694087
383.1695834541982,9891.700561081721
5176.730331606858,1216.7703672127338
9908.604818428765,2672.8663021419084
2086.3479982310596,5714.404715051265
893.8456182793752,1560.1324909121083
2315.89827709782,9935.281319780785
2894.5842724065174,6446.180186020465
3901.154737918755,9167.981655426847
5321.465433727682,2807.866676798213
6058.51702982168,3822.8618339180566
2696.1607252133213,4875.021316068493
8206.304741158543,6988.689793071872
629.1740330617546,4522.138643757972
6256.909843579194,7581.700684319276
6515.0550895951965,7699.795832751562
7467.317827748387,5046.775658435815
2256.0122237713454,9313.875141260289
5814.286938598506,7876.379373334933
76.38215798964177,9478.56423213508
6048.831959433873,5487.179827296571
9068.598256002164,8067.680435569741
3076.3172364224233,3669.4291923036794
2838.793152304193,3201.002680024374
8843.154566758712,7036.871067612222
6031.455731913295,9831.160352719366
7824.171997945517,4794.7315531156155
5348.445549417937,8403.508600932195
3449.8616205885023,4929.074237243725
5613.955266082124,8921.416829989708
3316.9226776601613,722.0473737996824
8965.25087585763,6436.598126577134
7051.004840417542,2949.411433288285
162.3213498675935,8140.147075804725
9182.235857474361,700.9825670600156
3695.6071033894677,9375.710960345565
5047.48978318161,1186.684088529306
6674.024437410269,4046.896749575648
557.5435276812923,1196.1928588535397
1590.3264667900473,5055.369116156343
9037.302118122774,2526.8365678690243
8222.305284327602,8309.29321589258
7378.022720055587,6725.971603255049
1523.4055447198225,409.53680224732227
4987.984944752221,7227.312205804189
6896.889077322853,7648.68475995994
3854.7585425756893,2030.5174572819917
1748.3484280947202,4779.49913123889
4559.171532441959,2514.8153157214892
284.5997497773878,4662.902733438052
5108.072779270871,4045.8798859643352
7681.747282194944,4589.40062872464
3688.3649444591138,8827.949642692756
908.5781797511039,688.0420908826168
4494.034328677199,7963.1724288740015
1214.4822142122202,68.65609737673583
7187.812071383778,2089.010497364553
3853.7719138656757,6418.091759926069
9495.683442744988,2217.582574026069
7979.783648113714,1564.3603656375171
5387.369857824496,3775.858156116817
9466.153368976395,7437.5770408973285
4079.820416749571,5861.129437110653
3419.189329080142,5845.114530084717
9614.344260242371,1862.5634010089964
8901.158083899472,1648.087878898803
3662.3883569877034,303.8242073132702
9195.945553821752,583.2661152073304
9465.78986048832,6059.86957201638
3620.577097196941,9750.205582849898
7103.036431266789,6941.893835359661
1050.7533951199644,4623.522557145875
3977.9747608828466,1106.8297864182907
8933.359991606436,3932.8450020943606
508.38625148240334,5931.6987748598485
5514.776766403513,4040.544949749244
6333.4394956134165,9204.155146316105
312.68313952058537,2713.3029702649483
8119.0761275660625,3027.950701750577
3987.099873008262,5719.913379127983
9953.94825794835,9889.684613869169
9943.799744273962,53.78798455282774
5395.788311456724,6009.918611230201
3134.252067947868,8028.543444834332
2973.772391653412,5597.672858669201
9809.545038530832,5446.4514372354215
5636.8400995315815,9170.355172502752
1349.628473866431,2900.052661698083
1854.773243105714,5740.2277488911095
8903.894463665518,9778.557315156662
2369.9288340580006,6692.6282981449485
2850.9398306659327,8906.451459168358
9350.581481163037,6032.025250194165
2933.0851608702014,9943.691780786257
7154.694966351788,843.5036750360048
3383.6702855073377,6610.918799270341
836.7062651199153,4770.971502979073
8771.74876912817,1189.6566091092109
5611.606670967177,8682.51477556814
6388.372685252173,1991.0023162972857
2478.050308584806,3176.7376918124555
2366.3374673643834,6399.243607764918
1365.7843779778923,3882.951858962992
5455.903128533666,2052.559708667865
1425.1516971002166,769.6528299329885
2732.9619201177347,4940.858426281309
2874.4961996715533,6061.357633044438
7173.5670800351945,1890.1204975697772
7449.320941957231,8876.881164798222
9021.401180688274,6617.831126976441
9447.346690249966,6354.717213399073
7499.856808626842,3786.7828565432483
3992.46947944067,1693.6789268733244
9838.541091264125,5259.42696679459
342.2183377279786,3558.390397776291
9386.41479529372,811.2380955009579
9536.63784208882,4094.102877224367
8500.84817332101,6834.768126053644
9866.654467405842,4506.697079231341
3139.331358216877,6232.162734404306
6352.644332145398,3879.902371323266
5566.077014030669,9331.87406239164
30.527205064482253,9278.805431792052
7256.985176598524,9391.246893640793
3745.3028463806627,1043.3643419278683
5947.944182801091,9835.40688695983
8636.960422119804,9768.464624522505
6673.587972383325,2720.7918735770986
9320.435521778929,1965.260922433556
9046.471560204636,8130.243583652841
7568.324008490526,6359.238629288493
3254.3077408859654,859.0874765101986
4233.835778248995,5734.855994246702
9292.690301723469,9267.382640509797
1338.9126757898284,8200.007514623432
6993.102641251606,4752.110892656882
7907.539873610572,9037.208594545682
1193.1908948268444,4568.430340097588
5234.9809046079845,5243.321182351921
1427.2380330565604,2442.0543468082024
1380.593181845151,2295.06735483659
4846.174420549105,6402.95889489784
4568.6417831774315,1642.5320304769898
693.1310990236517,9899.814983722341
7624.198810409008,5720.0571836446625
814.042971652722,1312.4216597220618
8827.90741155544,5518.774110520125
5896.911711958932,3657.3427788593917
9582.380055843147,8188.925422991075
6480.742549273081,3581.8593018311817
5196.609194977337,1075.66359006797
5987.111426809027,2942.4765852720434
334.9355728714998,2611.7693832680566
5461.527742569996,3704.612985660042
6873.606417291114,2121.093644683989
9502.359387953813,7168.479345552661
3456.2138892977177,7741.8004135202345
9831.003650491846,5668.404615352179
46.78003631034433,346.5784828423135
6819.644957147175,4890.655566411598
4739.214957489774,9964.802904577182
2311.4933833505047,7777.447255280854
7467.030059998897,7371.090547378105
4910.869434462233,2226.4380110454395
8169.043374592638,5432.89520125685
4923.82197040113,3904.001795848806
1050.0944965138349,9880.520207227062
2832.2685216144814,8199.528852775848
1415.0568337151738,8648.178857469591
251.11589587778704,5230.899618927309
2796.056197692428,4247.982985560734
5451.825153855838,9073.20645817298
3068.604765151557,7289.117634615718
1630.2149459877246,1438.3281179349428
7516.314615252954,5010.79633122568
1867.4598981431834,8906.142571854492
2983.904799686997,573.3823476162958
8881.459887468935,9959.515124091256
7857.260784216273,3643.1324680377843
4933.0587388884105,2055.4924587187984
1241.4950196554198,9.612214008348774
7129.810515642296,2329.2114364359395
1843.906894784828,5667.622308191355
8057.186427788611,7887.330266255285
7244.579535666733,63.47457909552823
9487.381413455249,690.4376989645211
4196.193695844792,9820.762287515296
5949.913659515196,3230.797816382137
1723.0383294808626,9671.76927805926
3424.6225991058964,6068.804652965645
1210.7799448043543,1042.5994002409188
5236.940766541055,1052.1133901151147
9182.054954093068,3593.9961794022192
2294.4417665525307,6965.010957919352
7375.414765630412,5495.03478104366
6785.858345948574,5076.92308812917
8242.226972692675,502.14844867390696
6893.662703527407,8842.779864320384
1431.294066872858,3140.199065521719
6735.579998900288,4882.384783351875
7415.023329956966,2809.9780804069705
6872.36299636106,7738.673293824577
2421.094896606661,1681.384382431307
1420.6928208359905,8233.340231428812
7816.3994180386535,580.655522550102
3796.794388747071,7934.401902022524
1714.480420121639,4741.696922006685
3347.0951537433803,2706.2533101770005
7622.122457543743,1545.3896450866155
2061.353331619928,1831.836609628632
6231.6627809086,7820.357129043076
929.4331436390668,5383.660148909761
4308.760112404648,7572.014055166245
314.7368833021469,2566.21042043932
5751.114356659542,8704.192335518197
4360.650442710822,2131.073034410543
6236.059637121999,6956.675503667866
274.3187370380973,5123.599968878292
9301.606396863499,9411.530505234814
5381.522947544898,8204.754251398203
6041.2152478690905,3914.356981522198
4216.981408720998,5392.726822215102
7582.427497157667,1077.0421444595934
9071.865976615152,9841.90837186469
5755.600796451761,175.84561126254948
5035.934386064171,8636.67044705198
3001.535291003221,7283.117112018917
6605.731096038608,7300.647384990194
225.07991250032,9484.566943469043
8886.308684695516,1025.6618450279086
210.3898673157556,8282.338897371248
8469.96266497983,8318.313218369498
4209.105303892956,9758.954895804041
3680.053760972836,6750.709711788037
2445.9277984279684,2500.9919486425324
5389.482190986538,1085.3685351131492
1741.193838162145,2202.6951181039067
950.9370595442634,9253.529636099072
5832.082819145437,8549.22105293931
1055.6787335468698,2055.1181862779376
1698.597441988653,4975.4507233076765
759.496774794789,2283.890112707975
9750.040339175453,216.24404249223295
1754.331220844253,2252.909698109089
9990.738691649567,7360.885175248468
6584.178375924264,2925.889223576428
5491.0463452711165,5932.058095405598
6427.126376400973,4678.72115577045
2656.9946390884625,3633.530180037098
5293.1766839901575,1659.7617256384212
1565.7471892696706,5761.512022759243
9540.662548011871,4543.991032865397
547.924733833527,5215.659939230341
4709.426413790966,8744.583771496144
7714.304406747864,8349.058857241009
7721.860082868109,8302.260216453516
8543.921313348028,5614.5287456520755
7354.416313843205,3809.1181170449795
8616.619644613875,7463.947298953442
5738.88738625718,6585.229156644709
984.8607682635579,4094.856698813032
4466.375851142181,4215.011799994934
5981.650878833377,301.73710134514863
338.2207160651751,2584.93262487009
3619.2575917944446,9210.07629100918
5389.497982504395,3331.5310850875544
5491.325106798004,7967.708095095877
9253.018976665067,6839.106320128139
4136.868097582852,370.623022669444
2562.9770454533063,6804.253090006491
8189.112014165217,6613.073870133409
5357.760533678517,1490.7193353682646
7845.333174195561,2510.117621036031
6471.710386719254,3833.7985930342957
8163.18334329547,559.0394266610077
8316.550679847387,9094.774722551138
4932.554447459561,7088.574778226124
6913.537822911683,3314.2465955344314
3054.2592482322752,1167.069356195779
3791.9381388736174,6444.425051414044
627.0789703959567,4552.469885280717
320.5286225528259,2327.3780281006893
5407.4413148961785,1232.1009828212505
9671.206538790108,3528.553020943669
7572.456266899804,3478.7502060877227
4519.706513128511,6916.930442098888
1075.7185572389483,3508.5884799277956
6966.119593708062,7964.583780335027
5387.506428241737,5787.571789000583
5890.082536416047,266.6049170764628
4626.927592160309,1118.9424758186306
5700.14568633282,3906.5834517923095
6319.702651028166,7143.856650711558
528.880633569787,6081.188612853358
4094.185272898221,7253.737954971382
3277.103754045099,4284.0254410772
8693.783305990923,2253.9008588924457
4924.04495529907,8402.855131635783
7936.71750240366,7428.86672685374
2004.129597384271,1571.9429958637797
3839.873452015473,5124.959585891227
9259.745998282866,3328.191969949278
961.2021539063865,4026.780230927307
9988.897618153127,2634.3064524538395
6464.24154857317,6633.06471439054
4401.736671534356,5930.33975570451
295.179572279769,5762.950389481074
928.7015299349199,4882.578701111369
5019.569290718987,7006.464695881881
7548.577398932696,1704.1047077078474
176.74786072771843,5651.66844825225
8526.770531029237,7166.8194687193245
6282.090490632896,587.1014763475968
3409.1089225838446,1374.7181179970125
9142.900426796456,7390.897833358357
7035.355607085455,8098.645641288435
3619.8349737892277,1683.1567543602443
8510.526201485163,4105.145778072758
8301.7952297242,6581.755357287936
5674.64434438735,6537.179413903291
3747.3446697190193,1105.1183136553377
4742.181377873553,7863.839047760889
9657.910850067174,4831.633443339808
506.92244154822987,4928.908656957595
3730.007229366511,4687.304302055729
8632.424494109868,6107.3794964545805
9569.173258182183,7247.793403964474
8690.576509012735,3135.6519973886175
4446.769256332178,2718.75202785135
8604.365825836627,6521.804732256607
8323.026589840581,1083.7689657764172
6651.79302047815,4738.556305872648
7169.5324814856485,3822.4158759892257
6988.969314170231,1700.2977432621124
8995.341494323167,9331.905556808195
2458.789071976405,7719.399917197476
9391.76014389532,6680.43236854317
7393.331937246251,1916.3024554156705
2979.038763087689,843.8394937092108
4840.738427777927,1327.3272249402335
3780.6199392297435,5841.627223238815
6350.849227863229,8640.29016615731
5139.932735722636,86.52965479279406
7605.57879174645,6471.025577256964
596.6943631676869,3670.1633122421886
8519.900018533364,3332.023322998294
3384.6485965708184,7651.939240487087
8762.417407477642,7504.353903124283
429.32520311611097,7273.655708419865
1361.8586432979384,1896.8240363555067
3242.7139006442476,7802.85933288168
8219.052308281509,7265.733436870384
5851.286420269276,3884.7156638974543
6889.854443052292,6383.967244663257
1141.2433908130758,7070.031609590996
3733.7198237017124,1837.4970577462834
4012.8744845581323,9063.452535139
2492.6828461943105,4680.083972794176
510.106900663676,5818.981710588463
3648.7732164380436,6136.271479808016
4632.863150498589,3816.33917715544
1447.3090788683462,6632.833923133118
8849.127169385385,4576.926154831719
6020.871768701713,9762.242801519185
1184.43207129714,8045.463794434976
8152.586883413541,1097.4026875944264
6930.169675752893,7833.935852751398
4146.36132441642,8845.828122928788
7756.93553151099,3335.5896634376713
5792.296433184742,991.53027313016
5502.450737399388,3713.0856969658053
8766.512880429658,800.1978654315434
8313.90457033815,8723.21869714674
1703.5359216359802,121.11841262626544
4525.906739864767,9977.113910905093
6896.915419103819,918.0558979121167
2117.165351157402,1358.5922725187215
6491.311165050877,6352.006214167525
3445.2345822751986,4038.6694172810357
2411.428690419067,4695.131272586775
3505.7572823452556,3922.909341010237
9386.986972162216,3553.9900631246346
915.9061344566221,5210.294410786806
246.00514278130703,3053.8238327518266
6824.902240936822,4274.828489042651
4588.843930841362,4108.917017132958
1603.5646545393822,1025.4278803916172
735.8394720127226,2755.3858615360614
8275.841265179535,68.10458646370753
4536.516471786748,6788.427407904005
6129.42398279788,5926.056678321184
2126.751555722912,3676.826164727407
9292.692292714106,511.5059077742623
9419.44166754033,3721.560973585382
1356.9541942057194,8786.624953021246
2379.8191127069977,7562.659900903222
9826.901163902072,8459.241060618124
5998.59035634597,126.93445535685855
5485.7316471338045,6146.560941902943
3839.6601080732253,397.6949064288493
9722.839219362555,8157.9599015765725
7582.761372232189,8911.362604638107
4004.8203120553185,1455.5696424841524
4842.7365278537345,2182.697438380514
96.65440494179722,9894.598949493868
2857.7704726567945,1098.510811513511
2543.6237496192916,2163.296616769793
6506.293546621357,8899.902688826991
3310.2505356570946,6745.59955753925
8778.836788051956,2738.068188404742
5289.956614692186,1973.4471700876366
1900.758210430965,713.2462698257768
4985.144071347979,2351.1827068428247
8407.959928408405,331.81502730631695
7758.285647061878,6919.103087535045
9065.784146994869,4062.0494101477025
2313.3469719797117,5845.876552491142
588.5528838372678,5426.82691164064
7209.760015287225,1669.4281730631367
9742.149553329671,6814.774285316451
2156.1647989061626,4239.638874348804
6416.1752104127045,1314.820487877384
7625.262139434992,236.24803129440264
8102.944378754731,3020.94850387732
4274.630149232922,5312.078389933708
8629.510683347637,8413.913965115773
4417.211113869317,183.919878191956
4865.002202934087,8446.196318453109
9159.708190687239,1641.354718261706
403.00079582165637,7307.305185916409
7096.515987657005,9941.13583653945
9790.709167979177,2244.502677829575
2318.081287192787,411.78701616696566
1327.8829278185822,3102.7373838011986
5603.443957942034,8896.431323741881
7682.408826280675,9635.273299139348
4413.147323965501,2947.9902993906117
6224.953869793274,3668.659285741662
6632.420620114255,5926.829490904235
2491.8095858443758,591.2461085493459
3920.4393090363255,591.5787228439118
3287.320012998102,4467.301928154233
6228.224908509479,436.2102863917594
3371.031782854298,9432.578107210804
6092.603129327007,9799.866872851595
4654.222091778986,7397.715312166757
5194.620951645638,3506.420768245302
3934.767519936404,657.587838777619
8015.5331313112,7939.554113422249
2902.2512793056267,3739.108945548735
9144.860696157422,8030.394280106596
9077.853886085453,2592.6953233743943
3822.7285409519586,5172.088530278841
9537.879355232013,3358.744729400619
3829.819747752462,2503.069386513506
951.0571471358642,4170.524722797953
4349.629825778358,1219.6392023872193
4661.536406481444,8496.747413321043
1290.8384199755308,4204.9508805320975
6453.2804763255,9339.456378004983
1545.8441116905642,1816.3876321516047
8226.865931924622,34.891959751586214
9452.584836290425,7874.960052432726
3304.1509819951775,5162.190811597014
245.14935846521647,2753.5621689843124
5424.098897089515,6307.878482676824
2819.689098451278,6025.746802680569
9088.252149837088,7524.88680900171
606.7811284206925,8233.72404069117
2321.6777718789594,3889.6060223969685
492.1333059923982,4388.454429889981
7846.348371473269,3693.8034487875448
5308.465870834862,1465.7908904852256
504.4996708457383,4896.708084868772
2762.9799907347374,7188.826460598846
8804.70310078395,1740.3839465013004
4911.667440576056,2143.7125026348745
8443.895017164139,2970.5913978065914
3801.0918765960587,1650.3639638105483
3773.5459853189577,7239.029663189233
4161.949051888394,9777.088206115464
7707.850305164426,2999.545438341723
6366.239533459679,5304.031002777762
1162.0514239601741,2435.9064750772664
555.1314311605294,1289.6465522574429
1406.8402636938947,2762.3759729959575
3185.40549549171,7054.39853347571
6028.472838312771,9569.392146679538
2627.897253687633,65.38957430286318
7528.168150941703,6061.322858168889
6186.450046051377,2505.777535913586
4779.895248560398,1943.4394752129035
2292.938836956873,6639.912295179617
7903.316408919752,666.8673235920397
4675.690454625413,8492.039348803313
1365.658720803541,747.5024102039717
4940.756493770753,6767.793958890642
6767.044700061822,343.62799377574584
1217.572193609433,9519.581576112192
2604.8332237184236,8276.57273319027
7682.252763430029,1043.548051188702
3897.230519887387,4265.244940202907
5168.316751329874,9642.58020868138
8359.071390756693,7291.768266154556
4076.254198756312,9401.150326399367
5610.933499632303,1908.2452648425751
9223.969314782087,7345.867230865155
9852.107990023766,7785.7177425725595
9931.84447550288,976.6496443530382
8113.572550047189,1048.8874394594516
5261.2804335944875,9169.500244172377
3050.059305666555,4299.331611103734
3398.748757934904,3837.5686338503656
3176.467967399679,236.76337691726613
5190.888751040923,3675.945656529429
4937.058839348179,4799.17095407703
6182.64296612934,4684.923958252014
7942.923641030053,9597.443083152004
194.71842336131195,8678.726197729044
4670.366399948676,2042.6740297519818
1869.2255386498746,7150.372254966642
4592.715208683454,3157.2242172039178
7852.841519469355,501.76379410203475
5835.022083917559,7535.577440404894
7952.110329998354,7206.6719300693
9442.332647430423,211.90918786669343
2664.9842730485298,8957.577142296363
653.7111511430427,1952.0500484732838
6270.212442253907,7697.541007376958
5253.798312307354,8182.171111493537
3961.7680095121254,2861.5534971875422
5506.02126445675,1018.4471579674026
2618.2700529457625,3990.734678566864
3032.4538199321305,1280.2065249505633
7700.222137125493,7753.939028001236
239.8305322996974,1454.7545263867512
5163.787588579111,7015.308139741595
3514.702506239581,9778.093026873506
642.039539819087,2232.345042995042
6927.828985244812,9094.97816713798
4229.118481089318,3395.4497910206005
1277.9864442864641,7365.470138371217
6519.337658847007,1309.759893087542
8589.422815470009,8558.374482121984
7702.4330134810225,6577.490389619186
324.58363935452763,9209.003045656595
4950.188036416475,8191.855136374625
119.13853384908802,391.4352544599209
6448.780143952218,7717.452678576947
6338.055351594128,6660.449337023093
1427.727642800709,5334.415899693025
1593.2698475311936,8554.233227081695
3270.6195575486286,9779.416944430324
9775.005233353486,1928.3257071838057
8222.718207402218,153.8168622666125
6717.184750364764,7328.493410847409
7927.9475462266655,9485.919114233213
5510.915375314675,9620.580523637105
1178.6714980325041,6597.308459926511
8496.175319028212,3154.6744565691174
8946.802624914397,2034.0843973120448
8901.276032517715,9453.25880577413
315.6653497185391,4501.246590515355
807.6638465862196,4494.582519933725
4232.274641216934,4359.745171947233
6252.490279126058,7068.261347998598
7057.624647167892,7603.540322919827
2821.204501861113,8620.038082654944
4958.447908589031,7274.694796277753
6547.3763761179725,4748.1056519083995
7942.034057948006,7262.466811643694
4285.23987336772,3590.3290461280644
2702.135214495928,8665.065105861971
319.6814728831976,48.202698363598586
58.08667691333813,1286.3081420565204
9573.477405958334,2675.6820421613415
4742.104831170919,9087.390144142062
5045.265026150254,8988.54559768475
4362.5892889211145,5201.371528525793
6207.928368509407,7180.249982630795
4432.415910117893,9594.414510805103
6196.964499766284,4642.9057548288365
3871.8999239594964,280.0645849067962
3513.700376602953,5901.609976298281
8049.008600093216,672.8963810335531
5723.62150082433,1628.5716857343502
265.14443341475345,6090.821562021954
9273.768763548971,7803.214229438075
806.4812368027951,106.00981453086634
6573.102037866058,5841.373229816904
4562.687026327114,6277.752608702728
5840.8610398683795,4080.3044781701747
3535.867808988663,6039.826647105532
9074.419813771085,520.4212254476737
4017.7581846192843,3537.8088521303607
5527.15857226874,142.05582290090834
3656.604529782127,2602.644058579413
1643.7372215010093,6884.91161139267
2331.9504158587224,721.5559413655992
8390.194887614998,8722.330644680667
7153.995698305496,3252.9845999192275
3209.1583732970976,6371.897079605999
8516.725262012134,5102.185574983804
7363.968249829186,6925.443372585204
1385.0041735188001,5161.391034853402
6791.270919416637,1245.1342986722448
8711.055514872734,7304.2703328941525
8035.461223985463,3002.6670372045674
1558.7731305145137,6882.757384836841
1610.7523065310659,9690.968255629476
5223.995865177354,1609.5486532330995
8622.308589742854,8991.578345061767
6087.612911771074,5865.0644431210385
6852.092979060784,2450.9384521358656
9849.503185310765,655.3218384541204
6580.526237609233,8434.894190584318
1502.5502231600663,4331.07043061708
7652.859719667231,3478.775536945533
341.66475279170163,9723.321710003986
206.6433304859161,1495.825014261115
2780.351757724586,4172.093506407663
9127.060043387359,8119.355045024833
6339.34211334671,2430.2445535251672
2513.8750659831967,7341.346794874313
2313.65042571701,4668.602531875998
6563.357586775455,5221.345453602695
4726.835713125344,1927.0582124439184
2653.3487794305734,3740.3671573953156
4628.138433866315,5765.839132781063
7448.5417784056835,8845.518244958976
8563.167037989822,1487.8286717121136
3567.0608916683645,2944.1226822629974
8808.310106967045,4542.903562261406
6278.69685533009,7644.151809051219
6328.445310876301,6979.411210423185
5537.728414063752,5385.620344541388
4298.787714743916,9227.337423624103
9897.695435929669,2629.3106297188583
4608.1595711917125,5374.5261171553875
8851.11696450519,7406.723401620061
2574.8066756631038,2482.1546462157607
8047.647414173806,8750.185517409584
3694.313613189284,5670.628006166493
220.06656571963657,7651.468229560692
9396.999173230786,5911.374808687216
3874.195076497885,883.9374750819285
9670.82296503853,1811.0867802911623
8743.943919254025,521.1043303656038
3125.6137113268856,8842.767179182101
261.7071743270416,8933.504303689087
3362.608638707868,9736.058196644659
4947.720539017122,2536.16345254122
4826.287998044292,439.80550437177413
9407.108798588264,5121.83058452146
2424.658499377229,4438.157070511314
5532.690439498332,1676.9840705893612
7052.0503519245285,7062.754020283382
2271.874087300859,3232.6461970504374
1831.3159529005584,2777.8467968397013
1869.0156966665406,3943.5517760945436
6261.47850478473,2110.898085212265
5182.8016653409795,7373.458211612461
3279.767918783932,7870.371353184342
142.70659302228705,3756.8400024534376
3268.5118143350865,9087.936461288102
1431.3086467446456,8194.10111584013
6455.592703530726,9632.345809623032
8084.348552254698,7820.913571251808
4142.959072851944,5805.370680651007
8008.9138236994895,147.93351347596519
6557.265104468345,8286.847457924223
8442.813427268586,2287.4071870981893
5895.615214235226,3200.479810319792
6842.066964597576,4580.82800430904
5032.699442265765,5176.717916595357
4678.867935727341,7721.029782158615
7054.522319105258,6359.4806357910875
1467.6895398919987,9517.621253069983
8687.10734066009,3259.5484204781446
5749.067549302706,106.59588747191972
6851.983832740713,2435.7972270492724
3056.932437017692,5365.059127311891
3602.2332883963536,1864.277473278013
7885.346726878818,7533.172286998931
3288.286388858417,1876.9577547542283
8361.88746471796,943.0451286249241
9428.261210089613,2111.636414697322
2370.6778377703963,8787.582065471657
2775.2326530204173,7399.4440431658995
3769.1008239554203,8244.032132112705
7515.039708400529,3598.4854772153517
8653.44907775912,2350.2426616867365
2016.918799811478,1718.341651793136
1982.7788673437908,2033.4127463627028
7748.88692872521,9042.316851065256
4743.783063500149,8971.39023690683
2443.8772215099225,9601.070024000106
284.43159151165577,878.0813755096783
7898.8167852854285,1634.9269262555365
2872.2476501732895,9825.989758700027
1454.0246481603247,4091.79536836908
8997.804678195558,3693.261431836935
7043.676401044966,5362.875739234042
1546.912687620332,5381.914743291306
2211.071687488354,8540.497909002954
2854.603782996653,153.1869160425414
3890.2478388753993,898.7044461041604
5268.395671677115,9443.254616817208
3452.1033423723156,9372.005430791678
6196.775603592755,9548.813458609613
7945.079761638492,2530.4129067485824
111.58244369768533,9255.473663986768
160.47527288584163,283.7311879587778
5937.961668129586,6161.082358614632
5341.203604133806,8552.576208029732
7024.479630642667,4454.933351783505
964.1223209969818,8440.135156415814
9402.481914406877,481.1323826004865
5506.239707033761,9476.39348454097
2808.382023994701,9736.561894256743
2151.0149110184097,4913.407893687781
1429.754318873061,2203.1995909476386
8064.941392244826,3323.641043311608
601.074213629369,5959.273138744708
8053.907405769522,6486.723951499224
4665.072608209596,8088.585483585841
7521.292890223268,730.7065557533698
2570.8256798666894,8751.449207302943
4043.582894004971,8241.201647570402
7564.097339452334,52.05106392640047
6323.850040195065,3873.46664897297
2966.1198019253975,2385.1704019425015
6509.619402892373,6156.530640017111
1567.239316967689,5354.411695716736
5881.898037439517,7057.1332074318825
5954.790137895624,5265.968607942507
9771.869309028334,5885.929592471969
1157.2309998279063,6595.604423646132
3447.715643790319,9599.926097381245
9447.20361624771,924.2870048209928
983.7726015869019,583.2110296956206
4243.609288765447,2063.134329972236
1861.9768275961967,8315.925135114918
486.49208592805746,4264.2703259871105
8247.989847664718,259.69559723930223
2211.996135412416,8306.630791815132
7162.780998310474,2404.03629581895
5365.683782465487,5747.918531521059
4770.601708905633,7131.240843289961
2385.2164816289355,5770.431855602917
8687.583114988094,1940.8358147103445
6365.127069829382,3236.452892604479
2569.05825688542,7460.364437535195
8913.915729184742,3370.6158749644765
159.71356933908498,2202.4514790855465
1846.8698902001336,5294.71518135578
8054.808024981639,5385.48996863028
8202.488708342637,4253.631238956899
727.06050125957,3579.4673405272747
8784.456911886153,4658.162171896022
4131.516403696101,3997.62193729249
6082.131034284987,6166.0010731064785
2690.22370625435,2879.7112400943115
8302.655607578114,1393.5913128278144
9821.58244034083,3462.1195363554302
5766.501144430875,3183.6261512090746
948.3939493071292,1035.448740052738
9195.81228234302,6591.2130769361875
5430.637355825019,8863.383327274441
6561.778098979366,4029.3994344044613
2654.2830472938604,7933.0531583549555
2261.6230440909667,5347.5224202889285
7928.629550733594,7083.437694964468
8752.396075071461,9452.957313037907
3359.9583715568483,7238.253070739589
1399.660109704507,1327.5860389377092
5871.578520560589,2714.5210133960672
2527.4885906177024,7840.502040929598
8999.923268201463,7813.6887661265055
7998.057536669756,9758.494963423333
4456.180060385819,6217.670404186777
6392.255551099243,52.8840962374455
868.2764045135826,9233.782676495503
3708.244244932537,6382.621377342101
2503.4075055474345,8375.275571323482
5048.959777790174,7613.918006557438
5497.6203018515935,4553.50981080274
4464.580770558549,8522.175319934344
7953.503722075959,5125.564162424896
5564.193666692227,3239.540279420139
7785.006795715884,5778.177698861896
745.093370798775,3089.314034579815
2006.5770173542485,2112.4878548995316
4089.647778375297,952.6944227444856
2263.6558531014016,4360.272403952367
8783.691250922255,6269.391410673052
979.4491977370567,26.50280901739577
5374.222391368872,557.5273796709546
5790.392756609718,2825.936396480133
4484.431042219169,1078.7590742258124
6590.61468055729,9565.490887849706
1611.4292871130854,1204.4214403038322
5609.844667769049,2430.724192393353
6936.826096501294,7823.546940773589
6263.164648605315,6052.544048029549
5060.202354894671,5940.05126818318
6803.309925587374,7752.438685100083
4237.759256969838,61.627693755348375
2075.7909619278057,6743.952124550081
1806.479845877551,9632.723604415985
2254.4466641608583,314.5816774711874
9778.810159089686,1571.4708121291865
9406.585165303779,3317.1779548876643
3288.09282099407,2083.7930128038197
691.661114925286,8981.23112812615
9333.235653341588,7524.06045807949
7333.7346271951865,7227.859167211395
8117.081708475136,5573.568880076575
4017.8272875800635,9536.296387916991
1497.9430733536724,2135.0920317196255
1150.0098430015482,7600.217443410795
5117.677261537703,6854.8048933631235
7528.46678025644,1962.5699135778884
637.6518006785992,7666.986939943836
9519.67255999299,2036.4176436742953
1287.1335651216498,8896.927108393076
5213.411203716747,324.1526772028736
7140.618163649114,2168.7460458534
6085.550632584585,165.53286034853176
5540.652441660064,4998.637632268579
73.17295975020511,2900.252230416678
3102.279582795764,3033.2126047074817
1007.4209004714363,4503.448689115999
4346.925992120357,8119.855162184033
9294.763733640044,88.23779020984412
2561.3735770144863,8417.341915704279
9478.325064402265,8670.046094906933
5504.80285346633,8839.735904945212
435.0131860502893,1980.4885436157017
7352.742768526233,2402.8751784989945
7388.154555508295,9453.865927316114
6030.113903947021,1662.5550173958081
2618.4253427272997,6708.382115924899
8628.863870127958,5811.219730492494
7375.123579904237,1168.210889757756
8214.539100860686,4030.8065222348723
67.71980485100526,7271.462702096144
5767.518103237026,5489.36357921326
5348.022932486768,1392.2873122674894
7367.954301043499,1851.5763391343742
6688.998849590599,6719.463542778102
8671.468808192945,313.0695383947468
3399.7165163113987,7363.121696091474
1622.8001115315838,6503.414295029664
4440.425656142795,5892.651765682934
9799.645273758988,7604.190492395018
3717.118170947945,6566.613966118804
9662.194368126213,1366.9393832881128
1042.5068548323657,1003.8104643928381
3766.381015547735,3007.9851964847926
2892.301651842213,1780.2014602999172
5623.180088849838,2484.3038554553377
2132.1326428910493,967.8434419389803
2046.7251084486882,9558.655025316388
3768.423500318202,4763.164092686734
4048.877407651772,6535.478416132827
8341.814873913761,6149.615137785349
1086.0497845759487,674.1438432117841
5404.833133937315,2505.612503708775
6825.025407551958,9203.61014973
8071.576699706216,9713.927088332623
4362.4461682239535,2338.9611180332536
4857.083079764165,1022.3354038871902
3844.504538239107,913.9025410233836
7737.446992453537,519.6838236727997
559.2213084272812,897.2241223591526
7784.46796304008,6909.011906037902
4234.956405791518,6885.023535956283
1695.9043215211866,4547.490531429808
6125.0168504731055,962.342836965806
9882.62817657141,5505.659973420312
4100.348263595634,330.14061558211296
8226.55544652807,8204.589760618048
4425.693904681839,6730.682934220556
1318.9709862063737,9108.188118239485
8964.081913489927,2680.416942016317
8011.0245349376355,6512.018775385474
3756.2659873077887,6292.154262332511
4038.468698180916,9045.761495467345
687.3297223704055,1799.9153208084194
8481.937704712123,1032.595866037176
2806.445869552443,3334.9590923632013
2090.20188245299,4772.18544267163
1.436753105291677,9749.949030545855
9600.551153805873,1738.3040130485815
441.86960122208905,1322.0090295096243
3552.9407819116323,7512.3296111269965
3442.8919501819864,2706.246909636504
6573.500130575547,7841.038046384604
5962.6966953637275,9697.412005694709
4163.663719267819,4828.2206012466795
7457.242966652666,6839.571550744209
4558.3002819697285,9117.096915581213
287.4142709274341,5601.9869776569885
3430.567123696042,3279.6768103188588
5756.083948449346,2005.7660428992729
6420.1899502111955,9816.28512148636
7286.353682239502,1605.5931655250056
8892.26685663213,6845.833130366205
7184.3844365926125,5021.307420803863
2157.0680127939877,9128.051392181198
2380.7721598472885,6072.3312150588345
7669.103144960473,867.6148860271904
6233.18770245389,3423.348253952215
7206.9252131230805,6486.071688542039
6061.6042531754865,5364.3446423754685
2409.4651443767857,9645.220710580354
8836.697570120696,5888.082225488202
4452.092847776318,3403.355922200363
7209.834550617592,7167.471511461346
7345.566357045078,3249.033030038778
8610.19888127378,9807.823118056587
4238.405169012025,8167.04823983326
3783.3087940785117,3947.148789067346
160.08962978862118,3439.1618390755207
7608.981406849872,3918.7356044799494
1989.6490523016819,3938.7081476756016
680.0526372843208,6351.776403135919
2599.927439735541,6764.603255090741
1962.4101546354966,4559.07141218848
9436.940506002205,1181.2592477788087
5560.91644450381,9338.557989168077
6672.7582686577825,6225.984328767946
2509.713407802264,9679.436516947473
1201.8258781202906,7168.205949626047
7363.41015483809,1632.4784913083656
5712.522404896939,4482.717336190508
4552.463768498084,3692.424699857869
764.0819459574666,8704.329046835499
5906.971155053627,4618.090934605814
1159.604680977373,8850.410576765928
2764.795658460729,838.8629442676954
6680.141274856635,6134.058595807091
6941.717633430527,3784.540628640809
2751.1829715975487,112.33848362043108
5508.951264313789,4775.376041823402
7397.45694854233,2880.050884787847
9780.571538049531,4363.050174235089
1754.9900825041066,6616.60831522138
12.228072197785211,1992.2372569465906
2252.239497294004,2508.226265307172
1474.9900274092277,9557.119430268964
5473.448886966184,4228.775487389791
303.7433266471301,750.3113593975353
1367.4439458106813,258.77405237615613
6318.228304666987,4914.603982037701
9927.501774085606,1992.8100830148842
3183.400637196292,1918.3366969518622
5412.761495452035,4016.7800620665826
9200.035829297034,4282.55782782772
9047.062238506245,6656.649059352168
7310.959566982052,3095.557909898705
8439.767221652684,1527.6343677512793
1790.463720709985,1364.186224849221
7815.221151604398,3513.187076026529
2208.1681670665607,4232.139432486371
7974.299398052748,6031.413837307511
8968.114347348755,2654.1931890124647
6848.121353984453,789.4595889789091
7641.09819519852,5084.956167378729
7989.838822237395,2389.333267851036
2120.7508946530206,996.7443519832442
7268.7815479592655,3687.000712172843
2727.423483750703,5197.998457200786
3800.962053209359,283.0889394831504
5032.655252335307,7882.418779455713
4832.459322858086,4090.8839675559616
1385.7074645363764,1410.4835447608266
2320.646581502057,8360.410057134579
3861.185712478602,8910.666664599868
5413.847107599649,1583.4790163617197
1164.471348657572,3852.1055445449147
1584.4386570369006,8209.932204077291
1016.2567873832751,3933.946788086504
6930.857743856852,8469.67148657712
7658.2740723181505,806.1846214478275
3505.3593174288344,5107.943854892104
3436.372431362734,8300.408873196038
4011.1234442566,3602.497769171139
3761.7914277852715,4788.854580184528
1832.2071939344498,5444.829080987652
9326.640814662256,2256.0132702621063
3875.4992340162107,8669.513137903394
4781.426087717498,6923.523263555222
3825.2801699635374,8515.347602510119
9967.002831204478,7357.827725437458
8892.710551222264,4600.089967952476
9291.052006792654,1389.6834036513262
9128.420832411222,4443.187304326271
3870.7293378331233,7687.861413631171
2771.2265799768697,712.9996820340523
727.6456313853574,354.7289004650889
2705.3413278227467,540.3492759899375
6023.092429540838,1558.1092833686482
9090.137784482384,6801.157309630152
8422.871855916013,3928.7005677117095
1371.5230225699493,123.5239454799819
2483.1339059526435,6953.467691965276
9647.457542381782,8350.588552536901
8219.903755839267,5986.343304623772
3334.860879179956,7101.420482521481
4538.762012958576,8400.225430631755
2556.696248037744,4785.657459569076
6383.899239126494,6798.761183934191
8382.271667454052,8856.881544030863
1322.0257579206552,2311.4190349545506
9937.880655259809,4591.33889531569
7902.755638208538,8048.945745411356
8218.91110528368,74.62433583753536
9048.011180858,2665.1672465223096
1873.1942983029237,8148.848098372038
1131.2669831082223,8390.848618776445
4984.973663866982,8555.582443164532
9840.77177810349,9242.1029025068
8586.46508964504,3331.944215704504
7865.1604138487955,581.2631925089839
4012.222134901272,8051.76678574414
7469.385084478635,367.74452313105274
3746.6969743241575,3553.8231177395187
6219.90321942984,5480.250532732323
8159.569059483457,8144.680035813817
1060.3281263875185,5159.301853135683
3737.7240324584473,3224.9214941447403
6089.954532820254,8957.356863921521
839.6867964366961,323.7094628225223
7868.183663584325,1408.2559216655466
5109.445112112925,8735.376518105693
8490.287763065178,8244.564612396725
681.6027646842648,4273.387312296022
7553.292992914938,3282.16841609822
5627.042251359471,9347.300370417091
2622.134697156165,4062.291895654918
1949.0008701633055,1004.8825553817809
7409.161226658512,9202.622576895532
2773.6920821414315,8283.00627883828
2496.6560897275513,355.45229836910994
5740.332735603115,8360.929710119844
456.23415231276886,7824.529903358116
8495.885242334607,8786.267244887376
6815.182187845511,1846.7540901927637
1290.2665399612179,3567.751739668119
3301.97588180999,4041.0581625333075
824.6679240252852,2267.389791793851
7760.222642334304,40.668294869410374
3166.8411700834554,9417.115529695218
1760.334969168098,8382.539773856764
2418.8242572201802,5206.864907533304
8260.926869090476,557.3928183318044
4604.46291979494,1726.6977939842875
9281.470932729855,6171.648156495943
8279.3912827813,9507.784270056147
7084.230927207596,810.9408731834155
9013.715005286613,1128.271232442485
6561.602714457454,6723.435731789037
4831.124780029245,6317.387675679162
572.0738695006678,2617.137185607438
1843.9265689866147,3180.9882821178635
8294.576254007427,2597.00291638162
1370.6435426549324,2273.9527470740086
3103.33607250757,4453.774925793234
541.053995899744,9381.409777856756
7188.065498337473,681.2791671989138
148.20022929301734,3009.1028509105877
8809.782120167934,8662.20759783636
3000.162264656365,1994.8535576377747
1426.1414444390507,990.4510113561848
2108.6552429360286,498.4704417850794
8143.051010986128,4726.574751866977
830.2416914415667,2802.7402664683555
351.7633024499689,3174.027246962703
2831.5414602369838,5361.98666489133
1366.7955434568623,3025.6048922933187
6177.405541952818,3707.3722387157814
714.6328505857635,9103.64004755023
6216.901652535297,2394.3934232874108
4816.537491824517,5671.258147726788
8626.691528512873,3988.006425449582
3062.645000092472,6757.505783100285
3461.3319740388524,2480.992998200153
4200.996220665512,4062.478531295606
2384.6443577761643,6045.017064041721
5281.788232519881,2658.7279083526373
4923.398806119136,391.72266702457324
2637.490939660513,7736.300885364511
8988.845883367581,1544.4508348162756
3888.4047790475984,1532.413533715069
235.9887776247005,2262.763540413829
1322.3409726025536,2995.7522150197715
4760.33935750212,4729.216549344966
4661.931473447458,7500.6643316551645
5660.907094960578,2459.987226173933
7304.275374118592,5375.535224296748
8633.429197645197,9744.31974480737
9093.35338409712,5599.663971407377
6918.611560008865,4999.22882038162
6495.940214398287,4929.612004790387
8801.770726435097,9758.921271062416
4715.7948939384305,7137.799605999354
1074.2463446220163,2488.1684415712925
4765.8239841582235,3787.584707614393
1233.1253487063486,6968.8957219634285
7855.290270324249,4426.759686384041
725.9497727872977,7107.980736395236
7273.248026982413,7983.754898823418
3086.0442577318026,191.3523193997957
3886.1990186257476,9114.191546038524
8032.232801379498,1901.313764718312
4660.402874298458,3643.744381962336
8621.909593993858,8555.983402008242
8300.59530960662,1750.7753180650143
9844.664238853124,9902.201202925462
3926.789736835187,9030.413713820088
5459.585312106946,9118.058623070778
2697.5690791338434,1002.5206083757421
9875.998525904126,33.42816993293973
7413.653261364853,322.7338163278604
4545.532039687352,3593.369455077681
5310.561419998065,8716.792561578168
48.79199349611785,5324.154028872888
7140.30723504778,3652.195197212461
6248.284816367652,1286.744166745174
4881.377678728362,8526.149544646507
5741.540086066559,1100.291816927942
2873.1448701980335,9076.053835573402
8613.355505419227,9323.209921886502
8079.272217143768,4369.202009561144
3714.7793783431625,3484.036948882783
3697.742113767684,3742.0399728168154
5150.289982538603,4426.330695367481
1032.4830223896786,5593.718513349786
8238.980301491001,7690.315427885457
5151.423642973819,7634.147857366519
4459.321538128896,9098.344717861966
3190.533682551272,5790.256211235246
9375.245456699275,2010.5049310299028
8561.417454005265,5941.130012152123
9469.572399552002,6941.637192995528
5561.842354508475,3275.360378981509
1553.563573102581,0.886087039673189
8270.518250284891,7535.604458773048
6002.531267726539,9383.395783805854
8292.51512112045,6211.349182699376
6381.983334926243,7541.668290448094
5043.310544952547,1434.1985703789362
1702.6630976290392,121.22402547881327
6437.886574487409,7439.521395085715
9356.800168311036,8103.839556058931
9800.47615116806,5700.06743277036
7043.140040912831,1923.4680312197384
2506.598295906328,6261.21208439285
2398.9186102915296,4850.525921417726
1041.0655388744005,9717.659256656292
2667.154077843106,8404.326220293475
8125.113652819464,6624.571377129251
5217.693604834436,9325.11505901914
7596.0656655377625,1594.0392930118142
8798.268549347684,4111.86788024216
8235.981898044016,6116.075140816165
6024.658514014833,7106.575657934879
1325.4838713393958,7443.082727026877
8837.178125293494,2555.0560663152824
2940.834649044447,7706.124565766029
5039.884026984151,7319.780006156759
7737.670024850948,8504.201938219665
3025.0414546138004,4115.099014446787
4219.86410246096,2555.341238241443
5064.626447677445,2818.22864568658
9063.185301826496,6897.675703233056
1837.1322513264854,1405.3918519889196
7106.083385801026,2376.14060623897
4197.121136409006,4876.884539225662
5049.170886408191,2214.4916525492686
3797.1824811173783,6445.458655451499
3601.933454961529,2118.7972803372345
806.9546031391827,9543.270811700479
5383.784337468712,4039.9312989020364
2491.709285482916,2875.9052812122045
222.02684401643745,9673.016014541046
4643.779607168187,5673.380641377484
678.8757563343329,8860.071692897947
8699.15873719272,1924.3379725163302
7836.984888412204,9166.288490585319
990.274980880077,7161.311486667392
4515.233168072712,9720.606810333107
1520.9933732702784,3634.4885131475467
3220.262272079868,3737.1118953221917
385.8980298001191,2794.434718486245
939.8506931997397,5603.138378737855
7925.24109825308,4387.364068210647
5175.099967289108,7795.143918600369
4393.238718477255,875.7619400526662
8614.56591456723,3425.8911417693894
6071.031471260543,8640.846588389564
4311.65479123437,1532.8962561422666
7777.120848833277,8936.147962699039
9695.679882711687,2924.455605786317
178.5492046190018,1094.0519015432849
486.5465415439219,362.9315477079265
1878.4607097069784,4045.2103454643416
3353.638952434278,5268.5917319084465
7978.514560684315,9810.746850939982
289.4045663278788,8795.30029882947
8368.269752250275,8200.579143201647
7330.675775919499,3463.735207599078
6656.685977973715,5143.070737872023
2534.624938363097,1777.1747327667854
9234.409997541812,422.3694756249607
4910.7683343614735,135.23416938852728
4294.322202323656,7912.225038709676
2796.752521675896,6421.342370804503
6843.63943595282,2134.819164187731
2767.0986352944915,2027.9691240712316
3129.7559836702458,5283.920670359721
9042.410647989056,1378.489774321131
58.91014520849724,9931.365092405407
8287.90495133715,7030.800266791304
5550.491103309386,7822.550865394452
6628.50465635845,109.18380003460904
5672.128737654054,4905.937871521173
8617.434011250245,6916.779288551794
94.2694086088136,1876.1420366515047
9775.665540972079,7792.58484929288
1376.769057637438,6319.076785281816
2805.257179516746,3831.340339561917
3554.487437740673,9865.513975313152
6828.229733792404,7243.676639874785
7746.8200450836275,1096.9382060886135
2099.7176629353485,2289.8530939704574
191.80158899726018,1730.9823114108303
4672.905380874667,2730.5409917499023
9494.585682136407,7523.290717891765
2806.072494023727,9901.823621279344
1226.972478169035,6275.4386365428945
480.4654470260028,8081.84625495091
4910.751515520126,3285.9702572413476
3797.515577647137,6503.41444002954
6619.247745687333,9915.012889703581
587.166811041857,1935.675349204712
5678.600151854403,9059.711112107807
577.6042642109347,5748.9842515954415
9864.74442426093,7233.9445957495345
6374.994971778362,9846.467262644435
8178.547704881973,6669.626810166095
8129.491369976373,4070.3336739974816
6281.674310771122,9243.825411028527
8015.933531325348,6694.674507194548
2921.402696404832,7277.323256352784
2443.532825936322,1594.1270519112682
7189.071890835625,4800.557338425122
984.6469717986716,3137.636621052281
5245.990624709643,3975.7298612562877
6940.462421100921,4213.895058552805
2535.0033269762316,7276.560261810158
3655.3467038317954,1553.8789891772587
2070.4326271631003,8542.451507237965
4357.588970788017,5981.507248475755
3732.2597470794703,1013.3994660563717
2669.238352259202,6149.260352403126
8192.66808345434,906.8701202415197
6429.474043047555,9365.383339493505
8143.301842410574,2046.7627628579621
9310.626269408926,2630.3619757610772
4529.813651593526,6759.902466635941
4461.807350211673,3570.1467509947693
5226.649669057681,3767.681835214942
9676.754505772087,8263.847112654239
5401.789339885335,7752.931893900203
5504.661935779034,6492.506127390453
1979.6786518894717,7200.8317440937235
7987.882094784632,5880.841107704391
1852.7553435222387,7569.759616006695
3180.2831794515905,7876.814962321182
1813.8818140096546,6362.87710861256
6313.916924077139,7902.235642630853
5755.85150375566,152.89623849017553
7639.878470583292,2932.7798349652858
763.3114666925145,4504.871060810017
9743.453673398217,8988.055964759467
8389.234154550059,5346.385133576604
3478.6549427212744,3365.13548333902
7238.715907178838,7342.373408926275
9207.40570674616,8677.355922644592
9213.953878415337,2614.9252449510573
3678.162362839833,4236.2765492548215
3250.6696828209338,8956.708033101711
6080.915398174087,9715.538089986505
9927.976669577089,2252.841130878085
8729.05215983839,8686.387862171683
4690.148586208656,3077.221707564961
6099.4982086178015,8088.467503573144
7714.141357564126,7559.947729059863
3996.8426681020087,1105.364136420942
6189.218865261177,5365.07135983378
2711.9609489385475,3233.5013692556636
7336.030598350146,9632.175873416763
2821.349555198158,6196.7962929414425
4269.923833105613,6112.059607483331
8872.789666847277,942.1543289183365
4741.69261084194,8718.445147672292
3858.1475528997635,8554.676954633249
8317.996001123694,4319.72239132058
6252.5130538797575,2080.5012495140486
1717.4513115002921,9788.240032344387
7942.557414823292,4348.035596817832
991.7973053292617,8298.385751646296
8018.355313482251,580.4769975349477
7555.3216803636815,9935.868307089348
5485.713059684403,6456.022663767359
884.5841270058352,8613.156386737399
5303.9673576940095,971.6131739293832
2361.544926902179,5163.409598078263
9530.900236464438,9874.748870391959
380.54547214433467,9780.136392518065
852.6341704018603,9197.081746667562
6224.591254790505,5541.957070773144
4166.044273967879,521.1903108624682
3238.5291856234044,4720.693943881412
2467.4096331070305,704.2831345038547
3730.440161341584,3567.009254464545
4135.588371892955,8002.279079665157
2965.459563838062,223.17196922453485
7596.236564577481,4055.93536467284
923.1130931161358,8324.97507079782
1462.7598280034658,7944.160026429941
4150.006420755091,5325.229364399562
1932.918125308658,5476.690345606007
9604.337767148883,3431.7505304734273
5143.586217750403,437.2694516857911
759.3506396125749,3045.5505318625487
5872.940788562166,692.7734638858418
8807.435204324891,2966.2965789172104
1542.2192179269246,3870.3158909121303
3835.8485514105987,8063.3750472287165
5554.7673738098,1317.9424350584102
3682.0491372184174,5905.636215448738
3514.465754013645,780.1364833371982
7157.51898503011,3537.9181954438723
905.9997132831011,2503.464345584694
5959.08651734041,6499.931233620611
8847.584539515092,1400.351976168087
8036.599757922588,1682.6722701735964
764.9144396265217,6758.4237965431485
4492.098191720229,4524.046931173715
5340.702268578931,7227.231719512992
2481.020376733972,1101.8234968336815
3155.3798411733837,366.94868938779933
5410.991850568783,2019.0307581028032
7041.6253747871215,1914.1247487826552
4309.590171119584,5657.381259399476
8345.093474545836,8938.472239484474
1216.2253351395802,9529.794271578654
8467.145818268922,5656.636320432529
4544.7759058697575,959.5934695440677
6900.25624112198,2588.2264477073913
298.03961525278754,6548.27297133503
2404.8944376321656,8605.50838803755
4038.003186427277,6201.856793893755
5261.06100124673,2084.4040520242925
1647.4928432909176,9531.921935836952
2019.4308084703293,6441.332134943486
7032.572857950477,998.167825459847
5450.400248683049,183.00274974906827
2444.9571682990754,6014.143523076915
9750.118666344586,7115.782923411248
2294.0418743490554,1537.3098136794183
3268.176933301108,2427.8711993428637
673.8435520805974,6077.8012113123095
1763.724826140387,7200.5076214558985
3870.9719193937576,4651.989169995217
6862.9622714386,4333.335150907431
6433.206091381836,2861.308238289049
407.8502577048215,9436.123549915868
7427.25186741729,1006.4922807176102
5864.966923056063,257.72498827888455
8517.00321262274,4886.282753766028
3748.41923414742,9613.42298676314
236.16758295510465,5819.539254690209
7632.300387691191,6632.69060303143
3645.013029380726,8836.706705105682
5015.346068450941,665.668159008862
5877.616140819772,3468.8070030099548
2180.4618577626534,7727.053864164708
1248.6188143916665,1585.0757716388619
958.7334459203145,5101.190809987438
4614.654789063547,5851.61892403004
5424.194007157008,3890.05347440752
3129.4755083140126,4788.92721439994
4223.757743018359,8133.101409503919
2202.0935721229694,4200.696224369961
9788.18842271366,886.2565462236194
2524.3644502159113,6867.679835268102
1779.52069515108,9148.317856047377
5405.577466453065,5973.528214596206
7892.398629612501,6661.552400679768
4129.008267672898,7402.484201589189
434.89395894819927,3456.7318148054082
4660.385094294404,7136.485128476907
9299.849908775239,9428.866877109014
7032.022071830204,8689.075086684728
2524.2970293887547,5385.865962892625
96.72200547046761,2531.7887242826896
1658.5913301720846,744.4511677158383
8814.94839046149,7519.690448439663
6901.9304490975,649.931091631164
5010.5275089165825,1751.707026309177
3920.73488490547,9409.655423657394
3381.686151267521,972.1419400498066
4157.66184663312,5848.120227219792
3364.594321131531,946.5043440751753
3596.6373998946124,1631.5842309642935
4807.125506266136,3839.8685324686267
5550.187643751111,3261.367677857042
6571.718390561292,3486.698529978114
9029.412844860522,1287.9335668917636
1625.4126158446225,7007.735539288541
697.2670998119013,9576.226917352133
4503.201523029014,6229.10966394088
8755.74865084861,3060.3067611569013
5853.123950704863,948.7636765512731
714.5562033635167,1000.2592125083054
8815.279587836376,1045.8399791948425
7687.810351258153,9399.258293606003
982.1352314046994,8594.097072868997
7067.181363702966,6879.647699795015
8925.603931621466,6529.324070579878
7070.578121661337,6702.972590042245
1297.5345567716602,5981.667289670588
6353.4617239206655,8549.796555409317
6986.84770112462,2558.8049639616174
9183.441523791282,1828.571184876906
3654.423714145798,548.1850465770477
908.3048685147377,6832.638026907594
1086.405310263493,9055.514660907056
9816.110403318295,2795.1679127898974
5776.499244211154,7924.16435241763
8163.540297473435,2672.3186881868264
9051.104806441497,654.5663793056844
9662.130938422935,2761.6810453444587
9664.284525366278,9717.167321307514
9496.758841143315,8320.6804116419
6677.268783286689,8648.452491078886
9144.088826248571,7589.01426302086
6383.254316225572,826.9739614085381
9010.142929378171,5498.475388664088
6471.6520879119225,1697.933523866123
8437.27292986603,8566.134230802038
9418.667597780586,2557.786762658144
1808.6245471086638,1688.9798019480395
2305.7764259924284,2054.6213935073797
6929.319075191855,2307.1423433701243
212.533212177074,2377.474056453348
1683.0463641492488,8315.878720395573
4236.251549184906,6903.669202275056
3657.1716450482027,6632.563841915733
6299.688934867107,3663.397866030682
5635.873334401901,8584.179911318764
1373.8322141732385,6274.446004194554
2688.4738362864005,6569.185805718905
2485.848149345713,3072.0419825106546
1670.4025151604374,4741.6388861568
2858.699269346976,1846.2430848796319
3079.369795005369,8680.194089849509
78.40355921202358,1078.7163235911269
6676.327964971124,4707.386354288008
2306.480902143708,8577.07067609658
8952.65400013947,7797.74061879481
5284.480504576745,445.1896966266944
1289.1088618794067,8137.074784060194
4643.8163034272775,5757.290572949149
6483.283660945429,5544.352731551801
195.36254202679905,6855.493476214515
3829.7481457237304,1748.35234996079
9356.187311530766,6862.751965913326
4457.181535137941,255.41908884488373
7005.425007917077,2164.629515161436
4222.982389496512,2983.6400276962913
1278.5231792158024,7332.955923622214
7811.270701164747,8630.122959936698
6443.971526710009,5326.106260157151
4246.079448796194,8783.326397412382
8075.929922558188,4100.914407370659
3573.5424369251323,6212.264847585416
6171.685983676331,4197.035629355843
6542.95020058564,5311.44592884454
3873.8240303494063,1915.8992662224339
4975.297036119411,7832.380158503603
5260.3140731090025,2714.0111183226954
5963.583657282599,9271.527558717738
9668.828372415379,9956.354907289891
6562.6778215961585,9009.79103292231
7996.331287922332,8671.814441597626
160.92522359230642,811.2683595422565
2343.8766102508566,2715.8577599475443
3606.9799115737687,6597.324343577452
4989.8035953648305,3559.6148681617647
9345.371245872351,7483.23574374742
7355.14532081497,7709.220554715054
6426.620837453715,7787.319283338417
615.935017394783,671.6312453284023
5996.8341458343,507.8383893060034
8053.620806924319,9596.44405390104
9153.010920869956,8939.457252766462
910.9560558397789,976.8665258994147
9969.538126065208,5629.112084297059
7197.531786869999,1856.5385592780792
4127.402464698402,135.2029471234506
6560.596714575805,7466.453645747671
2028.740793922722,9393.750958495666
7189.982311479499,2997.617648919043
9313.500420657696,425.19350224942355
9622.360595763053,1103.0464874038425
8766.812636965471,5710.28817353499
7407.943376004068,6001.914184110751
1486.5031186961376,6261.642186814372
6380.672133468776,9520.750495999348
1898.4709728232142,3203.749528386083
4301.9364766886965,8078.768147790392
681.1753761139938,7331.572167988577
6020.824128597482,4091.630150501776
2791.0311570137724,5667.6180666785185
702.0041819947786,8591.300567143126
7559.7976972938695,7595.144834888171
1148.9276880694877,3891.458163486281
3005.901594402719,9157.111288176955
1449.148152089883,946.2699882664438
9190.5342596424,3771.1125902004605
1135.286874503011,1738.2530747162584
448.37046377461445,5864.225871659023
4142.274253961889,8714.301192608329
3402.9938493387135,1394.533686905224
3512.3257565738077,5770.335401583884
7534.598631788901,8934.483873700534
6234.7854795160665,6521.6770590508895
2295.610728726901,4793.089658312572
2325.7259358126257,888.671436371703
2688.879000497887,4153.091665973312
1568.58969619601,1561.9752798563736
860.765186694229,9860.971622904686
9491.833268954282,2302.879322220005
3779.243046768824,6267.913001456923
9967.817943259439,6099.4209834445555
1509.8070156962763,9447.631522748808
2314.029247347639,3745.5273446902047
2330.9319302001254,9599.844049881589
4631.867662179825,4455.610413758166
3949.5306056645295,2785.1338211523357
1718.2560901641707,5922.428049033778
5256.515754164103,767.2016086022171
3985.391511032309,3734.4911390670322
4232.8302422869665,3193.3655824478237
5569.790905246796,6953.733694600714
3733.2081628750957,8572.93481743917
1676.5209588053442,8992.167080599345
1085.1108681212663,9740.666502372887
1354.4058437588758,5064.1561888757515
434.20642572131186,2026.8004267171013
8159.24845972399,9281.329340011622
7092.883030373354,9622.617140647764
3668.8033021395104,7520.179943007941
2003.7818003805053,1113.883289851746
1246.471562985909,8882.72260551104
3956.7330984232717,341.83287360799676
1160.0419394507599,9876.218282865786
5197.502704588654,1954.598899075245
3524.0566457304158,5641.5503559455
2156.775889651361,1632.0395302779245
2728.8082677349257,9361.062721916855
6356.176033719848,971.4337497686831
1963.6806191644052,7854.740018345843
8537.922227824334,7529.901810172858
8664.876995550325,4963.503471849964
7088.583876309471,5406.855619487914
5066.830006029768,7036.473424426892
619.1912460321291,5183.953708971029
13.553190338475574,3465.6788307290153
6712.12198298735,9865.799565181838
7636.228381060615,4348.689039025767
7920.714574029671,3488.3638831222165
6756.38161223569,6536.252872863128
4657.058174053861,408.02003929348183
2688.92520375013,7686.266718911728
8891.206629654442,4320.425468176865
9095.185697221297,7847.658832210993
2277.8215449014474,4439.150119915257
2989.692412322803,9801.770306388065
6120.988266386113,7273.466571836919
7590.825377291472,6348.361181003148
8077.736197277514,4727.865203149325
4332.672068679788,2047.09145709958
8358.911776994,5804.069404302061
998.1298631328639,5668.909244248057
7128.283318519105,353.06185583324765
6075.721333251419,2346.3645748455187
3228.814465840857,5921.888710805081
8305.289336134836,7861.59052673534
3756.8122527044625,1748.8742650430133
3500.8489339654025,5467.258886644909
8864.209363030292,1545.1672167795716
6752.320130106849,8818.026006965212
2519.185998118282,3300.6897424207837
5550.660775014786,4292.289328569553
4148.4368177360775,4735.558090810659
8605.081915634588,210.55482620483622
8535.194199373116,277.0375318344309
5611.628197556262,1265.8975753055702
3645.892355245457,2684.2059061423397
9672.46094628514,3412.60879610924
7245.616442916565,997.4872692384296
103.32579844366086,8607.063788542086
8013.923813612058,7221.772085616209
1829.3563146907165,9635.96048276583
2161.526642446251,6060.371876249481
4711.995878781034,697.2640582483336
2727.237127247957,7224.677861732812
5480.540405851315,3532.496470310277
8873.927234215596,7567.676174635148
4740.235811235447,1505.0799868693189
5029.808524069767,1637.8396620022484
6931.227105985492,9523.953645684154
9167.549540920647,5499.873642313385
9837.769252870692,1009.5365802953304
8701.363078866148,8266.13523128506
6689.571888449185,9052.836024355847
6550.277065179774,1914.8084267902332
3325.0436654649175,1835.1932925578062
5704.001909027739,576.8327672977391
3814.813180807427,3804.1924379669936
8458.444550219096,1777.1644620054826
7861.384338597536,5518.33054611995
1812.1530107084661,6719.207015841342
3698.627976435945,783.465869166895
2234.4990709193335,6529.43811904401
5917.974516578594,36.61508547496028
7972.57387546464,8575.083566934285
131.16035626451472,9694.730372052425
5798.9442192084325,7788.398818571212
5306.059012261306,9674.217705269248
6001.55986363698,1013.4446849629153
9369.147472709983,3367.2627633772345
9918.69484146929,262.74469635210517
1173.6790645828964,4864.349906671794
7459.47093695447,9449.95007815723
4802.08623223811,2410.3120075696247
5191.1850480456515,1963.245987930189
8054.964351152312,7588.44495631735
6075.777917278514,6291.51761351955
2446.2059916529956,1119.2139076580088
6145.081396546544,5395.72243888228
5724.019363279704,9764.168170717952
3003.737177108766,6182.296062931281
9669.73598023014,4056.992462827328
8492.228826246248,9796.612504017334
5152.233669253248,5131.848203751873
1409.0865955817044,5550.800791970752
7574.593576694684,3841.2314031936558
7701.10534102622,6694.328501281522
1783.1469062158778,9004.143807966682
6898.6777632012045,8373.725516930876
1438.4800360015138,5313.564947963851
3458.128796424793,578.171770408521
2843.678995841489,3980.332606654895
1266.252467529274,2266.400565706389
1369.2992278484362,9787.178445404264
2536.286943574291,1657.979974268371
1957.1144016210874,3931.484529361778
7668.33088634674,8869.261185940002
1045.7384983467255,8709.9866365202
1294.4164305217632,9868.120413582952
8613.825226625535,2992.37968833855
7639.584105434143,3679.7823974747935
595.6389461576616,1971.2454084236385
1695.9499593333305,3377.0479605390624
3337.0405128754,8225.893907707992
5208.057702629441,3218.9932759523153
7145.304443962363,1402.4503086346974
4896.578981108594,5661.637420654017
5888.362081353768,1542.7672821694505
5138.695758065725,4201.3835805993085
6722.786363472898,5206.354634634993
6962.627424960952,2055.533038119787
796.4687790103653,543.9615120357711
9496.551815632365,8089.370700837539
506.283762118932,9438.83517421079
8440.674686003147,2518.4405128114195
6992.482652792399,8825.703795418674
4898.191840621302,7306.155464403032
4543.038050061091,5169.808757755304
6597.573265977266,75.54965925518519
2791.4397658021294,7216.764127217327
5027.485818499314,2826.0595932943033
2236.4589668821077,4329.693847557451
1517.7555554503508,4630.130054630987
572.4574764299539,21.99955213436189
5689.563871214831,720.6469187111041
3742.606497967933,1174.5813118343317
1063.2172115683825,4167.631627064925
7166.6024080938,167.42554473540005
5205.789200843737,5854.701656235509
7310.28528291281,3426.6347524799644
5445.000381220616,7919.198543859539
3411.790665082035,5092.047187575466
8667.198150344044,9660.870555756408
6076.419374510828,1251.7454900061032
2942.188081256617,8780.804170716521
9226.000496796221,6866.007782953498
2492.7431168712424,3907.056482130734
8611.970687176892,5534.286675467402
5184.044110493531,396.8003212792992
741.159997073857,2885.696836625907
6461.6264600291315,9088.978236944506
5802.409181297432,5243.062773703652
7640.055446973843,6031.482058166226
8807.369876883204,621.7084320982524
6068.152534846368,20.323536794126795
526.2844349264906,4832.2084929420425
2206.516068065437,6756.090404679067
2516.4983008679565,9498.934812647922
5902.0110871367,5794.13088413827
6515.309940272042,4632.076365408239
146.73082581208809,8129.124957603877
1531.1773753958657,7367.121765365115
8794.341687299895,138.16855823181263
7462.825436829328,8128.233584836423
56.76389380673608,5011.169851811126
5398.226093759636,9390.485592164936
6139.692984315764,821.6338066254392
2239.2302317406266,1164.1268340903255
7477.391101012111,8734.683503139238
1302.7941423173595,219.8771129190913
7678.862291354926,1667.5016850093439
5033.499699620767,1153.6646661690763
7335.070263196313,4147.080197365257
5716.071709611271,1809.9170404768383
7449.491987622659,4506.890976776573
5131.455659021212,1265.328930296138
74.85504092783034,7247.321920384911
4742.5385636289775,7236.9608426777695
7624.444138304561,8434.906150853902
4688.53658977891,3238.153679166903
7479.292035389987,6846.90064938452
3498.9112823812397,7701.036760931936
8586.142551513916,5135.102885150666
1819.0755445243622,7027.046123272961
5198.881926035097,901.4955804000324
1393.1445309086475,4270.738729070093
8589.851986038357,2510.8115724192803
8319.690058411596,365.10990882288263
857.4117476081278,7918.515797118317
1735.8780837585452,7832.642453952594
1577.3057684437752,2417.135143592347
8733.655529119374,141.41812214746642
3342.785017826364,150.98285962123592
1518.5489549069575,6756.91275774641
7420.609829630495,1989.0700146442553
6638.6857594499115,9336.70718131879
5645.449178003944,3620.189161855801
2810.17459274442,8235.029758526513
1973.5886320883521,2656.372967548946
1723.0244249505722,6941.755522970864
8039.15973215211,1230.383012088222
8507.074880343964,812.4744611976986
4851.4779872899035,440.06857205529104
4397.192009877058,1383.0397637731974
7310.687458296178,8567.07714782585
3434.593982136388,7706.243565724847
1214.73494595164,6658.801922867387
5988.526647620212,7120.6971228173525
2150.041028744929,3003.1723913859287
5936.332061289588,220.85424665851616
6173.155458553072,741.611760988452
5093.923294944664,3626.263952365842
4255.724574708114,7061.664186583285
2059.9317623822644,682.7463568679049
5445.483539395148,4856.838350361137
3231.2902565773206,9288.205499373682
1925.9554403538148,7712.076799035752
8528.116796038068,9007.845050269763
5895.022124832181,9438.196539662611
9679.854081400052,1532.2169205295265
1262.039945595703,8886.754499385075
606.2945880595682,5361.01025594427
923.0333490873976,1439.5369444389282
6536.484773389354,2147.401631871485
4588.593651073943,919.4971784485317
2575.891777116498,4460.836052154943
3634.614461767439,2097.9855279270123
3360.382614588292,328.9338828947663
8027.518858183869,2902.272355701788
7563.311239139219,5606.03971606392
4459.083355991702,7956.576849669255
3463.885432820133,6227.513472151599
9889.96434429967,2074.710701102436
1863.6188819388933,3385.922860310574
8095.434448948225,6979.3188337924685
5014.505367754768,572.0567790557718
3462.5845916393573,5416.675607348396
6575.374147804387,7330.478238714455
536.6190337320398,518.9351103555739
6404.412482386176,7775.314052072567
8686.449972402508,6244.483962897124
3942.716918728917,2972.744261392779
6762.60055493867,7947.506071992273
4167.6178092112705,1952.8177354697773
8492.493024292631,1448.3652229541256
8565.469983593684,6475.319563184828
5744.042980259088,5466.726498139948
3195.063125091524,6444.372308703378
7885.511569355244,458.62587001477937
4465.687476670672,4159.811812546107
2391.942941405202,4441.58993491897
3924.06011840743,4391.339987986828
1178.5988439718187,3612.184334755676
7510.825266648734,5320.051900447679
1659.228158163346,6441.9232398231825
9132.847344598802,1884.5611482662239
7271.642519256818,1731.5970611781738
449.0538547117784,1344.126560267247
3295.571617776196,830.733708941448
6003.97055057639,9021.119379947304
1410.9273603010975,7835.039849960754
1334.254955870633,2881.4549546518465
4411.434681660175,170.97103599065576
3404.421536950054,4220.119613684541
2874.315199007261,4201.037968864079
303.29389077935366,9782.167956292358
5793.399237434787,7552.123893222203
6397.0947515513435,7006.590235110502
4046.5125652991405,5731.273894063966
2740.7883825771005,2243.120741112029
4770.287778798295,9386.26774340195
8637.309458314247,1647.9269859954659
9650.17013700133,2140.825346656278
889.0329666085728,874.9559270004237
7559.279777064937,4726.282583283414
8587.587314548973,6097.697292294954
6224.061206916957,8567.991811191605
7287.723213910525,4556.989427167802
5517.142821770461,1862.6499052354795
4672.760502462683,442.8064093495299
1362.1455480136713,5483.568825798365
2201.773062821233,7243.73309363229
8270.601046840635,9426.204261432322
8456.450631761829,2662.784242436438
5812.505585408976,6652.387830624945
8798.094676398046,319.0860618274849
7124.456567029457,3185.2273162920887
7573.298479685021,1249.2166451271903
1849.5992815204897,9298.951500496643
5151.609856138312,6053.920708615572
2828.7988932174203,9582.267097745462
3182.597387902918,527.7432424224293
8127.788352181491,3812.1131765880223
6556.989909815818,8746.730743962065
6801.83721977049,9030.4008533732
9824.78105285156,4128.405488010822
6079.152447455993,6776.543822628523
8087.370876022633,7674.095105298098
8950.985800549972,5384.755745653887
63.38036702065786,4815.373930755662
3197.864699311059,9947.825818376552
7116.671546513517,5703.44073234747
333.49159673296435,8694.804028005618
6008.169192897181,5585.774599504193
2494.5081269332336,2083.4744600461795
6614.576860286273,4254.736315150959
6465.988817655573,1929.7651050098707
7551.993015418735,8433.275720360412
4483.971365409655,7444.334090885943
5733.176271240622,1303.603839885894
6971.7765476791,8989.174673558928
582.0720085162457,7911.904605643493
6808.332920169494,9597.521937230209
4830.160548566066,281.08092464257163
7178.778924294589,8070.188643807021
8443.069115624123,2978.02712088257
9858.229558978417,6366.595566926168
2123.630789913282,2598.879959160004
6144.1660375071915,2133.5621245307602
9212.648535371614,7477.418220400523
3573.7222156894245,8573.852546495196
4727.225164247605,5375.558004089219
1132.1887062644464,3782.070879544126
7680.571883320408,6537.903939085996
5871.971465923849,9008.582516768383
807.8478318622095,1827.0006763154133
5172.29555181118,2391.2025094157207
2114.571118810451,2795.652278556946
2941.4937620804717,504.2193106848492
7248.093658632698,5616.156977196069
5875.500973294785,6148.520904643702
3336.692328088554,9816.745422462103
4993.6997940891815,1563.9391541513803
346.26489751959923,3553.353739960274
4714.407521109902,2231.052667846234
3718.882940744618,7840.522225777439
1843.5158095633176,184.429166315494
7397.217037214637,8504.124429125457
4911.877655137356,6962.223903497965
3764.073088395475,416.3461401761703
9649.353161230625,9019.92233273703
6829.249921564913,1578.4708020747728
1339.7883744854655,7401.718589818739
7145.176976760298,2881.470165280623
7445.948194515401,850.1816560880349
2219.116643675131,7433.0712242075515
4042.425884265076,6820.6562594856405
7742.23623115851,9231.372553491969
7830.1475989244955,8356.084726474162
9287.865902316487,9490.598388681563
3265.84153422522,4559.857189872319
8671.564304245518,9677.224981044372
5509.551585195432,347.08710551487053
1391.2187853533187,8072.9928202079445
7230.212028054084,5483.586724235097
5964.652739639943,9339.747842261771
5937.787762923169,4804.424807433005
3830.7266710452914,293.54139595272665
5409.619889923405,8590.985041870385
7176.976011795746,1876.8799489342625
8882.607523800109,8207.087962216585
3497.453506236663,8330.05126033701
870.4534545829779,5593.581291979396
8255.078150434856,3715.303661365259
6017.330601186754,6546.693911465132
1662.4951473570281,4077.7320171557594
6978.366267336986,3117.8421037411654
1411.0786213945469,5578.279810135285
4398.61086862387,1006.624976837941
803.3697297171583,2533.0447745953497
6735.344526100071,8171.609788867205
6422.093912411181,1384.6607201380345
7778.214268601543,547.6371669253832
520.9967242208912,8374.37494524864
8323.7547085755,4442.377034165732
3317.2584026008035,4513.995972824323
295.48623585275766,9322.741214278121
9527.750484719816,743.9986047158432
9355.348710366945,3319.162103056957
1891.9776770262686,2984.869283205639
7508.266292049994,8559.516358304048
3028.8754120003346,515.1446629785461
5308.577917542321,8748.322211950195
9570.057689370788,8925.936849620246
1294.3361933985998,9838.076800103263
441.81438666989646,3695.852038643931
4624.695074047088,7523.24947500212
7123.061890667423,3997.0081213838903
2739.407033671345,639.8886210084087
1613.0214060421622,1659.9037326111866
8184.962068975492,3920.7098783555293
5056.602071548526,236.0072029768012
5215.162742439578,700.3529590793822
3987.1223087460407,4489.727357680331
1917.3852252634206,873.6609231800708
6239.670020264897,4441.534485045674
8980.327784205001,3665.0047558568453
1371.4432148261978,658.8983273765658
7350.600419371039,7916.8001307102795
3619.647021303951,4540.084234610215
4405.980235394372,8815.00686255964
3757.240383304956,8355.42557191922
1846.8338938246197,2383.3497882694464
9530.29851999104,9606.594521479677
9456.808133952518,9323.825061841902
6348.4025931198885,553.0796678196981
9682.797559678194,3885.192635708028
9059.354451212615,7992.0683902263
5179.930681223455,5560.249906136929
2300.4557884430887,6278.580887218032
905.1040549765743,3290.0599935810137
5768.220001233648,2333.908361570183
6332.277512879177,2695.5733861495755
1748.0904654182661,4573.750147127207
4031.324011015185,1307.3515935017742
4539.977816103949,215.36384551237632
1563.6403667853838,8584.209127150443
5476.916294571618,1362.185314070734
5578.761978994199,7753.9628805887405
7371.6085259397705,9892.9311917773
6000.763470756092,6073.928399652717
8661.350682988283,7805.626596490994
1951.0858213067784,7021.566483876308
3823.1798022568564,9095.551052200746
7719.815861783241,9118.003208431559
2623.96369070919,9043.335554006697
3865.3647042594152,6965.475977257373
9517.00426229734,7858.337273263116
1648.2218930310844,9884.982052604271
5006.605791824813,1294.069344797051
1287.9009870669388,9833.337503466766
6063.557302537307,8116.0653940624425
4986.156990757584,9437.741551984936
6084.988212733193,8452.512653376225
5550.621211750087,6054.655475950308
4507.662201020278,6791.164332630082
1727.4395903982277,8845.072969577825
8322.832457416429,3188.1583069325015
8465.276887897155,1317.1972899599539
6849.251596055816,3426.187153093102
2000.4438240362056,2592.3237310623704
9200.21681164686,1714.8369336706826
7758.769121766406,4749.797713428513
6958.152607277388,2115.945122238615
3719.865297658924,7001.384119378762
7944.5901155246875,1069.8120177038995
2968.6242111627357,4074.813454609426
2076.8719725998085,8484.829809804494
1078.20007356653,9323.867325024521
235.29164211411046,2560.8591380560097
3481.472864197521,9158.088489033347
7116.439849729211,8650.00187036238
5540.941281155631,6601.078102691588
8597.496726442054,5258.673317698286
2008.1923095052912,734.3966467023178
7808.7516988994275,8681.29536983388
3412.037987521961,6434.880629863802
7308.2898900344,9899.553250391758
8733.933088996933,6126.299599121441
4766.866557553136,8310.23118208828
5644.0160884563875,7079.145021830016
1273.920273636755,8683.111838416828
5757.574970919724,1568.4401700868812
3614.6517515817723,9012.688183356424
6736.747787451898,6557.46923995745
3640.1233542443047,9485.760059654458
2067.4085631693715,8413.318830915701
5286.150519742659,172.49212100522215
5974.534649106216,9352.328855875186
9884.470987068971,8052.109181122593
9238.026509523184,7142.009637356175
6136.944411064178,8581.501853222333
8711.77289574849,9454.343979530255
3617.0443855701737,2861.5177228708353
2150.9284009469498,371.0201090052856
9025.743402210917,3813.6371331162986
5288.274155166512,3685.7186226679873
5435.777214290414,1904.3140914600908
1440.463368275171,4737.700913285694
9308.742978005248,2824.434808362667
1507.3111871494482,7430.907965849566
4403.661389478085,526.3895266436092
4898.718850270701,4771.508886228405
8202.87260774529,143.8748916036747
2485.48344437997,9154.087216612077
4677.390572451507,3604.1114591602764
7535.461258531632,1453.7398308120198
7850.195537387985,6424.703338009647
1551.7582878215464,927.8591534592584
4820.850575113588,1124.3503619705887
9550.360552197044,9559.305996273428
4841.20633294197,3545.6957601404424
5478.7592899074725,227.81819321778696
672.7293498399312,5443.403932832373
8494.363986675538,3798.165335315914
6816.707110077017,7633.271739735738
8621.033695936432,9304.80046652857
450.2465260119548,5792.850143604303
6235.085777777546,9733.752735738277
4217.429554861998,2124.6825196144905
3928.6812766569155,6053.360951366915
2261.9578244322915,6693.443121786207
7955.891825980577,9026.464384294322
9656.050814505481,3108.4071913383214
6555.831515876822,2216.3348174674693
6100.1737639388775,600.8699728246747
4025.838321504587,1645.333070059366
2120.1816058829404,9952.869956316426
58.05040452334542,3899.360949777495
1182.24891790498,6339.464689142652
7654.867526876069,2927.5475035237364
621.5923310724047,5128.630216776922
832.339586020332,559.6755449419344
8511.004445584531,7582.016102476463
5349.30165817753,7202.969835317773
1283.497026952185,4519.470067486747
8.783975113322295,8988.47196112112
3149.204832737634,2497.508361732902
3795.6706963653196,1897.9676365055975
7198.121801262535,1103.938954821848
7894.531634460637,2284.6496473286325
4050.972469974099,5610.548577981839
8394.390963974001,5707.690020002499
7710.195735200504,338.64197980784104
1798.7291669237748,7013.939822081447
2938.52961140331,2425.0198862031957
6607.8339154393125,4977.392637455898
284.6900644113259,9110.455337829531
8023.055922066793,8513.634532876116
458.88635914326903,6004.152658366103
4002.084005342077,3892.439536721216
7896.602795421147,5736.790219020683
2171.6359753771953,5552.070397488569
953.1063422044094,3738.4028699549553
1764.3032137723303,6273.353402219629
6137.869876921525,1655.479368686361
317.49167544649737,1515.2988681473278
5763.435546986589,8561.287018466359
4881.446561034402,4601.256814793097
4833.499969853944,3737.183351136475
4227.8379685514,8766.270952864628
9639.118465941374,4139.78225508467
2706.3057670120647,7357.661687244009
3172.963984538284,6430.789586810066
6866.319880198595,3813.1219745892586
931.1289320733752,3338.1264824498426
9769.057893879173,9865.984705177989
971.7346824476814,8591.844027784935
9479.100103719613,3452.372482307011
3933.671283521959,9665.574941188963
6645.602772169747,3378.5402125060514
1448.1105445603826,346.56459935876296
5784.689198858182,5093.49392477695
4447.106028819307,3220.7878770005236
5664.604147769754,9199.379515484114
1797.2529475898368,5582.110133001742
4289.564596191928,7697.903472770081
9390.878709723793,3361.377522753183
4338.047671266227,9224.137015051268
8576.316831183181,9628.913470559553
8308.263520873232,5345.107251658948
7843.143432670061,1781.9286565399716
1378.0208136588778,8748.91092415031
4464.009072100538,5097.12473055649
6814.038367973247,8328.627443634834
2436.848852383018,2760.2318234280365
4943.4501068010295,2383.4420323780128
8609.294287794904,137.74262880466236
4370.5261869939,244.3506830750919
8280.18996264378,1742.2538417072985
7518.2033265399095,4226.512877202561
7024.481832886636,17.316506003929312
7602.85991984816,922.3583088834874
6944.6118727391095,8001.323650090529
4246.619737390758,7323.609783369597
5558.814095019792,5856.0671361819695
1034.7696446861098,9176.716433033378
7865.149377304567,8066.306189521444
2198.4127132250596,3470.284495743635
4964.0605062125005,5319.110573713703
4915.578688388158,7771.0958183761195
3558.556293390035,5627.361730851915
8534.154296249642,1989.7748681414507
4421.66970466088,472.27400752646867
6898.280169170884,7750.596051256748
964.4513192112536,6779.560681365043
5586.453538441517,7602.187820355672
8960.968768855495,3597.345077368812
7841.160286520474,6608.096398253663
3288.8180089770767,9230.669827246418
1638.0350509435038,3381.944067039526
1563.1156577262361,6764.876415429123
7695.785100326155,681.1925336980252
6625.752275322846,7172.228331543503
2756.381552014269,6826.402653672961
2422.7910214198077,5561.249853209275
8619.273306596264,4178.090355490046
1323.8659711850676,2560.3031047835243
1912.669809271048,1718.9636897189287
4526.231499547937,3735.27681952712
1236.3972075701745,9341.840031976333
9234.9814738209,9373.439865341259
8407.00346133945,8337.533135767993
4930.664262832146,3515.5063019958866
2566.8601392537516,7521.767631880477
4012.5499458475856,4460.346931798853
9717.21435926119,3290.459555131804
5564.7290307590165,3901.198742421201
5191.528777969637,7213.551356828708
4316.68488125063,15.916330797458578
7017.155122268942,1243.9715512264893
8351.999686908119,9808.299186347955
4212.045488166361,3884.0332868632076
7670.065974007347,887.027062034087
9509.692317833265,6496.553182535206
8229.735140012313,336.0974480696366
4043.521801822291,1247.4888957824614
2697.7198595380924,5275.760346206211
7163.147040630801,5723.8928076125285
5708.691300286712,4141.261259624032
6046.704582709964,1517.8149991372968
1417.449776109192,8952.19772220939
8440.046074489619,4388.859955637995
3864.771434224774,1838.5711516840265
2931.303540487863,4769.261464569967
6294.867969170219,9426.73260148772
8249.591360871687,8449.731050913339
8399.154917938355,8502.383639936932
3676.398738857379,4429.989706355236
6397.890047379849,8887.485552777845
588.082481939427,981.7642175766728
4096.166647489145,3597.4740738392097
1478.0585739732321,4035.921242240198
506.07403684417073,2000.3284272414735
9314.993106645332,9393.567444172475
1401.9998641888653,9659.605787747687
4902.3776668336395,1785.7980981846888
6674.635810431315,1990.4027412640203
889.9695663842167,5604.760136875545
2100.8218195820527,9027.784512641148
7660.94259497472,4315.217973015036
8904.535194728485,6836.99978221045
5574.025983501861,9741.810158767576
5015.3381390872855,6017.405911363662
4386.997897839467,2175.685957919047
2581.6462032589893,4909.205273795695
1212.343811952098,4824.485318764869
2776.4583920916266,710.6380786288224
2839.4681548439803,2460.5103327705633
8575.247852476827,9553.62089095627
9157.512585246355,7714.5377428292995
8228.386617713983,3825.1814919996796
5809.957996002994,4951.925219514346
4986.5235280787165,5780.834428350677
6047.993879279513,4392.380713806661
2980.68750271978,382.9454520230535
274.3232865581158,1936.4581033605466
395.9931643510506,739.4511574409302
321.0702030340551,1482.9505770216178
955.2379175012215,1611.3032569687014
7762.879459834501,8211.314143234184
2527.372751692064,1212.2981083777086
3442.902492979334,1188.868910360076
432.8265499769368,9100.234897868655
4521.044979484872,7469.087236889942
5707.057227417252,9089.608598148832
5966.573561550277,5008.052577763774
8688.691661684163,7915.4374942441
5986.873327064773,9616.355097987955
6045.208128442543,9577.176278961962
8363.599691048514,1911.2395605122567
8537.3475188416,6361.0265909112395
3083.320281115846,3579.6454146641154
2192.2537057915138,5061.294325914944
1287.086579674096,9870.52862503602
5712.596900142228,5491.965756339
6749.200661761318,4059.2457965092212
8101.669639578768,588.3707655981052
3838.724002370959,5079.700811151018
3269.9172207927054,4749.467421710999
8860.653917711243,1329.837307620574
9430.748116155575,6360.419078339542
8313.864346230099,1562.3912332920077
846.3183771862859,1579.242566609891
9790.866708414726,4347.014788469941
2554.9772329014486,1038.094097166673
6805.1492766332085,2933.941382405043
7924.340797180143,3661.229386483119
3693.734867771983,8646.61509251249
1078.5358638642017,8633.428707235676
6406.275641813581,690.1418687226324
3675.433754082832,2023.8631054422585
1148.714312411635,5116.249028912208
9347.91812352111,6818.080420114104
7257.740667179429,2259.563473510554
9811.878690864596,9143.096721290021
7856.461566860637,2461.74709940283
7588.161484364708,2287.0341857564913
5270.6077140292855,2179.186011714367
5348.602138581801,4831.895920069153
9609.410683972572,4119.204679019031
3595.3848661710053,7682.623959730728
6232.13233041856,6862.839005850572
1355.72184413131,2498.6355765663006
9122.866936371784,9051.312665152898
8134.277718786587,4081.3029945101666
7821.682179749846,7879.334778557705
663.3376811117897,5897.015904333862
2659.3917368589928,2972.4174108713173
6434.723151925028,4735.261739861694
2250.671023932851,4930.160336867701
6327.550828653274,7333.551269852211
4293.446264211014,6319.928484026101
8405.102144949173,591.7597790899076
1051.8425557916655,7158.210338149208
2897.439512678783,5248.934008857472
7363.496875617791,2064.71254556565
9542.020616098613,4047.0982094334095
8014.196308597211,5951.082823883098
5586.317547465822,7470.027777323358
70.53785273128277,4868.755466439434
8115.837896498846,7601.594117774242
3661.7386262653486,6514.974370990794
3074.337778726016,7361.813330013042
1516.4092951165653,9643.466585080017
5199.419836357132,9536.560681874997
4495.454545669279,81.03367388245685
8426.482761974004,2082.766520651281
5821.305820924018,9820.622476831124
135.54451985536508,9246.473780380551
218.78682724948084,1554.106386679851
1653.243437635804,3629.508314328309
4667.179306260548,3344.3780974323777
9507.474690762114,6722.582152013964
5162.061257293511,4198.551513615467
5309.3995810945435,6691.0264076407875
2950.0613303104674,5831.91337971961
1055.4705740447012,3864.2608764357087
1300.4257117530071,4389.121269077715
6715.37584952286,8799.22261895324
7773.227457648969,1657.9232299655046
1752.3121208794435,2372.261407901346
3974.724865675283,347.76270579767066
9005.42011068711,5928.2702425258
3354.082077971756,9722.324913788305
305.8477117303915,6410.246641453156
8348.75217738403,4109.626994378253
8118.042028120597,4203.266200930104
2216.0746402112163,7081.77249571139
3813.2308327141773,9645.888629720885
4599.366217387781,14.553531775461925
8656.041981327075,7730.407930973225
423.4824629546741,3667.742177256349
5287.253640994331,9878.393742979899
1588.2129695256908,8850.223283621905
5994.767646735501,7402.978350680103
5825.698980284627,4954.448878042826
9496.374908772843,80.20293392508648
5827.768347251216,3753.3026080676923
5576.212445102657,3902.976969972203
3718.914766455773,7003.0641951447315
6568.004682982685,5256.6610458836385
1742.591059744496,8186.655136887049
2373.070735023639,7913.713272058914
8398.763450155813,4972.09727275406
6224.62744473724,9326.384237987146
1466.8413784747413,7023.909123489854
7125.4030377674235,983.7582513461107
2968.9687846765523,1258.651448620297
1483.4353818935376,7719.417433536855
6976.001284119671,860.3035853168006
8532.035972028603,7906.533783945168
9766.2747141235,6911.6527905299345
3934.5547292552505,5494.547252742964
9699.13769479278,7140.106046266247
5511.85932000112,3437.0835246968854
8126.82959463616,4667.698653615421
7800.788973088426,7147.172270118766
1681.0612922428259,2707.962246766352
8843.331131533414,3740.530091787594
5393.027320053337,7362.05020252969
231.50230344962887,8614.05042238222
6988.622858625673,3976.43939800839
7736.180471796555,8677.359286222187
3991.905820359106,3151.9803540775106
9140.363324342958,8575.353357412632
118.18143862225128,6924.228507351046
6269.456113968061,8440.914231578192
8662.977311105387,6831.575958440028
8035.361734964614,703.5481000292199
61.266785805726975,4795.171570131653
4520.858971245496,7172.395677700386
7968.057802620323,7536.122935287099
4717.864570550923,3051.5872116532105
3840.730037957798,4434.051895320937
340.67259828484464,8091.47459200844
1564.8792518032162,7248.258767301035
3204.810201159192,5634.032342407239
3870.2660482421115,5979.542314354274
4470.111798270093,1269.852468603433
8507.581670533365,6965.4441793286505
9081.832754796491,4430.610656550946
4566.1095124091335,2342.9570735883276
6462.414450631282,8112.8680990374805
8886.802989294194,9735.253444576292
2876.02120343286,8336.623885408131
7688.94769257492,6459.96881260053
2798.152275133251,4570.209330382937
5286.9320568280855,6602.7489776183775
6367.4490063777885,6778.0175913861995
6375.520153144803,2215.880849438028
6217.81507622022,525.1768853667215
9118.398848745772,1060.9047769564495
9373.086823231328,5378.928404297977
5029.782752789761,8026.132418671648
3247.714693726128,6879.8624129636355
1716.5189920965129,9099.88981991591
1581.5169796773732,2347.4651135767754
3455.250930134013,8961.274487326085
9425.77613597933,3783.077645524904
990.9112158863353,6473.526378773271
7150.7426595112875,7451.27381540592
389.2920075849493,8716.070218549492
1306.3002470368335,1466.2616318668674
3312.252717184584,7297.731414930516
8887.563076624388,2394.5564605321847
6005.385069295908,6278.157873171673
1146.968526469362,8530.841164319549
6478.259671903189,9744.249019889
4583.089535639283,8825.66165060049
3991.33218506738,1946.0294067836614
1181.5388472247512,1426.1093035012395
9248.773259386107,2934.3577689512636
4914.437214542614,3466.799208924609
5807.682677532334,6913.9651167592565
8821.444591211577,1682.2937762586132
6649.48005427716,6940.561378418699
5856.896546647537,3482.563855932991
8591.43337471159,3.0571865084527694
6908.617280877493,9028.687081934655
3644.4978468874288,8159.471341670188
7704.895109092143,7843.51914798959
6050.316640340402,7543.445861573351
400.41312294839315,2240.2286104402933
743.719805228612,5064.144000922976
4110.652711498638,5657.627442178915
6259.388324790628,3577.521050699757
2317.795296616314,581.2022740122392
2691.8364512927674,9602.539410170542
1238.7712883154677,999.4599225849598
7426.856477569829,8714.83250974633
2684.179495544966,2367.6761542586046
3729.6074784574075,1966.1894866141172
7396.020454900384,4020.5866653943535
3326.562390901584,7601.894792430767
4480.553675842244,7823.512896518117
2486.4691740494914,904.1376293993796
5317.592769909141,6285.1738880865105
1220.617126959267,8423.809950613737
8328.694842105597,5638.394397078475
992.2561060310376,3606.7629345511255
8051.265243537329,478.82057904520605
9888.837560237083,6466.935309635891
3589.1837393189653,7550.730361696007
8586.401940603066,3992.0927086765355
5038.280648022069,9006.066157136278
3707.4282939680224,1411.6920060530758
4505.459813736159,524.432965854752
7433.3172650328615,5438.288865499954
403.68325780619995,6573.984662670568
8403.478356453763,1320.3634303943102
6765.26927897873,3271.199629491531
304.9127017009834,1909.4985982267553
346.65205044887125,8592.417448324588
5556.336830774914,4975.394048879499
2536.423403880693,5161.626747080363
2092.509831634279,2975.309608691138
3755.146590597628,7018.516269915157
6050.623151225821,2823.5390225544834
5432.343778638881,481.478329180467
6201.6196129343225,7917.617654895377
1333.1860947607777,9342.236492141292
3633.6196643126127,2929.1714544368983
9850.999506590013,5958.035755785709
2036.5891445717798,9921.653436456198
2852.835196178162,5164.240160279395
2846.0132481948076,6817.755668042433
4161.148054217342,1451.1348606133256
8874.576360429834,7509.772390250901
6231.2208625483045,8584.028926241153
3236.8217910634157,9777.467175844176
1161.7746158277741,8906.427969772818
2378.180388156107,7296.070733445553
7054.862106530642,4838.498504435709
9062.903093409626,6806.524262452514
4213.23868838086,7170.517130523717
6124.454354320068,7563.921885548199
4938.940092596507,9569.145462394192
7795.707288055051,1527.8635248526807
7398.066560134595,6405.291013721608
9592.657627026365,1915.994124693834
9652.393929096796,6398.497241399178
8080.876600536821,5074.960505314465
3394.8652148346446,3699.9321486509552
2550.743123903214,4449.321557331764
9222.420430795573,5112.209722661523
5372.635073252376,9827.654234473817
6040.472604822718,160.8506564334211
8962.752179631203,6105.632861160345
5846.759255966381,9785.62641872276
5989.69889261025,1026.2418227257951
9984.258391136693,7536.599315321225
4153.363717265089,5132.261834165001
2071.8657111066386,5451.213871887057
405.0934397120265,1825.7905404525131
3261.120169789292,7266.6055232715435
7753.221121769591,3082.31597628719
751.069577694613,5528.785493918317
2227.6245707785547,8836.256050003527
4647.01829233729,221.26586321572162
8009.277807474046,6322.52435581312
3179.770360724998,6029.059155828067
7477.980998892394,2753.382280511539
1415.5691371015112,384.03189153644604
2305.9652810895113,632.7611792436128
8713.727304859633,7216.787880072952
6157.695646855632,6529.249138388183
1278.4210630800496,2551.8138484929386
3882.021554818059,727.4660044314962
3268.798578086671,1753.8086194437597
6906.869434354,3630.8443563688165
1101.5263715538658,9920.445197832252
9637.016034896329,1841.7937021176879
2741.896827938275,2204.318901394784
9387.494391890876,4278.108408910083
8296.915732058273,2931.487485048436
2473.8343476332616,6229.284995742141
6173.209928818092,655.7078622422152
8866.637796798974,1901.5418772815995
9320.300706055838,1607.2388210388988
3639.763038331013,6779.561232863086
7546.867749423061,440.91119239935364
2130.2988783514375,2602.771423136259
6936.418724900901,6632.46353925376
4623.144400946118,1883.3985391057618
4795.19649304921,6222.431380617994
8431.459648225222,6119.1142459013045
2134.205042320579,831.5332111552365
745.8947828166818,6604.13085225107
7652.278142648365,9350.952234278519
2203.01693863865,878.9684354591865
5343.366533387449,3731.245889297712
1874.4731479744614,9153.97842616196
8972.912896859158,1626.234945287719
9675.6109023281,8428.521180756163
2253.165328342458,2783.3248464914896
5204.226222499736,5530.991200079418
3454.785755436026,2487.751714776234
8848.854629465011,1399.2239076079604
2111.808811479683,5459.352525153678
5615.483383856386,9619.861997499458
1601.8152136900167,6970.73161113909
4708.291881574989,1764.495128196435
1688.089842850584,9298.476773350121
6591.301749192215,1340.5450603560375
4539.94273616561,3587.4938581982565
6809.4643867020895,8996.474440653075
9105.3359582752,5754.014666407827
2630.11788195436,2246.1344216688826
8772.45889965877,5965.9740738205455
2933.841759977266,4259.725988047731
3963.355103627044,2596.7861371134213
8066.284649863675,4921.643236723443
6606.511274810792,5219.638517183834
4164.032051292784,6152.346235490448
8268.999363715537,1377.614378726043
4381.893200546222,6640.4740981222785
3824.618947301215,9727.833886415392
2914.234455408603,2778.0952804626336
580.0868335372611,3719.5830995401657
4853.0885110640975,8388.480414907332
8381.562018385206,2427.332614789136
1144.0146442984044,6814.759652510297
3521.307679343946,3450.371425953992
3177.513027456854,6398.178788211864
2414.4477665003005,6507.084399825497
4356.685036660414,4536.78120185299
9513.189730726222,3280.5576278617564
3528.423738519412,1838.8001131089104
8585.565229806192,9388.175848857316
7642.057519565705,9411.58225676691
7994.279402906869,3939.19450195526
4838.584266254039,5926.562727690128
2068.4038082051525,5050.106601925848
459.6114011273622,2116.029053186338
5253.653950366941,9858.69662869579
4263.553332147469,6394.224386200224
9544.801779762643,9568.333961814722
5373.186466692391,3021.5501958018267
8264.976953001296,7865.267372922737
5220.918205758786,7786.962116832728
2638.052220789304,3180.8894786434894
4555.0416983566,9578.949878718346
7070.535256593165,6840.882940166679
5508.055168499805,6724.724225481371
317.38743850771687,7495.97213055869
4194.8007943912635,5380.366483445416
2050.931779457453,9858.553676032028
3819.2982496447826,1569.2854650927802
4662.902475485102,6131.638260349346
183.1971078991046,6795.235127360045
2282.665815966911,27.576659334932472
8891.305224798338,3021.8951424541083
1829.220779694778,2463.1170833609463
1564.804808438981,9406.564873246303
5529.471905635891,4225.4083365284405
213.91492732350858,4722.088560479883
9242.82248875791,5038.257806136417
7043.968233921305,4053.191638610897
4859.179376659315,5408.456034610062
5379.366550208487,5927.853628375408
3893.989288409255,2652.241442101181
4279.840641148177,8760.984124594483
7168.332460248383,2510.9880124372653
3915.988002807037,5676.800909652049
4090.837644898515,4006.540046823963
5829.019466733056,8332.991620174671
2729.7950799214577,8766.64126735394
7829.561892132389,5969.8000144187945
7462.553241820189,4083.973347258079
4606.922534068251,7003.151589134626
6503.951748310131,4626.270876983906
355.9660921618757,8454.34755073478
1425.2895533181065,8700.061290562844
7464.971876865478,410.03862372575475
3364.8804762028794,2496.3935874102617
800.3305085628787,9915.246046759346
1295.0587571625238,3121.421374507857
2809.939489748231,5192.172700811208
7169.573947374932,8034.516234907686
6131.682043219606,5657.657697103958
7711.225073323899,4822.22974565938
8624.759357849174,7878.692888484148
9411.233999592961,7484.224682802059
2138.9604080066383,2327.7142038501997
3270.286700801509,1666.6168015872718
5386.302795606311,8355.827625134385
8940.714819458946,5458.424347802
9040.265998673574,3814.143029899344
5013.2626946871505,3626.7798570142872
6579.932274808948,4528.515101027446
3187.6942063217016,513.8198636494295
1687.9087809256366,6411.3979036527135
6196.859626100799,8869.310178705951
3535.119661045045,9087.638537151548
4004.9050961142375,3711.2222968865362
5746.756574839368,569.376651719039
5163.438497909186,6933.17263437174
1371.691698236066,7461.26294298271
4502.005402973872,4387.746277134081
8254.816744889979,3153.1833393763
7836.835151784813,6674.614345563012
341.39269339481416,2332.985703778666
1923.6287552569731,8733.624047243346
8492.271594668564,9424.438417920608
8828.535405285385,481.7616783029299
8213.488568248824,7561.131495830218
3725.875789863593,7587.231571201843
2241.83645806904,5977.604701059559
3244.855880522334,9113.975823857934
5817.170749707029,5713.1894594614405
525.4778576673225,3638.193967159109
2027.4079959943635,7881.648785580031
2873.2277151494354,8120.314843924125
2786.5568776778136,6439.961926722977
220.717429410916,2479.660329994181
7854.726833074621,9425.070780003605
6256.192533741703,3090.1520605213364
7541.794081866754,4247.685252650788
9983.353807493886,6780.283016851229
5843.1483353233825,6912.501349911207
6496.337084910985,3576.200588077656
2129.4135156240213,9608.421496523377
9732.106158696886,4146.177677457587
8695.125431840444,1570.2172574724748
5335.407843930474,1933.1164979387684
6516.424409943681,2066.500036754578
5370.912727249909,7935.256111196114
5161.501553377073,6087.59840512521
7888.726638103955,2401.1063616782967
7477.741290202536,1181.3837766121117
3128.476918651255,7114.545454070588
3823.3839390701196,9916.839474286975
520.1500145394843,2811.0208573912264
5149.426923890888,1498.264218504237
3407.745575977117,1193.0944125120068
3815.3005056629972,7113.390766201355
9361.30933630218,1494.911304673512
3925.30703508007,4571.454458722268
822.4171411287051,7391.94864301576
1076.8110094832584,7349.867269155657
2782.933989981261,480.34755552317955
6889.057832652628,1830.6913971707372
3756.0596449831496,6679.051926027092
85.5694028455889,9198.407965356697
5289.630087294309,1786.3768939481083
7170.172219673065,6436.596490045104
980.6654350001965,4185.307906874915
6908.643779260581,1563.3070872175015
412.3717050782871,2253.0831391796637
8663.958348655424,8474.843165629654
7763.136767999555,4730.926952220945
7846.468656766662,3279.8069409735463
2912.046649125497,2430.474922671869
1408.2329290157836,7736.518055845844
7553.378269909746,4664.878246089928
9809.652785535973,8319.005719339255
7374.689601449995,690.0871864573221
7581.4518246218895,3888.8662503218675
9884.559095485924,8444.921195547327
2320.66206095082,1184.6191797220386
7532.647352474221,2477.230202511026
1947.8910530721305,749.0292491579175
4655.702908049312,9163.735757422213
9926.31696423774,249.81613485664522
9806.910953192488,5801.481431051846
1462.082058191756,266.4673892534841
186.23387852515606,8310.079171577403
9357.482853841977,3239.358675155257
7202.71485254642,7772.817816894474
6479.3830495254815,9101.950065716617
4571.729677112656,657.9860053086472
7647.66266701409,7396.072758278281
1777.656279920047,3271.7966239853345
7312.0074951169945,7842.595077699622
9621.80107892754,2487.776718163891
8262.617382477461,6903.140124227785
1785.107772325888,959.5295537058213
1831.6350831069205,2684.938310967817
8419.513938851778,8383.013290015839
8296.42225012742,1728.2928853713652
5042.750149205342,5391.278196430825
6229.783068603325,4372.442561962212
5686.480460663044,1580.4492210341114
45.76283419380878,3357.511724375468
7805.299568423333,3288.888530876273
8430.664964845564,4788.860400852999
7148.5646237651035,8547.851680455828
9557.9503477664,2266.672132394615
7849.483543553566,7023.856500180924
1632.446961619257,1966.9852229268524
1286.8050447500211,3731.3705849772073
3685.7821810875803,8298.310397751633
7484.643826488551,32.30135971594827
9558.699746798866,5810.3294667825585
3220.5481399646205,3206.1870320610296
316.181450584212,5642.407835109915
2362.6048631572085,6884.230017494464
8994.83861563055,1114.4656423074994
6638.162818370156,9537.307850010326
9771.84088102256,3449.617458180443
5201.489755796987,9444.472515182428
2059.117534879925,7462.767220829491
4244.328689366272,1182.4613803728978
1388.0521860855245,8173.573310027439
8435.658254016607,3832.4279583170883
940.6148781532919,1014.3295318436884
250.2199679320194,8631.772468602505
1733.49280034241,8600.435996105443
4116.583835137326,746.1043440315141
5424.972637868423,6535.755113766224
7499.092077256043,2181.2112220447852
6073.8107039539245,2821.1034214932774
6669.814970186857,7161.037793927403
1792.8987778057103,6261.545090232463
3048.550427422153,5623.888281316544
4490.951411397642,2233.8339636968885
9926.781149563169,5514.603552057439
2499.576793896109,1018.0096142580985
5572.814095001945,3312.2663694033304
5669.397664117984,2199.3206362991223
8936.382846814346,1443.06736821749
1183.1961376372635,8005.132127120403
2606.824265175113,1097.3723047087758
4479.787051332611,1610.36130621946
3116.39247645949,7089.369756347147
6812.137549653246,3467.7835362694022
304.04382906464633,636.6031888757595
2106.764814447504,9698.94319770544
6451.553498516859,9115.814650710787
6495.821653086491,4980.766999364666
9850.263178065426,5751.7299772622555
9604.387009642407,2457.3896257129522
8331.124445785132,2810.7135607633827
6912.9951210377085,4851.095940868202
9563.458777572701,7187.690898052498
1052.6433672781698,270.4958973361138
9781.795955175348,5161.305523017914
8043.9547115523255,1689.5784654190747
7563.549386320488,5357.740528720222
5311.379196527405,7267.749990823421
3615.617936273724,1917.0172573014777
4560.022593070955,6737.733333454923
7193.7490473982325,6196.086247528076
6914.426573599748,4026.2846225247517
5683.907165983624,5941.298231561087
7866.580084667438,7046.623598635039
4572.840785242533,7009.450031517693
6462.710860320837,3118.6522764555302
8812.490831796247,7250.449521469355
9715.797407616317,4396.045476895203
1513.531655824969,8498.302960961126
7688.677163458601,1228.4316323202704
6674.058746783235,2864.0906059419212
3128.9342509923813,9726.069348619958
5928.5120041598975,1945.4646906525252
5418.467969364721,2402.1998844904615
8176.180086537289,5072.214623143355
6761.093728909068,3918.590682184655
3622.423298028337,1858.2154111212012
3026.84697013313,974.7012393089294
4719.420575757917,2325.0289155719606
8015.790756220686,3890.40155500723
6601.652785255366,5975.8013568295155
9555.935581617281,9149.169867377224
523.8901360122039,9003.958939782931
210.77641451139107,2148.962412556046
5699.315388137242,3437.481870306145
1561.9827941664767,3793.2740286734324
5950.429940028747,992.8738992930286
6042.8975490854455,4793.732991698986
281.1423362884391,6875.849515430209
1416.6548834514426,1374.7349201351344
7632.410428945989,1886.8577101583562
2352.5014100552876,2028.2009344722674
9570.101360016208,9910.059539571484
9033.132293447103,1609.555725746581
5822.536625457958,986.9518008083078
8033.83576340286,7407.949823855124
8912.67970079532,574.9707884014376
1575.5606319849037,9470.747005564854
2401.0159469066093,166.92539287469498
318.5841168004699,4547.407672335206
5421.249581878707,9857.678915790988
6403.889339739991,3829.097466208682
9685.321133609534,8329.220322813033
6255.2124726617385,769.91056801749
4458.457856034722,7548.329387931325
1778.9715133894479,6100.899500028138
4792.742434038512,1530.2691092539012
1722.28873744525,2924.005304980013
6425.375866246242,1915.2957201970332
9539.541070944311,1111.1249100770337
9047.175681644889,3837.8069449548
9961.042604203449,3510.4977225327384
7815.929943365774,2758.7751649714833
7985.33937642078,8293.31244329726
2772.6872945833857,5169.974303051571
4377.80793054499,7931.036854991048
2695.1659599175136,4571.091469573536
2293.814832716169,7607.189772230992
2274.390453296281,7037.585762348481
261.51991006709176,6619.517683443243
4584.157229802947,6665.423892402077
1645.6526842780183,4654.003856387166
7225.285471575888,4277.59968258462
6315.840261267702,3096.406115773124
6788.476938314158,9512.081852020343
1358.5533070571998,4127.742862455839
5912.779653717554,6847.799285100276
7919.204503764976,8500.758454919165
1619.724384683442,107.10835091939374
2507.4551269714198,46.265563443110835
9144.598304419202,308.23061330875646
2303.473477635609,4717.52904631362
1313.5882710215496,6965.879768282681
2798.151219165246,5284.363415438138
8911.541380051442,897.1990860914348
9907.866656497587,9771.358317020862
7750.993181928721,2004.4998916109457
9389.40863744497,99.88209807137771
3922.741064367995,1214.6298438186109
59.82625386996898,4880.4028402326985
9568.83338776457,9359.855289122192
3700.8947058702056,7828.267069002144
746.9563418226466,4704.554573545339
9435.96320176234,5298.713730234009
2381.8045132423626,4473.707729811389
2406.450405428627,2335.0158132871456
6126.984846607277,1672.7255780057426
5407.4662787067355,6446.190751530918
7934.953605943577,7876.631535301984
7312.179770231788,1792.5481770705064
3316.1438830119937,7110.623240767182
677.6323307868148,630.1402757313801
804.780024544981,6517.444179283897
7937.169944432742,1155.7906199201996
5691.451526176827,8885.872719491303
6953.604531290499,6183.644271776183
6143.271014630954,7269.5217994308405
5676.740480583429,4786.962275301537
9969.79603618539,2954.9976587938486
4226.127833523435,2001.0244643736653
283.02323466581123,5116.712106877749
2871.1584564588165,4946.631324331274
8029.528090756792,8979.358456729758
7816.911937298318,4412.550622211176
3714.0739246172807,8838.111478855233
1452.3108374213612,3328.573280672882
3516.2822875993306,6888.952060044236
8115.447434265124,5286.419206621566
7027.018432437566,3271.679974662931
7235.5637817799725,2069.3235440504377
5797.698068309315,5739.482064665895
2124.058936582548,3125.5247195750726
5379.815787329424,7682.9563282740355
6621.160266838313,8634.74265969807
7154.379490507777,5643.2992712351115
9163.547521627774,4421.542999669048
2381.248171666206,6926.829163827723
5719.7712520287305,5999.246171478312
2256.430178078177,8282.746366771453
9680.792206884442,6430.850163620479
8992.50043671536,1456.4294476640116
673.1103796767945,7392.176242533168
5421.513172463118,5023.7315004659895
9326.517068075891,4727.352582150045
9243.842419078797,521.6324773414283
8197.921922267562,3868.4636450411126
7931.856844211492,9430.534138912633
3652.148515727246,3194.9719668257435
8447.47359282788,9891.60732275515
6385.6394205114175,4899.478429374271
5563.3556379115835,6070.127215933761
3889.5230413554127,8150.895716780259
5580.114422387567,3056.507086221384
1149.8185259578186,4761.711557641969
4737.961560537767,9826.573434943333
9787.532757369705,2839.708562722244
2543.904375260051,990.2257582207818
2691.7055328111737,911.637032947612
752.9510990973531,9300.890042232471
3605.0345442733146,1311.042111452454
4209.403263403395,3562.876750533771
9103.115232921893,8631.375749515082
5184.280725373357,1813.4937819641307
9894.687500328244,6391.164867404134
2178.2088104771715,7320.7743698604045
9146.698975373243,7333.884627516556
6604.937233317176,3761.608229714938
8670.627054849301,7113.391121195699
3223.1929033592855,2228.460779280459
7576.837334678893,6836.732756890109
7583.300420581113,83.98775863736164
1342.0411247215225,6862.775271886513
3273.92152745842,3809.8213353048395
6136.775547527619,9423.850472426204
9293.868621549002,9518.12165624431
3955.605469496046,9035.159378872237
1218.9474208072559,5801.489800497196
2724.048557852252,8425.522025338367
3735.049478213547,9659.27834756405
5763.022385169004,8995.01474816706
3234.046035375656,3947.153103880924
7496.3266385005645,5223.439176061731
714.907375701953,1806.8883179650197
7044.387079288526,9499.523311557747
6766.005944434843,2393.43253889856
5706.01426686646,4824.1329324731305
3159.8661761729863,1204.6168884902197
8686.847730206591,310.74674680578784
4688.872376569831,5915.014731688019
9354.186002269415,6879.945335331819
4672.97462077533,3859.418130719917
5614.93116182222,8862.444621076047
9848.277640754928,406.2461927457872
5928.157324140216,528.7474056784547
6635.085136970614,9286.40056937602
7392.666035523415,999.524151851896
1476.6574880936012,1836.1886981662856
7605.761426970611,987.5170331176653
2462.3349357377956,5933.594133978232
1714.2850128297725,6388.675973694763
6111.800450196404,5288.433958986455
7812.344663419478,130.4408988206074
9888.890386975389,2660.761314083696
9439.328027593298,6472.151097176941
8977.72485657408,4959.519244589736
2240.78391948328,5857.478413126974
9649.940833178425,3046.492892442847
3840.0102429128256,5092.660049326158
5639.963103706496,3494.11761818775
7214.471286132588,2944.7596518572627
2340.933599608559,8471.630816931276
1873.534685900956,1554.9225655599564
5045.126305205848,7691.004276955602
2623.0815681204067,9708.67494653657
8103.104524635492,9202.444343378726
3159.796493940542,4408.005381183207
1495.374205762543,2049.4046008527566
7908.5965780347415,8626.50825053995
6142.016653760399,9453.713766686178
6456.7093155291195,2110.3603190374943
2126.978430347397,4374.6315841830765
2866.9429570656935,7728.240184709258
5464.090241803529,8572.984367178318
6496.743985864756,3695.1715479996283
6292.021705490814,538.7287059508172
5755.189273776708,5358.579044161081
8938.809829986401,8698.851452903591
8380.52255825042,6993.764132348235
6490.307570361648,582.7580161097801
5490.573381811402,4548.949033235783
7482.288924573211,5393.3602026397575
243.13315438243444,9006.38518567845
1014.594984666637,8565.72760413438
2223.9201930679887,1614.2896698074937
4599.58211461843,6276.022833802919
3773.1507161008803,48.39938534359267
1615.9883182624235,7701.0895163941905
2739.710106688925,5085.664829438779
4147.984088416942,5107.99354063018
8882.721021867568,2868.9161095780614
7144.110088597387,2238.5840671737933
482.0491882028499,8968.907248757632
6657.873630076665,6465.466822491461
7172.495652558197,8191.181576956804
959.6464166618168,3785.270252352718
6986.715868966683,5819.755102861135
761.0031086437796,376.4783825662732
1108.5495736685857,1311.1200237852704
4711.309229187095,6919.311341779591
8251.523078498372,4811.299517784506
3838.2997184918013,3425.5663714382445
96.2218690488792,1961.6998700483646
8698.923288024791,7253.750044707517
8470.12514375833,2831.222885664455
5428.219993431153,5011.270216692927
6807.745409807266,30.425882473608112
9187.792036023247,2241.696550067438
5794.824032837221,5296.813459683813
6374.580246949516,7964.585149711712
722.139551361981,5881.395435722615
5909.041992560544,4516.209141541982
9544.328407870627,685.1290079429195
7829.673173349902,4440.968060451985
4408.771651879646,2941.486262665686
4643.923749223235,8507.799006223548
8717.801372348189,4252.532124074167
5316.454540721317,98.38397442192726
7208.577777531586,5025.507267361485
5112.138620109626,1414.7459308291077
7426.300482730689,9908.933644634419
8052.234641635784,2228.387643796246
5999.086545382698,7569.313321410181
4493.4044499613665,248.78318354692118
7461.072520188962,6847.622843189871
2982.1197297030576,1469.3292082567689
6256.378111562432,9693.49264603485
6045.038174780021,4221.507692754451
4019.023540092972,7038.278663084153
9905.629255574162,3563.1277403155846
4750.170591592836,2832.061569805553
6903.288892471001,6471.623674569937
5656.644066787544,9761.756654695238
9239.512732394056,8820.842126645503
5015.754271589233,8832.075231853345
5389.428184672484,213.47560437187775
7384.07994476829,2183.1919983443117
9807.401962517242,3215.26383332167
1131.8402451386855,1629.8418312362883
1020.8866109869774,4627.9278427652125
9170.897968958385,3507.2858730572375
3746.9031127525286,8851.07477204487
6140.870450499002,7992.368759781959
8496.403672921282,625.3100801445244
6852.71015468537,571.9935278301502
4925.086392475649,5197.462568486707
4207.272943743624,5264.089391696565
5104.464597923241,5432.468335019443
2513.457326411942,1441.7061994290048
3555.160546360384,5279.174244834556
4163.460411000696,5146.363181912456
9308.20882879198,6554.996410044838
1149.3935970969394,9127.121368482907
2470.6627242966706,8617.801863436107
4687.273808459822,7618.128719054906
1601.2196182644943,8103.536995199084
1914.5208830601102,5257.163571245933
7654.512909552571,3782.1446335603237
6644.1246196837965,3280.9911291254443
5752.25650857293,3214.754145160046
6964.465874924052,9600.313533155437
133.45104185331746,5031.69378168851
2294.651688999525,1515.6313350932583
2966.6097748766542,9611.08977269014
2743.909690378968,5552.322225570787
4262.538866004776,7491.520341790611
1934.1520067927697,173.62624249395608
2736.247418222798,1161.4795838779335
4215.96643487125,3498.3730040431283
6363.792050865384,5086.093264908243
734.6262613163623,1541.5860627586565
3814.673352771346,2326.827831959942
6823.179279150092,1774.9275564171885
1419.6565088175505,2074.330677606562
554.0296869846351,1434.6332160779673
9924.929381354721,7639.9677567879835
5102.750836338512,264.4722091209506
5197.300216546242,5484.272110184758
5585.027128017466,2829.2915908247696
2853.492389009784,8982.436474624203
6902.748660318061,4621.749732508733
6082.146996361381,8102.537056481414
5869.166483757009,9268.161284040205
5097.073244294753,3937.018596522601
2040.795496368195,1139.625739234419
6324.835254721981,4894.324384803159
5405.110485210161,2057.551538458592
2565.481547007067,9250.217507966681
8162.447314237605,2275.4303044511257
5751.035929728166,6065.186273586095
9236.136443463914,2790.4803193078365
7600.567884354794,9098.792921047732
4968.516411194487,5569.178898634781
1547.8851016154006,2063.946002553555
3294.655009210351,321.8172218041215
3329.979059531507,9124.092484380428
1950.8977442965324,7950.651560283651
2361.3878277522194,9828.0605340716
2222.9597082002138,2650.3084562353974
5260.088284532435,849.469332815237
5863.9664062122265,8119.105432959943
600.1425727209875,4002.294331334524
6095.662668892571,4202.375984862447
5125.447469746187,6733.420247133815
1018.1932051351672,8981.9531647601
56.562097511274615,2017.497087822988
7604.460500496502,2528.6287842254596
6378.334218676964,8505.920761221836
7347.769931275674,7255.288535337958
4185.57983633719,2518.523102575251
6685.03304197677,6780.626480203969
8801.384307153774,7183.821851630486
5665.830191581289,3629.2774458159583
6196.487698392845,8300.66893311315
5653.6130701421735,1902.882786653225
4235.327716641828,8916.406277171702
7795.574281437987,5810.08025285412
3486.589219924595,2896.616415894201
4159.581680132201,3979.744881974545
123.18719755419983,7653.043199961766
8693.564856442847,2676.588325892083
327.014004257542,1252.8046171353003
8.153724159664089,8447.280546352393
1304.1801445221545,3773.8843584634064
242.1230854463341,7189.480793954156
6296.9955257049705,8890.781607308938
3038.9443692915875,3291.808352696176
7526.590273369593,2060.3061565910575
5973.682694535642,2877.7083438728414
6945.420576510904,3811.6293771904006
2031.1822522747902,4297.3446997697165
2266.747969287417,2793.754834830915
8918.571863112695,6569.344630516435
1054.5560321066482,5351.504026303154
8012.490201618634,554.0081742602209
4791.236037135105,7642.04071605943
3718.2434758934014,1088.4080966893116
5741.893631242163,8663.08544244743
3984.418761360007,3671.459840176555
8560.287621460719,9255.241288613282
5436.070203385479,2836.554864004264
7506.064141052924,691.4676555751087
7225.108838071893,8871.415748756863
5729.439073412075,5988.037441568752
6026.9921435283695,3730.5311222808036
2477.452171640027,8856.926922239712
7999.715572031155,5382.566696859807
6263.056039574013,5838.703050014476
2996.1122949401097,6114.447684129164
1077.6564932834876,2540.9312269805127
3595.85345927532,9592.00442766221
1992.2165836439199,2113.9871146455093
3150.614720805549,391.58694452599565
2232.723733765037,9342.988903015303
3032.284929672229,4055.638380843497
3445.919487312099,5497.712362881205
3885.2299082470586,2573.4052742993076
5549.2632262793395,7513.943410898024
6630.962153526717,1379.1874959992779
9946.647035967255,4934.422902303804
198.96288658917126,5318.692300236824
7069.670721817171,5908.503771666602
2074.363195188653,2087.5936278481654
600.8965235685426,6217.3914677723
760.7635070882023,4059.5309436057337
8400.711849782478,6084.081391962571
8398.318780664853,803.8724155960275
2669.3960564125273,7847.51761266487
9602.278447428873,508.58437748847683
9261.725914736973,3994.746484599415
8395.172462676674,2724.5435653247664
4573.35981439771,9323.18690626954
690.4254493086648,6948.157381751423
9001.96506090966,3138.880378331924
8508.384546226136,5024.1534665307
8991.746296703723,1760.9465608314401
8434.531169020554,4951.466729010997
7711.088813632382,6787.347184828165
4341.257875880963,8519.519917147141
5678.143049006162,1667.7305465307147
8959.825526526645,7381.269176883535
6185.938150755454,7354.907801239237
9026.140202667693,6272.339381774026
4839.077290498928,7462.710522305948
8215.61518011013,768.3831871868118
1639.6208383333399,6204.753356291455
7085.54532081389,5587.854420786097
1267.7073133820127,2804.23063593389
3006.432971256098,2412.88640953908
5215.370557614137,9396.043835585864
4541.638560811822,6199.555208943648
3486.1445219555744,9865.712429838899
107.57608383117012,4768.343225777873
7596.026047939467,5196.197316919982
4007.268730256609,8266.994468901514
1107.0810510120543,8393.090546575166
4876.935718029543,1960.993990142208
2350.9383653323703,3671.6608643873415
7362.607219596765,4666.944936822506
5265.463959205015,4324.363998589167
6945.466865167303,8093.593880150296
4676.0610642113525,4224.193241565543
3469.565210333224,9662.71227270744
6549.206802311394,5755.19398423819
9469.578438923612,7704.6608938369955
581.9237114744025,9130.887167250143
645.8257237641662,7768.995485328551
1467.2996578022103,1087.4293981913008
4780.003085324946,5083.926395147385
5517.122458746247,3680.865422383698
175.42703037511154,1759.198551435387
2252.1841457907353,960.1399985207881
3902.657118742877,3620.814986211601
6608.902567851427,8533.397177236604
1572.6233841159321,9300.707445790054
8692.506264479527,7064.120216421661
68.14723004078816,8496.575295853585
4091.756615466344,9730.235516612713
6255.390436787023,5304.908638832619
4494.408022054411,7133.675797236665
5047.181849921085,1278.9597010522868
3598.590750516355,8966.224130963128
6512.849202684848,1867.6441097318498
2800.6297498898857,2467.9560802859446
8559.151496825647,755.6743494132434
7328.963156031821,4495.86469900507
2419.868290915228,817.9606873868383
3327.841359779786,1437.3601786669676
4564.355872440778,7099.203417498142
3412.060459895283,2453.442428521703
8939.504981976494,8785.650536088537
5835.105018561997,6313.600294473172
461.9788743191511,981.981309623573
3752.526981633115,8704.550158325905
4888.915053612747,3844.0087003961407
6796.799493150999,2356.669151673313
7339.891079118712,5890.880964507922
3344.2244880703142,7271.116170737721
8250.974156693048,1856.3461053717579
8810.565847244185,1095.700002137353
1328.165303508878,7675.72406163506
940.9794111592029,3804.640047225106
4145.328063126693,3998.613192089009
1315.7526613244286,3205.5814784444538
7258.999388784045,5368.21234952094
5464.789871369439,9427.391128056463
2559.3100436784666,6399.344557615367
6358.131499387777,9642.393171786842
8517.655351000198,9443.867864097881
110.24604934556149,2166.44086841962
4666.39248662955,6640.225200256926
2615.078908451395,8713.219915176078
9546.453262850562,8591.37835188475
8277.669040431963,9822.624192398638
270.1754607595219,8508.301157317586
2642.348505961508,7872.909002318914
6884.557405807265,8730.313329694052
3398.6091333067316,7802.22805690731
1512.6026204372768,2052.151212317187
4751.400980939532,953.4777968610608
7509.054698407987,8161.441760065309
6388.764511640258,2610.396819624706
6499.499545776939,2946.70937342281
5574.705204387081,2366.2726686880355
919.9332174456998,2593.9327779231357
1558.5838274658126,1642.3252905557652
9814.456683359238,8455.165208640714
2257.4071170375078,2294.430742140652
934.2675847887206,3383.585301553348
743.7282640647558,9545.16061364325
6121.785463204904,3220.451501417968
2802.159853667876,4828.2559211852185
7847.172547166658,4076.209290170897
2331.3188620383685,6091.280059246797
1797.1250661723047,4971.212473425748
6274.342822258623,931.6833577642192
7344.159754514211,9824.813697328429
8988.840563887843,5177.3043993695655
1579.1366932331507,4546.575014202614
7572.105358212122,1153.0106764609338
6741.886643961395,2344.075274406635
8244.090157302637,9364.232094063955
5170.908200434397,5121.753941158415
290.7922285963005,8771.437884324085
7752.715511755304,494.56350572086194
9306.436132342724,3271.8663825697126
4000.211005871963,2764.7358582751167
8133.237899458404,4622.480075787513
2243.5041151838263,5847.38358576455
8437.263448297601,6739.370769031013
6209.625290055302,5281.656193982572
8797.94888469368,9828.670699426008
4905.2389099624725,4336.556638766403
8668.444490784304,1165.2394866470106
638.4985725254234,7881.367599713984
4671.307690793176,8398.87897464124
6073.3265013060745,3965.494539140152
3541.1726771245,6275.285947440166
354.07395619937887,8393.38265684981
619.0928348226421,146.01297752113274
1001.7233057080721,2705.6772336501
8196.949359882012,8386.960466303795
2721.2719252812103,4547.696428093805
9749.733114489449,6392.654863232279
4464.400034031244,8833.72786552172
643.1366855890797,1691.2182667081277
4786.082688753634,9595.968937169364
5344.918425796831,7068.1987397768835
6730.858430345758,5847.846265803831
1639.1183111327268,8695.88115451147
2023.371750589714,9119.716610844709
7773.479921728585,3032.308808774035
5554.8959744190415,8523.737900115368
1419.3979649532207,3774.5655668092813
9765.659264542652,7219.719595809555
5669.662074692944,7123.1790783310735
6864.860880690006,5110.877552956355
2300.5537354306207,6093.027929563011
5363.647474839912,3816.185069086394
4018.4608152914857,781.5181609636523
4538.622135968465,4490.568740608252
215.35477146937265,8473.28356564322
1057.8972418936883,7260.234956885464
5539.390188517531,8704.998836390476
7137.255149244882,5951.063670738182
9052.869587424499,1143.1900238627336
9299.065752902714,6814.742540998179
5386.650256243401,8551.867934367961
9452.978626084321,7233.023805211171
1324.2505449471198,8131.791362323759
8807.322618823047,9859.13289805601
1032.8827378412275,1983.8911987689933
4452.345787077682,8775.88821545209
64.92751287661025,3130.305406543914
9400.244267640332,4373.614880235723
6156.411971494999,9557.105488348943
6933.3734384732315,5342.387280950943
5833.132696667147,169.6992249870799
8312.256228813358,9730.512849822926
3703.2862378112018,2362.24046980265
1613.2183515858335,6418.451941984335
9803.279083863574,3413.286208633206
8238.032740890689,7498.512226929307
996.5130068643214,5178.651921777671
5448.4230628318855,5878.188928650678
1913.7761225700233,3461.695572090074
2676.437460797131,7004.272233762227
6090.225882644069,4120.193902209909
124.88328601451548,1028.119522543427
4294.718684760545,7481.527887714461
5363.2071691527435,526.007727150235
6789.869424480857,6061.549178115668
7853.113419967732,2454.4627398136186
4439.1565975368785,6948.119116706009
7867.313943341403,6799.168990688971
497.46105651582553,212.6735766628496
4498.714474517971,4763.906816611744
3187.232869663781,1646.841715633831
2926.1729122701418,8098.374548912917
4059.4125865961914,5857.525476677021
6889.621047475215,4029.321608170452
6154.966716528496,5079.645420362185
1247.9833003616814,9662.367418141679
7035.794463265112,1689.3703828763007
9537.853368861439,2062.7433348667214
212.43512229682682,2256.646081009356
6773.423118665547,3163.2896302970817
797.7761175364661,7802.614706769452
3388.1547538304503,6542.642141706639
893.2600138751757,420.3281808789139
6456.876500551548,3033.8773198676163
6134.432480544277,1243.926720953501
8596.34842801798,2894.7764925295614
8604.154748075543,974.0587420917535
8816.346434664683,27.058826181416418
3405.8637364665924,2346.5568297605723
2895.202060580876,610.6363583541563
2264.985711817866,604.9865751150518
1653.606262581544,771.0516111390053
8364.073741182157,4660.3708604241765
8830.443432780703,9585.98364158914
2037.8809208740013,9964.997379998234
377.88906936998103,1895.236959085068
7154.160589433918,3615.445906214335
5272.639821772125,6327.115369373725
8297.452343912835,1675.2488740395977
7612.502484139587,1932.5551673494513
9263.86853859798,8333.008961685198
2540.522375926957,1186.1824319717396
5388.079622928147,7918.745932062544
3293.969130047004,377.5986557851496
2394.7265366347106,8569.832498245782
3979.5456880015945,3705.8362445348757
9744.273046269069,349.70759569849963
8675.188622201204,907.1949133016899
9400.361055511281,5880.411567345838
1034.29654860018,9241.446867336073
8490.913229592958,890.7570541493093
336.5811749332637,979.2455388705257
3570.9566090445464,76.5383327880076
5994.524047456048,7507.2693499206425
8797.312274778955,9760.271661760391
378.74915170188706,5840.718502469886
46.12501766281474,7664.412392444915
8328.998663357119,6384.508528153275
6191.750824271081,1099.7186696284023
9883.61937571439,4210.906142232114
2059.0186583119107,8589.314997540709
9779.493990366998,266.2141151518671
7799.080850218684,9233.096035648668
5938.32713248849,4950.898877790692
4883.016356538324,6858.0537047488115
9607.85762366687,3600.1731642461455
7676.5146736466495,6052.406785953848
9606.380111084849,574.8125628831613
3832.7873423584338,2275.147743129522
3616.351801700858,1017.6259302202473
9528.683519366787,9721.940821781467
3214.1576263917837,3870.8806358107327
3618.9905237168605,7166.64132014538
1744.3994194452305,309.5752894664838
3226.9872258450628,3649.281406740613
6853.284764224857,5181.390725976602
7868.09823941794,3108.906408780773
4932.706910472093,8172.162100516116
71.52068696039349,2622.6982829156022
6163.106947909831,4418.071789687824
8430.385904614895,4722.565271430975
2389.3933436041316,7757.736711741358
4720.619799177801,3440.3393042569774
2709.1319449140215,9282.706816653035
310.6065386976209,4236.4793502156235
9785.022287746673,222.42757973300886
4115.794647516728,5324.402388248645
6415.188213860175,5735.919700990177
8530.305113039953,2068.703628577442
8477.840820315316,2967.7151530683955
6348.086016129042,3825.984574008624
6630.8109631195575,5549.8505201122825
8181.45025723314,4521.777146984674
6254.340187043816,8837.475116210246
3586.9640050405906,9463.95291018954
4369.399454611763,4266.562471863846
3195.574723733443,9355.55125529828
3318.3807853342482,9136.353196360107
5707.702487913738,3370.7930193872926
2244.6443508482416,5391.845245254047
5022.05011111483,8899.822697245816
3679.3339997375774,4669.647550664068
5808.035075179324,5081.381436166872
957.3960337901965,2686.9848729700407
2979.12961971772,2079.7306846935226
3488.486317225192,5093.011351235465
5177.5757174583605,240.19708571510145
3728.255313095179,2467.7019739337334
1755.9882200487853,7588.314162565591
2942.4253106851584,7700.449819723386
7312.796935514677,2205.144036138619
5972.1093474093805,9553.846948138407
6735.5926255634395,5350.196230363552
1139.8187817439587,1128.6428523843738
2058.821767298702,1786.0293702903084
3812.8193118247623,782.8619814301585
3741.9381560885436,8735.236372956897
4807.456918611023,3101.1343108631218
5000.924308084097,5940.206340034524
1399.5961369920085,1717.4380335286187
2775.5712514556863,468.84900993507506
1704.8883548963013,7992.448842883188
7998.3345825080705,5365.642085305167
1166.2393181419484,1064.2114848015783
711.6946607215169,3555.4656667399054
7304.42211169805,8580.55592101502
2158.3923699168417,4896.89659667005
2093.410337984989,1145.2038077082539
9443.287402541102,7352.147419332689
1453.1856014632128,3670.1633736608487
207.18417359559703,3159.4696047523007
8088.50702132618,7947.282464377875
9209.6769240392,8163.393799555752
6334.909702707844,1462.7429477226083
1727.91157500768,2717.288948958729
7244.09941918858,2601.510444287546
7173.266895922485,6066.527148488831
7696.459241287717,7134.043476435074
2650.9203362257117,9914.722892266558
2132.6913016007297,1693.996313848246
324.5851054255211,5521.274108972524
4798.359281634751,9354.90179855945
2073.239919517553,4971.517330344526
230.13299893218874,6861.892512785681
5964.423861969207,4403.443039357734
3831.18210217002,1216.1719162652141
2066.942517516731,3212.070212082344
1979.99222753532,4024.57807058999
8596.915445557395,2536.2379448118168
2849.1676455647375,2539.4598364072353
3631.514071674464,4789.8539854174205
6017.902518983112,1927.0662015667517
4182.387758589553,5055.638560869877
3271.0751833963946,9988.029968154011
9465.688751631966,3152.2094251314793
7033.242301983541,3236.9065383331963
2206.5321894128765,8765.146452906776
4985.827849360123,3756.8306259403284
8408.962113181371,5030.714420137554
8687.533704335538,4432.498273489846
4450.8417531249515,7955.165514159863
2606.6128581270377,8728.373809270899
3841.041149611695,4871.687544588578
2211.544061383994,8958.063477478052
4792.147627584192,7568.340799260314
446.2354595939433,5942.169251729653
1498.696215938149,606.7221221353292
1731.0828410787415,8617.31284607104
3625.0325190054123,3174.328245889152
2601.6301983819535,7213.40354718296
3115.8217230682562,4989.315903852703
5220.623580904612,9508.40496551019
6896.958945532779,1890.2394108466424
2684.238561343504,8072.978535052129
916.486155296341,3972.973296928067
1222.790464281963,1187.6975555703962
5858.542920410199,9568.769862390413
9555.256386947398,6037.656576064445
5087.7061004778325,8732.322832188936
8789.253333093911,8427.051212220817
6991.507373109081,2349.9226876779344
3243.3401664143203,5244.944706832567
2614.9850260570597,9167.587306845728
4353.760703425199,3283.5335256563803
6496.391344721952,575.554588926841
3723.088814909493,1706.892037653892
9971.179088711,508.89381838182703
9830.477226109613,9661.267792294027
6490.992171391616,8556.307351654257
1008.8772329509388,7852.200828551719
1976.1569166754257,6803.8466128883065
8426.607530297159,4629.676954644654
9218.857513207631,6376.903000760273
8154.985155402917,3925.3455549188534
4077.750911991851,2998.2870748533596
4105.520427734026,5468.660114011579
5739.65215678983,8179.082869337804
8811.797870800252,7997.14871771002
4245.612099218365,526.9472864157365
3973.212119171172,5169.0108880452635
6555.309293223059,379.1732596497166
4515.511497055914,3380.7560079303876
8029.66161928352,7566.8018186374975
425.6966035069398,3513.2745144498945
7965.920824934955,723.7149122648034
3124.0936097605663,9066.797941149194
5368.142046235996,7684.967996192528
8339.510966433312,6969.608729412452
7568.545501666346,8426.149876666374
974.8233051701793,4731.637176535588
7845.950834079827,2331.839751422743
8261.650533998454,1282.060074402126
7708.615803818247,8881.094516315236
5817.75654068925,4865.975949952051
340.99915497567747,2924.6193392282084
4461.355447270596,4523.88682724076
1911.0279317716804,1975.0912791901033
9450.217828340934,98.90287634053085
9104.946542931082,2010.9086904111762
9744.164291783887,3523.8539675988377
8713.326691212147,6664.56360102393
6404.59910156969,9693.595129184765
6032.2469630311125,5010.854000384547
8510.063744926676,3262.380706859078
4950.395582749411,2285.5388418256507
3139.662889181837,351.34722760519657
9845.582842681599,7896.123326131864
8516.72425760481,3820.5873993109085
4583.627840751169,9571.641410801705
7397.593431418316,4805.673844974007
7194.889335938044,5361.933056759741
8415.950584325115,1043.5470193183717
1915.680929171919,8976.642975140418
2495.962347915035,6448.090785334428
6235.23980122393,4195.165055915687
1529.9460383320395,7906.34027965771
2334.0120200094293,9233.190167933082
6726.4990077508355,363.59585952567386
6250.305704314123,5543.451667652437
3642.001550798656,6380.313975736688
2073.3048319960844,7324.22513198771
9875.5296758442,6086.109310655142
6054.223508295653,6794.443498015394
4400.428319607437,3242.050484631467
7444.861410628238,753.1013492004257
1802.9289733768617,3684.9318073238815
5011.274429566635,7085.652384976431
4234.282149124449,7874.19898650218
993.6493979178729,7763.128070283797
1193.783258301757,3727.15995708045
953.0988931420359,1882.6255533611748
9836.54954631429,8249.307139640943
791.8765135171412,4949.342484220261
424.0857991284841,3837.3761802896843
3152.095528791158,1858.3820832440645
2361.120351963453,2793.761158006043
6873.132839342947,955.258510476028
7833.566213337511,40.42773178167036
5340.519716222586,6610.606082953095
6967.738693582461,8529.369739420128
881.9438210688413,5156.208487731325
8575.285563644453,6532.437965336597
9679.7221463307,2455.9841855065733
2926.9204264517434,9525.553797433182
9128.062213507415,5343.583025972701
9531.09307458634,3963.4815106063957
8507.2561891989,4583.212475921451
5924.698850075254,1821.1707044727987
6557.720109623405,5056.802092878981
7459.809146745146,9288.116512840195
556.5544498879715,8974.560239127431
2069.604615794235,6135.756717516508
1418.8563486580242,1140.9038290263063
4320.2577134855255,4867.599216593971
9119.623791835389,9043.910739641888
749.6063216686399,1026.2948673929218
2150.1964430767616,5834.5256943683435
5638.3039805947965,2905.085744956074
3838.3797583221203,6246.091526154012
6995.1455631991885,8249.27999117585
4882.304415884693,5619.019964878612
4127.675317753658,2711.293503726002
3347.315508545853,9503.773909692383
8953.35745537877,5695.602987656229
572.4997429768541,4220.384272380201
6684.426971204077,267.407196521855
7427.137043931356,9795.14383957404
8081.71905033917,7299.001275468278
9162.2620574425,8158.193869861434
925.1868348410286,2237.7659880072156
9184.150342243049,2244.180685147851
1668.9360788252873,7914.966441897718
9660.743475583073,6195.659922585433
2647.677674929588,195.32037013615277
3866.788304382268,3709.946764066078
3318.543544964271,4273.041237052899
1227.7657167210386,2676.9755018104293
215.43239198873243,235.85713227505244
2783.7740020028655,2930.9058059192785
7526.811234992778,9521.37535826977
1363.8989069757235,8.680100477510555
3644.0037724193585,4897.452919170488
3536.706286047836,3497.9469214200753
8768.268916288625,4176.795702488819
4168.620754504628,7169.583639508574
869.8769785913885,200.51062568328447
4861.489194864063,1312.8416924373255
3965.8916883117577,3626.412602883752
125.53433785212675,9138.400940016361
6552.225176757301,9370.26259133452
3443.9530356719083,1184.4947731429745
9938.574691095586,7268.732184416512
4766.836889324716,8466.67190248082
9687.049038341931,2921.2584050619307
592.0585709430892,263.8428069824417
9470.966366428116,2749.6771314542434
7895.422382571249,6684.537772326073
5031.42101707862,7866.101646293167
30.173632234919978,6795.293751233642
5611.9782643273875,5531.6947924155165
9105.8917957348,179.61202426342138
1120.5717287332916,4653.551122980381
9670.601815853868,8839.311655451005
9207.735528176097,4249.898643582598
3240.818513989401,4450.441555871684
6642.708421563572,2879.667486235802
306.7331723026545,8604.7260003322
6238.480780016627,2910.0347517453074
8351.732872622231,6022.355417516764
837.5199811128664,6546.499190533362
1038.1709199604938,8234.254983048188
1179.2645252562106,1071.1891797940254
5064.435763478466,3930.8852903213456
1926.1282501128462,7127.449450954532
6268.271446157058,5037.56481562091
5817.382089654054,5875.666123813143
4452.041513540139,843.4236007853601
6761.522782915486,2500.0540875862307
6469.731504302697,3471.0414356103292
4492.055063967305,7286.1156460318125
173.48958798223845,3589.1108994732303
9395.315614023039,901.5560200272598
9797.578320736218,3720.189956014267
6094.68213165218,1081.6396992363398
3492.9043618139654,1040.9762047553318
9047.659166171261,1255.5079905177379
3206.481158824934,4771.958180745224
3890.3962406635296,8375.129746232707
5136.8376110577865,4006.8420151596342
5424.616521337112,2768.383827251136
1911.611103088533,3532.5944027374967
5748.462674422051,5988.4969154143155
7022.602120369647,6583.298641231573
8089.6045268324715,1948.8047291640553
1142.9770896710145,9817.058577967935
9588.226753498237,2131.793669581237
9861.224510738653,144.50321546918943
5138.715335747253,4096.503532413422
9396.561894515407,273.3343940331401
5857.784829911511,1284.303096118251
3982.0856785084925,6952.891664907578
7959.700912297165,10.185341551726124
7444.584052887107,1131.6386213034757
554.5047969960204,9565.972059034422
463.3181275383258,8329.870239754464
9117.865151321846,399.70212728542066
9997.719841181995,3298.0183107216867
8289.223885310908,5682.651624956785
7441.941411061756,1465.0238066947386
4382.120783056631,7909.834443669193
6377.436334950386,7980.811802099509
1347.740343432059,1515.7325354316397
8675.756889825416,2167.300662677525
7277.103064027814,4015.287451252337
4910.140729458479,4881.05454487601
6121.332648545029,749.4239991494322
8620.672707117274,7765.720882114249
9503.038656560371,4258.351849129832
8283.814637263853,472.1115322317326
1125.5956452176663,7487.55735974504
6350.44300284007,9970.858966154334
937.6710343748463,3099.0488142940308
4344.4628230053095,5456.261582573429
5185.373366271364,7253.541522892817
2774.057338773468,4869.579802448162
351.9772000170984,4114.477585098606
4735.358643476993,8282.895509536318
7333.072329376543,4899.931507552202
628.6280447905335,2680.8999801134823
8845.530458698628,9340.733986050944
3277.469995587745,4620.454022258546
1474.8248753811642,7274.174011279354
7422.768778412476,8789.25291788102
1760.2408982706474,3042.0939763282495
8173.255466809403,7570.993422938014
4117.508970984783,3645.8920020418263
8717.038962270632,7020.165474195111
1011.8291698574034,1232.0596852356791
6309.432746811056,3655.8395941209233
5180.417985286812,2280.5369575546497
3909.585015157542,9788.66483273059
3830.403708939174,8249.295542391033
4515.898780430697,8325.022721703392
5184.835547093671,3577.5814551242693
8122.063063089806,345.96291050763784
1344.4196456207912,5481.575991403232
4398.204519354204,4571.641239105016
4218.353444164398,2177.6143716040265
2019.5752184438975,1744.3197359166463
8654.733406733369,3695.822930873245
2381.693716253396,4316.261086437532
1710.70374890561,4823.879563866563
396.594406537073,3204.147115806483
2296.5513717403064,3129.325128697045
1839.5191955990242,3978.9500381539387
1485.4871075564636,3388.9705110652903
6096.394213214744,897.543168195385
6877.922823670371,7175.869322409867
7169.767228335927,5323.8021521183555
9495.26860846999,5672.513298587035
8775.112720754349,1623.060762455636
8834.5137174092,2778.5048760474406
1447.4653056923282,5619.10693125445
7665.787353471991,3754.9822222361163
1888.925670195023,7028.806137179174
7214.7555671158225,9222.273489971458
6133.275689209439,874.1515187093806
9372.917467227468,982.8831983294783
2251.0090981190842,4783.947408674514
9380.061024981744,5142.824644623462
6177.701564513272,7580.677275680935
7610.074338344572,7036.660703628718
9440.942048262283,8513.396804785894
5682.1202467708945,9573.308438295524
767.3415027793251,4062.28745880013
5174.82606202274,8455.46915424353
2687.5269382071397,7777.611159696186
9577.638739218331,3733.371179486928
2308.8225900508473,6214.6606174811905
4722.9476951784945,4951.827599934625
7003.900801177898,6010.998229024996
9610.214880034264,4804.678787389786
9651.79868494146,9400.075953405827
6811.282676937768,2328.707771979183
6457.820602999783,6363.343945563206
4511.104888174582,6882.284293365209
122.27588488630703,9797.579824744418
9290.866024909248,5246.685667199884
2548.5157641843803,3248.495859404126
2293.3716838185205,2445.4775113072
331.5855113790855,9246.579367666482
9345.78203169139,8248.039948832122
9807.667869488329,6951.794856794097
4179.8627628264185,1653.527978993774
7159.549415994122,2268.476177828619
2926.9167189266254,5755.698025541407
8034.989991154883,7646.742741385938
9492.441364764612,6382.400007287511
1291.276652151354,1811.9757619530164
6232.518818875281,3073.433392575283
353.4163891092512,938.2121316445335
5077.791118247278,2345.0042908539904
3506.1698865515677,8589.149069827385
8790.703351545422,913.5048658713507
7215.985627494748,924.6490975649002
2745.1680304061933,8228.414977764935
9287.650803292803,7848.16855765273
5344.02763023785,1397.6046398919684
1053.4577754902418,4822.219913849059
7550.922202355124,3031.621094710971
5927.505895915395,5072.980941072943
1037.9794247676166,3781.5781723273844
8577.962202991934,4413.588426457262
7470.803423121857,393.6824749555956
1102.9265969229218,2382.874010992715
7276.516758038692,7297.652419583215
9910.052736742115,1168.4140915001783
9020.364113162552,9183.041674763192
8400.16421134161,3488.2959409511673
8605.536618133061,7845.3360745438895
7787.797061258921,9830.140214292092
7432.879225661623,8732.816863713415
850.5021660370548,7268.88863883119
8555.043082476615,6239.921524997477
7956.967569951842,6377.696509516252
7478.547243587217,8931.909120417216
7271.077024129294,5822.9627835131505
6269.858871425081,6808.012474232643
7130.493718280948,1942.1938788543869
493.7336893304978,3625.5025670935224
1625.2578669191053,1673.2480223293533
4298.488843809043,7700.76446803009
5804.827386356289,9809.785198487783
5031.181955308244,4527.099449917381
3493.406314212446,9611.751438107483
2182.3394292746857,7321.980403912364
279.8840869747199,1116.2586450511392
9560.878969921221,3969.9191353899087
2431.627336272385,1882.518512634892
1827.1336518185344,5648.239728317051
8828.241387295448,5609.695741166905
1415.8976908415532,8735.841805938737
6605.923058876571,5042.33313716447
3544.403124063785,6304.979361509456
5900.351682282412,2852.556084839548
7652.146935851323,7041.981140557197
3985.0856933208233,9771.27818634761
1969.2387036473601,3972.7794484053156
617.0329599213786,126.96426059226384
2740.1425743940167,7297.802136721821
3921.731400029752,3435.2165803516245
1904.75804928131,5211.3955892798795
9849.342300733873,4693.029630832853
7325.17247997546,7464.197887322734
7374.834139097763,3295.7700865041675
230.7250812036876,3121.7599415803197
7097.4320282817525,6152.566837840916
3114.9516867356674,6016.8186899488755
2960.58337170632,9056.980832553174
5511.635298022782,646.9108422304248
282.3905114688197,7859.876422388833
1852.296132599861,1706.287639700579
3870.965873386457,9429.39981098065
9930.958821304297,2034.3158447139442
9770.184463083273,898.3862362827433
6028.159068344084,6997.675336676148
4408.475868136207,6790.099180379586
4925.7649678834805,602.846451313227
211.25663208193203,9257.677693307935
4573.252184802653,1533.448422242578
2324.3326001870414,4312.567772882041
3873.064598115792,5419.155112324111
7509.2104734615305,4994.346609870733
1634.4586849306331,6532.446927118343
4456.886100246456,4766.758626857376
1107.2564114530014,1570.4963370586734
3787.233641279094,2787.2806284780804
4636.081231627817,6964.15434683904
1648.0699569696244,2705.8457762207886
8895.954704633701,9467.481954836077
8038.694886678945,7698.491605734082
2530.2969361308183,8246.183165857652
821.929475378288,1285.701214146644
4151.439472054907,5785.404243888278
280.6393399354934,8622.007197464278
8916.931715957337,8357.419174915942
7194.112949173597,5026.002134213199
9474.574776320342,6689.207798872788
4825.520198202804,9467.363860024265
6870.113966133379,5197.6343330082045
9558.700290894536,3311.79252816825
8646.138962340332,3001.9111022834823
4394.675993855387,7674.5529503317875
7391.170717331656,2383.7473121114504
9971.860669905258,1278.899579245133
994.8562646277437,557.0454529030555
6290.936852277797,201.31753808937168
7735.4656490418365,8856.10172972613
5980.007893176129,391.51940102192805
5098.68507539278,4967.2954015844625
2027.4834097544215,9623.054449883892
6135.457156387014,3643.6075074527175
9618.216222513538,2224.138868609696
1085.595224698961,9014.697035803712
7509.464192040358,8562.883481942947
1378.3611702155197,1903.0037965092872
901.9332175151873,141.15211792705918
6779.956074802838,3074.915204504084
8426.060676494511,3476.1659211462047
2617.935417078251,6795.682957305037
2527.769131728408,309.16732018474005
8646.551186617718,854.1146163973345
1734.0242323295085,3556.2544512195236
9937.838375009043,1319.7317847706324
9830.113703928422,8725.384203120215
7007.6763829144875,7610.318260434325
2473.8879069983022,3300.598639901209
2614.1923755512876,6396.351234026234
626.1056569670698,6315.550324591346
9093.696977808295,9877.53492172468
9046.805900658745,9544.204125992524
5150.42179038971,3115.2799962378917
914.6525300414587,8129.976448174895
7956.968549118318,2347.9132368530795
6119.437078553004,2977.916664337562
1328.040393132155,4718.8729636598655
9669.04480079522,9723.100754833567
3625.0615935248807,4388.768148091859
9379.21375653224,6628.450682542511
4966.162859077505,7508.178280002014
1563.3070342114997,8992.275936656477
7983.115885413382,4774.264988724743
891.0445630357666,4192.397196645033
9016.975289144311,929.8534701909167
3120.784985361992,3195.7780710568286
2978.497531694242,6494.781644953552
6041.694699541103,3915.14811484702
485.8939942975715,4931.805244878731
7269.349598602832,6789.067593885771
3204.6803905001143,7964.775050154031
4760.355576977954,7288.829013314723
2767.6282289432984,3355.5960768250193
5634.351629478942,4688.7150139445475
995.2898901878992,3395.032904228857
9160.691289780152,9749.854210155832
8248.84659001984,1747.1664253816766
6817.929911320542,6615.568298542304
3812.658268259693,9916.212013153654
8503.613359595101,3870.40835523493
8119.287137785764,987.126735561984
9842.609383656156,9554.820804781357
7588.093794645267,8539.530637494714
7505.475678488937,8122.700201031334
5797.135738779353,4400.214943050497
6266.684457502927,366.45564472642224
9693.299156996874,2016.1884832542398
6643.494104228249,1021.293333905725
2537.0547075537775,4381.158211414607
8554.671243357641,5557.296831624629
1772.5818786735904,5320.714073376687
2818.4573100815082,7029.502396894135
3738.1133059816184,7482.362470022707
8144.336055099111,2581.85928412077
6074.4573199679235,5240.30033934025
4878.742416337483,7949.749136169244
14.418537331667425,4052.6263033190403
3857.3645267344327,9548.883772869269
5709.365882684013,9694.983089446387
2943.0324997785906,7664.090582536164
9482.577613993875,8908.17339185628
6957.182970790813,3763.9710882758827
8913.8486604724,9522.683517031073
2198.2892152984923,7818.478565905393
362.8070229617641,6198.253920205431
2318.0809598411256,7282.00953495364
9769.703031219204,8438.234592596491
5835.696314864019,6991.990628898583
3051.3601744035036,70.79381853847156
901.8673092638485,282.642405698651
2333.9458666746204,4917.665347267174
6052.47554879503,4773.692246547347
2221.437547734932,3200.0931807620004
5459.246255715524,7406.646631874226
4989.459030136948,6346.031109851006
3813.4610644580634,108.20047227419694
3015.547317692535,3259.32925607334
3484.5291251837375,1802.962193595845
9837.020397121567,2693.735938297426
5879.905436364785,6712.016187760201
9357.940154713566,608.8500876854285
3035.860358598803,6490.266236244416
7457.364003912888,2340.2030775754924
8756.24780566501,699.5499971950192
905.6185006602391,7745.712455667235
8315.394882286571,1085.076053731573
1628.3955790955017,7522.373982821088
2810.222638729156,1642.0858069354138
6944.650574968011,1111.9711493533603
6985.064227570234,9927.191566714486
3385.490222348644,355.22992680077635
8550.475713528856,5241.12214453433
6820.321954034888,8661.391759007276
9707.105517841308,2810.578717862796
2718.8581912626832,9027.269823877989
57.73437920513436,279.598516129026
4706.7783450637135,8601.516735502748
5277.539588518367,2118.221781586185
5032.854831029994,8585.58191045885
6212.627085257221,5976.471171167049
4458.722891125602,7465.767680462241
7264.078686068375,9084.89634731348
1195.5042304941753,4914.862490796925
6861.001332784004,9632.77514817706
4255.463393975358,8282.01575621705
555.1945791500157,6330.642711234627
2156.231998114786,960.5366093566503
5304.354613480556,1156.170446661212
1235.709772108624,1922.4509566377435
4707.0674448095115,3775.2179922664463
6629.105902357062,490.60419568625946
7093.771170917381,881.880632015305
8508.998351035936,5448.428246914683
7751.106816656182,7991.584780644206
706.5337796350457,5167.553896180604
7571.186751126095,7512.131633761318
1372.4537486944255,6101.166075858146
48.56316781418846,7195.542489604914
2799.528410628257,1073.9615387512458
3361.4623858595096,9982.654807343462
3875.307531951414,5504.651908083542
5189.3389003695975,5651.177448424255
9835.205945093232,6286.910033135392
9305.773677039104,5723.59561510379
2666.035061592835,9809.144635378598
7331.0204309543715,3314.1342431004605
8795.476868688673,9480.443466226425
9699.27281446426,4660.2989637774135
7602.252460869552,8732.816257748715
8186.588226084252,220.2336169523933
201.29926105026507,6617.9168788672605
2145.599486379154,5408.891350500237
2095.996765939171,9909.14612961513
6144.386993745047,2567.8388286173904
3838.3430477521943,4275.506646141537
8111.9241138795005,4153.078436655294
5809.414187174157,3959.0172792663093
1733.5779041301346,6822.235681463507
8570.4371071395,6736.429454002647
8214.11871109132,648.152964692903
993.0932260171433,1135.597277553685
4267.1277632035035,5269.8956685151925
1604.7192102774343,5716.247995551073
3568.6166251539653,4867.176216207296
7958.504512821602,9314.481789615204
2528.6325690056055,4055.2754021965966
5177.399043792242,9895.373801250382
3770.0477541281107,4697.959974233715
9424.643648008738,7251.370265636378
9546.079476497187,4254.837824840917
8798.254759905669,6121.156904651617
5453.305709272341,8935.340363729756
203.4518213208969,8460.297154920225
7800.0519863782865,2058.030486226767
7250.2712196289085,9196.407266134422
4128.717321253287,7380.244074402641
4089.355716807215,9569.471651427359
7247.759745136657,3964.6810096100394
325.53163436579104,5687.906134635985
3033.3302679605736,7522.824392926738
7914.352117516216,2503.256743211386
5191.366168951687,2480.489767887103
6366.314414438573,8589.300161879932
2459.0514132799212,8428.416563452245
2841.8667755794427,4123.810411392853
8351.839225742333,1663.871172585365
1794.6674042519794,7414.8152965108375
4291.213294476894,1407.0786323184936
8875.714712262417,5807.430962620847
6172.388029815495,1200.0142557064164
9147.06603887871,759.5307348831349
7056.3145760691405,6570.68361255853
1803.4107130317523,2518.622283432428
332.9249646131571,7322.713231694451
4588.915261782311,8947.877662728524
4737.163348736819,4417.303310748752
7128.279762714973,4457.389137114204
472.09857623706,4547.350136918708
2039.6338816892178,8336.437827762911
1184.1401110195582,7036.094769765044
965.0454397842734,7491.842649034414
6980.872683749505,7782.318297409701
5392.131203706674,1353.7879184207613
9703.752800162005,7555.433571332157
5774.444028805025,4557.9583257139875
817.1915556463283,1704.677891048233
9031.091177243443,720.1063059050883
6171.221578340446,232.2419096208428
8113.022069525494,3473.7130424118855
759.7208473620032,4926.508475242588
3665.2036813741283,7963.66158745745
6215.7208086293185,8824.685055287182
5621.503795027613,153.11560226548448
5426.4147921583235,4589.133949923752
7465.970041810305,4282.553079565588
6410.195185705984,9082.268428172707
9952.297497292031,607.1883617978324
2714.2982516164193,2273.2539354957294
4451.350022375573,360.9406112005931
8768.489587757407,8358.063263629712
5052.5092858545695,9074.742877209817
7299.113368974568,366.11445458873294
1203.741840467336,3559.34283847966
2834.8755888151677,1103.7663789085982
7801.326832960434,3681.816876392321
8839.860919065246,7462.649413987883
1407.1209153429543,4367.344426674778
1900.5674660208738,7595.295110940478
7968.017873184648,7966.921652947565
9287.615955653435,7913.808599953206
9108.373675713925,2830.8955163634732
2461.4695223330964,7129.208338772163
4938.677273092748,7222.686981234641
7769.455724413973,9650.457346728661
892.2547057969155,4364.272712835711
5636.062686068311,5712.830826902986
9186.958506858986,3486.218379867532
9772.914850004403,3931.469561784493
8487.449875244529,892.6005321153618
879.3116690232262,5658.565315899689
9634.443545532273,5221.239691043369
6698.426275297285,2962.5810847665302
1923.777746501414,4237.533756170443
6525.121283972072,5932.935765300354
7577.81281518451,3262.732003057108
9324.09883609188,4643.063709227119
3410.5766253015536,5993.36691694178
2313.294675415557,9275.918004487577
2668.681733967652,9495.170559827493
8857.835008555134,3106.2933459780097
8249.709878908227,9970.220266433931
6303.793441443319,9572.488945816121
6037.453682029279,4625.367575755058
9142.880730802877,2054.4301259066856
6521.930364526874,5678.891878603481
486.52562475708703,2806.627495559404
6933.842234073918,1075.9111267848853
5467.574110068579,1013.5184146185939
7914.130911278091,4224.470657411844
5125.188327764429,7380.551147702443
3300.1124657810133,7395.4859544727615
6923.066384394055,6867.278940818787
9443.598147220735,8955.805844905854
7786.320802477073,2626.7671997858024
29.004302263822,6440.843645384271
5141.516384114468,2919.195990122494
655.1413570155506,2621.1484373891626
4540.079997482933,9468.269749748815
2352.086749505974,3712.9771708462013
8943.608068967034,7479.499672697263
8505.497136129812,3175.677399738093
4778.731787658359,2841.3268856158
2390.321690511138,4931.492752675464
2340.178012788393,5245.755189181893
8844.636456524147,1917.7068836776157
633.8460895321307,4257.830889076846
8542.809159105276,6733.6494113483295
3316.7454022174625,5047.768711744461
3060.4462186048963,9648.61181514321
5310.5711829521915,3707.4164173490744
5513.630378471397,991.9183913607366
1455.6665044633598,1836.7235009982473
1002.3027336172996,8090.515502115484
9804.088867946804,6888.507918897551
1985.7790066761927,3309.752511052655
8808.00295786333,1738.3992173295048
6170.29119677562,4763.809447974516
3785.7721643065843,7769.31090993231
1352.579498569908,858.7536123302586
8585.151449230993,1701.0861154771017
7231.847670775658,2561.9346768503815
5766.25760368074,4909.890321797035
873.7825158211821,6044.437532090914
166.0391600569533,5253.8697271455885
9345.087832356561,7574.681448300708
4775.061849814296,5101.82162051215
4876.250296922478,8531.952101204117
7113.545355373668,5341.509295802173
5680.633613392557,7972.285670287489
7604.865512544318,4971.1066110655565
9523.581309036112,8308.760987156627
1288.0308119199813,8386.607934013871
695.04446754866,2938.824369746553
3838.9214610097233,7391.952356027591
2510.8068952131325,2757.3443126327866
5216.998738013744,70.73509412937828
9050.67137095314,2013.5555608677657
9431.875859793825,4179.877107895791
2566.5142263417183,4443.474276198705
4746.056511881256,2870.449229426403
2612.669354726004,5593.540887888303
7851.367347173788,313.0213120776149
61.58331933917349,6970.368538264717
723.4685804968832,7425.081424058696
3545.436111290259,9610.668321157584
8197.222428154988,2027.2893401063386
9336.577440060642,5442.412672632176
188.22749003677419,7.650850200562331
3992.5188778871634,6804.516281879559
1586.958471081673,8647.023367385296
1119.373988718536,3884.426703540479
6075.006602160058,6326.305981011712
7920.82929768262,162.2857850325976
2055.8738169145863,6110.218703288255
2463.719017475251,9277.255001044334
3555.5945418030124,5057.868205815449
157.79009780019447,1622.7616060606254
7248.683917556797,9800.63739018557
9474.414580830833,3546.443056211064
7130.963330169307,7132.713067454284
5323.873077977799,1174.4495830288492
6310.914571307781,4237.417291600617
1174.2946153856103,6320.514221168683
5832.13955733389,4102.569560826185
6094.493110535527,6764.573645138703
8203.791531770892,2428.0244199187773
1005.0394521736117,2560.8947631574365
2800.082611366772,8473.90588517007
3146.535764574936,2337.829841542017
5237.522053515851,9254.43102053994
2622.0016805938317,3607.45104272041
3439.730460933843,9639.37130537649
394.5833569357393,1989.2710257539736
8382.281607468083,3899.974935861553
5653.100443986447,1276.4131253560074
9871.413996220826,9500.795699816917
1446.7400473245561,1086.7761512362717
8915.913627633783,3486.4596351427967
4402.264230785521,86.96957275198037
7133.919875870172,7539.0692138240975
8518.675511414287,1943.194296255314
290.35555165349393,1435.6355081264383
1293.384127995334,4472.110197792703
2769.5969969427224,2924.4154113157215
6257.734174417282,9750.602770020927
9374.961023805683,7088.881099209691
6501.684559212052,4933.454733931848
7350.570007103987,8574.547280165127
1278.4099108163794,7943.64432626531
2722.609520790198,7574.405519666248
8051.909858524473,2644.62344614924
1612.169387830995,4123.3162644309905
1408.627738259587,7569.19451476039
8233.178147249104,6479.394184425522
9788.124124969025,4056.4415690865794
246.59571641234334,9049.607716516737
7123.946121781359,2606.971290637395
9613.337567835977,866.9636986764428
5786.8282729557,9110.978650770809
1206.7668998436998,399.9144279347322
507.5792748883157,3306.5661250225185
1624.8013351190925,1077.7486711976514
4509.860087939644,4727.996482806712
3408.3658614224687,6057.754578072454
7027.128724862665,2849.207875850703
406.74835431515845,295.3608042218947
9088.331062550418,5744.268357681464
4897.775155317746,6511.064940636818
3831.6222346891104,4394.175978852447
9984.833441157365,9747.96932699712
5864.526062333541,9872.412686561429
401.1719593261531,6393.8280289679915
5377.032669517223,5242.296523245908
3760.276316496244,527.0288125734002
6216.519432248719,8120.6657379044955
7726.612868352682,8678.822743885996
8826.923811033099,8101.312790763169
5708.691785867095,8317.308427016205
6097.599867365921,9177.636989388999
5587.566278984939,2675.1638907067745
664.2578333203409,8638.657226895179
3962.0298575960246,2691.3999809140687
5003.186518440504,8471.221137319524
3069.7732201968774,8130.407970874228
4514.189099219492,2887.928021302343
3209.052787924557,3637.2805264167664
8677.2877317854,9306.29161527823
1377.8642676312247,3468.3119560978093
2265.07284068328,1505.3593382956044
2204.6166500233467,1098.102439936849
5909.536721597788,8494.354655571206
7391.477842461176,8560.990383497523
2836.4620724603506,9451.709016330613
4497.370502700458,83.31318851254932
9121.984265778872,8115.389490682677
753.163309952658,6118.1819996808235
5478.827589328997,5913.671985456691
5115.534648331416,6500.684705897517
3033.3300561373158,4436.3707361163115
6547.69771412888,6522.208183483077
775.5662282631271,5871.029933249239
7415.399042679569,7052.713715108442
1347.0293340827245,4735.705132324114
7324.583257381551,6768.867036770745
9488.509670422278,73.97370593724916
9114.372401031198,8109.950327103521
5065.880673695219,8234.584927864878
2508.89891858179,5189.77383565312
2483.783780932476,320.59538082703676
7248.736580665394,5191.688020829549
5582.581380054659,3009.43405868168
6876.882171202582,4942.188497360542
4982.27443487915,1737.4324602611557
6725.706628316982,3527.495065771007
8625.358338916394,2279.8921128961115
7331.205959378258,879.1374048286605
3246.988757214869,5400.365987435694
3075.647640296287,7784.025792102903
8421.732633287778,9187.118303856918
7740.753407673456,4150.702226039015
7779.497341865151,11.93390559168006
1725.2836342270616,3691.8492790014047
2926.9913787934966,7194.3227638445305
6400.224407307796,8870.792163184773
8323.676263517416,9968.293954335604
9020.560209873034,1423.6816696240605
4110.340567152691,2445.7340081326684
9085.685143534236,4074.6250842104746
2263.2967654985846,5283.481061254469
5288.25977587114,5123.378639088763
9836.90050276538,6045.161595415285
5165.696732997155,6508.5931051982125
5570.789547026988,3518.50873360399
162.2389811586711,6841.788649765053
7453.9213289719655,8084.8089494544065
3738.614081982936,7684.1954307345195
3778.056807115625,6885.232245832655
1000.3960121774635,1459.683009249515
6972.142058368907,5701.482111777858
8194.776117649051,7312.832706626321
4596.044630955052,5838.094499161544
4567.292570035462,9610.86221147231
3882.9633087695615,323.829977512633
6009.859827271659,1068.9983449969143
4501.4232728334555,7348.416229450533
7487.815076831713,8327.133177952932
5358.960537879365,7164.954009898118
7822.662541804367,3116.4513254751623
616.0289504480343,7630.560849797847
7077.957316278249,1325.079308715318
9819.491650311986,1702.4506210511647
2671.53334454462,972.3526762850421
7066.372017525091,4303.665197152917
6973.598460912321,8027.757266639644
8674.02797101056,8772.638467598706
3734.278182133196,8568.804495843697
1778.0322810273274,6539.418666485516
7213.0798333636685,3670.065736043895
4105.641872114542,1881.4964827025726
1911.2034200102812,7018.70598964223
6718.7444180110515,5701.1145280422725
2231.483934995756,1994.3135428250414
804.6466735413893,7777.940837742051
8689.332333699116,2226.0927831766408
6685.173177339358,997.1873718572722
3326.9515372297374,4431.620376353986
3436.0938947627683,6094.50440234789
5982.261295334573,7968.577820622432
3330.157438314614,5138.3218481648
230.45452718837623,3069.6162062616095
4119.172764439642,7780.105771943346
8657.198050705529,3949.667891457137
6743.25879708571,9202.233224416794
1374.2787576066228,9393.043796650114
4662.632732160578,6893.519282163325
9758.04339035076,9081.183926019636
7418.0077992606675,7415.063989641084
3461.6062933276535,4600.674379413003
4404.363030941635,265.6572839616766
7742.09572403215,1658.4799009358153
4685.8243487207865,1381.1963739542666
7836.899920362352,8574.649505033358
7259.303251483679,7233.937364936258
2852.6415313186503,7542.742214800031
9271.708239499674,2228.5531550974347
2797.596178587085,5633.574954385299
7676.3172173478015,3151.7560634915676
7530.293239583606,7073.903208325405
8038.268520345723,1365.6667221941343
3556.488777659017,6380.917755049694
6128.757362145395,7036.740764076921
46.6157901132358,4087.8258837632707
4034.867731626579,9110.144122078644
3288.811316182427,2148.1127520714003
4783.75726453117,6897.725970979298
3046.683786830585,4622.275741657438
2991.856439533923,592.9129410443812
6059.818547895074,2624.178865120569
1004.9025103112863,2944.2701191661167
4008.1454457574027,9633.813687109274
4434.833062057612,1232.599951086374
521.0119500161336,3845.264994294736
7214.7282731247005,586.0238491012237
9312.222806732301,1491.943017829217
5053.242513331256,6891.834140342473
105.81860649181208,9870.942909160514
3007.5202722514205,946.310757971166
7662.499805116599,7473.458268839234
8936.700138272203,3018.623046823231
4856.195548953405,1631.100426053772
2449.9009440743935,8709.082719562692
2360.4192106765363,8588.114976561352
1325.677192500827,6332.943833983188
8275.020922623196,1809.3966191002676
7709.351973443919,8401.456846472483
420.6946891466734,8646.883474388196
7187.705204224902,1585.1850492743213
8782.56748990478,8109.2423973546665
9984.37896758475,1771.884988366953
365.4395642971009,7947.61648623891
486.08695603303056,8864.0011613202
9033.060656315492,4994.922901035768
651.9337044505979,3491.8492874858407
1144.7606033217528,1934.4069593464762
6568.520542541848,657.1631236141628
9480.193001916432,2900.6738288624556
7273.967919427892,5511.055404684638
7251.275441432265,9044.21011259254
8206.145448238389,4077.201387132
6718.992183518469,7186.4659148809205
1852.8586883403698,2760.441887623891
9733.711703950657,9785.569251253317
4846.004222982002,6769.885536472775
4686.153543159049,3926.513807574654
9667.10878899123,6130.301855099509
8668.079236552607,6883.999691424331
1892.3156291620735,7810.683457272649
5477.280454924824,9638.370737397829
3280.7213528496527,9172.90037204164
8151.28320716714,3987.952024100989
8731.441416183785,4448.022677927282
8181.337813821466,6110.4989119674165
42.86370839914122,229.4100745705241
1534.2123838283085,4868.732458864076
792.2436128033384,8744.673133072509
5493.8632321145,4387.5346433811565
9475.078129632473,9739.782878901186
2660.1350866865937,5536.157508631973
5078.475720971884,9957.46750058435
3465.855553930525,1696.4288398333504
4347.649696856949,6184.040720874832
3505.701112680044,3776.0721858063316
5082.093558826303,7815.3446791049
7154.335348699065,4819.0810548272375
2548.158149866814,8181.099394675509
5184.933378307716,3901.4987510965093
5572.735734421402,9129.989455045918
8221.008832518164,6597.292198846034
9093.38224292756,3024.294601025429
6547.374613150429,2122.9918632164436
2001.9065677308956,6154.008479539731
3292.483525865676,3411.1965061429482
2326.6324278612506,9984.240517439683
8003.599996168509,4601.942439812583
4335.673560657006,2747.179348807285
1810.6725306146864,5964.2479109077585
1989.8306134451893,7869.963194352793
2555.688777182409,5626.873771188019
31.275778377147788,3297.51970783704
2437.9826493706037,3932.403689151642
7973.874727297906,9697.882557744957
3868.9315155856207,4839.730461286898
2473.5592031923593,7806.342493602228
6278.848712528403,1776.2873235864085
4114.701911264188,97.32948720496015
1600.2979450194532,2322.0452670481964
2505.9982289656955,3047.9762493820926
4034.8969381952284,9261.010632855892
3360.311509156961,6861.41361426904
4521.532608324808,259.11674484428994
2207.4758024974803,3511.8333023945324
6067.847898293538,5677.043665310515
5891.898490191724,2167.0548051156393
5041.955521703812,268.49979525103595
7050.7055421779905,2591.5365520506907
2426.825240073165,9704.008579327898
7026.477971873763,8412.892590118949
4868.437300512622,3398.3500726281045
2054.9774026107402,3114.1010723965014
4767.194751109265,1135.832741954873
1070.3334407673703,834.4801262976953
5473.746212636862,2618.660660723735
1817.6118069159209,9433.531591908328
9807.412063902497,2790.6332876797733
5564.248999912957,7383.401557845509
4739.283236527079,6240.564270406074
2318.3667486708036,8762.12006208844
1439.2502262034957,4948.4507802136095
3428.4504226851973,5893.330865539351
263.0981556997358,3278.559918936783
2476.7029900640346,5763.340222946752
5875.140203043462,259.4662612113785
5095.452774078468,2058.40704851322
4873.008322984165,5127.462394277238
2129.3698967377672,4794.502577751026
128.39185994917847,9463.135768349683
4727.741338470686,9099.522971374334
6498.643083967419,735.5833791602362
3125.547389458073,5341.480274864591
4679.5447134724855,5414.728644777815
2160.700570038615,7425.678316026385
9350.112575570101,7115.274173872732
6838.1586853290455,3158.473913355664
5640.535611395824,7917.690316818243
5581.880461327449,1356.0355878316832
6810.617843012701,9440.220339410478
2175.613726004021,7173.593924438676
5717.22004382187,3855.8814312029854
3493.2029896034865,645.7739535919005
4614.784662656219,3463.1242758000567
4254.340561968804,4794.852460850724
4002.211515648203,3601.5287604326363
7588.532336602253,3120.350663436674
1040.6668283754516,7984.989660492
7817.022098036376,1365.233991148438
3057.963837312081,6254.496656229245
4988.469851936515,9567.483466748221
5300.952429600803,9907.57734912835
846.3890480424618,3298.02636700809
6653.144107904198,2268.030279558787
7197.6100479210145,3168.5653754496943
5524.441953234529,1864.4544908837556
2958.762971008939,3346.9640790983244
3699.586649667752,7873.492986788389
6206.949020502949,7126.576178232357
1873.3084048873427,1457.3587351085803
317.94885482856694,9281.577752962816
6877.272488728505,1082.7432607990495
8886.588324238335,2123.8844731583627
969.6064164639284,5585.549817621382
6677.315570069179,8648.03592752044
3377.9675478981085,3935.5161069683
505.05070153340716,5696.565207943643
5866.6775574138965,1399.4513354959547
7541.7217281907615,3585.301813940236
4263.801153837362,1669.2740843402055
5929.494593290015,8786.749406692832
5226.447880171332,2941.6862463732173
8043.781198385008,6699.501313501695
1392.3300625614243,2322.2999377675856
8990.138812945992,7342.509441558137
8071.291705957624,2590.6413401247587
5546.928842203137,9353.832664916497
3513.0767636446412,6809.901209611649
3683.6328053813595,5234.9331402495245
4065.2780368076747,1612.2943799091772
6300.487010462492,4166.335518189018
8344.523282408103,193.7499710813717
9460.665318625277,8501.061190023205
5980.88032994887,6618.319018811345
7986.0159607294345,2878.7860985297207
1816.1330651778385,1036.2075695106032
5721.093062592975,5289.9283401913635
8560.976815714379,1623.9686998433722
5868.43431154568,874.1570151136202
7822.662661335697,8008.445385197084
2651.585803424724,5795.528064587388
7578.882416984739,686.9527057349645
2537.361393370381,175.2333419480645
9197.233726118135,9488.18025004257
460.7368563712422,8205.796032900522
6509.482742928645,5363.4209899847665
1111.1254356374388,202.7241390138923
8990.823932908777,3544.2528092731363
7898.923266567574,7701.764741227886
329.243853000466,8076.707644205071
5952.299743539328,99.27758185281799
9946.524383543241,2660.782091143408
2763.5401519982174,794.6928870356795
9982.139926114176,3339.9991064936453
8920.334063740142,3731.7803549203045
5396.226281016809,1275.3658065219543
3631.1041474348503,8563.809938181455
6329.198132728278,3756.4040458862714
7188.177446531384,8235.004239842756
2506.4784202349933,1335.8095883907506
1974.4449909996997,3440.0798044935386
6256.997499009648,7842.541596476807
4086.5392680084833,7484.8667712770075
9941.625636272236,2347.0220568585696
8334.355656544656,6399.80300134947
7137.683950263833,2120.992320887759
5627.355583205493,7146.676220183686
3331.500482803821,4095.191107572317
8320.414102453931,9553.25057383338
4361.484131301098,1550.3027298139682
3511.807176055146,3661.6567397451063
8602.561345987722,2638.614758432697
6227.897915351244,8833.462271821367
6934.468418596473,3026.281356992867
1634.6408150057168,6101.861260852538
7861.615865896342,5136.485995225414
5295.874241180913,2622.993679506551
4620.313099837552,7523.280645132672
5659.251680433523,6503.2110836040065
4697.33491245953,7488.170865741148
6861.978589998638,2871.2136189973194
2651.8144912049947,9044.29907822966
5553.898557737968,4307.896654543817
8519.466804605314,5191.119277040923
7305.323786605222,4199.193815767545
754.5596169520386,2335.929526438244
6462.44928515315,5816.659020800369
8337.534035179555,6943.695142410517
6234.348430925972,5525.999351400312
4935.738155028301,7263.888462758803
7110.98068653088,4441.909688836681
1350.8361233523215,9823.857773725338
1975.6939216709557,2629.5431360490484
1975.4210202286492,4439.036050046618
1758.8613603565161,6585.292555940413
4171.185077580339,4112.703733545408
153.91066296189692,6102.343611611468
4159.734915256617,4743.383972834136
7675.037552543053,5990.28350079336
8512.025564000256,8710.5053818112
201.18908018742943,6795.116138631858
4488.988071925234,2710.8252796038855
4880.488145734995,1293.874965248576
9545.889501099366,1316.7145662141954
9775.652792746328,8962.147836064958
5582.725170055137,6576.282887722909
7911.691639737972,4512.258938321444
9582.722824145549,1241.3468427861208
968.4751268574787,2910.2843106572486
3036.6627406649136,9434.766920761474
8682.004074542148,3375.7890900648367
1778.4134246732308,4065.5465429612213
8279.562232383418,7985.290228974813
8555.997799941684,6587.546750675858
1124.7468096169066,2065.903484468123
5258.639669621524,6122.649429917417
9277.097565662356,953.6806124656849
2910.095877436142,3961.445368629214
6669.503702726848,231.33532790266753
280.0693070708094,4943.941965376065
1599.7100532673226,2045.9990484956236
4315.42610514104,6581.849747058228
8769.110952669667,3322.2255514761055
3126.440981464433,2194.7479842565685
9186.306467413928,7202.885047823608
1865.9939487683596,2931.078536715126
7934.763491263838,6219.2344770273585
7611.420966565662,8364.613741114274
2728.4063237794344,5283.594874395775
527.0252530069008,8878.986148788286
9211.507631845154,6636.340077002377
7917.066113193141,4191.059296439205
6869.617316123053,7209.106884590672
1374.2876844753948,1373.6971773754713
3489.7185500279593,9061.589947789835
3368.745944097291,4909.235437279857
4259.879783078274,2256.0962001662456
6177.2969113068575,3932.5585598863113
3024.648361140604,1444.436904887859
9576.793639706573,7542.860572544614
7869.693995369277,8462.218310926515
3887.0357714752545,4706.759025148095
9322.876710970802,3932.359135802731
4413.384137056152,4954.9643044902605
5058.097497010851,2575.4764513363757
8015.549493785164,9539.5595554364
6552.471237419686,6792.86145141528
6086.443705759811,743.103477283662
3391.05616464656,6436.950131821863
1037.257880357989,5790.225188206096
4710.552473863474,5835.638778347375
7542.93261974838,2734.833034319729
225.9590702876424,6433.838485081491
1724.1721256127885,3401.7309953178633
1787.1966596515122,9421.92768056268
7961.915234554996,8205.649449817438
4872.681948916795,8163.2704503167115
4153.069941629017,6633.859813034425
3401.9737925823856,6304.6135158603265
3623.822182442764,1002.3294879782329
9845.362969155718,3310.9716027984136
5078.481311005608,8828.486977669267
8397.146242823708,270.28936548874725
2866.1775251043796,2607.133852354029
4071.641955198646,6857.010454232838
6608.921867241239,8613.55649302161
1223.2198398512296,149.0209122024444
4367.14825677397,2254.1329308962763
1494.6337843569922,4855.800293903132
4451.056196943918,5979.4975225272465
206.79085409049392,999.9002976054816
3211.0474499240713,8445.467264183619
1058.5797618311167,3509.54120093549
9165.899266266904,1950.0269263377868
9305.030518783107,8299.286399342625
8171.931305147844,4069.158204398723
7540.37825614808,443.66191493711904
2813.646196686871,1740.496393869998
1173.0608525893572,7885.936870942334
8691.998061130029,7689.3876873990275
226.80449208439813,591.8351586437509
9164.449388846822,6437.555411584482
6129.87382590802,6251.602510411073
403.57975140846827,4577.170181474137
3459.2673216469993,1886.4484211310496
2195.0975473503718,3658.037447048573
1085.6199501268127,8017.284056106463
5585.606305702035,9242.074491435178
3218.153005637457,8737.580049678889
145.72978340237742,8338.151906436318
7673.002052241753,7446.281827756184
1365.1800503184918,6398.33848129238
1975.4772816485588,1587.8424374850297
5212.33089496358,7009.926521889549
1445.5979848329137,6129.66460184385
7735.424926820825,2801.1623418356744
8164.955138910509,1155.7091714605506
2875.845378453794,3916.3085300309162
9681.302802818023,5778.084121991902
6949.619427984927,2863.3007087185015
672.4651331804777,1188.5166895660016
482.0174109808062,4409.112516823489
1816.4145450963542,9801.053686296586
5117.310247111463,4177.053543796132
3785.8823595059253,237.54621044033587
5439.753899454041,3829.614912718544
8101.472673029359,2793.459786078395
1715.3761560573255,4046.1062480759724
3794.0473838777266,7477.001782328419
2414.7229353548837,1063.3441290088986
2614.4408635840555,1997.1448991731177
5602.418989995876,7284.196931978796
7462.213919152496,8752.653430529732
4668.815896842479,1447.446828660387
4092.3401718791265,7554.291101587567
9083.350768517384,5559.013335658319
1298.0939131928203,801.1440876879983
8239.523504824085,5881.296347818265
7884.954042284975,1476.8736206120702
9373.188624693099,3198.098575665286
7966.409468371277,4581.144168479066
9854.671149252605,4482.036344015166
3706.6284794707203,8950.412520645212
6738.635200377531,3629.5326954222087
4721.371307571482,3955.6942063627844
3107.926837676468,8791.917070513506
7029.670602754007,3759.2573241230143
4298.315037998418,5876.017449493404
6259.868883771016,7118.134536906725
7495.674143812047,4249.076596671045
5721.678176212182,7276.447150411417
3619.76943717639,2925.1326547608223
8451.825577268832,7309.745320014055
3519.053408776064,7928.1354317690175
7732.5752023811,1223.4858850733376
2385.1335487146475,2351.3678215445057
1516.2385891526653,2943.491722074597
3227.270334540767,4825.281521953718
2305.4079464577935,8850.921382790933
9718.543410463082,8709.871493699531
175.15155641100287,8217.74788789953
8310.087007596694,5754.485367850316
2757.569246008944,9790.35158468955
4285.067923712185,7689.570172081405
4679.357036822891,2781.4088420028415
9490.428240005725,5384.800775439758
6763.620501234476,9351.220663312735
9375.482863210435,7749.291538933364
3076.4667858383664,5075.3792815535535
6809.9237198549,3214.800346674972
7008.396592901968,2041.7046189147093
1063.2957587649105,296.06683614548547
4996.74971184959,8352.965351118235
1660.6244079261046,9309.454322616099
1398.8073285036762,2659.1821102363733
1233.9673101738947,2038.0147078169787
4151.123201203827,2323.988270421843
6840.084433188319,2523.2664383288416
6250.388217506583,9824.455206377228
2928.6252311551975,3798.8900400945645
4031.4943086004496,6459.158442460484
8415.630128037361,2824.061566063089
4650.737701808475,5974.23554033451
3308.353941459744,5616.592162281063
3867.170513591133,3877.0428853158232
2108.346542403381,3407.7019947250596
2829.080840873326,3454.0097544376704
4914.9534614367185,8832.801705802009
4219.497506570591,3193.597347570146
1945.9137891740797,3697.8132489364757
2437.706422834135,4278.627902548011
3179.4986479724284,7305.928064781362
2246.428625559933,554.8317997222696
7835.468807372727,8538.620016174744
8722.655738704616,713.5235659151107
5952.482829932978,9376.099013240859
1302.7736063600425,5428.740437657039
385.2352861048469,7658.1502362983365
937.6597623205896,516.0728961363892
8014.084357231265,5378.356287733559
6990.995991595325,7559.441349422123
8366.187700523302,9767.821669356164
428.04545694995477,4769.807176856641
4873.60386948979,7168.16554303714
2737.727351512763,3257.435134313261
2369.346580632483,5794.595179708891
8830.534736142938,6948.709163483639
9299.077132904984,3408.23027791433
7805.8316133051985,3623.9777920638803
7424.880184711349,112.89351767015954
9043.32806550918,5639.406997068121
3314.8355866436796,3004.872122022576
1135.0575573451283,4856.163150241917
4583.519016998072,6057.913860924581
9308.28522431299,2432.70633600041
7735.492345499333,3258.804920097207
4503.519571381481,9863.589911030193
2316.3527672697946,4385.285349369681
9246.335369505025,9503.49241488978
1307.0614637434142,4347.971013335531
1445.395860605886,7176.391796885029
8897.23404982198,6479.443810206984
7177.52783697882,8122.813299128696
3838.4467697647906,6736.402669771657
255.5467777363296,9821.371612544928
1347.2164908945283,8126.743151911544
4552.790885974588,4330.031838159875
7486.878255722611,5700.537682174987
9802.482875420857,7069.1956244233115
6487.570522456161,1932.1840395825673
7050.694171442249,2839.5908584408157
7641.713012731412,5033.253265479524
6277.824705182844,7612.233894003188
7143.518437180316,3934.4447188961162
1428.1937959261281,4597.629217044227
4248.2287626983825,5231.455288056675
4412.729226075484,6497.149050876416
2695.8571026652658,6564.8116692553
236.39705884339278,936.5181721585492
1738.6640574118373,4043.729668926661
8225.677886293362,1542.3244363072197
5967.6361923491695,8488.397446201805
771.4232537731202,1717.696200372768
5310.398630825778,5979.277001246439
9275.276604078457,4303.557648394331
465.326837340434,4008.495325086934
3153.5634986065074,814.5718785492551
8469.584767684633,2638.7752640781514
1949.3822361225043,8483.618442259778
6708.046332786609,8764.95431773271
6157.481731629473,6476.546664378925
7561.817651871702,8918.92617125546
5908.952435220593,9771.925240202581
1518.5752339773485,1466.6520522050864
8364.543605804582,4845.44933971505
7545.763904773346,306.35274924251553
9277.384391165446,3119.8672860996503
5672.654204383203,373.2149132856133
6871.125116263812,586.8706848179351
89.70029919924238,554.5903847518774
5883.476917293509,1434.0777821340312
2294.2806918655224,7334.343293503993
3474.6962520131997,7999.054165984438
5071.048775853115,7524.917249830671
6283.6482558264015,8770.64751302466
8018.3080286163995,5778.077823299053
1638.185823437337,2658.648363576692
6529.243459887578,7880.124608091046
9278.64782725474,8929.622015745232
3456.0275906343263,4252.252206984524
4523.624672619526,9886.26503994408
9930.903992988096,6018.608175041952
4593.384231831148,4606.119863221442
6706.6756171603665,4314.124707111288
7038.384970849284,7274.61759461405
9069.425272541972,9687.379734873934
9614.904633929002,4414.864795768171
2037.3421333491892,5095.565094931103
4464.754115372562,9481.498070195516
6395.877324548625,2711.3660126476802
2120.941495081439,9090.363917493603
1793.4469332625802,2261.129645169606
8959.338667535652,2068.1871230128845
4129.679795900424,3294.1377088430336
3376.3361120852387,3289.6927610973216
7678.125556356436,9819.03205172659
8649.650731921129,2629.0132800584674
3548.0136934718353,1711.9879310200859
8433.75004071125,5769.49364360823
9398.276578909754,5831.313621975095
8010.321672984497,8189.753425573894
5145.19259384907,1146.516722547133
8582.288196545649,852.9943729164236
2971.9122524200734,5838.712532408422
8095.491394507996,8193.701682804012
7143.686487337958,8792.655656766949
4878.538019210271,7920.1351786885425
2670.9488595674634,3296.5537974170657
1083.57945291633,1145.8263679919323
1611.1656100368743,561.7677694731171
6399.978683461514,6636.195143576169
2803.666041705408,2922.3155230052434
4091.2591207939863,6612.2950532380655
9736.08285335577,6254.950990561439
6036.46693126349,4316.047325213165
3752.048399272102,9293.91400232116
7091.925252606728,971.891920923078
5498.6060963975015,1539.2601261959949
6932.17517301136,1391.7775703639024
7079.902424185493,8052.903331363838
9161.98953955208,5568.117540950532
6593.350304521476,1113.5312590671087
4754.169953306947,2538.554165969612
8078.7404637226155,2015.947043716537
1952.7859598253606,3693.547444246813
186.61200896797237,3862.3700240580815
1450.7476510254924,3807.140978739917
3839.537682507219,3297.3348094226094
9140.238868432763,6035.5813256955635
2688.325092729812,3624.652957735376
6239.620666822721,6541.611834813259
7911.881126617413,7126.814141864248
2439.011574968829,155.24780606125387
4207.244421812264,5006.827801155974
6006.264857443398,9403.433959725402
8238.907436773503,4452.120941254541
1432.9277707404842,7792.927011496361
4473.256725898504,2911.61436642605
8681.894027768732,8240.39026677988
645.505519549634,9681.678487705718
3138.2394374374567,1284.616395079261
9819.690645672894,5891.953096792121
9126.063394209774,7601.448690712295
8284.57901000401,2392.012761481117
6165.960329694751,9238.254150776582
9550.996604948545,883.8329840664494
4186.125286750678,6490.088927281429
7046.122308410574,644.5459894639516
2036.7670136462145,2385.6966518663357
2634.491605342911,2559.91368107075
8492.38946104465,2026.841982538007
7845.191648693111,6166.933529111813
9239.21770929488,2541.296963342272
1608.5965217007692,6845.912973632682
1837.9003955295004,3763.6547712028323
560.4477477795833,9236.369018353082
8990.115160773265,2717.4159130655116
152.82216425163364,6001.8341407340795
1145.068098592008,5763.860340501367
5662.433847397822,7846.914953395469
820.6416789919768,1874.8461737539656
2472.9491643866995,5451.317584404776
9407.796706462372,6524.120674245073
5864.701053091866,8290.794366806302
1337.84235672883,7830.308564844577
2964.7988664326485,5247.092675235654
8441.661423158996,450.77648909588544
3977.745643896874,7155.5145982749455
399.5810455647997,8763.48011020238
5471.968775956322,992.8910500946131
9616.462938056742,4091.381821045635
7435.8016378599705,8552.003958899824
261.046710123376,8327.707290863575
4021.869428279614,9648.2536746492
6180.267293909341,4645.7516812439135
8761.257013213932,5655.603553357836
6793.326463299194,1233.340329814817
1045.0536773889496,6429.674594795292
23.250879938251366,6492.425540524184
1791.3934702261824,523.1464381643868
6920.025730172101,2796.7299288703753
1790.8345158827553,6317.814272182498
3408.8885837498906,8731.042423838788
3844.450112101072,7086.789480243676
955.1340849046919,4057.865674412253
4069.051432494534,2574.651554979096
1048.8313152844808,9837.754101097744
544.6730183084303,8468.828983713782
2570.704334802797,496.29430385150886
695.2390010878129,9361.62213501528
1978.6787094478398,318.26531521149
304.66693458983116,6286.546431117854
7025.246131769305,9932.026039600116
1623.4825237382577,3064.2025977681465
5271.723171583,2509.277537887489
357.4940816465666,4520.675651871114
2261.6245872312393,5351.37651179193
7701.9793966531615,3205.995226596968
8100.5953975065595,3839.3908013843748
4562.513023685128,3962.075029653932
4737.819716318488,5364.956180538136
6264.043442127042,4803.982309173416
8355.85708443584,4693.470081507797
8479.991778903137,8588.239948500446
8612.915557539227,3046.9524793232263
9014.245065580342,4492.365980980234
6091.985018515068,6390.113719345934
6213.016666941612,6527.030630951856
1880.91306113217,3284.7187423782707
3452.125952299203,3321.7632166802036
2582.5928510151007,1260.0431901330978
6598.552033322214,7846.603633893621
947.1493664534047,6992.25113667337
5180.5957862561045,3283.1404763750984
4193.564429652732,8159.785445388991
7401.153193683563,4295.525609397243
2435.0301122500828,5277.316326017145
5159.134325369484,7057.960816369369
4986.483321674613,8123.149360514497
4007.255314518379,2758.237124024995
7714.489740849165,2726.8795676766854
5975.071706041293,8313.107865289667
877.1407509345619,4148.564642890908
5275.966483140583,6226.300794647278
4053.5142134984394,5542.794491539165
7734.218572793917,3027.1061476086993
6967.874308676844,7431.580891184649
4870.95207614396,5788.787343422125
3021.6347547514633,2722.065532382699
9164.698526339245,1755.9927432086142
4757.360095000139,2172.7567412868166
8910.630126628641,1158.6276169109822
5272.2412491934,5337.708758898269
5056.906239151173,6097.057344504069
478.06098245049,5986.549839296969
6820.947382767983,3450.398989003396
6486.310353363176,1863.4548932825955
2725.0150981030997,7336.677180381219
2678.6183473949686,7394.05856705424
6448.2110559955445,5041.830384588862
7073.839755924651,5495.38210957087
1996.290925350722,613.447877990383
8477.486152287946,6567.402826799464
5488.369596132517,3388.3718628086144
4719.9666729085575,9429.045568091473
4020.158574777444,8079.438054329879
2484.163985246458,8175.041547231152
9910.538533741514,3475.3851105732715
5220.895977090292,3568.6659060922843
9388.57691613094,9532.414411791991
1594.1789205046864,1535.8530715577324
6580.8874640199365,4879.241759356944
5774.235474762624,7288.799770259392
901.3206134625817,2331.448404961316
7465.50171902004,2010.7252964293498
3031.626772972007,9655.76785022479
4343.917157613265,6655.234004787208
4976.499139629083,9272.652990771667
8037.6214711156645,8723.570709731515
1830.8973478351077,4087.3470720046967
774.0217673533001,9394.041074609762
6142.99684889579,7193.248640526045
4941.795834842123,8866.69962910849
169.73887126269682,6345.098618739941
8644.447130560733,3058.0782643970915
1349.4971724528336,8650.436607530648
8762.315526023267,7595.174793445281
7979.163283589699,1486.9960405275385
3041.1912749817693,3318.2428857823156
4050.8714110891565,4072.478190713422
3170.4821813330673,888.6958565915137
3495.952914296084,4588.060251849691
858.5492927704108,4189.554147717136
9552.28561100509,8452.087708209081
1530.7302122776523,1994.8463857770337
3055.3159229620173,1770.1358641863808
5852.412574893245,4094.17334078065
4591.419175631653,7177.401870025272
2123.0501218378595,6369.011488156429
9712.624625158476,7768.7101616916325
3054.2678646169475,2497.4802304643863
8405.62793516675,8033.07579531859
9396.987457193913,5532.125431639702
7058.950639840923,9324.736297713054
6716.934816044152,3383.1232912694363
549.2757755689914,8032.867756256013
9801.826159860437,4413.284462881192
7164.846514930658,3530.0440480990324
9151.476463888159,3431.795385141928
8806.344482064746,4001.020164350214
1703.37275373041,3314.0240209542317
2438.7217608075807,7059.765089032083
2800.806040951238,524.7010596696333
7731.496558767676,2836.148455543156
311.3980206779188,7068.836219567684
2787.1120855975028,6578.415316403945
2186.657858927189,8786.732260691932
8881.003938256095,2225.203960025698
937.3243653809793,9837.104590343346
5862.745526093831,6245.756634008768
7455.732759636614,1748.6877133637036
4364.200534696188,9434.006860845071
6959.032930017896,9457.438898144715
7007.69884994651,9493.987471357324
9471.932307164674,9093.483359867198
4215.837350883238,8060.196278096422
3905.0664725205274,3636.677150478569
8972.246200468486,7342.360715189353
3108.1414259135986,5234.801670268426
1547.1484166653693,5244.109729898642
6198.869365860746,211.71528534192575
1434.7996349178493,5467.768827966825
5695.256571730305,8423.982817422808
1149.5910853349433,9.866089074034301
3910.7298219302957,6173.265027023619
8914.006200053063,4524.332789325614
9065.246984453364,5840.025758922062
7382.056800106684,5383.334851833052
5435.9606857632325,7024.198685209711
6418.1969936576725,3127.1251159755775
4844.1523367529035,5199.850103839965
1460.2459994991102,8941.776282643326
6628.044525689039,8012.136744706313
9872.051147620292,5707.775613217966
499.43827956335565,2954.3619631029405
288.5307457321884,2699.423554131315
5839.62053476215,999.2127062664202
1789.3270378122072,1489.6090911520243
4297.5893788201065,6678.535906863891
8622.557699721165,4100.761869148814
5815.184327843825,4155.537348018901
2112.1187733580437,5131.059336899916
8161.093301301839,4729.997310622046
2087.335866232619,4803.800481247766
5770.045945613373,5535.906191099172
8921.552504633848,4596.705980798899
6846.53309378248,5935.450254941846
6338.958385200337,7499.854648797603
4845.689670446955,1199.2270494775958
5282.546659852039,6075.525585399288
8774.455229052788,9674.781149938832
2180.744704766133,7141.494298448653
9387.491181132795,8995.30033581569
1738.368847447337,3862.7672251194067
9136.08251240114,4267.97720021264
9563.591561721694,6209.962272226049
3371.3811760316435,4761.095701671555
4246.550065311817,6372.391719685356
8760.765076725418,52.07517057406852
1318.4180294549185,1409.6597946520328
7480.163847881311,4985.999461779156
5973.3311646518405,6638.318208874031
4187.2160682298845,5915.915069169388
1976.4059983832317,7982.841843417068
2120.450601121403,3511.716848921125
9089.866723032965,2374.5436030736123
7067.756921497851,3927.868997015407
7689.851121098052,8029.044470391666
2775.925369323176,4838.831021052987
695.5650388773126,2718.1663987058114
1106.9795522128957,9053.310835880151
591.1929678073413,4484.232781237971
2990.4225565522224,630.8108569429893
8136.869457168543,4836.757796530184
8487.034369953648,2566.0593534148293
5856.499247997731,5157.308623381617
3341.280260308578,3334.075407869275
9926.293200533022,4223.517108166833
3871.470262888951,289.19493062795175
936.4775309711171,6498.737003040745
1483.6615004377018,7733.444301877861
2506.3814541145002,1309.9828407133484
627.6082538518135,7791.989388218384
5667.178539267678,2702.6673585665917
4029.1764266647224,1039.5378120967137
1810.4695086636734,3708.0156311712453
3445.527879351753,2311.8520578881285
3225.08438272898,5543.686376323699
2875.8666709665736,9025.768406330142
488.3646377707984,4693.787466377987
2089.0217544365087,8025.4623182702935
4243.899802250279,2019.658080519664
2547.2478162489565,2325.796418744547
8473.530251454933,9296.82048376726
739.0969596248076,819.8171521995779
9016.743792079686,108.88341032437188
9316.65132693772,4246.073208471998
8021.965465007219,6605.271196338775
8815.431331287338,1128.0864543617297
1587.9704069332356,3445.7813542097847
9434.837004340747,5364.64168460975
7185.760337955904,894.806737258953
8554.702814976186,2752.7443472640043
9560.900361773049,6607.729722760143
8741.459579906235,3100.25404110129
6703.679795867676,9293.458296629724
3901.3085884776133,5762.337298193111
1186.0052312238756,4494.547710085211
5513.184130839845,2895.964300125471
7287.836502199342,1173.8398448186715
7478.114309237989,4928.7525097147845
7622.794950419555,8504.908283579563
6008.358756178263,8547.966488884533
9588.062115094874,5747.162439127189
2952.8669416635944,5562.345277208908
3081.1532407490795,2994.5351019767772
5711.869803751918,8157.317754336459
9708.189595975236,2717.594126456062
7190.155133233571,9580.223775662982
2229.0590822698596,2315.1953258614767
974.0303714673415,5237.975874102053
4781.779127529354,579.7362309391807
2944.741798851451,6884.65337991726
5591.633772526925,7721.486814749703
4268.482695422933,9671.161470405857
8235.254958423577,6903.58213788013
6350.5498101914845,3161.038324369464
3117.9405978764753,9980.093508821936
5253.8231589260695,4603.117186222378
3236.0564031654126,6271.379537516763
1076.30526220568,6351.202678750923
3027.841239289769,380.14338450555573
2661.5700825160784,5618.289007970015
1701.617181339946,9382.250843801376
5259.565642499,5533.896664107356
8338.13323760727,938.8635469788464
8210.484750847483,3340.427536832603
8872.263444981212,1369.3201093636742
2379.655068569624,7712.022365892141
6575.57499180793,8112.643456161147
849.4787875948028,7153.704961065145
1756.8835746302946,3234.233435062517
9141.16700208913,2983.8546627936157
6918.3772359298255,3555.966790591575
3121.7455174937213,8928.023925420275
7021.665730403657,4163.626442937039
8122.6294324839555,49.20931203054701
3873.496995474126,6748.252070462257
7753.373985115039,8232.41371467854
4864.8711973555855,3818.666896279953
4472.585650793619,4393.494571149144
4120.281433313439,3021.0894694743483
2979.659248955867,7571.858872807294
9012.137275575633,2104.9542663402053
4586.4460820788345,5280.938866621642
9852.209803329768,8834.591836809235
6402.712020408149,3243.6811496926953
5355.267286763395,7496.542520870149
1099.1054571672587,59.11702661025697
3929.025122315284,7368.153421211599
1849.1268240064805,1890.1203330019566
6984.2488750916245,6878.278787927407
164.53351504209235,7178.425464610702
960.1101378658939,620.6869179095264
568.8194188090656,5716.212613430434
911.4288624802358,2753.519774830505
5519.7849897617425,4486.666116496411
3060.7178308584316,9755.444465469825
5061.653798655358,2494.876386644582
6798.573649817646,6150.41234032145
4260.449127590326,3562.669329260754
3690.900798341175,6842.431055393885
9080.698734000935,5193.941718671037
7760.341759831999,5064.666121944253
2226.7504851917483,121.06984888104022
376.9891940167558,1850.6772113924385
5671.9347574755575,1683.6994052799691
5037.277345200978,4964.469126144978
1631.6472189759234,6441.863099171376
8195.039630742962,6952.888752231879
8777.110722303314,2357.1326696318897
9685.545853287851,8626.198611314892
3815.467177045675,8158.04906844803
3536.7354690964303,7757.65647296603
5943.387889502464,3483.6837026658486
6433.133809210384,8272.15063402013
4704.413888782387,4331.077064018498
6625.2732355330645,3215.322700588562
8436.49066231404,3697.9026604146857
1971.4570815887312,304.4930780863042
8554.879525041963,2228.6548743709177
3171.2661725760518,4003.413436330073
6533.450526235204,9905.39916716638
963.7718802128759,1104.9234785598937
101.27201845168021,9424.65706389891
9837.26296716371,9379.18653669912
3816.226286597517,9474.114130472664
415.79668622424794,4842.566602213849
1813.9340979975393,989.3976611772792
3975.781544292628,6809.985625176128
4560.450796208241,2685.4414987684218
9302.594119567615,7484.941485759593
896.62036247517,6294.173065656966
4540.698167675124,3185.0342860377646
2100.4867658376647,951.1024519488176
2261.713276667716,8083.934556149174
5752.681762097689,530.3267907343035
2555.387095686006,4537.740308878148
1279.7433765787714,1688.6570831792635
3951.1532879109845,1510.1677381422662
8524.595526746856,2614.240742562357
2221.2159598785474,4221.334633173048
7580.50385674899,5355.912129754586
1092.630794207836,2533.6159731026178
9577.062973671687,1414.6654909468093
3352.606847129843,5179.078584553114
1466.437663571647,7543.981604359922
4003.2250451837936,2110.689674782562
9754.805787564468,7181.263393193378
206.9888554700028,279.39974668121147
1746.3371239519377,7832.1711686894805
9266.667034970767,5254.248655340806
307.000740002209,9077.546252786211
7570.549754825375,3057.566207548288
2599.3609321198464,2732.348060589662
5793.789757165075,2856.7284949398677
4436.499927231314,2506.8327912681266
2709.700762567422,7520.97586000451
8704.193089398314,1909.1321616366997
867.4330885787673,5868.060747017663
6108.706302501741,9702.858438567762
3356.4863055714745,5319.892720064585
816.2375140771417,4477.372313947337
6424.883304139321,8757.915194438881
800.2596143626905,2270.1004768710663
5686.233390004281,2804.384331022339
1693.8885314378283,1053.121126104426
7015.755030698387,5242.707064563421
1653.2225352180408,8427.66922627462
6330.428245873936,1754.8527486450105
5298.425019419787,5532.635063509614
4806.675287363847,1921.8306006835871
4063.4705194029684,7986.155000388875
8493.060644155517,2475.2002077004577
5336.8551753094625,9023.391175074887
5757.562487189045,1955.8030298171814
5930.433559082024,4338.581925073422
7957.652993518198,4563.5195023656215
6853.9471246970825,6160.716029746127
2869.4743075907613,45.06741141207415
5347.702872103851,9510.250155891097
7782.234945283385,6394.532650934334
9829.303615338797,7960.30373845136
9784.305344483326,6516.742697267217
891.4682627934134,305.3413032656194
7947.404501199927,4330.014719199573
1589.5223937673509,6918.716934427367
8441.847416477594,3871.8800276181673
1625.7015656911888,6010.276077671379
6927.590905757017,5480.959870235112
7273.430837297611,8262.795494498627
6243.432592551647,8387.189811063161
1193.654785547328,7330.541810620766
2796.764809104624,9604.492703675225
9563.257081047841,8590.140546176173
3055.6012832937795,4209.867271320703
2780.7005442888512,9786.384659031934
5128.437751332519,2470.746440325926
1767.8176060054363,3976.317673489809
1083.6217032692684,1506.1620093312022
6561.941673242972,8943.62869927076
604.783047891998,2596.6151682665018
4133.091498746699,8829.329115937615
3482.1149207516887,2371.087723807832
8755.300676161442,9146.254433698308
7506.644215648468,7199.0815118108385
2110.50166937528,1229.6427198056158
3338.16741522151,2927.5079260841553
605.372886910448,6530.81720035101
5025.803982132377,2077.2896188074196
1926.2897137974887,153.22829285563833
5917.211721511992,4445.714017748969
2759.7483458293946,2516.2425214220707
3258.410884870091,29.901944219924424
9279.588639471931,1812.772557359097
3336.0681717594853,1756.0584919004318
9244.89728450447,3825.9084086550365
3488.43415436212,9709.676822257366
253.25337684528603,8007.859470176334
9956.898340672791,2026.7123594582215
7835.337116541606,2835.949654262634
5314.459037500795,9369.395484724168
4273.199488827773,2392.2271196108836
1756.687053950302,8206.894184371013
5893.000685518911,8192.554818843248
5682.845712408499,1059.620449318399
1844.9734661462026,823.8100889308531
3480.448672484244,8927.806421753357
1815.2829071116128,353.5349973594615
1731.786829429669,7197.2648078873435
399.50225993850563,6120.48410065087
4015.9801372150596,4980.189920491503
8212.570387823625,6599.45360242109
283.74906175643645,7257.369382006708
4695.54702590921,6181.59691921654
8393.319651272042,5003.153547180646
802.3029645411872,8963.215750174846
8002.605221286396,3211.0263524837515
561.7190338925071,9843.385360879991
8340.819465160092,6435.552209130437
752.6035632471651,5324.056774859777
4460.360278983478,729.8878659316055
7242.215426915578,8614.58409211222
421.44778022183306,2366.1963818202357
9783.402339570266,7467.860092613697
9593.060403870752,6770.208518517788
6885.022913726911,4035.5234502807125
1515.12272781843,2312.205271649147
3393.4314405121404,6262.126998769265
2445.1903602714688,8995.536979605808
3996.0245915945825,3989.4521282360074
2533.7737395944437,5640.998545737959
2463.003819716542,5588.332678404318
5350.025563781244,4250.179584899045
2484.6658556637813,8359.702850760514
9436.842889780019,8157.242334537338
3846.593747443472,545.4519614546838
6996.16575981186,9136.403367165763
103.63242325411525,1382.9453015894478
2946.528310286818,588.258715806057
892.835286310113,9173.702290672478
2454.9181413496312,4038.1240664992924
4379.7146889350015,7856.86396102429
4955.785538371871,5745.395983720422
4769.714380828196,5070.849232339886
6689.292433926836,3507.383587602273
3809.2216586206605,2861.406585103077
2056.0527461052416,6370.419688170145
8657.186594555436,7355.654291321501
5208.325307572242,840.4464064157979
9831.533335986498,4226.26110824484
4635.345353492038,6622.0034079161815
9254.001181806927,7596.387999938645
5180.676103367868,5004.114326458413
6370.917480568958,2245.194821317045
8995.08610834844,3017.8636603213927
7452.819299169377,8819.693191263059
1335.726409032797,4278.03733935715
2214.5280381464027,9769.780887481946
134.06677490452213,4567.624770456859
11.884741231875662,2224.994568480386
8555.734358159274,2950.7919983649344
3317.2609294945732,5770.5118455037755
8679.567957107425,4105.451783525552
1314.5674814820952,6146.8335778985
5867.092226676284,1737.6684598184922
703.3035026971446,3548.687951290922
4348.579036164463,8327.334461167657
9293.466044487343,4729.145817866222
5121.30070613868,3427.301786428926
5442.054894598447,3662.9364440046174
7612.133575940333,1833.8042159272038
2174.003572303317,2953.6935345589145
7250.221608782415,8349.45342406353
2189.1833724401254,4728.1010957435665
2676.5286036623957,2104.8132931072573
3163.2950975961216,9358.854407050949
5902.096968985534,1372.0265467274073
1337.0456500280613,4561.203367375586
4349.423377935366,9511.839855798167
8833.098744923482,6623.130843916357
6008.51525677823,4461.620501680691
9976.44114144605,566.7881721387824
2698.1397059495403,7240.175980908612
9616.015383152058,4946.727500285024
945.0064868837493,9171.261380857639
4669.353505070396,4742.277046360642
1565.9529680065343,1624.0933045388495
6889.207609493722,6620.449464100431
207.16944976746143,7555.14071962989
9397.54635128625,1311.5056370529344
5364.312057708743,6404.387296774114
5311.248720337978,8096.9305378483
6745.676487931941,5318.497210284355
118.6064917520191,8392.246244220923
3610.3266665279352,1114.299946558478
3603.91434224789,7830.434532243045
3378.547205031138,7522.4362322050665
3617.386293131456,3034.90960050538
7486.755899721123,9571.388789424209
9925.516617536054,1162.8588360094016
1791.3932043966163,8457.72609180823
379.613507614277,5098.539571772614
1207.381242997073,4882.198824964668
6024.363619904631,6884.700982370207
4338.085074337856,744.7002298108396
6501.152411808553,7748.904813866233
8799.708434535192,8792.026604631583
4344.458172143885,6818.537549929017
544.3141902259307,2585.7449063056824
1261.3053262186247,9319.183034958984
7831.3817473284635,2712.4389463521793
1516.1951964873022,7393.082476750378
5587.143675513382,3047.1489189498557
8952.46918299135,3683.0133043669875
6357.298006768239,5738.9975117319655
6413.107383800132,583.127203040379
5959.67136356007,1347.525299524387
1287.5197438038888,8295.956820934827
8362.032528090354,6139.247924788196
1344.764297531622,5862.746415771312
6708.859231439626,4828.184567474805
3668.453993220705,3614.2441488739087
2253.8125345197836,4251.110968428296
5721.342390665824,6127.036076966399
7967.715536870912,5472.682112257506
3981.3633994058805,1937.0423227336441
4513.8604414761985,951.5885285157922
135.18254698205334,6548.496484861464
529.5776597254453,4965.994584782277
7647.924376258312,6528.257803782962
7479.446160717907,5263.497335602817
3182.032416422763,2171.990636094161
9760.71383764189,8222.26839385359
4440.6610331294405,3885.052810596732
6379.027287623266,4780.785475366502
3585.3166272664016,7608.527924067015
5582.652252861067,702.5709106442735
9309.079622373285,5125.051725074812
3721.5150202029736,8563.733192155529
6268.774331245428,7999.594333911686
3010.7996856566333,3046.4661147804063
1301.2280066127657,7510.798095088882
8286.749507194514,3254.2879268549805
9887.612777628983,3681.297298837948
3632.5109271710407,5781.276902946183
1088.483758079679,2145.98563033372
1824.0780016618762,9555.827801298416
9186.235351359257,1537.7166122050335
9269.636851030235,9281.311169978804
8941.35087694907,4352.0538632747275
6058.8823409673605,3537.0240624360104
7745.623441108693,8813.352178396592
9388.882726638918,5195.091707694971
7213.928437598539,5985.351916431091
9113.443127221462,9429.163204018887
1700.943636412794,5804.43270811975
640.0520382502061,5874.140782873013
1153.0156516679601,2281.3363227687787
4964.42037120326,9240.082797530196
1243.4510910415054,7279.2965292051895
9352.555280896331,1092.3622542820522
5614.02149059116,8198.018055833789
5631.0571939420115,2687.156346348166
8209.064930931807,1397.9949943974434
4982.391794172526,6036.86578379141
1370.5031875421946,1609.8733000679376
618.2585180521804,6526.975535928898
5191.51394002298,9914.3845955144
5804.952004158758,5370.877219036522
940.5181528236794,8313.187565004184
1845.6059654940182,7307.372369327002
9991.077147330247,6018.613823281179
4128.857245333603,547.506664641424
7296.200347355843,1161.9544994719877
378.1914641930939,2020.514870635136
1178.8313049782073,5745.204140492889
4513.974679156879,7770.460470487181
263.589997484972,6504.68095525125
9665.237058690214,2593.619765242906
4044.2421771413474,1417.4045059526197
6864.577815782451,351.75839542503695
1950.1491569035145,8433.113807858132
5256.780565917834,6538.015885854659
3698.6487332280603,4351.513792032349
7128.218301905956,2041.8696336084151
685.8989526900061,6982.032190585946
9287.325758130737,442.2376291394581
9373.50966004512,6777.946007087125
1034.3494587226776,64.97353260730864
7817.569899349818,7319.963367207482
4449.70567895578,2353.4705497785667
7997.742978568307,2564.3343592253864
8405.23192019985,6270.791613546367
8941.293631389584,2795.9277616694244
997.15657100517,2096.8521781796067
2061.579124499413,2132.450744381299
8019.576402976741,1995.375082534656
4580.10040538594,9386.9426279601
8325.678628930571,508.105953238962
1577.9586463478556,2575.4306617047005
3896.369410770368,7074.716409177301
2845.7528922683096,276.13233289923267
5365.328733076666,6180.407066289272
6768.3448788625665,4776.639751250134
3485.2538449975746,5853.538573539055
3125.1814535065705,5240.989677859938
8690.179985775294,809.5092521883429
2409.9442055444842,8501.71442082517
8732.722930724742,7135.268018429265
9866.711125194639,1493.4413314069138
8553.592558727607,2701.0818118328893
6853.872730672612,7690.231824565513
8105.6689530316535,4407.2043336410325
4054.3389164622477,7052.311809837932
8302.506887830625,7319.72054396527
8682.098178254755,8624.979356102349
2490.3119021361563,1527.5045427120526
1964.4339024684077,8991.46195405735
150.5952291671886,3784.61127544078
8775.602816953478,4006.6564463886043
5347.691346932851,1088.035375960832
5318.780633256901,9095.264281086264
4478.340103024966,2103.9292102266913
8823.924578060021,9525.799165864575
7199.532197205182,4860.464672237559
5207.128057429273,405.82661488820395
3734.014123843441,5740.224355124227
1969.9510396292242,9374.785360989583
5047.041801127327,2133.296234425085
7149.820946014646,9122.771278215076
1070.2065729507838,3482.1908732727047
1095.6507526502858,9423.899473331587
1216.3017855023052,2915.9246203094845
923.6533071266484,8396.824681745773
9323.295327556747,2454.6952351040372
2703.7950067515103,1442.335115620219
8582.141917487677,6945.971262894263
5742.323471159596,6518.172113500625
9335.79293392327,5099.956770930316
255.57240427163785,4013.54279443269
6377.390443656887,158.87642224884812
1446.0967524875957,3441.380337134495
717.138327326342,9441.099401904703
3615.5556530610256,4479.160279162969
1221.2737409321394,3787.1829072878895
9557.913167217775,4629.443637692288
7091.230730159898,2059.89434201671
3658.22516475487,5920.535848877462
6474.128781140022,2110.819068852834
2446.996124847479,57.4788051555275
9694.351315196769,5785.698012878492
9712.700227323487,5173.274439472032
9236.928214323094,4422.61369879975
7566.449572253357,4014.2283612941865
1231.6835494502043,8270.833049112385
5098.590172129312,2671.9451905755377
3207.1255734976157,2564.036650378989
3635.414892334532,8688.627421688723
8124.577304743637,480.01816644346553
6071.906751418391,699.5705031818388
7457.49104438411,5119.443751532124
1025.282857754951,2936.505281203916
7805.52583207744,9138.66757390023
5156.188176307487,634.1940978427418
7165.380387522102,6414.980421948976
9671.447019211773,7389.012579972647
3124.0649454042446,2681.536381640418
389.43464144069463,222.0015046707724
78.63318477391634,9207.62320213265
43.40748064405986,953.0188036618614
8529.781970029113,6685.5799483650635
922.6579826454117,5684.363494670006
657.0031864334869,132.03225070728797
1361.7568620955224,5927.352114611192
5584.0177089171175,1292.6346099073337
527.5753483084644,2382.69951342994
6050.176508062689,166.62322693086097
2897.356485737882,2877.493146787986
6071.922843382667,9606.589650596423
2540.1042822108975,7082.293013455393
1002.42493342807,5091.487221718234
3802.909603936049,1981.3175114992932
9729.69937189525,6161.593296027299
5549.896153545935,7010.823474274896
8227.775206240758,5716.5772142836595
5584.5673958640355,2775.0688071451445
5562.612120925973,276.35730038445547
2338.4098426736664,1511.8943155152488
9136.158176560584,3903.9502784725823
6041.834155156996,9630.968488954011
2130.3249853969396,3695.7017085735033
5644.795658273625,3397.8730425503754
9302.213367450398,3608.432369673246
4215.804375473858,238.39090859151813
3884.7756298767977,6847.189326320125
1360.5409263115332,6891.338783284874
9787.059506854011,1372.9009546078696
662.4619238516516,9481.497255151238
5813.787322193274,5406.893016733693
9688.750308308363,8361.547105160818
2014.742989267183,8487.892962672098
8477.782212876205,4447.887460853982
7786.016382042568,4451.281309397727
5590.904656766676,3311.3200343232784
8849.28981811407,3546.8259791552546
123.0175694194069,1931.7170660712068
5594.876775512562,2172.4670622411722
3811.4590620847057,9406.804313706987
8645.119706653162,9709.331298505822
5310.8928954886005,1463.4030994982018
7506.968721702287,7651.058502412886
9766.959294852642,6674.083073765376
2646.6558753293434,7796.568767024088
5359.05119027381,5542.656386520336
9707.182602615583,5343.583681087894
7921.817018992487,3271.5631353721187
1076.92975799781,9435.456860311868
7809.159372274234,5379.660265819814
7727.409080896878,753.5669580246862
7446.775168066504,1214.3841906663954
6007.054714271563,4847.867989881328
117.35159434556164,8678.287626580914
1273.5520316944414,1821.398540401965
9006.615296351552,3192.453998771576
1020.8121726179564,2830.172528166697
1343.9078350010225,9494.768088340585
5581.177196999855,7212.200905209981
2429.958501300804,2160.7869221674437
5343.267128351079,1103.7111375214215
5428.6428763544045,9690.437943354646
2198.446593619727,7247.757712512816
3898.6981714318513,4867.345581772803
6105.4449175569625,1640.81300725636
6206.781247080303,2293.311151874312
5994.207518482312,9810.884508612304
4037.66553618635,6831.8845913407085
137.36228338302016,1516.161373203545
2443.997838981501,2864.792198876074
273.44777163446855,2231.3320764549503
6214.387339681727,3021.636425571491
9852.272967345894,7706.83629366463
2044.5032602435365,3505.7724777563826
7310.381736062358,6120.779671696548
1812.424514686144,6692.962478748194
6629.103343572375,37.65533929265597
7177.935963330881,4780.258096929091
2151.389480465599,3698.98967002021
9948.626091450988,5684.827632939426
9290.602442434685,1076.3943985927372
8618.40219010456,8293.57644287166
3589.466703081463,3204.2286542604893
4219.977188628976,1539.3528582773442
6756.950907812481,7796.585653796077
8875.998628966137,4936.092684396909
1616.5132465374088,4033.2452992013914
3826.190270338533,6676.020679203035
2049.1430493886733,8610.095886571627
5475.255299746332,583.7012077882653
8577.215732139934,7261.764177787916
285.6693485243378,9996.030306141947
5512.001650790861,6943.908223018634
8289.012460904836,5429.918169067608
3156.1033803792384,5738.985158625816
1693.4180865674953,7555.586124305407
3118.546486273005,5397.65069149762
7884.321961457458,1880.8593495883063
2897.479541845819,2448.641057257738
3218.6102441805874,3331.35767139889
934.7952618225852,1013.5536008048663
8171.882234612069,4471.176080819395
5948.341527492058,27.834395930776967
3410.634168745218,2813.638097194966
8288.197482501873,1841.4018651612585
8502.97900883799,330.32557100705407
3540.640046547752,7778.560369591467
9678.08443348286,939.7049003928048
9745.09008156634,6447.785924572296
2079.5857441171283,3715.6322830567924
4741.224100351225,5144.134754407519
6496.023974989862,7840.9652121677245
5999.110905096511,6324.619984219828
8193.240767881196,772.1542576479023
8204.565030150874,6195.147067574828
4323.509118648664,4622.077460400549
3026.903938690533,2270.219397429978
5730.325452468861,8533.560332267645
2099.207924172999,6832.420294463305
5341.241013905465,754.366736258244
7071.019831255772,7773.5236432950815
161.0984707287788,6912.1533353928135
5170.264668727727,6881.948525434466
9339.063253415914,3400.55449362449
8558.667784175905,1779.6622489352442
502.6195194807781,5065.169432016891
4913.590826895696,2570.8981866338167
979.1228724266476,3549.413299192935
4662.770697301978,2087.92078498807
3803.2555511355195,5115.153003061103
7541.332001000412,7426.863103261261
2809.0581603075193,912.583096903371
750.0935372296136,2072.7547129882996
783.7079283303161,9327.461552869518
9146.235343179695,9179.228052309207
7784.757162907527,46.71714949022076
2202.566262423926,3254.080029815438
1116.4974159139497,2300.6207587926765
6310.699202671849,3897.394919489169
3370.945708009323,8401.263298290442
8800.139153731943,7760.582578290505
6475.811533290072,7003.877854740397
950.530185962728,542.4566223182492
140.50883079697263,6045.64476283649
9786.214054119635,1696.3083405090651
7813.229642435272,1241.7597678997006
1915.216522265144,8396.433038889394
1323.4625693886703,501.86701472123787
6559.233137708829,5258.429239740941
1898.9568979241867,2400.900801648308
5015.212684292004,1768.984343318929
7826.791271794375,8093.961615693041
5942.021681906139,9551.392822179634
9137.572895857238,6366.020812414461
4797.086686157879,2659.806377443503
6116.969503811648,9043.960816486437
6407.76854636367,5852.549497440617
8229.553865938175,8907.95238098235
9810.334633198161,4271.986152615154
4940.407238111569,2093.9025545135682
1088.9870557391323,7002.9241145193955
128.95947427095544,5720.815934233438
5355.5981695270975,6193.124051801893
3402.070828999699,5261.653836563685
3747.5177281174033,393.45153355097364
671.9497449456768,953.6733913642581
1078.994305271156,892.865527333997
8965.015409560372,8202.473245534089
536.4032530610185,9033.156908322111
638.3754959262933,7452.202657289092
4499.674226944429,67.11357284130747
8648.296787476515,9749.521221172088
3199.8160111900197,6146.1602664362235
3447.9544560914755,407.1595077618728
9339.998625665716,5380.50685274538
4583.24359281134,4525.995185284646
8955.144445414335,3263.3161268441404
9488.908670987248,1859.7644094178002
5589.886089455699,7756.753681058426
4775.535046862738,6367.3108779820495
5706.699835824491,5360.232368338869
276.6225911998177,5973.232075316341
5183.6636072269885,7740.550720090808
6013.658361626743,1767.1803417526933
1146.677030497353,7964.355807814434
9199.970692965908,8148.256769381157
107.59971889176212,2639.872168240951
3240.2623718473587,5968.1837699998305
1492.9370474732527,8349.62036378641
7747.252041966073,7072.341124397689
7002.402703084641,9705.844785997137
9938.571774870063,5869.262296368801
329.6777886892754,8824.540427452017
6428.98979329858,5463.899011763033
7404.450355384508,3178.6648569176423
7568.967414528202,3008.6058664762904
6044.434084872404,9355.948276062602
2077.83651289167,1502.8129456889683
2255.5899635112733,5927.3350986014875
8838.653389577832,637.5530395113672
1349.8271211305014,4513.854996345232
5975.150908910509,2221.243817133075
9459.208861467701,6524.371353662965
5832.093221437684,2940.4355528087535
3814.6769203669774,4747.61556836388
4909.55801314549,6660.342953187534
9311.266892269994,6355.196071662475
7632.6916839821815,5320.566274386345
7509.675172613112,7297.850821106599
1214.1172796923838,6043.181670081298
3928.9154796061475,1648.8907106939387
6459.193968184497,3380.297741176578
6143.54133451905,2608.1898360240507
821.0679374795516,1900.1120973502584
5461.148411554695,7732.272626003073
9729.079872658567,4739.324244569122
8557.924495748008,9387.729426147716
987.7244272382102,3617.485459080554
8029.357415383154,9837.045176361025
5236.353430176962,4577.708170593732
9135.860376774875,7295.188082457597
3535.489195813867,8251.720238272932
2373.453162521596,5101.68774283778
6996.922984365628,6515.970549980012
1920.9209898681179,8679.98735532094
6749.88141473591,5109.874037329426
6820.498012446291,1769.4914446323828
1682.5998778197427,5221.235051032866
1588.1081504565852,4766.433306543347
1864.1900865831728,9417.506323068923
2679.9603364104796,7811.234688520945
2572.3040865236426,1982.155749385992
4661.465683856895,59.97495009756548
5168.786773522438,2693.241443089578
8838.713650561032,2048.005985512954
9121.561998836767,3448.3025466810745
7662.799397097163,9884.798198891158
4368.871163870881,5516.4354459377555
2664.0035374776385,4028.8852937124643
313.26697936194694,8596.936586606604
4897.552581806101,1467.2615664827083
3276.8487506814668,916.5177900579957
9805.997953048884,3730.0220026030706
3109.9155732786176,5112.833082230834
3344.6963851578394,7649.11415186735
3587.089437185871,7867.452750734314
833.6277885860255,8270.088514908366
9122.146732298614,3083.345258266292
8221.688767161744,1219.902960914796
1236.8510138092715,6160.775753340395
8943.001416322479,8288.531341437098
9277.26351269893,3667.1987063219312
8067.834326230529,2418.364512651184
3385.3643355020504,4687.371666906216
3886.1345389572143,691.0486434567841
1772.8865785014048,7848.47044341855
5737.724946043614,3155.418498774111
3283.6977362723064,7814.216754509551
4132.298893186617,5450.53793220377
7013.1113750214945,1053.0851120365837
4867.481636674427,122.64757476848965
6331.537092460211,8080.879677901425
1213.4307016698565,182.99335738678036
3063.4983630243073,1895.5032255045278
3171.564756145989,8232.134061085617
91.08752188154989,9265.636191968244
3221.3302849347547,108.0383595205503
4068.8589396238585,4534.097899288283
1755.5830752533984,6168.161151546876
5136.211888456948,7422.795141047909
9171.715988820162,540.8113967378114
451.7309221333843,7168.5345889618675
3835.986906054717,8651.847200282076
2516.4215101928244,3440.706660262619
9703.91602705979,7642.560607237872
4699.204653893755,1982.3716357373023
8573.831145912132,5487.989959058395
1272.5935205183926,7622.81673658333
8893.886093001604,744.9389272281992
1055.6813622412965,8312.982983152422
5795.743566368065,4860.225547807565
9178.397898493915,355.2388176314658
3335.0246639940437,365.4206987748676
4313.774460968979,3886.7295612600196
9727.552918227515,5341.851428483032
4075.7689620799697,9302.085183040565
9581.860841084306,6411.190245885889
7155.819243046787,7975.680608605645
7516.321337292221,8611.10204471579
1144.139374151174,1933.0188626150468
9302.856817530428,7715.703575207702
8662.981621917736,9074.301526075407
9525.856053459293,305.65167960415863
3863.2101811673415,4427.537430114135
5445.229438399249,3853.6313870060867
3471.6344077344097,8327.821970110894
2633.5810760949685,5028.674004770986
1457.6092387955587,1361.5406550988484
8843.644063334845,2477.0020193959585
4033.6585275605175,5226.31161514036
6615.482425674536,4058.28140997315
457.22887335976293,6289.645179408934
980.0124919929187,5910.1629070678
5902.353646143394,7173.623195840017
8322.104098077087,8464.955283350562
8249.23690013261,9126.15061108639
1274.7901052056898,1886.5479688047772
9720.55728292701,6949.307807109482
5327.213766722065,6431.370360189521
4727.488355593767,3013.6676622602254
1240.5649774787053,683.0243219528709
8593.491303519553,3820.346647578208
847.1479836370199,1875.8528692168175
204.26528598345706,4536.554202119578
8472.112698849256,6844.096287325314
4643.204627118373,1771.7288125299424
8864.118216490771,7465.151548405293
6356.041546368596,6833.59277371224
7369.510512186377,8769.45088417638
234.99140826971131,125.6888282428148
2178.9061071138717,1547.936494921731
9862.774642035598,4849.1375242709855
1283.110537409522,9591.738001129344
4161.574242645548,6288.914017581152
5361.743646690248,2638.013069615649
7369.372024195451,8663.148334053536
6959.30142629745,2237.62233613337
9391.86308409366,168.91249199913028
5157.2809172953,1862.7261324441135
2049.9349134465674,2090.1898611435845
7294.00147477529,2370.9014548142636
3409.0178559959672,1009.4558578716628
2358.0677100512635,1157.9544631369276
6857.056847252466,6483.905388016618
4662.549186130453,2100.7200268991187
2284.613242381581,9761.219188598001
1712.9408396230695,8692.70804865554
6450.18101678838,1024.7749117990857
2496.1969266575434,2223.483473512736
1600.0536607051451,8673.99779792159
1446.383064755723,4105.619608342085
9994.801060137339,6210.811367986088
5785.0189958271385,2957.7069123874853
7289.0057347658585,3318.5946396677
478.3576537694745,4172.388875533231
2684.7873199969163,5641.282414570824
7493.45175899478,5458.1397953754895
7278.961843396983,7724.858137758929
1815.4837262959911,9482.459759198413
8177.223803163061,632.5679758641855
7877.687987773028,7496.09508143666
7483.091032552244,472.9274250313509
4034.84530978358,9405.946328112315
298.51864474516043,2143.9957511655825
7864.430951165574,4129.692448886223
4258.1299030070495,6519.171591606761
9711.115251023091,7677.918826962954
3397.184665386949,4651.673094237642
5516.643479395247,1439.2100697565647
3417.373998463814,6282.753300051334
2745.44630303567,5595.896987867699
144.56137616378427,3128.930435453735
6035.434173462193,5145.555624652228
1571.715024898247,2621.818523329631
1756.5663044146263,3861.8264438128713
9161.431942474019,6690.723084976151
3199.2930786217653,8786.281603868778
6486.729646794847,4189.920425350902
6076.44302972536,9223.134501975808
4615.162451778656,3216.574618993349
8452.27475175578,3351.147361696284
7044.916922517874,3914.234052343116
2502.774978713677,7411.720502406616
8257.51511853469,2494.921072182158
9546.899153134254,2607.496604692633
5233.811474807336,8251.48754725028
737.7858913891944,8661.586151011295
5535.277692169155,3227.878131228031
412.5560453158239,301.5029634702859
1951.0026610726438,4543.684296433526
1471.1264428670988,4040.3179810229462
1330.4905940735712,703.5858451616394
6240.00251286616,3909.971505460409
8652.895164176236,7041.670723163481
8396.873427358536,1016.5162359292524
6530.886131457058,6320.299971668365
7891.4935757101875,2452.505872530324
7370.088421609892,410.1989123497241
4587.568422887519,1459.662999773984
8019.402007091217,7856.946736582982
7754.741876423235,4481.517408038641
1127.8145601513222,8467.087938444276
4641.368551820613,6024.795164877183
4090.057066236681,9282.694196439317
3242.5136965536426,3433.4042991882898
48.736978675514294,8380.955741837904
8500.467997820293,7237.30121647181
4355.142305320077,3642.9012273472426
836.8670065708573,4276.392186095821
6282.27280373636,2148.4663306137054
3942.2733204315473,9723.184278019911
2999.2297440618563,4746.33708859282
4708.180170455394,2268.1974399542682
2366.1494938917194,9094.992211600353
9027.312057581594,3712.6782616351907
4200.826847587,6596.187122735037
5404.410090350062,8739.799068783399
9662.128395864642,7997.304210662934
6496.03789948826,1176.3941956191104
9071.94752937011,4658.805228382898
2562.907268573441,1425.0598089330936
3949.376332524147,8834.772841851996
1673.783058733116,231.30217398494744
1461.6845259159584,5197.346046615567
219.11654575800245,9479.402251345111
4617.180405046748,1934.6102028432244
2267.701920786368,3921.595048293207
8366.46883021972,8142.8400722526485
4020.8054193963403,3321.266368582532
2168.9082626348586,5110.541955871641
5257.845621312309,3938.7464046263276
4528.5191826730415,5130.695064081418
610.6432972523356,3941.097070616214
7856.173330316422,9186.894939753483
8791.795458305927,6051.284558167973
6499.321515784497,3414.0895672390025
9962.539938798644,499.50254999285073
4181.515239205386,1825.0138775608216
7847.351865155219,4103.963821144349
4218.652680029914,3115.7126655239153
4724.37140922501,6028.980960864904
492.34657437631665,6141.316826864678
8705.736492762902,8126.180900692483
1434.8901597836493,8500.10171510442
9371.600457321974,8348.48031737074
6468.945843616042,6724.320555727884
7166.153902764254,8404.00668812504
7747.423885013241,4671.459470373015
246.30234808686978,6636.743729565025
6042.030669429256,6618.093325605488
6652.227797059768,2561.641006551113
2612.335682286908,5344.367517246278
7423.320587204096,8486.39601192594
2706.705609085703,8696.847569493477
3125.6658794137225,3397.603364406535
648.9120480245059,2801.4874932899793
4034.3432692411398,3448.943024849146
4192.222667898066,6241.337358917846
2472.7243434120182,3362.6717771243643
377.466836558733,8914.086665562096
7714.074592350408,1281.4018798430438
8532.750910252294,2338.4153905205517
7379.836928316289,5317.649628773285
6578.343866109348,7371.923583964423
9703.568918681303,9325.729797918131
7219.8410514499055,4331.42383882179
9629.310648728757,7271.603434498663
9317.39727915904,994.9049238622354
175.14334247828555,9324.463120956329
8781.70398519085,2154.176350520757
1875.252948756989,5465.6015883667915
6902.9010767145855,2753.50550499343
505.69230834444426,4241.738245149905
501.45955859743793,907.021153027402
2277.7736061906116,4402.16061234801
1587.0193519250752,4024.8056541540877
1110.8712421463895,5790.200086249953
8111.247822995788,1486.353563584193
7810.620542574613,1602.8662929305526
388.21564003600264,674.6688104923915
5431.285513292888,6053.086820055059
1865.92381450861,8249.077476594512
6046.884313728098,281.99409691576415
2132.6614946800173,9294.36477391486
1431.6701540080735,5638.346750369077
7618.403044252647,5314.299943259367
4899.702795706314,26.20604131329585
6801.20616535474,5312.7616896751115
6756.123677224601,981.8319462541547
3101.2170567495155,5808.743171841847
9289.397504553868,1431.0236202280314
5934.078501023897,6651.4491821339625
6602.023727186899,2168.1666167763415
295.31006027717854,3391.355073713085
7152.773794341982,4793.663733798471
4439.417800918548,2334.8957769299304
7962.155266455654,1413.763932291604
5514.27496794025,2558.718616813647
2794.7498053353015,9795.151608393191
5223.094287386353,4573.937313156008
9135.92443605273,7825.1234185399235
2136.5580664169893,8373.660940695667
2687.307452320893,623.2208865315824
4432.654253914199,3593.21633415405
4319.289089347426,8138.210355158239
2484.371168038224,4772.536832528403
9086.3112670814,9133.067262677387
5272.4581653298565,8030.913899985561
6311.989494245904,4256.132194745818
1241.6492760722465,3515.1093706362344
6505.310566262648,8536.19825417223
7844.663020737957,4520.447973398322
6864.73257168788,279.82102593487434
6025.7530874984695,1884.3392524744972
8937.06755815694,3177.7926912120392
1988.0065067773344,7436.6993301476805
1753.9569370801012,7107.656483615618
7803.270786745284,9.118900328519697
760.5718985600196,7347.687779990751
1593.6824479288803,7481.703954806993
8548.98942473813,650.7087323635019
9602.288093594283,4771.1616911091
3979.947347882733,7275.0490795572405
9372.494783865952,1808.8898478566905
8741.986929986922,3804.730180357354
3759.482360049743,8529.588342465435
1221.6561877487263,727.2753898678342
2527.4571121251843,9076.700023222797
1583.313105689803,6019.538628765314
4409.827685241316,5242.493786746643
5140.254929322763,2850.931410923344
8473.157305540683,745.9075668929971
9979.305252190077,2800.253087790632
3321.52223870406,3323.2742025561192
1759.09330775185,8623.888909358673
8556.47558738349,8099.455421979063
9553.979928589415,5945.710314593448
7640.314878394312,5059.653073129018
8483.162056330331,1905.9431993735986
3612.8822903284895,8554.707823627865
7902.496094757007,4049.3915114393785
2824.6624863496895,3630.413143425086
9445.441694660964,3051.3852046383904
6045.345285290641,363.84927671377574
4687.173319815044,8537.392872081477
8596.552542349715,1934.7389390903013
4846.734378827276,3232.165491195863
1287.1173007353254,7545.899752290485
768.1520146043874,3889.21713868275
9614.249908910184,6384.9799864590705
4992.237298659538,4040.691026858024
7667.2052781067105,3434.191084420197
5526.86583247958,7998.572094035806
5375.496743298316,9410.005379840717
4490.942126939678,3372.743819599413
9014.159972035048,2164.30083389732
749.0700381624515,9002.375396563233
9975.310226536263,1753.7841462478632
4628.1808536980225,4863.475555756043
3217.22011535837,5323.804293966093
5265.785242297482,7096.406766558206
2892.5342316980186,5730.459369764061
4134.907781482176,3371.1842928567617
6063.837954127751,1193.2803847184691
9762.883095372492,676.7526507627019
494.65075066489675,545.7882804390101
8647.943910203585,9206.978086230023
5549.697027935195,5437.809452100618
3581.323628340072,5053.590674093646
5180.74203779704,7208.023868335274
38.469394493002575,7566.901422661515
1923.534892766564,6392.510299330207
2132.468855587961,8018.9664242352865
2741.4121524483517,7671.4551588101185
2376.0021887441394,8516.245636334474
8454.22552557709,6561.212335747524
6326.689528937116,7045.030946216594
1549.4920465773375,3427.3698386587416
3284.061115379866,9342.595606135405
1841.3250042540342,3569.948486157263
6885.457627709988,5173.565001922763
342.61409311386217,4698.758083370811
7583.607385706892,3024.874452346009
434.23253579723985,9928.934407378163
1522.4295486559658,4665.957604463884
6702.839939856046,9634.721892502712
7360.205156473545,6873.7034192645415
5570.064256470871,2997.0342108459913
8027.409483894935,6733.795884069027
3832.040498006435,3334.401919166348
817.0735495367898,1450.2074985990287
4183.612676509561,6078.109656093542
2036.335197085528,9675.77784121581
9586.685367613152,8457.294690089857
888.8758304938826,4472.967686324128
3273.43284821456,8128.1785117622285
5717.413403564982,738.4949467391366
8695.70682722911,8236.681315319796
1274.3287794595503,2232.0723092850726
8326.053533611394,7729.936273048472
6859.267535566769,1872.9812556712245
7419.627178441152,9315.756961795341
2029.266878903262,157.00594313182825
7766.728362190261,1180.26292573832
1872.9726802492685,3388.917130348266
9926.212115087279,7342.717066955849
8426.565916666477,2796.1571173960288
5407.702358900206,6302.565962886751
4195.381724926457,7880.303069313887
538.3109104577477,1370.2972618477083
5639.014233976616,2645.276217790149
4578.243197107658,5937.333528135029
4524.053463943563,2553.397116720488
460.2105968038739,8915.33058655406
6322.71768343428,3874.105420238487
3024.906661343074,4741.698760608239
5909.595528107817,6162.287478963121
2223.1987411852415,829.3114143493785
993.7852263734026,1366.995445573499
7702.300458846357,1942.9036562053093
5775.269048704895,7183.521964484696
9200.238702326997,7128.688612759331
2811.993342207164,6859.293611185108
6976.846764655847,9761.028785077808
8657.28482794078,4549.809318465535
4738.852145276607,5517.847889516563
3310.1446702816907,7787.206859061884
2702.1071730906333,4536.645291386651
41.161773275478765,9549.431496953677
1456.1439010514732,9336.828151776153
483.5809289440451,8475.143420917972
7363.113772983293,5684.585026333297
602.0958668251386,2922.5451058735975
4856.575419590648,2618.980972831264
7051.539317465828,1404.7503976944586
4949.200622926001,2238.758859710034
8093.216768368242,8359.770866591409
403.17083943331113,8024.025836394781
3911.5564735863973,8535.193582542057
6763.149043645239,23.810994004792583
8878.404428046997,3396.3170347502005
7113.030632046248,3462.7930431595455
9121.35258351213,9809.252568758195
5202.282915878831,1622.6473675995755
1645.9250594802788,1690.7864614930036
8370.838443143686,3272.503434611469
3022.9791492487225,6246.675531454225
6186.299511945797,8121.988965401921
2339.7077275725696,2073.5387043652554
1635.1248902406967,6767.382823029492
3297.2904149063697,5447.5302591636255
7690.147106071691,3918.1538487496205
4049.6651691131915,8105.597548560093
5613.536486434958,5972.370333339907
7516.151349186553,8359.915027374129
285.72569201354537,205.47571997197701
6877.232026571355,4870.568320165052
5660.728491200776,5129.831484626313
9073.613039550952,7708.093808408877
6629.232874091839,1182.3502935268582
3712.9717726835875,2855.657851369031
9242.92430936153,254.2993208872779
6091.469246043644,2162.239812793433
2605.1688587718836,5643.362174893213
9668.132159532193,979.4538833672473
5869.984268136725,8866.653845752187
482.8956000375351,5599.886851023738
3828.263920028744,8953.51298297219
8730.413289289098,9159.080608866172
3835.815279821575,1325.0041502766774
8831.91737942564,9982.28216752125
2320.4626117329008,8921.35977495942
1940.8782093453813,1519.9941854962894
693.1852422670737,8197.926177419951
7188.347150509592,7599.430870674582
2529.569119964388,8.906664885780513
3064.124701273302,3679.8849722729897
1768.8600977713377,5470.384818072011
3587.4783179483848,8630.464118400849
1130.481889046917,2945.280431447651
180.79983355968054,435.6596183329664
9755.38020550552,3999.524016432223
1705.1153596918211,9648.419674985544
2879.206200416424,3110.6617826411366
2099.4061217586946,8822.793439434774
6192.000537433442,1335.1040073188658
4165.467660516204,4757.864947198
6156.003118599481,9210.747857730688
7978.838619267601,5712.961208783613
4451.406127876008,6537.711069208867
1880.099437557674,947.3295991501396
2980.3174707566814,5606.217232802677
53.19637287998225,7144.991846935342
4595.754897523141,2508.54574836218
2083.1720219782655,6651.579056349359
985.2100461353853,4006.6247357736097
1133.0439709438367,7876.4508296492295
2878.5727203518372,2210.182864231649
6807.479340797158,6929.160981567162
9984.212394986009,1153.2237526771994
7959.998072891822,5236.153151078003
3574.644526290425,4621.040697088934
5226.960180422653,340.05387372677995
8354.60833563467,8606.666913708243
1027.2003358596016,1591.3017805548025
7075.4658791638485,2822.7089976059137
3677.189690529682,9344.967822294957
8848.940635513147,7288.403713738475
1101.715150533491,9656.641399488664
4984.695297552452,1007.1927507150624
171.40949820622086,1180.3829518035002
2713.3646885601815,7954.571172056085
2258.154079214966,1527.9978998899135
3508.7711213915018,1291.0373777368188
9396.071960305308,5484.408799051918
7245.7662871199545,1376.509994587254
7130.898073111311,2924.1214974374498
