x,y
5705.69905112236,3121.970032984989
3342.729787245964,5557.512021409111
2600.9744527826174,6539.873350653566
9763.886246944192,6310.234722489881
3522.034114136379,4579.081815567854
4811.331444271895,8858.78237936836
5695.067125745282,5713.530902250312
5774.7849949910305,3707.375988291509
5275.067600230652,3105.045052377462
6833.8980742971025,2360.5760261706832
7530.923866441979,1590.5154091151908
4854.426514118159,1715.3060639426021
4848.288758659165,59.23459383785801
6333.685847292933,9829.699400775115
2910.260363525373,7320.057615910132
1455.8326177401505,7205.809615278907
7203.5076864939265,6492.526068817184
5536.279388039264,8156.9112091535435
4749.5431934195285,5135.965718439837
1200.0171548749029,2035.0566957849737
7188.658447179386,7732.069751244133
4016.5195163306057,657.8390667906831
8794.86988744962,2698.671587337186
4978.312268624887,7135.996409548253
1367.933299944527,4046.466363732919
3895.4211277589834,6736.894096720964
5659.462589270004,2228.682678965659
1786.9955084890187,6196.660249490155
888.111069457419,3985.1063226186125
253.65286470886318,8789.580626032022
18.12573346872903,2379.9082498628254
7692.715760300528,7526.495242170427
1591.3327841431003,3764.2621407063316
7663.547862244524,4170.273151742667
5605.3791195554795,8877.06085198528
3641.227154853407,2987.0646023053428
6574.158922972499,1324.351127066161
7939.41784206468,6520.484641263787
3447.1898350515007,8417.544960126554
6235.626914036022,7043.213315957124
1554.1040888723123,6257.813953346758
4892.697167113067,6315.136837314087
9455.196861808336,5575.377174570245
4963.884700588101,8520.835472211622
4252.5764183333495,3550.2858408671013
7448.505228073581,6446.712793889262
5124.3178345195165,1820.5611169397384
397.1711518691512,3201.7741919653554
5783.251392871295,8048.978696109515
6967.365063398101,3357.605353823482
2139.9832110076654,3653.48310007665
789.1098932367779,362.0664989535083
8289.027424282203,3337.4080014102938
7676.345104573342,2064.078730820691
3045.512185089325,2418.6866229380635
1779.3972873025875,1488.4921496445847
2724.9532870280545,1289.7933836293164
4667.351571936141,5419.872478033431
1087.998933276536,3639.287930357933
9222.685677873982,66.26947050086152
4299.381972476927,486.32524260693754
3362.6269793025,240.10406386600235
223.80770390706294,7841.888066496211
8870.817574620418,1728.6536225670056
7273.398841195033,5472.9184141799615
9143.159887236608,1119.5485203243195
4867.964545689343,7500.009365848013
8707.053117532785,4974.1605547458175
3035.807781676558,491.2483770876408
4250.997087407273,1146.1582614792064
9844.873373339415,7736.329348325501
7491.453067850445,6435.456290483392
4106.9665800437615,8192.751617239888
4673.516744000236,6069.193244225403
1075.980736884591,6807.914071807965
2290.514462495765,4866.296354077719
5431.723577478986,6095.211477241664
2223.942180893441,7537.123344632612
6513.542161968091,8354.622657845564
5565.680979968908,8946.999909490272
9947.007466645886,9420.460749740807
1796.9928037509087,8870.940802583096
3549.2551211252867,233.1874913108012
3563.263361181519,5223.623160998604
8463.445372513856,6025.304346442669
2447.7575505485615,9874.563028553706
1128.561396069193,1794.8457662409378
1403.7886850751613,1333.896528028794
9004.950876942457,4713.25205784982
7803.656824977331,9399.35294322876
463.9027486110825,306.82347304796576
7961.455807909544,5621.316428431557
4512.607187527393,1925.9686649940654
404.2490179744751,633.0186664835003
7489.613027774629,2391.36368357892
1109.746679166962,4106.6489614977945
7226.799657261881,4760.332703462406
8908.444514186733,2394.4380118357467
747.8909706279812,9191.377217766205
8500.861338453613,7715.5978362799315
8953.542144926227,5886.798892313596
9652.81590897296,637.174080565468
4864.260370610994,2425.1451402898483
5644.850657661999,5727.424637567199
8554.584495510551,9532.422258836745
6768.797917323014,6119.726104010613
8082.8530272356265,2272.626319114226
6236.654895179976,4746.655462234592
9188.253728761014,6093.126377013387
3695.2954845667296,3578.30835972166
8411.448142521147,1354.8555511750626
418.3304198766569,9755.450920418785
5028.738423543977,585.3669585893662
6235.215580146629,478.665833472135
2343.818578220749,4198.108255964519
1309.3186617327756,9920.104864862556
6226.136331636788,363.9130944194846
779.3309820444139,7172.80915175606
6396.371972155309,48.159556756098844
3998.582117976043,29.95447562012088
6076.891289573133,177.6424703566748
6166.6855761836805,9827.641971223515
9704.277745746736,9735.234297195115
8343.451247396135,9198.690455971166
6962.556270525223,4930.7072988994005
9976.895979726007,2189.1764315994524
5347.355644150001,1887.8926116690186
6752.547865851504,2883.101198422717
6839.941595943499,1111.4211978274668
9956.849746993712,5302.530944583481
2364.8001800090224,5846.769631495677
5788.367206973597,4878.885338039178
9936.369097435288,4814.78418548749
1224.6113309192197,7250.0091306348695
643.1819278681484,178.4132694331686
4969.255993032937,559.9929562255302
5707.201432603555,7423.576172229801
3937.415531271378,4930.684001828037
3442.309591677448,18.664806326968986
3198.2661688323087,3866.3565379658858
8364.188069914248,107.2556176915318
7095.736401092076,3697.445783994775
5144.250941687176,3649.5431436392746
1922.0210703356133,9835.111062417112
9966.163614052419,550.9287132568363
550.9326459301034,7071.437775243387
8156.957465385926,4280.772482797605
1757.994268938925,6683.4558681108465
9042.331265323788,2638.2307810131347
4004.5151198824124,2846.4375869186943
7496.687139604229,5587.539531252259
2329.5467505639235,6317.491130958448
9828.50838808029,4791.799592405732
6027.318947073879,6285.106296039893
8430.819600282472,8006.512359802395
7337.834576623466,4245.503072498941
5785.336660715795,2238.2705610153166
2933.8314360089526,5818.000061297774
9927.004295375735,7350.89495813344
7825.285162452283,8732.046665606658
5424.664870273561,7502.59773515909
9129.380904322461,3391.957977471571
7520.647593330527,2781.5577990482952
4006.284870232416,9838.035154175464
6243.217881437244,8732.900637931536
9788.313453172366,8137.209709336899
3646.7247009122416,370.6204668218871
1553.8586485381002,6792.338587991487
7382.495270359577,3975.7696374040165
9469.419917496776,6579.257146642903
9177.182927613334,8771.633668001119
1083.736630132055,3116.800702821021
7459.914348848226,4955.197086944606
5779.560272842531,5720.082880717914
7597.842098626433,2376.3961661575063
5944.446602736819,1960.8088519053458
9146.811425135824,1353.366006080573
3852.63649111353,6548.206442481993
347.8930322028173,3934.710068241827
6641.030055363592,8818.021137941305
8286.989842433557,5350.9642443367475
7264.6218622181805,1748.7821695155658
6987.643868536894,4989.941355580309
6698.367553193732,5566.963539243323
7898.487283500221,5081.510137989088
2052.942813117443,907.6659607253357
3887.083276351132,877.593841923987
8225.846968908983,2377.613446755827
6096.469578722019,691.8054411755259
9247.415879676175,9002.84243242521
589.8838827092334,5458.489665011201
2002.7334732727832,2539.9917311910945
783.9949933762936,9449.568268134773
4358.462986953321,6741.488772630493
45.20075380434419,1337.3618782522012
6740.942452525748,2053.0862556968777
73.10880770487027,7895.802865756057
9338.897993560826,1922.6978405985185
7586.788979612177,8476.508035561385
9566.364366087106,3725.6185082610773
3801.0028906390257,1979.5733946673865
4512.05924011157,1944.4213263987242
2784.93890254249,2057.682671922261
4152.201880323759,2939.2684756043964
1941.6682181940437,314.4269165371749
8908.053693822892,2858.5585361844246
5286.636851956572,2392.237090004201
484.1868934171245,4712.721973612851
7769.8124131663535,6383.255113899196
1523.4892645150933,8630.541922989225
502.4862847030409,4881.923547121064
4018.0570548779538,5145.015869562921
3891.0237455993215,1933.9328741909878
5915.990810507012,6199.451417790623
1442.4637609368417,6529.387772154423
7995.876077845248,2055.8730749880083
9300.399561612729,2157.901029050685
3138.2979755229303,738.0222879515696
7264.029448894357,2434.4126639259157
377.3054268426856,9584.10934010822
8690.960384857388,9591.4112578743
2950.2759562530223,3852.4607365442466
4543.682230886109,9969.528967079319
7903.353973742385,2000.7340315212707
8331.755174253964,1525.2931212395015
23.881307120557913,488.9173680649006
5799.850048772036,6511.132082771544
5233.111047286404,7106.671807806522
9420.642934661646,4092.0051110945633
502.3037404576747,9838.25597823514
6083.92149192149,8879.35983094661
5918.2778215720955,72.83080829787237
5924.223719546233,2649.34886343018
9511.258812515664,3720.6516603742157
9524.372476614486,4954.343268289485
4069.550528562744,4234.981074765947
2012.0852956169776,6502.871937644948
9932.854801330946,4569.848828874488
4693.989519700003,4859.585065655283
1171.6585379458734,1515.6952436677873
2899.61857659098,9932.933011310473
573.6847105454846,6247.681266611306
3510.669820628618,8908.019151289742
7679.719153295868,641.2532185248454
2384.2906347087132,2776.6336419913664
1840.1183325188852,2525.2635251142674
2237.0823211379975,8424.680299571362
8729.91554790207,5851.996686451899
9452.464104017172,3457.726186668313
3353.115539274164,7581.931615476033
9155.893118509995,7488.153632241571
9743.343058819306,7519.412260135789
4124.010162601414,1945.8995029504322
3540.4510783919573,5150.588149571813
7459.273020279507,6893.380892004162
6576.154367494213,3664.4190548203524
4420.514074108315,7020.352271310944
988.7608145504379,8706.23122995758
8139.524694334088,5770.759110146515
9471.1713846882,8001.196516727773
6428.349986205456,4087.5057471287455
556.160558984089,3683.3855972245956
7586.556875305186,9411.246830684375
2525.0541363640978,8135.786151086044
4995.901163673152,7745.942590893137
6746.163439324003,2580.63450809087
4481.14452818576,3013.323143350343
377.6218297332412,1406.3369162510419
8307.08984382438,172.5501734889312
4670.660356776434,7778.88295242506
5101.883136781345,6939.416159530365
4016.134326485643,7920.864813914139
2623.9982325127844,6322.65027852661
5556.4938188556325,5909.820185275733
3647.980699024823,4405.973213296726
2673.8614040842567,2809.0723901857473
4739.230761257144,6654.270400987429
8475.973742339203,6090.076373485274
8826.649884898228,6500.074212310598
4983.263950985499,260.36375391545795
7289.393691363546,8038.657748730856
459.2064905093873,2697.6610076512766
678.2088839825684,1071.1244913697005
544.4810831937807,4105.037848026442
6135.569529004555,436.69907326379985
5147.529608874382,1581.4177745857571
3616.8476822953335,7566.841476958593
7050.811589051145,2414.4911825499726
9383.689874478645,6712.5031881891255
2880.758085806504,5993.968444003716
49.68372258911779,3868.822078412855
978.1643374235761,3480.215356821409
7099.6654377723025,4386.786780787403
6371.5240022288845,3691.4802537913793
6668.07949788077,8362.699750494347
3005.1391997202404,6672.242124653314
8740.836151773701,852.1286149087448
9960.100593765032,9235.662441797629
5700.892583105788,4367.55363687332
4624.931226339174,3538.65834445959
8369.3797711885,1145.1618363946393
6222.018468194921,1407.7569463993145
3777.5916716129145,5814.757693207606
7310.427434499267,3210.266306232742
3254.265257816372,1226.123313883072
8163.391937501847,6149.9580465473855
3821.084775381135,9015.463810359865
3441.096235647657,824.9780944210205
7442.199792429147,5801.285869447573
8709.243977578433,2745.970448342885
9624.97242028955,5885.73263917105
5096.857759080654,7837.857432495142
5367.336464384386,4042.499754573513
5352.757572286309,2064.4320428151586
5717.295909688036,7346.103272258169
7078.003095179412,8343.957900120547
4049.1946900077855,595.7702936396824
1037.7861731284377,9253.013936504081
3274.0179010929114,2234.3511930236946
2889.6006830908295,3174.0133191983655
259.00932329576796,2428.909105730539
3219.110762964955,471.11697192987134
5838.846214684453,2495.6061025666563
4169.4734451716095,1540.027346343925
9492.523577506343,7598.647114492732
4235.128074337131,1681.1836155279013
8096.807665217052,7568.45838962876
2236.567359274483,3405.7892641446174
593.5511660849623,6764.216624536833
2543.131022174455,2914.8434937284737
2504.6461344874183,6842.580223933089
544.160504041149,6680.270285585105
1806.339836676889,5249.402185956924
4897.573457462394,7220.288082944078
5553.913018880736,356.2820290635826
2769.399339835806,7711.290573317515
437.83516649887446,2876.4006550068298
8499.699646023459,241.78872312029088
124.60448143280067,4829.406257154855
5893.985919994044,2640.1178039300853
2519.2546525875982,5306.359824805426
6438.399363629272,2060.8760197592514
4028.145121356206,8795.015079317933
278.8972304658399,1599.7155299772203
3014.2630037946738,3008.2868823468643
5801.547162422671,7927.10184355393
784.2147847629288,4774.971311111078
488.40487855518757,1423.845875395623
8305.503906888416,4227.209251614709
3640.3537526695027,5721.798985193658
471.6413151468313,9710.736839205218
8838.199239012056,183.09711508659788
3175.103218966423,7864.46580749652
9997.474862156096,6971.912121353764
7274.062630138664,4563.665711371785
6770.418064641633,4885.197866256711
7125.877466927627,9572.77385435744
6063.23620054124,3828.2092639019747
6911.64461662335,8868.117484275252
6032.941890949031,1283.5324895093936
1456.2937040491709,6181.672810764359
3522.0246547412717,5971.926074051974
2823.878402356861,8666.544997023793
7116.7637579062075,4116.908889208937
3054.6151267878095,2859.3966517206127
3625.153638668762,8434.802812719812
5630.132512858208,6012.716261988676
6367.842455139647,325.94624915528226
2659.050676107889,49.95453499252012
2447.470908214051,7514.147074183046
5999.519356001364,7410.51610947195
8845.999225795029,3895.0481732183107
9138.418211361059,4222.4030385028345
1447.1280662660467,3460.568918818067
3747.3528679867118,3123.4633130859
3139.907239434516,9865.403912041498
3945.70398741564,9162.27444322367
7811.363001986526,7529.351011163138
4847.944393054804,5911.004689853051
6431.338755756644,6244.4696175826775
5933.051289313728,8498.556893736677
7872.214631880086,1722.3330262049642
3658.725620951069,6923.982661069771
7209.251581868996,988.2021260864304
5074.775409329103,5773.783593813918
4617.2764019803235,9054.730162848105
8759.324423205082,4092.90323340903
8160.048175405596,4720.991297223198
8568.835806828116,9798.819143518094
9564.47691328311,2340.046298114308
7054.784139380274,4788.340305292916
8566.24672217322,9642.867572343845
382.12630722694985,5830.814447691406
1041.7065174870909,7196.793895653995
6402.4222237137255,2821.112316060679
5075.725721636873,9093.879794125356
2212.4801810441395,9305.779169946833
6822.256582996914,3197.6263710662424
3478.0506152626745,5151.5081603912195
479.26523435358416,9870.540441453832
9805.841071688326,3610.081068524299
6847.101507528029,7672.664606261661
8999.193484392552,2979.448369145301
1371.2174170818914,4341.091105138546
943.151854249561,7815.668336837599
6146.930768996444,7859.846770285592
4007.287288812639,1105.9008920694446
9893.390613281514,2437.1505524372706
1410.094645702069,3576.2865307098377
2543.3271537651012,5518.056813931637
5751.934922678669,2297.668034322593
9776.48481641466,3306.552403272681
7479.553199407653,3776.857035521789
8269.652591613003,5718.582115130446
9070.746798139293,758.9588037791151
129.99217525930362,1687.5773189078325
9567.721277969447,9142.237075649922
7347.065177799655,4901.205077467872
6408.943569432013,6055.383043228335
7359.120400683711,6298.273316650547
9353.380817692685,4790.901405103178
8217.52493481988,8953.365949698536
6368.8832124925275,7106.930054636042
812.19306657346,6915.3428084475845
1962.2414571896795,3347.814313745896
1061.1654288746763,1185.040172270254
2092.0173821302933,5223.226016085813
3578.440142775947,9405.352352671374
5050.580993323774,2099.8218714427176
2725.748392434594,3862.570968231388
8654.77588090163,8361.508066257002
3609.7172676760447,8669.574131814978
8434.117705992943,8364.805971344014
4661.675743605687,5030.369371731304
893.752790154384,2086.9975136182616
8662.646624934643,6362.104942808572
4058.3688165232934,2013.3451955906157
7579.841337552329,9162.387947696168
3003.352206735518,9887.829238100725
9418.383323647968,4426.424261037862
7562.0317190485175,670.5007724212886
4060.215919917809,2958.224776376285
921.5912215694743,2793.527098253188
1107.821832324719,3604.3604105327854
922.7695459887209,9677.192374528126
3131.1712615723186,6711.725411685008
5298.400036815021,61.76958322891668
8146.1401130604445,3375.453862875941
2339.2584671450454,6491.590953219668
5754.5517023012935,2699.7348659972577
5811.625167446312,7781.428790973158
8323.22144503309,3523.342138722856
7398.962353423502,2424.194064999624
4425.941846320037,7455.260757077355
1968.4626565951512,6625.194150944216
957.6174909320246,9559.68807943397
297.6990666655266,2593.54002592362
7686.723352442568,9094.372185531398
6813.016777082577,6388.34904441834
4608.521081085089,6033.901086216679
8206.934154650175,5608.818640074705
9958.764223537039,7357.561570527929
4877.316848451507,1282.3957927901297
4691.971409363189,4907.192021830582
5583.1330305148485,2671.074672249516
721.8831894157396,7087.243805967468
4869.56325217717,7002.653856512806
9341.892189790487,3892.3918736453033
6027.23804562608,1732.3590932965137
855.7870977063898,7963.566369399227
5133.373343351591,8613.208980015841
936.6985099481651,5313.944147795473
9550.080247025997,6083.922047252967
3925.232777538077,9979.608131646595
6554.224270177287,6200.372122067285
2973.431911209944,1049.7556346805713
3889.253901079204,700.2247252448068
7961.838305197109,6041.831909829311
4958.876635074411,8596.995639462357
9626.291798733408,7013.713454759476
2975.014861067441,7917.710183956782
5291.902515649126,7420.728618212456
5942.7445922626985,6619.105925709926
2097.6185483766217,7977.914653571728
102.19165570088728,9504.456260933677
8386.328992849665,3278.330303521737
3469.3745945593814,7547.984993273561
6814.898785811849,9912.225399485782
8289.539081343308,3906.3636845685924
307.2768741537757,5428.51615643018
715.4462254569538,747.6283635349879
8728.673923869306,4382.446183212285
8935.473752227095,1448.7276874384524
6527.661191411767,2594.7861990258357
9334.731009276864,7346.871512560385
1987.0112249522188,2443.2993901385826
8528.888162015865,1481.7182846583232
443.9236051636553,9694.152053742804
8300.48365605321,9448.229411874809
9104.855489031981,1991.6765496608768
9881.286569151976,3169.025722676294
8330.431846689935,2623.045202508476
2378.2542555353525,8793.926067091188
2854.927355218971,9399.335476229504
7778.964602555194,4718.139014370116
9153.386170304813,206.2734057058335
542.6394645654997,6409.294072424881
955.3642606119506,5194.270483160586
4682.4150518482775,1345.7795442977194
2285.8625012344446,2193.9569909154443
3578.6219783338393,3603.5557695137645
8555.288616006543,9320.285842499045
5782.551354975883,9417.081506494946
9069.121857912158,7939.476705892989
6965.417308326737,5593.42560066415
8535.653201886915,2396.94609497238
1543.5167910594294,4989.595266342381
9271.992491980049,2959.640392600671
1382.6297212021589,3130.8065024377674
4297.160607605518,1710.6945635055527
7476.987029441339,8257.362655261693
7527.116586845897,9636.44390482636
4167.219193515814,9017.107743679584
8241.49317184927,6285.764182959804
1463.7490269406794,312.15016826362853
2353.4993354236867,5671.089477647048
84.82356078999386,1343.7051950396217
8870.259859779195,1633.911436948473
8620.301505552168,5765.076535389516
3111.0911532376895,176.36707401253338
2461.6378049922737,1098.6891181008484
3665.0857225175637,5140.424327818934
9375.110815030303,1463.4331544764846
1473.7442337206785,5848.75903245337
9005.014400150467,1.881367776547238
5860.249964240889,4950.765702239754
5733.160481361653,5546.182973156106
2225.00170224703,9362.817031068256
1136.5547749691495,2929.163983295666
3989.2566220868284,519.4209591287436
6465.604432953212,5357.584265442765
7876.020041317846,7341.91182406196
8428.037495698603,8614.785294038842
7031.530367638825,989.7205555241173
52.988303240006914,6220.760118981195
7878.746063362098,7084.560075285768
2146.4965172286456,2158.002168204026
2641.4323164962207,8181.637569229655
1423.8130332451426,1884.4498173908476
9725.650592773776,5649.643686896464
5898.670958240694,2959.8116408879027
1623.5183525756347,8184.42359789
7338.574000982091,4824.913128720301
2939.8439356505455,8356.675240870858
578.2864674953647,1387.6493749520646
1453.5393999838886,6749.941894192611
8885.843409583389,7311.740043424791
4748.583854745471,6922.232262932065
2269.174254401768,4864.116927788932
1950.4959672950051,3311.5692869635072
8320.240353456673,9258.131685117816
1262.3831599987946,4304.949415966885
2913.690710052419,3385.2000889378332
4271.426999442404,6582.133827647191
4307.224398805984,8865.03224456772
673.591000008369,3174.8837863856647
8231.45765059094,7590.648085259668
4439.906446742832,9229.415838331664
6218.737756219815,4734.775889705016
6747.188887868956,5516.092700131414
7332.356849927379,2235.5627455636627
4159.396052096386,8089.2530913312885
5683.339218099557,2412.6897751698416
4577.155080112034,9227.020912895523
6013.658023084191,8813.24557755528
2933.6469579047052,5035.753539315774
158.25540254111314,1844.5488532383115
8589.75264921388,2500.8780594076675
6750.382760223473,9561.034293427996
4596.623773027014,8186.664026032046
9805.318070531079,7297.701780857753
5876.356903432578,3439.519532561328
7794.787182980008,2065.5051858778693
1508.5986168756792,2430.5833300416425
7559.984765744967,5593.392179740363
7911.866139868901,9631.385925231212
537.8725526227612,8293.11705151851
3655.602652450141,5882.497372439425
813.7839256160728,8562.898627239509
5450.864040172739,3561.6529796689033
2105.0717749624537,5487.687325404852
5980.655677551767,1197.7414252938634
1192.8974301708106,7496.754798875078
2649.57687842298,2238.72008489979
1177.2580187116355,1793.617268689236
7464.765756314748,7086.900083801678
7832.287314198459,2355.6588617907014
8084.313723256704,4857.499113445831
8144.230789116631,7282.539852377115
8579.169264812816,9452.064102381879
5878.16116654644,7452.886713923347
4009.224315291413,4582.3450968827065
2084.8702423458453,4030.2542223873484
1197.7068462749173,2383.5564530475704
5762.812433397822,7975.150034708662
5234.49795858825,9192.809266924176
6915.985890395859,6484.899690778714
2795.9897702329563,1756.0105665794713
863.8326369131566,5566.092381063352
5959.331207437018,8040.250700475926
5571.516887865171,660.0101525947222
1336.010231980277,5747.009660307428
3105.263217395704,9399.845368195638
7969.726659738495,3705.9017308797224
4412.498334368901,235.03722279829776
2901.4046348879697,3910.8288890075005
1625.1696563641415,7987.3691089556005
1840.4250923422571,4818.51839524598
1522.6709600212507,1956.6304185755935
4876.710376724212,8759.498743592983
7568.5598582403745,6186.90383683293
3738.6755137620485,5057.210604965498
6762.97533062785,580.6156648831528
857.2145842852341,578.8618155086612
9357.783843469086,4427.235640870779
4098.502069634728,9760.820017778802
588.8842314198916,2517.0556773035246
6563.509160221306,7124.886060437676
6019.676252169682,9312.497086386666
8335.16799416631,8382.174764090023
958.1931360991202,3934.7335044533315
7202.965634169801,7803.69251357545
8914.243140487983,1665.5551591029127
3862.2374145288295,9192.875836145422
7919.3114606240615,8572.60416409548
6799.725737065554,3943.215437748728
8873.61126193705,9405.407124923417
8920.755737557969,4665.912707248652
5142.87176155954,9790.382549197931
6577.688189870417,6340.0081363346835
3818.2013492881183,2376.133488707861
8773.641830152874,1402.5330656734525
1119.80119833323,892.0008754407105
4228.897357870066,27.31656828285134
9342.765860997697,614.6386486383204
4621.288687347272,2546.562641823025
5040.529185146991,1672.4379049620786
5847.583333824472,3867.5787524760594
7953.917477660843,8378.933793990871
7375.671735103599,7528.235906497943
3129.8547148761845,4089.897635474353
6743.559248436403,4616.669318891408
2310.9288845372457,2999.621587429687
4639.0962212433315,2241.1974817156765
990.1088178693407,966.6753034132225
3885.148908305438,6084.187546502445
708.4744210827687,252.59390078329892
8167.911827061208,7114.105657272152
711.2814428177783,3849.3091697029304
8127.917574315903,5968.0340208970965
9515.957467083617,6049.951053226221
5034.562221243475,1276.8236577594582
4819.344040259581,1353.469925861046
3662.3817237627422,2330.494092701789
327.2061328280607,540.3505778310424
2111.609031728744,7873.1990782602
2604.8872795896536,3397.682099815147
4217.157280856607,2361.674315858623
9367.790889966507,271.15703503076793
2393.077129177125,6803.531019333097
7090.223822871288,3092.729997407155
7467.051398353246,3478.454159044656
7030.456703727207,1295.7070705500773
4982.124334352773,2033.815384657538
2554.8565523725388,6437.3484337610635
8275.613405923401,3440.6906847368846
6862.594108211772,2869.986290455573
694.0752101466352,7165.342464684106
398.80863548041435,1753.9120185829038
2175.6693636018645,2632.145135527004
262.85429997768506,8454.953505993662
2023.8195045096452,365.67569504242226
8414.738616415494,3556.0211295503186
2195.4004888119016,8562.151857467265
9221.786730445889,6500.248857637855
3386.739752516723,6948.700627844124
3209.730349453677,2433.831485334513
9847.468910711605,6940.83302170959
897.3045814184421,3208.655849010261
7461.0400312185375,1980.4478554965233
1673.5349033844948,4477.484650504673
8530.318671958737,6223.7318867233525
3814.1949405726227,5369.438820567078
9836.85234966397,1374.3682690927571
4906.399260153757,1985.815588691101
5529.990355206831,3292.3029790841397
5305.804121338059,8893.777104964198
517.3227007570025,1104.772912230634
2244.6691746182114,2820.808615933016
6405.475955112316,6276.50111479537
40.63027165599142,2629.3373692868195
2518.8789590040737,2716.9434643428835
3385.844895497757,4002.7213501660817
1668.8876930019514,5262.814111982196
9426.848305716801,4443.50715672049
2769.497340703545,669.431676265203
6629.379156016041,6896.777409606952
3546.69342120704,486.40667283517456
2878.965467002933,6095.474026678479
2045.5042220741416,6326.302304747132
5683.626835743869,4470.369569269859
9310.336305117678,4814.018904187656
1317.7266817328336,1123.9463496143742
5520.597558191379,6567.996239989116
9566.692069662718,9082.210462969062
3017.5043628969165,5435.877975613187
8254.834995273866,5356.399591979638
3790.7448543816367,1142.8050707253801
9115.618580608025,7163.379616063668
8446.459709841454,4065.954352290875
9620.845480693766,3168.561323983009
5817.583109704529,8231.143273329071
7509.099090529062,6923.588822306703
9607.556187895116,952.0262810238489
7733.4257517287815,5500.254319120151
2746.4572562950398,7494.119471121529
1175.4536486450252,9068.799858787368
7004.110339949351,9800.241908303375
7975.149046474461,3239.2050942716287
402.6844532715124,8001.384974423577
4984.11749076898,1933.8167722364608
7077.702602534547,2452.529355707781
4905.478184596474,8219.543078237108
9371.124572079716,3051.656043387818
9270.788354266884,6091.8244547030245
1898.0614868221235,9306.91411328859
1818.4529533369941,4500.335334915149
4438.14084068478,2371.2790688002483
482.0972575500615,28.54270002580872
1132.409693388773,4766.4649737817135
5023.827574776225,2061.102921409789
3164.324686040402,269.44735560828883
899.5055843951094,8342.137808206015
1791.7539048239007,5497.805831044351
8039.715084615018,3569.315042695174
1075.7603173891628,1942.546591872818
1621.6196248633541,3957.2190597687118
1329.2691919315114,5266.762020645381
1369.093439511263,8820.155019249036
7936.094013668878,1195.975888727241
5268.583982205437,6906.587602843984
4237.216457817459,8708.024340186033
1075.3953857341203,255.82529091155547
8473.427745091016,3936.2082589408597
1871.7496865049131,3067.7554071399413
8150.970173686006,7745.1842774580045
9868.893337966176,2670.4254489256296
6711.113629396841,2615.7411237527463
4292.359683310179,2619.6694833439938
2434.877391483562,4640.740239473833
8945.339943603094,5820.621502906258
6634.541982530536,3141.7997408333863
8734.92973023433,7213.747157851287
54.13411519693323,1615.8534098024825
6278.809113990247,6766.207175387687
825.2857937914671,35.27897306591643
2174.6337126652948,4704.794355016141
2486.114751297874,691.7515199128399
237.2095014406117,7492.129561853595
6184.610524900131,8825.162095805175
7644.2514080394085,5317.441961275109
2469.0890636066056,818.9849958140871
853.225371850187,5052.993671382031
1175.1570292755387,5412.232342138562
9287.02808257932,8533.014700515772
5732.484201568858,3743.792776926558
7560.767165537212,4087.8155483144296
6093.297157771209,4981.679608640626
2849.53950107771,7035.631114584014
88.31829447644046,9984.066854700484
4526.266383868368,7934.101023035838
3964.9112508406024,8633.62956467119
3086.8551890977415,2203.369224027888
3663.018631924424,862.546376073482
1572.5872194616475,7621.562401426427
9658.30563361553,9215.292539636843
3663.291211292994,7868.420240288827
1883.0628856555743,7615.879574009836
7250.362301171639,4340.272786206813
3321.1455945104785,6973.380889511698
3801.5684029459785,1475.0821953085758
2363.0102636133597,5680.208524996799
9029.183010924198,2295.196142142979
4655.376899255128,4333.653216383637
335.02233268473236,1496.597642747697
7407.470631280392,6860.422172526411
6300.1812849457465,7499.277153311692
6874.81487939587,1168.1073131312214
6334.850214952643,6345.6174191650225
7214.697160393637,5236.008227075822
3334.680713517776,8657.49317705112
5815.5318065705005,9396.3307349336
2448.1741051511817,1611.371380193215
9477.636973298017,8237.99579272923
9984.410085645331,2039.4116589072564
216.81001209511885,5033.405532811805
3797.704211383174,1094.742243461364
2664.482818150058,3563.5531695688737
9074.527745773483,3202.470499088159
8949.723709233214,7628.0608608858765
522.8270149787318,2563.129638391135
8409.491784769281,2525.691393871997
9227.720515723538,3223.7102046597456
474.0036683856574,2802.8243289282464
7431.784478944751,7926.144381587516
7187.984795720228,301.7062376136226
6323.765099940215,9706.049618527835
585.7242664263995,3387.1156748146345
6162.775850761075,7590.244293668743
5164.100858060332,3530.4469801336836
9382.316041956046,5015.40415996824
1603.729836630724,6491.846720567051
1918.2802157313517,2463.624912236463
8160.345729822048,7239.250092031346
5003.020874768103,3767.8501855422287
667.335453481226,9807.591385568703
9749.036550796533,6342.030317141668
6711.957636493417,8778.817525273875
6308.367544615135,4049.028056789067
8716.615547575719,8407.044703041318
9225.196433943478,6170.73536582355
9009.273465483144,9668.837155513533
5023.169274581252,1247.7939541443784
284.8805344714633,2693.4877599664064
7643.901709375249,4458.49341947827
1343.1771713542084,5178.286802502743
5387.235077995809,4241.52461793077
8442.218062260898,9052.11797093664
3624.0914479605467,3224.6245702329334
3711.2669167984104,2177.029483443833
2016.343540671225,7263.816478071848
8916.503504622076,5514.818401490968
5958.2503669932985,1757.7427938717606
9363.113531241243,891.7966042065917
6726.215534597241,6816.958347062699
2629.001698796748,368.84233688578627
6674.035093126908,3165.0359946872377
6271.091746740425,7292.707612180763
965.7109706556555,4530.870442891479
6316.55235022243,7223.7738873691405
7523.199325889427,8998.260924749258
2995.618387836143,2380.600572451661
8000.179587625675,1795.238685924313
2775.8317428487057,6705.792729156381
7832.994405377756,7918.457842068151
7381.818319118805,8783.959492925776
8816.024154454624,8436.587609573797
2992.9980579530325,8791.145167390576
5565.698855238755,5591.933075488846
9715.865873082728,4852.172201619702
5383.701173553478,4637.679689733433
4703.854278388505,6196.342328755968
6194.804605963134,5050.722407485714
7614.276232315889,6173.033253121876
1680.8786214803506,3973.0019679363904
1605.8451393695161,4043.2873820509717
3491.2155345294036,1275.4705558116286
4222.6462328508,8601.634970608264
4600.953647461032,1102.8320739853991
2499.7844959973745,9781.815053654493
1832.0877925099521,6622.403971684755
7977.632870182672,2460.081828728072
4724.684644665747,698.0979811927557
9859.863381590205,4801.592051207256
273.46929322266675,6510.842051441668
1642.676502488243,329.0432800124421
5356.026709888246,8348.723100361163
5923.3299881429975,9428.055215584034
732.8376120870572,4978.074700042791
6063.72861996245,1335.3565240402609
5290.036744581053,3303.027328474095
1387.3778067254339,1732.2799792013689
4364.928769260601,5328.632159321506
9313.698702432832,5556.363355213662
7054.641768089473,4646.945506159493
5367.062467283413,6970.838259671469
4279.6676507438315,3086.9055383499344
9029.504512902351,6061.2605342951065
7219.074413094166,9788.663632027636
7274.020715281971,3146.494208959325
7514.278669657776,7905.217915782
8604.591335066543,3199.0466504644655
707.1816309123246,7185.270402918746
4201.790382925352,3127.074999803808
7713.42349406796,2798.1013836466504
9561.879661034574,4029.210396363675
6341.040582569307,4032.7997115496996
1257.0640931462074,7268.183551770599
5046.555840649219,4260.071330092972
3941.2929646918847,7398.450589481704
3023.1504690012325,1268.1836270784097
5710.744616748569,7325.243418394686
1205.0959212472512,5491.154130212333
8542.870994974424,2958.966604395955
1948.5341614847673,9528.507369100957
6781.220051724349,3431.8174657014056
4888.0340754836925,4748.22263354018
5430.461439832355,4081.139010091819
1859.4682104687522,434.9272718814623
2844.4563839883017,716.2797967032631
3439.1420516426188,1970.4009546044465
5509.3401099505745,7212.1457590832515
1758.8943552825199,4871.748312154897
9780.1380654011,6243.835969748607
3131.9036640244626,4310.593819800705
5495.643283133111,8129.846616032259
5915.243397007899,4671.301257748593
8758.5416813413,6724.237895285508
9122.24143824734,7162.5147611624825
1174.6613297071951,5054.218077851297
1845.9762750177567,663.58575826729
9367.932084552565,2750.6095717550184
3702.103809354995,5826.52811945229
5285.671328898813,3844.6063429086144
250.5726866206337,806.1026987204567
7006.015968393677,2322.6701331280974
4358.887094739021,4039.5578508687404
1033.7083836114448,2356.304927207993
3240.027143355069,7835.769315308944
7320.692560967851,9600.628238528503
2690.48150223527,5149.808936964855
278.95658950554014,3509.2143900781693
8140.550894254273,9711.026253029238
5224.359123877912,8776.827327798579
8023.011229183558,6554.9994884137395
9724.487046324062,2174.798516803761
8176.938220249208,7789.661717225156
2942.6191063571628,7027.544020177012
1011.1751342484765,3479.2357233253747
428.5298430944595,3904.480463085045
631.9397168385821,11.647223504390736
549.7889765692432,2072.5784208028062
8316.334685103971,8741.386799357058
1547.2804289285402,9332.002959025056
4885.890890760311,9302.158381254441
501.8847698744,5952.940866837122
2301.2587827237653,1887.6041575120205
1070.8379707975068,238.79243692446096
7069.974448652078,7573.653347213553
2001.0794269200926,4519.266490942009
5757.892085013692,8030.512951415623
1841.0180618497907,3666.4412353998023
4856.390695831261,1238.3553498690158
6189.579347508982,8612.21073925211
2283.7975745006565,5811.176375814231
2141.092869955891,5486.070623646928
5560.158550322313,2398.7895371229383
1102.2803380600988,6057.769636187466
6196.72192333567,8339.488028047414
5525.812257787929,4881.901203825899
4728.707797337027,3567.5772140819995
8340.900262303363,6108.6291490662525
7964.8142694641565,5769.361544023882
4531.158846086749,9933.459301486328
3583.4707876782854,992.7243226980042
7526.958739086354,5626.31915734957
6780.701276932561,6921.099697650017
9709.194187246489,574.1371357470671
8850.002147719219,6530.4479315928265
4960.472575293156,4496.724216287485
9590.946737342441,9235.603028590644
7293.243345255982,7132.337327993107
6065.39224160522,4346.033720346165
6453.579773360801,3757.415561683366
7403.655361809527,6946.357422066028
6810.507137276495,8418.344226599853
6988.395126158163,324.3230889765358
9814.670572895824,3147.767930726798
6065.522362583013,2793.6489811669408
575.094539339579,278.09238176032534
4383.138978060943,8129.084253090638
739.618083233794,8947.393373612404
8456.993008755395,2509.3246656917654
4228.367189739528,9593.903386735316
1764.400272441755,8632.859779923214
7694.233470233992,5287.093298966713
2153.077649106209,958.8191779798038
1465.944414315823,3864.081123718378
4556.345480725385,3229.345299393983
8828.168181908268,4392.980498482168
508.8464364519529,6672.516517775621
8289.840806848428,1344.4412379663106
5593.075628816379,2404.797754821507
2129.2705426435887,469.68478778206315
1402.9055504458565,7783.413207379868
8351.90117620249,4183.945224458991
7863.472023900259,6895.797986879929
2123.4901177462684,7926.11739274423
8025.086327175524,6925.943315852496
6052.9943434500765,2091.2331247041293
2245.1758954080924,606.8009373127081
9593.989259839695,388.1862715729345
8851.890436438527,9119.153991120975
5688.600509520992,6738.794988036285
404.3913427562007,4066.692613798113
8739.457857556765,3699.767372167111
4707.981919307022,7105.949125064557
9336.453721171116,3074.800201929061
9515.592429605176,6255.92222292073
4067.230601857199,3558.4769897446854
3343.2101293413853,6358.81759355297
5072.7179392319795,6722.876059494904
532.9039741193864,6452.394578808606
1687.6828367411067,7539.453821508865
7218.020576965207,3429.348971341385
6238.743626110025,4640.209503684349
9886.426933091285,4898.483323009953
1987.7287659664544,8745.109166637249
5413.100923388268,2911.39347768957
1705.8504019165243,500.5022709679952
7335.662929417505,7626.969119769708
7758.99660634796,3133.679590494528
2107.5199483445326,5859.607581578657
4072.699213069202,9921.163148968337
5789.875959728831,9563.462843988471
3740.3328726227182,4936.53788386057
4301.87785711694,3144.3287286315704
7887.511572020629,6468.904635825563
6697.502348403526,5713.553923352663
6953.693854191958,8727.587873015013
27.518274837528,906.6387642282737
3924.467993734323,2548.2235873576965
5679.231979093976,3310.2501978344567
3171.774446546438,7671.363241120444
7366.677916882315,1255.7558570896388
8621.01085938449,8233.462283388342
5319.642824162869,1919.8904395989268
5771.918659076731,2828.003796572389
3434.6371315373035,6007.999157202311
4209.890904038898,3904.495417005324
8656.996948836762,4142.757154061427
3681.3334918475007,9689.746478575335
8150.880799884435,2367.0307350969956
2241.909465712638,5292.799418894874
5889.809052028775,2250.54773004302
4572.4777998821355,8421.213945116233
8696.837857501005,3036.4821827633305
1862.7851607743517,7824.804847430095
6552.211549170081,7393.329745363747
2032.2285522121708,4725.151029867766
4625.047771901745,8929.079918219746
6032.11038904649,2983.0032119138405
8783.768593850833,798.6992693459094
7324.091976191489,745.6969966625481
2245.21105997877,9549.362197932518
8344.532646004376,1368.378694631286
1078.3616441487197,3983.803819745011
4269.492833588395,8590.981205174654
4054.859793990245,3093.1356984735094
4043.82702842075,6971.637873548744
8620.875291595417,389.0526133699601
1049.402501358776,5199.377862605491
3028.8164491176326,422.86859759005813
8667.738582780388,6944.179910559219
4814.571023015554,4229.92983870214
4530.242520050812,9236.022128689085
4540.51609166553,2392.9639268877113
3642.780592101269,8623.831247752903
4128.539373486069,1624.4781197933612
8571.486226516861,3146.1264883902286
7928.770417486433,8116.153760183278
9731.837118344469,3568.1509941036693
1530.2953525314988,1805.0084575308224
1964.2429517809535,7095.382427458833
3612.9015026974075,3611.0546901766506
2833.828892162148,7125.459603076114
3591.868275582383,2465.1991626700774
1496.280371879486,7342.977691745429
384.5446605823155,2994.3525810122296
8507.339724009562,9907.182518803585
539.7915896615368,6998.480077434717
7145.640741168186,7717.44448135718
8541.279306613318,6647.291372015024
7635.5040538152925,8158.896026351545
5292.612057813123,1527.1251802915874
1956.453799560367,3390.7151191562366
101.66274901596495,1941.6140719788532
5708.345238183069,8623.856373669334
7290.7628363486865,9827.989834836424
4569.802976793571,4942.734651114459
8546.092687570987,6508.801167185991
5977.280893341063,409.4644097208833
29.299376752931483,5506.124328367779
1793.9089147621335,8089.670883972701
7894.452217050294,1609.694390188553
5602.5150113841955,5060.470140382233
1090.4065704170384,7840.653488051958
9405.597927183899,1826.45556641589
680.0788726277451,4701.964466063967
1232.1205153181224,5305.953350833079
4676.373615788449,2113.1275485248925
8981.949115679075,7982.085483848028
7081.181635263283,5830.970512906907
8640.53507729182,136.47432241558954
4310.569912000006,2775.133142528453
2765.0678377734916,9052.332021240833
6381.325472378435,9809.115396624735
5241.379910050594,4131.536093855028
3465.181858905746,2697.6779239634197
9837.555260348365,411.03995949207217
1190.8595277791956,3782.7211223858912
17.919217198387738,1520.7093116326064
6942.785974285158,2959.0163793039283
9844.512934787837,9667.718505157536
6669.165312728479,93.55053132921954
3661.91325333176,5283.196946862264
1366.5127777370978,5544.4915264848205
7502.29023673312,8503.224855976932
6251.221433869062,5705.979639922144
2073.8827526985406,3124.041888954765
4406.319686847123,2300.746120083272
4694.6129997071275,7192.560677205731
9372.333975219679,47.1488358792338
4798.413393503102,8197.421206513804
5971.588100960356,9989.78329968597
4591.619835138043,3733.2879321857636
3926.3437039906703,6963.379603514361
4652.003910070745,2043.0892573769488
2632.368874923493,2605.2071993277073
9630.020527956476,2151.0049376538664
8471.60777529283,3830.169618337179
2019.885865269899,110.29878251301972
2349.547651026119,3384.973810462567
7941.843392529715,267.8259240719527
2162.8954978719207,2087.9347681675554
1319.623433543291,6889.9961833024845
596.4904771451196,7251.298161547216
6766.853380522183,9057.288657446454
8798.151900060711,6358.833139282777
335.80412338397036,4781.130949737227
5785.940653830435,9440.130846089603
1030.7260915238603,1126.4407768186047
5402.306194915519,3956.1744409248645
5175.117391236392,2456.7880903952046
5780.947736717911,6251.100040293201
759.0044680098729,5235.781642084747
6737.059809168425,3083.494453690001
3460.3310999208225,5514.754189757832
6862.0867590521775,1733.1133623462235
5252.125369256823,348.3606976756681
4900.481730982689,1032.527861569922
456.92224757375885,7702.591743906781
1826.6114987647798,9001.123019737217
7496.281949642983,3113.093221484392
278.4538358241884,9320.25011697397
6364.681130373593,3544.9480738541038
7357.661400856109,4749.042917938321
1076.2519359058454,9018.063533300736
8361.392962341373,4811.048662872257
6078.917741705181,9852.596419446752
4596.869479347396,632.5400938910785
1611.5191361772352,9389.821685946292
6946.794369924576,4324.305239330729
6983.695723384805,2885.229645863092
6418.038043048379,218.10644159072635
3338.4972537852063,8105.202630743878
3996.9008052183794,2029.8229092903753
8995.255400318847,7081.977587868403
412.71458444936513,8013.599803728056
3653.842265364673,9174.177934947591
5258.537550464853,6837.877839389163
4672.155975832981,7923.663253977395
1564.3269362047786,8023.542556637092
9407.126220843227,8101.687895700106
4124.288678751003,7217.460130519079
4644.276100248755,7552.4527882257835
4084.1612876017607,5266.578949041056
8632.591964349524,8436.591248831855
8960.001226648877,6650.404147429381
3019.4923884003224,3647.5722447215444
818.8455624471425,834.0397182654735
544.0579450994986,9574.001785127142
8448.868638332026,8109.9981836495535
9222.546628995628,6848.641268715783
9578.247292890308,4022.818693279262
3283.7666188435987,8831.158144034152
9851.033532403153,4267.838979221672
8021.296691232168,232.12505647692504
8390.495640304647,184.13673424655386
1657.407566624961,7547.918813370451
4079.6507410918025,4233.357303908657
2104.549977539375,7816.767672722058
1431.8112817283668,3896.8017996818326
7866.215188070788,9564.734321521963
7987.6174842157225,2498.4392088212226
5191.690707091593,8436.323582951589
8683.349883534429,1220.6469475261572
7071.79855827627,5985.365747243887
6481.179373421,9321.62664622472
3447.8058642997044,3125.9019285529275
8284.165832642173,2955.351325763784
6609.85202036711,4891.213847592718
4951.780452529883,5220.443220711895
2792.8259411890176,2863.950026481076
1105.782737974832,1492.9391230647338
1016.3972519640807,4209.728726973291
3891.1564013558655,9119.980261970622
489.4659864116624,6655.609314865358
3080.8944258127312,5769.802422852057
6619.405107718327,3727.7474224992934
5041.193556113287,1355.5177057290546
1928.4354462584085,6725.420742144312
2054.785703438223,9642.678097601298
9001.224507533178,154.71636944061618
6209.9762856699335,8316.490569068854
7110.927594106532,8604.366107379969
3972.1290311704283,3371.3048208647456
9697.82318943015,9017.09498001817
9644.143813173567,4501.168920988824
1473.7810562106324,3368.2382982989234
5207.215273761916,2754.462132100396
3814.32611515249,9914.257464626946
88.44563903274705,5707.018006591201
8473.483901808437,8337.458058397222
909.0761148538751,7907.777297378347
5957.134988491003,907.1440960342292
4043.0630037872693,7286.354905525319
6984.531136439369,4103.971102720041
1527.54530943492,4506.454283196265
4227.865591508533,8620.082443896334
7706.182000937819,1023.3593176087985
8852.730673358576,3479.172090679684
8568.826676755754,5380.212817380268
9646.385326891124,1514.9138595913491
4684.315321222837,5428.285927470511
469.9924119329246,6278.832592333303
4916.856317423281,1924.4358739613465
1310.992079153861,1799.4028881426227
873.3771088864129,8604.64042555287
1284.684663072636,1938.9738262603585
9073.296471465208,7970.961492056889
206.73499369221804,402.44185434944126
4388.777508771225,3033.8815408140076
831.576675940755,9411.81892956298
4125.244040297762,1850.3868175435566
3846.6826483478444,1262.2549357341784
2723.328616124462,4400.617816864858
2870.9001966780456,6124.208079059573
7547.835033625988,8070.09236344886
4602.827727823558,4251.328519504915
7808.047753522702,7571.7897598579875
3816.768055346551,7603.5487071328935
2253.33274517572,4845.2125928328815
4751.577781746351,5593.594727264499
8739.013921558484,4933.354773649659
3798.2559007425543,310.66006894418854
3472.6174083861683,7613.000231869882
6419.6027834013485,4106.885779202279
4091.7379216837326,7090.257252803761
662.1705168932201,268.90759968876574
4838.7243068677035,7837.620799932999
8119.176605652589,7188.618396954203
9680.224546448175,4719.08904326164
8946.681680541276,5561.985553876839
3266.5772035623954,1313.72954326469
1615.4616611815532,173.9276295454395
4853.069048882983,5503.674192287033
3163.1411558658406,9597.447934810856
9441.681271313812,223.96372034651168
1600.124975041175,3348.0167166376973
9727.980520674662,8441.176746833977
6244.018673830384,5216.881292865035
8018.433962591635,5488.590828231001
3100.8549595719837,4282.812849342538
3804.486214798415,1177.4747340687152
1256.8775560091572,7475.738022617871
7665.7677607525875,7260.925929504897
4039.3453612247786,1642.6398103196693
4349.82801099046,5871.050266859611
8957.876145083208,242.12204023285832
9513.53997785428,7830.101602825017
6741.843337875058,4373.96108767584
9337.867742037926,1437.2276054010547
3643.5032485812826,8828.087491191533
7355.472125354859,5190.79903887548
8556.677998134273,4004.856008760639
64.15584835813726,3765.5146561145903
2668.2988639518326,976.1775868726763
2561.710491949999,475.91623758275745
1115.0673666112998,5603.139800262975
9048.769074388072,5057.551681704009
249.08367045446855,4402.211912953695
7087.037780613009,252.09727525490112
3681.436130153639,6089.945543299415
3820.49880959185,3401.035689333748
9091.966795412269,1632.4321942561871
1083.1604248054205,1278.3106419108137
4896.185068394498,336.30599724877806
5602.509283454112,6708.942137093028
2939.9123159196392,1447.1738934783907
5763.628073891135,5061.13211020343
6388.069560729389,6081.012653004432
210.28424492366304,549.3319380974726
3809.2565008547695,7191.972339861328
3653.796289376403,4251.4926878649785
4358.182856043936,9289.455381090316
2855.413707617802,4929.30877280376
7232.830867283564,4681.222650870666
5531.037309789513,3558.8712472381444
8696.627435509607,3389.3715343932895
8951.72946154193,3514.530207790336
2547.058706909474,5552.564430832262
8075.195241110362,1272.5402987211244
5370.9581649267,811.4470016755427
1539.6562451149741,5932.531232029257
4675.047644275437,3456.774814832394
1933.84162154007,9333.883322087315
1752.1128026201982,2448.222303857742
119.89757409208491,9813.664867359905
7353.3507102168205,9318.10726628722
9089.342939751788,3780.3387448582725
7358.5445771128225,7318.441573609011
3065.48241878822,3639.237551289087
2512.416400473122,6742.013398933718
6363.812563511668,5947.501705199986
3459.4962502884596,3004.165453178709
985.1572254931884,7272.497559132253
3960.0261260226466,1460.1744569487507
6961.372787886826,395.3230643698591
5047.636023450721,92.17645357203929
8291.732078640642,3861.5466469146454
4629.348547505821,618.173688595658
7766.538667347433,7061.7697119280265
3353.240302425564,9888.206873448402
5809.194762833073,8266.8323745773
8973.870251675424,9386.36849369263
4319.210609923568,9184.298233303685
930.8574477526854,2400.195970517629
1942.6011123829546,7514.7738881986315
9775.73477224611,9161.259908355718
4086.307085397959,1080.4263352359267
2572.43564716774,3895.1871831711114
8961.696782058241,5064.100607133902
6643.243768895179,8888.278372820694
9793.822768123278,2054.044847983938
8587.336899794353,4449.276889105341
8056.302478753993,3021.1221317744576
4390.2889748925045,5017.095908363596
2907.37733203689,6701.724841520136
2053.9436553100777,4435.645877264832
9697.961352896446,4076.5942912205246
8203.368793094189,6481.824553578967
3233.1003286710393,704.3496099174484
7600.696677330759,6704.629817352966
1309.8912298935138,1317.289635722726
8842.303078547473,4312.251525072489
5312.455766903335,824.8930545046273
1483.223879032085,7353.223260676717
1442.4194616777163,5412.838166231735
6368.041837435575,6507.404642812307
6329.966902427151,8341.980315711271
8624.487520393528,5673.525159724409
4527.070910375776,6541.351247439541
3507.1418948124387,2683.004944480374
2943.7046218598784,5843.909404139108
3088.194584585375,1270.6945887666232
4279.250117016425,2780.967995682627
7954.968729536017,8460.300373346816
3722.642816553614,9127.309968814912
9314.541472092524,6537.026186385071
1121.5387422255073,8851.423001514086
6654.027563912663,8899.200662826617
8514.050815910368,5713.780801063891
5099.777624879276,1911.4904936868927
7688.309795715809,2252.7995878997144
42.53468033484475,1737.4075594479566
1045.4840776014041,3795.2553890447502
2936.046588520784,8230.368426426458
3480.7945114454296,975.97346609129
3469.3300079984956,2235.4230008580535
7036.679539835998,7883.784496044473
3623.3060552599995,2076.650171330302
3541.8893603711,5496.853478356225
5441.769899900012,1757.4014609561873
409.13963286392294,5653.770800361196
7963.470086872241,2032.7682440641747
6301.150789946043,7883.281143726079
1360.433349472918,9198.886968623014
9604.006274540845,3408.2852527414266
3476.1097993551502,7897.299663635946
4328.176591473185,1320.452002312622
7012.88252436533,6983.188281651161
5505.227401255905,2077.7130818638557
9180.126463489974,6472.784131613443
2824.6178250295084,6745.827017600937
3444.8995586311125,6883.644302733264
3168.746484205719,1905.0432890373504
2628.7038976743315,5023.209159471316
5637.8302359281215,8825.155503650576
8269.168773474585,6732.901327519677
9997.527610191317,7401.101181980515
4673.358154172193,4508.827844776621
7488.156262228678,9271.57998185026
6677.67483496166,3896.1943291649404
9548.3427028546,1371.4430152815228
6624.390570291807,339.49216209293365
6980.106848596513,9948.459227709725
2048.2839049227296,5149.715503148286
2990.8209617548596,7105.05642353545
6474.514624833816,9015.980459426475
2258.289290407464,9410.288204011438
5908.618732150965,9271.661177351905
6965.8757602545575,3947.3644108234816
433.71613129475685,4721.1396099858075
740.8001544912679,6926.393624835507
4117.421973812348,8109.98592111001
3109.8396281203245,6304.410971533495
9653.845779553947,8431.935989150597
3778.7702673989943,4428.57476385577
3166.8845893781495,8752.743704163573
7549.59024302293,4514.939252822854
9850.843128660463,8090.909775642801
4666.393251682302,8535.450288010383
891.4719568036611,714.4626008169996
3858.895186692817,4304.122272280736
9200.374265830344,1072.3190319455855
9499.44610514674,806.7018572718176
5614.340096599958,1014.3626017596674
9531.806609492325,8883.149491846545
6825.281489033173,2923.4888300511707
3071.821963524345,6880.956583611435
3118.581737218209,7659.750489316069
1619.2954935578996,3697.3108146260847
154.34388882081595,6149.984050751616
2010.9998550355367,8920.592335107789
4509.812032153586,8053.709085828944
5041.45250446107,3402.263773568075
7487.309355684676,4235.141013420921
9178.02640096558,7970.419936831705
5418.408445243597,148.21401821044745
1786.2201941477217,5976.749472939642
5593.946060802698,4066.474419880165
146.95746598038738,164.58818667331565
5861.8394789005115,3394.524558592674
6570.311364170311,4586.699973914433
5372.454847139598,8815.733445652919
6396.066928743037,3273.6339027256754
3374.4886267447273,5096.430798402102
2846.3800826715647,4358.661392040083
2491.8242517719345,890.610390092611
6305.138569224132,8036.226550677557
4982.011814175039,372.4662199467965
2974.7896836425202,8871.947590491116
106.85679570514583,2806.1768639803854
4399.209968721749,9939.629454902824
8594.047441512632,4446.155887086222
4482.471503322167,4297.429458538686
112.6602533741905,8595.748100326098
8289.591148116173,3828.4489668716824
8620.724781538614,3788.022803521318
582.674522068467,3895.0427134347187
791.6754942384397,5866.271798928393
3048.4973246151835,4256.292855666105
6176.824560199133,8668.839107363916
9137.628458837284,2943.4534473016483
7428.214006077303,8869.078565572978
1616.4946572527272,5361.0073916208
9445.757616263225,3743.7332430519964
7588.8035257741885,7079.89209192954
8156.288092617494,9665.856357480372
4636.66499551487,9587.2530568873
8046.552543808158,7571.137108478949
9053.292705282125,5875.449322128981
6551.621459417739,352.5532553822852
8573.351966201786,1136.0733473368723
5551.951837801683,6512.243212784195
1197.1530771023843,567.5590307131117
124.4600317221911,7964.573167861676
20.693841370398314,4844.4550638168985
4014.8964397209943,4990.7689396233
4485.755331942203,4761.309713770355
7671.673655907186,4457.544019677596
7780.411305352475,9575.625402005042
8421.920654306465,3550.9343329951516
5646.795493486695,5381.404854760873
6712.284109046578,1150.754608034098
115.39391245733887,7376.1472442512195
2998.3081374161748,3485.648165270009
2019.9084596245552,2429.3855977674316
784.7926412913786,4020.185085684459
5581.595721742828,7818.054248138571
7390.2221884064575,1924.7531141417728
4372.433788066184,1244.1719954440543
6621.9713970170815,9905.550587358213
7375.420606270844,7396.892681280189
2036.591119869362,8778.024481501814
1550.926908459419,2249.9385099541323
1691.0778633352497,6134.494831732855
9996.837740261575,2511.3295392551795
9371.303991577855,9306.79567105238
6856.036626159375,3237.4153827470464
8069.171648821765,4730.217253370646
2028.4655145048303,4993.412626124639
7141.504645780578,7217.563822603749
9195.51164884511,4232.041648353384
4829.129905744409,6540.092712922918
187.78141336024402,8393.316383508729
9582.546150837981,2684.3491678343403
3942.3488673782667,6094.9327145624
3475.4197377671017,1891.3282656699992
1033.8137529542034,368.6345993510398
6858.237670209466,829.7566289540814
1377.9821885036736,3995.9396131031976
9291.25652539728,9246.856875689631
8626.59997907667,4295.144594622427
996.334429815735,3001.324422364826
5728.866030019713,3705.092343712605
2840.1999003859146,948.9021978979628
5095.581082134119,6940.849820545386
9888.720552880319,3312.360738329676
8162.0544339522485,9035.366437240942
20.717139816742723,2913.380107679482
9638.820563332954,8743.283983505948
3248.997256236675,898.9850505081142
9784.838299379879,8952.647048732897
4357.04534566344,7260.413139505392
5106.624142601679,5293.456336986744
3153.5129128682893,7526.168463210424
5018.013170820615,2656.1468415033087
4165.547192148111,1995.5644842103316
6805.40688264459,1360.384322815553
9970.201097802985,7962.214275028905
7450.084741355013,8294.150505860285
9852.282111963319,3348.796251906806
5958.596414305438,1674.6854361685016
5291.9306273407565,2025.1337042827777
6872.707335318005,4004.810025983121
1810.6293067167344,3940.0817712814483
9403.393806312894,4728.137584872296
8655.67242801275,4134.262765878877
5702.194365152027,6943.194917448062
8525.703227134965,462.99254876683847
2347.8624798133897,4760.097334512865
9805.774120440441,2279.406136443142
3702.3270308378774,1700.0840815134966
7872.6057762106475,3564.033588756911
4851.774304978354,8622.547909405499
7843.695595876976,2879.20896239075
7741.476117634063,3687.54742913055
572.4947687958992,2968.443802505268
1366.0689213018907,3764.1666740793858
871.1482959595739,9641.92484171655
4023.133731405537,7583.1319926621045
3238.9866164087775,6253.161388400386
2981.522926272844,1886.2546529360047
7543.478259637908,9184.982997753907
5943.357065877901,928.8276402654993
6265.8043937894145,1018.7389775002187
1841.8481317657297,3825.744229291528
1306.48029220368,9139.035192623312
9646.12929889458,565.3138493254362
7728.818456133799,202.4641914984171
7006.247677035963,3052.0115547270775
7361.354031379107,9164.448888662024
1371.1538908888099,8421.200320243108
3667.8610817305835,6620.743240254753
1073.2259576626157,3630.494860237405
537.2679125037394,7997.268080921257
7427.952921075708,6124.400071785247
2867.6829198139862,8372.457263569464
3549.455154094323,6171.074720139892
3796.5079088289335,5652.4204244682705
4756.014126396477,1405.6881282710565
7613.469081435008,3834.931759253757
8702.170288297815,1311.072395735099
4715.824316690649,7899.746357521746
3038.668188495178,4531.4416681916855
6013.4606866749855,7342.9723303075825
2989.862441889517,2348.1406941850014
1137.4656502509129,7316.831400444539
3517.7087944154905,2941.600466458677
3528.1576989895657,5859.141552872442
1345.3986520767057,631.0770142588717
5727.61258993425,4432.262892415707
8407.88433343729,2392.092663650216
9542.567443520451,7056.017869935393
7768.450665783969,6737.380534680263
8705.364319313283,9808.455402717384
8978.356411763352,7931.652765625783
6957.091685680473,2957.6593399021976
1281.1201731882281,1378.5417543602673
3417.2839654478084,3419.7504459906204
8554.089501367138,4228.88841232218
2400.5369686462154,4266.8682613110195
7826.970747077367,2272.39345043884
6045.155973392098,9167.695927942577
1647.410534433167,4029.6996371140403
1901.920645885128,2624.0080261825815
4966.606550509297,3992.57440849515
9436.096964196124,6205.194771633488
6936.095730502249,5344.324045917659
5209.5536245478925,1882.6962385777101
3115.3442755193496,8941.19398398091
334.64480742139926,9039.006491850103
3116.9740270178836,4802.683360325256
5336.709650739949,7089.899746555964
4027.3309765234044,4971.687158937546
8191.652700232282,3960.161283296443
6670.973065306426,690.6893215980381
2550.277661477076,6988.00555103795
9148.479294188019,849.2542644644185
1532.229393898583,8018.561181827877
6414.364393554426,4672.629553853669
9552.583929388626,7449.016171325312
8018.45622356461,9102.272328900595
5301.656455964525,3337.9898889169012
6602.9260759835715,996.6296641646899
8928.19064442349,4989.087388960962
8523.740139723152,6342.314810616597
1202.3521369382183,2264.9159566156163
9172.491587382949,376.9708954159623
4230.2898656265315,5692.84145570557
7825.767250392237,8341.290369674569
3713.4938566976925,3794.1040749979884
3015.044077261939,7222.340781219747
8771.079733547867,4243.3116834452085
4302.104431230024,8757.742028228056
1311.29838070565,6231.5169921178685
414.99621286346655,133.09249421790236
7383.142192361912,1148.1740649927585
765.7598857805192,8373.098548712416
1305.5714764011207,8994.818235541663
5306.031469633742,9044.452367937083
4699.079410066294,8552.996197185947
7662.39141622456,2294.551832512908
2798.6736076973507,9142.986438627959
148.12838221821667,7052.847135267149
2488.135183834104,84.1959304791784
1757.6010770327089,6628.276467515822
8298.286082291177,3836.8997162725427
6616.23965165489,4428.943976524017
4321.964877799293,5243.571564318358
3801.230488867731,2160.0695046405704
567.4609725784474,1102.1332100377435
9375.30425923758,1593.5995455469222
5783.4681036950815,8993.278793362751
7745.926370580835,8256.855539072689
8971.224807101153,5073.84175850993
3117.4063727975154,6092.308338392562
7057.061605990065,2034.717740342854
1040.9151682750305,6512.1234440727285
1246.0856298301958,7590.457334061834
9818.636677410595,5665.3969126190605
8708.91697837825,3051.1803876446274
8585.57130626068,3399.4572468016136
2780.2734235836433,2032.1948107683252
8046.431139405271,8956.228305894932
5559.16763702256,6469.32786498385
5559.688434608696,1772.790645572232
2760.589885139254,9599.915598566571
799.3647051773179,1372.6835500955349
9175.059813346079,3618.366841406685
1251.3670962521162,9144.279928739566
4763.888872979214,6239.407131889671
1710.7114429075953,6684.093503040518
7138.706325827588,5280.042602245048
4980.788627707032,4743.785882121621
3141.426417458448,4090.0520752988655
9317.616364241503,1442.8060161804624
3776.194784451975,2363.4420342253925
7174.380419072503,8544.443565775642
2887.5276560115194,7772.212514051872
336.8490151074299,5322.896638112912
3380.1777422164582,7384.738283490331
4624.139789254068,5271.437726229915
8129.601194174333,7666.33044689461
2627.8239623564646,9183.994716895977
3305.5371473999007,1913.7944390663574
4432.891792463774,1343.2810656559036
1113.7491756479012,4133.966249438533
2056.842066866489,2631.0550613355067
1054.115693259725,957.0207787727126
5220.3924941388195,2968.1553374315818
7515.19467430792,1056.218360135568
8450.413177090057,1989.7852235236778
193.09874868468248,4580.731095085676
5748.66183402976,4891.734631827216
3862.722515811007,5899.07241042146
6341.052068707688,1840.8631793346176
5540.538549970628,3515.6625600236625
4122.277639712795,2326.3537494429675
2878.761845547958,1728.692152420288
1680.2891479632942,6344.441708667738
8393.253359675538,26.339708247296034
5658.3855340372065,4118.955457322996
2266.0783841793373,5955.852231422711
9937.094853595967,3766.335394199932
9746.562374183724,7371.183131662723
7636.884368474458,5388.405584832413
6310.312447859098,808.9539918621936
7583.760428223955,4964.309163943568
9177.826816981169,3790.5836979678033
7010.748496191105,9439.826726844953
8867.1736407036,5162.909875777223
4918.594985934769,1753.744543949043
2404.8392658750195,2961.9493911686177
5429.420115143349,6686.385004778916
7118.4336816024925,5940.721510119293
1183.2166635049712,1326.2469658485509
39.14655759325258,6332.892978726548
1025.5550423602865,6464.594780365155
3212.8539641638754,1821.1498074097776
282.24066731112,7827.319582120902
3106.845379530302,9708.641151421516
1818.630593153696,7159.558091825386
1700.083730861205,196.50528404290492
8719.618544261457,4468.761360201086
7407.3183052271315,6900.773686833478
7530.997774025414,7540.655870873469
8314.289745200866,7006.9605274318965
9424.304971889249,1206.483909676358
9438.129728413049,2113.856516276278
9792.765085047851,1821.3357107668037
7283.453120209816,2242.753205594723
2745.8013019050154,9937.190598745705
1214.1752260806604,6155.271164260531
2457.6188813802823,803.2572622474377
8369.798678766907,6741.645214304041
8690.617263177111,3647.6830760751823
1847.1818169123856,9742.269165176811
9839.731085500016,9188.74138894439
8052.23523653731,1648.9612793408737
3519.998927077933,6436.929603058246
9025.084270062396,1387.6872556023534
3200.923694665061,2569.996685089239
6012.839448401967,8894.203627513309
8746.883305249365,3737.5021717842983
2635.2208558897937,6672.096632205244
2211.2254472697814,8506.196137382263
324.4880925175153,6223.638677165961
2736.361733593776,8800.318868962222
1181.9453739479259,8636.010232717095
6285.622070972645,9812.418023933044
607.1092217209284,459.1716070002583
169.62892108269511,6570.854781843092
8498.859143842787,1853.1541516292061
1130.4460406067262,141.7341754150736
9229.517471601948,8905.941565495832
6841.4004453647885,8075.233121524901
6556.778353260756,873.1960004989359
5224.207697583548,7477.265402052438
9363.241037034306,2892.796686162484
646.1355102057964,4312.751578211235
7069.650789641288,2162.4137815830068
9065.6457454768,4354.0917541254785
6013.585598998914,4250.431180775809
3401.7060029168565,8759.19558532413
8777.628665082897,186.7510385829596
5115.642647015657,5003.574140824198
6431.455229153349,379.86745635064545
6227.796647547018,7992.687622921778
9867.767580941781,6821.719459259428
1066.6098756034214,9213.132955504834
7957.850024747729,6675.832554397447
4488.008551486443,342.3970945360155
3788.3136433353147,4085.161420543465
5317.145183518905,4103.915652319353
8048.817750340987,7332.49529326117
1415.817608027291,8351.13048577246
8168.028388058637,5635.883619182683
9308.923379703136,8258.428780048285
3005.9917544127848,8445.139670931332
4986.550345063144,3794.106871968097
9243.319819888891,2051.4658045605192
3072.907271256914,796.3706125006964
8943.958467672339,6814.224861245247
7917.8965271880315,6418.448167593553
5547.901480770808,9025.378279936516
9308.185756360177,5489.426414589775
9759.05474402278,8251.85578976682
7798.153977894449,7134.218123031504
6558.089783082702,3221.311613740693
7901.209925752868,9339.985123583849
5395.425463488831,564.251380634303
9013.333730110404,3998.094343837717
2715.9573730420384,229.84598658479905
8249.06501570026,8114.088232557549
3233.136195631503,9551.226585589788
6516.611078868959,293.51056477791235
9546.540989357169,3479.3644716626504
661.9515307436363,4456.755482082575
9191.306359705792,440.7713978930627
7339.383823284744,2077.809863245039
9173.861364383925,9446.954316528783
2854.3926663050865,2952.8035811120258
8174.005602253506,1208.1029281925048
6756.629842276001,6357.028496606875
7412.982829666283,3619.3675575254224
8262.787784529764,620.2188090979178
8544.894822179353,397.5322446426033
2962.9065239762476,7696.912635547367
7807.813901541345,2244.7936363841136
7662.466867084187,2794.167073318048
2054.617846056338,6427.363161404027
1184.126921093197,6616.9958783066
4505.598565698729,2288.927171099785
130.78320378191898,905.1349830020117
6880.0926202130295,7805.155422506064
2362.577369357528,2700.686323289222
3765.620132256401,2664.8918249378694
4629.456430671083,3115.3121319187926
3319.652229147907,1805.0989610909928
9597.320608103852,9857.598298476485
3361.1555741752163,5683.479307024356
5485.110688298457,4052.947793185722
1697.5843244067191,5669.041833532055
9743.024929019482,3008.5900707017054
114.3363603050318,1906.7832612725122
7209.313535648529,8940.662716674931
8708.740544255408,106.78590546784328
2471.062192447644,7119.410997307093
4795.225946196168,4281.51420096437
687.8798067831116,7710.577624853485
7107.322607616255,3933.0826236561466
5211.375085601243,2297.1591763599417
9969.888320339625,9480.475565003546
891.7802618116166,5394.944963650864
1492.5286556048368,6477.357361063828
1986.5758255214628,8864.500400784596
1329.1072490129707,1144.3885516815687
8601.939336102449,4167.043468887381
3697.1830021026262,7967.801666914404
7094.014543197323,9222.150623068652
8604.16975400246,9290.950820974856
4595.181582531231,7998.280593009253
8743.003795078757,2512.797893915153
1444.7330704204942,8651.954281764849
9326.037913683864,8730.846250704668
231.87233376202653,224.36412081536793
7725.732924694848,2722.987274292349
130.77307189629073,3314.0870791277143
8524.614465490677,8061.196909518584
6164.791706377312,8781.91010648229
1601.756569575239,6345.456217819634
5921.9333226435665,9166.3124696688
7696.961968070027,2983.658369606923
1730.4281342627025,2381.3375625624176
4054.771871053493,4558.533995460918
4407.201547017677,2307.0437345874752
5470.200202196774,1336.4372713261096
7431.795601712102,247.86294067191017
335.5413183149658,1062.5309596565824
8369.077753315654,6331.591333216782
8964.028569043285,257.89580049518037
463.50592067571637,5405.671544990473
505.37769955082524,8041.249868653297
4881.039387047574,8369.141506459879
6338.348987441751,8952.917719067276
5703.213496767969,257.1742542172029
748.289380535414,8188.455792601101
2997.2081364108462,5395.714575887216
8794.524659768938,5045.928410556951
8453.42379465624,5384.200729066695
4388.083675418281,6620.602991294731
2943.772862074575,7937.803708216683
9496.635097919183,1507.965621775351
1505.1472562547551,4916.434592835186
2952.093883353195,9982.76010219584
6732.595414475772,4979.168949400132
9090.644215040735,8009.981930797222
3266.305505680096,254.45688238758925
3713.4198962366395,8357.22987515873
3522.0549066778485,2475.1013789256217
6010.671065503252,7839.84649023549
9772.067007004853,2308.639086609715
1314.7690725962625,7654.60400268978
8861.7129930461,3551.8213449803006
4879.187857784476,2051.537375776122
6391.861150679583,3551.7166229564755
2333.237295901812,1576.7513216466477
4850.6565428898975,4072.4566960459097
2140.1067046556877,3220.4876333179645
549.4973195779029,8122.571848178798
1213.368160547167,5590.243336308858
5544.583380020977,8355.287258755356
2858.554562347568,3209.0639875754646
9352.544644661748,5506.861153126887
62.42067068486512,9593.36637782333
2405.1335490380634,4652.3194588673105
2487.371918780228,4812.99595693622
5138.245047323901,7862.6450140807965
5724.472188553479,9439.547642971718
8240.665948035168,994.1546243715771
8291.232654725618,6250.76660098181
4512.687510894635,4124.802371406706
1962.0730033401435,8229.59752710962
3495.38582974148,5850.63991166086
2907.5827210052485,1485.458395784005
7849.396885060519,7371.340669919449
796.789479483142,2729.5457000315328
1721.0497581169116,1436.915807945912
3692.144293358147,3950.1906494192285
3020.261866337044,2430.995396862956
9356.033325628674,8804.811572521274
2206.373146257712,6087.347892624804
2205.524382008299,4991.969175597731
3003.360464956478,5558.128985284518
9126.471199836467,9113.668465924507
960.8981218600366,9697.512049263178
5385.643933864998,2527.372681038266
5590.311313753966,7777.462209918507
9552.51793584975,7616.510060921083
5175.590224011812,2229.9823758560133
7020.408772659254,3099.240844818939
1014.6226430581762,5100.50798591112
965.0351475371133,4524.091732490473
4891.76329782838,997.6159073195734
7793.232643240564,2432.4736547229886
3716.5954600160067,5923.207355295612
9928.813646994324,3609.757971517744
1610.9870627967982,5540.64183033024
6306.303637342927,6547.0121661977355
5366.489512513255,2155.865048873076
146.01353140743066,4375.876745597072
6505.16030293727,525.8577282679666
1243.6668627776437,424.4277159324894
3192.704501633501,1780.4732087379848
8001.06695248462,1700.9668261436418
4628.46753493384,612.39272345189
1758.4262862185751,6400.247279678353
4939.201857783662,1951.625446207752
9392.265455752546,8918.897868234304
64.35548925202484,4643.745435567972
6027.515234204661,2781.5526173110215
3128.505787882373,5777.247317528301
5134.888304811522,3074.53449495525
3734.069876526358,1037.2086344424436
7904.156437720448,8781.786101488693
270.0109690213781,6816.08592636262
5383.665259731059,273.45003867536246
4164.198976577251,6234.2673294334745
3511.923254588305,421.3613602130562
5738.285628165139,848.4060690438345
750.0023722192195,5174.0469796378375
5395.008546467744,8973.411189391009
427.38072435279275,4498.523046590662
7693.956585324996,6489.145727696487
3768.5329339836403,9820.297656202358
5888.23325579528,5949.5046673048255
2750.968481257664,2873.857963963047
9549.378431578369,8005.521796348204
5644.01563703617,2237.4833947280626
2702.129736290231,5196.948462360391
1158.65999135507,5029.763225106632
5716.932376486068,9890.836696098278
6480.396667795267,8960.310779224294
272.29412538085637,477.3135295873598
8758.420380183024,6501.1892886882115
5923.064049734456,8525.573441305803
2248.1491465512595,9101.717520403125
3631.854396873717,5657.4396022059145
3419.314447520958,8045.153952200704
8205.32900075601,4862.471808257967
3085.6244250474365,8667.34174147247
4190.078405121129,4188.23200405016
237.34214445688573,1463.7037272557275
423.01452224405847,8265.871969640784
4072.303004649247,3736.331333238625
7228.728732863508,2063.2906985261734
4192.19163275858,3145.4256860647956
922.9779830932116,6479.241319744018
2285.9713091144686,4201.159389077117
3774.348115117462,3133.243643276392
3091.8693125540385,5319.554154059411
7054.317922425941,3259.1328567627374
2074.4938672856692,9169.703436954736
601.0533451371102,2690.8931867812503
2510.8804099305503,7293.841127820361
1768.0659601886307,1575.255057855559
2489.045687065844,406.0523032034113
8767.045066941057,6423.225195870444
387.63293118575405,8719.960035316924
5988.364084002933,3119.126093374175
5713.018976551991,7412.453482052781
1701.2665191309206,3756.2763530844322
6640.246115059084,8743.195751466168
869.1831304782305,4528.221202927538
7983.449211339678,5792.403232253597
3123.815937279859,2488.0649741306393
9833.76356444699,8774.943805697369
1151.8492888509757,5145.627559731994
6265.427999927763,6368.5078789838935
7111.517939792854,2856.569040323693
1673.442026360007,7224.343887242266
8312.505671357969,5813.48901250764
3101.211349242333,5807.961788110081
5715.571787663464,533.2780307196294
1259.316657031806,8353.399039926277
9179.354508201564,4063.937922783417
9133.161271412651,5583.129539709349
820.2507933766645,2221.086201729744
612.4089781137366,4363.265584009658
9980.780379492242,1606.7681408564495
2117.1485055000917,4433.837416385307
735.7376707211616,3513.1028198936565
7448.032881448,6841.6019339288605
7840.753192271991,7175.186994959112
2231.029028269812,7449.676932218428
6264.688598508918,3136.7263061162676
1530.516133860409,7288.803128248325
8792.458298895323,9467.50475144679
9513.508772450192,8132.847094369259
8261.982262805346,7927.872921382769
8600.825274390807,7651.06699674212
2881.1054000311588,8283.834798910357
3939.0773380729747,2158.158452978639
5935.646450811798,788.7768666063122
5646.972744262945,5152.774112701859
2519.4706245307807,246.1362352855434
4756.909669277176,821.3904060749588
6940.815040534367,8132.609594438574
3751.3766192938647,178.87989211422206
35.27396739232414,2775.1966703403295
8891.345201121414,6615.223055457297
5850.1263606921975,6149.991278725638
1710.1234108226126,5826.913263191768
1376.8908875380282,8440.499554392158
2291.365931436671,7084.779269509941
8540.112253723722,5354.875819454068
3486.433046313485,1404.0447215183892
575.2268043181508,1421.6140783283515
6983.193551582743,6890.085165025937
2007.3948281237108,4224.87893760157
9245.758211353086,6842.010322794241
1421.6798329852277,1572.850323425321
2610.2183509036026,1036.752622359638
26.568788466694304,8898.868094359135
2963.0481079291835,6150.522896023214
3185.443631987196,6925.428803351987
7015.902582939252,5495.592929366251
673.4829500981199,3619.5325071005977
7018.056281629663,8410.815372536095
4448.779159023584,3093.055871125148
4858.619921108402,229.62520639044803
5373.326892804506,6893.971144173655
3171.3763309562514,6682.492447306595
1024.8873467027076,8378.321913018015
3916.157463821902,277.6943508825269
3548.39879910421,4429.655900253675
1743.1556595349696,7312.646231179882
2301.58088413661,8045.329422476623
8963.032623149826,2091.262450248308
3526.817051004316,9284.011465382631
1971.3754018076545,893.3453605769026
4770.624936850783,7576.254230667846
7744.228555360238,2883.6777818427395
16.078424380990832,7707.559464527724
6705.84076108906,2264.523439204853
2681.157037243057,2115.724939636353
4741.838564209417,7831.968420585368
9760.46249233336,3032.998194096466
9103.978656029527,7345.077930067393
1895.1979895235393,475.5927551476435
6960.416320430417,8646.57935422726
1747.774276116988,8759.992365156833
5330.52913427177,9098.37871982088
6567.275022357629,9996.975134646933
6445.381608818985,2163.868462019134
4797.439033474237,903.0992706971241
2881.006759132273,2557.7989272886834
5921.131448971521,1695.2599429600623
9398.681001930334,4368.951403701168
6069.566593626411,2748.2727041503017
8884.110460750671,6318.766302023287
3458.912556595285,8.945719120125872
3086.7994415938783,8208.026117111776
9608.68957529418,2370.1109287340973
5250.9944830918685,6020.293344923918
5463.224033313901,1313.153816414747
3350.931520200261,3151.549411858552
4037.0229874046636,7341.049009242603
4740.715324392828,1136.4225443765408
2997.6885816720555,4653.10634545677
5511.3879114296315,5557.00747340941
7062.0002556838845,8098.081724268413
844.8414943170834,2002.5460918407111
7900.245430679318,1374.578511556025
4052.0146482079467,3177.0241631432737
862.5210090557323,7639.268051267108
403.8396547279155,9782.947580040453
9706.610453129313,6953.924112864805
9099.861963938747,4007.9390917432966
4230.553074479787,3078.967115253991
1851.2375137858883,6227.031612902433
913.5332475076364,6801.799726272709
3416.0919167822203,4369.275560456482
7127.876839302721,1921.402264445463
3973.2446903039763,6325.594144902658
236.17239468319283,5490.847066299639
7409.087333611241,8971.560453788006
4440.422096040506,6228.350009518086
322.89582043999343,9666.576822135115
2802.26792274331,3805.9823468796317
4439.211117385661,2134.9439742260824
5977.300449986033,1860.930408692183
4813.255641415196,6325.048216829932
9385.850830968571,7322.59659182153
8157.28539201491,7970.853076177218
3923.5094743938193,1395.2122363991393
5855.639531174131,4068.4776658943124
6871.452307782576,9954.843493611064
3077.426702161669,5736.487741353555
3496.5975938551173,1938.1779029183676
1202.2863391265403,5000.549108689715
6489.311407223582,6605.164390984165
849.0518598694407,2211.917154632258
9207.023649953744,1523.0096028076357
3308.8857580852296,4311.046220773217
1526.7620609751352,6211.429835658231
8036.6634854314525,1022.7698787141837
6965.908162566843,5491.343765146564
1293.3018396635155,5335.258438709353
8380.879141247839,9849.927422659617
4016.4133737918896,7739.82094051748
8337.975854835004,9097.079036991589
8801.448385817816,8338.733803069441
121.02409574891394,3925.4456744709364
5458.618539418083,9865.315727853555
8539.418066107732,6821.268366711664
6539.046095235842,6756.354963307333
4838.122042027114,31.556925507092437
8979.336651745853,3999.7489685142327
4523.620277366307,1.4188144687854454
9589.531221580071,9407.576496861033
1113.0302313938023,7257.259652859209
3821.9305546922956,4818.1319343184805
6443.717553318394,3955.6371474522766
3848.543145100771,3340.186693077177
8302.80392563164,348.72546589328925
5515.023798909117,8398.693130293299
8342.324393730727,2130.9378546086023
4999.756459440451,4271.87759409342
8448.592970874659,4538.902437846483
9080.297421092626,9935.961553923913
2275.0422997981013,7320.100432829293
3441.6114301859966,2855.6869961679745
7480.60205038807,278.1810697202136
5527.439038337593,7975.7217486121735
7627.290461143608,3964.918197489683
1242.0406451551712,47.251341721887826
2242.745360101949,7470.403040862232
2614.4897364172725,5235.96430509415
1936.1733734498177,4343.1113708612265
404.79569358334743,4078.4478586393247
3818.1853146832855,7752.276915052823
5309.4961510710555,1321.3537076188231
3857.4541710941603,7650.728963033803
6887.205986418595,9158.11185800568
2370.266424376113,2358.203790740192
6026.499631853354,7014.434945692611
4945.429353215538,5182.0652134002385
6575.279305571038,7280.813823216481
9170.973135913599,1631.8936772882653
1150.0367163852266,8109.203335933457
2774.7484372227514,7202.238877264943
2829.1612408280444,3915.4376542099767
2049.41499192674,6162.901173973154
379.0701588204226,3541.0563029684463
2204.2107767020657,1966.9994450357487
7374.049454423319,5286.457801952825
8954.82680265433,4189.5679088606885
1948.3512744702402,7069.709531993914
1171.6494239616582,3440.662644358514
7275.339656500044,6398.696769770669
7925.378468852341,4911.950678644107
476.2282875356294,1852.297288489383
9989.022600189835,8192.830182407462
266.311316816592,7374.546107687347
712.5177851571751,4983.31083598277
5786.913907550689,8823.380667736683
2609.759828139555,8375.214305205041
8145.920214706056,9045.729275439404
962.8486399268776,3609.0929528770157
5285.347246324411,3872.6643044655953
2832.70035119596,1679.3439755286743
9229.962084768737,7751.739204669081
7535.059179464325,9439.561963382776
9346.530414506962,5342.378574991543
3955.2257700529767,3532.703192216684
5934.026690694092,359.04136433170254
6393.756369140291,5756.794882767507
7254.725142339161,3130.6170463456174
3332.715730524687,4063.374279687226
2769.8507773361603,8808.415961871964
3428.6304248176248,4991.4660202473515
2736.788414608526,6281.2598158312385
979.5415688457265,5927.63592160553
2317.6040898798956,2294.036920719078
80.48532771724793,3400.9585781305873
4379.665141536143,1290.4822353269808
9543.496984152685,8114.518542257238
6888.299001315517,5164.074723582469
5519.302232394631,4573.418192921716
3674.047344823388,5167.877702928879
6914.212841162214,6855.076385550156
4014.3134296442017,3765.3597541151107
4076.113801972704,5478.123368797478
816.9087402388908,8052.294750093135
2910.1015095362836,6667.363531694245
5048.679992417683,5542.208610221009
8718.270877805366,8215.250266695537
7139.886302571746,9823.78550730925
4112.75187157821,1455.0889554419223
2712.6518467715287,2960.158545295207
4161.698362548725,5860.272611952731
1383.547263634135,9259.908592915324
3900.1276511820192,8512.19169031934
9621.138035723518,8887.440335751258
4560.628404591479,770.0537606733493
8348.858905504625,5545.49717995635
7528.940919417344,1344.938074662526
3991.808173273231,1359.4149721802085
7200.609265058782,8794.606183759353
8061.296412804356,8987.805359265014
3275.0079623132087,1299.8016383266909
3364.2976804979753,4702.1469347426055
8057.367687655991,1520.9041520711596
2108.8801964556824,8594.792786131085
2280.66882971104,8521.834177911087
4091.3109328654273,8080.520121214629
3236.697105634931,5857.339088170173
4934.849596617448,267.95919503215583
5071.252665234005,31.293618153377388
7117.264188420598,9930.798228962522
2547.6364881620793,9984.358858453983
9707.948618252234,3093.1056693795567
1798.3024028632822,8730.851544819334
5552.314719754684,590.6600417259422
5812.917652488379,488.5091548076426
8305.5217834004,1164.6730681584338
4580.35044009459,4207.644648549515
2260.861392589979,4759.173404887488
6765.048403169921,5295.117389841915
2540.6797186778686,338.6270215013276
4375.382388549014,837.2040042480278
6227.118946628514,7190.703379927202
1734.0485063910826,9652.00539201152
6269.573734901578,1639.1999902405464
6913.1362617433615,8031.584191749957
7733.740963823939,62.40299438802444
1885.5783546786308,3593.3492187621428
9863.174146471838,1131.20574129007
8756.731355334996,9842.897381045663
1088.9160635848373,6829.685359638721
3346.390759985912,7105.845963849379
6888.745559574318,8437.502154882664
4197.670255069268,7014.52147574523
7983.391228279758,6818.066331508914
4808.063673840389,7524.393668937068
3218.7048139768317,2177.749785367363
1783.8652692296375,2368.629132429295
5170.298416377188,5181.043985334472
149.4205302031948,9803.52683063903
5282.094148222224,9446.554575816906
7487.615355580899,9109.803629596538
9402.406491325275,2193.953001858533
7950.5547228508385,1026.5956899663943
4748.930488555438,4841.810783686161
6374.037587518938,6901.836235739794
1553.6729021347217,7128.543128902346
1766.070111283018,8164.8018117780775
3827.3797930340093,8930.388929579656
9553.91387826018,6371.43654942888
320.702204424913,1275.2825035769356
5787.549399396461,7678.785044201766
9554.66952483162,1771.217028730987
9086.722505603751,239.87755472042127
1100.4112640162712,1501.0878030948293
6901.909538861682,1154.028823634574
4220.09216139276,5064.715442797619
1916.8068735750364,6727.565580480752
9398.388218511034,78.25721804146978
3685.3800126534798,2709.454531266957
8980.655445346762,502.7304097788654
9193.285702021112,8303.065443574462
8920.27692246638,808.9375150670153
1499.517581759089,9567.179363042751
2503.3364372009546,7221.0858496461005
7234.61601061973,8462.745504811397
6812.459914468835,6736.993584052176
1566.6715699255085,6985.444550796663
5677.981892601355,8618.90227237828
871.9973876191467,3523.377023619305
5075.7330317018,7486.194932526836
9734.244855111323,7249.443051154868
1591.3403587783848,6907.10537987626
8982.820104829254,258.89394752561026
2510.3640639388113,6817.638686268714
4834.680521803983,4866.998825258671
3319.2146819692434,5525.727398241243
9842.14237307764,4626.856430733809
9344.923622293478,3154.828121881591
7236.802606679341,705.8328481546172
1963.6988023708357,7786.332843113074
5035.585922262917,5270.903151520071
9813.657337607905,224.0232344747384
2402.2818450537075,8557.77983622469
5976.909870138546,8838.466905991681
1929.7807894921248,8725.777367589113
9803.970167991827,3374.10483244613
2634.9076514028625,5086.554024537641
4361.7334929465815,8785.414523337633
4611.489711914008,5089.613456899104
7043.683576430365,7367.501957139404
547.2597665087209,7643.626104102836
9348.150392913225,9624.339355790476
1504.4469133185146,9673.228557290104
4390.403959743612,1247.2805132898557
7824.46078363957,8362.923801738038
5205.777429137617,8774.17689433999
8941.459589905966,6979.49084442764
3451.177852753017,6981.137894386296
1086.6140968432537,2313.3867287089615
5352.243209892024,1534.848813679539
5971.159196229142,2112.2571033524728
4021.6696107150938,6221.806021234205
443.98397704282775,457.2402109769291
1159.6221393659555,5318.383904431823
6760.881701458013,9064.401971428208
957.2120871755685,9957.76016198161
6286.881395383926,8684.752057676573
9436.392399239192,1525.2602292989027
7328.637023899538,2812.94240873153
9375.961188611214,921.287486311192
2568.027605583507,2997.1201119483158
9831.093925967873,328.24222155209526
497.8099403987879,1176.6229859725497
2274.275522060344,6381.213405103078
4915.584982781046,6356.448762125354
5071.156827503029,9043.413749938669
113.70722528287969,4708.036890417569
6613.81306605122,5758.219052757246
5420.048138924279,6930.73497734062
9811.66696026044,6931.935594710671
3180.8344595855087,668.042479290577
675.1540107018839,4862.143598062683
311.28536586013445,1978.7316169258784
7207.903425138865,5368.541958708863
8623.347811259233,5078.917475560926
1134.9181851981782,8.829449689320423
7364.7439693929,4628.037837692896
3757.9818616376583,6676.9931191086225
5979.888143596016,9054.565487661244
380.06060217312785,5714.706244774444
9134.271563573686,5549.611191628468
9276.353992874198,5877.11336815919
9815.312759562292,803.2284550150881
7017.748313358399,1805.150427484864
7807.05781516007,6532.165232465606
2687.393780389964,3971.421367211725
4332.74797841093,1161.847599627658
9092.924382321968,6429.084085889941
8259.463113072386,186.3151677477559
3879.42117932496,5804.7353350261255
2032.623049706115,319.91598383056765
7610.187328853589,8315.564536803668
5744.7714279807215,8784.592627201759
1448.0218143658208,3653.5109649177457
2396.0025371413185,4263.053838919734
1977.3246899247276,8896.062004865047
1779.1258874250825,5878.023801169504
4074.5315556071228,8633.031390778371
3318.647889505304,5335.964165822482
1399.9038033481547,3946.2088019636267
9300.041028032,6138.973258684952
1053.6912588479674,673.0571195147572
6949.085617802705,9449.065698295855
9488.656458270269,2668.534804821807
5832.37796180767,1035.7171741176153
2748.5254259972858,2115.138168621027
857.4777815586931,4569.83596248526
2767.367871698273,218.00202721567797
6459.174034641371,1577.6071902496392
7229.356634996848,6662.36855929706
6076.49692975729,4751.434643164435
2492.6495940629065,4307.7052480324555
3083.1678100258787,6106.639227271648
3117.2055663638885,1044.680859176348
6778.838716801879,8538.539410584839
1075.02992309085,2052.7709020633542
9119.439721663031,3618.4829846620946
8077.32517002749,1843.1548140039133
1602.9103423708912,6883.143616281943
869.5090108840309,1608.7470345385802
7327.2683015094035,3686.710941918936
5822.002175652901,3591.828415462548
5330.52332426481,8193.899884587823
4026.2237116204437,5324.580224256296
1366.1076719165467,3641.0247169827458
8911.629960770382,8245.870631697442
9405.687269993025,3406.2771116215563
3908.108386124791,2319.0439514698414
9377.67916994254,2237.9932320897524
4058.2425923588285,2406.239932093097
9758.94157989159,4426.9409953014
3411.380882741416,9699.308381537448
3941.1494641725553,7110.06693310816
3249.548694318033,1541.443490863399
7531.6351447417255,4253.6484126329315
2853.3554294778596,1882.7243770548896
481.23353725729066,3806.3991331485727
9648.604365631994,4023.870322129498
3278.009120785539,1178.422561119633
5019.958181353308,2513.171870695912
1191.1053587479448,5281.662031028132
1759.0546128425765,8748.75286866012
6454.815396948194,9141.629556426804
7368.078712455261,8540.636022578123
2214.5390841061553,8002.150288908383
754.3671257718565,8743.593799716687
198.07092929469027,5338.577998694214
1553.5490440169176,2837.589417496562
9139.182802522908,9329.914752260456
5703.522105827435,2305.89002613796
7056.779271468201,6970.265267330774
1755.8341992137293,2522.3918107866984
5918.079322042381,5882.0585150842535
6917.190733188605,3688.491860507999
6276.821175368092,2880.55491743608
7138.118711800038,1710.6078768457355
5684.168863184015,6164.670831825431
5672.9013740104065,2125.4895079832227
7009.932005587999,8791.342781870308
7626.380851878432,9178.058039195803
6039.8094334032185,3204.438387272247
1951.8169339588853,2249.2486660757913
5706.439793199213,6081.414423959303
6565.407261391666,1904.072704821217
6340.351547824667,3215.007897175923
6270.374570469496,5693.537397067302
8837.247013688315,4478.703657495068
816.7526395507407,4801.210211282182
7785.5530296145425,5318.341210456318
5947.196457734829,4081.487897809494
1966.9410083480477,1628.082791623302
1945.7355670186582,3383.48406198861
5550.3765992667095,7399.715993528049
8313.244259042362,3338.0273687410076
4799.283876510915,8274.634082468134
8302.294942747903,5626.726733892845
6081.177973049268,225.87301883450706
6166.144432334932,8333.327514875788
6694.487753797367,1372.1640266088232
4446.873375598831,4627.673608164557
968.8121880158207,3947.757651256948
226.1532849374137,8862.972800582213
4256.682670875932,9471.39198764393
7912.9415492517355,6307.6813410442155
5801.648706436659,6540.650048158492
7332.222597775987,1067.0991175352108
8238.583728940603,5620.0606478893
523.9914861558559,1875.8900110259535
5440.646247506796,697.6303038739029
6272.374805793724,391.2614093088962
2517.995033195097,8568.91559836657
9290.94489900299,4567.019813507701
1525.572142964724,824.5739585226986
5219.772341110482,5915.996069947697
1379.49971153298,4039.733720956188
6136.2942830526845,769.9807286661653
3652.5089709254266,4606.784644109528
9031.16414870354,7772.232411106017
343.1746446119299,3895.2009644493446
3219.34994506362,9366.059737345317
4724.373842711757,1662.7879150822766
9017.60670377862,7777.971528919573
2888.7657277147514,2335.0784357436714
6620.119947770615,4376.67441061041
7666.360337338769,2835.909859143635
8536.927186656878,3287.407814150027
5308.30282734994,8933.437811574895
2864.739238898467,4070.548614030138
3881.3834535558713,8674.107619187598
7416.118340240436,1672.1205449864262
1551.2438742278434,9426.736669240488
4039.483240246946,9318.033531310792
2761.9144832731067,5819.2480945905645
8401.566093455405,3014.914668389128
5603.608569764931,5881.504990369176
4764.388177696308,2189.4141485934047
2635.1893776529955,4856.081453269687
1600.4346071855903,2944.754005086746
4919.771426591395,9879.596950727488
9382.983844731187,7567.896883599142
2240.376754081206,5005.495706032597
1256.0771734242016,2185.6857456980006
1014.1081136255259,5691.35242888699
2757.1531772087887,8615.591387408438
8495.897727957921,8457.666363971517
6911.403990693906,2901.899823394045
1788.719058669127,686.3182390665468
2824.3019087671637,4422.326723425082
9668.337042137964,1837.1332392600125
8236.158468353653,6384.811121939485
7284.166766997035,7239.9218242272345
6674.858083568921,8376.73009655896
8957.996198319779,4773.741821307883
154.58207394442147,5364.507860282193
5048.407240870611,749.4959005500779
7422.64531558154,1056.3418856101648
3932.0639512207945,5548.339037621696
688.3083711124949,5018.497649727612
1203.9359797538984,5560.280335190262
486.7858058755281,5690.844851601213
7718.132965123591,4031.932946721495
3160.08049606905,6381.173328686239
3663.142365166564,2734.2061148707044
145.30335913427007,9783.33059753617
1121.2528100711183,9519.196561296665
1865.615245043919,5412.613287298042
4224.420879510356,7004.129762383779
913.5484839195251,8088.092651306565
3429.9305872879836,4538.922187996962
8539.638007294434,7452.720555265654
3118.114250581192,555.4659834449916
8192.18374171254,5470.471571635713
7780.423720133965,9366.172715416642
4506.247208423655,3426.333544835842
4500.71248270357,2251.0744339825005
9952.161662808356,2448.631972404839
7433.6842681537055,5659.684686006342
8359.43460238243,5671.774212312834
7170.260308231229,7453.09386020589
9329.163364513337,1833.9499681508976
956.4068198848552,2668.4333922713377
3834.830336358671,5579.1565830188565
931.9011674325261,6402.30369638483
7485.392881112669,5356.751395908954
2665.075407082591,2106.966459475842
6154.251296392974,9910.18855712739
4403.446782387149,9997.009294594136
7487.7767189423585,7775.498736783699
2379.0244144971307,3769.9195623040027
3507.8721759915356,2318.1588616827876
8796.756957479072,4953.798019380608
1337.3553727510023,8519.667170799907
2924.5422281842493,3921.6200682525237
5154.483947484022,1377.0673397212752
4330.123734444245,6704.964766339432
6328.23191014101,3624.3759905155725
4268.786066698413,125.4386968251342
6681.062777267558,9713.598621890102
4797.422181049652,5181.4693790403735
8072.111797181958,3870.0619417453586
5946.518432713796,7196.867041438819
3967.112875578377,9425.162809540327
3871.055111460817,2221.8038024605603
9991.737634941295,7885.5989112054895
2753.515695963904,8045.775420279267
3195.4162443505084,1513.3099516374416
1786.3643991837919,453.21432005340444
1172.5494884789446,6773.589874920246
3221.8120407161623,6186.540630770105
9834.443308773345,4164.992694336169
2243.7291994792586,7325.589320012925
5604.269798814051,2102.1631404326145
233.9864093660615,5709.573206509381
7469.479017013333,5206.625425456543
1873.263010028372,7216.827511485991
7723.438028495287,9795.081358239288
7607.978708731874,6224.053135167625
3942.5915827350686,1908.441117454045
5437.271588528213,2721.637339130107
7947.470812326816,9119.186844600987
3289.8607383429535,1407.4116080719468
8478.827267063016,6844.881014867501
3256.4713726247965,2241.5701075883144
3362.8813764175425,8194.175850981486
6.69747210285121,7391.625680206479
5927.955986687421,6359.72403748796
6374.615196553896,6578.38823250311
7329.038914221784,2062.850513398532
3255.0291574707103,9523.659698863336
4961.27315021517,9686.10554493325
8637.351417088628,850.1979150963501
2630.8418680004265,8184.438967187465
4484.0824384242005,8689.792041407802
7439.59517115284,2131.684897923496
9230.027270101666,9522.525921909964
1923.3811012418355,1977.885143444854
9034.548284232817,6957.876998505769
7541.591951508415,813.8930693953139
2043.3173230229672,359.70954850832237
4554.285371908609,5877.40842447811
1387.3001385892157,2996.029790309437
5877.148838742364,7837.621681138096
810.4659076600751,4067.43806557882
6313.477435673617,8914.485553536186
6339.2891815991015,9580.163274620032
6108.622328300294,3238.6358303772854
7467.323241953028,533.1352406953848
3992.5935215792097,3504.0994962711447
139.95257844879538,4775.6085555105155
2218.5541891496996,4907.317731611896
7885.3312357914965,1133.0469883422056
5151.950962489365,1862.504622128548
9708.34894970951,3952.991002267131
6018.8157875488005,4198.988899166292
7259.55650645591,6841.712934952956
7543.543273248951,9507.4792969321
5127.3887744463655,1977.0937813578148
3930.4870254567636,8393.949295886034
8394.065120065277,5641.837268260407
1513.4677768071747,8315.80066195149
9669.958332786726,9995.791824524984
4659.255348712441,3552.8464170329034
1310.8182852615892,6497.109519795065
1441.8623125664376,2020.4629055405587
7630.898511297002,7626.8616947818655
8954.333457890758,4738.28835278535
6705.37216123384,9727.03389177262
2004.9270270731467,9819.31211787688
696.2518030914433,2604.726310694747
1789.821087763812,3515.8741943732707
5449.2480621254535,5797.223812644562
2799.595043315414,425.50755449321963
2438.931902362119,5294.736902564151
6461.740621703416,3477.421627864208
3779.137122189629,6508.170263196319
3668.0948641173327,8470.011351502564
7979.040046817539,1041.2711196748237
1779.139647291318,927.6349813029539
4992.982136750481,970.063950296256
9200.25360757653,2419.3050478890154
754.2889164220401,1414.4645056973259
1499.9422342178225,8144.007106737858
1947.1423380737008,2020.6132408281574
7425.346914910167,1286.957108475737
1802.65587654458,4200.852360966538
3748.007353621129,1706.159475401382
5501.181957082292,4568.405367161045
2947.5399212288003,367.06439267033875
8676.60276600865,4541.883789830546
4095.9410366214765,8516.415587762267
3437.967066475559,5427.20328377611
5298.747167297909,3738.9280820077265
8415.979084315772,6345.626891566993
4002.508534974307,5638.098625817368
633.1061965840701,3841.2004177710846
8496.920514887817,9218.122603048736
2925.35274733831,2009.0226285060742
7997.407099668158,1661.0852748272976
9734.270212695617,8346.513418283768
3190.6391365809204,1250.1751888074987
6251.001139925921,8460.68825622752
5223.716107730004,9535.517248672093
1896.6143347183195,157.44323917239677
5537.722114427212,285.7592907493101
1647.7680717970388,869.1567002210021
4521.4441862899175,7837.419658586262
6651.203402863016,5950.211089656526
6111.7085727579515,6380.105371565981
2988.1931892306034,9004.965676113885
1984.932293942624,6458.871955456528
3754.0575902676833,9976.767776911298
196.52913421122187,7570.524378910376
5047.455383826922,981.0100987070624
479.5191868029713,1932.4375427257357
7770.793543946416,2643.041860533696
4858.0810420259195,4687.041974873147
3133.1675142604067,3965.5484638267503
3402.313573917206,7008.69369517555
5795.710286936754,8719.783124258183
6380.7082934591745,1168.3744104399818
6559.62851057166,3999.6395211717995
7638.66243678168,9315.583753452926
8516.014691538818,7963.094368390951
595.1097502095993,1890.02124693587
3291.3466576653527,6672.2109517220815
5756.491842125295,1276.4513062703575
5197.585076223807,8292.653987727033
963.270876443999,4396.704957701842
3545.4626194004236,5260.58738667129
5179.123470202171,7010.142954583498
6384.839972535235,4487.318959816058
8802.411835372319,7723.575454766493
4869.8344785506815,9813.603720490195
7030.0619672808725,1075.0275016543421
6503.279208505047,8716.537434631224
5728.963211770033,3980.972484349722
68.94842386246935,2520.20120977137
2195.7646551307785,4929.6528865251985
3889.041000926193,5748.3528432988
5108.24656660728,7434.619303527631
583.1812093413957,6674.473998455545
125.27708432605866,2469.4518234637776
5397.1755956430825,5200.412778603119
3798.1604724294816,8991.171090194019
7192.397506128166,475.68703939537716
4445.225938241587,4009.008846119575
3528.923478420053,386.4968536325275
1940.5769282900853,5769.865708671462
5794.323469664977,3527.7421497260307
9199.661350912778,9837.541366051371
3430.267922102517,9890.771116753505
4635.937760713314,7077.7087398214535
8906.23083366111,9076.449671910366
4486.909973260069,5004.168928309239
2086.6295509394704,957.8090204146439
9931.675778000235,2377.552466909546
8314.365980972978,4967.428780465275
1957.4812663148878,33.7248040210536
7282.787600343633,7190.148902644139
4474.367307537759,9915.673427028403
3292.517376608076,8893.531581183051
2863.0000549224856,9952.17777159106
5901.464822061108,6056.850507686126
4055.182837155418,800.1748383397767
3320.3465655308974,3198.3449723984827
5554.133322819151,9492.789233639844
1848.6218061798875,5889.155800983329
2169.9082018720073,9856.717772536209
4243.284348571912,2230.1664701606637
3581.3362431005535,9146.097205994909
135.6564049520048,7042.198897373154
5983.8972348094785,7033.355922505817
4287.16044386023,2599.336543201255
5057.806487410433,2834.9172878237873
4149.447976206915,8164.963330930995
2088.9688865371636,9764.468527602858
1685.4081713295077,5857.286377776142
9206.354401309138,2644.441027644384
5234.255616743559,8680.533829863569
2794.9964644121105,7443.093520576577
2496.6208001717873,2333.6814018640007
4633.725764527568,4816.614804017676
1206.5465870088588,7543.808899275204
9462.549347064776,3961.844853799612
8762.376072226323,2062.966072499337
1232.0096027852378,8759.467697474256
9309.398165113822,7758.053061494922
1068.2023039853473,7781.61338705624
9911.27255674391,4133.104370441677
5429.158978754854,1075.3922929643934
4920.075411725141,1873.854695295264
6585.563522778493,9818.170129599826
9414.320484124823,9838.547240514046
2133.6148006560175,4723.054187299438
6213.338054949452,2146.996431173944
5806.445178449112,2065.4617440919965
4232.755286732035,3139.856800769953
4120.091037367698,6705.795363206781
2671.9950784224234,4807.73425566423
7886.81398148755,9825.563742076647
8940.572771740968,6310.933140283043
9965.365217986115,7188.542184019117
1845.3491831166912,7741.642608649156
8168.242970785791,5534.634061451868
9927.388686012622,9503.077649026407
7272.908581905215,9470.122210995141
9893.820456997133,4601.431665265934
1491.4969742158034,5021.194652039069
3631.5758743163906,7.060621991812344
9712.434088783124,1555.990193727994
375.5388128764026,9030.038087896619
3605.3062951424986,4226.43851610793
3410.3155993369096,2513.6591768114504
9690.318282161414,4706.205911369364
3663.321544411466,427.6935995330666
865.365150663473,9930.946126877012
8032.977887324051,8578.533235445191
4631.3667051022885,7092.863406570673
9171.856607783093,2464.924930408167
8033.216915518915,4889.363014311822
3945.133638825259,7526.169899722479
996.4771408218553,8065.678411556189
4221.402712819618,1088.2197102991631
8301.5653325216,6192.570424726269
3176.569318085892,9744.396944297696
4497.023196764004,8669.876829959821
2540.877044374428,5393.910352512617
4501.544561032822,5892.79882561468
7942.993738709638,2409.0767086269584
3301.66351338865,5587.298565482853
2948.8448453454753,4795.580345095362
2726.648843632733,3713.3431840899934
9108.957992022257,8988.952849552703
6255.434071533586,6464.068631203016
1627.5678749009082,7768.621326106892
93.33466248809819,3052.3125758495685
1710.6229901204063,1485.483494387515
6699.719289761485,2104.702962015925
7635.582938974799,1537.956804770122
8109.185870988042,5639.102796015003
1903.629444769992,3885.9998158659537
4553.146338288726,7241.708589124418
8317.09704495432,5201.195518664427
1489.8578532742267,4367.432726955703
801.227417899445,2279.471466120664
5716.686931482438,4493.621739366218
506.8493135626628,9190.46699467735
1928.2930210034356,7310.767403135588
9230.663806525006,8671.945830818235
1976.9421460177527,7891.43387150506
915.7529704034084,9486.96281674565
5608.9563542872675,6737.015596283534
8253.161834316152,547.5400165165179
760.4694553712266,3476.128918992392
5449.998850391885,7598.815581837104
9628.791279372124,4184.636463856005
2841.135814388086,8731.380357866703
5395.601316363098,3252.8576430652834
412.360290209145,8801.083264692248
6957.376044520967,7347.45756211236
8667.946974257105,7088.84509833579
1967.4797561457158,6655.651514035743
6264.031720565608,3261.6669252131005
6766.890500160671,7972.714465352037
887.0327634338515,3814.138201151922
210.8739993454656,5570.045954693787
1766.100685763663,1977.7734976157658
4237.794151001497,6643.105454368608
9309.203466143621,6004.355040797294
3505.077765032373,9970.843062717204
3852.4165995299277,4161.454336258782
5594.019540005814,2424.271170135782
8716.271707488087,9198.11881493245
5239.735380310223,5379.542693655527
7337.56636656383,6587.407954726715
918.1815919415459,7142.043076249882
3132.387168079188,445.5820308908598
6760.6567369070135,9625.466400209716
8059.658570919532,6847.0576713526025
9815.898082594407,4751.184089168488
6966.718599048133,4007.4366674803628
8511.832413418666,5226.022392495862
5514.400644852705,7395.103619097673
6892.669620287114,7243.091621649399
7773.689939340492,1418.4675522534073
7011.323854874875,7244.767946942124
1325.6730428364872,4137.379756024267
6301.297222821611,9480.834692274317
4464.5129342534765,239.68568460298155
3785.541871824668,1984.5592831218462
3536.351279601915,4523.562639888097
2094.9718877069813,1762.2445280390875
6089.856293760816,9405.096777129573
3072.264500331302,515.7002987626303
9093.868632087078,1883.371897776751
5003.047371988479,9116.582985922176
1352.1840915475968,7059.934086034867
9958.856999498368,2918.453329927423
7122.02120512707,3117.6140872247915
2077.839716977219,3480.072944067759
464.06503702112747,2172.8125675726496
2045.7495421454942,2257.5169602157143
2229.662618616687,4142.018871718872
514.8077214386216,3475.6262632717403
6741.2545840041,5886.888252148781
4952.621834150696,915.4690833542867
7340.042527943171,47.66074426997613
478.08623672739526,1356.1735832059362
3906.483185887788,3841.8346286795304
7004.323223921172,2159.019748328106
6065.548463697736,4174.082877444104
9119.049698763754,3313.3145895520656
8050.035229679063,1213.0606749475114
7345.957962453856,6793.267541232535
4936.364717425037,8050.669171654959
6035.379194887034,8097.544694802489
3517.367030594738,7952.84386659583
8734.758963238211,1694.5212917848407
881.1693208992888,8199.076480969396
6855.008678533877,7424.301556670218
3868.267191213128,7383.629431450454
2749.6806700335965,9139.981529431747
8063.884854687823,6798.587599598118
9351.349144314085,4224.6546345443685
2722.8052802215398,9797.11678371303
454.94227249788355,6012.911117636515
661.5576189481131,9887.99413833673
445.7308906309376,9503.839125124454
9908.939504689866,7307.232105560062
1201.4550598037465,800.4018409054814
3998.4439879877264,3368.418197842369
8453.16052788478,2837.419225060437
7021.177653497789,5364.782863636218
6328.5783710615,8687.648492406572
9698.952402727315,9489.04243171322
6102.439052975264,8237.423930959665
6194.950744286956,9838.072169378502
1552.7934150099243,3296.8755272409335
3726.2600198736172,1162.5653195823882
1240.113749789522,6343.650625692791
4664.353178025368,9375.621688795667
1716.0727690284116,7198.095679400478
7385.58410603299,3055.880882012719
1778.198522704958,8548.749786246959
1135.4684483199262,5305.8757433099945
1025.0201829958394,8698.994919585733
5971.944197352772,7331.587361239856
9342.068009923094,3118.6368017982436
7674.113424635135,6301.244615486276
6243.504400920219,2202.475350279488
1759.8459465926442,4188.250453724563
2421.272642573057,8295.12283638717
4353.706689350098,2520.513137825018
6283.706576908194,4430.656009456508
8966.404464231578,4381.817497321563
6746.318847207621,8613.282746482095
6031.500904060337,8815.250871178483
4891.538321978832,8626.892983611708
650.529634691237,5129.255418151844
8622.06730586247,7568.093201883049
5606.676679263104,6705.145281585078
9491.590288706224,6817.567174568304
4842.4888631161375,2551.540481653134
5558.920798470319,7383.684418395662
6254.589657506865,401.87567461914983
5548.884604678577,1747.3878943288123
5400.330855626675,6262.487229288672
9241.893047101903,4047.421899256188
4477.521299118925,3470.8089324845446
6703.824805076394,5892.150036863767
6810.1970533777785,7292.879738716114
8770.95669363123,2753.8365584597013
2542.709284507072,6499.426358204666
4629.0118260572335,4667.579739984389
2409.398740947767,4702.199582105657
9590.426162585112,3890.7204804126027
1257.490323131971,2709.742852228665
5202.212927219094,7937.5664494319635
2995.5408635954573,9637.71998007475
6074.386198399725,2440.7968208606067
6175.17007446861,4736.0969057199445
9694.58901766113,5149.713871801857
7825.375234474945,573.6766273785121
8850.541345979804,7558.315614664718
1520.4804277482585,9619.86374209115
9829.527694511384,935.6183836243404
2895.852521087653,9444.59701834971
5235.666760929917,462.12570046085364
6706.303369474268,4202.718676442235
1717.0873652121443,1978.3765688386222
760.9768504494818,664.2525773500906
3486.130479334032,6390.689981727968
9651.00630328083,8163.912810352891
9591.592941421248,3768.381012033439
3304.888005449278,1820.1909423269979
3730.5685766663523,4231.25086088032
7212.1339994007385,7451.891768700777
5550.879647969616,4845.879272989287
8676.648182831366,5024.310939222702
8887.301186118382,7779.611666421529
8819.366369582882,488.932767339304
9709.408381453051,7977.45860970827
2549.0361330790565,7483.681518108409
5348.09073013507,6303.124152034968
5187.50110139427,1332.859662710072
3686.7572422640515,6233.049550876331
1521.9099921220559,8474.769254274823
851.6981928201084,721.1944575327889
4013.291091045793,6782.072540505204
6216.4011628060225,4340.717062410571
3499.854921754394,1023.486132407323
6085.698016355346,5469.502407357695
1265.7821026818538,2619.155346970925
8325.341588349269,4194.730091994226
6334.3493443059615,9916.525999001413
5015.7248725875415,5055.371943418226
5397.894137448965,8600.97599403655
2435.3163753126682,205.34339154146596
8489.817367300993,2249.2759216288605
1908.818634562438,7528.136727704336
3848.1276507147013,1304.262520234507
5373.049348742632,3109.4018123523138
4673.958224207727,3743.825519193652
7276.101931924301,9557.918188649655
2862.6690565726367,2616.189740417869
4384.2752312566,190.91265003718826
5845.662357474527,3403.6138521321946
9586.124901701227,1434.2117042511093
8287.31650044955,4335.508253901938
5258.036202580578,2967.3103074370442
1713.3841075470912,1490.8694119945521
449.5718810507221,9616.678752428865
3011.485334794184,2623.9297824018927
7839.630519357614,9039.5202432994
6145.031119899521,9639.98348877728
3242.2770898998797,4756.924918783097
117.47699329843209,8759.352551216343
4687.145955506261,5573.1763346313
1039.477207530296,7428.712643390954
7097.904559124174,9860.554620528112
5238.198577308314,1901.6061776852134
5877.015095000785,5603.288262841382
4826.062241594883,8938.228299297427
9950.573495200415,718.6797259638489
9539.440485707071,6498.861486450952
8542.86858235713,6137.740239074564
8379.752762750642,3473.785457859623
1371.156850383367,7343.0532994023415
790.4811362898434,8879.41063561079
6038.952228034667,5701.832551965887
3335.307092023222,5051.543168972773
7086.296069143979,2188.6993347133043
4700.225553105277,4107.291439511367
9585.33175732656,4525.934152835761
9638.949304121725,2149.9767127407245
5981.264802733341,5338.441918137442
5122.53037066925,1892.672373149744
6662.039951924838,3231.447376677834
4233.143355935437,4065.5931897608134
9079.19954996198,6410.834205791634
7894.693614306644,6049.06822234342
2768.761063409716,5199.375527257927
2981.4831126247554,6363.837269892149
5660.959449264828,8046.672245761708
5363.591864755618,4582.018797449772
7079.587373414408,8432.5730545062
2817.6374818386407,5790.425725831157
9954.592948916343,7064.414553927192
3664.0806912522316,361.36534556097445
2771.352311884967,9745.995413320747
5892.537443919191,278.385778577479
2025.8057617396007,1704.9147882965988
3586.9280549278337,6508.013150436304
8885.288238048968,4567.150630237111
9122.745419158628,5956.309961194185
6669.536526286809,8239.077723703085
5381.842842716506,8552.477790119377
8042.87068545276,5904.639873381367
876.3686114884506,5116.083173111931
7196.439732211078,2119.59451581698
4359.554997800738,5921.934788191001
8369.13829914588,3724.484502248019
2970.3515147102,3477.0458991046016
8030.941039839176,9201.022920058758
1736.4105568761213,9381.018245968218
9930.89307180525,9272.64858193092
9511.835148412903,2511.334547863282
8578.0354848757,2394.900719492137
4854.160524481355,6020.885509565139
8157.803216804788,8425.433728368635
8241.879887186162,4773.836679362087
1117.015723996223,562.9250029441946
3476.3723915851288,3803.344002024207
5785.139960149491,4323.323386827846
3944.067273109857,732.7754006128284
6692.565108907837,6949.020691187192
9722.62710744767,3000.433167152231
8049.9858183327,2697.84550887579
5571.7694776302305,6620.732143942542
2876.280353460291,5148.682713858435
5054.9796503586085,256.73738178223715
4389.16252851763,6339.202581156777
8174.027576876065,6279.543164977963
213.57545815832268,7969.427065248069
5857.601638355011,1827.9569183167166
7459.593744221227,1936.114160954594
5641.73026935303,9386.302326134406
6693.080282913834,2741.7505505162776
7597.8516891559075,6901.564440490747
452.45210843772975,450.86044458685916
5698.1934968560645,6601.225969613271
4715.051665210312,8576.191544772257
5183.768671629399,5332.720021483677
3183.1920522609603,1431.4403777375073
7981.043308308674,2824.159272167661
9609.44078859365,4211.292414529891
2450.160291515742,5408.208285500201
4700.882301237188,7434.810647406359
933.6393399524324,8524.778604057185
3259.341526397571,3665.890149231161
6477.145941248651,8799.631207704475
7322.260036337932,2912.7419175423697
2554.2214472576907,6934.059819336328
5373.354905650353,6077.341912001221
487.12808496383485,1888.1969368883445
1591.477998086507,2163.5726265962808
5687.161217911889,9332.487683048768
5581.555428060714,2519.890944178308
9968.369619208706,7030.929637865523
9973.659834132224,9559.65640385362
4387.366758942575,591.5317090850258
5107.885601520848,5937.193638463488
5239.797500818913,1053.02383273433
1560.2343694420663,7354.9217924017885
9157.237870033898,2106.2494941246655
3344.182727176648,7768.481613552841
4829.045593637955,6238.051819479293
6280.641132020462,6178.750610155059
109.37766439239493,4815.007940933955
1999.3255488809025,3145.89719626444
8907.832944035104,8559.846142300728
3608.230078958471,2935.1531765963455
2407.9140467181182,4719.801803057434
2036.4100081901227,5647.59551711043
5755.37001949973,1541.5974894362228
6107.3801082800865,3037.9179629507557
8698.401249021737,4755.015900913388
8069.532035422973,5706.863846290934
8429.503420206229,2201.227822020426
8071.4680196189765,2981.8529444921883
8531.740421845165,6845.572194282008
3007.3391607452418,8630.078235749806
1785.7163999160687,830.3600920461851
8501.152868867308,4479.118181855412
4896.885864020648,6923.781723595695
7727.123640008652,5565.29809626911
716.0538267908867,4641.785128781566
9500.453773430481,2699.904086654643
2691.227602168672,4023.65097358755
4357.436716505617,8183.557897561509
2452.2751366135008,8018.753300961673
3539.080789001279,8918.505606604871
4332.175132531819,220.1200387334279
3102.4871298710555,6219.217063006687
144.4275394449257,2709.681941951967
1759.143848700243,9248.342529085823
5821.891692078034,1958.394635385282
4207.221025951495,5618.214616487047
8203.734856853702,42.14165665569203
6396.11564852168,2327.4809170562803
7812.843024168737,7916.342727160043
9416.591627238284,3562.9424796483213
9399.85507267796,9516.398622002049
3500.286345159599,2713.1321333337332
4624.8249052340725,7159.976942915097
6450.4705108136595,2132.5578579060766
4329.123828939158,4475.78874866307
5712.833941971683,4705.956888964001
1937.6040421809016,8391.423204985806
5027.052105625555,4429.779206738058
6252.7915414293975,8490.809560921358
7894.245730311214,1828.734700971867
8676.521072408159,9495.916191203858
8501.498998111734,71.29374475111749
6815.247637831808,7615.176447832501
1708.8200031074518,7671.949834591005
5409.779796974513,6762.25170385284
5606.979696748798,7056.5828520288
2062.053787488093,9282.428063675601
2055.4318824482552,608.1029658165171
3783.550119818091,789.5822660509189
4892.958405872415,8615.929739617399
367.7794270611756,2795.9717609495715
5898.923210647352,5343.101964978818
6963.178417438269,6798.3358471811725
971.684633594424,4860.579368477082
4543.46916537779,9834.43126027841
3737.6141881127946,1650.3942374929493
4224.6885234781585,488.2562484164665
1628.933643083962,8281.546822458693
1116.5103282280386,7491.93566731658
7929.3104667737425,6830.648390231809
829.7368745242828,5645.096983809866
6168.189408266898,9041.142030193434
6000.979969851217,9719.66317636184
976.9823559561619,8538.868363572583
6968.477039440283,3573.0550197384414
2731.0227154396925,8158.997128935472
6917.307020929336,9330.390067559798
4776.927136621109,5655.030407840668
7372.940798356269,3472.5809041954294
5517.7293855489515,1177.7080175919464
982.0908027256326,8115.0174293429345
1062.9730223175138,2906.4497895298214
2393.931425594397,1683.5148725692807
1602.415050320679,5725.384098294048
9096.166972512769,538.7547518274549
8681.33045635766,4274.834364210677
1345.9031729467852,9209.625503395977
9134.052663749462,2038.681882635206
9012.39566421411,2046.92511848365
5579.3076709603465,7715.031351891503
3915.670140032008,266.11682338650746
1562.2088851409853,4902.245255421337
9323.509681830912,4502.120569704
6216.449175954149,5089.986960924906
4471.640874769339,768.4065273849993
8189.775680897567,4184.946815803235
7630.361361254143,7834.119543766159
3230.97711873666,1615.7082577117355
9421.87207995099,6774.974026223907
5831.965035268373,9884.819190856166
4265.986406562714,7940.382242231958
3568.894513150631,3349.303123875641
7278.3803472489035,4634.328811369142
1735.4704329564397,2464.917233762779
1193.8872820121737,5825.674193353755
9011.684089731269,1512.9625123980927
1050.5759825052396,2279.8290556750944
554.5178064963308,6524.989377251752
6947.0429173353805,7904.088279398943
7637.661313444511,6229.683888438221
807.3993230495324,2138.394866126577
896.2373765329202,1107.6102846607105
1053.8403897082326,537.2674175594117
1461.728616623813,7187.3412556260155
5281.288780446007,9357.626032778271
7870.189118693765,3260.0288726268413
4341.53762981684,5761.284816525715
92.72266287567055,8896.2798810238
7159.924028403239,9042.745101072005
322.5336606154483,9677.8290649308
2758.988048717403,9160.33946948995
9353.914321584014,2436.347240823602
4900.754250550751,6665.8255698536905
5622.366683774356,7865.222388248117
6496.215669568323,858.8527892347197
8463.78591338068,9558.194245138264
6481.702493593339,6952.334615451577
8633.51190285165,4131.912731293987
532.1518689841354,8794.536470137782
6835.989023146694,8267.446916560188
637.8915368329441,3798.0178090708205
5508.267554547158,5130.798444581317
9031.951397169743,2153.145626630224
8844.818640628157,3375.9596684285866
9754.797633569122,410.0696265981496
8085.000743238181,8245.714039943055
5808.156405733952,5619.015153104816
5507.062413712053,3561.0208545188893
1956.7643947488023,8839.768104467666
2659.5832414048605,7568.506778874932
9719.157786117592,3789.116166255123
9135.595970990333,8183.213308917172
1962.2378402528784,1395.814218428567
5998.637827861479,2880.268311637537
4621.001236880725,5512.16154614832
2876.1470434519997,36.12739223866734
3364.695462385563,6853.0919802781245
2574.5861906155155,4222.451690459266
2151.331076881845,2162.639280485107
9895.06085123568,2463.423814968938
8435.883884504545,6909.103570690481
7097.523898479485,6722.290626194132
950.7540669572589,383.24522071019106
1277.943307129953,198.15258291244865
3104.642744651157,9640.206799294245
7205.326870392749,354.0079920268002
6237.174266438851,2072.4352376850907
1115.2151700688817,9322.757422970531
4598.748392277511,6056.377605205946
5417.429300737278,6047.522426842858
7967.560179573732,986.5871615098043
286.96452150482776,6258.1347232848175
6762.650034508044,6535.8688306668755
7570.254191399165,9603.113751415942
1038.5707563580827,2071.6525639431684
2939.161232157442,3225.3665026744206
9157.011141446908,5648.954341334518
8012.067538752978,2866.563398096291
364.5784203816671,4316.037166079416
9277.31974743002,8354.506196219714
8491.212644271278,2936.018548003463
8754.026185040033,352.78702371541516
8748.522414572026,4143.865231883974
80.87064115889441,4546.274394065047
1937.9520144258056,2605.3851802542795
8924.564633326312,9679.147476434822
5018.009691979528,2729.351002926864
4249.233079315124,9925.916381683559
1514.9094384620787,6626.624318608422
3433.3830772073825,5362.489324003164
5509.609084478543,9613.452642441769
1392.43884637978,1501.3789820306201
9380.971289653555,6212.734864707393
7813.675167430123,7041.10501355636
3593.704186374003,798.9711682960599
4475.646328093148,3512.750738638348
7052.351006891826,8651.3349239099
8820.663349368597,8567.651288884952
4845.905863651594,8346.618556922693
5249.298542397368,1930.7264009350167
6707.941303759687,5043.300098966523
4895.97215175833,9239.21707550239
1379.1780894604944,1696.960073051189
7038.092170843415,8065.49132925597
9017.146993114193,3400.7090005239525
740.70024273996,7553.361888356528
7090.015390400674,6291.200705270724
4855.792969796442,4400.392896093835
2752.6907670074484,8755.803326798527
988.0488852353365,167.12537494367407
1124.132880287728,6250.887537111021
4001.905330856854,8615.102296870502
8684.616070946004,7074.7737191735705
8040.785716226987,9684.119782110094
5980.140706774474,3041.1981818969525
606.5331912250338,55.15761312342215
7364.786974683678,5710.384415053713
671.8205378177988,6180.215741995459
7852.617654983233,7448.295062182615
9014.39228897215,4534.048405541762
1587.9708849494723,5523.620113728758
7970.9564358450325,1046.4859061809839
2129.98315786418,8856.846539642655
3781.5110776312076,8553.854398227315
9331.45222023497,4642.503887607766
267.8565280495848,3721.6420660174053
4940.252673922067,3299.9734309550113
8374.9779689764,8752.309705320637
1808.0295585692506,3802.498224104892
443.77612138874923,2742.0174863672096
3174.6736008084777,4657.867047799281
5491.953358740458,3931.132058336894
6505.512837869034,8898.802735493653
4559.772938247995,7057.24955515406
8417.850340757055,4050.883914393222
8514.179777970321,1308.059712217854
6858.334428568604,5835.230027785015
8288.077514496661,4779.222587630256
4463.992913238789,4885.711668493289
619.4242316201137,1290.2556141165867
4889.4430973403605,7705.4420167491135
3195.5054968003737,8613.935769870894
1876.7022415676893,4516.9859860680535
3671.4073317413154,5136.158728185197
6027.223902059394,1128.5915297214733
5082.099274774725,3361.8529611390168
5046.6543346777335,6789.953937435605
6493.757791669147,4655.388390708352
183.78619504884952,8178.636313095505
7458.472666973078,2290.2378856084993
6011.993621810538,8514.969931211266
2063.877670913906,1695.0458582612994
4627.1584412750035,8800.478537688039
1887.8627628846534,1817.7723637440745
2211.197470030589,671.0067557332544
786.3237444933757,1896.723980973507
6705.821537919254,4045.118092076717
4729.505731283625,6898.05549812677
3509.127672166469,3921.335248861446
3324.5689080488773,8857.525052811501
326.08147954664713,3357.929144641589
1567.7753696631657,8660.886934762357
1617.5044745237067,8277.375013249983
1461.9563888621979,3803.7477724974324
6969.33876037649,2345.98888874717
4205.3969949372595,4336.276377724151
4798.518632502006,7411.985174123231
4935.685925563304,3864.266353682826
9049.70792399662,3197.9506410144977
8161.371161768927,1396.5385253974305
9046.234939661832,8455.09586955547
2042.6775373044281,9883.167985985969
3278.2623675217005,4655.922161470566
2399.077105638482,1375.992858422811
7000.255674039423,325.81586604144564
3242.6292414572854,7688.170646202553
7225.65071346707,3668.1890852348497
8317.89159715942,3762.939668469477
4516.420363305906,8507.919426718041
1456.990289190958,4807.633056248192
7455.91221202685,6096.434151751121
7383.919281756443,2469.5281125114266
5536.42584103678,7936.491655754485
7595.769520443559,2055.428933679172
3031.432548830175,1493.6115834565767
8331.647287636679,8725.73652890463
6860.185724129336,9352.755710282632
9521.057562422719,2772.679602807807
2133.520185347468,2005.0984586205045
8438.694979994913,4386.189367193509
4794.550922356007,288.4660248986226
9098.327976761164,7542.54507028707
3262.607335849034,7843.185681777221
578.4225568532353,6275.433203240678
2314.3458878382316,5730.998891988835
2577.9568464685744,4538.033377386858
4060.307151212016,7267.724446943401
2070.717374008828,2256.6173339404995
2507.5204740872646,7618.794716713902
2356.4155884971715,2120.5994631026692
4089.01998282577,3660.2346528473818
2037.609689787535,3326.9248407704144
9936.015192663177,6693.238463502087
9468.757287676057,3591.9824042944592
7382.434833306197,6771.547185544315
2470.969664551608,5636.021244558905
2669.1962832899494,6434.073196203044
4128.696987673527,3536.784024525489
5641.314649167493,7951.048015207028
8693.221386926014,2312.7354141624037
385.0582955568083,8048.714756600346
3684.30119855667,8639.97381625533
5070.77426438199,738.3993408400813
3678.3262947753915,6194.086294584765
9876.39707112717,3973.5911782032817
5457.607755185425,3359.034930539303
7998.908419518694,3031.568650984262
5528.740083487501,7076.394038102826
2890.8999623107866,3144.651623517931
1057.1975153539026,7345.150996449703
7790.792245879704,6712.192316785859
2015.1128302527632,8701.228794910343
934.51737942437,159.15704509791183
5268.701653285713,9283.689628889235
3040.4304758473977,3928.4220526256363
1193.1897094639598,193.38209546015838
2467.7073751320245,5412.76025979797
8972.508843350262,6113.3381100308225
84.30647917518353,280.42606942507706
4829.475730355192,4893.733568701009
7491.705034657671,5289.880618246433
4997.238696783296,5785.162620497225
4444.677394924672,843.1285672016897
113.63390237637772,5437.918313031342
7211.654082648231,4118.478036499906
496.5398856095615,2717.261265093076
6161.792919489291,8134.544612438227
538.2024407226827,8990.715858174679
7109.219809855773,3394.8431186867465
6379.075889937085,6496.753950516868
9170.027925674944,4890.184186813935
4186.245583189519,6787.369686717484
2759.940387233718,4464.036548695751
8599.09484104576,4775.266396264964
2418.589518973999,5115.005698090752
1763.4418048021982,9946.405588808595
65.18224083616353,9367.538516357414
889.4952457727289,3302.5410805839383
2215.5505424200837,5657.619596037004
938.6794104286888,4568.301680663028
3702.3639178340995,2262.845490889933
8467.429667118022,6707.993342173348
2677.6594359201454,6462.154897163376
2128.8787767109875,3097.0050511033355
2053.9543535433313,9912.556096850138
1043.6895387283362,3086.134019636029
9246.014609711154,2998.5702502349145
1194.484331871014,9308.142483017707
1353.5466837690747,2265.153130558475
225.2353581373656,6313.985048354244
5119.107609004462,7945.410891454835
2341.8752899799624,1877.1745652947025
2399.9341368274117,1062.7705974701341
1537.2010676345694,1502.7006064037096
8813.947318731356,538.9164887228892
1170.2729272971524,2882.7901451861626
1409.916668747645,6867.737887711315
2612.7915993884944,5689.804671673622
3150.4776543640555,6.922549864686323
4020.857610301015,7624.993000533159
9773.715185635217,3817.568503833977
1564.023490292088,6283.642735129116
9080.34717297176,1698.3049601358891
6047.246841490354,9389.182651299485
1314.7962485336006,4726.846003548441
8379.848568545647,692.0900071773062
973.174949424147,1734.0224406962711
4672.6796593269755,9162.85570553607
9038.007540064238,3151.2758183651636
1738.4839399870289,1220.1939932318617
9025.914400184285,7198.106132463249
9692.514873266533,3286.007551220802
363.1017353401866,7323.871389642698
6823.87193927006,3561.7421881827904
1423.8554705535212,5203.924886536856
1793.2152687829905,5984.290178817009
8482.447640457542,2358.9876136935472
1599.1548545085466,2023.169385582888
6565.149671754218,3122.048144362266
2131.646756514085,3462.427509128789
4935.04006927492,2328.188678601293
7613.38448732996,2222.6432482160476
4860.535886597503,7872.1500583315255
4874.690005573987,4539.2813756132755
1852.5913077574219,2969.7876501118426
3524.380293912246,6544.4782232315265
391.45079228590896,4490.422075220439
346.7423333731601,1440.7759394009433
5578.731031905332,4621.803497088105
8325.095068235116,2732.8301260689304
4471.822224161724,2350.288774794468
5660.715911272711,2939.5877289121954
1497.1937801133695,2405.924587083016
5335.842052866514,7898.199698717765
3189.5051146001974,4767.975278560649
4772.5011735420185,2351.7228357580557
4215.780550121117,8060.642569115085
4531.837456796924,2246.660265619769
2824.4925782043174,6736.9163103721185
925.5787560275642,4521.119717978857
8921.696898473343,3376.5393213137163
1918.4645011557732,7502.292308548403
2008.4079957187762,7220.309658102338
3745.65423186086,9189.988360090867
8213.142542381918,5022.2617805412665
5307.168674121342,7853.550078534504
7888.864515400966,4102.055943856139
1050.7577130769464,711.7068213942956
4730.409905766723,1444.5075788233607
8951.007258596652,7910.361407928203
8800.290186893506,7788.069125743241
1410.7332390788163,253.92539528383273
6235.80277469286,7976.447948970827
7958.530067717343,6453.3182762407105
6686.610485560131,6066.28437736341
188.86533702661023,3959.0509500689095
349.7780247371507,2205.5414738362842
2501.203879816437,3179.028895245953
3755.783779097627,4542.100500606299
3779.2381127669573,1695.9825233026415
4629.485111718691,6915.282880656522
433.7524725516462,6218.463303001668
2617.17179181436,3822.482647132771
9747.19296800502,2784.699876711225
8684.905176168148,7052.5493507012425
5511.615969897429,5957.52815588729
2330.087011730453,4218.554139346426
2640.7255132192154,1100.5033290682652
7431.462627002624,5047.872181544082
8155.208115785967,5983.623823083116
2400.2054766864,7837.81383946619
2108.9261036796393,3925.4054271066752
2898.6939770572308,5653.995544385836
3485.4877316941547,2962.513345383959
9374.517736822627,68.44111129474916
2576.83958042356,8245.562679645833
354.86807840664267,7693.711648090784
1288.72267448505,2750.090085689756
8750.484032747841,2945.9920017904683
6230.08362125734,4659.635645209367
6044.803426240673,3654.6676176370543
3010.8482575496632,965.048693798165
1776.0012625315069,1981.8297796177021
5643.505026799216,9814.76730922364
1690.4997745258897,1897.8733498528843
9130.348893047603,9300.125485280832
5163.781218953437,7630.074260715009
8475.10638484516,2638.4734599068893
7397.6622439435905,4208.316542970712
5619.852571432501,7922.656909339119
8508.023076976968,8650.353798018989
6226.248581216963,4212.064480890129
872.3427043455067,4430.303164589009
9524.341467470009,758.5612661518581
3471.054242901989,6497.094499318625
3835.945081198888,6196.238607963537
6771.738633454512,8669.131267086623
7790.89092947167,1768.175725108755
6457.525876499529,6416.86439412384
7247.264644636803,797.2508717345672
9171.570172157884,1212.9782116948807
5604.595757339847,1417.8737101598638
5030.87784835884,8176.55730401548
3467.3096525503056,7596.903182159373
8021.140752596741,5349.111613559605
6869.360080994402,74.03458720757428
8480.448082034802,3946.462816493248
2426.585479061001,1122.7660031578057
475.58228919300615,3349.314421339371
2812.995859550422,3158.158658214091
3840.7266192857237,9340.591490955094
8306.276763112954,2852.4910125550373
8672.695265479184,3666.925620298269
126.55477978187668,4959.44418106662
7910.658577040834,1196.8543641855367
9079.358020135418,2970.9506957554067
1929.6767255579916,1176.3286033323616
4270.417627753125,4425.853710354985
22.978173472555376,9881.216683889796
7460.26338612433,2684.949047891776
639.6105455334899,1227.866729419379
8535.006363189765,6661.498359444557
3323.0727491555535,453.705515526186
6816.603087218886,4808.546839595677
7916.716413430809,848.2929971280184
6499.334415567125,6559.685217146119
3351.9391712294464,6277.777233148098
3355.5252204256713,7694.701121672478
7274.260242624346,5964.963116859016
7293.977261570044,4476.60345593591
5285.12410363294,2262.4850368524685
9282.047422426534,220.18664484454553
5882.173513345259,358.7067278195255
5361.025278866594,5265.762710631481
1328.101133303188,3729.8984376048206
6355.720568759186,8198.593452377463
5471.277703006782,9774.45555432979
1860.5072030381552,8552.670616914636
193.33053875770224,6239.4635463091845
7542.6481125579285,5414.1924232611245
2482.3248763820193,2214.9647600823273
8480.125756735239,5710.69547252388
4085.378172439762,1365.277910343109
5932.196821445229,9520.471059461823
8435.82688892262,284.756135299381
8156.342904893328,6824.613245518456
7160.922348097015,8743.33901204218
3999.7307072360654,9324.503203563254
5094.813254111416,7388.210808565259
2755.960538806642,5355.132631960729
4504.263190691829,2293.7953927703
3276.1456663565104,4070.683850258696
9214.96041230096,9314.52380816081
1284.3198493251928,770.1587265531174
2305.697135968664,8227.638645871035
1793.1618562507722,4964.816275947045
5135.513412256204,1305.5543828161865
863.5889332029057,7711.933254039922
775.1559702124799,2402.580090493175
1989.5401050916084,8052.0642148059815
6891.663475685117,7764.386257497852
3043.832132445945,793.616880256146
2275.831962709253,8891.49898075471
8487.624891577918,8521.46763609426
7013.555308866377,7865.189047936922
4885.638252071445,5655.034796553644
3280.7900277841272,7035.445774870054
4643.657561552776,7585.109053158081
1647.8783431495992,2998.44274596592
8016.975352621227,8436.575308017422
3828.450164271463,898.4341301241494
795.9431323660682,1049.551807156529
8858.12458134169,2883.017537133634
6116.714082919082,4859.850331379437
7578.685282673991,3577.92495208512
1082.9785410695613,6288.0831334325885
9139.011663646903,4777.530938614198
8057.070586209216,7633.46086819123
3790.2366130881946,6634.385790807894
5399.036043666479,9148.978803914235
2225.821064744099,6211.111404015981
3262.8056970667276,7082.762409552247
2804.834156509275,6431.317512948291
8261.776467857968,5973.840806401883
1244.9311140475938,1538.5812127892607
7719.005142426355,3246.9345094609703
3732.5330848215144,8782.679398909813
9337.463163756056,4806.9043384142715
1997.2070326152113,7722.170380341272
8309.074494705068,3124.057136890008
7301.997276856284,1031.0039433922668
4444.711635588573,3871.282982016744
4753.766626717085,2937.0826686470386
7191.870701057803,1000.201977349765
5973.843211388516,511.74559451255595
1734.723235787471,7472.187045750649
3692.533886706614,6332.372458988522
4016.9005249696456,8060.285298286121
9425.448344418854,3513.337733002314
6402.435491186973,5142.707456443888
5877.818085007894,4928.126328518952
8112.76690386704,6552.3725535474005
5713.74842506424,5739.609355201945
768.9162388068127,2371.9057132033226
2437.793541391757,1821.9465601060892
377.0002594273436,2281.222510285449
78.90966370287633,2832.0593591776264
6147.9861593297655,7508.101471437474
6903.312532805526,4949.086336759362
8627.317466489445,3390.883873417073
4591.351576671381,9774.056056525988
9488.274117783603,7339.487140070695
8923.208505682713,8692.705496192139
8446.420811202875,4156.78983553549
3105.206844748045,661.361217175822
5734.878287932798,9218.91040139424
9903.86455045534,8295.367066939883
8502.15060692033,4223.691798725563
6000.369954767093,4201.17994106239
2800.9994567076646,5753.608653633942
7929.758106273815,8367.121475499946
3075.918619883624,9833.801211375354
6755.472441409554,7932.028301980901
746.4467078326909,5367.546487770749
6673.366773809404,9219.087000943699
8745.146823791674,8794.27922592835
6458.036164013902,4075.708128281169
2330.7615189517196,2162.848986462289
5648.92042810748,8162.695484665353
6553.17555804683,9171.07254754488
6947.111097835334,2423.2671300237275
2499.7579971272767,2688.1375729377855
7640.5029795265555,2201.1246485400193
873.6829891529385,8440.326798305783
5126.724434397755,5841.937065146086
5219.0343684066775,5100.1228750089185
6387.16042456228,9037.686393168224
5347.341951450956,1600.0302841533965
8099.5399465114415,7287.156838822718
9722.859949137563,8747.053120209284
5050.56717120314,4593.277271320503
8323.31674030469,4552.034268905945
9188.40255206787,1255.1755028011546
318.97534026496197,1137.8348679657656
4085.8354673307795,6433.599326523023
113.22524355914298,9834.8999238515
7884.6468710356185,4682.633408592956
7822.523148693057,3470.4671413824863
8808.426556581595,9144.940469151506
4780.307510618998,1661.7496723108816
872.6645102362718,313.15523488764876
3720.0703313371787,4610.41028914368
9545.673140072555,6437.770256103022
2876.5087426058813,2879.7764009661264
5322.910210515236,2453.629156515029
152.7236310726332,4861.825097556038
8394.084354373856,6934.438132573929
4171.225180588096,8627.302383793307
2183.2624697370775,2519.1488574237596
2774.1204011173236,1191.4914370827323
935.0620983841817,5834.22660085403
7431.80828143074,9500.18131463231
2088.5266933138137,8183.647249761137
7999.322809396038,5520.626419130323
8386.264373039492,6299.071765816829
4793.919313308282,9868.37550795179
6518.169523604429,6479.357638270327
9174.959284292254,2035.8028763891944
2706.9840738356097,4400.895545285784
974.3724718369396,4967.36145245641
8369.955763702103,1108.59538108384
2390.104182257845,4894.130106499755
125.05099708887246,6055.090346274737
9013.104361263477,5492.126735818754
6106.681337203687,3408.1549575982726
861.7771025403908,6799.7525504731
8587.0504044229,2227.313426478046
2846.0805202337915,85.41645911048334
1406.172609596177,9396.546788504338
4046.512501446777,4509.461397872577
2914.1182705816136,5759.9296984346
5266.75280996557,8090.413641959318
9608.000846160716,4521.273853919472
3492.878693847561,8814.719466088327
1219.7031483027033,6070.806957011783
3051.902920210866,9402.246346955337
8.507255154621696,2787.5836551507073
2184.902705890085,4835.057557912755
9578.28560952178,5742.206069534268
528.855881582605,6063.639787802304
7618.693680523412,1901.2391260702123
6384.526716308675,4616.283169640102
4314.070230724096,822.0944167929234
7774.786292935474,2450.680376796773
1493.119876839485,3382.7397630334312
7575.174559855833,4223.879399700034
3491.3603875831413,2288.8742838123344
2347.2560382346564,4390.169786816918
1733.060904559992,5682.872615224175
6979.931383593976,7107.016942465399
9166.96925200736,683.4755196446773
7815.608626886968,3094.6619774149153
8581.62393281805,4475.812226948939
3392.2759429200655,3190.2062490471694
8565.320099661682,9867.843651400266
1464.6642627764995,7429.477751087793
5597.805252939663,8959.869070897726
9157.704311096484,7563.929399206387
7563.50715644983,7538.9659954020035
9465.88003206926,124.59988227143448
5175.5647174041,1663.1166538435793
5398.710448322003,1231.07513952869
866.1209164534389,9335.960003089249
2576.6960686048355,4100.461191947013
9139.896439607488,5865.337305015368
1078.0708121898697,3514.4349765172224
5833.620266711704,3094.0828643639074
4267.950329025987,4894.151841505265
4455.838737360143,505.16618505406564
2739.4589415130113,5451.360094367294
244.18627796052084,559.4641523561206
7000.798380892836,4165.955690387287
5206.812820789706,8955.991169564102
878.9643380961554,3000.2368579450044
3022.474521828793,2315.4477980002384
6674.454992390457,9366.905337462387
7586.6616004820135,7276.25012003569
492.16118303372247,6115.95732071811
8818.65974257371,9343.036609713788
4578.906010819807,1562.1021688546189
1664.5191171161046,9185.477533462144
1396.902949421599,7770.611710715077
1930.632190508752,7868.199243839592
3351.7329400593167,7038.514581756179
1610.4726853592533,3894.306150923753
6163.504483234209,9267.479458436212
4791.351605997983,2577.520141979116
8927.850596076478,2216.445173864077
787.6090560657045,8299.25733032772
8729.851288833004,2217.9735177405714
1034.417591026332,2505.044401340466
8465.347456323736,972.3378901606872
7674.723779027314,3241.1044574229463
8907.910414372072,7116.045345212969
5384.8937142444065,5423.900655090154
4906.454242547897,7128.684364940496
5031.927623421741,5237.129569085215
6363.261993996124,3556.727687691934
6068.938877884242,8917.984652488
6387.067897450718,263.0854068258404
8198.652004853484,3857.3787586645094
2488.580346280598,4567.710790037466
6470.40775543316,9940.949600351834
3144.474097450957,4962.499544108942
4762.196079242016,2874.234764256609
9766.0048358759,5769.189658273572
9208.488527369602,3043.3609288619955
3477.38784051538,3333.718174139896
6067.422840667631,5590.956186360382
2541.890026526814,6356.776574695332
2834.8558731871076,3527.552135121169
3922.851410625399,627.5655743588826
3628.262549327045,1587.3534369641761
332.49470772321877,7672.972993896546
3153.1231730789177,300.0307307561212
6276.209689050486,2743.3595889573094
4729.862296643019,1588.789620521125
9651.190876591903,5119.402458102523
681.7718769124137,2185.013342053912
3676.7009238806704,5584.150498599038
1164.3743114781357,2454.5579608907033
5273.7161928075475,3115.233133650218
713.9653838856685,3591.8488021476637
2772.1977325275147,3397.0112873999446
9005.880686707334,157.25191342113476
1430.8781771864133,4026.6126816096257
8517.139188304789,2087.8481185148466
4090.1814492129697,6493.330300129767
4191.4435166215935,7357.200214870439
8379.900308373079,2051.2046604391985
3804.6445406108573,9235.887394011042
9516.787143424088,5056.995316965672
8162.45294248176,9804.821896079575
150.02551111972795,5756.2989868048535
5636.340232797193,9653.131257860801
2023.7342923615531,9289.660145880518
3928.1549890257506,7147.398506939408
4652.020994993717,7445.275035191566
7054.668961845032,3238.4378815475056
3823.6877201636776,4847.6840884284165
1307.2815904141266,8485.560294429408
699.4388385845507,2654.1677035684306
9214.131900554376,2870.83867081369
85.73616848190358,8434.958051415471
2479.6853054165613,5605.166977769405
6416.905523716155,1009.9722382003773
7438.517168749432,3624.753052818571
7796.253540405047,7280.819204950718
5781.947466403312,3271.9429257698575
5811.2720428384555,4491.733584345511
6586.64584047466,8128.9681897294495
4671.996535350242,3526.2770227876817
1790.0921609395748,9118.073274013168
9918.964948579844,5148.570025141136
7225.425466028321,608.8953882922765
4826.013828385998,766.3052133748471
6938.665932501575,4207.502273097683
6574.602660489662,8923.722275086116
1648.1091567649041,8566.308173263913
7516.177608031917,8447.268313372299
7739.3824682789755,2036.5227763749438
825.1382916124417,392.26468710562676
5467.609905671989,8429.745477043665
4927.337231881042,6539.503825803349
461.8968016199365,7604.326286484195
3666.30841039871,4903.459383796978
2707.1192941891554,4983.281555908534
8308.665152791316,4106.414735100804
9073.109217789306,8310.50243034893
7283.638461303904,7000.377066734055
1388.8417191217407,3457.832612030326
1049.3271642241252,6229.357568782407
2251.376941972678,1477.104412364151
6008.074956772952,2078.149862661736
9515.519720573555,2782.3774413213973
2768.2119895140113,5154.516393485376
7192.158332983312,4318.7158964319
6167.494502614192,4228.2949094791575
7979.751943028652,3279.2500694729133
8870.774746487416,7229.140613958385
679.7461596561672,744.0345655260594
3667.8019500210103,6445.429113219529
2682.8032580684157,7452.327489647828
6653.723188187316,6674.855070464673
5793.291531598948,145.09854852296277
9608.743627354648,4352.991115847038
6329.69205249592,7441.675684823046
101.98515982779432,3418.8177196775105
1506.8381996537084,4411.078403950905
8681.14298495837,4436.517167048332
5056.167970708383,2917.7017018943297
3623.469200209558,2194.333258193154
1842.5668483101022,5769.461669115989
2680.04666768781,8220.176011829433
3942.2231629552984,9498.071734768175
6030.477477184017,1832.7559537247262
4027.4081758037614,5696.735664618043
3142.4990951128184,4741.42436388296
2954.34954231798,5889.290858646246
2649.858347117118,3431.167528650355
8660.24450141551,7099.594283766012
1783.522201672143,1003.2296796532391
3634.259898461071,4559.264197672472
9399.631260756012,2382.1922606902835
7304.354342143641,9247.37580940547
2541.24804066327,4305.252244917151
7538.461004186558,5178.610657281184
8766.813546210607,7964.801304372555
8975.839171995423,799.9960734259304
705.445455491216,8772.30543450532
6628.584134661658,2058.811891532364
4526.317348200454,2001.5437840921147
2791.4948529155195,5959.121266080233
713.7320429714844,2962.983786402086
8635.435977897627,6442.293025314984
3214.6123134661407,9114.884017082135
8860.725036283715,9925.364821269412
8351.996411900967,3797.636191538294
8421.7963182067,6604.440546609708
6670.286697430586,7995.718693247618
107.07942753912735,2557.5432528881893
4363.404733818587,7478.633439652707
7600.175627961771,5976.110782388389
7170.89895221859,5801.709287770943
6623.180318200327,2032.2100241592345
2839.5200117033514,2277.288511677349
986.066423811307,9968.133663113473
4144.053559539039,1137.6735186696785
5641.695271669754,8814.883754876488
6906.675817815407,728.7728024396989
8667.263920927282,4766.4091346335135
4270.8689189514425,8463.462793598368
4324.749907061557,5821.4206341208765
7470.111565378084,3449.1078808208763
9728.08357815866,9347.109867022773
4494.8971344191705,5423.485523200753
9450.976325477628,8423.723578613903
2572.2983067658865,8834.550054566958
9287.332600220203,2332.3667768175073
1349.9384251478587,2870.066950507073
2045.7998733281447,2620.9292140737984
39.298472324307276,6420.765839611056
4167.933023593713,970.6425821196829
476.8868062585385,4810.930660818324
4216.152414579846,282.83835276290637
2079.7268025362723,1637.2103868117283
3548.2200517100505,4722.752132490846
6964.079992768161,8246.300273469977
4215.440702449057,2383.140723120917
4050.6967219250146,8310.58899221232
1953.7268479818592,7336.096138936017
1471.939131407205,5406.872183782163
3813.252320704461,8717.193835720078
8454.823893951383,3420.642345187511
1064.9351091702263,9524.388561717438
5224.824440226682,6506.699518472698
8789.831345673329,1135.8370693626662
9533.999415185071,7935.0520367653035
921.1003294262732,4995.677498838401
2469.14745285301,1314.3205265152646
7759.291818950831,323.2364764101481
8596.35089259576,5147.528480649097
4249.232306763688,8646.8851742646
5815.199524212961,362.4345000372553
6036.067342343333,6937.503204147354
5379.232699477869,9328.680111295986
2720.831887945854,1755.2193341573895
6948.059522862635,6258.463599597436
2933.7008288569446,81.21933601914932
4137.919205528341,9772.775085876254
4500.827586291677,4458.006317560498
4246.835286529472,8162.879158573448
2549.411529471216,1357.888560267988
4679.945349036445,835.433480404888
9853.694235049952,2508.690274594799
8296.84294951319,2406.615827802263
8788.278799672322,4193.584519573653
2597.9542660808297,7343.827041205179
2928.595464627265,501.84561593461297
5844.579973939161,6115.186982575596
8255.338272261817,2389.8262896581036
5626.761686711879,2603.2242469833445
9978.263181070708,488.57134877859363
1876.6655575769587,7936.565905539883
4054.6955307834774,8625.431735347174
2501.2031058971484,5190.040516245873
105.56914433593856,5669.051765130867
7587.507092906828,319.25938478071123
2075.7676488332368,2428.374092968496
1035.7310741647684,1048.8258884602153
1256.746486573772,1315.0887372235231
7227.50564747529,8561.279286579478
7967.285164029711,8517.507799201927
2578.190607031593,8470.243698583778
3199.43319791814,4250.256953827491
8875.927880639747,6531.37908090575
849.7504872170614,2307.7803515679607
1356.671551706299,1721.717996916393
9209.371461851508,8145.277175332981
5173.566673580838,4496.80192160293
1806.9881063564674,6775.066026627845
4327.403650340512,5386.893605786669
6646.608108894455,5000.99521865944
4066.6087681963436,5726.753052462314
6384.313030353797,6300.171649592289
5759.927019556859,4818.689018218627
2343.181300687942,2621.9765151978136
2558.280437773094,4664.118622946987
7394.474787564911,2734.606517662411
8118.835523156335,5201.609707047647
8240.160494093569,5146.519620177775
2506.26952267742,9196.202973189715
8644.956644360802,5090.92524005561
6187.40291391085,5302.684932157993
5999.387670118594,4744.317191804198
157.17762338209317,4269.941906096707
3573.0495176362397,3536.804836320138
9239.225700469056,9051.50727339738
4405.80212499507,154.7066171306677
203.25688044802726,4638.19318596285
2952.434918022243,9579.557317515368
9639.641809449262,9701.984980265835
5053.836221662482,6596.311666554024
9511.544623898348,4807.697631432667
9554.804613519453,1094.5211463343696
5961.716772649415,2259.578538789072
7332.974027681861,2544.676264344845
9813.846534436248,1926.0356174663896
4793.525374432701,1928.7306848751728
6676.960352065762,1914.7396104013537
1784.698648959745,9675.421645338525
3029.548168342132,5316.48077404049
3907.2803673960543,9140.440093079575
9956.42840915267,7281.900054244924
3985.419549617033,8274.931958316574
2433.3112242665056,5921.409009813293
6036.426481158036,3077.6324049628925
8436.233943776957,6427.0385740614165
6525.372965533222,8251.01650307804
9037.703694236712,7432.467914295353
6245.3073284927605,5691.433081198511
2488.7045744218685,404.1399095807696
2118.6095516142723,7589.843543318665
6453.166891756009,3636.147416460317
3451.745360462337,5096.354336752067
2481.716837896133,9515.402086703902
540.4857633997995,6557.324652494427
5293.267167377136,1289.1436549995872
3023.315003419789,8658.40710231844
7283.4648618325755,6142.945655550246
866.7647907278031,228.15749758713145
6264.016193422791,6013.909375510541
8743.241302654298,6301.12607633133
1241.149469288254,8534.71965755095
1243.3881949124602,5737.885538767026
6642.449724996171,6050.325094844728
2673.6941331223816,998.6730399383359
4914.054715712001,7428.619982655673
3957.3894933088472,4098.343267381752
3635.662429145746,2557.841953271551
823.8864541548663,2962.9096561169176
8871.788456865386,5923.215343899293
4963.975116770578,7727.239028586171
4468.757384002013,9407.458230676259
5866.3848409686625,6622.29182105566
7100.556319511055,8559.142768501188
9446.496663765256,1568.0455829152284
8164.721711744387,1079.01129327438
2168.298730234337,726.00171613047
5705.517109916653,5178.593578955842
4161.020959720143,3203.7837300163096
4552.5569107035,604.0071472307728
6296.700861168834,5762.874176558194
7569.512393379584,5889.38630989252
3981.215918603903,2619.4325816625187
3870.8941490914563,756.0082932226276
3105.3036539435275,7579.35843463882
6080.215425200612,275.0438844875591
8831.791052072931,3439.276816908268
9164.169497333769,1586.1642679942167
7200.903958070697,8959.086228242888
9472.549904941241,6746.155302429297
3065.4599948010373,4917.898428143949
8357.040535851675,5281.919123212683
7278.970136981308,1230.9934624503383
8389.83098270852,3259.081535961157
2704.742864343689,2315.9682337613717
5033.889718329131,1610.4944331122829
8346.179237681125,3029.4184442788574
9591.627949930955,6921.821563763827
4920.777570797709,771.3546268955785
9078.176971167717,5255.983513433077
779.6786327170457,657.6976301005
7654.967753553772,3202.316429858265
6758.879703982252,6735.837587312341
3355.442371189026,7369.359330111031
9408.027666676355,3035.679609218794
2353.8053001075878,9892.89425320157
575.4132838078963,5606.958239329945
6511.784509922828,5437.306754906251
2847.5023383489515,1122.2867692829375
1312.739447187712,7106.501048075878
3881.509550254123,347.19710307552276
7670.884205698864,6413.329891279375
5436.1099967506125,6624.273308565667
861.8096677975007,6358.088888541503
739.9476320726761,4340.7403595689075
290.3291355064952,9357.137547772547
564.7289892525708,2782.973414941149
8777.201939849196,3949.6874073770814
4535.158931079577,6294.629195105934
9989.20972006917,4684.02657952568
179.3448956598598,9863.169788837446
3584.4249002466577,8132.443370939523
3365.237478950297,1306.121485516577
8544.097258400752,7107.897877870479
4242.924899569343,1339.7697220713567
7882.106727669831,5294.174780512053
949.5212904199391,9737.760619224935
7394.497274933488,6873.844551154411
8935.28428546436,4988.529831376039
5834.573341867511,305.4561146680779
6596.383225744857,6428.760669388228
1853.5594113221387,8570.177822822248
4108.996033496509,1817.8118300665558
7507.5052478332545,6496.477934102079
8240.197952105611,8844.190685516376
3009.744965501827,1975.5674035987247
2636.3435846381344,3331.774211912064
2324.673227136814,6152.25662308664
6624.811427225629,8193.868555637331
557.6485830173928,4624.0153847936535
1893.5358398593994,6366.950213635982
4400.265429451391,3045.89727181515
9798.628569175124,322.3032221120947
2946.9451867155326,4585.501044007677
9031.833039378516,6252.986340262012
2578.876534852824,477.0822181975254
1095.1336631064135,2194.1101036639234
8733.65550567837,3345.4041082312615
5123.350762319987,1116.8912846601265
4656.474504318842,344.45663389645387
4731.010824335701,2619.361481568633
1658.965259012114,3140.1065978400698
2732.63358194352,9895.53759079813
6861.795403242892,7697.6409861890115
8672.505621055761,6462.083597618819
7735.186125465194,7402.548879583111
3922.45921276298,732.9693646280643
9588.80141554173,1590.3123021582421
497.6532264569578,7632.479436280818
5560.7502627480735,9226.1136812102
6284.544033305934,3985.3110509347443
845.3881103206651,6172.055209395322
8293.250624323622,4080.1230281907974
7580.818448016188,2471.396785951103
4959.98146090334,5282.318157514372
6078.7410257497795,1299.0692180248109
2827.3230753660737,6610.030221434866
5718.498988118476,3984.9363775362635
7775.159289503643,5765.984238701032
4654.852141990286,5264.831170796812
2136.2801147766163,9255.976881242084
8546.966235195414,4925.263591330181
4544.499777082668,6578.4941842350345
610.7635916306253,4956.541313329929
9131.720338301358,3680.970997925016
6444.412710957844,5167.7609248253175
1803.676573579699,6783.385937405705
8576.522541349159,6834.801822943631
7017.503096806008,4606.9065380244
1894.6312586221293,1247.7357762269526
4992.919209027077,6866.459327226712
5568.008890911274,3585.296052647765
9473.190605312466,9526.739021925687
2838.6448177577186,8958.535527718554
3212.3075603417105,9449.396470629485
9557.884799179288,1841.0944263448869
612.1572377085749,3629.5026996232605
2261.773251108327,8955.228722728201
1928.3721637940332,4948.405019946262
5568.456713000023,1832.0336474588316
9546.500046735842,6311.852367822245
3133.77899703307,8207.476020619011
7616.627051266577,3565.8035949332157
6164.3133358339755,348.60475802772515
7874.824215515888,4538.856040068678
6265.6479771503045,4476.731705238413
1278.9449742087145,3547.7373222411347
530.3243045235662,278.5217517717609
1344.2223303567434,7351.9098149433075
1681.4422026031073,2254.154407673393
8909.680152240386,4232.489748354263
3724.942755410773,7641.491177515804
6592.539371140343,3775.5845445846335
7444.951564722219,2360.0416704247195
7937.1161855033215,2366.129837057207
9087.15348834582,1327.0425113365736
514.8882243560937,3344.797979776831
599.7626456997307,6395.597698297673
9163.432008024614,2530.7722388524535
5841.448587693229,1665.0883097278268
71.18200393467112,3290.916808861842
4131.82474354113,5967.514548240903
165.79577455359095,7286.657837135309
153.39135361586818,2429.9272131964744
9500.931940102564,6671.487792378273
7136.167691154511,6778.620448851749
9166.403212546544,8799.518159001676
8366.006000230445,4695.717123746667
7620.251310982863,6448.043185211816
3771.058711827201,9462.480713876366
8160.720563561489,6041.934665798453
7559.735133524224,7252.734713917647
6996.113025196272,8879.777298198933
6130.226721140165,5063.881570995616
602.5812451516765,3974.085352054376
7724.69809823855,2120.25863278543
9056.622777047653,8573.575456488186
1192.4555331011488,6555.186776296722
4465.574060019948,529.0518582614234
5428.529977249888,8577.73170489863
5499.011040817201,8677.600776973548
439.55837973075006,8746.73475635476
3052.848298587836,5212.70097686438
2489.960671904112,4328.598298453683
6839.791037112649,1803.502655804864
6043.946303888029,16.840728804881078
3889.1149736448206,9213.691368267622
3285.48742490828,4500.571466364954
4817.25182000658,8604.347256710478
5368.453578350281,3398.2957373853096
7342.868151079259,7932.2698277009695
9117.085821372744,2917.38440021453
512.8767003548795,6974.942234872566
9740.076577893211,1516.3107117916375
2840.371266702044,7448.89688881738
6765.360709040657,5152.853209210294
2074.4211595720353,977.6926983265322
8177.01575224791,5929.602607028805
3785.5566053634225,4928.119269912597
7665.165926230867,5322.161725731705
350.85414158743447,8662.633374309955
7133.465588648756,3430.7848263678466
2625.521397078836,9438.042764235237
6177.7652173622655,7669.237813805354
392.8481414706309,7406.850602860601
7685.738603915989,7453.2107471497975
6874.206340490783,4515.4400130876475
6937.987145767916,1462.629084823931
5829.654893148379,1025.1027382802447
9778.691881165258,2027.8579333573398
4768.728328348819,7156.8352350391915
5454.734811718655,2624.3693227049525
3061.1294075766627,7781.585754591906
4674.753220768956,4011.875297819336
3188.455123742553,7154.547906510164
9832.797257277152,3883.474579172983
5957.078037837505,7160.225817240124
1205.7066489689194,252.48306144788458
3320.642051196577,7134.743803193024
8503.091113462582,6021.888050255006
5798.722185604615,4672.141928019095
2883.396841244079,7512.452560289651
7071.274637387214,9133.083376755929
3483.3630736898203,7446.788207981205
888.6930085231626,2507.43541188568
9897.482682609332,151.32572029890378
2905.6560655270123,2242.046727085385
1821.484842539337,1656.8544597506518
747.2623948316959,3780.536688580942
7787.973048718299,9042.650252721844
8853.384524647407,5212.505812672106
3070.5013828173924,520.1766655085438
2026.5908440954972,2542.0742155631915
1763.3719605775523,6296.680099098022
2978.067775375085,6805.888807802666
7701.123562175075,6775.616231480241
2876.168739183381,2136.2524269593696
1586.541245249884,7846.344147485441
6665.546862813271,4271.1296445255175
8634.826243609765,9073.498736173387
8352.940540893547,2486.993094975907
4216.949882119232,1443.3984066538274
9143.340835734853,6229.551717225536
2644.7281990933116,3565.792371609825
4773.938171581367,8118.293016221505
8886.499416866682,808.0971870177978
3773.6575209053644,9491.917525930287
6272.189979837417,8271.303325203413
2798.853488551992,4125.939831395874
5097.844974919331,1219.7921543934165
8179.182878877117,4503.3641145262745
9165.307554384231,9283.842642689324
131.85692964725604,6132.845963463887
2811.6692374907448,9704.069430523981
3119.577812551976,1760.1274072396645
7269.5831996680845,2856.911163431386
21.77311669593007,9628.270664822594
6200.9543978412985,9356.795449529658
8358.710732555566,323.4942237177607
8744.85340612791,7500.131010345866
2439.645782682619,6044.284539549077
5356.739652700463,891.1394520457627
9208.347575160384,5747.580149561027
4142.202810930633,6533.434618500077
5225.968206662828,3805.3814959952538
957.0053654021493,4423.525365535446
5153.8519104293355,5349.672605633111
5227.471836843386,8054.7829398373015
8566.430442055278,8423.294370647087
2099.7802329931847,385.08909789324196
67.80031653672802,9650.18223651147
3101.6601368485162,5678.89917751181
779.803893230262,9170.951694593863
854.0178735675397,6452.142560941841
5595.3918063292,2176.2618664268994
9775.546452678956,1914.0867550078078
8594.848862329327,6977.3596961683215
3314.445056188362,9033.885222023358
5935.230555082258,2301.5172043648704
2531.3546430855217,5260.428354449801
6179.024549146632,2479.577830745191
1384.5976187443255,5020.498137147705
1482.8927354720101,3907.9056242104957
5952.238396788617,8784.748594505196
9456.121692287717,3050.761944372088
2127.7460616822987,7758.289422983572
7738.874006201519,9883.557405544752
2466.90462573432,6623.610584687566
9067.1608675087,1835.5410334075516
6910.629506841715,3267.3570118961793
7412.038989066399,4306.183951919187
4082.994196148577,6774.908162168316
9651.120610846367,6791.3725386767255
9844.389951421266,6174.28328509835
5377.169019174679,3044.2508128637623
5297.337472722679,8468.786512822271
2374.336505843051,7437.413408293149
4090.2110351706633,1177.1263357000284
3520.4903512276455,5192.253288442544
6353.387013822813,3522.18095653548
9168.532886044102,6880.87788696388
4538.184565861071,246.5608769060934
1993.7475474244216,6537.85062265576
4453.109789951564,7717.8195939488905
9106.383280727925,9507.330230211597
8623.803046085992,6693.473775654349
938.2587860720259,2526.6975524849213
1688.1809193674235,1132.2437039145238
4213.169063618519,5896.248458676598
6743.439401414699,6313.706547739362
8464.388756203902,7915.775913776671
3556.2796574727895,1408.610534374135
9863.485360468614,8658.62075241289
1978.3707392748406,6670.623499588196
4443.215831740588,1472.667231153445
7914.284441037322,7307.613800467234
9972.425725229517,4381.603550487386
4204.677209919399,6086.1361278000195
7887.806241340304,4205.605150148358
2786.13470182278,858.7196843650147
9365.160970287838,6339.080212720344
2782.5248395484846,1901.1744331681446
2189.0688566539397,4578.48286875661
5506.9908530128605,3963.0445049225473
1648.0105342437457,6803.733056057191
4986.079355782283,8950.210769112857
382.55611823627913,3076.938127446355
9782.776279632259,634.4520049415526
2752.540289154267,8388.090280256869
8995.721033284746,7827.071743530268
4134.742537332911,3076.2201802510103
909.3439385666768,8249.509284835249
5132.690005350721,6026.127286313719
6185.515379133902,8207.478359525328
2326.312175083487,4538.246980768067
9057.682506641482,1710.734837978317
2486.7446062353306,7375.1707289737415
4349.012434473828,6007.5869154692855
1428.334634169235,3240.4258680243715
2441.188336612483,6101.234123438067
109.39148228268691,1154.2882844623603
6171.064648725835,211.80972071746407
1571.8355019164133,4157.925743195397
3032.976130485988,3250.086501534607
1199.380334234178,6960.742727211765
2423.046694974473,7723.0042470091375
5956.2178161912625,2564.878335309059
5160.31369941835,7240.325031486301
2735.5710900435047,3447.7928479882003
6256.942888909719,6788.5535257774845
6598.438026827193,5721.633695265667
5416.828826508951,4532.1989972158935
9339.601852415813,8531.833598023048
4087.6448372136465,2555.2035961490906
280.9459905147005,5564.424739599857
9143.511524454469,2370.3319532665714
5726.492454556468,3722.894874873498
6698.9192990963775,6963.342343515974
7723.848943073327,8386.999133259791
5193.554436971474,4941.705902823913
7280.1416399187965,8503.748622366465
3064.239434138709,7837.277881124805
144.62660731825005,9422.641827684405
4349.772068986905,8812.81055527625
8467.41098491479,3295.8821285338036
5781.39739849499,4444.077894650659
4128.042008673842,268.818232592577
7252.128528095985,5199.318665253976
4837.934530075652,4895.138993560107
2068.148864474485,2287.116775480531
4636.797337370176,6679.169684045616
3937.764591634576,6811.674779448277
7094.763971412983,4613.712661114701
4646.220186123041,3761.9545068633197
5755.280422926537,451.1165239346171
1250.5714180980465,6108.191758961784
8440.006124560665,1642.0979043266714
2232.3397455410345,1166.310575492251
5085.777723557585,9142.656967953184
6694.871308375479,1070.9903065424264
2979.6676337228323,6613.373362948598
4163.548445912916,1568.3089101798976
981.1768251996034,5448.222347430081
5890.142094992207,175.31746331943654
8533.833392953447,6741.329716865145
9481.508620739032,515.6727339457145
4093.001728130168,4960.95963913265
635.7756843915707,3929.34933873597
9122.448978431168,1821.394864840402
3516.784814524735,4289.371916320387
78.53574872203062,3422.4236704654386
4181.3734946245195,8483.054054584607
8120.444011363459,7699.227045023235
4588.980695271898,9977.70369584128
9867.74306492625,7125.180663159504
4656.0262436217845,1962.7180520146958
8807.45125034798,837.8342038119835
4714.091639107829,6757.187857110644
358.740602077674,234.0332905657283
730.4024994678526,2443.9638010203926
4487.279114343437,6142.063765853307
9137.537944121203,8534.6440550654
8130.901604026356,7798.0504562751275
9225.381036397617,8154.699070388168
2233.2512923294403,4579.7398617897725
7656.954910770408,5012.806805792549
3275.9272272034523,8620.286740745698
2344.2116907616974,8750.789015121212
6019.1463643564,5570.830504638358
7564.773574240809,7879.547919290539
5805.777973300897,7864.2514460435095
7451.672517206862,7012.337342770851
9446.308725990557,7540.21747369791
452.605691015423,305.91573684457643
3217.707276875971,7547.771016164592
7061.724358392516,6131.788938879193
4246.518917037647,9760.140559753461
4230.459895062557,2126.5418330551734
3099.833015112897,7244.4837907878255
8640.383531382822,6535.4131240844545
3633.197042335534,1406.9229412804007
1493.4449388906835,1014.3668529952243
4715.831606093663,1313.7626341841424
4339.157973667479,8574.73160269411
8924.422503162854,8413.68501332026
4357.71816814153,9652.156238104364
4382.080862383466,1092.342970094362
8560.42905390441,4874.995061311552
827.9636091539567,4542.975689614555
7258.125424852644,7714.405322837383
8133.453496980212,1708.9434575716955
3112.926267675267,1968.7107718214536
8091.753385881601,474.49086109432324
8575.240699838316,8780.216256180982
3049.3315418882626,612.4649136387128
1910.8408424703282,3715.2918067589403
5577.815330126613,6451.680567572406
4958.354806062898,1151.1052047271864
1067.7012875007385,5373.3965357650695
7074.60115063663,7049.903127081813
8410.312081656151,8072.592740100742
9758.003418544982,6274.411643164667
8640.8780330923,9606.623446765047
9136.525114681228,269.72481347454004
5920.560242776058,5874.531068289903
4812.533143539481,5466.90703557967
2236.407067118551,6131.761719065612
5595.945286851618,6581.711070265045
3626.2977458756864,9934.795135675808
3507.546790157884,7670.658481055345
864.8710293125938,8151.205926356009
6685.098582851552,6521.963872046856
6705.366523962648,165.87390996612217
7589.498847211495,4030.324433728867
5673.454101915071,113.42388368890677
6564.117984753386,9071.191327818997
3314.830279123686,617.5225308481469
4563.571126044755,2278.679159823734
718.0865282497028,5318.390564703889
4741.12320249096,5066.511989725468
9396.38175609335,2180.08886673589
8494.761557590857,5409.29617096862
2139.2052755959435,8881.766230424546
8129.497485719284,3690.852068654338
2503.6501223117803,6268.0607610433835
112.2332532612491,3331.3359652091835
5472.614251890006,2405.487415968799
6247.754327819365,6639.141844018477
1553.2887286305718,9111.465550601059
7458.267744316514,3639.489935886602
454.87285099987673,1160.203550926724
6678.593646914243,928.5336756624251
9956.888421770456,7048.911442211976
1619.0404814454662,7653.865491358469
1492.3807673878975,3547.260716787747
798.4917556942551,8009.529367096321
3800.9284136912447,392.5877450552184
4308.762492940426,5869.756266239659
4084.2567019047237,7544.946065295917
3632.6374183449916,3608.6812416188586
3256.051718160946,5386.179443930966
2697.390882719328,7465.805112484482
8274.876909450104,607.8992655412319
6344.42903482428,1494.764525218415
2187.223123798805,4385.640215571088
8370.559767648398,1018.4374052508605
4050.1607574018294,2232.301235198799
6550.188673997414,177.08064254125412
123.19149160636033,7702.9511775242945
4180.067265402186,570.0032018435563
9288.852666585,4676.914543113867
9598.68269767981,1640.9369400391183
4702.44763484063,5133.885697419582
8158.391182185783,4324.036753337941
5509.816230294816,7165.341304858301
1871.49690891788,8235.813203235843
9639.544443564597,8963.81754372577
3656.6084804218935,7088.175243030662
5588.090621613477,1650.4698284729736
4361.422963873334,9924.549101175793
6683.236277575794,9015.906448217556
8118.973741926334,9446.632039800072
8189.0132871696005,416.8881343041464
3168.7848402707496,9597.171700377185
3428.5083298589893,7091.402940320955
8123.781297704981,4301.146772775294
5226.639852351239,9496.52863144548
7834.1009805177055,4220.0428493809195
2182.7726864470555,6849.960338140041
5469.925292130822,6031.215039834229
7129.501558651983,157.64161946232315
1279.0595377489778,2330.878200448703
1963.2745528927342,184.7536780462533
1338.4886308597522,5149.865771010099
7121.494849397978,6238.887253121095
5014.223755068155,3522.28957149654
6743.3526112666295,1703.746121546217
3963.016693555881,5723.346310060572
8027.3441462836645,3373.7042928632964
2027.4548017180916,3854.9942070058796
5841.683843263854,4239.647628311694
883.8860535217319,5024.268645035622
9298.149379562075,7159.1634745080055
8479.912120257388,7212.036443190494
1760.8446496126007,3859.370944648939
148.9415559597329,6890.802037267681
5222.99325876018,1565.2936376839311
3089.129985115393,8623.283682771249
8595.500823613478,1997.0984776621249
6032.682004591381,3316.7664110183205
7648.224133768113,563.145963734033
8574.896133315748,3314.505463059659
5024.8492480424175,5492.823393917717
3751.3474901991663,3090.267728192213
8198.540291712705,689.0819606740029
7502.187511471977,5295.124378726188
5333.302400947219,4060.732436020411
3667.502850428128,2951.1028190068755
6511.046576381887,6423.003516647818
6423.448342396596,1614.6305533957138
517.9604810843886,3818.4783424574453
7758.779986804576,6139.322167506918
1964.7062967306806,8661.844913566794
803.0128278148419,108.72741495813409
253.71802526506505,4303.684568967352
784.5745513236102,9081.243235244136
2541.922680572641,2973.0855865348594
210.949815769621,401.2233356282524
6378.824073441618,7228.461759741298
9442.701066603611,1936.6640746301023
4327.155662186704,3941.0042628050346
4560.017849943227,2764.242945154275
4241.342842913776,2200.2377655576533
5911.868352227175,8703.671214770417
3431.9807895001677,7491.656538277733
1387.9807514234876,347.7327137979136
9011.054754610625,3817.7787658151874
5696.698385933465,2381.5938047935247
6968.44782158081,8270.153523616815
1843.301988046242,1626.2173097835419
1013.3074374844964,1252.5500669673972
4031.6376190041105,6931.319248324658
1864.006775013889,209.92061012865992
8679.49349424663,2806.0850284109983
2871.1827919581856,8832.110753588717
7991.668072037994,6965.431847955136
177.75833726930145,5970.358459391037
4600.959754269144,7689.962222838665
856.2170170114991,9009.050083921817
3526.3908882803507,5446.4596125418175
8458.434826555096,1686.5005894427143
2680.1436930353075,719.4492304589306
1909.746350737781,6647.283835001
3449.7162480689603,2154.261165239082
7188.863993017952,9493.259549306173
1289.3197733874517,4296.868203148202
5667.703770125844,3510.2964880085096
2213.22670664546,1033.7816615149652
1757.6673680212107,2601.722029359014
1477.3735536317733,7275.551307166743
1235.8859247369603,4350.75004009199
4435.497391387538,3425.518695653056
7242.186389403982,4403.420559100358
5768.573995489945,1769.3551875409908
8368.63562478809,4639.8066600782995
3375.129669963606,270.2738129864335
1322.9924962756988,6019.039903581397
8701.42520247554,4164.215313649711
9994.477720457011,7225.238608813481
2942.0508008158895,532.5900747369672
9494.307057378457,2218.597947504355
7463.2246931156105,1685.974099722899
1614.4194392820932,547.166599057819
500.2150356244739,3552.251215795337
8634.373505677813,5412.389034852306
8981.765113606429,4037.71524394571
1054.9223383145213,2269.715217624585
6536.22187291586,359.0817198038154
6990.18719947619,7353.177888545109
5633.104492771968,4884.4266266127925
6464.519208670135,1690.7476446947644
6395.036114106169,9145.423172230647
1996.335593711085,4938.581871500196
3976.9341548462867,7220.607977912013
569.4833475058558,9860.131200639153
1112.8010620245655,8566.1425530769
7704.873767141013,5880.3905835809255
4144.174906563472,7862.516607508232
1317.0488775589806,9188.604486383332
7747.829462452557,7577.694163961425
8928.244302483195,8264.056242610344
4052.3035034095633,9243.702633804707
7674.916509999935,4988.102715155952
269.06894199417053,9668.423526698665
5168.5178286785995,5640.169873694352
3607.0474151265,6355.240991445195
3994.697931690205,1705.3096566283732
1993.631917186125,9575.062455455598
6837.6608930788525,2317.2955919345072
4799.03238306862,6095.507987395592
9654.604448009739,8601.551147376229
9177.725866276525,1081.9201156430602
9295.41988360244,8885.65838350028
1634.2334070214627,4166.394555093667
7179.319011053626,7145.35845468349
9462.23325056006,6075.921065859494
325.0933512254039,1197.0148632384003
4524.859005620522,1487.580420812863
2262.286747842731,4001.8342192756786
3839.564731607683,3034.909963967449
3356.423558835725,7362.478673058205
2596.2883922128467,8244.659630395978
3498.088407266462,7068.9405639898105
8692.936103430047,3011.0347616913036
8915.71046016117,3277.5960610639286
7298.190084147118,7764.639368249576
8856.351455118986,1921.1624616104673
1445.5168243470396,9916.51351860192
1200.6482828537835,3681.6774980693144
9280.552841281962,2393.611462139302
4187.716287945179,3116.268130102604
4766.134747148807,2112.590203663507
4661.423945238263,4592.014492476014
7639.297309904909,3957.250315404006
2391.2292551214487,8464.828313867789
5671.251120917527,4622.024845697629
2050.153045632003,7977.747512405562
5068.6715097260085,5474.624779058076
668.4029538652825,8403.547667525914
2266.2183298280856,2231.015216361103
5956.159955269937,4693.183741332599
5065.38109587218,3529.0313311577415
1972.9262893069533,2270.764473950612
637.9140825024476,7890.402770469602
8482.339315092364,7271.552314023869
4764.009086989846,4401.193277213297
3883.0770037535344,3497.0038581593053
8187.180269935432,1155.1539640705976
6157.098620775133,3155.5665568820746
9203.771644797363,3752.959875295323
6708.667044885832,2655.8911918557105
8730.484531585551,9497.675552937524
9494.832563529353,7601.296108002412
6464.761482589434,5121.962727170537
6236.232848123232,8198.349299578256
252.42022940994647,7767.0298043041785
1095.7735770095978,8797.660884188479
1391.6488773910608,4089.5624673672883
3516.793660348615,389.3968443854734
5923.1104617255005,1252.1680635660948
1810.5315231417408,2427.723893797844
1175.4112542418181,4252.1264101726565
1198.709464793092,7415.771589411755
9889.572712840512,2505.557676525032
1699.7153979647285,83.60248936232884
9617.168258280106,2345.1489259527525
2441.678796677286,5594.268350137955
8532.324055192736,8749.406875470271
584.588778952978,6195.94852222607
6623.195019550908,1987.2128217283914
3221.437090251975,5349.562782366773
3706.265218826957,5816.001530626298
4049.8558778817205,6763.532641264711
7661.678235740046,4182.0783475457
2094.404437590296,111.20452292195937
9682.649960033737,8681.486578475651
6515.304569650277,5496.478777266371
1107.8038114462995,1701.5716345795984
8365.439626292819,3289.073272160966
6348.548242572485,8803.412152540091
2062.8420133569,9898.048919749426
2275.322943047886,8640.640226415619
3964.8441535125044,4775.877865376521
9034.656777903614,7054.886072186967
6140.32129250616,5492.270270494772
1972.7289014791304,240.66579325763504
1936.4356024521667,8888.617350877135
2505.734489423259,1547.2546699942934
7890.482127560908,7726.049013123674
6060.836015701,4095.698632221286
2123.7529368804107,7544.938304460208
4468.413758619444,8679.71179259441
7867.708283483185,73.2095367180674
6346.499923022637,5090.00455960992
2711.0268680458894,5555.262077554266
3335.3726008350004,5120.97484966487
497.1110256871225,7904.695660387882
9785.848305214338,7884.183601838037
1752.3422735260897,4618.4328333219855
6360.368657089083,6267.557794103073
232.25224289067702,7773.765133482868
1083.141396019629,4709.9118135535355
7323.110831148435,2490.8498308795847
9007.845229382538,1223.8103073709694
1253.755260672983,7046.74948404559
287.55435423517326,1070.2029027183712
8986.911605060423,6430.632804492939
3744.6342160390577,389.905240766194
5587.34970466145,5189.715334682761
9831.280906428778,1851.9248361332498
9908.554427946749,4684.314018208985
9795.834446881481,4325.410500893926
3975.514798490085,1861.5378092915435
7471.0327297003,1719.434855916857
9647.140689883097,5057.564561816214
7664.789404450453,4794.734300131078
8002.5453285332715,767.4366801859401
6266.102351472676,4225.178486578086
8093.758938752618,7484.306765986646
4850.615947864687,278.0355044303917
3631.7642039434427,3985.557418628917
4363.993110930781,251.3961447512414
5996.0807391339495,1512.7477778378795
5048.183009711722,3400.734669841411
847.5417662311269,3410.790377554631
2860.6273176735854,1598.8218166071388
7897.419252985338,718.1166176699927
7528.384297907908,6868.467725164379
8639.176016458243,3351.447849989946
4783.983223910476,1958.09907816065
7604.700389697579,817.8642434280703
3360.486538155707,4349.316548437799
3650.3392909043932,8473.804112079177
8818.882659994188,6852.451241347037
2683.614335865618,105.58238528095565
6930.410273917902,9758.896499274859
1364.1384122836419,7785.550303905805
8864.812065034392,1140.110001713569
5577.511655402092,6162.395017771736
2250.7153621743314,9887.91401575297
1516.0920666775446,5324.776083599156
7315.57778835147,8182.306038304994
8005.950963678714,3762.0796074311993
473.27699311821124,8260.570870236537
5109.6939744005485,2748.766953340146
5744.258644903505,5978.907194652896
8777.52290161128,7959.480917321309
6204.062330788925,7879.247400067403
6799.675079265016,559.2418459698489
5468.089729772596,6131.3630527886
2713.9864363311185,513.0525006284004
2724.489975093147,2954.684942892061
3079.830805945123,931.1364112227094
4295.291248218613,5497.9081905079975
1957.9929164376574,3458.621041130544
7357.338048218588,3529.2475775549647
4529.427634874027,3981.6838210817705
5159.745772781983,4500.6040720043775
4812.610308736628,5016.605271992941
8731.84064301038,5.822331378987355
4523.2256348662295,8882.466697560132
1510.9684660765654,551.7095347766432
7918.621625806774,6350.934923853111
7225.421306975421,937.5350246433578
2421.22704647613,7009.778185206026
6541.397277430981,8829.274140967735
8054.8722928737725,7445.883700838942
503.8977968747027,328.50921904403083
5476.389008756835,6512.823282048763
8165.815795259935,9217.226080816128
2462.780267158836,9117.41792369623
9201.689361981142,5386.14686676936
4474.330750431101,1965.3309750770952
1018.7848115201903,2761.9051032659845
7927.436030547527,4498.738549398212
2302.511728662229,30.18289853689349
3863.0841855065732,1485.5093780904626
7226.590615970392,4380.562633020139
3695.9630821865917,133.65915107934168
2951.552046313134,1347.9736224688565
6073.6356589571915,7101.7774299803095
323.3876045958883,7376.118140882705
9525.063505161195,2318.010698392251
8853.308165161716,6520.087373968496
7608.7479021149375,3278.4096001036055
2723.8332148793274,6606.794938484355
3368.9166268099966,232.39004589941436
2848.7429812900477,5778.425590914749
6253.856225403718,2015.1355859979724
5730.37005712372,1007.7134504837882
5289.360131982593,9688.234127935393
7170.340311766275,2982.0858173040688
1731.1461115981886,7594.430573001008
7202.281765537132,9029.662629837598
9883.198775345962,3714.610554084686
1239.2932361110077,6376.3410715254695
2873.999754709232,8450.994859002436
7501.941694705453,2851.463785397055
738.8455753919832,8783.12081097394
9644.819549695518,3465.377179826545
4189.36343810542,5864.708305097821
4949.236781235559,9242.937393591563
8799.580255491943,7894.306577586725
615.1618926788616,7841.386677984541
1437.411294376042,3428.890000783721
2855.060865683847,5537.291015541737
6528.066810262,923.6842219086283
6329.577655332107,472.76302447273764
1475.8314524948212,3746.9581022186903
2142.637211597781,3215.5085113964797
5190.000485969832,4803.698830549274
246.14210901898747,999.3941748116564
3445.216031231083,8693.411165902551
3821.0758844311954,8050.529589218427
6471.729742288465,8410.196534204757
4948.001439499976,8391.999094979694
5022.830963952186,2098.5570004539654
5253.854591154097,9887.03817261834
237.07368310832754,508.27743566100094
9538.333399748535,4094.3521170349604
105.34174082242886,465.70871398672887
8705.87721265514,1202.0403878645247
9892.81066761759,8656.146552297705
6377.857987635285,5668.360833205868
8339.990972911288,6322.033127898004
779.4456615372914,9080.259915349581
5526.299754498187,9439.606443569184
7127.891825659547,8712.745355088016
4891.228452823708,4589.8506988124145
9456.712360296237,8521.869197811775
1628.7555412913057,6886.917094408208
8397.242142631272,9064.77745098511
7017.578394697877,6918.73626174574
9921.369625236226,4616.084669469111
3825.1516679129827,242.06928136572324
9635.851959368681,2369.0138232601344
6750.982923514268,7895.170039337654
9891.00447754763,6767.349597615252
5751.028568840439,7588.300563264764
8414.614901230652,6319.199512611384
1951.883537949629,1767.40914421872
4950.753620779519,1592.1305935616626
8891.089010511172,1345.0086493823733
4046.273900265961,4259.704722829052
1424.4011622464336,8900.476295449105
1867.9913086157073,7175.747451845124
2993.5746210816214,4103.543411257363
1549.3215845830832,2546.432810948848
7186.849343280318,6834.424493009917
3525.4320851858724,65.79413748638352
8761.671399227022,7298.938470019359
1825.1735040219176,5475.459263072974
1945.6152478762933,1169.3487644638712
4982.561683858105,3447.934674320422
6952.686592217815,4465.74723842497
47.01881316380274,1716.2836751940147
8733.645117608812,4510.113463417033
5676.410531164785,2344.4134779063206
802.2919719688781,154.97417391499124
590.1082627397469,7935.074812173249
424.5871925399591,3966.641990397359
5984.136251062898,3929.992756936456
6417.205444595676,2852.3995963338566
8187.9862012089625,5037.677637936784
7014.880254139196,7129.539645629797
8550.242337940874,1289.4851260697926
3483.1646947666186,4243.259148371567
5113.9987769803365,7505.849695774449
7197.799990889854,3190.882063830498
9915.855402423804,2740.634109505472
4708.756680043292,2113.0123025661564
5678.006612526695,2532.7134467618075
6014.379618504709,1790.7754445015012
9776.169758914983,6007.725535023706
8825.71417446802,5954.754626555821
7916.422863160158,884.0298004440706
2025.1462352416283,6968.033676212859
1843.892203862353,458.4589986347465
9351.294024529629,1725.657344653251
867.5203652032314,173.57922096337796
9980.469574724577,3152.7061256474253
1616.9369287096602,689.3470761564536
604.3802011059973,5592.369775311195
6942.011863505811,7096.025852104337
1067.0140595221344,9748.670459935456
6032.631606566621,1893.9651151351923
767.6299741249104,4924.025258704172
158.6618049105504,9975.11195682885
7930.259754171707,4651.702037280154
7514.215388599809,1942.9495126723461
4520.923434574003,3236.9510086648766
8821.168014580011,5478.865387425943
7688.604505038959,1236.6542614118591
2364.642883999356,9012.495911962164
8750.951067736918,598.480852762634
2766.493161216257,2481.9355593339087
2664.2397103311378,2770.272287310419
9290.934416636595,561.3757894707727
3484.3032399514764,3845.212005659658
3238.5884672349184,806.608402147928
7761.8488052182565,8588.072547171674
2498.870519754355,6514.264788412431
9662.17339642617,9104.427718923387
4707.829646155876,4366.236929889134
3202.6402857351554,7210.247111781569
3503.1788408453303,6214.612197822223
2910.685194184259,5647.045074718452
6082.15690187963,3993.7704107436043
9040.082493870748,7119.676263544551
7.755469075536592,1290.3606788741063
5804.703802099245,547.7575643586785
6549.765780354814,8956.229520628161
1322.062009076298,6121.0996434198205
6004.921775460552,9372.382249390397
5513.265343420854,6670.191016216322
973.0455661857795,6699.238315517861
2854.0948936337463,6368.229625507901
8883.781312797566,4230.6423654186465
3105.4077878058074,8343.403172437349
4407.095276666408,9948.501990345225
468.7385103852193,5768.327268222634
2296.5917530897063,723.647612450069
7861.654562711335,4504.374064348587
6900.016464821211,6653.268174762491
9322.01814636642,4146.071102377517
7019.898767041575,9356.453120171373
1484.9715745703263,5192.661610240545
8593.747631573802,804.5598719439129
7056.667245219953,5222.934227654634
3343.315241071644,6824.603356294411
4251.383077347551,5752.1798684069445
8261.045502601462,6952.813197221402
7324.250187079583,9633.243543318004
3194.017498519569,171.81552075828165
7555.397890338828,3053.6212332193245
1019.2321328374843,7356.751358718821
6483.344896925008,1538.8256559731283
4566.9994606642595,1637.342567577027
6566.125612330231,3698.695146775256
1791.8290392962788,5218.15523936012
9454.76004098417,1012.0024050258081
9366.158142111419,8570.76021796382
7619.077773846013,350.169394400619
6428.257911987296,1881.0227572704853
8233.272283446628,3881.2062789513534
4629.783809971849,4314.608742450348
3741.556845730114,696.6892135803049
1207.5598854901027,509.68201623059593
3318.526079800642,1883.6764006350227
4427.731655541573,4926.619594153531
9911.071227462447,2168.902325712725
8030.853264881606,4383.262584220102
6477.655368214943,2587.5943823376947
6938.2407548214005,39.41336561091746
5129.660044893908,614.2070537612043
7038.076343093473,3310.017717416296
9842.43256848679,1499.8082051043061
3140.417181464512,9003.583192691372
7868.618100384919,9228.175828926169
1934.874299683943,1482.586430401056
3715.0390900619145,320.98348553685764
4409.1341726211385,2965.691502346298
9238.985345715335,4253.006717187356
7305.340475582497,1266.0224189934765
2457.682402599761,1909.948493169178
4223.198354425645,8038.523465588017
9007.731587989607,7931.214096595792
2849.1651521516014,6251.2083247486935
5900.402537693743,3135.293265259976
5747.886410800947,1625.0601856686965
6527.066012285705,5712.90922936772
9316.38888961817,7669.256357888668
3603.4667937944873,1585.1629681011082
1062.1534273857746,8880.246167512376
6130.719600861791,7037.7602535886945
4319.811250579485,8421.739186707013
2503.837698187442,5611.248171988305
1709.360580729875,2527.2637900739614
9549.054087757888,6707.611639280349
7451.88712562714,7217.828157327985
673.1009614437245,841.8491854792632
5182.286277757289,899.2395586940016
5698.202162975697,3246.0249905716687
8786.35518944553,6535.919755469875
4091.3280105910444,5069.881903057148
32.99409347820359,4083.21062092841
6353.524267819249,595.8867929306678
1465.1671768291208,8820.591094439611
5712.78573932145,2996.9892225454832
8259.263824936146,1181.1383977770352
4422.310040031391,5023.940784196181
4911.287812629481,5855.309424731652
5122.850009981273,4233.174842316442
6367.583363966457,8275.724448380253
5278.80004836724,1325.2884266464016
6940.543342731743,5285.861873235997
1590.4820224142147,1359.177638733736
8501.533850461617,645.1629532821823
4384.347286024334,8845.491777801692
8330.028341242443,6079.725856601881
4419.864781289875,9695.320288831148
8435.111827148605,2782.9003081686533
7971.416825825821,2472.2550461398673
1718.1772242254144,3514.7816495101893
146.80732988664903,8469.679655493755
9458.272666558103,8011.154390454657
535.2451980091133,1729.8099671131372
3531.3590667990115,8546.073547377118
6003.649180884657,8133.126815846319
3738.8452039372155,9916.162252597504
9904.36596008657,9077.743673518793
4109.742301579649,2712.066821595911
8299.094564280382,3131.7560239844142
951.4480313634,9318.110401914819
869.6683276754724,8804.445976987327
8116.525816211009,7019.42536526324
8380.294708029218,5317.976675390124
9980.58198691452,8461.70759819414
650.4992576505397,7028.376281435506
316.61683692182805,7917.785044576267
4193.9835572237025,7417.418455542836
1564.132612450494,5560.579596029207
1886.9243414854209,1288.0361425862607
4649.646830468673,3025.179705896837
7817.410830936966,7334.156322245798
411.00069681074933,1376.89193361881
1805.0252905905506,1244.748160515916
5979.183135734639,1324.6992041103344
5179.066026817779,4507.280750414964
5076.4174241993205,291.0028694718103
2679.2364173991955,3034.301296619901
1574.8156263339285,8741.377640832925
1170.1636664537418,9066.198714562177
2504.661078926176,6424.458837166692
2767.4413755559335,3189.225940218766
3092.265683159019,5458.112658598386
2584.0208659742125,8876.619613541117
4054.8892539250637,43.964511241050275
6518.299488607851,9160.464107018666
1099.362010931434,557.9232909804865
8593.793489858692,1449.8516910839055
6584.701275146973,6536.621344218231
6304.808816222334,6375.901528753069
6088.89596102164,6087.918840135752
736.7690410964111,101.17664124067561
988.5613901523349,4687.303675663371
9044.158474134298,4475.857289784757
168.6588206828721,539.2053484712944
2876.87193061141,7993.839210087982
8913.982240983678,1593.7305182876883
417.1487468907897,6492.206059928941
1609.5375247820386,2218.2411615753085
7416.659053481819,363.54831977385317
7219.928048035722,6896.598689804548
1471.7776227780678,4074.7236392546547
8170.159788440245,2123.1058858644224
5336.6101995744675,6272.597155330544
2101.2221073398064,1509.7759695629009
6829.820040623265,3237.212644092041
2492.624997052516,6735.411450162151
1318.915438845384,3324.7884750842804
9902.291436560057,6186.054486891225
375.44220654325613,2384.687866134729
261.07806259190846,3946.88990329765
38.762160038059434,6298.38144025208
5190.996514391478,9320.215874311727
1752.5642216134252,9767.960207223092
2393.895025888503,2489.5430496428517
5716.301174444068,1550.1842135983868
5962.163746950637,1014.1132429840704
6383.651319633123,4960.792706841819
847.950872537162,2768.359438963466
471.00757879521393,9737.167395120006
860.2070927138816,1058.1884006900677
6584.593940861639,5833.839507643157
7831.947171270197,2050.1135609630073
1651.1337228730738,3790.469351399338
2545.225855171066,4318.417812439356
364.64996919371663,1311.8511333613014
4405.039042338221,1019.2641643363498
6301.892246439456,3108.2031859326385
8374.041767563045,5274.260363579815
5724.2504408948425,809.0094794085334
6412.367281519686,4578.832103325204
3159.428522991329,4529.195611263595
267.35936707162676,1998.7273915310411
7940.882296524766,242.1866199875955
5498.341446827091,9.851151135111813
2498.387761258819,8881.362424051846
2368.853135725617,1473.0247126830354
8424.943001813115,6526.028181258023
6702.924798600044,8750.463677375561
9083.699046749412,8581.973407638936
1307.9821437879714,9961.871206017273
6270.713070862298,2707.9950283955413
8649.723873905012,6765.9861036796865
252.3947277892835,3388.5366991966202
4760.100055847034,6344.339428884788
1488.4975914054576,4631.676053265404
9235.704399703196,5813.806027123293
4551.3826045906035,6759.007902025684
6340.710079991049,2770.681035161857
7134.454241619872,8607.570740124373
5913.174170509219,3598.920962321732
8318.392178118025,252.76310746030205
5467.580137498238,8972.777560540037
3836.641675606497,9242.314757236205
1893.951353338096,2313.1793812858405
4159.7047350606645,2919.141581353455
4830.646568710757,1580.668417514648
4825.963575118637,601.1778901273867
1320.5444844018689,4583.392108651502
1919.8752478406188,1450.9391940205796
3105.9887046424597,2332.492143394058
2371.739624850264,3077.9721785936167
2556.6500512982816,4506.558373854373
9377.561040996652,6716.648455659728
1133.6320381172427,9721.191576196607
2576.2266937751688,4348.696495637221
1032.2874658803305,9040.285218413848
3067.6033411514313,8664.935006164702
2296.7152552713965,9707.326089346636
1528.023315944812,1420.4803529640785
8612.147978921557,3960.816840016754
5852.89322817073,1269.2175300444076
3788.0067184175614,6203.8233435172015
9830.317720934174,5378.60991534365
1506.0652917319162,6645.329901930548
8278.724961635013,7774.430767506951
990.6581306117357,9569.040638379904
6998.376459650341,7466.902521235833
687.5619537789202,9847.056551969046
4629.993781478346,7978.592603541026
6438.223041652773,2284.042213947096
3173.8393866958213,6689.742234966027
7290.853912012537,2447.3398429826343
124.77179086064271,1274.288932280786
4503.205120583,4353.4072550962155
394.88803125699025,1046.3022663194022
3087.969402497618,4022.7167327867287
3907.982359853649,6695.890945321708
6242.242072069801,7478.530519870989
6385.343808654647,3192.885052014014
7289.871967445472,1427.4240616540612
928.3108769893123,902.6097559932277
6707.004868674167,2561.3526332873325
6849.139621768905,4782.661522246441
9070.198043714296,6653.174695497391
687.5542088434349,1760.4284601072152
6616.927673029997,7266.448901790425
3877.804593359835,913.3440670160476
4188.770658367828,708.1297017406696
9320.716276960105,5748.218798712716
980.3816714293101,6597.154344964118
8451.965243904635,2791.8511038138263
4686.674956185249,9297.074783582151
5136.072891801853,424.3778919384489
4187.077116084408,5372.2476355776735
7999.403267905428,2164.822826577989
673.3211238698067,6691.267511307708
2594.1507855838686,5331.2546793667825
8767.795494293998,6310.653845022895
3506.2487042945477,8220.664349206309
719.4950462309424,6278.168706677197
1439.203895104615,4612.896771978475
8467.158678290096,7474.386045164579
1716.5357966663064,1272.3683919833218
2096.323181096955,4213.082500694534
6876.2010871698985,9023.083021970948
9264.950484957268,4790.768740235436
922.2396055635595,6215.95255567982
4165.5232713426185,5241.916925165067
5198.208583335239,962.8458355073932
9332.456281931623,7066.97221193366
9213.19741104483,4178.633257827603
176.56450759881315,6247.230285398495
8357.320186773515,1755.398676290999
6470.843469534765,313.1259968162603
4025.613233097789,8734.043514360988
1286.7605886147583,1822.2531148958476
5869.4077909460375,5540.060106959563
474.5490377958761,9106.564925359897
4629.623803121162,9422.090553366825
6673.512104625855,5617.281405204107
3700.204381215121,3333.9153206457195
9798.761834095472,4026.4317847093066
3893.3771405189623,6694.256952589375
9766.451114071151,4331.552081204708
565.000338376127,3657.1291998915112
4549.718850560439,7426.8153180149075
4581.723665290601,2873.8257975566053
928.3265238387195,9837.95913463859
5473.830985069362,9774.147654070472
8285.202650905168,3346.809463195165
3644.8377990668014,3041.4236701583754
5972.239612269567,4752.411027465063
4430.011862045328,7538.830651688845
3157.99883731155,1723.6534361728816
1786.4734882315902,8940.047945135479
7487.030357908243,4400.711581605375
7022.351950912435,9391.821812555656
5179.009609966499,1782.7701879501944
3559.038171955824,8236.104207950464
9998.422317050512,9533.165311948525
9711.679445355541,777.4285901277822
9556.539927185324,2913.183722231937
495.19345772963686,1941.5884839367404
7658.747684164608,1342.860710693007
5832.798335476962,4112.6250853179845
474.2764535179278,7588.911884823334
6561.837975370587,1970.9982937550042
5937.723523078551,2806.166380034281
6965.84295293439,4644.56430782195
7655.313317524,7229.669714487369
1366.7624647024002,9278.440933269532
7430.729004723655,707.1093004951213
2802.371862369142,2187.8460597544645
2940.258676473452,9101.400732747727
4183.573783751956,3503.8648377993995
8815.403899588233,7042.047974780432
9408.042959326023,3547.2890278145187
1985.1342668579707,1846.0402099590444
8928.115474501978,7646.321981318438
5893.069049887872,744.4472801959579
6320.4165848919665,5297.418352467358
9579.457050792533,3050.8033635015317
7392.751371790556,4610.064072743163
1906.3295796240166,4719.840841141152
3077.270800049893,5791.1033982241515
8536.777268386548,4596.152807356958
8691.753410126621,3865.8005991592026
5033.224692733037,886.2972966466964
2930.8572722847116,1255.3985579926896
4456.113597138579,3392.023819201493
7573.343691359353,9402.358720268348
7693.142842038336,4807.548471831185
2805.4659943918937,8323.053152064867
2631.9809960616635,2061.2599522642995
43.51527098714891,7672.992754432749
8230.097485298298,335.3829782339368
9602.35936871736,3592.577709065766
8092.885549601249,9623.651832324633
4591.553977215287,9646.70674849736
2726.7114519705583,1548.8042119082802
5247.6045535148405,6305.873680571239
4673.847202421557,4326.402201533158
8823.35743386543,3089.6021035671215
158.91833006944745,8717.194505581323
7726.632816979344,2895.4136404911633
1493.8069267368003,7469.91015926334
3477.310429241319,3973.026646410284
8216.91233433081,1027.006389257309
9448.464371873242,965.0255131538931
9362.599000305618,7604.271325986476
1051.1052573699665,5725.745899928881
3020.053314885215,3225.199119180292
2679.0408361913164,2613.1993872032854
409.0023995534786,124.70966189013
7312.056178289989,6780.056110039093
7266.541851514699,3389.199088687591
7522.945434531903,4732.365168305418
5027.695879502017,5923.27363585087
3215.1855566653962,3496.2661959539864
5693.742619790898,2449.870145548626
999.528459863851,4980.317139129305
8229.521305167373,3315.9654992886944
2587.2381556270952,7635.288938989795
9689.35895773157,5349.258252914898
1069.9083076716297,5585.824797528366
7345.44932493019,4892.586451973345
286.2831330212745,744.2776371039828
2811.3856489172663,8354.068869413706
4290.774371943421,1915.3025776473044
2673.6849205298763,9991.17125514015
4772.203363460152,138.7168645858339
6535.476572771147,7487.035885778751
9374.67672533333,3957.9700614891944
9894.193882514921,7241.803548012577
5315.350442618703,5523.186969849671
9877.05484505947,9329.409383636503
4907.798457520063,4131.689870280356
2220.4677425701593,4159.118793160319
2878.6359517601177,8117.804084182948
362.3811649465747,9959.996830536656
6208.723212798954,120.09594122048605
3650.151842404632,9237.260477410815
7155.052956697263,5256.714981738481
6389.702751464594,9327.29036000482
4268.995105411854,4177.14018993469
4352.538926455784,3644.5847008762235
1848.7631258769054,3481.417084439714
8197.506715734864,4597.208919002761
62.78636367172297,9675.481432626844
2110.763704886164,8667.027563701837
8763.026461347832,8253.13525212688
1692.48677497164,5577.8477012479525
2260.9686345393475,1695.856647426478
62.968997268063596,2600.005787036176
2730.629847646534,4718.829396624469
1304.0395170718978,8865.383163843033
8326.048710703206,7233.276519758568
2643.909351729341,2639.330611068237
7670.186298828927,793.2800021829179
283.4783751729908,5503.038683650658
3289.5064284155274,6512.275930304701
1105.0451225940906,1662.7615274942075
7553.271381452039,9515.230805729658
5386.329318533072,1939.007253563506
6454.320019401475,3952.005172253704
7684.76133291501,5040.779353799614
1780.4475948616528,1446.6529981544452
6553.437452188011,8919.520175927424
3648.055229767778,1536.123019601976
456.91869266585195,2480.7074843910636
1853.1816043406047,5826.177622736934
3301.286330088411,9041.864001987607
1785.777890660548,8987.620637233355
3050.5614947990966,1173.8015264245648
9792.892984838141,3728.6379242833723
1196.8109956776984,6510.133358786902
2244.4555080018636,2843.2487583834045
8798.368662600946,8173.980623726825
4823.606117602515,1253.387642139454
8687.475746533715,6488.342182153904
9916.261043126891,6577.44643131108
4580.227279182923,9385.264319981057
1165.856491606343,9511.566533684107
9297.93492790805,8149.550255746783
8551.53284736122,4905.171789751035
2611.5810791349313,7552.066297046208
9192.538687280809,5056.841751080697
2338.992150360222,1650.7116337454709
2842.518696079024,4370.105545287623
2091.545683968138,4889.9529098525245
2715.345232402029,9717.48699996755
7324.425865966588,6391.295521165952
2815.6930832905637,2306.905143878377
5698.352761397757,4323.190729863365
3685.339231760367,8180.990718278269
2249.6145076760677,6795.771463146031
8188.920939942847,7315.726572101494
614.0775157199585,9809.362440513283
6665.015923006269,9656.19132627843
7585.796162867994,2374.364880959733
6308.709580497904,5394.423437925223
9011.70400813989,8717.271479429666
8117.132359842244,2072.6902681933843
5948.282781494644,4759.194537303535
9436.666478848967,2154.163959360913
7491.008495604589,1142.7454869772846
9611.218688087009,6247.546676143373
4046.570772901885,2621.97657423079
8563.138049215642,6474.3594617638355
4086.9644486655575,7780.744614476128
9852.37601945579,6768.520153358922
7309.1136635383755,7804.203938101272
1241.6415291858152,3805.370132674689
7754.98374081508,9138.13087178773
2268.1236078341826,5140.96039653272
2049.4314548298466,3347.732700243018
1500.8526123088805,9271.155720917448
1219.4796210813097,3782.8689626321375
8760.965423793377,8466.23254554607
6063.231157201103,1852.4449227945327
5549.102652250367,4024.446096389843
5679.43417938836,3345.6819315731323
8792.056336068183,8191.7164060541045
5119.249825700746,8117.059634719698
783.791926220998,3975.332217534683
8282.949312880433,7644.198295896759
3705.9699494101337,6165.29874053198
9790.721042189358,6113.988508515838
1910.336559970458,6532.980479666795
7593.774536173749,5295.753707461577
951.7724809146255,7254.687423893238
2389.492914661662,8203.211026021472
7516.069729437034,784.6966552368207
6056.63608050709,8781.667561019287
7857.5809232022075,554.7759241055561
5544.185922567592,5606.581182061199
9654.128836081132,4228.00895443791
5237.910293040222,3106.7008925925697
1174.189599500357,3133.4919299556996
9930.208081818484,8012.96895457624
547.2543200532309,9204.77573385818
6719.69040949985,4530.478951777339
9823.90014277132,5222.392273690488
6439.721523026163,6350.5522519762635
1983.6901789098981,6153.698948888785
5067.972690229971,4430.132840025602
4920.695024198406,3191.3868888723305
9398.396843046783,3073.8468482841354
1871.5281299669884,5248.96740287794
77.62170519838962,1654.4682750349339
9050.948627516143,2028.3084438847188
6902.465627197474,2341.5735128879887
1221.0860877249918,1371.2052861891643
8940.366426988228,9521.581955201867
9978.598376516135,2767.1755803665164
8312.905765121619,7617.740917851587
3315.978320310562,7473.076378722966
2026.4829591827693,3011.7346631466366
2628.3501492395812,3281.666423471319
1579.0456390508557,1521.6287182085964
9207.92434186703,9787.856392161046
3693.280476611871,1273.8487936434583
2534.332027196623,1771.5915336315247
3302.858547982812,6451.430781347819
8435.068835079672,5447.468845523759
2880.8369895599417,8042.661196796469
2836.0008197530283,629.5135150398856
9500.283906069048,1333.9813671510437
5728.925813725821,5788.63705897114
6718.071654291159,9878.131076538384
8476.084941222298,8788.559304367569
5822.900760096595,90.04956573360867
6432.846393018631,7033.277149062005
3053.7294442274874,8771.717735853563
4779.214000290332,1138.9694559610152
1143.2530550113806,4199.131336425116
727.0003400626213,3858.0267525624145
5981.770526576529,4981.211763476782
2336.780342969775,5780.40640530008
5268.19719212715,5401.127132716104
7032.457799993654,2396.3218835352864
3196.563339675039,3128.6371681672076
9007.257575655633,4482.543063012959
800.493182152151,3514.087251571378
5662.700330628335,3072.065092695494
3757.8314939799184,3377.932625922716
8913.699879039701,8418.900233945842
8598.732534221665,865.0782381449407
3491.768778475757,3893.6264894403516
6198.335782383432,8440.166892793779
9118.015254313093,4096.486763202116
7281.064720278947,4569.04418408301
7210.614004127044,3071.170753200938
239.6557102815766,6956.645121720802
123.61114188404021,3938.762646478674
9589.607201894936,9748.341901346466
5412.136070597046,1557.402378791397
9554.73646665896,3745.119802294714
2088.492824980236,8150.911533583623
5139.682367533869,5901.933163228154
8158.691966338037,453.2606253819171
5978.837507751296,2770.2765526642916
8860.516361082844,941.1850809769506
9697.75977344348,3282.7467389905682
2974.8267171628386,5171.322415860609
8834.07704395126,7878.870030297918
7140.667175982136,152.19123598237294
9446.407924127823,4690.570688499979
7498.938354072932,7468.487525820803
190.9642667615663,1666.3928899449509
4193.422486085483,5207.700327439102
4663.685244882901,8569.356142368491
4934.972757681902,5523.012671885319
3242.760169057132,5825.090189758747
7982.728044267317,9359.877363629506
7986.681146454186,5971.055224942219
9626.284289429426,511.517035684288
7826.659333170315,3372.549044151545
9426.746030733986,276.53899744948365
4335.145061317184,5079.282306206892
9292.90778461633,3741.9115954921476
1742.447229628281,9869.897422807564
4994.821269268743,5601.316003187145
9819.204574755904,7428.432954977813
4644.924273337278,6194.368133024055
3709.9543468270736,5903.934815037216
6657.526465754887,1289.812038181024
3655.849005944226,4432.57163237621
6384.073616231742,3556.4422758052783
6272.737064028628,7472.686754680599
1868.9714347267018,6390.060697934099
329.2486474229761,6349.956299790452
7904.672388046453,8743.364830314133
447.2211053024677,5999.523516980613
3068.027595760678,2904.301020727913
9129.229520957502,4565.231701962853
6556.562853316822,872.7195143073319
1487.95194445565,1626.6981931314428
6295.979727495405,3246.7621347421973
9413.993972577122,7402.803188698126
4129.566699750726,4199.123548112692
5180.197130572046,2506.55239422522
9894.131762460704,1944.468926155265
6117.571960100193,4364.408411083873
3406.4613549273104,7723.68334701867
2140.8149274885222,3079.774567068847
5212.335939821057,5792.698693685915
2649.4447335519844,7841.467281019601
5022.39843588833,3041.1915479080762
3819.312698719899,195.53931178975637
2858.012613132467,6494.85682932297
6464.352433593298,2625.343705274439
3409.9688168234575,9179.75826495866
7934.195364553411,1251.4098694070385
1902.6551521824254,456.2981991317005
5168.617860866154,1303.5358859206126
9453.684901480903,9987.031170646345
2609.2118398521457,9593.689579070686
191.28308248185343,2978.6015206142933
931.3245329889586,101.36671759828575
7067.866457479866,140.25456589206954
4585.074321276464,2929.9785234546193
1574.475911090869,8323.344259885182
6311.552026690177,4837.39309268251
1313.5212671383556,2878.366194090378
7928.307273530856,4387.623425897011
4521.144322752163,4569.825592861699
5644.83826053547,8204.413047785596
4065.498149305603,4480.933544729288
9913.499299474943,7369.242056730688
3519.6939306640197,4756.2329801393935
7966.068954568687,764.450402449205
7958.914182333377,3965.336898160873
7926.668802758968,492.7551689407383
7983.802646933676,5393.161530339782
5668.756845343354,9835.005895398348
6725.536807267987,3210.4958156174757
4128.311482734248,2949.5439359470997
4619.73817725625,5616.411313629541
9466.441993817996,3217.3664081617894
9635.90699604106,3396.8836401469493
5174.578776158575,1020.160529083759
3707.3011583389402,5345.124467989186
249.41049540751158,8109.669553254568
3419.084976586424,2107.659867587547
2432.581274074694,5369.478017547194
6305.232699136322,761.8970665326785
2531.180251298257,3849.922372628538
6735.6554231268265,9543.998085819427
7339.234047035793,407.60357055223517
2726.0217232920127,6108.916562883727
8340.918070812822,9149.235062958478
9520.224762583213,819.521175725747
1895.9257203198954,4656.776913412285
1669.737214652388,1308.753489762585
9337.486466140828,5727.717453359387
4768.034082448906,3364.294003728382
9899.918035387682,2289.8260876891595
7668.641391749368,2150.5116895003785
1305.7319070637518,3294.639379412141
121.89099978579199,7118.499350444311
6553.068985289203,9443.330694095926
1418.3605893257823,4756.71037797224
4428.516038797759,6198.92384934903
8945.734903633178,6632.230496727839
8210.477357914515,5853.080520081278
8062.063592915648,1313.3188341107682
2034.1017077375723,7133.469316842448
7116.683999447347,5048.483127917252
9466.906562400214,9676.827474394755
9121.704611375817,8560.68821983244
2439.938345167677,3850.7999046227405
833.5946341939493,9195.082742292838
5934.854220704463,1704.9006236483287
5018.463299320579,4509.022154514822
6766.5167535875435,1981.4442134218302
5957.48958697681,7254.8934899222495
4378.07371285156,3982.2405585110387
4154.829625693682,1719.5469034545051
3899.771299055056,6074.522151081595
5514.715065916053,5203.3367458064795
5722.8106794295845,4390.404403866191
5977.92681369914,1608.0286840559254
9291.739395395292,7865.593475350467
5577.0857308985,5935.241529040881
2317.5086669995803,834.2767901000248
2436.576366945934,2204.4214853663657
1640.4677005076596,297.415556950974
1707.819197878071,7318.916716063769
2880.518989233677,9352.289422195836
1042.355488804856,8841.695927532726
6539.651325355774,2449.2388691236642
6189.019583633792,1709.1864535576706
2938.244155416805,495.35132395940093
7768.606688249036,3909.8048601510704
411.5004761523899,9198.313982294852
8280.05510372116,7305.353337497043
3715.7249275005897,8390.427672915464
9880.350431948784,8289.637528986837
7978.99601913459,8494.080764357685
749.5917772844484,877.5543332997194
6448.865168774817,8107.942507614085
4144.618265690726,3818.7252867160946
6704.961429298084,8909.098417183885
1109.309912225135,6246.26802550569
1817.0782410496367,4271.046386874943
8341.553280191933,6554.2822529656005
4569.283015660488,458.64560311348555
2890.026715733098,5621.164448693397
5010.748944240277,6415.741374428161
7843.583223722181,3132.6792452993745
2320.976628515046,9480.08304265636
8170.715758338693,7485.107105599568
9828.264319058577,847.4964103700155
2641.7956174784163,1947.8066710362564
4552.857953730845,4046.8769065355405
5318.719948933192,7453.493532015866
7907.235218312405,168.8288234957125
1437.524502076174,6671.711180795278
8996.061789415387,4699.343466490842
9258.150583214288,4779.76881251959
5440.844531281525,9556.49167283424
6924.959283814438,3464.4744739057996
8777.753734668078,3957.4831566802295
576.9414389279237,9755.448992187105
5994.307397881523,7409.289988420164
9951.441110647715,6396.849121995441
4767.599664020331,7586.880316710433
8483.520446351404,3107.0013228781477
7043.53152705861,6469.238154982086
4159.602894463334,3791.7712992145293
9828.706015121443,6280.1097849662865
812.1328296431651,1467.084727564888
3030.2547613616703,4380.1643998887175
526.3142530453613,403.29858276381356
1639.7003936712129,7865.161255969818
3758.445175308637,8627.638847041122
7602.976251999461,9209.309611246237
6542.490234026338,3286.234041770598
6868.501372058363,26.37191642655967
8841.870270958738,3921.3723039528945
8961.828199139412,6416.05719820583
967.642606342739,1083.8445152862973
1367.5387424217965,2950.7618623517164
9133.18751699198,4562.348379654278
3006.47948881873,9770.63581952244
651.8878703177155,1917.8521527829328
4654.67162729571,6431.689299033552
1139.4407156310403,6101.348223510882
7157.214471105519,4742.085485419368
3397.2838026446593,7121.390904500331
373.16641790163806,6572.228790077982
6580.984196000794,9542.98347496775
5737.494335262646,4817.387722512898
8236.329003990519,129.478543160636
3933.0622389272517,8603.839125164825
6676.121760189898,9215.492369137268
5176.137798116173,646.1850581687512
5896.419402212383,4085.900649160544
4790.5140359739125,2127.54449767377
8744.615658310833,6228.367586239048
2611.094854340378,9164.760758125794
7506.75173172716,8650.398234120117
5615.706155120617,7417.197380282332
231.9624049232516,9033.666065094001
6729.718565180459,4603.034562100446
6681.210528397119,5688.96942411536
7085.089391442982,5459.068257631362
8198.042393692102,8915.698168333143
2856.736721331092,7578.9326737331385
5069.62543988741,8140.498214072602
8959.486971652379,9024.427729087689
2509.145987603535,3154.375042983967
5969.035042320883,2149.9422278531033
8672.814320198915,9271.513740004944
5756.137950831922,2524.2547178033014
5355.6023658808845,89.96044874779341
5156.671778093773,7034.269153494423
4224.99181621193,4835.044268344391
728.1575422215192,8347.92306078986
7607.368917933041,7449.812585347113
8560.014545900915,7318.407344367703
3609.515616711575,2083.38944682503
338.6876261811245,8901.094948627682
9057.08559495317,6552.943121619415
8089.590682946495,1347.0534349869868
5582.155052796011,529.4007100347919
9728.60554586339,1649.7315216379316
4556.791582329086,1060.0999498146891
2595.7963418258933,9181.865236430636
7169.600764805883,9258.756968727674
4091.514722684466,6767.001627889846
8393.401495934942,529.7796004530697
852.8812136921216,4166.245094916463
770.339874511381,9824.869193124152
4581.54988171513,5981.939247755374
9136.69911954863,5772.886057394194
7571.6917135689855,7496.069403530332
8565.669245063818,7196.144101936292
5528.1202548468145,3972.697886046165
1365.0330940801102,7683.630350260937
5351.2655256666485,4558.57510094482
3789.2779014317825,4558.221517408405
752.9425691533409,3153.272708982566
5283.842592245332,9857.29299438475
4508.141146999925,515.1879248016644
9756.942460093678,4879.628166459455
5495.458586173888,7416.192403696857
2612.8662106779366,1144.3297691184396
8585.637133149294,3888.7289356319334
1747.2884829252932,6370.713662470968
1762.546219342115,1143.5297458483185
5241.112078266764,4508.4160552013245
8400.34437491096,9758.788208107393
913.8387529948477,3084.181922718492
4332.805958026216,6343.987166859588
9578.943745412178,181.17687834245498
3499.9880360662673,8117.750590056186
9119.077762094794,1159.78505559604
2659.933028130146,5615.037048072669
6403.477010933727,7008.618335323473
7320.906381883785,4199.070281289977
3782.4474070780834,7822.185509671494
411.6505210065946,6333.113079155491
8241.926119024125,7754.170835318648
3156.5839592130574,430.36364739201025
9540.358727496303,459.2901941837357
6852.450712903972,3830.9491409790976
7695.51713337038,7044.24296060526
276.3359563231682,2143.3498398470897
678.1620934495459,8167.300955468969
2991.011873118592,1153.0116024610925
4026.1776456943053,2020.129006194542
9981.33130769789,9716.153615731006
405.78449981038546,2053.3780668071754
9284.554729320693,4721.542925039394
3473.605990892502,5963.785154960469
5719.100093821637,125.25241999519432
5656.137279038724,9312.336012252528
5473.716035584875,9875.996191211281
7424.061515134317,9585.675777475326
8256.848610692718,8881.175877972066
6047.273599144073,6098.725958513417
5359.021598548633,86.3384562044367
7629.244677417276,5473.3413461525
5838.173702062415,2506.105964114864
1294.2529606920007,1116.243319191954
9657.728320477545,4234.52239382867
9524.431312325607,8040.863550305386
6442.617810395711,8506.037284878577
409.01663932167764,6715.7543808604005
6750.4063271306495,5055.692041597307
4197.0535316173155,6220.147330842388
7022.122822442401,5324.29796819797
7468.8379495469935,7823.560147895419
6818.034469910209,1708.978567448244
8895.732062985255,5299.180087858348
851.8245236615007,2299.398328930895
7306.39021285137,274.42333717868974
2445.688737750101,6426.377270523992
9619.716620783709,4816.433819408881
2628.533929208913,3086.610062071853
8736.447289518786,7815.256734682924
6503.764947562151,3450.724602693107
5152.123443666497,581.6460709740146
4978.003365342305,1484.3044116793003
478.2467231494647,5220.533215648418
5791.700098623583,1837.9042892342156
1091.0746761427536,9854.201623459552
8680.149357086118,3862.057167142735
4119.273352446145,2752.533938513313
6827.235985997266,9957.368389066172
588.73778592616,9003.8364172753
9438.885171227792,135.88981342076534
7738.143072822505,8457.269115530125
372.9776316425837,8071.144568794551
3095.2932611445294,9109.907972607614
3509.885576670032,7010.416436734858
9276.520631223117,8852.52887112098
3744.1054769125913,5497.458951394968
9246.215831458016,609.5088991522147
2446.436171919879,758.2439899448756
5536.309430275205,6871.733341585873
9830.170179337805,2962.7579704804953
7295.731965023169,806.5892707770295
9857.914339944462,784.1372319054152
9457.749413644107,6844.87035886594
9622.843395821159,133.5016968480718
9422.508491130186,4076.489166931567
4975.927301748578,1719.9242865884667
69.46702185674391,5143.653201070816
3769.2486623799605,2192.947074749373
9201.352494917996,6503.942566618927
9545.16869738479,1181.8778577333355
2352.680872370426,3676.309079558062
4934.725827904686,9106.704909774931
8588.350943096108,7969.651761093994
6213.295193986691,2229.8421586667682
8440.314906506335,143.8752780884389
8010.044576953449,5981.98367239608
1577.561951087375,7377.622690763946
5663.027752535409,1930.7636744811507
9527.932669591943,737.9003595586864
8690.025868832,4248.476166458119
5783.932129771078,6838.972958053101
8467.623966592802,3539.2783053486255
6402.930989908941,8562.167002174063
6029.363924968876,2565.167060097702
9555.611392259869,7388.761053874382
4274.061523603212,7315.426181054208
3107.9030033579256,6496.565426748572
1179.0804237242503,6655.987320538182
2891.7374523290187,9502.448794901946
8490.795012747025,1280.4609082043562
4119.6788657617135,5028.172734455241
8389.816678457162,9777.122447200838
1360.9776098205139,4068.2673569509043
6194.588327820943,9303.283282586777
2321.5582349154083,3004.572442396467
5020.510281295339,8116.44354036067
2168.9621189084487,9546.16694572572
8576.046688581473,2809.0227690709626
5865.594919349186,9512.720240028331
8407.839712751053,8251.055176769889
7857.162859481614,4026.0706902347697
3808.869395392033,4492.877002631056
5117.474129673142,6169.017651435107
2414.084070810243,9394.077750329016
7534.790904764084,4917.684901656923
9267.722757679525,3276.97776898218
8154.077655396626,1053.2078265898203
591.148187354128,895.3543354465477
2020.3405023117837,3549.6279495322938
7328.736501817618,4768.376304491574
9150.584445141445,4126.015310260096
5173.722985953371,6807.142034326521
3455.623607868199,6972.6938817222135
3813.8871122406326,3795.4104681784197
3093.5817724941962,9721.01090675504
8815.946201874256,2900.788222065225
9040.194331458093,2041.109109178134
3684.7529664943045,8202.298073672195
1730.7553812730625,6682.663551517205
6303.711488832926,7116.742735845935
6762.68519996889,5730.962386868295
8050.426489815161,7778.692237715056
7269.222914866605,2492.713477904268
7461.322462813903,392.7955304631059
2519.2978352124383,6290.299536656555
5170.336928400948,5529.66007227027
9264.280495327868,802.1593751446077
9590.899767088307,6584.354669558139
9016.069087866985,3534.4591719434193
4468.2899218964785,4360.468600598018
112.51850835298339,4966.716044062122
9357.78421825418,4640.351303070976
2838.0746779025876,2769.8996753585493
6317.593138614385,9618.31340890422
9987.158083518645,116.54810692317552
5794.356059806467,3617.8744527383487
6822.702503324608,6726.069239802449
8358.031154375589,9468.123786902162
2038.3495352739355,4818.770942708097
3548.826967246137,980.6436329977397
7790.754750093759,3556.1590890965454
5985.958519375718,5179.5539638606315
7334.515775457433,4869.070481344848
4062.650818680952,7404.91394339539
6155.246135434674,396.25718842735137
4728.676389205912,3172.6810796923664
6809.887195053026,5165.774570628666
9189.752754787238,8009.830373866703
4432.7746573594195,6236.440760186851
7984.046449541693,4926.581463409448
6319.166417768699,7213.334765382899
4481.47751023821,821.4692482161589
988.466404120637,4669.169421172305
4056.759938412966,9228.342518109896
7014.293111376487,2386.565352170972
9698.247313614658,4789.468975802442
8708.813543918202,7886.223351451073
1194.2482972024816,1979.356083400653
3583.488935531964,6160.1798967955865
8187.562836244096,5551.245245950915
5178.787584360892,2.629354049711319
6624.674938135733,4931.4963633072275
1259.3591708652918,6085.988259978915
4394.691110338893,4754.840695785505
2721.556043535762,4671.92877874819
458.5185147761295,31.807233348940535
9239.43419440357,3856.0156286144775
7890.558993051825,8430.02607722849
7804.313028813643,6518.370903058331
1913.0176191261005,5879.539920506053
7944.27192536771,785.1214139792351
8066.786349461591,1055.6701694459603
9670.576127284778,1610.6998716136866
935.5521606597639,3550.34291460824
2789.8977197825147,2663.512643875906
1551.1937777749629,2453.3504767966097
6332.753407282865,4218.430603813502
9309.075265072996,2332.2985655638563
1793.8993178965156,3690.142971337604
1732.3936550172136,366.9360527343068
6038.533567740052,8289.14087332497
907.1157175877065,9456.059756075576
13.517017455449976,3905.73735103365
4437.290055118354,7992.213266233363
3405.627850324111,4772.19783670586
8977.581362934778,8516.719168264368
9446.147515368633,5233.300977484781
7494.063322317365,4874.642833616902
7144.307370935565,3942.6814726961525
1711.812370525433,8310.02332656835
7100.6921516127995,789.8206640478655
1262.3762301242182,2966.8435011119486
9014.527646240875,127.52601518623452
2598.866460210251,1356.6554176142577
5090.987878807555,5775.182179922147
4241.482291126869,8962.098977677058
7028.434736600263,6554.110474754578
5648.092449239708,657.6228913767279
1484.49586935265,544.5677541477312
8856.241932784184,7512.013143285611
5663.331962130963,9169.452294724568
4863.090993614233,4468.99748827159
443.01925262942854,7982.04239179
8193.51787455909,412.7591360839533
9928.778612848311,8772.61466007726
2719.5572743652406,6521.459911887725
2366.6682378754235,2406.6215763674927
8198.682721338735,4403.75590064849
2509.694401239647,3612.9469759257395
114.17177513358467,6758.602206216659
4472.809016438812,3424.423729263226
720.6224585930232,9611.394587351811
1501.746063949535,2826.9128263310063
5994.174145011351,11.845906390408611
7404.128885944225,4970.531561208694
583.871955871752,2350.769368378829
9034.028062608657,9349.81271650836
9455.391870676085,4157.73017519254
6773.140585855115,5840.189460489027
6908.84502036157,5435.844928352009
7191.229517720246,3024.534301300985
8804.100566318795,2723.966293769502
1462.6430198320984,5931.200204896244
3439.7493964719415,1918.8213370307028
4033.099041818835,9589.98442843631
1097.7122079357637,4113.064728888294
1811.364119180464,9670.57879203701
96.6354715944373,9211.30134708074
5375.030356079138,398.91991970829264
8955.640282148579,7482.167813497788
4200.557370324127,4144.6973608655935
2170.442410023726,9039.676485289247
4723.469963710666,2596.8998408074917
2701.197628863393,1691.558857037756
5006.143299855455,9706.554744576892
4119.439370432858,601.5358865319121
2687.2083004295146,4271.486102450544
8489.686425357646,2420.519798899424
9292.044538001224,2246.7731107374043
2628.5691186323966,6625.017337567787
3861.2694124817704,6043.505726003311
1324.0959591122626,3514.3914672335263
6280.043569933381,5355.667800293544
9253.936772144743,4603.452975784813
5768.182589269587,2891.1276725838143
6880.291736845849,844.5510940872991
3737.6976826298137,3908.5141306419523
4252.017861132325,164.267977685999
1968.1508500186762,7256.891681957603
1088.038792810343,6739.806532928372
3189.4006415854938,1165.8071721074402
5257.5166738221515,5322.835910521601
9448.494346876487,3126.9879591901527
2429.5118640737987,8315.352966144515
5941.542138563165,7262.924475600296
6126.372409839982,3106.155159405448
5806.108417334845,988.8507757434539
5799.559567072073,5511.263296155431
431.5621039805018,5711.593471427768
4330.183350826386,6580.939768437645
7343.852103821474,1960.4055723104075
9089.196610421594,1468.06114689342
4226.875139310758,9811.33828420028
4127.042629596685,6868.357262558964
3812.904377090617,5996.185085520812
9305.291181128974,5030.974439715019
827.5411423822787,4218.631580946656
2750.7510669246726,6566.437522472947
260.8994248596397,3378.3986614326054
4161.319667921397,5352.685913946096
2853.5866418892665,5706.697562178947
8197.408825824292,7274.557817580371
8756.969851386913,9110.01570172673
5823.0565199115,5722.214436634347
2183.571941927319,2186.7105890656603
9215.816030126738,2400.4709731099715
7996.371523341265,4609.660933702032
9587.33703240998,7984.05412617546
8254.821702464396,6164.136519262211
5695.468517109932,7394.222134217161
4386.265370953674,9418.181049645968
4366.313961023708,4003.616203550877
8465.538706797219,5585.831774629323
4743.692004194372,9727.550528905895
5522.696172318329,5675.782627848276
6413.508781228148,9820.929264773722
4852.320837843726,2894.372567650184
914.9316862482116,6744.742637906097
6475.936007097494,6050.5365131929075
5188.201249342878,799.7403627528877
3524.4055805638595,5640.1349020634925
1061.3567671975288,3626.257487815353
6827.911298201177,5546.181876199973
8883.315869876444,5767.534832972514
4567.894622911503,3260.638010110608
5665.387785892819,8847.176159583018
7708.581549049453,5587.7916904337635
4071.2113543186356,9488.070195923452
3502.6630126639093,611.7908688027396
10.059559722178646,3941.399528563221
9710.299904313442,991.4544712962104
4772.665122597586,2279.117081938585
5349.980359899786,4630.667183392248
4630.851221523055,2124.698678929642
873.3764639573805,8609.138681792607
7208.182745446622,8479.737618948557
9829.851097680476,3359.3627264837232
424.1915630234716,4541.5369015223305
4150.988439407531,9618.685523114893
842.3362347166608,6253.223522058921
5543.131917210495,5318.570694139787
6440.1794985432725,339.5939319361474
7849.375280030046,1087.9417913096313
9654.75468401358,5220.687948364641
8590.674972613771,5139.542711461125
2762.666365602,165.3170556890482
4389.575230505033,4401.211071128521
7475.251455695785,2596.278086069931
8594.871834832233,3582.0666949089996
6300.229525755732,985.975528347196
2333.245590050568,545.857217062663
2531.8120603155858,9134.276617845839
3316.444455548664,3770.3362921816683
9339.438699671393,8705.129502090795
6903.32275828464,1333.9128484191997
5806.476454224975,9985.272096259745
5971.199685356015,4048.7980341905095
6527.886613512357,3798.222921246378
4201.189023290395,3439.8779598224173
6791.781097915113,8364.709073791953
8551.100463783234,4147.528032354415
1100.9154184635495,3262.5719822859755
4341.959259950271,5071.828091739222
6058.664703037464,8164.739631408834
6828.2329574107125,7271.536338495801
5353.499331368857,6651.2399016536265
7681.774832866199,7097.41445635773
3679.999195095408,8432.040547290586
6769.904827674544,1046.2701083140257
4313.266440270214,3787.343508018767
9158.313214045636,2197.0292129197387
8827.302133397909,3186.0359704795405
6729.3448340749255,8245.926973850397
6891.562458846399,8257.596701991575
547.9759008609265,3148.0185252336114
3776.0657881629036,3810.6822479781467
1130.6564928112605,5588.115903452591
2289.451121418996,6484.521120037056
5971.2996576662545,495.98732825597125
7828.204214567902,828.557862803101
2845.646347750351,5521.952411353571
5822.4129057534,7298.929374290078
3323.136587143298,3045.405015785065
6675.374166223564,883.6412790491588
3992.197549695233,3155.6231079188833
2057.5615548947544,8623.60615663504
6232.014265124317,6128.500362359511
3387.750463806687,7964.522782691515
4437.232686184316,5825.392028768829
6953.056736469903,3125.5002951532383
208.0419408720824,8067.559216245169
6620.691205837204,1836.9048281462453
3006.3045347792295,3833.4586078037223
1970.9938525217308,596.5681967713166
4866.723738184066,2367.227196164905
9956.157462490937,4043.475743519771
8731.547071307416,9692.614712881123
8451.866173229582,1509.3177631253795
487.2221086088058,7874.646649165743
9240.974532052203,3251.552598349201
3945.5191121630883,4678.644951401978
8590.111849635221,6144.048850597123
5971.95979154759,1221.0372926214309
2637.300137271672,7682.007733629093
2257.2521368992593,1198.4160997527083
9724.879655400935,3590.241230369863
417.09678946677985,1337.977226114586
8637.782733849459,2176.2047840922414
9130.292814857703,8113.405016198511
1838.9905298192277,7130.675451988168
9999.435915575466,915.8529533890913
4262.0676917810015,3394.923253957567
1130.795872117093,2353.628092830512
784.0021423357902,440.49014107258034
526.7088131324826,1401.6701079938366
5125.427975090745,111.47683650049478
4757.395312502495,4274.379869753666
2594.0223045032294,8328.93182789077
8416.589456955917,3255.57592542812
439.19440926157074,4320.521574545078
3046.605898081939,5234.204705615504
4130.040292749152,2118.543687793164
8239.592161356559,7039.647533471083
7403.0134716764505,4432.172429153944
7757.777112059169,2111.871060090709
1365.0719971088708,3201.09538089289
3385.1215816827075,548.7642862006447
935.7285912444003,3368.027847667
4222.432209543818,5109.0724696208135
6450.529632310655,5649.005805220788
9238.385761131778,2078.3494782604885
4647.3474249840765,7988.344309887096
829.1928712502938,4833.744725364203
43.12332241998562,330.4099824172513
933.3488228007958,8950.524488271993
8221.813081970622,7323.542029737016
7798.666236711131,505.2008963643506
4915.730096189392,8083.240796688312
4753.852332472074,8128.1245206569565
2373.3160860407334,335.3617986006485
5404.279902930156,9216.851636957213
6494.156137837196,7455.862115211883
5165.261300559412,3474.127547549455
7850.009140726929,9558.737758078745
975.4116346028752,2046.5275845780518
3870.261691221125,4560.297257646108
5618.068946482307,5453.341014993256
7062.109408336344,4161.27646103241
2587.466951144697,1422.3556734087529
1563.3892726423271,6529.912669086646
3236.6712993765977,4636.629306222564
9778.687740932855,5188.525226378326
6526.794864612062,33.67090004032791
8712.55870311427,1083.307872258582
5213.41346460879,6067.316815172625
6050.763034213757,4971.395788430157
300.9742416726702,6823.8815666022765
9028.517040500228,6085.958328893213
9277.821231770837,839.2396432018256
4163.348520503245,1331.8095609733505
1843.4859921569114,6984.070048452221
7232.679662692334,4071.925507611064
4220.771014862747,8551.027614053572
6357.562109522819,2414.9696389682663
1450.5645022676329,7027.190028400022
1261.9891917103998,3621.605605003604
4904.396811708584,7482.588622307521
1379.953535696935,9474.537891507856
7129.025598470447,9167.617864029813
1964.263410292444,4774.563172583787
8345.866861263336,6640.012558967994
1302.312174291944,6087.834133333001
3951.2790703432934,8249.971325431514
860.766068582034,8605.70064308822
9494.952269395293,5859.440366628726
5516.362334126154,9847.07731585018
3579.8514657191427,1533.6000276361428
8004.457427521305,1009.5556325412736
1808.5425386752595,6976.928707724485
8977.115778041027,2368.476907063711
3275.0680112550567,9343.952536989758
5137.98078541366,4433.659409887565
4727.591305984377,614.1742294675745
1903.0138028276856,8427.932200761337
5914.517517099333,5155.215153612178
4233.52220423666,7943.825552949336
1257.8720589108582,4079.954708973277
4141.087585657019,513.855510986354
8743.491405457686,2424.64358105856
4230.13576779821,6255.918225349343
4713.936525123623,9614.306166361988
628.8770427974144,2868.1755237112648
3559.887595555852,4849.4632821421865
1650.8156832841091,7905.427279782902
757.2121310566471,6023.908836756601
6478.408010015827,1112.334652673761
4613.604847043219,6133.021962195186
239.83419234450244,132.6264622727391
154.3542168366885,8334.280289786142
1114.8122211028676,6925.681587911808
9774.562110744193,2260.7132590591505
4319.794209544671,5890.788811648739
1649.726106735594,8104.817541859484
1696.5446992253774,6182.169500152969
5165.93403436126,5020.346890293915
3209.2648327099982,4272.317493819068
5469.281038961573,4404.335677552581
3856.7486523073844,2955.890509837824
6874.852896186202,1572.5604849915376
9208.319436794869,7873.992965437809
5883.859784961976,3151.2436447661576
2235.1740507077257,3021.2630386324636
4361.186521306625,3482.2265946168964
9479.334718197993,8371.452537063244
3513.954372609556,1485.9532135658171
7351.5607198023,6106.800395655736
459.5876195050275,447.4076658389248
2779.1683730669947,5737.231632335972
814.7657729246149,4226.8892532878
5380.531955953067,636.141408704215
7052.621865167908,1405.6406680339917
1720.474023995192,345.5195881216877
9605.046024279636,3705.37264782994
9404.906879572496,6318.18565551139
239.7753652971235,3347.1874217471964
7899.88766368597,9924.936259387316
3753.624524761081,4407.891966860738
9959.954304550289,7641.539850655169
7737.932952464599,7445.743762594209
8981.491795731263,2745.3264231892795
4381.803985880188,628.4651629985071
3918.8856769398785,9552.795614022809
3941.8455729623993,4540.978097422432
3213.9385023574728,3413.1109513321667
3885.6446905817065,5822.32604362564
2355.4579894518447,3498.722161197805
9593.936950033822,7172.12215591045
2200.030295169487,5925.308441857516
4771.958116341176,8752.234924224473
4565.982742811509,5054.019946859126
8343.176684151485,7962.460980507896
3024.030214274449,4274.769801426628
4981.1578620629225,736.5933339032804
1639.7384048466656,2143.4537179387535
3702.151492601706,5304.443165909934
976.3246167984796,4822.407892549916
6720.748370282523,529.7069482075034
9637.874166573138,6152.840799821782
5331.563470362534,8953.14430313351
9208.179540334679,9176.412624484423
5168.0226250206115,4333.180798581256
9513.793148449218,2523.129552370734
3763.567397280587,5221.767969772005
4126.712964015911,2978.112729032626
6752.685162986009,9399.33161077937
4354.056033387527,5418.642963745415
5808.714711095331,6760.279639527851
1708.97429335634,4224.748249225818
1044.8655884986401,7832.401398656967
4127.9711582958325,4147.328141931125
4239.917561905908,2732.830315639556
2989.2891894957343,1524.2165087773974
9398.095606413506,561.9218661339631
1647.8037847048454,2645.8176578845773
5972.087874846852,5221.118303094075
8510.063165279793,5833.641884868619
6556.71544227121,9659.605130195343
2164.102607685434,3697.6654234078987
7367.902965964148,3528.3880966954493
7316.078134025031,3063.4663826391475
6263.221871543354,6587.732215432156
2222.5196413424055,1898.9034402701743
510.4428514827852,6002.197646174174
5835.564715183696,666.9112517424769
1209.3605455328438,4279.993624720544
8048.59871973349,6399.337385519476
7423.484434154491,7576.1610724754055
368.72558372825216,456.90614474321654
2149.556756989233,8581.13826851928
5152.213486152706,5272.381917360908
5280.128449716723,7738.692183793843
9779.282682586492,5422.1204135585185
2511.4396628644085,2984.285754350129
7468.754394169588,3505.381606279391
2700.799079674977,9747.11631227696
2411.3119029650966,6934.895169854358
1968.2570767159757,9979.295741578406
1568.410173275906,3689.266368255065
3366.3407125511644,2801.2100681627107
3618.2105713540204,6530.935259276432
8490.88210359882,7567.0100108790675
6129.929330501708,8323.926958575914
498.3958409929001,870.6556033586621
6814.013936825873,826.9475509535584
7743.528001469661,6609.71057265889
5826.2308549113295,1380.6719701179716
4223.116523551676,9176.090854468117
4701.909041092193,5518.721815168713
9317.267013074828,1331.6089479961147
4412.461578285697,3497.9434732333834
1941.385616886987,7224.066205780876
4509.738716369403,6003.240841076741
8695.491656753284,9622.064857569881
6716.569675582185,2859.843161100425
1919.5505506841948,2382.5714700059275
2312.228198904639,1945.2147692545664
4327.614896669967,7900.141717466005
8044.3880278744855,5715.835580337742
1873.11328998803,4334.91242366003
7679.336165161989,2216.962848904874
7955.4905628224315,8098.614547860009
902.2168091285765,9688.297594801037
7957.942511612879,9871.853007277043
2090.7438822210565,9154.307539371966
203.07527282732997,8272.514533233927
8266.247638487894,7225.462209300996
4110.446850435774,3590.618964825313
6189.513516198735,1764.8571969623872
6761.078225527542,8524.991918092452
1100.9501367822395,8974.504173695192
4279.836063163497,2278.5157302696666
530.9226295219138,9038.976781395066
23.434826135545485,4972.404405440364
8890.889713594805,5393.694715692054
1508.3272852526009,3006.35513905556
3914.4698302973347,9787.75523187787
8805.095438666103,6033.913181819739
2627.0249001151933,4411.675801923768
5455.626786066099,3424.808437587108
8071.20987582416,1225.7329650252934
6347.960789733987,2258.3002900624238
4562.939202834322,8883.92286791945
7204.965665557028,8792.987829527921
887.1304722789786,7388.842452938573
5762.739884692568,4967.4209636109
6478.54314392865,8696.535395304065
5580.361886229673,9903.396360800147
6881.279735826149,2693.9254664349023
5510.35829848454,4806.197714435148
9078.21041177942,9725.883487412411
7908.427205813901,3466.993089222622
2255.2501463833373,3249.8083641681865
5228.708791051216,7450.256236375362
6986.283039880145,9579.990585509851
3623.0769918113915,3361.165688104071
7473.422750666876,5877.471065649189
9740.98321051612,5113.308302646306
1676.3819455321216,3162.598513082193
41.424013103076305,310.2488165519013
6168.764960638219,4645.360204435723
6077.262258091655,8523.109087953218
717.7786655797702,7688.160359712712
6301.753410154896,6992.779839744247
1310.9802320900365,7528.380882840275
8787.377966178527,2615.432347990575
8097.793824283196,7531.280724276206
5503.838027007697,6974.4087428785
3653.5664023540594,3055.5295167436734
4308.464906561184,5320.0709993395785
2924.8279525234398,9691.098148563406
6951.765782953099,9595.325002216778
1878.0098347375806,500.4651121358006
1275.349817562914,9568.50620397309
5798.162769513311,8078.853218265261
131.55079135510616,8883.72120499451
4965.765178795244,7010.784347709702
8192.462027235633,8684.320836884186
7038.1867147497915,6836.520678943356
4915.470980943988,7088.042210462664
4236.204630371939,6396.105845301001
2131.0730881070085,4683.7591739004565
9115.112282325792,5505.801342440294
877.4299420992593,9220.849484099399
321.5653192766765,3296.0810754809954
4380.421675241899,1435.2109979858085
1869.6950331862172,1373.4072293645095
6707.628653316751,1094.522999395039
4000.322181168627,8768.352043101913
4588.234205720319,2959.3194259927413
5760.035456783661,7324.120788416548
564.9809202370016,2489.237249298738
3465.404778695672,1189.4814892094785
3413.9956937001816,5504.90429600155
5398.206707756368,9236.81714158488
4613.167710305664,4959.327618558891
4523.213014528331,8746.955260913212
4271.907484247821,2501.7919844232083
7281.581188242383,8243.336877504727
3351.584672743947,2025.1349690372044
618.3319262679631,5050.343389427529
4280.450847792796,2846.6328995265067
4794.141780269048,7844.488713672484
1957.2614338531723,3676.3330305705845
2915.856727352959,6582.756876701233
8976.317478732422,2736.863229715397
2082.4692899486663,5196.215964452896
7942.284938832286,9768.032689455275
8790.649088810358,6498.097772510425
3276.065046000367,3596.1621819013467
1720.5099538360892,5774.842111172344
5953.336938802296,531.0208310844156
5616.920015268846,4928.6972669977795
8251.104158175374,4935.428165842282
7806.341459258058,1018.6334166505006
3388.3922654836874,8603.342947812118
6158.718626334151,6825.729629112676
3928.87810320943,2347.731392483988
3237.5419119824633,4209.536390721956
4803.18565833163,2007.1651056516548
7677.592338552516,3670.893291725967
6880.85515219656,8360.919849123009
8715.40624909777,1766.0764697248255
9721.513229640885,1849.4354933840207
5670.3839789468975,1786.6427263165751
2808.9336715337067,4101.595484934462
8022.781329016804,9102.66274804224
5990.935377486936,244.19227483155726
1333.2502568863924,4418.11723709666
2874.943958426819,3872.9899715449487
9718.152647922318,2335.660306607623
8966.550426439631,2794.9673082537083
4697.398351429767,5542.352854299761
6179.871811746875,54.24235631035445
2390.4835764723043,3930.5871147031444
5790.2747145319145,6704.6661776338005
391.1782051735435,658.0119198835744
4771.999250062292,4868.208155353971
3882.1629787546076,236.2767023074508
8131.864361945539,3080.1139441615164
7708.503621297004,8367.013935144732
9244.054810964071,1362.4378856147778
3258.030290544279,8339.909913170985
960.3553685567912,9418.037433198107
7151.031727363945,1347.5667417974946
7945.655126672315,8972.79442321044
9550.025702403369,8619.365110156523
8352.001000287883,2180.16312849193
214.532596869218,7296.591853848174
5819.325640886359,9205.363799710021
7737.450137818964,7033.127613416202
9794.367652176468,5459.728053585159
3621.2663376539745,261.6160245027488
9926.515082672735,9436.409829796903
8331.259997413257,865.4843291952718
4193.942352013446,5427.6025597659345
7184.388980991712,1498.823459930848
3451.428673285425,344.2362473211413
7033.712793797146,4289.014384472996
8353.725912719834,9886.571471176107
901.0636637877867,7956.240737348696
1388.242003045158,5563.098833712857
8921.538649234057,5016.196514225596
9571.996809896025,6819.93256246824
8527.007040900655,1692.5564429001738
7233.656266925783,9350.236306005974
347.255867492634,8180.875621833084
9800.664641528489,5037.328481406118
4507.98858272765,500.52679927480636
8784.91103747614,9428.743045751446
5364.95345796806,3462.8063274451015
748.4926718915497,521.3561017270863
7016.818872432503,7966.933541794414
6298.8915949970415,5578.1582125389305
9770.172523058687,7145.214940307328
21.89040470228609,1389.1190620786376
1734.7650836212758,4941.722538332663
6084.723718296295,3220.8810435393098
844.3448060112269,7233.225015394552
913.5219538091121,6065.597188021325
9508.189600453212,5170.974753122022
8124.162510636966,2708.5450879179853
9780.08047296734,4816.4359791163815
4548.435692209892,248.97290085173606
2042.8969726698122,5252.966351335513
1469.173815485565,1962.30901651255
278.2756586785162,5970.65020278556
391.52560727006016,8895.84275191082
8705.507832073681,1575.4169978901966
9300.130824419482,6128.153101363848
7484.518654216738,1315.6612585350979
9754.844394210199,517.8879945401138
7776.532399447567,56.54680547287016
8978.13121677161,2118.3495612990346
9613.258081407294,5775.655960334645
6670.131583245387,4090.3158827733578
9004.73155596234,203.58550952540577
8838.810374359327,4857.9806009550775
7205.715394293378,1719.4554469850575
8609.391326955438,322.2464085497445
1495.508209128188,6499.032266869444
7453.559942225132,3886.8269490238304
3699.4419801783897,9748.199903920844
5699.004941355354,3078.506582366558
3875.6772844701813,8174.217914669239
3686.412205530262,5557.708980274828
6302.311654835206,6355.394386786063
2454.748445016951,4280.892661959429
5854.360106233784,5090.931038018332
5054.865336031476,7334.216646788163
267.24876902145087,7863.660269753239
7151.116375233035,993.4219883559092
7282.047670115887,6954.752878707457
5577.440022310519,5913.322260049956
4233.005840849973,4700.0887503972735
5958.631086569054,9699.853352681286
2874.6913786783957,1195.960948759195
6448.496827345176,7622.678857930903
4302.144270968313,5836.3237173955495
7621.853609393117,5520.730183078094
6373.827581259373,7186.652357060548
3850.020142990521,3462.813006220229
8095.693229905441,6641.381149969014
3141.636800206836,7216.018377598806
5095.1705458786055,9280.206305302303
3336.783889086946,6163.99404844755
7634.561042131264,4651.352899335851
588.9227932726759,3834.3067669927445
5540.650710201832,5060.92850127707
4152.535877293525,2009.4756623305886
8833.711496721286,9510.416775446849
5104.432909330043,487.84804997565766
2495.5129827086407,9312.720072918546
4308.380351329306,9986.864628523324
4797.59000065054,2112.1758920011303
8780.49155629301,1821.2988635082893
3611.2215123081705,9910.101062149977
2832.8448601329846,7736.834604075583
149.49369485136143,6282.632510235196
8199.438467351554,7346.245049327983
7853.817629889362,3117.8252900609773
2601.730294391508,9433.18655202692
4303.343482396893,2479.374983555064
5422.139137250507,6165.6804011801405
337.40591086727443,7041.432259158991
2339.970847550179,2612.870179336635
1790.6995285257344,9661.454586631457
158.1383283744908,1704.28940220814
4087.255443082447,5338.228815183877
1082.9926705436942,7471.1510972821
5435.404304405031,9915.898583015285
3584.19712418806,8784.16633143336
4158.726779212629,5672.255568451938
7888.849566536285,3500.0318641034232
3565.053262578448,6001.703593671097
9947.901417862724,1999.9724512906114
2360.526787656061,1044.2562907920094
8674.152157511746,3611.0037544150764
5786.285163354762,576.1316005635242
8806.446768739,3231.346839280391
8750.61337764818,1088.094695761631
3604.7206972818967,7690.720141080158
2056.480868904449,7507.240587930447
8994.312365561536,3810.7075535960566
2673.288228147982,4441.353454207841
3919.494128828794,8351.817000877334
9712.636312584274,5531.33120532207
6180.706785334531,6921.774925820845
5036.8004310389915,1162.0669552479967
6890.8257829274435,3230.5170697907483
3166.5959597985748,969.4854717194312
1473.6619846905573,7116.66562689666
6333.510967422855,1743.7094879033277
9570.140544484631,4683.896616453378
8334.80012152973,4028.2981909779137
6244.319390276621,63.54865340186255
1453.0026538967434,9342.11777268385
4302.226990778162,7429.500425007023
5311.710627969594,7981.839270674533
5675.495508741495,9968.771209653713
516.9583561145463,2940.325637097341
3479.615040680619,1835.5301916297894
665.5851818524627,3209.151476977894
3088.1895075204925,9843.867018332561
6172.409220694477,6687.954432459188
7149.219033191325,6139.94109689698
1307.4500403888921,9737.052753889771
3492.742449306002,4702.492615971136
348.3234403454849,9082.104149862811
132.77609793166835,826.0754302186301
3548.53121773422,3227.1754132462293
747.5122276061475,9798.883104731434
5378.393009750215,3841.8919043419487
5811.546045869956,597.6349282235693
240.27265979692623,474.08384123008295
7710.249481727047,9041.681408770011
1300.9010732002134,4629.349239588872
8604.762648337539,8197.651465294819
1497.0233493174833,8444.302068259105
2716.8576310449635,2801.6076835033864
7636.862879383568,8681.310186233319
8408.472880781905,9402.51300914382
9477.97039382711,6428.68917822239
9546.275116404133,6994.151278449191
5797.01168521653,4669.040860450975
5668.413232127086,4671.646524230038
2896.6036199093837,2624.6552572913574
6606.931915278352,821.0951187041982
8839.264834319414,1015.2381769742435
697.9104657711988,9891.23707039423
7011.172314445705,284.0464896986661
7777.185506758107,9183.334569005554
3225.2559447733397,2695.4470867298032
6829.0543772640885,479.4537939728205
3301.8793693072025,1733.4091192079793
5497.489253087874,2823.1599181098377
3105.1769725290756,9181.041700385254
1667.5189176886752,1939.2255485612998
2111.7307961972497,8512.014443105878
4353.563647449676,7209.979495502999
44.38368416113669,3328.651309814692
8704.606666809668,8999.994281416892
9235.791212205495,505.4047117980309
5834.951230078508,2593.2806762284954
7126.475222761983,6158.736776842062
8130.871888597898,8585.830955033032
2306.965471639032,432.78046555283
3508.296615543259,9718.855959957244
8477.351271861144,1413.465655398377
3778.7569784863217,3568.302267342933
3782.4769691398405,8657.27007512648
4397.05563472942,9415.581724179616
6911.211386972023,2941.4648449532656
8698.188110091325,7933.234102746449
7425.0898968341,9506.035513969431
2190.119333773358,2717.233482244916
9390.987281728403,7686.256892946236
9106.537136530551,9878.705739979892
8021.28714028481,2073.8882745760934
502.10004226683316,1413.3598744410147
318.5276110779545,5480.24234057451
6625.827370007274,8169.228028034574
8851.350195410556,9788.674836955523
5957.088742781641,2141.1991406727616
5197.502981610296,849.2248029493754
3643.9643983253013,5580.016444832703
8679.33537856946,4803.233581984995
7780.995364255426,5165.287137124592
9611.777876367898,1469.9260491771372
8042.973027384587,1401.2484624648537
9985.757999674599,4076.3555946960973
8365.511717992244,8619.083032107294
6904.17705877642,8211.894109222372
7111.940218149816,4307.064999374524
3761.6607581919116,5609.118474589221
4275.0422885086155,7325.960291260993
8477.251157463923,2459.6054237911926
969.2960037081333,1040.3295389592715
2393.96656158232,8000.988567272045
5267.7628011583065,5822.666946682618
1005.397852775598,4081.9049170507483
3128.246131383097,4521.810091769623
301.79753092774206,6755.324096734683
6100.227452561787,8117.972733374008
1915.6407895172156,5652.02292825796
8928.3038353669,5754.976555747252
6073.533218045509,2089.4592248870367
7952.780512452249,3602.0877748078915
4709.174658419612,1219.7487415628273
4802.168888318276,4059.2862458814147
4677.617696122769,5391.64394924175
9844.304551863446,8183.939635664798
5492.903561939755,4030.222773316482
9382.566749472004,4267.005819135496
7657.844045932232,344.8131624502548
4921.780761063785,5223.172375583611
5479.07868979539,1021.9719032471819
4739.501102300718,5133.450757138827
9944.520109179246,3444.343075384583
8228.785036374671,5897.7841636507355
3231.1875926571242,0.03650918946829229
5602.6641491103255,9242.104610572864
8257.418439007608,5683.70846371292
9018.108196646606,5886.335848412721
7276.637630736374,5067.10717778545
1103.710762927682,9853.070634920003
8831.604851449925,9741.54347796166
7190.876523784569,5319.169940395616
9302.437257200792,9960.508022990205
512.0596318147808,8876.743396738424
6895.216337414976,6385.968918017354
5905.499711187055,6556.45667311685
876.1842649085694,1895.9243746371724
3562.5382808469662,8442.347729571678
3522.460739775164,7588.483368109531
6790.4449931144,8714.272526200715
5602.423862650393,8848.770384481182
3036.7512547580855,9248.159645953387
9331.86764886614,5948.8376858002175
8144.656748667688,7620.258689500162
7864.866223940687,6765.780829727481
8203.82005322472,6992.2535557937335
1716.0760632279682,9754.429846676358
2617.9755932242133,1780.922769069727
613.6046538738149,6919.625753399718
1581.8539923991991,4447.642675752273
1661.1579755032812,1769.2419579631758
522.9216699658879,7274.079824223678
2516.1682228824957,3590.0196999233035
5542.620331025323,3700.3857639749735
2577.5928490947963,4388.955312786995
2737.8983968543303,6611.327348427359
3039.524263065573,5390.990454846135
135.47306374223632,6260.696996873927
952.5906948705288,4007.1157039617824
4851.177321245317,2277.248932140413
8642.539591056571,4747.2167275661495
6050.67308543701,1886.0257385027624
1046.1320676618113,7324.994983016037
1023.4306483603983,4598.82810550113
7753.527375960728,9869.770972232533
6394.2786283672585,7984.583789112628
7565.378113500231,4890.530615284634
5810.334837069074,6181.6467926600335
4764.501148826239,2992.1235081358886
4603.813613152875,1756.610013191451
6282.887093499698,2998.988634710885
6429.640501337493,4532.978145601872
3064.879028977917,4962.13713718587
3168.120041922814,6023.647667311697
1296.2795859430444,1805.9102717759156
1056.0038867844357,5018.100017992807
898.5221185846182,9051.531782035165
7726.584066705877,2752.895209939689
9772.650764263004,7639.506066871589
3240.599169691334,1345.7796193056404
3375.207281155724,6272.100406204016
8057.35412370932,2177.318621129554
4120.318718547746,9398.71698468816
3844.4130393133755,6186.395460911015
5445.994608513818,7551.485874577962
9668.918975001277,5862.544765887503
7695.458368672057,5545.881697151341
5977.057437479864,8101.959667193987
59.38543614545932,4551.86419247428
9025.166134543457,4590.982746156897
9278.943105125074,8620.570625011262
7483.414795303706,7607.355389629792
1328.2177959627484,613.8012402166981
9409.629763134475,6496.852712322264
3584.8650406455595,164.794671631171
3494.1495471020467,3488.838234459054
2317.354141457758,8938.200291408606
5716.876572114338,1765.5539149606213
9997.709604317875,4848.508774958864
6729.708181497965,2297.171294243352
7621.39567578236,7705.09941715732
3294.162827859974,8935.793479479773
2372.44129086579,5155.849064125993
7155.149692420249,7207.171093300092
3561.9742446235723,3628.747334778679
6524.738723723382,5281.956065654355
6709.344683842253,1424.3286484386674
4284.45017169245,172.84138350984745
8262.490655178479,8059.942317858009
9871.859364890617,7929.845308679545
463.4370172979663,2330.5006661699135
1602.1037497659318,3729.544507424677
3996.669318742506,8868.98181553822
9106.490623076355,3167.1844356074307
3726.412834150419,6098.486437035958
3917.69910014381,2726.3373954413028
9354.653236196868,7917.75778361093
8502.582769740757,6796.9839385712385
1804.9537046944397,3636.3409178395145
670.8097156409143,3465.3557495374353
5924.719891813603,2441.4552726252514
677.869980996042,6867.4884980060715
337.1258264264909,3429.3107234388763
9800.533907832569,1033.6844424306223
7676.574674567929,6238.248085831078
607.9322241621543,1921.1525453025768
551.7882621812597,5187.68608363323
3739.985994380385,7024.0403807413095
9057.559271068074,9446.95342810787
3793.4788822929854,5289.761973255046
6189.899747380319,5938.061031760815
1391.8721973237302,9000.010075555212
8407.082197671847,3325.496637142797
6091.601197806555,9972.739235809147
7671.1939069622495,8377.62266208235
7427.423275186678,8354.385654425827
3345.955427699916,2076.3942358659037
8175.21470526392,7121.848798569112
4184.876581658078,6609.79519778941
7190.799983178836,6268.674933297559
499.78234381845897,9480.660196895024
9683.312592824335,3590.34511260626
9498.739817554975,1675.9792353904634
5062.702192786054,8202.67865940663
1940.6853487317333,4103.749843121351
9518.209813118561,7928.033889017417
597.0543263755023,2392.80755563
5496.583411342252,5472.133253082374
5436.702556953088,1207.9845549097556
2279.2987641584205,5788.5372304410985
8866.42327039516,8292.586268459801
2865.2024360681085,7355.7398727892305
8994.100600488573,4353.994679419243
26.467524736056845,9347.641534054703
4437.319869201519,5476.555006771504
9343.111778688823,3872.919288020055
6181.682758192146,123.86102925361465
3470.4012851417456,7431.368527080121
3811.4266212978055,7209.781238921748
4767.502332879085,8760.297408609369
6735.482547240639,4654.203005785015
3681.6860609281753,5189.724341364378
7555.092723307794,1799.512262471059
7593.1077700686365,3581.3999647021355
6258.951444258306,9998.904715168717
3333.009416651903,6903.6738149442735
4536.826169253733,1034.2390908684972
9622.435981995628,6267.509208658173
5102.833171153898,4779.628157634405
7829.211278773798,1611.5358720150407
2556.1133483926747,1170.35586848813
8265.577353131981,9271.29177448716
9910.739981796234,2442.8856583006054
687.1178436707693,558.0291205176369
445.7666806914051,9163.6433810375
9075.340154821397,373.59132238841465
7624.9993707224885,7999.474609709809
228.21822418390815,6433.0327323146375
5650.6813780941975,5219.067055793431
9233.784324584358,4580.541500170546
645.9783267725883,8651.928190409988
3557.219837456499,4998.070399000495
188.66401212927153,6189.459793815624
4036.6821321834814,7053.2609895600735
8050.993088837641,8459.896154304424
8202.399122823912,3905.6319797609895
1932.2584013357814,2172.9240380228644
190.30376702257823,6803.299156293787
4315.914775360641,6145.663763255501
3620.362281222046,3157.459108564126
9328.412510111319,6501.173297605228
9762.74453572955,6114.736485983819
9714.714028204166,4205.880215205183
2082.2942301811086,5500.666968024294
9244.84491226492,5230.468281303411
4874.007549157107,8062.78400262684
1826.0901976993516,7400.441039672336
4632.150876603213,5114.119349916855
2908.095123153913,6219.672548816392
2201.4370806003258,2680.6694636632656
5636.6299614840855,3606.3822512787547
9975.13696574628,9988.959648120792
931.3386590154282,4325.908818935558
7638.761625410481,5749.444845098204
998.9118325888858,9834.763040043934
7858.689634785307,317.92593687649753
8829.859986157599,2097.763335622561
2014.4912532430637,4831.94863668323
630.2818338225069,1725.007850386776
5612.784315901283,4300.183114340049
2973.640855885229,1847.9046564482594
9089.285167027048,808.7361037192586
2394.189448973726,8810.01085030046
491.55728594776906,6170.470326413229
8480.53406230049,9405.096811102452
4.613690221400013,7757.492204951327
5580.447239048945,1202.5694311475966
9732.108862634537,1610.366544201074
5992.838725148517,3458.8530583427537
7095.866454939559,6052.163964405779
5575.119684161821,2251.1208986938304
8602.429077029801,783.964721697935
9910.924153434686,1803.9238820997716
66.5836577688772,1795.2774253891523
1290.2680809464896,4995.656690269673
1226.8134917123464,452.8080975162263
5053.822598245095,2996.033865393352
9430.5333100137,9752.289711525458
6694.14585600008,1199.2336327616815
8229.486974733616,6614.938028086891
7485.148818718454,2736.55357688927
907.140667553521,729.4023050646858
7173.267115080682,3540.0653298702955
2583.0298416253186,1454.0853380709896
1832.6877266402919,7611.571183987058
5193.062873735475,630.1327563769111
633.2187400042466,1236.21476330256
8181.92569242014,732.9250772154438
8143.725914415954,8403.531929232704
5809.404492002551,7354.601772771632
7017.571019347297,6406.731078107676
398.7009974051425,8586.136206991534
7301.836217855587,2599.6607403858584
2648.583585115505,4310.0975493374235
8312.724887216153,213.37844349340384
1823.338449190528,7400.722571723676
5881.704615375158,9662.009092749146
9502.419499706413,4564.086324644516
2208.547571247713,818.2801543297968
3037.5652957046673,2768.776740962228
5441.958391040484,7814.469850022912
329.30173876545285,5956.7099717836445
1317.0730251294603,7999.432716004041
8576.79069740642,343.67450772867846
3524.3244747125323,4264.383628696762
7276.908282032991,4612.675654356697
2904.364035003625,5128.4898946239855
8774.210070135472,3098.006004989048
3239.12740370081,3373.4545877263113
6274.96470908539,6466.50803721668
9260.954621599481,6951.031385452258
9077.790865857964,5867.8348473197875
3151.753912482093,7292.871074355675
8144.453117673706,8225.159309215132
7772.197678240098,4156.707073068956
1392.2410264501884,6919.8324985038125
9852.369608318693,918.4238477288542
4899.77087825679,6059.917016798837
1471.4237522594076,9356.800179505944
8246.463867626804,4367.456892781907
7075.5077573313465,4992.054948064601
4589.708865122708,2269.7964536723134
2130.3284524256837,4995.584374848011
3783.6250971334416,1498.2233880687534
6093.850249554041,7467.85882419677
8740.329838944795,8848.256403550398
4201.375010884488,6590.464305582357
988.9942153644193,7556.8506270808075
8698.914179954058,2486.0980828568545
1018.0120795727465,3116.894226541208
2472.039841535476,3338.068738286637
759.2611121435244,4520.863753399854
2031.308041542954,8285.327462739266
5118.3207296680275,5385.572014665127
7946.997507106423,3903.0449644480623
800.1426307974202,7187.071776961979
4219.094362699557,9058.84636202582
4375.514485046542,8346.364846618151
7035.012628620595,1097.8722224254
5134.570734562113,9955.75523228973
7839.661221139425,9857.982896316464
2536.135622115041,2662.4761364816172
9017.963546969886,7782.4722643528075
1266.593225408571,982.502182645073
8498.576792202846,3315.4129401506007
1853.4936061162666,9762.081453659717
4818.235654787637,1233.5261904566673
8061.91796593982,640.2827153110968
1589.808482137597,499.9982276976833
8085.190419138809,1703.0622183976463
7389.849064147153,2060.463518710288
6438.0836793838635,6392.989712670754
7406.30083181751,7045.526780113735
6231.122802798137,3655.959301848719
9693.139792340264,5736.89815231572
4602.3161314244135,7774.010812949632
7097.756147228926,4824.650545608712
9998.470811566809,3334.0995067137724
4014.6938885154113,3803.896547395943
4150.587833419326,6974.038366815185
8300.028500564747,9482.249436612141
5921.010073905923,4053.789792802277
6687.289223720565,7434.234699225354
5857.594915356342,1584.655640688656
1316.088498912894,6010.265756395527
810.3062393031479,3210.1761528863094
346.6187410592425,5547.898403944543
8031.433295984518,7273.92541130132
4377.415526002295,7227.112228808952
9863.583286761546,7396.330671130619
2183.7067911725762,3130.303142335933
307.67419278259433,1092.7895488462314
1683.3186627581242,1208.766279941842
3928.6422312330005,4878.691283354414
4591.908434220972,7962.324129205065
7467.036224320997,4449.385928306045
5667.078430892852,5883.225308475356
4026.9261040493598,9863.872407171342
1101.0550758807424,4753.946872850052
7067.399011071308,7097.4048480376405
5357.581537080184,1830.7740558690223
5447.963529984491,3521.719793805946
3230.4428465845326,4394.296892648589
3954.323480068386,862.9559428579092
834.4591357613796,3353.0998408455193
3061.009609926152,6708.227989432337
785.2135812961702,6035.943822166174
8655.524052139304,6294.696207278324
5235.2063470689145,348.29871136435986
6430.830537495202,7860.396875916428
6979.031427847923,4970.622678994358
2481.9257989376974,8200.331571999674
2303.5571779800625,9307.589038693608
7208.29566279608,5657.914769110719
6628.092482753916,8043.94381124854
1706.5419941242599,3803.7071158302706
8900.390907838,5887.828277784586
5377.75595708305,9561.010952971577
8577.279801574208,4372.591191966212
8680.762074339364,7183.88679466487
5277.023416780694,6317.717526341523
9350.502715545359,4453.974864765591
6130.096021739313,3163.8065798544103
7316.900882288067,5954.575944195493
6079.213215173544,4618.945404522437
3268.9035519143486,8771.186688448279
4837.297514187236,3547.450891799877
4325.2407262330125,365.53824442683515
8066.300441307648,4074.137487585101
8600.935714308484,7177.977415246437
4179.2579699203925,3417.1351172617105
1284.5933320923752,4434.912257827407
5104.821075376761,2583.5408102681236
6537.732251139266,8965.753346163474
3536.3678815951594,8210.457101637638
5442.558693318536,3755.5620145563594
3204.7917621710644,8602.991817104592
6216.986840181627,4572.821411374439
272.08520855509954,7688.021051294811
2852.810393564117,3210.492196674023
6175.640155562837,4652.46484294602
7652.21567673399,336.28469021979134
3570.957833327836,5709.55751397582
5529.802735438203,1268.5329317277071
9978.607319049806,6046.881602901427
6929.653386907824,1354.6064437036998
3007.5626622135496,565.0443051613652
3587.073568921666,914.712220438274
1683.3158549887173,9456.983253594002
7266.230183415424,3682.8211036811654
3622.0123029684005,2888.4081219096224
9579.373281562343,9940.49262690056
1497.8726717901147,3224.320035886682
9919.089440994538,1527.0960872173732
6482.868606054631,8716.645842111257
9466.799464427331,1513.001790487991
2821.441771361719,6744.308407623459
5178.6961172061165,1732.966661033839
275.55310710046797,8138.197192292562
9920.580990427094,1085.6759191750443
9951.483835896912,6053.084594207341
7634.7678709923375,5508.942082607689
4689.64802235977,3572.6177460971007
3617.061061366995,6167.047242890712
5993.43351719056,6342.657633779595
8935.146185041162,7616.808649269323
4355.650002448522,8306.159706092189
6174.085307119991,8353.429231039352
3760.5223689528157,8784.26489298609
4248.255132634823,7561.04202017346
6972.5746928263725,8526.412435110697
1924.7745032835871,6502.766495861957
9086.485574703234,12.506093420631137
978.1534429530858,8954.97407400065
7348.128229026318,2194.286497130673
1207.7283217041668,7082.581310584298
711.1540977700581,4256.195675352137
1824.7981047448325,350.29854924067627
4579.912701874027,1118.7939869620557
2763.4431737254195,2700.9317689195886
5435.541656805775,119.00110183974743
1100.7834671171613,5396.358715986278
4858.588661054346,2121.5412329708615
2859.6851588453264,7726.576902491999
7123.7807323909465,7455.04747900812
9857.995974187459,4205.271861455825
6356.416299702115,4192.987830529497
8062.656536096549,7572.404560489646
8637.513125609867,8477.736155468296
9963.762877970083,6405.7425277678985
1512.682077323142,6878.963914362201
5306.695928380546,4792.831057226103
1529.1682856859468,169.67296722779412
7490.310572282938,5720.936360508199
7097.617689238506,7682.692059823348
9681.795994541444,1990.2951966037729
6987.894260689145,6705.83257596914
7830.425817996116,3917.9267808781624
6486.89181744225,8852.564947178531
2141.0451121287556,8258.92597327091
9111.46780705898,735.494165739996
5966.172521514998,219.8400528618749
9090.408919865167,8723.189916424653
1471.5604497720858,2950.4274254652805
3941.9194637635223,975.8444083335837
2452.277667142203,6591.936328409591
6850.450873387952,6163.500670876897
6807.22804062104,4604.383459666901
9805.229394647957,125.02376268775595
172.6220632558273,4940.4825293184485
2162.9245641681296,8414.542527756841
3022.5409082178735,9036.372554917089
4422.4777571051245,728.3168558075415
6306.830629529059,7322.206030601403
4814.9152637004645,5274.435567744223
6561.198802482015,4808.708596858403
3228.0560687133266,3416.6367876411373
6976.7262704268815,9161.717193268027
6919.149849532044,1380.3033983005175
1709.6532301598245,8384.571267303032
2574.3365449021503,11.473959241926623
3148.911178606214,503.37825068296314
6539.636471172995,5936.718763020649
7563.63504350094,3659.792694197981
2390.7422283221413,2859.5771793489166
1794.505397370102,1075.3465793485827
2015.0756703698269,3089.8084474535804
1537.6130633935481,1927.0103825120323
5792.831271416275,5462.472960869668
3889.0868445891792,3840.571675230947
3869.9648752565054,5816.407782488222
4955.784475038413,1532.8760095942407
7346.653194204518,9223.752069520988
7178.452694183977,5702.593454588676
7770.321821187404,8782.645245777794
1652.8329344855897,8788.992716658373
6616.318768632492,596.2871008956428
7541.799137556022,411.3452572341225
5095.464918087412,7990.8584503357515
9332.952621921451,9780.562706770465
7119.184311355264,466.9554351788385
1341.3746671337312,6670.870419087512
1241.4501592121962,4207.286460309312
5049.008751014693,5781.300612404274
2497.463550043439,4488.403536960291
9637.508162882517,4594.203403327455
8836.086055237996,5688.386319528633
2779.547343668042,6030.6756336179005
1664.7953014214845,8344.788445829607
3020.780814944921,380.6725805064348
2.08804239423821,7995.042634818444
1641.5410788055951,5490.926346151077
317.6927987258638,7346.25597005336
2584.4050060372338,2760.094007179621
4147.9812408126145,5455.945497810308
7719.1460696327595,1178.7649727162996
665.0645522982612,3214.2994201350316
5100.999381991613,1101.9459749474381
1697.7804014659025,8920.407658119575
9887.31971736048,1041.7208944705446
6928.441262293125,8495.804034701983
9418.445172194588,9531.356848902271
8981.42750316394,5956.883546444226
5985.456444874715,4932.583539822889
671.4437638419124,2048.0764226369884
6539.257263241533,853.5872357239582
5971.342805443066,6575.075864807668
2763.6430145391723,2749.3270243390443
1133.2017828138619,7878.526296244309
4087.979019847319,78.31567940120854
3500.1145795754796,4281.768672184152
6840.1211526921425,2735.745474036613
5854.494647608979,7462.527274535453
4279.257345094217,1971.1016842946437
8124.9032069738605,256.52503558719064
1899.700546753549,9004.68859790224
1613.2160312840483,6906.179663742677
4657.817874537626,9687.819384973764
7401.565651436816,4286.066639701565
9670.57687602023,3327.054566814174
7764.894652601429,8184.493968753725
9090.221878019865,9563.624077772933
7816.047507791929,7896.083467665274
1780.0449057492096,9050.69113806941
6252.160466241559,1995.2448457798955
9265.194680815206,6328.165255842607
1823.409059504041,9122.846985074928
6628.777189108819,1755.034554588415
9314.292987114959,4534.474364739741
2865.091876181661,5930.447726960102
7371.179559922883,8885.3694518743
915.4179238239069,6806.815325047734
3841.84118223442,5889.298963068891
7069.987283383741,7637.52879286347
4321.406272400526,2948.710841199054
9309.836387886495,4346.6492672392
7920.095569547923,623.1808961463558
4360.3443894732445,371.64449355411966
2651.3270303506497,9777.929731839884
9172.155552526177,8618.966503163572
4276.349645778424,2669.2986586735547
3142.7632971795415,9807.577498788789
2449.342383462304,2381.1690555817413
507.0135381603136,7208.963457226748
5079.815702537382,8738.90917029666
6890.657466830632,7583.311651239841
6711.444514911888,4684.498966331458
5490.708389380581,9078.776406524361
5168.229683294891,18.366413357121523
7935.567076442302,2044.986838466699
5685.040051319021,3998.8189118859186
9816.757645233129,5082.639791965123
5082.764035232534,2919.419425258444
2055.07029360248,9381.717790299976
7476.664520771509,5459.07746393064
3750.4021571404555,2567.863738808377
2941.4627372845257,4166.139208236092
4668.437903522717,2072.601028395535
7740.545788672014,3555.823187729579
881.2559066840064,4595.458340972156
7277.779458449546,8651.14671255739
7268.3511809424635,4621.9386484586685
6437.4028252351145,3345.759934152497
1781.2359344187446,6746.769457500878
7127.872225430822,7342.545891622682
548.050027160033,5740.932414768426
1289.4504091279534,7767.703808892532
5731.329525399002,8429.867974110606
8989.71546955494,8573.222776241719
2936.274770018021,6200.655015821453
9026.151144827907,1301.280009496333
9366.330452238646,6080.348680584991
354.62444076105436,9361.59545630615
6329.903202320895,4444.790856210226
8267.450918305725,5308.341703957665
3362.99127283848,8038.226375378831
7624.098636825948,2436.5201524881454
2820.108780284657,1024.9329171875443
6523.217214701723,4298.911437638282
7024.968155942649,2158.9309981126016
6047.862210990951,6993.422444686665
9225.892875507861,8185.658863796519
7857.851981129832,7996.386672306497
6399.84708845883,5552.417506392705
5294.521149723224,836.1404486056845
1316.3684764275818,9701.285595114128
1.8289195012199944,9.713671110670452
3626.2112403830247,474.24418924187137
9561.42610205537,3731.874423100392
7897.945402646464,3472.6993348687342
7601.3034644224035,3678.29473319516
653.8950454499615,1000.7845378863323
2883.759688306663,846.8638765549741
1260.784028894003,2433.928911657802
9505.664175690832,357.1596346778649
9824.794360526934,9892.915835258633
995.0781981738932,3181.646915467673
5826.05949289451,4967.517930986474
4625.107917941009,8202.222842722575
1871.3277203742184,5850.110956095801
9388.628027740877,2569.016753309863
4605.014800848414,7785.75267083373
6810.9292566114555,2235.8896080115965
8845.54736019416,9959.30061623572
2940.2539151883643,5011.7554552914435
2286.972320721394,6407.568528014539
2594.103161571093,8589.689580507817
7790.912939197163,5784.8515819665445
1985.984776632691,750.9634487157247
7740.494758342511,5603.595152975583
928.1788653504464,2654.2862144655455
3411.395374365934,8719.70153792533
1951.7689072125488,8232.69220141656
2152.778012046748,4635.0016277988425
6682.12869195953,7270.892203009108
6833.796733866485,4851.827648343522
7595.724095869503,9231.030802223715
9887.642806896665,1194.4057278658127
1702.5807004154026,19.656679980805116
3283.488570147851,2621.4150376856583
6831.607830180243,7608.785887160469
6240.6152714817745,6860.6783519222545
7665.03499389508,3443.803518341947
4192.190516341475,5773.848797651593
4855.27422868194,5119.113702837476
5310.726034101015,9440.82591032655
1018.4731499186295,8041.675875730461
4995.004015282984,7257.321904056946
2172.5181100412537,2773.375679709741
3074.7986321607923,3564.089704076041
3841.0093602205866,5063.511758652024
3088.6733199797013,8305.018242055596
6354.254287316209,7978.143561757793
4854.013577413111,8378.217211146886
1798.7538848406825,2074.7406928145574
2193.3272041649775,4645.443027412268
9170.092145811708,7039.163566048578
799.1344468294715,9600.597929439706
4744.244282218423,9376.874270047034
4616.491669773074,5293.0377972810575
7321.250119607603,1468.7843099106924
9292.097618502827,9843.985071773795
1910.8308129836016,131.52109811139346
6085.290190652552,542.9784162821971
6072.626594289074,4054.0052427812743
7444.896116294236,5246.8726192232225
9134.851375861328,9219.68177917152
2220.683727777595,2515.880209928394
303.13576300275315,6838.229217493172
6917.085556799459,6872.157804356307
1821.4905947964432,8100.98758729793
4098.754499608356,7991.809425011872
9303.822704881166,5509.222012665504
1040.3372435875447,9415.237693922027
6028.5266705785725,3909.0904330956746
736.0435857561521,333.88234258729386
8229.033330754357,1994.7264065799918
4108.5745056680535,2541.591306513086
4226.070670035568,9341.047298263711
500.67106896547585,6045.023328477093
9085.688599085888,4801.704722965413
21.83075513606969,7971.520369342348
7762.884198977093,5783.489582779149
629.0160684336477,8592.193914691512
9253.607454696157,6989.378843615847
8999.511133249413,8087.95804257956
6672.55696435085,3095.8174498114577
2303.2023972606985,6260.338764350483
3583.4978133550376,1535.9487150805928
8395.035678351485,8251.001989287488
501.29712999976374,72.41359920426515
393.5573479704668,6155.52769745112
432.3336226120045,2.576849612255794
9963.505348575745,7002.0325939296445
7703.878771611744,7264.984534468106
5143.932465296147,6168.822487086245
7401.623586884994,2178.7522057415144
5760.235107866336,2414.228317332504
6414.347780435775,4416.411621329685
9679.30018576152,4282.716864808289
7344.281125131448,8686.838348959063
7075.189981093474,8212.630342393199
7661.438156240865,1134.7350561859005
4751.599880542449,8750.349448274028
9991.175329010613,2594.5290618366166
3918.076060049104,9121.395014156476
2766.4920479794687,4150.146853918537
8150.440996661282,6507.53080105457
552.9597208893177,2406.5850803179624
9582.151271651866,872.1963355633922
7163.424631230073,9584.111641531998
8956.28770785976,3432.469112387695
981.981374586981,889.797830735496
9490.955795334192,9981.875202093288
4680.330425748131,1896.4064556082437
6625.025913983914,8511.828492627457
8242.436275101394,8867.531379493468
9535.900365022531,7595.258734618353
5327.901734598043,8071.790867012958
8903.746544760299,2780.083256150648
7313.780118886119,7766.816439003258
4116.80145196991,1862.5791683139348
7097.679719434635,4610.121647126914
6243.564785623888,9205.72985536867
4871.834313189486,4085.0915893009874
7082.557978944454,2123.060074613522
7772.535911014973,9835.936102824751
3812.6964748796677,4470.698975861596
3324.5289772017095,6390.998911191867
8202.767698743915,5111.255820892594
4784.610381534937,7952.733785308307
9705.853446205425,941.6891388142245
8076.536777967467,1741.0644932054008
9239.171560164757,3686.178931678787
5059.208553750797,8830.181052385566
8382.071102168371,5077.849689567978
9671.77296649046,7003.897381894745
5212.020871182461,7563.064230527361
4803.666369456993,2429.825584276245
407.21314467363044,2992.632923639131
6214.303485205881,354.31597518024824
3690.102479980297,1407.3052659752561
6210.128799407031,6830.798783163125
8758.68394777375,1752.5265573479642
6825.900399954135,7357.479368621243
9858.902274807493,5067.248264875419
8457.899390932695,1654.7380534733181
2567.429010423988,1383.9740266869128
4682.465124342751,4716.382098104706
5278.201418872966,7112.206804280559
1919.6902486185452,9183.714803909917
5359.127398271922,3935.3590713939934
906.6639669619003,8495.10424506525
3395.396056672387,7647.877801599829
106.58048424801225,1273.9201073418992
2184.078001541647,2056.252785323027
7763.854515457981,8759.64547539203
3480.1056765798176,7055.677808632611
8816.583505887333,1649.558314040841
9409.04114642714,6059.5615918970225
4394.9860868557535,1128.309781421506
4120.058639918027,7389.6355164489905
4569.15395257464,9173.832973935527
1100.3518026441816,9470.338361496031
2820.3655101117365,144.6562216795666
2232.8066032773686,7142.594893272485
2145.990107732463,1072.920127361292
2941.9246355857376,8981.854907312496
4235.27470103143,1370.4840829863274
9465.866923963751,3652.5050731184515
1775.5190922433583,4241.423989496205
9893.417548435726,858.7394478861099
4373.24635617676,4130.210925694948
5593.153427566252,2928.1389721385353
8228.379472645696,9443.790270712763
871.3654282122241,4131.998128501629
4907.963503812962,7566.951613712841
4896.151479955738,3512.9155515146617
6914.214575550513,6983.130006007852
5902.21877008896,2170.3703313665646
4011.8731667005136,4612.7456196125795
316.0804504944781,7708.342194853029
8186.58759172535,1628.0531717543622
2998.894182289853,350.25905487799605
460.48659471472854,4193.04284468039
3221.369847355463,7874.503549486398
3659.4314375871118,9129.221238107139
4294.901708629545,6739.311579736122
1003.9394467777552,1914.3855975641166
4493.536276926328,7664.668367288295
822.724304145932,3349.911483646082
9102.717888111396,5278.120185487046
8221.155655184712,9398.786212111154
4882.414564882624,7906.632340633572
9280.603929563564,1513.3186640657825
2161.070244001194,9043.398801725561
7704.373107960775,824.81904443104
3121.1264278314875,1255.5949062626526
7056.876675697815,9795.39377597186
2004.8437060441083,1468.976065469968
7387.916758506161,1301.1081455339158
2955.5976986540886,7315.2870807354
5395.723463098095,1011.879867929617
7973.437391898828,5927.4420096169215
5830.189352272274,5677.595007829714
1128.7910963734926,5231.592597523019
8035.104172583319,661.8104494210341
2715.5726462778084,7545.3018628397995
9850.479004611649,9488.347338858579
1310.0221356548047,1571.8735084633572
4925.5717613982715,2862.7432883156944
9958.65206538398,7522.773991476171
2529.3623746884587,7206.774563572099
9432.040232208505,7426.30305224919
8358.769756369122,9368.807358419948
7657.764275938042,5121.901676745215
8003.74748997586,3130.063398045441
9009.765857987384,1586.1753548289748
6556.622565702791,147.12713463445272
1429.8242142730332,8330.041619076781
2102.0769176461163,3530.3197484907732
5679.12976412828,4805.822179596599
5553.663323029765,959.7763318476449
7579.6336893652515,1165.0068264872382
8675.750799049447,7433.805675562605
7168.963177730583,2647.7724351068787
8703.135846064599,284.46267197225984
2410.9598570622716,973.7129973305858
5960.624922869516,4836.45950785287
4632.8130598178595,7578.600539967163
6952.766640782108,8108.397300073148
8374.42496928854,1319.557691742844
6015.570533829942,4651.634119970882
9502.64978560148,7441.953166672949
2784.089987417915,7597.687916520153
7381.150903105187,4404.2535660028725
8878.071306751002,1790.0306604740656
3148.3694251153815,4737.921384465705
4922.4258422711355,732.1207421765796
9126.115197144085,4099.022961547527
1354.27738432624,1713.5826556998823
26.257327976063614,6498.426338375138
4185.091755356255,7817.439463999164
6347.243244626725,5197.26040872789
2762.6511876867753,1337.0946115242932
297.6250715903872,7652.8546143671465
8344.95376798817,9841.403702827662
8006.877673155202,636.9897668098146
6040.132010112928,3221.030834835639
2343.9683707512813,71.87330651202694
9255.406726507685,5030.65581589495
4791.099532570319,9201.738072679027
2135.4602422727644,7521.191729332327
4516.96676759766,1784.1338847091447
4848.084959267743,7303.386320587811
494.1105018523495,3194.816002283086
181.1902179679803,594.6274668112806
5181.903041320247,4084.658884906829
8590.238156254605,250.6142585214155
762.6870735793057,2548.7676413913573
9159.814204722008,644.1187391655423
7079.511952003904,7179.647353404859
1280.3969695539486,6745.2498602868245
3323.7730426442436,5677.552499575809
2364.1090679779986,6117.975164119356
7228.937136841116,6498.286129769505
7956.7384063416,1660.8125517225114
8339.345550888982,3875.1617050246
1487.5847560340528,9985.43892039786
6778.045020476085,5867.489007349596
6212.478762082423,4746.499055658989
6947.594492757399,5855.633785731482
3307.18268330268,9044.063648098703
5036.59542993737,6496.783653835319
2700.571751562936,1787.7704038032682
2986.1606115424142,8307.557369218634
678.7646352392618,358.58131422442983
5768.006205667158,3545.408667117651
6973.689687298807,6282.329800120215
4560.963335859558,5001.936232794394
1967.8009699720799,97.79634969950158
2263.599221382452,1105.0064404192317
5208.568666207751,7353.5390330439695
7195.548002565099,9480.904746613418
1258.2335644189568,5714.359578440528
7742.027853396209,6431.850945395331
5995.408475569118,277.6106643628407
9005.41680021139,4249.047985665831
1056.718624593943,5937.763828355811
6881.070553902675,102.43046942368439
4574.430632764367,7409.444773697599
944.8344005108977,5216.059484607357
7604.446334709626,9555.881976797318
2222.101482009422,1416.9223544282927
9158.307386061275,3631.603246269356
5271.768677081238,4215.488858610845
4021.9641022130504,5655.014370941835
4235.120431130085,926.834106587795
6824.862287308314,3598.7391749225217
1996.4881840153503,90.20626681885635
3481.1009903878744,5091.474892801905
5920.978050790158,8787.970595312332
6709.707905448366,2935.2929179309917
6553.6158705135795,7355.683429139722
6862.604079016343,9196.107837138326
1194.1538786177596,3920.563745129225
3744.9707306856585,7446.9973921112805
7274.344260743221,4014.8126188729425
4824.697350673505,3905.736953002261
9471.338542751375,447.85055674368743
1604.908417631381,2673.102773936964
1550.4724703782501,314.9739058740586
8401.728087283911,5331.0882965311375
790.5286053931504,7138.755449889399
6709.435986943679,5835.426154743803
8902.802577456669,2869.8736805667836
5044.27528410629,2185.9347766064907
8389.589229745376,3302.0854193790638
9485.377359538432,3692.148723811206
6633.029038397569,9991.36859510841
761.4459979091192,1480.4793778856706
6116.014067517195,7611.457237870242
1691.9980752554332,4993.971724516546
4824.968223913598,5988.182847792722
3002.7294247722048,6860.292459306221
1250.1741881980954,9646.468874513886
9621.966258743634,2682.1300518605062
1317.7363707978418,9629.445789040929
9126.860119075633,3312.732537078539
2513.982746580579,2478.718280775466
1391.4540512487229,1620.4492405169678
2635.502429228401,2094.6882075407793
1785.7244339433698,3629.8205667886195
8790.16401858956,6200.450886865286
8361.14355146479,7759.843394204421
3479.9785057892727,3660.950023976973
315.0517450294954,1306.675120552031
5491.128966769051,9789.253921320766
8621.91846122494,6304.306357622055
1940.8086026326644,5666.785992277877
3578.3462942624524,5745.781630240658
9358.718201986152,994.4918220107735
1304.9700590752545,7215.20645219768
7494.83946041231,5823.186296931331
396.4188375676125,8087.141550526301
326.73305163367195,2222.6236628105876
2296.233091384494,9832.585415269612
9691.09860767784,6914.005451849267
8119.465081738272,1873.957424586703
3666.6949932639504,1495.653301586306
840.4706328445733,3643.7618281028126
4397.002573452,6653.417653685251
527.9536190769452,1538.276389492037
5708.747825175401,625.8333581864828
1747.9513055116859,4212.339879490367
9950.398137201642,7313.219928286877
6860.460291307719,3767.890898516363
1861.7797749559284,1174.7645197258194
9397.833010953698,2382.6998635309283
99.28070264115574,9957.615550315404
4841.816600541311,6155.360911741767
2563.3422450352728,7217.055151482905
5021.918322645898,151.64335429795563
6753.264430859634,4230.485256636119
6289.341025723499,1174.366161428917
771.0894922734524,7626.065808822968
976.8192332246795,949.4202820984576
3590.3496270222345,5341.5830436858605
6014.117086234075,1194.3250948465545
4217.025891159903,1751.7168638006042
844.4469961346846,4569.147976447936
4336.429747491132,4898.062363284092
8965.482244302078,2745.993558735127
1854.4504257322815,3908.437825632407
8900.651551288109,4324.988591574872
1554.5640736786515,7612.6488370118805
4197.881406074812,388.503489976606
3763.510527988976,1848.8270669583073
6584.430798508878,3248.066250837626
4902.659690132999,928.6030637584197
544.270307047039,3327.736068325485
238.28278583571728,2386.51544107229
9786.235703256507,4967.403582822123
8549.259297314506,4872.170764571515
2982.3867986464957,6672.507250832445
522.5270635164936,1647.6853846330796
3996.380532050848,1169.7855140491897
6257.126667655356,886.9936258107758
4979.177252694182,6412.5789936723495
9437.73414154296,2443.9786965060384
4961.619021979579,9518.264152983063
6122.846467173979,1563.7461625687931
4793.416153812998,4312.161505634397
9210.50748217087,1646.9480643573897
9175.747864728453,4659.297163647958
7774.053677926414,8470.3298605328
2210.4138567891964,7949.2703198518475
2532.383963997905,3879.339699997393
5073.385203635336,7048.007811342214
552.4297384605815,6915.005905829954
8454.040696816943,4509.3925893915775
3495.099086492034,5066.013037350701
7545.618106649956,7303.362561093339
892.7525459594066,2724.9596835084553
9155.32205034874,1432.114489697518
8261.815238401701,9591.865353056823
8257.984530906044,3675.2857572510834
6128.567873015225,6189.3194226040405
1063.7641709207958,5320.981141586313
7701.630695040585,4186.272612435689
9326.145763005783,5059.686781932117
9297.36998867472,8654.21160448369
3255.051228254675,9283.584323332268
6319.084327918872,5636.095604364737
430.7813270804273,646.5676243953877
2399.9876017308607,5918.560994617584
430.1443319541387,9512.63485438468
8996.472386932219,3729.3947334151567
7172.784513274452,4890.747109231447
2514.1884967518467,8314.857587020551
2622.730002536335,5575.596440539601
7424.317575647123,441.0800283442462
1337.1793941697508,7260.141484966235
2732.653729520458,8548.086235424431
7384.086920114448,156.32804570524294
4005.457187982765,9352.57915586929
9913.446340237158,2184.271113028493
4538.367777221687,8937.861006238662
8789.931299321512,2469.434720212945
1311.4717408496613,3889.385069680774
9997.62094451236,2970.7888499016613
4437.361221277589,9123.988739889513
4826.822466047968,1440.7850439087622
6538.469805195596,2917.3123362233223
7306.588082166134,2621.7668744838243
9625.058155913419,8824.650103739066
9432.048430125611,1923.3715079031588
6913.309717452171,9530.905041680082
7152.280930147337,4395.580106196012
6164.724567190546,5697.442729550272
8391.966596330114,9131.634403918182
6626.163977845242,7534.667194833324
842.3563117251188,9636.637443735302
7348.496500152733,2158.231538287765
6509.320735186743,1889.9398264910683
195.69892536374422,8518.54787967277
9413.603174465816,52.20806061918548
6360.45559813769,3423.365310719518
5483.620274191306,9525.178013498085
7265.492809136637,5555.279838563416
3602.7248808941767,8083.99592478415
6366.045454941919,956.211212782574
9141.440302950467,2794.176735738122
8675.019921717654,5219.970575832514
2723.8460944457875,4344.313859535506
1240.8265792895468,6140.4255040374865
1047.0718127638345,6100.131524158405
3036.6876216485252,3905.0792727850426
4053.367199296366,6797.739305173215
9300.425075383251,4644.654239018027
7113.4021014613445,2776.467952680296
140.9039462354833,3040.1034089229574
5930.048273962354,4864.558594086859
9304.595008645898,7614.508297968372
4884.743343161523,2446.837087899222
6752.087171469432,1147.0775456926308
9811.965860339335,9069.412402258498
9378.359103398368,9723.902591527216
6623.458294607779,3907.8248610131996
9207.123897798161,8349.81337874539
1907.5358822482335,9272.231605502244
6758.135721367663,6642.727137429364
7164.538358112462,204.0041303661566
6608.0611480107145,9996.666061727748
6310.141384016665,9175.174850299192
3204.510090549213,6341.526955716032
3131.173987679976,9800.11277789548
31.96282246817117,7066.491867471182
9159.87591194003,4156.886310864006
6652.245871112656,4681.02667644974
3647.0272026076946,1524.01794504885
4719.002053445092,8081.684197340858
6960.13093655865,580.7418956636878
9909.276102925403,2584.2518629389333
1998.9917992640794,9690.199292456404
4221.787515403262,2244.9406720152365
4476.702050859868,3997.906575041531
3678.3001624013755,4051.9784859777606
2918.0108472443676,5936.048046445868
7157.980039994674,6148.5897425501025
5235.861206940898,6200.2792671642155
8160.204614723751,2363.15742191882
9849.975218669095,2313.5279418517507
5431.122351060502,7202.387100893304
4191.048638951367,2026.4810630459274
3514.1535791546485,6926.352684789255
7826.095313304299,186.40848904932338
656.0125359401347,5783.719830038823
6789.796769104662,7456.698337961822
3424.3967275584696,9216.60221718595
7782.782778465532,4502.66457260183
135.75354499824942,6082.61502866619
5527.786050051935,9232.769680984416
6344.670977442121,7522.965878134905
8911.645223949512,862.7368214682896
2340.3927269912874,1346.0469114775142
7131.239031333334,5599.412709940237
2247.128269427372,7808.783390464299
2645.2907413471894,1379.9008290682623
3728.053226847492,2935.2983797178745
2272.872848410823,2836.883271724585
5903.18984034115,9994.067738073205
1378.6664517778556,6931.561971815904
8245.484317652124,7417.970946239047
2128.296411263515,1435.6849293897367
1668.8641258324644,6378.069748785129
3468.603195461006,9062.76912383934
4893.9971060347,5515.362899514617
5916.174972174604,8767.669725496962
8471.850665144388,8356.150022508918
8107.234455523461,7594.396093326189
3567.8674012353763,7726.441317238403
2633.309261173136,9377.314643412223
8169.017138183624,2913.9898719240477
2404.973797359362,3612.4504450580584
2550.6907053294112,2643.9777513305894
5804.4541895702905,6068.619957024188
5043.428613249826,7839.8420602511305
8631.927709551543,830.6563575406467
6544.598734621349,9418.349361467262
3650.6133647274987,7218.7046243899385
2948.3612139318693,1371.7605323057014
1726.8707966699603,8215.770375548489
7678.080296521958,5582.423672271504
1917.781086743252,2531.392314797283
2223.6128688195945,6286.3628231892535
3058.966073627676,9499.44220929951
9990.366879015146,8828.171946667691
6813.294208578864,9848.144673269337
5764.38668233508,9768.301387188985
9500.354560452884,3780.977568055505
8713.463860026774,1714.061254121998
3836.8588960504735,449.0718827860463
4821.669606852272,2978.6298021748125
5407.177028853147,6364.992651542963
2424.4759699674746,6753.959044592495
3162.8225406171096,2130.3208600187363
9293.026879732603,2896.6126048016263
4816.359112781011,9190.894310110612
3190.844359182413,778.8734658779939
8412.878305749366,7398.428129747865
4813.656517194913,5960.678181551352
1743.7042920962342,6541.748470511512
9184.84436140384,4318.350724740421
5181.319301547286,9773.966964953754
8908.744799136755,4254.6483275725595
9169.001021761052,2344.082448758329
671.85413767891,8572.341838775077
9905.109031933873,2115.0478581772613
9961.555422877136,8918.31750896795
8546.480067104701,8625.314597551804
2453.540324326784,1957.2988292826553
3259.917430087763,2880.0864704132123
326.4518878183009,6695.012600446566
8019.413262931699,3930.012379016188
9213.693119598001,9221.920320266529
9361.27148974226,7995.898075472675
8541.90309295265,9842.263915194802
3436.64697426633,189.03731606936813
1311.100670977262,5282.644814149672
5391.7155879572665,3247.651505943625
6876.110375209471,2356.118083126091
9085.28342699677,8048.3122622837855
5772.327597914788,6222.399278394686
9124.03245974727,2505.9225798458006
2595.8512774219475,1643.9415270657264
8095.750755220679,8823.519658976831
9952.7880628815,1453.6957411772232
9333.673492889984,9328.55364615953
6306.688877608632,7202.0061165740135
9156.7985202996,3080.920678127005
9513.984708342372,3791.898479057301
2902.3617785121123,890.7368145847095
6838.868513971429,7659.642750318913
8378.631808226584,921.8001779915307
5264.078849592813,9298.580649925667
6005.272755308104,7884.987233262901
3962.0705796280995,4094.8448732433208
974.578285118366,9229.254176936556
3406.650908876542,2039.697868166488
6075.829670779336,9794.526528431381
7337.600905286912,497.17038933246636
9757.407646685679,4764.190892342894
352.85772410039607,651.1538550457196
50.416352232719454,1411.906761565882
6382.651661615161,9648.504689653506
2792.1219542197728,8614.005782757033
8012.102126787614,9462.781977195835
5694.7693945680385,8328.305802296021
4192.544724165366,9761.087112579526
5392.361708548111,3339.7290784944576
9699.681038772509,177.13866077102347
9445.666363221635,6733.456770810405
3225.3074541426254,3671.080832455571
9630.81829047679,7336.083343656083
3286.3651489038302,7898.758331015302
1180.4948827935903,6561.583030475236
1101.514597135108,7091.375707121448
6123.054816499768,3937.87147131617
1854.9133553006513,8236.285396265812
3951.5138193897646,8820.656631172846
8779.277619448038,446.97877236649754
412.48006537186853,3909.563241943128
9061.39151051416,8629.336353991494
3044.2852525949647,5887.936646321683
8108.196771460434,8716.680406248428
4415.341437323315,6149.365390336769
1803.370086033106,3591.605496292254
4125.393817163984,9263.472438715458
1806.137299602356,2391.978735081921
6183.752321621942,7385.179578588946
7953.22615228489,8894.701629084242
6173.886683114542,8550.469451599663
9847.428236323485,870.5835429060982
3625.730887004103,8564.413175522704
1683.6338019096763,6575.258120770275
477.4371543451028,6491.12126906632
6953.124798044901,9515.965255866635
4574.396216167952,8160.143221014912
3174.61804008043,7677.863029424856
9653.194916680119,6820.3651771439445
1081.7834682369264,8719.70058732388
9979.947619190641,4848.478630489409
7779.194922724521,1120.9163957848489
475.62624802439115,9862.43297377129
468.1993354410607,856.2721708331688
3477.8593818101854,4329.8478233425385
7916.8057058612185,4655.251228526346
5011.751566496439,6570.811188837953
1274.228228426193,8354.404106739876
6008.638564675071,3220.2642489748555
6639.454588499365,3791.2000227926833
620.5946867872048,3494.4580331195716
6538.6355814092685,361.249798441774
4821.731545014267,5984.176187920305
9804.234588580228,1797.1856373866124
4891.300935956323,7070.392858586862
8434.892249186405,5084.44541830656
6953.07009407792,2784.3873917581195
9350.70944274668,2220.1797778035893
1231.613359031414,2363.233832261132
8529.479744233795,8631.606410388844
5181.402363460933,1390.7040188106935
4191.562041112936,1422.7709185100146
3577.00825938854,1929.0978640688006
1212.2024313103086,2173.3906305318064
6963.042437939398,4754.459503022669
5391.816614107505,1609.4791713212708
759.0548968975053,9442.219151594907
5913.299629017945,6389.184195040129
2189.6848885216514,4622.079831723329
8064.943807754929,5947.885042378771
7342.8310172260535,2799.1308428049897
5579.625534795278,174.04928920442762
7262.121348544445,3145.1122417089873
1626.647448661298,4984.974921231238
2651.273064050559,3043.4011770704838
7534.932933752399,892.6456854529353
9224.734965810809,392.26555732520876
532.5714290670091,4436.484027808821
1302.8643021132746,9647.8499904558
281.2823346467397,6728.002500091092
1123.0152835779506,3414.67244428074
9374.983103637227,3569.523966034943
8664.177214267826,6874.857090402244
8780.123163401578,2507.840653124885
4357.41584156816,3340.8270013866095
9558.125778156622,8797.049272501003
5753.335142199768,3721.1812629529873
7420.583853996603,2490.5196686753816
3288.2600654024686,6531.920114511482
6860.346617911702,8672.11323782116
3252.238659072063,728.7397402872309
684.2658083190468,7141.068369550468
5257.1044737556895,6515.885790205872
1516.6244747096068,6282.283321437483
6200.012265776024,6840.488440448871
3086.994576321994,9774.394356205461
5303.598809123597,7987.267175727031
7640.263986919581,1548.6670058685836
1922.0338155274242,5360.901400867778
6556.467076138496,5054.618999308086
5459.104417499194,391.7152586593453
5094.866553648526,4703.766658535338
3355.754013019887,7786.72769135595
6265.275603105709,6445.532917808469
4787.955811136033,1211.0628364272536
6907.677784950749,3503.0350657288213
1691.5612315730943,7340.9681883483745
80.42155331190904,651.5259597914203
7421.439261073902,9388.4081701794
7508.321323656285,55.92717115766921
2165.455167039095,2305.240089579442
754.9058822191945,3276.6549261840137
6744.475345615493,500.60677328686245
8771.74915863771,2423.78057625363
4560.172252491261,373.26710171261215
8561.645314554464,8373.149359819248
5689.175106537144,9743.15145922841
243.81495599810842,1249.9338232463585
1299.6740477526946,1645.6648532308782
908.4988326130083,3371.6808535603313
6180.479350353629,4669.207851260965
8187.015466154678,5431.847196290271
7897.216631507833,4403.875618258893
5380.5607799992185,4366.29209326342
2741.1412356679334,5614.13206185391
2196.54898942512,4321.4388389269125
7294.331657305808,6648.020920768962
9546.74716356417,3940.1279544644276
7709.568401458992,8621.595228700231
3434.125540980558,2717.925000168847
4641.11552626548,2259.967540930565
2369.1024208731005,1387.3656957361247
5587.496702983681,2693.18595299446
4270.740766437717,3762.8156276607274
66.02712724430582,6972.182675560591
4590.576199880689,7653.040930788279
1452.3060070713645,6906.928139823585
1641.1666503365107,2842.377725069275
3952.0564152916636,6024.883100647841
9184.184308939994,6615.1062994054855
9158.955082578606,4743.574266352673
5567.717817865865,7378.81608631748
133.6928716902819,2148.487275026394
8754.843477899592,3412.374433364195
6557.610894810337,9974.692332419076
8088.842378207564,3181.357782663421
6844.301815825054,4025.4057482892727
8917.003682912207,1581.433021160512
5265.171003573547,7980.3076130727195
5629.402427565046,8631.90272124524
1845.9283518626312,3494.4722774819147
2449.8298285933206,5770.5259021060865
334.91992079848984,4558.131764744907
8118.497208777508,2740.262460378178
5441.624259885831,7.3779345570545996
5641.606106793691,6851.181859636544
37.63948895382452,9249.219338527302
9980.173091743942,1941.2519066245914
2566.294077695499,6912.3723477263775
669.5676066978962,3624.8131824925754
483.14504602870454,5840.2633206745295
885.7551743141745,107.68744957970755
710.3644841843649,923.13087922552
3355.0748046942313,7422.733759531833
5649.1999700957795,2523.5545784248116
4715.411266507309,9755.60811295368
148.0907533294651,4854.841760340523
1837.2849824110715,709.9593337438803
2485.2692846133996,9471.38638438278
9206.648951168378,6138.044432430222
2966.0950574102862,5491.597435563659
1503.1382888382527,2105.9347069538435
4272.945875869728,1807.5363580644078
5444.745087690357,6118.593649238613
1755.622373894068,7748.1192931529695
2338.2825439709663,6321.300599886177
4278.814973453483,6937.770314695874
4172.259712988866,2477.265439295595
3652.4190065918137,6689.350487006487
8464.690157928972,8340.88948044261
5743.133881956598,8489.741694161426
9604.696229889256,9194.983403883227
6269.452459565211,371.03309968831155
6779.237356105941,8977.66733532244
9320.907092975685,5668.466292751698
3400.964773582631,4739.470994695612
4397.577580563246,1531.706149764519
7792.051887971006,5961.847289338864
2576.927103591248,3258.704268435821
9875.121177413428,3391.1324065785966
7333.8364035250315,6070.26875265645
2645.553705748248,592.8418405879099
3074.5481540238616,9816.8674985332
597.5327612795267,9666.69152163165
4180.407064688787,6051.5538826369
9834.138160311395,8052.03987068911
9920.548273612227,8123.215679504139
8404.530225129407,9004.796045067707
699.1547124278829,2190.183775594171
5512.249897913291,8921.572183447639
9337.44535043971,4487.402570459235
9492.609038536795,5725.718866556574
4280.803520740375,3470.2730160542474
3450.3328518385124,1137.4927702807724
1438.238349570381,3024.446125384871
392.63739327929926,832.5489589317781
9754.972982943273,5378.2217327645485
2625.2084554020926,2374.7555796088905
1355.3951997737013,9568.566241837523
3520.82085726507,3028.4041180945974
4142.737292568193,425.8369246582117
142.58900194368817,3167.1005916296635
5318.070911572022,9356.087255498518
4556.029789672424,7736.4308173664185
5720.7771600291335,6915.715558594031
5721.094307160969,5415.043919605482
5505.446102332117,9229.273682424735
5721.980523706869,7634.907018579977
8093.102099849715,1620.2450996870775
9297.408728242463,8583.327702358632
6704.488962305845,7906.410926355357
2415.795271155208,718.8541074051169
3339.4961202497466,6486.657567450273
624.0834704773124,6058.273015146605
6559.207436489469,6932.682718914904
1023.2827151615965,2629.415265454299
8063.284929025604,1803.2053773776902
9607.56591932163,5749.170289379618
2443.3581354077082,9934.001737443916
1351.220050971209,347.6515612559172
3546.457247158117,3078.129985634396
7686.885355164972,2362.6666675861507
4123.739324228723,5899.396028294048
2765.9759693232054,7388.487121701687
1018.2033478459085,7202.961026376793
621.5131989483314,736.6273688873138
8255.456700190985,7687.673530991124
9522.120509754943,4538.776923815292
208.42226721228153,6479.506841980424
5898.0714434339125,8242.703081218866
469.56961652248054,2595.319536024893
9957.709005415363,5150.7126702908945
7236.384020101156,2824.7821356522563
781.2108823771358,400.49847966564636
1694.3658841033339,4080.1451584275105
2168.7538227851423,6012.53945207572
1507.8870994756667,3784.886304860597
5842.494624436682,1149.046631229914
3770.7179641142343,6770.053989067547
2164.887811916465,5262.450623472913
8212.656308492311,6172.258233882527
1845.762941083955,7133.773041729697
7688.59881932254,2060.541248229376
8518.379085812876,5267.81351917174
4106.30705848068,8283.361572531476
1321.330786853937,8661.39109780628
6439.804874456327,5761.159281844719
2094.0015834157975,7733.05530708006
7448.121809641687,9058.195711029777
5880.662744737071,5042.566430510129
165.55301378653243,7140.543485824011
3895.1235032436516,3175.9307011654337
5272.8665483461045,749.0540325973161
615.29638685898,493.7431176822482
8314.803380481459,6699.495805324306
1173.5108563042163,3005.7553689749916
4942.096930086738,5852.179151599704
6434.640804768157,5334.210967203504
1662.6523360106337,3532.158757228768
5001.047381645049,6850.037294002568
6110.181527619873,121.38279385249695
7889.991438431585,9990.52270032248
6303.650892952727,2853.0721644410705
1435.2242574404706,4168.398839205392
2468.8035190250835,5405.783539516868
1193.9631771964266,7184.8760804389
4286.014685638152,9838.797321111591
8110.390426036774,6152.805820935264
3413.8293092784534,8748.645991495152
7885.84762692569,9812.116312749984
3783.443673675102,1202.5120757531572
633.2228086741742,8581.752819457422
3129.2973414493595,7438.822984836253
3627.570923124681,9184.168317111897
4760.380331265306,6656.008504698179
4997.5631370816245,1596.8137315459774
3582.261383073984,1545.3862273807551
486.6329524871715,66.43542100007949
4016.971400091889,6598.7296339033455
6781.406294628968,7992.42794951523
1802.3408986268985,2798.421004499888
4923.579353640994,9217.245653878628
8185.592199050963,8777.52506710587
3908.7761011731745,175.9861873856372
3650.202871680153,7181.993769449947
186.7728639804944,2985.0595486882594
5542.079112644589,9640.512404166433
2939.4164727977222,1459.304655511221
7962.167715676623,510.48052540698774
8918.23470534395,6484.272480518856
63.64170783375145,2894.7894747470527
1085.1173940330139,2903.7181700725955
5489.36113598671,5672.903091412677
834.2975543552478,8433.524525414947
5538.295787333914,8154.727723054534
6528.109177892303,1251.1107245291619
828.3425290018331,3661.7333265505727
5428.8367588830315,1403.361995536303
3730.0560425194585,8137.518668706396
2342.568713361175,8382.332295350352
8366.699531955279,9167.438473280226
3617.4497171820262,734.2612646487778
2544.537520984027,3566.672601754216
9010.271410902338,3863.775615589752
7482.738953172517,4338.462086113295
4475.840919845282,2823.921954990851
1716.402602301399,2854.1597984761793
698.9978259929263,8504.239541372997
839.473808511233,9637.274611471963
9608.746632188855,990.076221994386
7120.53079279908,7218.634257659939
5858.4765363776105,8407.737556982951
9937.481223868435,5334.987175995521
8233.480391775545,5930.569643347312
6166.171565766261,9505.434153586642
3596.813647372472,4832.539002984745
8940.192508139864,8042.375612209304
1692.4139148119377,9805.983641849523
3171.5858189731184,3196.9857034037495
7368.31081074267,3152.592551120602
3364.0149080658853,5817.554730823611
9783.489631079758,3245.0886350532746
5156.060774789403,9299.685563231744
1520.839823212109,5420.063456780696
9618.650178576247,9161.060687060206
8768.770772911612,9611.348984003642
9362.49683111347,5756.805307359725
1334.9701354688782,1743.1593589795602
2179.2672372436773,7150.931602627342
117.36449608963918,1351.5678397568608
7949.309722842617,2161.163745505088
4575.7209216239025,3758.5817379410246
7007.463616791235,2660.2889709506717
955.970592726788,8458.420029178444
480.87118286295083,6374.71539042411
9238.63993870402,1052.094752706396
2487.482942797964,3914.5242765302314
264.286339942863,4602.72871298843
6887.798745679892,5405.517053110533
50.16463717167574,983.2528012758046
5219.588853608764,1014.1208418659342
2445.836539275502,8168.756958862799
4958.973799212413,1754.0572239889973
1188.0831718276163,9249.113836257164
1563.3068654895487,6744.673235888037
6767.939049144816,6241.276713499954
3806.9394850788917,5830.704051226317
181.07536829142455,7730.966925095986
3583.4533495544474,7142.93732267739
1890.4495141099376,1646.7364112343264
2184.9969065070527,3984.991229153172
6072.016682379137,4406.578243666917
7027.240788536873,7523.77364982117
2350.489308229421,9545.23330343613
3429.2275170582375,2266.467749786667
7888.6282996086165,4950.085773349333
3346.118802545568,8108.072300464321
5695.576401381476,4390.783603231108
2601.290961942065,8533.803292489463
3311.5538284804015,6680.23990456387
782.2144549340404,4211.303814425934
6357.407787333916,7798.851157499544
8453.958518292971,712.7227068304597
1904.1361551548298,7185.590502998224
901.6134198779313,3972.1193886639626
949.9477122701494,5750.353734793027
8363.236590895356,8376.809634419798
1102.5676729464428,2315.431234423954
7621.800413384612,2056.846138824241
1805.083007254611,624.9941865990317
2206.771429177353,7978.797238008722
8397.471463156873,9908.807450784889
3983.1806411474204,1324.83893214679
2365.2763425051803,8410.016199009779
8809.530419467133,6941.426452769455
4566.602291551888,614.3884470195859
9685.720581640224,1509.5806197772476
7503.1410384429655,214.6712713136445
2920.1072602071486,2836.5721560136403
4854.97336381318,4011.514088423166
5359.086447967005,6586.593405637285
3986.1892125831887,5373.356842181059
9221.76437777877,2905.394786987904
4547.456155159987,8427.657850729956
2051.4750918944756,3978.639908670839
1616.7844543042643,5051.293862730064
5205.526948142082,5537.356249371022
7093.169718925976,5850.819191323498
2448.132199242453,9770.226303642952
4579.656296686052,7001.6723070217195
2770.455682355316,3371.232087821
279.3345439953998,3321.9380241615827
3944.352548171546,964.474110318817
15.866549822182163,1134.9693536037607
6653.547168442211,7475.4621767225535
7230.886858358803,8411.387991422205
6399.173099664697,4980.297801160011
5563.429723139599,5534.714262197275
76.57751210233155,7357.213289871027
5864.951228600366,8000.500259756138
325.4459286601519,5232.070402712189
1814.686548206116,639.360710833513
4762.787283703037,5892.4467989322375
5971.457372579206,6442.159835814872
6922.451457766685,3536.1089299710025
8565.500515935313,3619.593380910552
3173.4450995696916,4813.5654723943935
8535.944268908428,2005.3092371493287
3414.348091184747,5195.125275983965
1110.3280133585492,3986.073225885295
8734.337873958057,4837.296677550684
8898.063596404774,8743.216596298615
6637.212608554199,1639.1252184319305
5179.561053143406,2824.0030381282277
9748.433922715389,9976.936783128756
8537.186443527282,71.49496395108757
2260.3164020758904,6170.984841244601
6495.433323526369,5627.2158575685025
4630.966104638434,7716.278095104465
4014.74706643271,6665.73234709304
4251.382077798776,1012.4142578356543
4249.335504417098,5385.141788776155
5969.17785094893,7636.100636733616
6557.733220649592,1184.5175674112252
4181.553519226459,9898.961390044995
7564.172183819701,4734.810648944406
2502.957811486538,7144.051073363211
5208.029574013068,1336.6706990868693
8755.990929921456,4662.315475138205
2448.3853026037796,495.23277108180497
9349.151579813162,3426.226091398428
4483.63227364368,7390.148752482064
1890.3980756060246,8808.446322387314
1125.694985706125,1.4048628618368308
4684.760553406929,8127.492717864427
8107.71224206264,3662.10651007724
7333.194613295195,4999.795727608597
8054.19560587774,6549.603897674884
6709.714732964873,1354.9009511165377
6063.213865675675,6953.031281283821
7470.243095552116,9819.095333042134
5773.114348262309,809.4647965940471
5318.694110705154,8808.1178219175
4975.457126154197,1249.7553997940392
8706.782068556371,5551.551578233622
6437.174457486393,7853.904883880805
8007.222861902306,5088.337182396878
6760.915435878878,1220.0440502630804
1472.4791939211045,8382.502744164021
6169.023635017109,8092.454205889866
1735.3385815472966,1860.2827687671586
1809.0428550924044,362.83576000041063
8479.190815887727,9892.322789409513
9075.458194050372,2503.8686927810895
3909.8980566163577,7170.717067537385
9537.057236191495,9658.747575810457
5875.190136351312,2990.4658178644318
1229.2819913134333,5630.62211148572
4054.74199372004,2116.4218556132687
6674.174222560692,1637.2754798320677
1552.1147459210981,7828.138932074363
9545.358186278494,4387.800531489396
9097.4504857262,2856.8147359857276
853.2901511084268,4328.592451969719
8630.447485165376,4714.387411438029
3831.3702434206807,6883.3193955913475
5861.590649517697,9719.033422769891
9158.227964345384,4727.392521349887
1125.94678054171,7833.862282533986
6065.2180449343605,493.1543788183734
5827.686639141284,7113.136908547489
9636.003329660804,9624.760202324442
2995.799888392533,3761.7247798747244
4414.615602522834,5363.041391471731
4661.718893916374,3726.9629073609876
514.3054006791658,971.8129983016421
5940.434295023869,6583.107240700018
5228.503852816078,4536.373109869674
9127.417933056133,2639.247111017361
8661.779983992712,3342.615366537266
9144.10509148558,7802.871901049791
2793.7384084558626,5426.544828315032
8439.642602494274,1876.3556312398177
1259.272680801683,5012.101368139447
8074.9052877296945,4742.087830410382
3682.21278536622,7386.300659787539
8787.390974845288,70.3845871527764
5855.346183174261,3228.1456428812503
686.9439349062834,4897.295159212168
9385.503422042231,6071.904272931882
3460.440878132024,7826.216128136817
8393.243386316282,5007.144297356473
9976.407087134936,3003.5131517020363
1971.0508203969257,1367.845336140131
6150.8534217422275,9309.748168364014
8091.4138574175795,7674.742491105142
4268.609151597874,5373.313928904211
3349.287001458733,98.35088511182532
7349.893307066433,4572.899303733957
1678.643009415941,4468.621799787211
2503.8085888072037,6526.25700057261
9585.279684848916,7160.209655101792
7314.7401150187015,5051.424475996327
2083.365412592703,7647.906505051879
8531.613685082752,1784.1304455152128
8183.952607892754,546.3016722864788
3283.9753939348393,1508.4873742241123
4943.912068701511,8497.153625432104
5529.530487963227,3574.48707308872
6310.276320862798,7625.273368391783
8960.311268895366,9690.164794521826
9975.491076716571,7673.832860397115
3942.1712967240273,8461.46754314917
7846.093217426331,8786.811013702873
4157.760635870895,9523.916279203513
5997.745294477268,2961.4002470604937
2599.356968398818,7056.840787854972
7003.097491821084,1668.606470846481
2767.9771984219515,6465.982777774197
5699.039165477181,7803.2121941397545
1739.180189527214,1123.7691117308868
5464.22888825011,7277.77989659401
6551.191047078096,9416.461069718982
7655.930418370816,7247.126436989201
2482.120403258062,2047.6347610300138
6699.360161602153,805.0865616447478
5023.0524210433605,7342.410649132062
7062.577426905261,135.28405344478634
8105.7388353113065,2516.6574060393664
4792.500758675302,6067.61494876478
325.32560281043123,7239.095548649589
1266.6706654033876,7289.701871464969
6527.961536975662,56.01433974331327
9731.507419928088,420.5985396450751
8075.244957852973,2528.6872650962387
6120.910631493929,5070.136693490112
7031.892127965784,4806.4063950216005
5011.769468157525,4406.367930810041
6203.701077235118,3411.792979501169
77.6136083503065,4897.809161165266
5599.425929405496,6710.125272160447
2864.807735568472,2861.48987042654
5737.867603619151,5720.048883662185
6100.173056064229,6417.926697326951
8040.366587081215,7098.995478124013
1373.7594248946727,2832.065914774662
8019.2146772993465,9929.13001175494
5435.886013206527,5974.643756396109
2627.10846248277,528.9466678533772
8595.810569232526,6347.775899671006
6288.136693859876,684.7765182389176
9693.133225168738,6053.704465967584
2437.8036668730774,7433.174469764164
6987.889197498273,7463.332298517779
1121.5286109208255,7839.542188393056
5430.54897058849,5378.365693010787
5430.140386873561,2519.5587727095235
9698.528079858275,5236.075892982942
8561.802649244546,7420.743253114647
615.9316408441995,9527.648494359546
2221.393027785854,7241.205784123283
5554.867245727591,3547.9629075520857
3464.141884008114,3657.0757919298003
137.975854880501,7786.53947691833
1995.8166489436546,1733.818414429633
591.7898896869633,4867.406174111571
2016.4110537461245,2607.605010052416
5086.122047993159,5877.91556087662
3964.5959020232704,9471.603653910632
3865.538895688795,2933.990558969972
2194.17636424171,8382.674663977223
2737.687000620563,8423.039105010324
3094.6005369545737,4272.816750730189
3568.2703712242724,271.2944238604431
7466.146198210116,7360.578330876474
8198.653899915433,8461.574583217727
1356.6400500363407,6609.685366018399
8281.17979741842,7697.778687479511
5950.216243506169,7499.952128995571
1059.64736028473,2429.874182136571
5321.048427097158,8405.410997972083
9306.593542113398,8510.76070284214
2955.5386865926316,401.41888566457175
7520.0108615569925,689.0996931320548
320.45387837230766,4550.350043781548
3702.750204340293,8604.017052023193
4346.614876045036,8525.35123308873
3207.944902761862,1123.4792412935979
8890.29906041572,4897.528436598256
993.5990531833061,4558.65065602556
9649.849034196766,2213.5944421347062
2688.183425622317,7628.553342179571
91.74490095167465,9857.41766664973
7483.261497090332,4642.931312372925
5453.574223837359,687.1742014709104
1910.795843881833,2052.702277257269
5171.236009113764,8964.298137063506
2617.5052669182464,7450.77838468812
2505.2638274444485,1256.9199875546021
3921.227980581864,6956.465172848359
2937.3018614073767,1365.1714586080855
7746.696752660569,5691.888963955879
2233.7003941223843,6001.231631718206
6272.543760417396,9468.68755926953
7553.8367924433105,5105.460237415889
9382.402798123725,7765.19612912865
1051.3647020924889,3857.5029412522877
3804.391191092813,5689.452660212017
136.6856278833739,197.11963577984992
812.8739180147004,7874.951745048584
2841.723118972087,1529.517848062255
7120.303678449571,933.3702998646731
3996.4115054391136,9708.51838553136
1259.3561796136432,1276.063494694485
3647.9929702936265,9227.629673585754
2714.6195667282504,263.25506994036465
1829.0142774446306,9950.209279983204
8145.305313349982,9226.299688827605
3350.399461340455,6252.489353919698
3754.875104303892,4467.899001078129
4360.523267153789,3423.5657397579675
6363.897756192913,2002.7293972329242
4777.607027372593,4470.338252681288
3985.884299261273,607.7390926197623
7644.224279293568,2206.773164414021
4715.301746227952,1527.9367231819508
1209.311279524239,1057.1529420745674
2110.6826145295577,3460.871816569433
3476.1527964656025,7211.187879092991
997.0306443874732,7599.980209925255
6240.627607607593,8781.55441823307
9629.641494316806,5222.022341202595
1122.7929697113093,198.93922811984876
7763.569740225939,7127.400759332744
3056.241189548298,3177.1303228342085
6112.014339586879,5444.620339581217
4898.844391868072,583.9263172634934
3540.7492062156875,8346.835560585749
9220.260215529825,3281.4066300947898
8936.843088923675,7275.927685266722
5945.23884468479,4444.725018412836
346.88624973970406,206.91752164262334
7811.937186856609,3370.4002088437824
7826.808917477113,1899.574851013013
2453.206149425694,3271.635370161697
2918.898560764975,2439.2583853456217
1060.9645732160877,4474.916812691807
3676.397069580104,4232.587691382142
718.5147033309925,1258.4778153465247
2022.4427636959342,8880.102495118676
9333.55134032967,7183.0109184402245
3311.9824617230397,1858.0012747343144
5114.662688417488,6713.239734874028
3739.8162829820512,6459.951539806221
5386.00218995921,7709.836631987843
7134.295394452856,3766.9665964451515
6675.353396533328,6704.483741491012
2441.044973270665,5063.575267884801
1909.3081022790225,3086.705566406085
3800.91597386952,2100.8944267973275
9264.985251326914,3806.142006734369
7224.762205374164,4452.8772534276295
210.57817198198103,7466.860085836576
6953.557524901055,1261.3894130530734
9852.074898027782,2952.8613886145426
2085.626402146403,2048.126903525078
896.0032913201643,7987.61932862581
5352.2540920275,5037.239261025727
8917.36050236833,9786.117937925344
6998.959319921567,3662.2819800001516
6817.318727189755,1588.320315245485
6321.789779897309,586.6876146997669
6481.751625184084,3649.3949783211797
453.66488242874146,4387.71067516709
4761.776162132728,9063.575878838306
6744.483183199001,540.9680888644131
2192.8260737961323,3734.1990178288966
5132.0262166259,4689.176849561156
8919.176289917083,6615.364321546845
2280.1146218804247,1971.900905473597
6849.360645381789,2829.6743777968604
5389.530452230775,3016.5730629010136
4425.0064344759885,776.7434577802157
8691.956774646678,4336.863394742355
9590.939067716172,2489.1296767304784
936.7618407504996,7949.164714363307
8397.802818762917,2878.78720183275
9953.16750320588,1704.1100427828183
612.7084224527634,8959.207784563594
6791.768458463245,3269.404148101347
4786.732668954676,9987.801121661705
243.0633315844366,9704.325942109857
9457.275975004553,5500.976111980842
3326.1601860716096,9932.386609336016
1449.1019011057037,8586.132167543772
6156.594600618401,6072.607943536889
6430.86821838786,6062.7113144245495
4823.511373889808,48.489535397040484
7985.234655786892,3168.127664531922
7560.375291689612,6543.718835283699
4902.833997055716,1445.4529268162808
7054.037204733967,6965.069538413194
9964.566502847256,9804.883831770665
1775.131015039354,7422.434368723992
5925.953461333904,9766.88485816325
5805.290427542212,3913.306799978884
7087.983557095045,899.7089953952142
3843.902387894161,4228.668139969492
2124.5795869388585,3403.908197491908
4490.48312411527,6891.329140242435
4235.702502930654,7495.117960935588
7791.626289775513,2223.3867840474577
437.84257174618426,1853.2191597406566
6768.825961730651,6244.379831716212
2381.83286400638,9884.782860887843
9802.145712320156,4189.43720995883
8082.024956432386,3550.135146090556
6937.433139309893,9049.662000363674
7312.884762659637,5220.264895995014
5910.392032417167,7962.391075119416
5887.723731987094,5865.986442611381
3288.6236823428794,1364.8383956426958
8555.148514571782,7802.395379544994
6760.4923917026745,6701.870588775882
392.83291501743037,8755.00076332014
2479.5275331558996,4928.024893520787
4762.350002309963,1826.216825804128
7721.937718709505,844.3457047345148
604.5166778086497,6570.571274128918
3615.018183776153,6053.297693983402
4907.527247631521,8719.206583462428
7280.183810913755,6446.775776931152
7047.791350716883,6520.267691586459
4548.702078690397,6452.050448194181
4173.690459625145,6370.422886054833
8797.089925726059,2489.6664186168628
7701.233298906859,2706.1438172869225
7071.926913816084,9644.129127004126
8328.470629986097,482.3151002913884
7127.348738398937,7641.38683782294
7331.397630404157,6915.965421457379
2915.003710420436,3083.7371308301044
5682.210394016649,7122.449186503752
1484.3332779791706,6937.45482196814
6118.873750344897,3137.6644839504174
1291.8733645707748,2484.904569510189
9791.034561962717,6831.596497880578
7522.834965430939,3268.333179572811
4587.13677822104,6699.908464415411
7273.870793884398,5794.632155079395
285.24592374834515,602.1541081765503
9236.674502552414,4954.164382513521
1072.6651776405306,1741.6018343184348
3200.375804776373,7758.322209895317
3292.3592115709635,2710.868925630885
6478.59214624905,5707.363961883953
5790.11969455465,1096.7686937532028
5253.83208187689,5278.113585873292
5640.52156633301,9221.661217376935
6911.512192086294,6715.852440721819
5029.715744293842,8144.842410191561
6804.47247868227,6474.580399332267
1943.6482150822799,1048.584639456963
5739.766545818012,3581.314957729551
9976.29500132806,6353.838391657999
195.9991656223081,5864.557836845905
3158.2875047058924,256.573117649197
2726.565268319845,9267.76651053861
3141.429701813583,2424.5413042327878
2087.197453283427,2562.618564686592
4285.531212039534,7508.394939726969
8961.79665286852,4669.644074680661
283.24432404400744,4220.851340054412
2747.690387713211,935.9454615688545
1015.7168957437291,1475.4008635262462
3398.722329560537,2404.3867945276797
7456.0773606337825,2029.9551240310398
7950.645196234463,9650.832744456064
4381.974729501707,4618.485137195791
3121.736257831589,2269.7496951000585
8991.73377753027,4699.233173659145
1423.396032456451,6060.187740241866
5950.787172993712,3482.9047403400427
8817.80056276066,5884.238518286404
6659.884327770263,7251.797571344149
4960.828664762924,8550.86836132574
1120.0981251742837,5933.012443849171
4452.132596363051,9365.14944376756
8506.462450771538,6241.542403145473
8409.512439607639,8038.324277658377
8422.51738140909,6306.040582522564
1071.2190502501496,8109.498943687919
6995.876862682077,5955.248118372273
944.4958428261551,5695.353822106721
1785.9014808747997,3044.808046727159
5202.193613040089,5587.941027450925
2323.8193543619122,1115.5195707974774
7249.895160727834,8925.452251918434
6169.073101411198,6059.804661140431
8467.71461036023,2524.5073005831055
3184.2316537174397,2719.0926433746586
3129.6674929451374,2429.1933119725672
7181.625866819259,1885.6665155511876
8084.951605819552,7558.78171789208
3678.7811535843475,1536.715620748953
7789.706665732766,948.1044835334262
6242.223820666565,8294.593617726388
5063.206350356092,6638.407746103779
9951.85355596272,7853.884558763217
9818.01529599681,198.89174588247792
5201.990572982927,4023.0174608068783
4274.905141570854,8586.686913308886
1487.1639632087551,7219.7522674164
6475.58596486835,1118.497733935966
1003.8263694191285,3492.031006068711
1142.450656223508,9050.325574002314
2742.574854409393,9544.160064970178
5992.571710180684,4785.888206335244
1813.7081506324748,1780.2865371274113
6383.769226603645,6959.6696615389965
143.1363568120614,5969.928038597498
3078.080834596435,2139.1023034262357
7492.781444393769,7406.845836771282
3954.6836683306565,6282.883917520286
5713.981182009371,9223.60948852353
7184.244279644013,4303.224754847264
8556.106848719171,8144.339378699517
1605.189028011027,5604.862214585775
1263.2376502761533,6927.649893916539
3382.014211515223,708.7296492012118
7126.935814273767,8518.599896735517
10.189996774201404,1559.1532748112359
6362.9327240429875,8921.447638724168
8542.778957784776,3050.7845136963742
7766.7641502693605,1053.5171442315016
9191.564697840002,256.56958454488233
9803.631131962149,2939.3314815669437
9007.05823352,7781.776419294206
8896.57708590118,334.77673996907373
4968.393436854162,9906.992400047753
5024.476137343145,7859.6585812475705
6559.821020562661,6971.8822619187295
1377.9900514932585,5703.075957030832
635.3624044190586,1776.4935299858819
3680.855903690681,4796.512486384353
429.95236242736155,8604.935884268647
2009.683415358936,2127.2004005212098
620.5511468661551,3547.1711995614032
3690.5344992993428,1731.744761730527
2635.9504047485016,3448.5611804332416
9946.917378704406,1019.3462932753683
9957.85826128068,9146.519694429066
4474.947964133731,7956.511832081113
9010.534899801793,35.32617230151747
5328.373486584383,5098.972518373679
6114.7934752590845,8769.865470949324
17.207084444513796,2648.6780214411974
4590.247977407389,7408.052297596356
1159.0468597767845,7534.740578871212
4461.560400117179,7120.943355850164
9603.289971409202,7980.789105086807
2658.935449762361,988.9510805662949
6075.300832443114,6045.400740276501
8348.121632409913,1571.9860281972797
9935.45757823696,3005.191933022552
9269.255299760194,8448.956432573723
3059.9301780264964,8334.77463376741
7422.47280570056,8404.644025059783
6713.512062169886,2804.0007810574775
9678.916820016886,7460.853555678081
2461.1992713143673,9120.934563527586
5855.1296771736,9613.180770475637
6466.186273793341,2430.428110415146
2668.5814101850992,1216.8171404580862
9422.617507087316,2265.026893380834
9428.822115281857,8425.710218205222
821.3940576800993,4962.406546594246
1900.4232352436723,2374.2784429437324
8208.411216787084,8171.241286727592
4131.8037736249,8805.58868487342
7871.616205411262,8752.701484166322
158.24845215773098,5140.030540018883
4280.366020984996,4770.653174010169
2226.7719825147838,5912.6316921897815
7889.6572096547325,6957.897980995841
5489.974651511779,7532.699235230145
775.2718117908674,6542.7569994905
0.11606487406279342,8809.145914706152
7774.70212203424,8123.546503627997
3836.926181476896,438.2427640527331
9763.886850884452,1752.276555176685
3509.6054722281965,1219.5286392686899
5146.761188131629,9922.691107329456
177.73025801807395,1184.6476357209312
6521.320747955555,882.5216226231103
3350.142120560603,215.98635601808746
4818.4188061288405,3292.384259938982
928.9510079506314,148.08671405031947
7731.422945433297,3766.980853376287
9072.222152726632,1881.0661002673457
1180.2974736523552,1335.9217265552047
7928.282525067341,609.0159803814355
5733.34800024919,1757.5644962131653
2289.9691043373837,7420.453425444026
7951.539963646976,2101.241632325296
9133.185076216512,6723.696971286464
7482.29844501112,6932.056958348614
9275.606026015728,520.0148544642614
496.39742115973996,3756.344005896106
3419.2700210187922,1618.6110788616481
58.335098167091594,8549.580315117706
1978.8269211887998,8145.701414596849
5846.010704236573,8235.879687410901
8033.921198938015,6364.446299590319
3.2718126731345887,6143.532272533989
4338.059738298257,3225.108554792786
5345.862394385106,7113.278733590984
2480.650809444308,3155.218132571508
152.4785992010691,5006.223245402711
2946.6101183480655,8495.574234558875
1776.852351889655,6854.769938973989
9001.984032425366,7162.29590980573
6287.806566362536,3455.9679735887294
7784.9598188080645,818.3749204898194
8203.69669931343,2832.8776686176225
5465.575662923829,8168.897565831978
6759.462356403565,5271.005581346535
9865.751637613148,334.17041891851017
6835.003843395479,9400.747953538874
847.7560851213073,7989.248059917887
3849.734799232928,57.124627787215054
2979.1678809870414,6034.46263510074
3060.5409264621676,6004.890533479702
6566.484538976275,7852.355433839828
8921.019924677164,5057.163365596129
9151.932652066342,4086.473898983151
199.38477485084482,5626.054510847446
190.07605331885614,4395.9160530755535
2519.3448273293607,8645.928418404003
8861.40217141796,1874.4488243365631
7046.610293091962,1227.3164364551835
9177.579042022202,8677.572347139814
9954.976684078872,3055.4697497440975
6283.433527117534,8231.005914502797
3159.9049003215496,4227.214054621343
1664.5349128935393,573.4471524040785
493.63546771644786,9591.20640683728
2898.2670319660597,1887.4415619577712
6098.286896049,797.3036968119341
988.9424812717707,7621.140581418237
8895.909290684116,9062.729873438546
1310.1569467296304,9652.879493305829
9988.855805784639,3315.685895974534
4573.548237835463,1464.8890340231103
2910.3571568495513,8277.507921389744
7011.027993996827,698.9847483866419
987.5364288711996,2488.0274753434373
9810.576486578593,9982.478613862857
6332.583819215787,9115.534766309293
3537.059791771401,8334.535269767077
9728.187207537818,2615.558103210011
3057.253418673128,4001.653494276698
6130.060621329525,2987.741646773804
6921.168281550845,2376.7804918043666
5307.592389340347,2866.069438312162
6519.19376680917,1618.4190837605627
8362.08967407165,2446.144656021725
5723.357891816648,8402.872801017851
8561.812571015258,7065.938126717038
9586.176700890781,4569.820746649756
5810.467342439987,7389.4758313332195
567.7285189623516,4183.711528929202
270.71015520611417,6984.900237989463
4187.182710315681,1771.5671638449903
353.6195585144208,9951.449900940277
8681.65645242564,6268.3843003620495
542.406018002658,5975.814132130081
4488.916746195928,6176.30885542452
6644.713607512739,8667.468268750705
6765.161107768641,5569.866750934804
9832.48575037086,5889.037885490253
576.0489796899926,4590.79401918342
4859.512782761793,9262.456769414848
3914.0814460523034,6152.904709525899
1474.724231453597,6433.84379607427
3209.5975034183643,5505.748436680799
7523.726648060394,4955.477009262954
1698.8188564356722,6405.286360241502
5850.057240015372,727.4304064190329
326.55738174280026,7784.217658371474
6832.469217403375,2741.323668489799
9388.947266428333,5597.913721091036
4082.9343639652584,8671.010325659612
5403.26384834586,6501.945375727002
6790.482841823677,3405.0474233350815
3861.1170323433885,91.58140794143787
3171.825548265694,5722.153796723932
9422.955864661613,1708.0271378747736
4607.284244502741,321.45798473655617
465.13763780021367,9276.796733269766
266.4127349941214,3172.1039134198336
9480.627282326264,5585.4789867265445
9016.204782047405,4690.793799272504
3138.128700307906,7526.832916886824
7632.5844091465815,5285.357601648111
7655.284098510022,3407.7482497671454
3559.0039044543987,8877.674191867663
8749.212501503283,9359.720328477148
1600.9735438550588,3896.1998487557735
3548.6268480682747,6399.1942279771665
231.87202236359948,9289.600455181848
765.0869277093342,9187.888053709286
5813.999464552846,9389.869664622274
87.46970834709545,7948.290374274857
8545.446561075223,4585.6743924655375
5699.466093903353,9146.293034271992
9630.60442479746,7822.868212576516
3366.5158281972863,7645.843813866538
4009.2543145960913,4644.423627332596
9193.384269365468,687.573105361361
5814.20611065612,5757.655162838259
3699.4390179400816,3821.126126489072
7765.988284997765,766.0368764721815
7711.624240543671,1037.2926271473516
1493.104963067956,1181.889032134993
787.7073221550102,6007.755744519452
1080.6415487056308,3217.28723217503
6888.878691740342,396.65439859776774
8992.500665336838,5620.70700000968
5683.028615570279,9263.729418419942
7535.5221847196,7122.841958498185
3633.133753310983,77.4332620508289
8631.12476138517,5481.118387536985
3412.267395792922,1333.4184706735807
7653.807880999577,3489.8286539648693
5836.2707976207075,7322.835155034398
113.30273068640095,7969.029566875846
5558.395843701603,8896.514289528643
969.6629343862129,1008.4893488130498
457.9935578892347,5278.567306025704
1847.3620652386724,4607.509400945315
5450.763484936428,4126.29900663281
972.7000943715069,3297.109633295798
7308.757108784582,5449.483024958547
5481.778076674999,7094.419592432522
5499.428611315337,3601.5627597319353
3271.4744922211225,5050.131574007767
107.12736208535189,8935.46516178628
2896.3784518693515,1701.595440268947
7168.370704345334,5987.553898453586
2418.927626292582,6983.926390864727
5212.698594709388,9002.949610923015
333.62139602206685,6684.762679171744
9959.748605008926,7000.997160419066
6332.596202336555,7876.10509143909
9251.186551636953,694.181490230894
907.6073675914221,8685.000610787802
9488.61682413467,388.87603596362675
8030.868181266963,8229.383978051539
4411.94210740301,5086.843886486173
147.49854520213157,6636.276209148653
7243.91886682714,6390.493199822601
6459.956244852876,6510.507019854075
6241.41646546407,5774.884602845434
6827.812490644935,9006.97349239734
884.1883232323311,9680.736324952986
4383.181178209461,2710.459054929708
4763.526786408618,6543.080416138356
4963.377373848907,7389.329891349587
5904.4605957013555,1933.087716509413
611.9143946439576,2445.6492461357207
9582.925241035946,314.57616323298686
6089.67948029413,4279.722803180399
3760.8023132605617,8125.055463939601
7483.916267598395,9536.085072740125
4658.486264876854,9859.903717543339
1558.0150410260007,4721.785987668091
5073.546009716372,3058.573579835333
2279.347794216884,941.8686592465941
8455.214543284816,5735.6031699379155
8689.944264198586,8061.220324936085
8188.6318334285015,1074.9567161801199
1648.170962140715,9651.440529794125
2111.6568193227868,7574.207229789027
4587.704285487412,6161.314740339164
456.6551847514677,6648.207348918568
2814.752036013982,2828.0285397300777
2792.3302699698247,5299.215770965537
8534.875390367913,6046.772509742085
1350.6032116502874,5728.464494161849
220.80093886693297,7427.757443494583
5264.644206258813,6552.010219126733
6020.653067986896,571.6447034059158
7289.157552821127,2210.31840166069
2981.4045765418628,9407.736762878936
8775.939872610992,5808.756613923491
8648.467734940179,7038.144632909863
1858.044051265192,7962.973049168777
7642.379847626988,5180.489354570691
9487.576958413028,6680.55976020708
1513.0591182667297,5932.933773068518
8592.267907596575,2435.101844077032
8796.351305429966,2694.029287607068
1395.7093198221937,5868.906885547944
5152.798987150798,6221.38050150376
3006.752336809697,3377.723798413157
4930.055365318732,3684.2228631184225
788.5946049542836,378.9763245968314
844.8618336890668,9369.32108344034
2876.3003272569254,43.28376896184815
6593.063227097844,1606.905647094986
1098.5467659003,6447.20763946542
5821.609443483899,257.8474665424568
8027.7609727825975,3279.3932719915388
7343.600804424463,2944.27694517456
3052.888659538502,5719.27242970531
4993.07719558314,8023.832769793121
9906.390971817264,7258.266122300745
7489.2440180059275,5069.8716152763855
3420.871337478638,4579.402391139379
9080.246558436986,1369.0732980923538
1649.221450264834,1939.751051972225
3347.46807909029,2590.999433562958
1431.8948490171567,5080.797488901945
1453.1183508115387,6084.809026893127
4312.360545938789,9610.784998773755
14.111388007992387,3405.2741647523453
4600.951793995134,7144.159404337851
7932.559273911422,2391.4254768141964
8824.638573294265,5726.003851397862
4176.0782726148145,3161.5705122859804
7301.136469299016,4213.420133001225
6369.5822636588355,8914.646097887191
236.21465740513824,2535.987629267614
7876.396467467422,4466.70334300847
1183.5328680798384,2875.906714184322
4841.620125270856,8625.798578973354
1659.8165862706815,6128.83186734749
1378.1538847337195,9115.044565191103
7011.983382674249,9415.824197649006
1329.0761064687772,6148.8077580526915
9913.374476723673,9915.70821156081
2615.7615659354083,7577.780618725156
4618.131841418043,4383.169387977403
7448.325990239928,8462.88644043783
944.0835941735759,9637.256235373674
2690.28871343311,8964.3671168159
616.0700715886825,5397.472394051592
8340.64596788753,7718.825607123668
6845.937258609982,5517.86554443072
3102.223779760982,9544.276578758607
5496.682446408857,6921.501093309528
7893.81928311671,882.5587204325369
6362.267318053379,9430.278701767853
3066.8280142245576,4279.846935154455
1577.931510538484,7648.068358036214
5589.323815374429,1817.849180462946
8834.0061162927,1745.3427707255619
8545.953392505058,419.03130345188777
2212.349484745769,6734.072464920217
1367.7454308734893,4595.09263226533
2526.600432921952,4826.60392160711
5062.8963818674565,1651.9559022495278
9225.046098927296,7078.053274508823
9307.393632632784,1223.3430069204542
203.7336111641308,835.984091944384
9336.599028561035,696.5359050098363
5044.081283085794,9798.897893323297
5906.55656949978,6526.577912374028
9738.777329522547,2557.8150665517364
446.6031283763539,5144.346177928582
7004.191400448953,8083.826702025115
9227.092890371376,2362.1163113094444
2809.748391208222,393.51911857508304
6563.607082167312,2243.3066087754582
8740.606480041948,8913.892715992291
7262.33353660853,8627.596892921714
2108.475010323523,7224.020062159007
2914.547040161518,3134.124728016198
3446.9892131318247,1853.5531169119602
1330.29782662472,9955.015622849747
9331.899021585856,6759.624325142376
125.6937954751447,8811.139672902573
9005.970928140106,6193.702600435525
7950.710624554965,621.5961128492131
2839.1225096966887,744.0926298654338
4083.928571896296,5721.834915967372
4900.265070959379,481.48165745281244
8992.566575235704,5046.241922044076
5039.570946278049,9851.957890035615
500.9289513862969,5085.28912090206
6189.362476208925,9243.948468612913
883.3850661278375,3702.008351561901
8505.535515046253,651.2815517331138
176.8248914447723,7595.9911967168155
7757.608767623966,6236.58529754778
49.14227723057163,3107.5216949310748
8100.003604799133,6198.994740906582
1232.6170913388057,68.38609831742116
7690.188830619251,3656.8593069832787
2592.8762048844487,3370.664422280264
6227.621347226284,2544.6034374473325
5612.2931495203975,608.0799384574998
3187.585186319857,2578.2543444269313
3426.725711346711,8969.95586238851
9158.678445917993,8788.252282700367
51.05923578784477,404.13482630974215
3567.6323399055586,82.10664289166614
3720.0880440923256,4443.537809433751
196.49395104893497,7348.19081695141
682.8890552974432,5893.098462601867
6951.595906267798,5723.4355366524205
1255.1536662539509,4201.642998733648
8766.85272110022,3176.939833124309
6285.757608078849,2490.4271961673885
9080.538139689068,7904.639102196617
4888.480066850637,1990.386767898491
4656.884149250944,1472.0672907411424
1200.1361044010894,7323.043920371048
7073.7465652992405,3222.500682520915
3490.590702408114,3689.161638500622
1780.0483395867784,7193.436772370448
2077.557857548078,5483.265777048596
3133.396884757239,5182.495627092018
9032.161069792495,6786.044827620073
9794.35337041025,4262.67229466753
1072.6782720895867,9904.713527671489
8590.314273691658,7582.3666334401505
2565.4827198232388,6310.240616631436
6235.775106095087,2480.6477644418947
6918.9711208693,4110.6242280799825
4329.972568556469,2501.9593837302045
4403.206859591708,5190.067325278598
555.631301634072,9121.246683857866
3643.386715501017,9053.801711935674
9655.83701099084,4299.592532237688
6245.83204077955,7687.56642116818
4858.026821649158,1139.0632430974001
1842.1118042499495,2880.3420685072024
8917.78263723778,4956.763634241791
3310.540119090739,2233.515338882337
1070.341433028551,8731.689831794325
5818.887197754614,8181.047084085202
2664.9101367733897,1084.5546061207879
6144.828663978607,5442.787350572717
5160.376968556403,6564.208604163862
2504.5035142324245,1188.2300504807997
2339.483616310819,7743.606880598094
5838.591125687055,2888.827370058228
4965.298231445833,6287.330033291336
7359.446840886899,1941.4638595216948
9763.035438884412,3563.1127816451426
9990.06345335088,7242.812428960975
553.3137744104721,8538.52248420374
8370.566792493612,6608.270167007429
3996.6863762787207,3813.2551706795634
7742.748035576863,6575.890324143121
4335.397353081269,9016.488369115066
4185.751438956635,1487.4426040954424
8319.66304425361,3823.3956595498507
2807.5209886286366,8848.949682112685
1183.9552711728506,442.5376252214097
3276.2880684269135,1926.7262099787586
4172.81398388691,5924.677057664998
7392.70688864536,2790.452696225719
346.3539069831079,4507.4059705646205
8606.547230014112,9869.736654005228
4255.8056603938,9338.125876753922
8408.10714324828,7725.156414682961
7380.0438001745,6981.501037279066
434.09941351769123,1403.1074009826762
6175.898711537456,1214.5558224930408
2865.590768556909,461.31283911933554
5288.277665553669,9152.056624875566
5712.61427019713,7219.2954611381965
2733.5668728350824,5345.310846413611
3834.992934780539,4963.382039172054
2812.972914700467,4636.152366316633
9217.855815198947,2235.956700760632
9203.680000057786,6388.268452487106
3147.1455555708117,440.0507923819552
5344.412492647578,1851.9466963057662
6177.134423059149,7828.186481356605
7667.599922914689,8372.480506130849
9767.61150904836,4317.139059516624
6748.024236423666,8137.537256710601
2234.180723544007,9517.416791292637
7833.2081197101215,1277.1916875125132
9626.916072042986,8169.90996141481
8855.658949133396,2032.7515461494838
7166.225413459751,4889.202467264984
4939.392255915128,9300.815642912476
5987.317010558969,3202.068564337298
3100.4567032122377,5671.761224991804
3919.4314511706384,2009.0402981305945
7592.879547384562,4559.577936977865
2526.5950803429037,1815.6285307211872
5554.373904197557,1903.8159041677704
7336.503539816732,1547.7890227737312
1363.302163043908,8056.861491262891
3316.5504852589365,4141.5515902640855
8793.29284171381,9070.777117599435
7832.263500629808,6077.121898927601
9377.951582835858,3215.3382794331797
6819.652054201782,887.8525810586646
7180.404439291943,1156.997034867393
6687.764454898788,2473.89127354397
9958.288706815985,9662.932926391853
4299.427085351831,1860.3743323158462
4764.991001429079,938.2425357630885
3270.9048523379115,1631.6970227592853
1191.5565406963801,1430.3036207977204
4116.570516824707,7416.79983224377
4870.7637611983955,7278.234834584423
7326.625542634082,6327.895130988643
6635.960265330434,5780.3576455530965
8144.480013981624,5663.435474073105
5766.069870510438,2823.5824154292945
7894.354059723852,8520.894951145452
8770.774451072504,9189.607557439545
4675.560229945422,7874.232032302185
851.9332887334697,5474.770420024516
3451.184180897209,8533.621648104061
6354.801943275072,6472.8657185330485
7819.484894921389,6296.7251894348055
1980.2243878443503,9890.531803003894
3698.714461718039,9684.418748286682
5730.570494450997,4703.853725707584
2793.01396940262,6095.214895256743
1768.0892041132379,5529.314064380003
1214.1007567096995,2376.097743524138
2423.8057571098416,1560.6250930304477
3569.5465683037132,4438.794425278356
6221.456988225571,1245.3674742531816
9322.78152137848,7684.93792748589
8795.930767097963,8196.809203297316
3509.648453637909,726.7571398521444
3863.1525636188935,6919.594732410621
3133.0416872540623,7079.70183004663
7661.421851570182,2300.644589937946
7400.390964591213,4025.83780466101
3481.5341329321736,4178.831689412255
1415.4639279450344,9856.546832445505
2914.544509105892,6862.630359535506
4458.3065086068855,1426.8163651736909
7087.066216319084,3750.0338103519603
6023.178677527113,6943.465212057977
2603.87051216057,5882.274553799891
451.0409001273186,8096.720488065266
5482.241243221426,9724.485385123062
4226.958243638012,8913.93718226662
2822.587424824232,2022.9194769343562
7363.37101125849,9645.202784485396
4359.283447426014,7066.2136168393245
4942.7081879598745,4263.188125149237
1374.9511820424132,8436.943882754702
8580.624163980645,4315.154632778138
3775.6709454915117,5342.225582206388
8025.868977347616,9782.70035541766
1552.8754649612886,1017.0440751077414
9703.60389554017,3177.0295624909218
7481.851251711389,2688.1831838753033
9764.899887888398,4604.6641781396265
9287.261598444442,7586.759717487579
6092.928502981906,7756.467843336111
5472.657850929337,4422.618934597308
9922.719527531423,8009.272478076325
2745.221058543075,3846.062027498912
4414.6711023396,4692.680719568246
4531.8628764453915,5783.319172088136
8241.802701797193,6986.7696764463035
7667.011842093362,5654.5508289138825
1552.7606420731765,3816.1666980628406
3554.7648018314903,8767.69839421712
4211.798858140016,9163.300300110432
3476.112786341584,9470.087998885041
828.1384663854175,633.5030456292711
7886.411097231617,6099.013313417143
5902.484103745021,4676.965812724576
5851.612922562167,9839.209729616952
3885.2392820437963,1885.4305518557935
3541.966441681993,2689.8038628109043
1746.464552299869,4175.004803482476
1838.5929027550885,9587.609054893146
7378.685043981499,5152.1426593025235
1635.3714951826137,825.6111238787089
8293.869670090235,5086.711360151964
5190.109887864372,4122.363974749863
3591.6132301950465,7761.952512040755
2660.193611228131,1464.5947019596483
4147.661457390326,2977.991826506473
9056.488262788258,1036.9549770061183
2682.1622929529485,8714.729594025428
5123.844207231065,3619.3617027317705
8487.380913820642,1592.5721216247534
5317.720317422197,9255.89619720896
8451.67006206477,4555.106091958753
853.826365910978,6038.881883057722
4255.673071722323,3652.3512104011093
3609.70742536459,3158.598682447772
2405.998046351603,2867.283925638954
8659.732717300376,7932.925088228771
2192.8713626191175,7424.8624137525285
2260.400855118697,6598.0909181046445
6369.577230171321,5857.863916486298
6504.80805342028,8958.90611475445
722.0653677570355,8041.372845104701
358.83408863591427,662.5132520890143
7362.6898323829655,8278.991942141924
2194.1918672159545,6418.883357545029
9398.958250650123,1757.6575412914863
9274.749288799097,9166.937047290634
813.7925312335992,7751.10970414
4670.958099141435,7134.373758247212
6859.016622466336,920.2468219018456
8474.422102246024,8384.9442663147
8461.096159996869,3524.0143202935083
1841.5030026548995,8588.812484750555
6533.54821232236,9914.239420139995
8878.707062830508,4748.1539258864905
9666.185151411166,2241.8751728914453
3130.634065120953,4480.0978900246855
9446.068647179474,547.1906641421964
7721.16753071508,6573.3570240500685
1210.7404939358212,8442.930390022539
373.6688376665109,3979.195954814201
7207.733025139207,9474.93640358333
73.53413455160273,46.79844935578825
6227.377843553891,2709.9771203298837
596.0258066546476,7883.414475474268
4191.8136595903925,9245.55453192968
1844.768582745052,5467.926541080022
6578.419823338129,7497.478841108686
7745.454281162085,7310.009508111056
385.8291714656914,1961.3533758227097
2193.596022554385,3590.65082042981
7722.172150953645,5989.392147368012
5194.347585991383,8086.024513944774
8967.856905797713,3249.839191539782
4435.337445959861,1616.1114988672552
5710.352466014083,4033.85478842876
2097.998780582637,7373.007726437235
5493.330339779779,8959.575560126223
7837.000815235413,5607.899868081324
3473.3132646146723,6517.799261699637
4521.151938115497,4116.5575551413895
7444.514242212436,6679.608164105626
1323.3428488556121,8327.639344407336
6723.819252672698,7568.781371371131
7268.350330658877,7390.937880407674
373.6314098282856,9414.952285786998
7497.865738982808,9219.10458586569
6242.867136258618,6460.002396565558
8535.588168145769,9308.246998135257
4836.3317171583885,8946.198852402138
8822.570127837274,7523.90107926362
4195.563335897366,7132.447903749399
3709.081284927498,5245.682694298968
4686.509742526608,3175.6227390797785
7539.328615969447,6245.403363389916
2812.6607408023697,9467.236045913176
2788.7621007883668,8991.410265387634
4305.372294035746,7635.454082811281
395.81467818260995,2802.9038183269918
1312.4895965980488,6731.8322871525825
9306.17132797368,1284.510792257827
7878.912921377309,6969.802964125052
2645.468176756789,5.805825316043123
3923.6809621925863,3658.9275028924008
8920.984530383623,8521.825470002883
1759.4345486333207,4351.658103727639
3371.934776064667,3900.710142550522
6670.414146948578,4152.336736221919
3228.5812578724417,7654.320510563345
9640.015631116075,8490.506845491396
9058.07771358508,6830.747548320955
2431.6927788786834,154.6304064999271
4727.31624256594,8905.150803290358
222.49079585211052,2548.369436926909
9081.892298220115,7641.587295278588
8616.394248152375,7674.905914755655
7632.50998106276,4802.194042312275
2923.162411956438,1620.9758457111523
4979.889924669632,1640.2062380180582
777.8198353839327,1351.9383651730343
2575.8186892313593,6220.92916915991
9953.224864154785,5071.435369453945
8208.458980967407,9695.443816597664
4543.420373394539,6543.441968322715
2089.1631472657577,29.031266221397622
7688.587875738356,4040.026182746461
5575.482152545186,4783.837664540599
3629.9431621743706,3318.0945505488426
8182.014288176759,2951.9841530128742
7597.679360438113,4231.6470192665365
9429.583785981402,319.13754225503243
7107.75691595375,2233.800761195647
9918.904120915453,179.74767626300792
9069.28009239572,660.4855339647564
1873.472020323015,8155.762338345152
51.656959044596995,9123.867528766174
1991.0791250623406,3030.7336762706404
2585.128283064331,5091.751362327308
480.9710942981538,3139.6427343545306
586.1822161744846,5950.085837477379
8133.175900929993,3487.8009088262374
5700.864571478322,2840.96960887835
7843.343344473373,9399.579438676012
5225.943282329208,1263.5351330353406
5992.332391751452,624.5474725684575
1484.717323851682,8335.841697364009
7059.0632061186125,9367.317807213723
4657.518713454913,3205.8350870944087
4146.54179143931,7355.0783981658715
6512.5842095740945,7724.093790339775
1594.07798402607,9893.240763071657
4372.554869752272,8666.573547259692
5837.227672239681,62.921726629114886
8818.776843345166,6558.665796454825
2333.816785796303,3008.411491794135
8114.5309531277235,9441.312285778171
7192.870603213326,5778.855708858963
7475.669458821092,9038.490458599304
2052.918485105685,6187.937093255566
9609.415538961823,7847.887971856086
2986.677575597575,5049.38429769833
628.0382569180342,5511.907566365757
7663.064662762339,26.613166611622052
1437.5730548218878,7930.984299445231
4896.702794113379,5853.341404878295
2173.0200740605055,6103.595044320881
8636.756660009783,2057.094194395954
7102.7118607995035,9917.868728266258
6215.323178508928,7830.541085081741
3887.9963710109655,3029.171563911959
4424.015187981586,2122.5026792472854
3779.693622309067,5468.444118884874
7331.467695803562,1477.6851217896137
5068.496557929565,7084.890137360878
4505.715474436428,4357.679565465881
9326.396230540911,3050.247160460385
5968.327755894984,3860.7759206072624
4952.682542578063,8948.037798012005
2148.922277739932,8287.924983883648
1585.4849974845943,7915.023317991897
9987.454788410385,1394.182879429885
3976.9271308365837,2916.4826869066283
2954.662181820137,2303.172061095682
6103.1455816562475,3037.212250713965
4175.148805132106,7464.555983297389
6632.667062029952,6091.159280106035
1633.9621422515704,8775.485093998648
2989.5325436652597,9206.968090322936
8695.96835380967,9502.075397956964
2375.202779322796,4879.017313199507
8089.497797410968,3186.3461577620865
8408.774242231975,7553.438020326756
4077.2389769413985,8606.521961282137
2041.5434130612175,1771.450202606153
3993.158310352013,5835.232650646764
5736.897522205485,2765.915582322068
668.0005066596906,5410.374837596883
358.8337254507412,7124.107132409969
2402.833847010898,6852.426008433757
6168.286182657664,1733.1612716428112
4260.488610935216,1263.7550472515425
2029.7379507068258,7513.10143439469
9453.127048902565,2033.71244631245
1368.3229567592768,4472.678551248125
3128.4597137920946,1887.412294552886
7750.568765078827,1751.435564505115
6814.765185135422,3578.199641762211
3440.2062789104793,3180.9363131789282
1719.2777514969305,3992.6435299502127
1579.1526013686853,9391.647087982687
2314.041324772722,7486.61170319479
3337.4566864809294,3396.3535017097024
1609.2325641568484,978.937101410865
5316.45522327107,3834.5523811711455
4505.861502820807,2984.4405953516994
5903.017514083293,4800.962620350163
6934.302607427559,4363.902776679023
436.6147400694442,8963.096585447538
3244.616461811612,7110.542104204936
254.5760824839083,6668.25561848736
1147.095019824903,6301.3054619710965
9747.654052316539,2254.5715833420822
633.7360957508697,4971.578812732793
5734.064256596314,3356.0285247515553
979.9904759629352,6730.050858816048
4327.87390259422,3993.0297116856195
4492.9995840315805,2845.7465603221367
7728.674707194237,8928.191887322562
2039.479962804429,7012.665878019908
7229.881360625369,299.6246358228949
4448.880306669786,4911.685889566451
862.5896040226199,9786.0440851472
7452.003084986048,2245.6596852170796
3356.54982121675,3147.813936895456
9764.850816685775,7586.22255499845
7041.716552157541,9431.86987499318
4016.618865271475,9847.116397826643
529.6850275803799,2883.9029140916227
5752.544410981195,5444.7333772074135
7771.754352994478,8820.219141991356
5724.847531162709,2603.673234034989
9671.121243112591,311.8069602241558
9812.218906982276,6502.739330309341
3413.0091138936546,8662.499794607653
8666.764043258736,2480.059001608834
9622.235631264177,3180.8654221779643
6846.132515789422,1270.893597378916
6228.253582401786,1229.8682117336025
9444.495987880828,6109.5301364077195
4169.01820727897,5726.606163111627
3083.19663299096,9352.103108907188
9313.127966216409,3824.1354144595175
3267.330904109208,7362.350808181961
9005.549665239998,6153.702273706143
1161.754434101171,6485.051333105735
7931.768059307973,2761.0245658830445
9445.142357238765,5751.343246578779
3128.257262034602,1568.1549806331673
3335.737290831845,3477.246639516266
1014.5838278729169,2760.496179184515
6443.241866314653,8145.459964915555
6522.16681781046,6217.53151343093
1437.0510645402924,3309.2267853287194
6406.4421353826465,5536.953162117844
7738.3891283819285,671.6209534937168
856.0436271597715,8923.005168648575
8334.299811934734,9948.934570145339
7435.4902915946805,6943.691796310789
86.41792555323823,1965.8813170157773
8933.538713608199,6939.971014277614
3666.807567104038,4684.758967635067
1797.3000857050881,8687.547791830128
5498.710081451938,421.11380665394995
8564.562371757369,8263.23954294259
1843.87269228642,1179.4897995469235
3339.2332733695316,2351.122475786133
4229.31224029994,2641.535369664382
1274.0907778098688,1481.2762228836384
2890.432802077103,1456.783359840158
548.4420647021049,1253.3328226365047
5908.710931003505,8120.752666573175
4665.172383415952,5100.997616270979
8592.470335431091,1965.509395916726
9739.386388186882,7098.143141750363
6956.114660227153,7160.659832558971
1454.45522216595,6861.360903470002
843.7258658085523,1636.9635189398034
1323.9131909021319,9071.277549087768
1325.8756476259648,7935.7013357187425
1824.1838578554948,6665.858699592132
4648.4308631162985,6934.351635354968
7930.535770307982,7074.136565515483
4623.536773834264,1720.1589418958386
8947.401718188725,7670.549299896035
5514.509680090824,8870.584825757052
486.69537594617674,1576.2816838336523
8808.09819547447,6857.814645112432
5493.378203295883,3275.3034667060974
7279.388945496385,6326.977701718841
4012.124397456035,4124.317834974256
6999.907546928532,8191.363802618641
2747.1245938247725,320.1105029093287
4823.750615612169,2897.9385294478875
5212.91269859,1305.5473155795705
939.2318048284532,5421.00866364023
3338.9120829524345,2804.222556316165
9826.42588501675,6858.314394789434
8465.851665059534,1670.9161958443797
271.5385786684388,1362.0734479825835
2493.3012095726026,8970.741901049709
8885.299805831814,1852.6282315133535
2138.481074940234,6797.621178376053
7277.693020966059,3582.2105016135197
6345.438325116289,7320.180292442433
6474.734673556194,5627.26776058693
1580.5893999124953,6277.081312556206
4923.730422828831,1553.13684119038
2057.7590433131177,6743.3477127265705
5227.520692130323,8494.601525364531
7422.915312085681,7485.793850688921
4154.9665118327275,7954.507332476343
3460.3371176085884,7299.955355912022
1795.7136690024267,4862.415154984189
5143.987319546967,357.91173846429933
1138.1236248403416,5381.302506662463
4128.611699718352,101.95806786700956
7808.805785651321,8620.158095704513
961.7331286156849,6148.702277401553
8705.933709047564,5602.442739492033
8666.85389720057,5961.265719861885
7285.6229830756365,8848.524465639242
6803.891424358536,8797.183942881376
3799.9764965419126,8398.491205795706
5070.19403727626,2657.7902706313394
4719.299871182475,8985.216988500302
7382.062558200711,6360.889431739168
8773.445369360245,1333.3343870366043
2690.9933469208945,4853.123768958326
6926.874497157825,9264.833392577866
5582.437452486122,7886.417860405591
2569.705346635629,6741.77903922177
3259.398194611629,6282.3858836837035
8836.63783213948,8468.116462335644
2041.0441736242758,224.78045196197115
1960.312155185393,5695.183822745643
7268.329419974359,3603.425205308518
3108.528509011331,8481.968318124196
3271.890190892814,5563.231391711085
4530.614583022071,7009.176804539367
2397.121163313878,7934.699304272254
9463.891057324709,5201.930602069751
6906.121542546753,4974.128045579721
9598.44529106729,7521.997675774299
8057.342889535283,2230.650527571554
356.57507616927876,3456.601860628703
340.71600547690537,4507.758670070098
4620.375823364705,7179.801790367376
9987.1556362668,9562.021588799691
6238.832675211104,7984.623877082047
8013.699242243547,8524.54609905707
1726.832976670196,6653.840006129534
7900.954654413681,2879.6225442033096
4298.909827046085,5054.276107597798
3982.1591281419733,449.0575422450227
2126.6337179552866,1617.0957684004673
6077.863803955881,1523.4076965304077
2993.583187910771,3097.443542133259
2251.278563796817,2924.9642619396664
6664.387499937337,6375.193355823464
9800.855209813462,691.94658167263
1605.3410889324039,3541.8879138716566
3846.2235194669224,7923.626420002317
4047.698461250574,6205.441424364124
6806.7722102136795,1616.4393310073044
5787.329900346156,2049.0951017759553
7607.8559375479035,2750.6599942898933
2178.126048757123,2198.3056473738916
4351.882446368221,9896.718274553861
5981.376687860159,1425.6150268896617
9534.043847549801,7735.819690643443
6318.437281438372,5481.341182573745
1259.1856774146981,2891.048720988921
2070.2107430089313,2486.027887556268
3005.982025802243,9299.745829922093
8832.785147212682,3723.3336422834327
2930.4882353080384,3119.5074922821477
9985.196818705192,6859.470472937666
4965.91597671869,2924.328378291554
1999.3127776409503,3921.548125614559
1709.0546001042073,8188.417516352083
9641.762302046116,6077.262855064115
8755.901881199063,139.9511353642391
7302.786675271527,6044.333857186655
7415.251075341299,2889.006271198579
836.0242947942031,5363.764006972287
4016.4824371829586,590.3055988337802
4225.349096441302,7164.31200539729
912.5191259235421,7789.117573037618
8482.89079780709,3622.1255115762565
5718.4243087746845,3485.264375057611
5671.006716510312,3359.2021625437173
7144.06174110604,8666.375206458146
1123.0108921716408,2798.432761988926
1842.3411944763513,7879.205030200228
9564.289056891044,8409.994428424176
5588.69574798577,1649.4660548715367
2463.8270363928727,1379.280602945574
5103.594276492367,3265.8060411401325
5428.157785783058,2465.5133479966717
2630.3713649794668,3856.9538721724616
9953.866439256723,4366.129485938037
3185.075986395077,582.5608667465021
1262.3615552657607,156.84663890118134
2829.25229508614,1663.8460773890429
2302.0391332647873,9967.248714529278
6598.449050329436,4671.927531849731
6537.647891618495,9052.598356607672
5902.974383923937,4561.97586253054
3478.4276059633303,7205.457352604122
3427.2048232183006,1981.7969759514199
3099.167891943898,2590.5099602904593
7347.853986657853,6607.572149971498
1096.2679786530916,3795.0342400550694
3511.256025226354,4205.7768113588145
4522.358042760902,9523.453066863709
1626.527238940625,4153.9676517270655
7723.182688788279,5121.945373790192
1777.6953422243325,327.8005530715034
9007.799296258792,7385.160747980821
1197.1817708993638,3391.6353738875905
1897.5095870759474,1458.6552283069266
886.8097857730139,3138.7935613449067
6103.547254417463,6138.455176090858
1112.175367876035,8342.498210137019
5739.86464807031,2499.4473818986176
1693.3353457554513,7948.9251113270075
2223.86034397415,1093.0342231076195
3175.670865892758,6524.926154743279
8530.103562402044,7646.551216896623
1823.6070473086606,9411.37182197313
8598.40659041302,5499.130426701719
6692.280513191511,5465.234959433427
7732.269504776556,7776.04632616986
2386.0608779678314,8646.542376899375
1944.264634334666,8392.937806134734
9795.154628080569,8199.567511081457
8536.52939939121,6205.336958640118
4134.881188859735,2076.1106943287255
1845.8907752475807,9216.883006827968
6056.138267247733,3728.239893295966
6373.4130252348505,6581.822483110287
3732.9520435047657,7887.15509985081
5532.59317529543,96.87663379293721
4320.910041164017,1180.6829986336643
6391.174574918733,25.632367784858
1080.3170316946687,1320.2488113024112
4281.449125317664,2153.4736821783486
8366.323192566768,3734.7594555866804
6730.1975966147265,9853.93294548835
3811.2021739305715,1960.2795664668915
8738.767415288701,5838.731521545148
4296.843115639582,7339.271723962448
7002.150210843077,6649.364826411498
9281.69198513674,8473.883627203682
1316.7886744728662,6204.09706953393
1863.8228399516865,7340.853534290791
9814.92364575844,3338.290450439939
2831.9618575650384,6287.849721043929
2316.1829216598894,9676.369503421212
2931.833100518456,6903.093994683558
6698.677329843265,1215.6439342801073
4476.117043195022,369.6448399460217
9139.231571026621,7194.005687058176
8213.890898503527,2769.395029536368
1095.4358487552206,5730.010918257975
5963.733469972818,7449.476100456764
6511.110334873359,3267.5271772090873
6899.7759719334135,5115.260058559642
4258.586710533291,3709.0058950905045
9641.20605947892,5155.007613376368
6487.132466453868,4417.53769014375
520.5732378161498,8174.962665227783
9591.247134470408,4524.227171196618
9210.850880910322,6299.082374997005
6162.425135400041,6305.212545344581
612.7993295087808,7862.270151056024
3577.368661072169,7213.055227897189
4648.419528612958,2988.5050470564743
1019.709020239874,9270.740508975632
6084.0403802673445,1312.5943270366224
4321.342671496288,1616.0058918848142
3437.2969834555443,2163.782019227567
5889.361621184917,2699.8233560919725
2130.677214638166,8716.346483538371
2798.1487013447327,2834.592718103572
7706.608009389023,9775.925762109127
3569.3206615167505,8723.510575541495
9776.323831982658,3226.2395518027633
6176.9170620496525,3395.9958254443322
711.8623750059661,305.26424888882906
4481.7655906973,2516.786914143054
1747.0102996185244,1682.707518582227
3875.9745791047962,3059.691333006237
7228.0943902698045,215.89197084508237
26.89411954513443,3864.7378030679456
2146.640794101644,4517.34012233473
8909.725103359006,916.0272004380276
2412.922504054138,6098.560905611069
2344.362063852523,9552.005738353613
5864.004777528145,2271.954442883168
3260.6509942216744,1175.155696710486
716.6654437324482,5981.913112654612
3018.9809107059496,6756.882845089624
1024.6697529008609,1313.7695525608751
8509.816509649872,9506.791730566938
7529.316492001814,2712.3283528016573
1913.8478499489931,837.2008578211932
1125.2680898730816,9804.830494107979
4387.308892080249,7052.462429310047
3132.485225756185,6472.55853615305
390.4757625656996,2184.7800655666283
6701.661646182019,2023.978808770641
5809.677866186198,9532.471394711472
3594.6810954268217,7190.435869515914
6908.079236820596,6570.89069444086
8172.918691465679,5757.283397646441
3726.098001114867,9691.608750961484
6566.755585690379,3641.273763480606
992.882377071952,2021.0236050387364
6683.392518059147,1882.5981246295464
691.4158738919851,5059.774813381437
3112.030582785432,429.17154876178085
174.16176316712662,6947.205927718054
823.3494510831152,9701.378457581346
4646.100718306586,6471.92826732665
3530.7399277495856,7705.659961639959
2058.5366002501946,852.4684893107848
9201.951656618528,7370.998380793268
5824.852212594471,662.2256833110396
6506.472447720921,2261.8328501657024
4960.990651865812,7867.423304346671
5910.227867963456,6640.312182484165
8037.479782508934,3361.235155824436
7785.589177491841,2618.814024256828
9698.625756966267,5457.826661862555
4636.928100248822,7242.719386156396
4551.021998732465,1918.7263802137288
3034.2699720233513,4266.391589293683
2193.2330293467094,5317.166603623582
2508.3233841738484,2412.9060864333974
6170.909238912911,6277.004066339562
2112.2528186154223,808.1219876031809
2596.8610521947767,7932.566819722676
4876.410285679204,768.4836454681532
9668.909912586572,5157.589331697198
5350.183452802933,2091.4698356431595
4559.491655379489,9952.200316914767
9872.733644798596,5345.18803870914
8008.902257536304,70.65654001172427
2693.0052576258977,1557.4491868250627
651.5656572687711,463.6893157477651
9796.007398763237,448.2596036816611
2504.8318859853357,8206.254973206827
1615.4982365017456,556.1379310063263
1376.3898724869405,1159.2995676834616
2327.7572200870877,3508.5398036363504
1398.0227324471562,4386.447139559538
2068.808705885932,3451.525586923563
2448.014113036183,114.40939257967852
3836.862774942447,7169.239858639626
3245.581132743697,3767.683374720926
5366.385646398907,6811.87514928832
9786.623730243886,5566.640097741774
3556.111594694297,6346.155264294532
1523.6847876725178,3816.677182543342
19.284995298641803,8383.853637995648
3804.7567915201853,8439.474266813402
1163.0855375892113,4166.703818534657
6759.343611853043,3744.3279875804947
7055.169035141205,7502.848656553853
9914.316097904722,3371.4246395012738
5531.69709015228,4411.981139918418
2367.142895117753,1472.8203736672697
170.16965311064558,9726.788850103449
1273.7662740031096,4214.613604819831
330.7056880624104,5773.525019627129
8250.51068426599,6445.50763479878
4594.068201825202,1456.959026495659
9267.960742193158,829.556865261114
9867.1491734638,2463.37377151695
939.020741372646,4685.734420331997
982.550201777378,2193.367673948189
7485.825914322083,9436.672440934133
5230.179777249321,746.3928938285492
8327.703772094632,1076.422728898354
8693.163074199761,8002.56747807235
3531.2170025300384,3041.2748144056554
8179.638330860261,3950.8689538619014
5623.813261330145,8304.23753932239
5596.490689053022,4292.458921176584
1945.491442620807,8728.89848162188
6785.083878587068,8040.41393941312
8275.550029750098,508.66528740647453
1719.7006060885622,9502.59940151928
3925.148839561513,8793.64150539663
7642.248631800416,2718.1868098227146
9303.276589160294,2406.5725094944155
783.4084993518342,7768.261918039687
4654.5215393458275,5515.690609922031
5537.251887678608,3698.877683093773
8706.517287331602,9243.237188931493
7992.825941834485,5412.108142042848
3276.83628467623,862.394862415079
9742.359924687276,8109.958929120212
5710.601411501589,749.6802127047341
780.8183756326658,4951.017542717855
6084.825085554776,6500.118116180692
3833.927748125128,8853.326183362906
3817.0572948864046,7805.772003933304
371.2027521777206,2865.565671667963
3240.162796603574,6948.065447127238
117.08504192341817,8157.863085586932
2577.516290953368,8635.397027625308
8416.773091405952,3640.0089957977743
3036.485708864928,202.10328152275636
5400.562378584937,6560.277095188355
582.5218560678802,7916.161881527518
8837.750775307239,8959.634017512315
1677.6582104108095,6163.51891742812
7922.451517605909,2036.9191218543924
3499.0959229710093,8850.487951881569
6134.714131759154,1094.230109632154
2276.0242245636064,4642.648693956963
6867.879568880909,9426.863736484549
7120.077042967402,7645.311165892554
5060.5663053800845,6796.463218564408
8837.839377259965,5527.028928109366
2765.5062192892124,5772.541778840926
3368.549532618413,8209.708317119179
5281.6569649384455,3051.126167559658
3542.9292402209644,4756.158573663619
1235.194037597015,5840.877236423575
630.9222186242591,2843.8172296617104
108.13558941714874,6091.066540664258
6623.315057840884,2420.4261204114287
9665.790060247466,7359.414273867373
1739.9527533555893,9283.892038596605
7265.4163732414245,8170.487724905687
4951.676097421396,1627.980018279045
9379.862471397491,2013.8965462316228
4962.526093785845,3367.5141891401126
4605.7969884323265,7318.010443867836
1391.0606725716214,1686.5784641608604
2629.905974333002,2661.224086212992
4347.140338672383,9194.057282614336
7094.025348987126,7993.840503732977
5374.651152536832,8004.236434228762
9308.210198722762,5022.16704762252
5099.346340865445,3083.480592372614
6060.47609232306,8453.775555920323
6941.0633299021565,8136.412444707186
1161.5145027687768,5598.1235708986405
1941.658374612396,5517.015182149065
5075.4239013827855,5991.76839111959
8825.64252109988,8877.25571146754
5811.47734663217,3743.1266504584783
9734.170664540607,5578.843772278496
3431.5972488147027,3744.9774763280807
3121.244980796529,8534.373138420413
2588.34577470332,1481.5824931469367
136.8840441273844,9493.180194910597
4894.796086019879,424.75148991460543
2439.145843536471,5801.96732963601
332.86396404783704,1777.168934087262
5068.97222977971,8164.504276695235
4463.102971593593,2702.079398599474
399.09269668994443,5032.497185642697
4255.08585251247,4228.6650055896425
3396.084411386713,5625.276364055871
9107.552208565854,60.010728738386646
7132.034791383655,6528.362530833631
1670.113755105096,2123.1734002998037
5228.86947789836,7917.586085680967
4115.261314514488,1871.879287435605
2881.675811630622,1267.4317229874298
3452.2263336748706,7771.763067879847
2257.9951312799494,1697.640151076818
3505.635145524889,8682.490876027076
9646.481376881346,2226.2548723694285
4064.5717411077608,4305.039143536663
5183.399247640318,9615.052056675191
5474.389308413623,6423.730527170356
8898.070861859509,1194.9554449301602
5456.616083298645,7214.2538424040185
4557.843005131646,7457.476993425354
5461.091071223494,5596.002991351275
8325.931124104547,77.20201001833237
6769.176816249044,4538.856541456769
6512.125504230722,799.7610635468556
1454.9859709144675,201.10158629612073
970.408372197763,4214.262491608971
9470.48599153415,3959.0821275213684
6879.594139901094,7207.627933810508
1801.9412329205575,8658.102451673733
3067.466293521246,5773.480488668492
1.7895060353312342,3598.075298576533
8747.573282867805,3856.7907797179014
1633.9508700663962,2184.0302102808128
8617.705874224363,4589.841531707683
7819.627538623392,9187.556907482995
6262.228713566873,4661.342078823458
8176.989485235438,1665.7034799805438
7265.69613649782,7715.191875112777
508.32279187591035,3531.174645433537
6540.16393615309,9270.2182993025
7391.828437863114,3403.7536863291675
1117.8607805085817,7512.989543169938
3334.143133924522,30.33751161477749
7350.514770654011,7030.512761662307
9267.282706258167,1678.8965934208732
8613.603135130317,6120.391087888985
2510.85797498666,8898.341895174286
5648.444053011684,6455.750275042947
9907.939675541667,5892.257451322368
6216.027764017213,4129.635386641708
3910.048837406874,8981.822840056388
467.26312703585626,3411.5383674968116
2608.999427740639,8888.334004638325
8019.053129773001,6593.311667698508
3900.5753143534107,7030.790614637992
7549.913170255074,6415.151619033484
2896.9859683698974,540.0333368590071
1208.9993202017813,6118.001783802979
8344.882376656326,8845.075901042168
1982.6131420516924,9019.904469008821
3733.464814113476,5542.589678021494
319.51296620894243,7635.1789481715705
5635.669850313319,3739.6108034056906
3111.900680217875,6384.850135516981
5563.064658767076,9796.414792220748
4236.491788624367,7551.859930432204
1158.8419538433682,2875.064164249329
5689.291869973956,6637.7564085058675
2747.3782923805434,8234.106970059489
5294.057289207034,8280.517171546666
1797.766792898805,3173.0954348150276
5205.663013477385,1122.6535393694958
446.266997260002,5006.491544541483
2195.7834241360074,6470.580349515874
6843.239703073204,9350.638448806998
7763.132344846521,395.0990076163008
4976.213899751827,4754.529116521235
6670.87978530303,5077.721383218311
8709.640824072541,2589.281030049333
8821.17660720412,9438.331290942526
3990.876780884479,529.4469526118183
6080.710795768762,8120.398793715285
6959.550287978656,8322.374089634834
4462.453899789294,3914.9983467127913
2104.7670781924253,2955.716082630423
2309.740416848274,5700.565941830481
4083.081857213283,3349.798459112282
5277.072789364681,2081.433973418251
6268.741421460782,4067.5501553153904
3021.48498870198,5531.118483885686
715.5218643382544,6577.083508514704
1002.1673203506143,4299.853990508059
5160.366379721183,3963.05148511214
6400.317996911713,4610.508477840332
4560.9364187315805,1592.1463835520178
722.6399194937827,2702.272997785734
6605.471232260628,7480.916734639643
3120.1105999474244,1611.921035208781
8870.360429522965,1713.7998400965594
7327.229811900148,4109.482752861051
5988.696812769517,4419.395854297268
5855.943422097609,432.81980544981445
8078.128103852207,5214.5925425328505
5478.69797300947,7995.807880564185
1581.3527251548232,3035.4667246555155
7019.854178741961,9002.851821317567
258.18687325433353,1678.8432186012692
1630.9746427706007,2525.0752921859985
361.75746232662397,4656.050597052625
1460.2519291416672,365.9037461527814
9264.727635204294,230.26271270896737
3355.2496776139483,3682.806885411558
2945.80436702392,8165.234196160167
9080.969119255617,8311.568083422593
1273.9681412635528,457.14920067146284
2476.4333826041207,8682.131017715772
9278.310297963992,1013.0783726862269
