x,y
1912.8915669651435,8906.403862806172
4074.052716113488,6225.784902212988
9369.492539086954,9901.984904623572
3772.519857156954,8193.698179343586
6640.741211998341,443.0981123832622
2550.8722242139816,3205.939070803178
1270.3357597323172,5718.757164709517
585.3660008005013,7214.695378714871
3054.1349854275136,5503.364977619415
1576.6102679690796,7861.304224621818
1740.104480161242,2826.556527573446
7607.5930838695,1839.1205123282505
158.38070944874215,539.166837897701
5578.101257354344,5733.137445715221
3794.613805934648,6885.995206754952
5065.499999085472,3261.497171193616
5628.302372146029,6135.841848558766
3133.676944572782,521.5723085332924
2951.0886018428528,992.9334629680365
7334.018493349057,7017.547722584984
8712.769881211572,3680.6970521729877
1925.8163245852788,6713.340311030056
976.1876053514895,8317.21120279918
8977.95806392026,8526.224374761168
3498.9546364739867,1721.6764546445095
5513.173906628142,4862.855723513465
3595.4314452000344,7339.267236324865
1258.023363460513,7739.805962669104
5893.316449477281,7846.759807288776
5251.408517696296,2281.6733438058445
2029.935591911972,1925.3481772377334
4518.690446522778,5900.124682736959
7969.475040156459,7410.857977382197
5904.261031078913,3191.395155341933
969.1732706699485,1047.0515686242154
5480.214972291351,7167.463829100775
7027.3829928958685,2996.978313800045
7927.034057807514,1663.6272431172183
6291.175786342667,1477.2352839713164
1526.5816454078374,3149.095475267163
7101.732665901607,5926.780659137455
6773.418460815164,3584.022386938166
244.2688294063322,206.6185159343159
4117.476675902431,969.0843467781108
3329.502469623733,2905.032471986191
6694.120642536434,6597.044821470919
2161.358123109207,985.1507346853383
5908.719229742585,5606.568535006819
9132.059618141724,1198.8587082400427
7978.023722086077,2116.153273493815
9214.577362165304,1721.8852755576274
9785.0596693269,672.2863557081049
106.70127006162767,6713.298173865903
6227.412763774775,4634.0354738603455
4128.393977589064,8310.534408973383
8598.544903351218,988.9083998231696
2518.147020091317,1447.3293333807223
9810.294891150761,3064.577313504506
6137.079695437473,7658.6598693880815
7935.37402228831,3057.588231556988
855.9955282276832,4084.187074986926
1834.5788475886504,3016.0356629716457
7584.036730342032,802.2429180102997
219.8652203932361,9394.336228961874
8168.779858937828,5485.389920711888
139.49018691911454,7878.331881854968
6571.188390612733,6583.57092185296
3650.9392023180585,5142.542790619751
6114.948527191991,896.7825665938012
6960.314069891137,6427.335452703043
3424.752191863042,1553.7035593683213
1079.6244811083554,4143.831693562766
696.4586774826564,6291.131434804303
5889.360225625478,7822.290004721234
5206.553537341116,6850.451757086195
7422.010091211325,6715.335290546288
5097.355100039371,1490.422091752075
4224.457900308791,3461.285400715879
3980.8717823623087,429.1227266019415
264.46902597667463,7194.7689317646455
3355.5720169665715,9525.859813174191
9760.201575244942,2641.103901790758
8735.555762270887,876.9670916230932
3293.780670342177,4755.700767536536
5877.954050663722,8566.982231275688
8472.96745535494,5519.741952717797
4412.743367500687,467.77150190113304
179.5786375015096,9742.72240527946
745.1046181864007,8286.499099626008
5103.927213487066,1315.9407705151016
9694.393756758784,9217.97756503509
6932.095422188678,4506.882886051886
709.1619143856954,3718.979905749412
1893.6087579186278,4610.533305271882
7713.2314321685,8345.719568709472
8414.397599562448,6594.7967828678575
6176.945861885909,592.4845239972753
6444.231696298166,9576.043711161708
283.37450383384646,1477.8413347831777
8285.302595815085,7455.679517353511
7882.752081708296,6361.36530428131
2590.3514410334715,1875.2804794656086
7086.76719965507,1707.3207611304963
2148.546064249981,8703.275937046921
403.30161051512994,4196.949234995971
2011.3654259037728,6545.765141741385
1786.288767542995,5040.710038566733
3377.479967348472,7273.5351707595955
4184.494971754581,4792.423750393305
5085.388914977079,2873.799152555684
4767.538755083281,3633.8337099649643
2706.7460596528936,8590.776944503426
291.70668574074466,4680.34692922727
6051.016222371507,2134.493322446093
3957.4482984735437,9346.053880772532
2986.721573875497,7966.004564983769
8669.410428305124,556.6614605619912
7467.433077981598,9989.429619805178
8577.655483724422,6949.266964401023
4949.82794712461,1602.6659904058693
1309.3125212677749,2371.6768129859643
6962.214361212724,6924.454812415469
2060.7377993717523,7797.61055279122
4412.296690917168,2390.3594314980614
650.007889488885,2569.6885389927083
8253.084024229824,3071.2069487206086
1259.4064104750057,5980.183648366367
9030.975070493098,1718.1617830127693
8642.306022615572,1042.431988847775
4645.827644392461,6788.640890855136
7443.682043039907,7790.979397931701
6194.450738181533,5009.294044165054
8030.756423377448,3638.327102683854
4318.051007859121,4320.427135264764
7858.0848424435,3884.078338719519
4624.56817065148,9599.849082376752
9409.657878427939,7680.899052191402
4863.721008251476,2080.872148501103
4626.192719337296,3841.8915205398007
7850.718615635127,5440.122913631098
8215.77691760838,6129.858620636885
5544.8911432117075,4681.8389602876705
1797.9781349507539,8101.266350119591
4677.582309575795,7676.060194582317
9680.725029096784,5051.579186281667
7529.861930391851,8544.293867817305
8111.626038791322,7510.895304423859
328.2549881924013,7785.818487206433
4678.594626341599,9564.007794334166
6466.211336575554,2664.6694120920265
8300.326836280747,2676.481623668492
492.7365358277147,8889.5225569064
8524.388856418731,7722.263733856795
5484.009367419117,9265.455414356275
1973.1397057605993,631.3016032445306
3172.552164497,6277.570772615965
2819.2955175156076,1446.2833812344745
5308.590342884758,5038.9719829258265
516.8567991113182,1557.4693185344424
1585.3615849992352,1280.7850898487927
8126.930433757824,121.68345382033152
1326.0399074681106,6302.388123829043
2333.9626945812697,3590.226166900861
4533.706056041573,1051.882848789717
5171.208881133304,3228.3777773130982
7636.104796141586,1689.4409145158495
4473.324266661878,9416.948315016594
7898.646210355388,3200.0488576134812
6183.463070454574,3339.535232893899
1130.9973942382246,8398.580033995857
1563.314383928386,6477.557612860042
4370.337254497708,7101.716074030013
3968.893930890396,6360.0180398896055
7435.442696372946,9461.962839485654
5807.3713979735185,2070.008315580452
3881.330810022493,9890.392417557958
1707.6028345038562,8309.561775565131
2268.3710232549515,5889.725888763422
5755.01018469059,6623.71624396249
4234.388048997925,6488.2587650061405
5149.275088606721,583.9622405915391
1706.7743530223368,2180.1649853193862
6629.062523445658,9614.70884524749
8525.38740855967,5343.644288593793
2579.3950678690057,3783.5360326191203
4915.142258318266,7620.38463389075
9755.273290209017,5245.189426558096
3332.4174055072763,131.6277143189759
5950.463449237612,7362.375967151179
901.9570020024437,7322.175600528613
6060.150024794431,1651.487121099744
896.3177330461791,9566.600884242134
9592.354353238221,2239.0813154111434
7156.626520723114,4577.493673821993
7881.597881357065,1147.3596126091468
7041.043607716369,6032.823194505884
5897.290360764658,3754.511200572125
4499.127810855053,3531.734622097055
8583.733797610625,8269.768772209472
9568.35667543063,95.61712850478243
4990.361729040813,7979.467708924225
9315.35049155262,5714.485657480786
5833.329099885175,9860.985134801991
5383.841868964332,5894.43220604249
4544.827329553566,553.7913414795792
2092.8776153011986,506.4532644372632
37.196608180591895,8831.529863718319
2415.0622685606127,8412.141455110532
5097.2317160356515,3458.9007558202325
3799.5995225975253,6180.324841811372
4484.852280026338,4895.913570556003
9806.482195640496,9671.640551360522
3502.7237066932757,9499.609008768915
4521.829393601079,9838.390085407746
1335.1555135281956,8664.487806342642
479.5773243698764,9095.515907751012
7754.095145924946,2172.787787671364
5706.831750719786,8310.067889897746
7607.04806043895,7088.571132042747
1498.6279888655163,9627.865088280701
5718.287711826909,5712.618284426194
2536.4247434137556,851.6716671055635
2280.618169000199,5973.988911871529
115.26014052985256,6865.809280212878
1303.4072356907188,2203.2102871242832
3092.6811149969535,3941.133835127284
1168.7876059093905,5985.034140516799
9858.584404109375,3741.057373165055
3086.326485239507,3749.4771723866393
1303.2394670232816,1330.866391727974
1990.8231282795773,9407.46723077666
5877.032283414765,7504.943844950965
640.4352386478851,12.43438866102009
8624.341301411569,7656.132840221652
9614.996792371472,7397.949926578587
2467.4742066738086,97.30960155522995
4500.952685908594,3696.042976137646
221.34451029497072,6067.476903255307
6407.102247272215,4527.506518580359
4139.260580525889,7779.861187205072
2700.5846610155572,4254.58332634434
2068.3711061660847,1538.6296945383704
6540.230776587605,9764.156242738285
4162.170310323145,2420.399927760466
1796.5928902991202,7176.923105413323
6891.09081486824,1431.5631166407195
5650.722830366936,3290.1261378393265
8586.720549294962,4420.276084304238
1174.758988764929,1922.320045270639
7856.666019444561,4499.595763686095
6735.16786817259,1571.6282299175
1150.1093682809783,5590.065389858902
6948.207298717207,6637.13252520194
4415.472888798304,624.3428402801077
9449.847855558432,8711.321210821681
1416.113506178993,1851.4088504203553
6428.3339081573795,2253.624253203238
3819.8004546294596,6613.49840083063
9568.146705908777,4687.510604344141
3299.748952902765,4993.955991710657
9621.859094918002,1281.549845631327
9014.858511007491,8057.358218764082
2703.8323531065635,6170.5424610421
8035.417768264277,1353.8204330945603
9956.04201803506,3739.99367025596
2526.6300217128237,8104.099327350302
4367.771693233197,5683.550459866206
5201.807365667597,1086.4877913293046
2949.311358038643,3727.7704578928674
152.6483964602976,2426.943984557346
2201.2924419752667,5174.655536537263
2819.3688434175847,8433.611288719896
4435.997013181872,4362.671348044198
1711.0247841340188,4333.4203036832305
8732.543566916725,9053.50902327037
7049.111327313361,5761.854125072724
852.0047755966198,5661.910873974069
6500.924511399314,2619.098918753894
6536.564764056204,6077.227478371263
9562.211736436277,5759.104674173964
30.208713561612477,3968.51470341864
2479.324498058072,9906.955658991805
9277.914793753154,8818.909649480867
9321.33915398283,7495.862900768156
7205.864193706374,5373.455884130005
7657.6332104754,4620.598018946303
914.8295792964711,1848.9739522319937
5138.758347782336,3057.374740146237
2315.829912889994,7739.607998232102
1812.1804361361726,4537.489539375514
8103.032991233325,8822.695165695013
1350.3813668054743,1479.1113634552878
4686.516369963852,5083.470960136365
9385.782395860331,6469.656840213087
1858.3205556534256,5168.48456307926
9779.934237382346,8892.26891584987
9942.879857610591,9895.632818291399
5556.171546824029,1158.3465834136975
1701.427401771579,1299.54904076921
3161.0488794089565,1303.2411356012108
4244.928326765352,6811.770960705276
3093.2422435822295,3726.760954958379
2806.355798765158,7333.14661265906
9722.297092163575,4054.714728869787
1533.6482741574564,6276.067213320636
7333.279087168623,7698.5800567889355
4.102894391748713,5482.159106549206
5961.826694023768,5395.0359045000605
9159.430039540524,882.3432528563446
2879.3409409321903,4107.817429094348
1855.2597525771919,5457.771532249376
6516.7979487842695,4619.8082566641
7126.014072983931,9007.820001884254
6880.305189519813,9065.306321194894
3193.1688002137403,8219.173805887618
2522.0240215933086,3752.9807537312
9559.187999620442,7172.991516875343
9232.995082699295,3952.8846106960978
4573.166098928203,2325.9359897575905
8461.938661543734,3429.026435508816
4523.234776342961,709.6463328553548
4243.890180725104,3317.775090046472
1567.6294759929465,4607.422172611716
4264.060564919729,9554.8089478083
5374.16938599807,3134.1058621962493
225.04327428686466,9024.535392055206
4441.130051754064,2288.5827582349707
7813.562183952003,1909.6889775924942
6800.4605637426985,5189.95456432165
6351.56988863935,6725.11369297406
9095.554284372025,443.32250802281425
180.3200982523001,2210.658650472167
5570.475861922341,4556.836665013164
7873.488484097071,3310.0433598318145
5413.353827012673,7126.210793483218
3238.9555258037917,5111.605960413168
1362.5056509197786,1603.591056039002
8875.630718161914,8944.653793150905
4707.62392387603,2929.0567548335957
8781.151969857014,7311.311089644235
5858.521224331683,7799.157791054099
6741.921166150008,9631.577002561022
8042.6115437845,4985.0746652410135
6591.555446001344,6158.355154644321
3980.548406789377,3348.7629347953375
5136.33383928651,6781.792934120665
8030.455246758798,4633.834858663197
3736.502963729842,4376.523647244223
3881.214567684971,8554.675291161055
956.9011605800115,501.68843498688665
9145.844352217477,8819.624278318684
910.3631494544173,8520.69837828557
6482.091774485559,5063.662535617891
4131.944788027977,4902.028542056282
4056.1939025544234,3618.0736803549016
6795.518365726839,9941.737916817343
670.9373262987872,1111.6933275384122
5937.057829514346,5902.15235628607
7720.317859723547,6816.8159011241705
8282.127578865942,9343.300082169444
1705.303893937753,7802.034968567615
8974.190500781737,6438.472028115469
6561.460918474422,1168.1231681212266
8818.548008206828,3737.335168314674
4852.807171101983,1388.4164254798525
5420.33345097202,8812.127324655137
9190.382770286711,7496.21155563643
8999.095433546718,7575.3678679722925
4481.60873369002,6522.565177735441
2744.1263163568174,5070.435369367096
3931.7043456426413,1499.710594634972
3877.643285297497,3296.9488670505175
2868.6687498279393,1369.1579247689056
2685.7960433296657,7249.131428523432
8610.629364797194,1602.2877602200504
698.6192068466169,7021.135501716855
6776.111820995941,6922.553895959047
1728.200514564523,4593.044789912889
3445.0589339406324,1352.286541180523
615.4303413483686,3148.008261340367
2699.7363685546206,3200.9310907555146
7684.210711172421,7003.851331432934
8850.153245472586,1137.4301941372432
2215.2715190236704,8290.686462160907
4635.478392589219,7610.072901859139
4703.240479372064,1863.0691817427391
8735.753057597341,7191.643817788894
7627.990528758054,6685.131814678218
5130.7721836804985,7481.208001109263
6707.472004717734,1889.2855544869446
8473.550539093669,1575.9032215646862
95.38954025544943,2364.839859227542
4028.9003105004863,3658.7170314897567
9072.431672770786,7936.649810358012
7403.130308439514,7379.2393747885
5428.413743340747,9254.515922785331
5296.445270351334,586.2955909861545
3477.700976044378,115.56281014185599
5205.205336415145,6991.388297007991
6553.831994634533,2792.8749579416567
4183.630384287931,3340.788955338175
7141.5314639217395,5468.0202591451225
8612.322272603858,1024.1312312679852
1546.8484818486118,6426.944165480497
4515.470228174244,3251.474462311502
4080.200912850811,6327.1512430099165
6874.648040497281,8340.069130733858
2498.6746525792937,1711.1133333742966
6402.5091495227625,9308.730929145202
8774.89241731488,5306.881410624438
4181.315997936227,9229.277651739683
9110.1569997922,2077.3008220177812
9931.637389334785,6045.626646042376
1060.9204994795207,4038.871173236047
2330.5318798485864,7742.221911560132
9503.797514820932,6059.089432132963
9583.276864813868,4945.154569583185
977.072753867585,9129.854064310086
149.98500377136682,3771.1706417168025
1611.0002325642226,2199.802048981815
9960.127833822484,6081.011868520917
1799.9961661068687,6240.284371728138
5025.476067220231,4390.946215718754
8484.17726430511,4866.100436893823
204.0161068820634,9595.534142998999
6044.889822584595,7326.856913968013
2770.2544886962432,1106.0175148257701
8623.349164397316,2121.3007087061096
2834.6114926407918,9755.76634435559
6867.557202819089,7264.655537935313
6742.196324473969,9150.451261446531
2214.9354885964003,3038.6146398872206
347.99199868350115,7418.6686008659235
4092.495737853973,7140.027085235114
2891.931519658697,2946.899854393751
8089.777496137086,5508.163254507053
8003.641884553453,6274.151112702953
4570.239521926254,4811.3181082746505
6065.122253232189,8271.787066580127
6042.595159869252,8328.690417979895
8271.581484276234,8506.005483015568
4250.024141231975,8034.235690981628
2754.466797905091,4880.834771971447
2650.3491814054746,3814.382981490072
5361.922792822042,8313.762837143706
4491.482027322126,4902.014585562669
4401.207709849362,2463.7139862798185
911.3733908970722,5073.435323222163
7186.037406901956,1418.4982191924212
2137.366879819107,6916.294905987988
1969.5363020872137,3359.212816239063
4127.583202773934,2606.587984474543
2277.7834161780142,9565.08746234745
5838.582673080154,7768.809957583076
3714.633393344715,7870.695027239316
4489.117225927901,6237.219692791835
5371.6932160402885,8391.728105102971
2035.3552248180483,7591.624811633813
1557.516228655298,5987.737041336165
8804.219028736048,9611.244018517173
4337.23702831421,1915.9494968442302
4120.936096325391,9433.79718994751
356.1215027284148,4014.3816199886496
4979.763025873932,5283.989834014866
5541.697216110001,1227.3931954430896
5588.408709546665,5401.074389217909
7070.311693228843,6112.067518581934
1774.8183499101178,9977.01541808524
2522.2313423061883,9751.924110715265
8107.304652304127,9663.972918742873
9471.70616843394,3483.8806010205735
1359.3274736732064,9912.664987450435
4976.495545052182,4554.781515951108
2141.7625273958683,8518.362587619005
600.7316835498244,2163.19969018972
3255.033381261354,5058.3317965660235
1436.8762518421274,9660.120961276054
7099.330734342463,9470.313969234276
5337.254136714444,6837.348778214267
1438.3447099031089,7978.143225530598
92.41588405514366,1764.266966024014
8081.570490242127,7216.5854948415745
1761.9440616424754,6180.508083353723
6062.16642220766,915.5173575124609
3369.2191307674557,1131.5900658967626
5854.859383150356,1084.4361775126188
3156.53626982324,7243.569348298356
869.3956069225417,1417.1520824757245
2229.500085577536,4677.322711144705
1880.585664790756,3569.8180587775773
4280.193524396438,5505.041407702178
6582.837834261573,7064.764872194028
2638.0607494635756,6847.22537221332
120.6993530061795,5155.199159143766
5189.373642647569,4643.348736103855
6057.59489358972,3978.155951222587
9628.704940018097,8619.099483043794
5894.708030932468,3308.5180487264497
4711.725593781419,2593.6582116749487
5734.016258977038,7433.154936552713
9279.00629862027,3597.6346169672647
8283.781456016462,8469.985997572685
3229.78733363808,3278.8871863714476
2372.5436365713726,7019.448245745882
2626.336123660736,451.09006285336096
5044.21039715213,3855.6288011032
7440.494512285778,3432.3017496755147
5032.1920718296205,8166.787392759234
677.9639582811259,9670.5540322831
7235.807004399809,4608.812766929615
8059.701286709538,8248.36277153758
2894.9786511971965,6996.947009573651
6641.257392833504,9673.859876636932
4265.919010543934,8111.085143428247
8891.193557274428,774.7806596373052
8452.255581607398,7132.817223822362
5254.319983096422,5354.997154223736
6915.055458135945,164.36057932327165
8833.49701022104,2513.129587254437
4957.170100782755,9217.55245026893
3132.5074048882198,9260.613727867529
7536.661379095813,7988.504602006345
2200.6625478469177,9817.796032779894
3885.3114800604203,8065.452246242048
8657.272371067937,102.04187285245192
7244.223402693151,2878.343403015118
4038.1100524749922,306.24182237762864
2147.445024083574,941.0796873755944
3559.6839083223654,2188.4081695077607
2841.04149227433,5035.585463255225
1760.8928794385392,8475.320034620177
7433.329135656567,8619.667561571081
2520.698868501715,6162.018585572965
4541.674701677638,9281.75939066235
3858.5944683610905,5000.623265902081
9820.773786356309,8890.360441332015
3910.922441482205,4540.652563320121
799.8248279675479,2772.2500742188226
898.2575257208402,9164.129181004277
5907.537213530648,3879.350756788693
5993.635517382656,5034.041088444616
4187.58990482655,3288.6063253067723
4318.436923120297,6628.376002907298
539.3258284087121,9950.312250060355
5165.465103892622,255.1354886476964
5047.394753803517,8998.480060071015
1495.4931855694454,39.26056989265403
1038.3938611092758,3642.2788114621108
1235.724905994905,1686.068062895143
1010.2824649125852,7573.417806725513
6097.081955367598,506.1084075717348
1964.8265240291862,5534.849535843279
2514.3015218746345,2949.2613384531264
1735.7214415143974,1336.7024886470213
9578.353044485031,7718.182121026408
8546.174631518354,2174.168342552567
2304.948373515209,2236.752120549389
3275.66293922126,2750.76785137923
2098.9284230499716,5867.667638280274
4918.759594608237,6596.659316907483
196.10532474253594,176.02523701344964
6713.680088967957,2418.6963611379033
5231.581498176416,4309.708425052829
8986.389283011033,3319.769521612331
1643.9268432841413,8841.706585108861
8041.092460611317,7877.087308864188
7919.610144667157,6258.902155388275
1271.8118921688692,3380.424159970398
3985.5922414412757,7006.723448461598
1701.5264114451688,8436.380128457944
2547.205004575489,5948.303773589867
2632.4617483054435,7844.614668933791
5562.363940257727,7491.049613997478
4114.109317604655,5717.373111603222
9477.328040063054,3121.8321682151095
1263.7014194700514,7457.821580012718
9736.921348501988,2067.9636635760644
2306.3864021426393,7794.883464715337
7728.739363818531,8045.466921425331
3389.699261728214,8221.44879570373
1430.813954173139,4729.159709784576
8578.891852462399,1924.8076777042168
3088.608992364632,997.2360006606873
6588.554042268422,7433.612504879242
5664.436850866266,8862.613845298132
4717.563093908743,6508.383588369066
4958.194726485391,1441.6006038836958
7322.379140922875,9348.96448517574
877.7291412344057,9891.020145393195
6681.806619579052,4333.7860993492195
8958.121013985787,5948.2528927377125
577.8819701986415,7772.285200016578
1406.5333923366675,7363.897900500447
7166.319367020314,9677.871919334491
4372.8164824461755,1148.830910787889
4035.4862081368838,5807.248661428057
1369.6663454423585,6919.314196730921
5067.700407177881,8900.9842418767
1265.4531119637725,8741.096277181507
4766.204563105404,9779.997935612899
7636.152989616567,5120.78453937679
2582.643578871635,8307.608668132265
4807.861681797273,4272.817081273277
9920.159693968357,4223.138778560323
6866.504233540372,2533.48364472859
8413.567713051985,8182.372870192298
4148.476065605458,9858.151058135156
7678.609231258553,2563.4172834725787
405.09172941321833,561.3158802107232
1229.1118254224498,8155.424374190074
2030.7059292006213,6202.300525347561
4019.5192461521956,9596.988005510044
8457.448783257632,2522.3921907695226
3462.660507879305,710.2765800128108
6546.211935154629,4924.422608665016
7093.142948034834,854.6602296514749
5861.823540883414,2617.9000110270745
3572.419681701362,1259.778608191683
5770.5334171354425,2241.321796600787
3422.6559278974623,1061.4465282139186
838.7373855201208,9539.059994272853
9928.039781860143,2785.6271344973547
1271.824536325109,4438.975859925655
723.4838383605735,8986.118076342224
8785.307492071559,6773.215879614743
3018.3466089289514,6180.374805617743
6502.969740735076,7055.631903608371
3290.0572966223285,8288.222571053819
3914.5427079447113,8776.69267851761
2621.129720167965,6426.396706650265
3430.440057930102,8900.072746940577
4107.004005865431,5353.975274254769
7204.160690923429,2772.9085626842343
5115.361942347918,8800.767088838444
9435.652171569769,5414.728274130871
418.80393838775507,9061.375875672344
5030.683226320281,401.6781395058122
5842.247888317182,3975.157515412355
9201.96986074274,9478.050183624682
491.5852362142759,2496.5009275830275
5734.99584935216,9415.362460384926
8536.29928527957,9539.0246112925
2419.2772811923655,8821.423142258609
8762.923485239375,5636.680450932987
190.43409274291824,6469.394490806385
7324.546291337298,8696.169984498692
9331.13221168653,7758.970823891844
6571.976616400622,6300.938494554116
4390.29243980448,9822.594078707027
448.8101647271803,6856.766363336941
9201.138133226288,9754.819924477611
4702.962226915748,573.8847460709073
289.9674433594801,1389.6037074221247
6898.210713287619,4514.588460004906
4818.372535762582,3848.7946088431513
1243.4531744241074,7827.348413570277
2142.718093102596,1606.1402646920376
644.9068045584627,9760.951791114885
5742.9353970857355,3150.6587526091403
6220.294792520092,4289.237077401594
5057.422983554444,2747.450324400229
8171.021330026149,5793.636173265473
8610.088213080136,586.2870042258395
6156.243966831266,1496.7750557044878
127.56479707430546,7457.977034187242
6952.296557477356,1865.005834048039
4179.992169203516,2355.1445155666283
5655.57483226387,7929.822357248378
6490.806020188844,933.011783572536
3502.3661432707677,4374.738227708409
9170.985051717942,230.63386997226988
1339.748667497812,3468.073993179038
6715.1180728103745,6989.814026107545
43.595799565804285,901.0327971722832
9246.511054051809,8883.346267787601
1125.041332380915,9094.99042940716
948.8423014757464,1049.903751251351
3330.0763305224423,9907.324363757767
3735.662860390806,2975.2955339548894
2143.0007232287862,841.0167113160605
5851.216609271247,50.671144972622706
4429.1409804196355,4085.2289576386256
341.7558904108742,6298.099857061176
3196.5206225530064,3321.7924990331326
8104.329135731705,8367.173654746228
6897.0153486186855,7166.062755650501
7248.708535798804,3501.6153196803266
6981.1692408352355,7343.096666086047
3109.730213830333,9404.877369692498
996.6392207677588,930.959985430171
2724.67184033096,3061.039601576169
8317.853001851592,4633.259391166933
9804.70797783071,4979.901277547686
4938.470147415614,5421.956448860737
97.00354923042221,3006.2690653864856
1400.4481213422903,6672.596459823491
3220.8057531626578,6450.845035298297
5785.853485929498,5778.215062716139
750.9364580531396,1137.6172171087662
9433.572987098816,4769.678910959445
3650.836732844007,3562.2688748937558
9125.84217924823,4910.384698381226
7805.218027570218,9218.66435515026
7554.372725155811,4805.3134315840825
6067.19579782232,139.8079183951184
6267.838170518446,4388.36738084131
6380.032352162481,8206.48180049382
6287.213870255821,7800.609232181682
5537.282313983613,5133.90073528181
9864.14018482889,2497.690128593153
7322.905674256961,4650.886629145451
7769.463883925212,5637.022194181916
8724.628150836741,9998.714382741338
2156.397627258492,6441.780901693774
838.0415909506078,6942.649300626134
4828.944365985986,4914.5414356805195
5140.806956192731,3544.8955078252984
8291.817799499177,8129.52983647206
4437.835792823357,4949.323243392361
5708.530255443127,9946.901299645251
5270.7093851345835,4571.205742680441
382.0278375739106,680.0028364757737
6152.14896596914,6825.781370900828
8280.432857742522,466.4145092581107
1575.0054807580382,2505.015968847033
5943.317339265957,3537.3825277990336
5936.105444464144,7394.835856213276
1641.8496405635874,4942.359264076128
1234.6357373073602,286.4593131025661
9800.519429764849,6168.498512759222
3937.1916965303753,4114.362374266623
2274.217287235293,9218.34509967107
1713.2454445437495,4995.623111402354
6676.0171358323505,7089.751459393389
6094.452973272788,2188.6849232954687
6435.521229874174,7609.735645316532
880.0602751145226,7209.553104836724
8935.34583498437,9040.817085413082
3892.6639680904827,338.21641719199215
3133.694064303579,4475.006976174512
4623.614472477392,6791.5540273963015
3900.6606574762827,951.6390008021502
8635.77003139146,4106.040671489124
9292.60975197892,9421.466030661953
3034.5321644960623,4359.344908911282
8639.358074599548,9854.047834806313
7815.231295330671,568.3906107981962
9308.076723447619,7178.297761408913
2457.5031218588783,5810.162362482695
5769.591501209791,5005.396771321254
2745.4458474044463,9708.474014850093
8240.944904843742,1296.5040049112863
53.24190571064258,8959.989516809133
5648.191628863961,6912.404111366102
3392.03431271918,2589.960732996327
3226.8370707782024,9016.691456322935
6449.06323864917,4292.949178610133
8514.844493139939,8142.273280730708
6091.953913933262,3888.3651704739996
8531.729786467225,8509.30827433241
2645.9711188102997,6366.291184450487
5195.018547649811,1410.4663358372716
4505.3653906707605,6496.631634695275
116.44899503096218,1913.4476270187263
5568.121431407401,4119.226278941626
6615.243241461749,1702.9558425203372
5919.144044190701,220.16115667118586
7362.798987834215,2118.865394499575
5713.395284530771,5363.720237241258
667.5025485075691,4815.60967777346
1164.4552408471143,5014.970955360637
5964.745775439524,2476.868784466013
2749.7919197364017,6851.6120061418615
796.4512903476584,7042.632868203458
4296.027434485468,3579.6782555966556
5543.225980836553,8811.700884741744
3287.4598834960657,6440.2321663554785
7204.33702225778,7130.392752586317
6437.706081012447,2773.3991793893942
3328.1836109167198,6.116351555870425
7548.725289085606,8653.756121021095
6486.950425330355,8224.243845798084
6374.453787179021,1231.9188804283021
5534.277007870681,3741.051349563065
113.89668088552796,6613.393083885826
6965.071834768891,6521.108572187282
3760.4179110915647,8603.503348085565
9426.097101586556,1402.6816163542856
8179.847710772054,4299.397477851187
5876.944695313122,972.2441792642478
2521.819818192694,3895.9524843862814
2037.1739327766659,151.07445587704382
3403.848376775491,8982.73065110127
4765.679435800185,5270.439968286811
2960.655100389471,8498.022608023537
5149.2949539248275,599.0470100336375
1653.7042551318593,2274.5811047292063
9777.128128254999,2593.799952211806
1079.2455496499388,3866.9149463878803
9319.44139654372,8028.663723975461
9135.78011402695,3865.5787373149265
5253.60481819498,2046.53529646327
7249.102718360844,649.9026033876843
4360.482979725878,794.9174835268747
6300.345775424382,7600.472059609774
3405.7593742111867,4448.02991036633
3011.5901978544534,7261.811220000152
5782.297861695137,6822.871217636975
4981.296741839804,1353.624617602578
5795.363691499811,1428.879341922672
2866.60581287023,7553.420154341339
3669.5783181699526,7212.682934854172
838.9796062890931,3780.3076687431035
522.7637227220572,774.2226333284008
2534.5712967301624,120.98021698452199
742.4685933054576,2881.5694946174485
1037.747086347407,92.22273587226937
8129.284053939371,2300.7262110370343
388.736970166893,4195.007402113385
6589.427939347427,1214.157653119542
2725.577488154005,1042.7775783154625
8715.456807081264,8964.374357187366
4849.922845774995,5854.700290228892
3055.7645932782575,9344.556867627814
5176.389356894345,3458.2616378567923
3819.5801904526884,6771.449373291632
5643.0106466983025,2046.916746217904
1145.3286832634824,6183.4031727994125
9969.905028125511,1295.8573000998442
4255.558776967176,20.80639176285759
3482.3063970736866,9315.31801409579
7102.098483162649,5548.943761752093
3638.9940649533246,9269.406627820395
8332.743050287576,3338.3152370207204
4542.707243604253,3277.8606916175677
7195.584132654349,4006.550017730317
1074.5321644188655,7060.409839581683
8461.191855551118,5658.086341861742
7357.179867781098,9253.54907099118
2117.1677846196567,254.40901132439353
1452.8600974578665,7081.959379725365
3162.923487256244,3303.2768936655434
9760.705860319043,1802.3365181846118
2568.3157456705862,5103.956225200989
4561.272089466333,5050.6378417999595
300.20225717336314,1370.110286884284
3972.2752956623253,2018.9605613288986
5713.200154331027,4081.646649015549
9531.246125079651,4088.1141239231533
5167.360449400644,3175.581396196847
8191.073261776878,1485.4515150998093
5471.276425689006,43.73679100979522
407.850134355181,9702.350624280207
3150.0827518977403,9434.992297039269
5755.495078311033,4836.503791761352
9505.939659311243,9950.517532750056
8591.303597512333,6736.543307822432
2283.5561417884765,688.5753760754154
2201.098300191635,1177.1819908262737
2011.7296711390077,9161.108438696378
9224.98896302503,6300.522021496285
8526.661531017207,8431.836266573511
7748.8343225294875,8982.696496338443
3927.3511422422757,4479.420112823861
5043.807042987668,485.2595157669304
4643.317447951528,1882.8034889732203
2533.9810755937265,665.7194730243509
5050.2804614876695,1887.3984569850732
304.96547852754463,4105.329264558768
1318.1037349745916,1181.9681051498542
8865.895961689464,1667.3324780534326
7516.797670314232,4458.217820716793
4228.68409059087,3401.7095038848956
5171.503622838773,4676.58124188041
3699.9888595997745,4291.720277590621
7407.798671606724,6444.780259798835
7841.871792320796,9371.895488758544
7632.851902031591,1078.6433844424248
7226.117248344496,992.6014930919491
2045.0433869279582,8528.06111090902
3379.699792404788,5063.967046524591
4698.454349836749,7664.050235684422
3307.9299142765562,2154.219036072814
7549.402001583289,8288.625731675518
3293.5352424995467,9238.466241926959
1382.3208678533715,6354.830155464882
3990.404520483041,1058.7902147380223
9799.144327823804,8952.948141563389
2258.814129335759,7924.877273700713
6121.586589432291,7508.777765144899
4329.7304983970635,367.2818890591556
710.2456764932663,7989.625252569712
4878.766059980595,1379.51010468357
7021.643286483125,2223.861761968884
5132.199758278188,5771.348348692575
8721.060637465811,2649.8077291688305
2889.3701665758263,6613.482063119197
862.4917130396492,6080.704476990816
9365.656116580061,1081.4959801326263
3781.9634952821903,6560.145795915063
5764.055514536333,9239.5490982493
7920.03126130196,1611.0990518583312
3243.136638755806,5970.620209428874
7161.645381776111,3418.653719366941
1354.1884981782803,4596.116717736039
2912.9374720550527,2870.001790789699
1447.106361365199,3541.306363476953
8112.3055840135785,289.1182326655728
2226.4923522678537,9815.517379172206
7174.035554052103,6247.999220727483
9432.983972456526,5007.055904938853
5277.72209068877,3837.153495003267
5400.291922606877,5393.745588240276
4610.335680978121,3801.05998715804
3258.9014339364276,3599.079274936733
4756.550309249171,4639.465417220131
6028.075322667594,2759.8303367119083
9859.915721706593,1800.4989996678544
9377.645593182242,5566.058981802935
8621.529582931218,8427.654361503011
8891.305357048583,1528.281777258923
4678.491832920429,327.3434060421865
6574.443271774649,2468.1174515403613
8950.667229362141,9797.206434538108
3929.5076499135307,8287.580737433393
9617.624783454688,5958.660535285966
4157.86062069183,9292.489152431359
6010.826653932157,4452.791168372446
7098.047132723719,9832.806025751739
9505.920130759383,2963.0204511928405
2446.1627405226604,2403.057495159391
7461.309782386423,6380.48201147011
5208.155861440822,3781.539679503604
2685.5714062064108,6263.655419762578
7766.068397963905,3049.955183026858
5522.222801738466,6179.182568379911
6609.738206496758,2757.4626058503636
3229.01068577901,509.7206881888994
4812.73951827605,9121.359019231833
6173.542509880671,8832.052018734621
4049.1081426984397,9707.98149272672
1983.7253984770132,7165.271762214047
9616.40492315304,6827.211777353029
5114.675400426174,5590.030700748307
7339.2037028770055,1259.4241635252267
4110.471935560581,1892.3531094927005
3551.3176402571635,2894.6968867253618
4071.64298467125,8901.563625733943
4091.966437856498,1729.6952460307514
5441.801159419536,9228.731744878907
5434.698699813632,5227.857330514172
4971.538158828716,7155.696354730721
1347.8578491743808,1102.4448668056652
4960.7547850053115,2690.335487759109
1691.0390042065148,9585.186081814263
1261.3578629576516,2661.4994692973137
9326.457173411678,2965.217203911461
6049.5001314770425,1975.9738484107947
6594.900581245843,1290.736653068295
4017.9367033336375,2332.57641453998
9089.808919148642,6423.268919507984
6379.304895796655,4553.677335035635
7691.698695235875,5537.558363378986
3685.624690277138,1223.6482876602429
9600.118808191255,8021.164471629001
8204.61290158315,7840.94700579848
8539.484630145436,215.89911142675388
1721.9426742575429,3835.1509451030497
2709.6320787121954,687.7060197114781
2856.2659968357707,7921.05779414958
2709.0922324687117,7372.696831257044
8554.08162104288,9019.88094293156
318.84795208592107,2364.0395895311462
760.999889807743,4562.958831277989
2739.1487062990373,1844.8787716439774
1998.7297464944365,3712.3493447411947
2318.5961388284836,5222.43251566884
7979.431892533,533.3078983858896
5631.265938920469,7148.704106773852
57.706612929679935,5432.933603710752
4293.227657041953,8289.590172106733
4078.8492685035894,2717.8050119119725
1139.4526944454353,9033.211052692544
6761.417886014571,9986.942530304434
7020.971883794911,9192.984383776744
7208.932190520977,7778.924758331541
7284.70945558592,8123.688028737808
0.5282693229680113,5737.4424254458645
9539.208038467223,1901.538629126105
8142.087670546631,6770.406851477173
9039.816965892853,7127.530020599315
156.43295307434136,9853.851402679056
9338.587957857393,5413.013162563218
8097.885286881047,2713.690150250564
8372.191429586986,6836.725217395067
932.8738472196851,9793.758196664547
7387.7802891859765,1772.13908269094
9599.16689642091,3259.979185356027
6785.473414181606,5418.809537726811
5705.614046246064,1702.1463488200484
9456.29677748997,222.20639519938356
4429.37121734436,3369.8312244125063
5992.935663104787,8653.708015010581
4763.382934943662,434.68399323714823
9328.462213602992,4289.290590169175
760.8472676550726,7622.007729260825
5011.197008253482,9531.825969108853
6869.524413854383,9854.753990044323
7919.065384222369,4219.693806087416
5830.186474441363,9503.842943791175
9089.17744121454,354.1897328086374
9419.914468838717,7459.169379985563
643.1922319358351,6427.460346336129
4023.7053954137436,2495.2185758615233
234.59021721154437,5073.185006796489
3294.166573744429,1295.5373776049562
5368.682179706021,8715.97150951561
9107.949305099488,3578.9808554564793
8465.543224654028,6260.444704657166
1274.9972667198572,1587.7628628726227
930.3037474089571,2061.648446312071
5892.6733875666705,9919.563708031521
5321.179724587827,7530.863944413293
2663.7764143002387,9619.718697740707
8994.530845538353,2958.5116521204413
9273.664094615535,1645.628766198204
4026.1143834016266,5030.684634788309
8903.025571135202,4946.682822273434
3839.4889426297264,1749.4651375798787
7368.168318297002,7332.195695814102
4759.422175477242,3617.7753443873407
1225.8315650718298,1863.6523093051726
9279.342012370214,3319.833945432884
4540.9659337753665,5636.586996350152
7344.870403224037,7264.709321804432
3671.7381443129216,4818.908860574846
188.80878576234662,5255.949898283735
1005.3035869183591,1389.459359427484
4962.194794899244,9146.909247082322
6899.643571263624,9287.241979920444
3347.353265792791,6834.265904180037
6954.884591776504,176.31408934024705
6986.35589431956,5370.742159033261
7039.359073278309,6292.189720886136
4925.2185402050845,9946.5422295811
9148.86150121504,9960.669551947969
4891.965179806156,8576.112353255574
4502.651934966382,638.3099202611353
1993.8081901062699,9532.7639077873
3076.5508735633653,6126.612471519991
423.34492518303347,8008.8677047917945
6335.352936161702,4071.9284968585357
2485.357439270929,3196.6947123458976
3041.552544854651,4632.44145483808
7708.145216643212,1468.7451296882691
3272.211831614539,3570.6613875330604
2421.9589201314216,8576.174997682787
1690.5774913370574,379.5048626088149
7748.584021819559,1508.7804682460448
1297.062579900269,1251.1615964948553
4537.537602503535,4030.7554270022806
5069.301160771944,9969.869008908618
6873.899126857146,1733.5793021138268
6332.834823329955,1454.8264959926016
8107.206729451748,9150.557297761545
447.5143392623815,8820.505169659657
2964.407247793972,322.40369996554443
2801.3411877537974,7517.05960179315
1460.1690559210822,6554.657014764296
2891.7825385644314,7677.40809852709
3097.6531414290343,4945.024547959221
5218.844619274782,9913.792184482956
6637.044789262561,438.4701871096319
3811.005136118141,2343.715864038057
7194.702313133812,3965.4598697361507
3361.6533857957997,4497.779415657032
2902.8367731476033,9213.674026995186
5411.880558570243,5600.043640772588
237.16360305790607,451.1099552039388
797.8912363400037,4078.629634256619
4179.69543586527,4164.904123690699
9429.127113917564,9654.909384377848
7215.117798434237,5991.970910211082
881.2656950055775,6356.510711589388
8463.180127808737,7132.530312512708
7323.00770608181,7700.393156821233
6109.465257026532,6350.5107020248915
8202.929606091773,2371.943511339355
4041.098477429571,8740.459143411641
2215.0105085385276,7321.198004106302
5120.233891087593,7418.704850969559
5488.417555934738,9965.567392347491
5383.26372009912,8025.265348633159
5650.737914801053,8291.514031551533
9487.049182391807,9514.055157101584
9022.456230962314,1511.3399984889386
8757.170365589394,4977.273764780679
8014.168109086271,5805.670235907876
9434.281072652853,3292.7572922245763
984.9464167940325,8394.033438945056
2651.232614457395,7624.196216457234
4950.559456545849,7208.830745081241
8465.344931234053,9971.494397581668
5051.6571152273245,2593.8137340839053
7480.347393415887,7354.572516754213
1389.5990524891622,5514.044749059006
2524.1381297656017,3129.8918249387607
7317.7609503767235,1605.8687072312582
1647.3400888772405,8958.838370675472
3513.5593465492675,5954.554827078453
2648.6625781357143,8249.338376407946
3498.616942224785,5453.449840015449
7083.240490779703,2199.7708065401957
3678.4718114280104,3375.4881310032524
5552.633226079402,3815.3884247354654
999.3187705440964,9729.348125037022
8050.176932346278,56.332783813825
3698.8862564812484,9856.66023024507
6485.341590333424,9804.616351098306
7253.896016618326,9961.507905301365
2096.609221117004,4765.881789196347
8846.7498495335,9638.089696209996
6162.242516069529,3955.9918184982735
4287.251417514814,262.9444066838671
1823.3518357821954,2243.471863717645
9423.009379012066,9452.962449373847
7550.682041316251,137.6469333539998
2080.2456273324888,5459.941354229751
3377.107747242245,756.0158889467905
8096.742580880733,2863.9657842757847
6956.77663215339,880.9285071188666
7657.842927157243,8595.286211130564
4412.011022129324,5910.707096477058
7164.762626421669,9021.06465718313
3864.937228639137,6883.531995402283
2112.6291693819644,9710.291312450998
6326.770348413599,5098.776547604066
9760.139255987942,6387.105817628745
3106.009713953296,5763.088198890566
4609.6959221253965,4842.604294466128
6740.013710698536,8459.593654230126
5415.0628212248785,6445.251356703602
8434.277957090493,8013.122648554728
7617.427064695159,7863.639366024132
582.9720386235704,1910.451606552953
9984.21233923774,6501.635325176437
7524.024537194672,1996.4801918133412
8639.033162941132,5833.204782437709
6511.977120953464,6774.346844463005
8562.851280467623,9972.350715875868
1123.829749287094,305.41978149738355
3477.378355593156,912.4239411372092
8764.209436044928,770.2669637123149
2016.5521126689223,3983.6128626674003
782.4209858002273,8215.883614858138
7881.18939945219,8440.563327871356
8354.861556432961,7369.795957211517
1626.522181899006,8968.782418299477
8543.459827827155,3228.599441694525
6867.677955971696,881.5464425229914
5200.826832165839,581.5302798985011
8302.50192781385,8521.327196193863
4192.492493189658,7304.362943536913
1939.939562233972,6986.153060111209
2848.5267661061366,3396.763385456688
5051.640182933148,3799.051886182262
5313.307926731757,9581.135288993191
8055.808264412336,638.0474409793502
7913.527236523344,7737.317369377926
5813.665572045748,3096.333237083931
7807.854833654764,390.54618412556084
1917.7345829367098,7425.70110742456
500.64527093294345,3309.1188567837457
8736.338226347001,7221.4751874279655
755.5449376276957,7076.543831181201
2466.884297439973,5347.868754331151
6953.1894962438455,7773.731292105488
4094.4793762730915,5810.383241712435
8763.139699155088,2866.368528482607
2979.7979466226952,7341.1530106441905
118.71346669359295,5891.398158777236
3006.5564056074413,127.27281689920544
5780.750491848316,9016.441777703094
3759.383754032933,5456.436183243134
5348.727557587553,8686.272654795317
8765.981188350186,8827.368389822446
9124.850542303686,4449.666567350885
2659.740646541121,5076.599964512309
4621.404732699007,4157.543876756019
5491.440152414511,4494.367753080455
9491.124568882471,8951.471589717277
9986.173191643848,7881.44013967911
2354.0724884152664,1265.25676315578
7269.798713458154,6103.0778154009595
3780.3106223319514,9959.066403863422
81.08196886213226,5955.507012324858
92.52522435902355,7858.7162559310555
4605.660075622557,7690.614733811709
4883.349130043346,3503.1752587232854
225.69696573442656,3718.493027039589
6869.274167743025,7240.764217904032
2940.0338859495314,4999.835316048351
5598.931015359494,5705.70709130388
3009.190731654188,7129.057903648376
1671.343148693072,7775.750270390502
4071.737385988753,2715.165777330714
2322.7336479050077,1467.9375943696293
5348.009769191681,2917.9464672372524
1988.2853028647996,5075.383250920755
5084.05976644627,3421.4131729703913
1573.7851486886757,5683.627588475938
6709.747094857849,534.6572412562845
7539.376844414241,5097.504116137672
1103.9423424993377,3679.849069377079
4678.024120373392,5346.667548928824
708.7170065487359,4225.333548849768
5981.824455420024,2842.2585063754245
2644.0429792964537,9041.079054576358
5276.244568387078,1847.649884213569
5174.610093842912,6813.6557558055965
9243.543461938005,9246.447125824141
5490.832225687229,5386.699596854331
5829.984797183157,8764.08488579482
4016.5312576438027,1248.5147843328436
9490.796031828168,4937.887702564081
7771.859094396096,4570.252804809394
2854.0529030284156,81.18807036994858
8442.09585776232,4432.573413593344
4323.9636018509,3690.297563825978
8286.67143533594,6697.987277746153
8228.88068293502,9383.297785765186
1888.7018676285438,857.9108826203652
7011.411313835769,3274.763867146231
2906.429693065311,4440.647373942519
2974.926699926682,4551.853780343833
2963.480768805807,7748.097208422538
7255.682475599482,4433.9566583344085
2298.260417925361,271.6130145365336
9.058352460902253,7101.040945928313
7152.368534826331,8848.296951456718
1711.8474383512528,5139.047125496729
1044.8239530783464,5811.085216985053
2375.161205940601,1629.3643896904607
3799.00522322704,2206.4594467895704
4759.063274732007,2351.7023912461177
445.7004071263082,4307.419748812953
9705.733326273605,9281.452208956422
7160.630534195581,5217.847667148861
3231.9406532433613,1920.9764520135263
3186.9725728539734,2660.8773586894963
4485.425493684594,3840.1502972718426
6262.44822763033,6232.589756927994
1463.7306658896775,4400.331530040054
1889.2981376495234,3924.4484417692493
8594.345828335508,5647.286003989948
2562.5492388907255,2418.349949544655
3801.949979751775,789.0327258458218
8712.71850950117,244.14314822222116
6631.478293998225,2512.5916346712706
3417.1187934168834,915.920341444687
6836.9954572462075,3363.406385207668
196.8321538141371,7729.335403597556
7356.426600113652,7162.943304868383
4870.160405162394,6109.276227880288
8131.821472844613,8525.002438794787
9546.376520064683,2820.676245442767
9257.885494945684,8850.537530299656
9092.650434553407,3992.391696691792
5121.699559338871,4008.9331826662656
3601.4211413893804,4053.5161362552153
4650.353247306728,980.9436624098145
6898.960033133608,9754.904983310556
8839.977768711868,1385.0677782515918
2069.8630300011955,3408.857244691845
9181.93158461703,3193.0032032675713
8151.802319698891,746.7943281670963
9788.560151782347,1522.6013011187667
8802.517732816872,448.58336185385815
2799.3732969190664,2924.0449356051345
1059.559113440477,8666.569240289065
1122.4107199158861,3394.422057373845
2912.233185782761,1236.918320673792
6141.837239845392,6456.938683839179
8043.203260971725,9966.009120549104
8992.503069815648,2323.2378953192756
6237.5338436923275,2795.7100537056945
56.3131274805373,9718.470542807885
1863.1677651853352,1787.7628755048713
997.2620385336794,5112.140674591638
3633.2447556901,2396.5213301609488
5013.509936337459,9323.518979012439
433.97178578560846,9815.21014576294
3484.779757956553,8146.978461200154
1791.7967462532258,3147.8381581281055
6470.701662588739,4034.87475280505
4642.7236932434,2423.0568366642137
4953.176469339088,8907.579670089915
4276.917880334611,9145.582776881582
9560.19710486567,4188.706622460472
2147.351251215632,6565.330699030019
5166.642598438743,1655.5317977469385
7360.173683653359,4349.35900363409
5568.4441313456255,6314.991066734976
9290.20885716801,3854.0311851801957
3779.683556412842,3575.995256864599
4636.75805773178,9.989922669426665
885.2231521472842,8042.934637771141
6089.991110519285,8893.376120214481
2882.11968448106,9694.635295458322
1603.0903951556886,7192.713850692155
5445.312929045081,5487.923123698845
5323.102633799106,2692.8451980870936
758.7164122404755,9992.994759634985
6982.154534944728,5897.528545321055
6237.721906508529,6811.5407233044625
1890.172827464972,6824.061619553177
4694.348621540438,8452.517957571814
7203.229164785599,96.7253884691921
5294.357405412765,2202.4694043137183
3954.890761835702,6655.3400017001395
3223.3845808094366,8951.457368245678
6103.938666440536,6853.387819213563
9391.086983102407,4134.912914936801
6717.448404774834,3615.5549587026157
747.4590363631551,7379.4800828332045
4606.849734821338,7412.376971371935
8908.241315106276,6070.579925056903
944.6242580108687,2914.6702409733703
9888.757121375433,9251.548183905436
9490.693936454212,5518.799421186392
782.7448072987586,7904.923562483305
9334.133204495549,2143.0826216183164
3631.325902594622,3440.4078861472785
8447.091670758626,8745.795163873425
4183.833377132715,501.0702993996841
4408.551127025159,5123.153112566621
6342.430909775426,4817.05479844009
7744.774192759834,7512.301889080822
337.89150948248636,2818.937705993324
5931.559955271343,2190.668218595995
1867.3299409737099,9261.328387732337
3459.4951786320294,5717.096519584648
3479.686661552165,1046.895682836545
4690.603402211536,1930.3616221432108
3341.3641187617336,9988.260595142483
1073.6111845066775,1956.0899625219242
1456.2873852545144,6104.755113536788
334.37985561097673,4201.280789956181
4702.490853287543,8855.990948498353
9544.476948529886,7551.685922953277
1156.7522364811655,5969.513962618158
9462.64493003082,107.38981797982494
7333.615147320936,8797.952074934596
6374.988029341632,4446.674708387162
6452.777553235629,9315.776530185765
8267.276483962822,4955.3901285420125
1069.1986437982137,6942.244891827255
5047.543235655417,692.9264946664215
6970.911382607585,7451.516535267858
5868.204450735637,3379.960313119229
8327.790710232946,3513.5901433178087
722.7170901135149,1186.5584470938995
6907.010394991659,1468.5714864020226
5340.277303847178,1857.5905620621013
3791.608639799434,3282.0616857142236
3402.7498223403086,8919.699127756054
6208.326327741929,3682.602382300805
8909.953746442648,7243.627065632184
4961.759261011152,827.4750388987139
8247.231640769201,5910.987992719926
4021.5638184396753,4818.912312704395
1023.9446279317655,9779.579469545046
615.0573645863855,8462.07769878963
513.3437132367758,4548.297724386497
3801.5014195766994,7751.4276404533875
3372.3775083584205,1930.3874129377753
7179.370236225695,5623.363273917781
7428.215015848658,746.1905556870818
508.5396883373983,3480.890322516831
2211.2326288901495,2258.6218162217033
2742.618501588997,7189.098153252109
5476.119841428094,4900.906912143614
1445.1522390695027,7510.704788480105
1339.4121940000036,5152.954376314456
9437.88889207958,864.8444215163853
8042.02907297781,7353.6764973252675
1806.5490209117029,8332.292639878056
4065.6780790549096,9035.312259127926
3556.2199925756554,5719.919453067082
7910.040740654073,7535.853589994951
5102.12916478122,7520.443368826271
1278.4973699346701,1557.4975979894434
7389.920631562439,1642.2068745957074
3968.8797822491892,708.8550580912612
2629.2424763214703,3199.1363514030145
3754.9862202072013,4735.0858774106455
4977.565636068964,9978.97852754217
3431.1551641700944,4309.933420681696
2419.0577259175784,7262.425885073709
3985.0202880398033,6933.970262725346
191.72910749898242,2044.8195025057958
7724.978460963139,585.0715144943641
1709.448935675858,5460.067515335874
439.04613630637243,7003.0559231447605
6536.986929050792,9982.51790186256
7739.361288236722,3586.1105228117076
8138.291315928432,8963.645620810967
4935.091826606,3819.3245586918647
2053.681846899853,6894.117084305128
7372.276772498268,5982.529305170519
6997.130771543371,529.7879330259692
2462.7073410317325,783.8842697025849
9034.07755862793,207.64089724460976
1043.7145808282899,3708.3408459398947
9826.882395913257,7458.010487660107
8602.478109774645,1727.553939907227
6878.986454790752,6058.529683838958
9387.498882798329,2888.277800310779
7223.111683237078,7969.926239790721
1904.5699703004593,7983.961490029909
4421.561381128117,7754.145149664236
715.0302433163536,5248.335138013767
3896.574222881154,2845.667100798517
7416.030197372086,8094.440438786345
3864.433509308174,1861.0056193924152
3302.941754681341,2897.5960202865604
5953.557225103119,1839.4770616062162
8722.04528998895,6742.101603876477
475.8319254611243,6862.36028115818
3854.704346997354,6525.09992786753
1582.407418152627,4156.014668646678
6953.542507318696,1001.7100720143324
1057.2456043113486,9111.695845150212
6648.077585802445,5077.309640122382
2861.8087079790735,4069.721949110915
1989.168137372247,5888.248932482932
9363.525578249853,1927.9043581910582
185.24576745955866,1325.487791048744
4377.77271889569,4055.2522145794355
216.26992461793782,2272.2069409991054
4835.9304810432905,2442.9029453716457
5010.473777944182,8925.114877785294
3216.6247139474704,5307.591771858249
1321.6177752502367,4834.690643233511
3763.875377344753,6894.795937285973
6722.62939932566,9515.481136767396
7823.958086444592,1121.9856447056409
5307.506023881423,8335.345671092573
5898.343944397556,5840.191798678459
2006.1637112465269,1461.6535381183726
2873.3033322764945,2971.493186889916
1618.9561005235842,4823.614164647395
2492.9535000461133,6911.7714457742295
2248.8678022553177,2426.070169534522
5194.487863912376,5348.788154675899
5626.887557907294,6846.716274158617
9449.474208215046,4487.407508475062
1955.7064710152306,8630.259611201758
6416.7571016149595,8694.591028404044
8172.592689875229,4706.912176404458
5602.414637830525,9729.257104088996
2550.036525010757,755.8509240544731
2625.502300200002,33.62378322936621
392.5305307099991,3806.6826380391904
3054.4422654848167,6010.970613725093
7446.036790033801,6292.001574496609
475.1775720711038,4764.457362938286
2192.9528250483067,1248.8331324064616
7062.3249853178195,1704.9752178789424
7826.515628228766,8521.479838520092
4553.184100619284,8679.111317392613
6980.743384786489,6738.985378607202
3879.52168654892,6642.179722788824
1599.1324502412751,5976.821280278075
3981.494935229065,2029.2588570198823
5799.678202031429,4282.507002599032
9480.532818528904,6958.946514633787
687.5095208867732,5372.522720033387
5073.940938449606,185.80334055099178
3289.1977821072437,9535.568067200984
5083.116942766946,8448.160525721434
239.7544737653168,2605.4501410973785
3130.253547015813,6164.589351662961
8198.68147527005,9232.393837281877
5539.4173385463755,960.1101211365137
4505.824928161174,5030.294807967006
2855.2507171533957,4562.430258462945
2980.425227913559,4102.050052835323
3831.0143359058447,8355.88608892925
8355.707099645604,3806.4614669745733
9672.132068082685,636.6333324100759
4386.553813503745,658.377421643025
3933.5283874776183,427.44606524608986
8465.507758198628,4091.454218740372
4269.053206363036,7184.062776983599
5520.181722956512,2037.2246193051546
2309.4166459874446,6464.685204315495
7435.025357790752,6870.884721037041
5319.883182707818,2552.0212401559793
8090.3455024034165,6005.576560606292
7807.327300286697,6848.683400268474
2150.047682700286,4666.136228021257
7156.355505577624,3367.165972800951
8000.544079513714,6191.515515743274
3461.072407823951,9778.470873280568
1726.0911290227455,4268.414093689781
26.3215557958818,3917.3509628512106
4509.036530931482,4642.669024261134
3524.3273153884156,762.1839344504822
5549.098338254089,5531.6327967139005
1880.4109258878577,3286.973872172636
8596.655476664751,1214.221223312625
2577.5521562810964,4662.5674111737335
2264.2960508765,33.83986573977427
4807.140564843559,4017.8524516275893
4988.510237442742,1057.352679264505
2150.8522878509284,242.9270339978029
2718.6072672591577,8244.750462445021
1697.0523915524493,9162.488032826348
7184.6017832316675,2076.7464835910664
7700.890312540819,5392.9826383426125
4623.284974592826,2779.581571309849
7140.870226850175,4935.774386721821
7359.3539193744555,4366.313208941602
1382.755276778086,2690.5105508048564
9661.780248345367,7003.9357963529765
8210.31947096431,1264.9095932025423
2044.834611958235,530.7278217136712
1861.6503574607025,7676.754330372792
1256.6114557958274,6659.3003122067985
1383.7856254191838,4985.26124146398
7481.617990286962,4677.897704725416
4696.542569516236,4974.113794914262
7829.341727398672,4370.240760986729
7462.5489435020545,3928.9229583117913
6046.1271350522165,4996.906028861204
6863.666065786795,5285.151711597604
183.5572437914179,6919.023140836209
3117.7764680502196,7112.0716073402255
6378.221792594102,3776.290801401446
93.44953486244201,4135.405227434887
329.76943682593406,3736.9716973622303
8518.879824703832,5365.357736257104
6840.248616920718,4533.535379141953
2653.6973312034397,8895.964631361936
6879.62840118709,6963.612669164726
7924.5666913926325,8986.563837544456
3067.9428311010124,7091.369915594256
360.3737749918745,9709.921485238141
9327.791246877345,6357.367782552691
3451.798382956305,9635.501381630547
1064.8176328470638,1581.6989040942608
4918.568713931474,524.7768082940385
7684.677956641338,5791.251852038593
2216.4731461755914,9834.932057997748
2694.9005013336337,4176.052473023968
2427.149867985832,2120.433621929596
9916.730528316783,5215.41449193514
1974.0373373054254,6487.986245788886
5755.20216966124,3151.7869551588897
9252.646416569643,7147.693584992595
1468.9656887777924,9751.145070457258
9708.541978677002,8969.631217106169
9474.772343956245,2915.8537351219525
8845.719870582625,3267.236831445983
2145.5652133000226,3715.4122444958857
6340.550560109833,3945.5277839364535
7608.914729612402,1003.1949919327942
9860.279281964296,7619.628388892893
1804.2382208137042,3653.392636107005
7660.258995192965,8798.199767054522
3388.0116992711296,9269.406231201086
1756.2646556800232,244.3130930768811
4213.769412138549,9885.030699282062
7938.3591214861635,7100.227315001845
4648.498037040522,5203.922259929623
5375.231002030485,3895.2760837255328
9951.594102001212,5185.181326097129
3991.0929955742604,3246.2472397844444
6154.007547092398,6226.878136965483
3652.4420161537187,929.8027644479123
3927.8564632870493,6211.226029118102
6956.407534454081,2753.448501384441
9378.869760948835,176.34829052346367
5423.589504923214,5527.057661628776
7683.999289487799,5784.477558526964
892.0655881696382,4265.69004711536
2111.5803743192696,722.8623255031686
5021.316409195324,8933.429528041916
200.11723628774791,6114.308072278889
2528.549787625588,1157.132995689696
5174.012898249662,5109.305765941476
149.61198256300713,4972.543159484715
2645.462862260417,604.0186879292697
5140.308194758695,6068.597036029475
5731.492479812457,8083.263989215644
9257.516930553054,7490.080542484781
6453.456232506079,2029.6941416418335
4147.358025299937,8622.925295542114
9303.511771330677,3425.421656593509
7848.829833877943,9465.083782919413
2000.089211127476,717.4796422571372
1308.4236134881976,4862.086885198427
6758.11635742733,5971.243771775492
5598.831655769838,2476.5009847460474
7896.736137927557,7713.801887202278
7388.050500786865,6268.9567981071705
6252.11533857515,181.09437287955555
9863.821716288921,6083.685906962359
5335.897301104087,4914.782344184464
1131.0575650171984,1960.292017035077
8282.735648159884,9957.482270595296
2518.53362345709,8971.62194827615
7773.021481439183,2925.076950290635
9571.070960000514,5410.709207986163
6967.955139643413,3165.0213991029073
5960.301609498011,7754.957516360781
4603.861756750406,9303.314331964551
3644.0986599540324,3588.2860691438354
3530.0475097183626,8055.842491436275
6363.727057095906,4984.075427132048
7512.731169377459,3965.7856131157732
6785.170694844143,9384.218520987699
1984.1010119356272,5104.046887190314
4939.8718014349115,4674.105002574649
7916.40072183063,6724.3440196234305
4757.040781890562,2612.342010182844
5366.232797354938,3247.9287078831576
7711.360481708221,9320.458362386227
6612.653062650915,6785.298454369424
4093.4492088239263,8266.371477710056
8954.127111942189,2711.1176193542965
1625.6706866347859,5437.90189929872
9955.164485903248,9713.962669894981
1188.525784762372,3187.038990282176
149.499711042389,1604.7647631704187
8900.189011487648,5108.860082246641
2449.5350836595608,3878.210887248762
7296.996274467209,1595.7723278671353
8110.153749320693,8885.51382703368
8589.863910321168,9907.23910553778
9915.942356641666,5685.821806899978
2940.397100399991,7746.76768373454
7102.433419272591,8590.383695462995
1153.9985828082822,7009.82006021827
4068.092913568494,441.5604911173121
8479.716933125903,1576.342317168178
3676.5804605910835,709.8919115138647
5910.953805356141,98.7960664205656
5037.73443724634,3059.9640875723653
6459.515311120451,3923.5596048155976
9728.943893876949,2410.2973233592575
557.3552650140213,646.0464808632094
5739.615175016297,5298.630908366776
8630.287792502848,2733.1931995714167
4813.827117484275,7960.371548635623
785.2718594157282,80.52621625281198
5605.393524167709,8425.270512876103
3320.738908238204,9547.53678945957
1549.417853379359,7161.350631535695
8490.345132834731,7336.440652625665
5215.995129911216,9335.623116027331
9332.764123790666,2090.712853003491
8060.165046030691,9945.655682085766
6929.717937736674,7734.812033785419
50.25503365311934,7265.707083277937
4278.234566382499,3610.9057899529275
1974.8628165203231,5457.774854056105
9107.979110488677,6539.17788273347
1745.8398467636027,6203.428613172159
2860.600516592855,7049.846384775808
5168.3676773449915,823.8173907841062
2633.6361899807926,3556.484328316968
2098.646772791212,4340.000165954772
5990.993251027524,2606.2929787496646
889.2952275502386,1726.2727026922375
581.6775872092472,1389.274799128628
3722.452951860714,3663.833922565851
7206.644545078623,4934.417005625659
5548.06758273948,629.7644014666071
4228.764684667788,9464.580945905494
5657.515642245824,7652.433228607583
3654.514846532736,7308.517731854666
9361.46335432113,1728.6052498872696
549.0489091077433,6038.007680121889
6733.914790298352,5297.249468086675
8912.826648277505,9824.688457866938
8038.847087352534,7476.71770080158
1840.4103482144674,5757.618837162312
2959.2634898028837,8508.126664701222
7170.479387071047,1550.9427086070948
842.7055918076553,152.165296909772
8118.6169983258405,6902.333334145232
7189.0694460479035,983.1146023723747
7296.066492353426,1154.336399835092
1002.4137026759139,7446.807264245305
7177.605448162309,2705.348441339891
6798.1812521997,6286.312155688929
8309.224908218506,9174.069260927485
415.95956256469503,3164.745316378583
231.10668467792195,2171.441578399188
3730.070998785607,1065.6288374105172
1487.882838491529,1304.623614197261
5583.8447757022195,622.2269537884273
9173.48901506749,876.4237882974013
3914.797303340157,4320.045888091539
8449.50377272604,3208.6504502396974
2.4087451786647396,7065.60814322998
1685.146434591842,8702.416582470018
304.2353965408562,7847.732031423843
3281.4718051506866,5306.372566656522
9081.895956965029,1024.4211623265342
969.5212359898775,7097.672839415535
6064.097767438004,3628.2872472687354
4514.959391194442,856.5039391541019
9384.682123658125,8424.664072126257
1225.1914253709383,3382.1651718250555
2120.278505022289,2182.4883251157135
295.41968611493274,8714.520646188432
4339.352496313738,9021.338684470049
2778.328995646543,3389.7083719155985
8699.05933890321,3548.014192813734
6049.4081319775505,5796.285275831441
6140.907379757017,7334.414938106582
5319.106968813025,631.4920190686346
918.50337229201,5933.4365718847175
4450.186837253553,9528.200617835815
9995.051897085166,2620.938971799537
8352.292908460147,9088.272140969339
8934.59054167116,9501.683407630937
8232.263592464995,2691.5364097108973
1030.4169343098267,7542.018658853505
2274.4825406479963,2387.7500831956
31.21651356409627,7376.111617321327
3035.1012487811145,7974.1997128882595
1086.0740234649259,2472.057037106494
4727.93345301583,7158.695435832349
6771.274885739019,8121.045388640899
8745.05295038077,3585.7887210691174
7492.171650908982,1677.0277598972693
9385.855957785052,919.6456731751357
538.982903937888,5753.817036099419
121.7983541654144,9780.981193157133
6613.381138362127,8229.503200222161
2893.5241022224623,4358.396389345528
2535.0101610577312,5366.209028549586
3308.8708769379427,2795.2788541181894
2697.9605789236416,1630.6586736006357
5114.3640630158725,4820.811582322733
4401.4844722413245,4635.015661671852
5124.285513766563,5219.299528037602
6727.136115004362,9528.045855639408
3871.305089711483,6038.953001447722
2513.076871421568,6057.718366223738
1662.0053680874546,1280.2476286107678
3494.7411953262554,9964.888661768204
7418.064752461721,7728.449442346686
7567.049101114696,8772.033440940048
6669.053866842103,4143.004118309941
2340.2817530687457,5021.280957856249
5880.862458546977,5220.838091622765
5706.89661576848,1940.9453928960518
4842.661981097255,6894.891563269572
5499.789863838642,9029.767236174566
4917.906326236681,1637.05818138419
5654.5636607410825,863.182734861645
7155.059546211288,7382.189055403422
1096.2819440343974,2732.0183167298205
7496.257521490237,6238.625416173293
1358.861501275942,6957.583379921807
666.279984103747,3219.107635818218
9760.796862214676,8151.445974257844
9569.917688704414,5499.889821142168
604.3654494056406,8689.994079518028
4432.534414749622,7632.935525589475
1862.4493829977473,8685.756320374538
4853.448971344181,201.6138211789409
8301.772429995874,2435.062607385947
9506.117747428903,900.0794044593863
6342.526534515374,4420.830171893492
3539.0566721181704,8899.601216153182
6033.255656445984,4675.402622668692
3120.0130610845035,8497.130445803941
9098.236408320603,3271.782380193179
8704.00463105837,3395.700728052524
5582.31750279661,8955.617303268777
3247.9891538036054,4258.171465117016
2933.8967558297836,7897.654877946664
334.1799470505946,2366.4354788190135
8158.208510252953,9488.008296776354
4503.832130390079,5745.782465305711
3251.3292840026443,7593.235685784019
4711.103549977539,895.156997948855
8187.37990454652,4926.642258305287
1246.1420770752118,9010.384977340233
8576.559882418273,8770.386290433045
8975.08835108354,468.1395723422754
9467.079150338881,3036.9846912894673
3974.8799242262776,4433.200064790801
2171.404040376719,1722.6481435578821
3736.408184666985,7299.983109899704
3329.1209623140326,1845.1199559871156
1761.5391250286004,3466.396943698862
6072.666701014879,6632.806368578183
4766.2416050862885,4820.893445244799
8657.009923240037,7385.710386348938
321.09580482058254,9612.079012228596
6438.679275551263,1165.466877151975
7629.488785115611,7095.677163980609
7594.86569188307,2303.441556321145
8860.73967095525,4144.7672740756925
7290.337428294941,328.62725795139824
9278.100616476962,1359.0738229269894
3326.5659982089146,3197.772890488997
5032.094167515431,3419.8580528798493
140.79663282890675,8995.852164620957
69.57587303291213,7418.129092665151
2401.2662045151988,9721.829681870411
1008.0719713908526,5990.715103352405
2602.113679357536,2417.13732091318
1770.432945283974,3276.550299216429
285.2002483864824,3198.359232919671
9093.041464060494,3264.943276632516
82.23131388891525,6729.641731118157
7360.8214433708545,5308.079280904162
1521.4788691951653,3854.241780866443
9122.296219996,1490.897687287166
8927.959395898857,221.39162942145907
6539.011463692574,2188.346775876926
6722.341498006052,1074.7140396868126
53.391419696885436,7854.450308522394
9848.71566113602,1124.9795781388539
8778.326035758144,7242.282373068361
8951.06225730092,3856.5868977608266
6592.445370508719,733.7838974377597
3447.8692865453654,8127.300494315858
8936.486490904808,5796.305702366133
2915.1692815119236,2357.6151286357303
5627.115433422028,8946.81174332668
997.309723438824,452.5831387055146
9219.556301327502,2018.196081977629
1407.7045777121334,7520.46927805861
2248.9680573040728,7093.779303098891
5581.3415812821495,2892.71693724478
7640.930002129816,620.2487535278311
6193.513059362989,8580.780722249438
2321.3391280015617,3136.976380699026
9.430425274903342,1957.134149282652
7571.505803074392,5160.618223609771
9852.073259110937,9102.271992824473
8099.131203060904,435.4657784337534
4602.066181566153,7658.040880308878
9037.672613991066,5724.732279387089
4098.4767311835,4254.4911655181695
5249.340842434675,7440.8044410506
4771.297673956832,9658.244244416323
4476.23872665525,2292.0621116269103
7751.907692939058,1436.4736507211962
5267.68907269492,9128.817452226971
3167.1712202521608,6689.530774573037
2581.581676584783,4379.860215619659
377.47316967433386,5732.5957026428305
5831.95161883046,7456.13905176244
2299.614154010342,7730.318987057172
1481.339220163831,9198.941808189646
6538.299638276777,4268.4278889562265
6812.092578215488,2934.1091001939503
7521.54892257666,6396.642667898419
5035.7689633859145,4157.278992795304
8940.546052038866,5945.984539489779
9363.427533982278,4199.857984559502
8073.709397924894,1529.9578667817448
6355.934820081872,4694.267516589584
3037.2095359118866,6909.178219410328
9829.449216202212,7992.8380766764985
2741.3616719193833,4933.262767965469
2026.5692199043106,1652.3789021040093
4421.541137865827,4146.877096494316
568.4057071238846,7862.939288416982
9784.944646717908,4128.592706170728
5884.335564164248,6965.307936042223
5569.520916641753,5072.136816780898
6557.962798997199,2412.231251093967
4970.236477772067,7961.505080230743
320.63517094541584,842.1345407068703
6123.112888403967,5248.902827551506
7161.7387695643065,2088.910342434049
4167.490606240532,670.6562854137566
7572.955720711929,5029.339370832488
2270.0129933842063,4995.621559349236
2212.7659106618403,7069.009016757208
1614.1698768757396,7447.506930519049
3719.9475978916184,7277.9148869289675
8470.120353890836,4095.5873291675503
8279.120621490643,6316.897872265626
3828.242079635038,5769.452426439603
5891.187359802366,4215.617561169196
7208.163164749156,5972.126941859932
2412.0677462802296,9472.478767062625
1681.4108589474708,1928.9374368137735
9720.95993212311,9057.720957855263
6175.573132096185,534.5551398319836
9814.157218336639,3083.8921290166068
3377.5598713222907,2881.452486115282
7030.316999741315,6263.651078809057
2226.036365412377,1312.2495177729031
2612.0017127391293,8823.476118397537
5119.02121269624,8285.514084650413
3196.181255080712,6520.658196852778
1676.2156384058446,4584.138317921977
2628.80701989326,9329.560421420783
357.4839446586464,8307.465547205558
7044.236214774866,4993.151480812448
4921.166570858616,7018.733544543112
942.4306640452562,5669.2995217968455
1716.939931284912,5879.422383882646
1025.34538112644,3309.760694374713
6125.9280827587645,4620.8460462489675
942.103636124938,781.214307897442
7542.823330352161,3573.486916645925
205.10919320391173,6958.285153621519
2493.757879958921,9532.160305061863
8906.666758919071,9630.641127630202
7185.31318122246,5557.228691248916
729.6833292568772,6066.22251809582
8211.261044851797,1857.211855009675
4930.351215402048,6953.081080935307
8467.830271688292,706.5879267438623
6007.397744503934,2846.8568579944454
6818.330320328587,6683.6334728544225
9935.015603957081,3103.101315434893
2323.3554592401815,498.46874114454323
6239.455747613883,8318.704093509637
4603.213900573984,3103.3000713456304
394.51952922691436,631.0522485867842
144.70641502865033,747.8816450286519
1192.2857781785867,2517.587987887536
6490.917405385481,1780.1594722152624
5671.6308791339225,7743.001177801509
5534.295611637274,3216.840466670344
318.56762528260083,8046.957850398325
4693.029963600071,1738.4599782315279
9246.228178425285,4928.791795440838
3975.918693106466,6880.3713355312875
6249.224697884563,6519.908538658548
7798.1867562314355,6011.294099302688
7839.252791418876,9248.216019311698
5192.8008239527135,2285.251477067444
8579.519454023362,4937.192044621053
3913.7809336374694,8839.925500724088
8886.932147847983,778.9376559515704
2402.2716639554533,558.8826825307525
2802.16406990571,2333.022875582914
531.206241990011,6330.212195380185
7955.818365422829,2598.796264498069
4170.552362327056,1902.3988380879898
2291.1661391139905,4588.023153582921
2317.9027761657967,6135.980687694115
9013.99941229233,2485.577070167404
8339.166004610368,3006.9118672374207
5535.308853571833,6135.593048115139
6161.10800415721,9457.384219894528
4743.25570550291,6747.417274380882
3916.665428788089,7829.041435845599
9154.768812183314,3668.1009475546875
1256.1270352030208,2722.543593844661
4184.46789716228,4542.677432026226
3445.6190798787534,8071.328287116737
4981.507202511484,4562.996417905558
4576.318745451751,8467.254087898611
5188.895316510814,9887.71980695127
1399.189772269941,720.2666573033633
5131.415015132771,454.1015608370369
2424.1881388721085,1495.8970291336182
1843.3134898819126,3843.696757343462
648.3421878619122,1310.4220914543241
7626.525587561409,8706.64477618756
4274.4192085656,231.46251027063803
6266.436833117584,3157.9271633582252
7275.933433047433,1846.9462949420533
6793.166653135535,9315.393301575323
4705.007190896823,6694.810048900279
3878.985289517298,9120.302564513744
3759.5990964066373,9723.287103103934
6400.487969300563,4970.982436773692
4947.943549418734,2343.1910804802624
8491.322479885106,1937.287861965893
8747.01984326712,2229.188616858405
1705.6037800651845,7085.933076220029
1362.3365154572564,404.45728123000737
6304.009260359995,513.6107303271486
3012.257480622794,6081.429423831501
185.7071876509886,6420.571467374066
8886.426693629552,6652.6292432246
2269.0076724380824,3718.8050458859125
9292.80651685809,8059.4488871415315
7174.344508782537,5336.245877266176
7626.534899114843,1054.6563000941944
2014.614957931604,7970.993070673452
2341.944256168129,9530.677862704582
5212.677538240658,600.3631300235868
1720.9985264986217,3913.5133870057994
3054.3169268303227,4875.160448347477
3214.6247794780447,1464.7076007831695
1596.299332527641,8677.089477828771
2051.8283339516074,2841.49644890044
7885.518420082566,7830.085399381601
1671.9585454726837,6709.94482028316
284.5739184392249,5980.458224670234
6293.549426289384,1921.428486965544
9759.8311939245,2207.035205509057
3312.138146231214,473.48404746569315
1186.5570319625228,2407.1242978226637
5703.873253675308,3454.436094605141
9063.542110956461,8331.453038624253
7840.617798284788,3663.926667148053
6225.15868412716,7546.217827656064
3150.5649660759937,4394.422812954876
5418.801732762199,7848.683119938884
912.4484130425536,9762.716004370399
6789.4542428067,2398.415580575801
7250.960188976508,8623.416119638761
9650.316229099188,6218.2408630577465
2603.9735874507164,8172.942615886548
184.56419043022643,6515.8590226780525
5456.0846442715065,4239.495072741502
7067.905043968144,2280.7493944179037
7904.07475882988,700.3522533116502
1937.389330248106,5355.18364460717
2617.5286903702367,9903.260945268656
5125.909252672964,7380.418050142062
3306.0080997000186,3273.455413990166
8605.11486587445,8272.048000867353
4737.601537387202,7689.840001764065
7995.78644102003,2816.357933534568
5806.197604823537,143.07489794234684
7730.90141617112,1181.626385339496
3326.7298653032385,8773.061903120575
8314.166219303112,8365.630353048717
2745.7231555102157,2952.0900087836244
5460.988080032908,2851.954262844204
2140.071131738742,7928.6498710247115
4755.265216261933,9377.374698954221
3181.7520950870316,7791.372567975999
2667.0343063721425,6055.786770307615
9669.850180280375,2426.7135033180452
1600.7410548673063,5257.479140952607
7873.258374573953,2335.118585932646
9841.64959483215,8080.114200967736
199.0148374007783,3869.610795177373
6990.27414042095,8336.972169940262
2529.118055562871,3816.092179827253
404.87824328304447,8241.494051998914
4028.895789566308,3333.1781516524193
9352.17810170875,4401.327046176699
117.65094366997685,6154.884193426576
5878.856919297817,702.8761402991868
5013.964785953243,9482.070618154645
8733.841643710475,5736.057861238032
840.0171452062566,5078.200146908023
6815.260298866503,8393.93971119912
6801.096984332773,8657.627298968275
6690.800168622833,5222.60404529016
9423.34494935037,9272.623257936373
8230.875290068805,647.3776607648063
419.7272624350601,1132.2579225121754
4710.828507045132,5967.882300144402
3979.530562013335,3540.658617935837
3101.4722109080208,4642.251661891988
4513.367251540973,3280.7921789716656
3841.9418492597747,4047.2531144493564
4323.338998786653,8226.463471462996
9792.618656086424,5934.7619985430465
886.3297474958076,9973.445492834982
9222.308698387298,7868.79197820963
4802.367134710267,2736.6625410182664
6237.4224549954115,2643.451177266962
8301.829666176938,3358.9827011700713
3604.6302914925554,8432.594806477427
4304.219080879669,272.876506505656
4095.1848027871397,2301.812788712577
3747.3102253575985,9049.18420344267
9255.29321646895,6398.96436083252
8289.29891193012,2268.470955010564
1089.999898629761,2191.449682325803
1081.2335247709605,8626.181017594305
4278.695148529911,8937.575082770465
986.5737673280905,2561.310909621153
6190.930952711196,4205.1035807653225
1436.916072617339,8345.957386283171
5223.732639668011,7710.074386098854
72.19947003717752,8139.1610656608445
3165.9634841264674,5183.981907879688
6771.907236726554,9115.490483051732
4840.389402278484,3259.515439544353
9782.69485998988,1566.7213434751802
8741.037960662108,7087.323325648648
3590.707790431512,5393.544160068964
454.865414722746,8545.85768809481
8456.263001150188,811.5924912471495
9112.343103146713,8436.924034380669
8206.273934190367,2932.946532088222
1279.4994091976487,6548.55667168183
9979.151344122878,401.2878907825579
2585.8422155277385,6095.812963036007
7242.0491280837,7172.71689187336
9080.348763357215,3687.502145056203
2356.8711433070944,2154.1070526214025
9082.58554677066,5376.30676603545
3094.81579194867,8331.908044356465
9764.132223840561,3235.4735829665083
2812.600203804746,2524.692975212796
9534.358247578351,2789.353086376877
535.4465089267491,9491.321529166644
7092.72011669813,3592.769157645597
5321.111338370037,36.04239888287175
4778.770771227307,7816.812079596197
2234.9431425584,6992.747953353902
7055.95789776492,1285.6826460296888
1908.094914463071,9849.042491349124
5528.417959847682,6080.622853051112
2532.453630402508,5007.794909406015
9556.213797813562,3822.1926762289104
286.31193835652823,8986.727555636378
1997.2828011123656,2439.634814185633
2423.106063874477,2857.689002199019
4140.678257678164,1224.108066865669
2327.3024187005353,7591.1909558426005
4913.490902687852,5955.492804058533
8724.65523258539,6090.661692544983
7120.634214091708,2184.704310194636
5799.619805351111,6511.683891270839
890.0317798267965,7654.584472468639
6939.921083892756,3578.8853072568927
1664.1428431093984,8013.471439617122
7863.67385961698,3487.9058853202096
2500.5675851015317,7581.384615092877
4170.487283209009,337.3010745771898
3504.702023179279,5511.646014736527
8588.139146748568,9695.265606398867
1265.4445871340813,9812.446006823908
5656.448823847886,2817.5257834174063
1420.6160944306223,4413.9909108035545
7047.9583613218665,629.7790798663306
9050.781277944812,8733.413076045998
4346.076538672534,5685.721531402141
4880.922602649759,3851.0067894051704
9274.228364827622,1127.7055848915306
5209.913886493571,9467.672854968892
4875.984380495609,5302.190478209937
5783.291027043041,2829.279290829039
6892.297363629519,3502.151301315095
1068.833750870314,2706.9718092214766
8211.105277415161,6018.098088569806
4355.050274532592,9299.6357578051
723.4850989748553,8566.938033265644
7861.826691982131,4603.808754259775
3769.499716862721,8264.99362301008
1003.6749509505394,4231.054812763298
6337.790395432506,2523.0714075863802
8801.313534336417,9834.151152664279
8877.535094139863,3038.8756797082183
9576.634748089731,3237.242309869084
8677.05459766688,9896.928677865222
21.409193454752227,1339.274931656549
3802.4116641339024,7605.339880096951
8185.42579905503,9358.127584827265
3662.530059984742,5117.949942754186
6015.485063797061,25.217617028200358
6063.16947374532,3750.5894411310624
3650.2530403882306,1115.6899238482708
9044.739272812876,4161.876609336958
5032.283453861176,7900.267616422847
4647.842059375008,4387.115488838005
9975.137456618959,4319.251213459225
4935.003640726167,5567.894769188466
1783.9825192858104,5816.905847476802
5130.69422863438,8562.963087989714
8140.167355199301,3083.554392289515
7768.603268982814,8216.712643680159
7885.81765108471,5659.337486920473
7080.237839979118,3005.2954971714694
2542.1782906668823,2951.260440060771
8620.840858402315,3611.375171057245
8934.434653762652,6226.932426199755
1941.5269661854907,2308.1173135994914
1304.5563655139392,9203.335616722674
9756.049685891121,5749.125841779004
8683.239636503678,9200.157769960068
8932.361472099466,464.043585791547
8863.763846243952,3426.1137046147337
5416.868240337284,228.07660687623076
6464.017366657997,2722.518150979698
5453.628521336416,8620.064722685882
512.0634919032907,366.09715842200853
7455.030853527726,4361.470999157448
5053.320333358803,1175.670704732278
6477.090747902298,4168.406592603677
5026.398049755353,8388.515842643774
4918.113223224559,6230.7103340251915
1717.8910947776683,7367.563453314232
2787.1371514114894,3491.0411544958097
1588.526919439558,9443.976950101414
1956.6629562534245,7092.620937795001
9729.773804203049,4217.988192845309
1531.1344577219843,4264.648002270549
2692.7042430520764,9186.841779432976
5905.89657738585,5764.046934353918
6101.785762366419,7063.792099030417
1539.7412974382908,4170.352245131708
7937.174257852123,2236.927647647141
7852.02867912825,7235.592919944186
2373.1770420389107,6078.237721413879
2886.6630267546043,5013.428804247794
9379.87865459497,6240.209399944639
8256.71445979478,2082.855860642336
6977.970330625239,7939.387065319563
822.3322151060053,9481.628050203059
4182.640809025757,8911.031441677027
5593.01872076827,3214.3574530701712
1874.1128798377692,4060.0577328207587
4482.265821082246,8084.022997975611
6010.2587748869,5951.171308246038
3273.766801153992,5479.144436766492
7809.448189504872,9266.419675334451
8404.495816388055,5360.249609770508
3236.0946943407075,5149.386795873099
8386.57154492457,420.1859126635965
1035.76566103015,694.1695859013763
8377.290986226562,74.2030788065018
1527.504316676166,9132.442257836336
829.2715250972605,4083.866600177006
6417.754044410112,4685.613761334125
4719.373657552943,8453.869475924621
9078.906004128328,6092.463103757779
3631.891960908492,6095.015963905811
2871.5226343762865,2965.3442935481244
5007.349061441983,8339.083739245192
4559.461857686613,1658.299760394938
3444.2804621718824,531.495921729479
6937.412986983286,1916.0335751853231
7595.618339139083,2677.372187745647
8529.839690301365,2823.1105785420673
9728.566047103428,6705.135986187675
2666.5619213250448,2178.245873286435
7160.934824899615,6766.583044949845
3942.5823549574525,911.3217323379974
6770.819719511081,1472.0246109790903
4759.816903492203,5088.2144849099495
9937.731027679316,9218.958025766426
7289.021357907499,8595.67588811114
9524.913004343245,9687.534424428031
8349.695494811858,6504.790652781709
9029.01011163371,6758.14866416092
8144.191972146749,6250.22998931492
4591.5913037591135,6228.189228581973
2517.884533468844,1471.2034506758464
3703.201754505222,5437.3895616392865
202.36232639950447,3860.6793345172573
5239.931674646672,4425.372157772935
5050.578002704087,5236.005730592374
5252.504648304882,1283.961718022516
9740.312249720639,3594.8773385211985
9114.540034548392,634.4956087660358
1617.12778330108,9796.68130422399
3688.825215558892,1185.2802882012613
4239.561794632619,2585.247385449545
3605.3291785164774,8912.929267033973
7984.959636039131,4827.100462391419
5240.376698675869,1356.372015206303
5720.99816971625,3842.305380393489
8530.135589879255,1158.6799419138583
8059.281534153586,2002.1599708450178
1322.1152282029968,520.2984694984502
7139.145840836343,4382.274945490999
4354.361289020356,8066.361217252598
2946.4890306250045,5859.691786998955
500.18820902186343,6063.453054846117
4872.495603454509,2005.8403008324033
3554.366807245314,3438.938432523665
2515.1303967640083,8452.42103840832
6946.717295969575,878.5618432651454
7694.85387315587,8579.306536685337
2447.895190294248,4836.900262647856
494.47436679347254,8371.474313251172
8487.52700565235,3180.0641939440034
99.59741204303319,3388.429515830208
9371.12493921472,7516.048683231427
6276.198739827059,7849.961733922201
3218.466352013203,2296.446779901468
2464.779095767362,9728.713248219055
90.05664264475244,844.9010424482894
2354.7141701087717,685.0296310213089
1377.283015171411,5955.042152861028
6121.662207231457,7227.4076777162145
1665.4558859380131,9608.861292249738
5286.298375366193,4049.4578079886155
5901.164223444708,252.91408989633112
2980.416983469145,6028.96339446407
350.64949018718704,2896.960205987719
372.538806141961,4329.471211954023
263.47332193917606,4884.694822499352
7391.246671365462,645.1261073803382
3180.0970481429813,4859.817845641028
7963.001859676636,4263.196668043148
4317.328238428492,7125.442652865932
4529.981008299638,6456.659112123446
5128.826025095737,1852.1571815056104
7130.314563751039,2061.3891821039697
2735.0286582970707,2510.0617877437326
1215.873495335269,1789.5044029717733
5560.573351914615,6572.131996684671
3269.7762324273926,9944.301792002705
4424.913136680374,6521.083405159366
6469.467083373054,6066.815461912912
4941.2574114127065,4099.279333510724
6202.788171008428,3125.802588597607
5442.0000211362785,9110.737569064791
7397.9637193609915,9690.01874142153
7059.3661771162,4967.761755877278
5341.898918086192,2902.0049550655744
6789.030208597069,7701.222076697677
8735.596022726128,1324.5679086687844
4322.712877881686,7655.882376436815
4127.630727487936,8189.483743113387
7642.456208523801,1249.0394462716736
5825.53837041994,9768.614687965637
710.0678022258855,9855.122903884785
8921.120156910813,9367.194793273513
307.8310223764014,4960.348094062643
7483.963562097431,2460.7414227682843
7587.941427043129,5820.0928088191295
9531.110852819305,4199.338384714357
541.3440840232075,2059.486447171971
5968.56860784491,4236.7640961784755
4278.40570627053,6638.898356775905
3306.3295485954204,709.1331078599105
903.1856029907303,3334.1800144601652
5626.541196713092,177.94890012825192
4790.407256746136,7494.955054616757
1045.5445815102426,6406.912676167008
6124.895070970834,626.7213470196587
7379.531202529384,9647.375596019678
7672.783010536483,226.21557127100678
9053.731882624274,5899.6064647608855
4094.707418887772,7763.674617990558
9530.72768622137,7878.96313044723
8654.29405082686,342.85135593203785
2965.0157102393905,9064.151326404393
1592.8303734945848,9184.516719271222
4353.893961280134,5613.903731543727
4018.987079559666,4820.831988871461
5757.193053312043,448.67463062599813
5833.86232327748,5619.541425098686
7499.869843799753,4093.7908177023073
5098.899482056102,7728.064074086561
1048.2264094076554,4038.8356688608783
8582.913355531062,6835.808333247098
3097.6458318518708,1014.0814623753081
9712.97460306592,1329.5227076596693
1178.6010867977016,1397.1019064915836
9582.511722325033,455.25499799743517
910.1180688251698,5413.288592698038
2310.361379470595,7939.67726043636
465.7994208654159,6104.112036936661
7051.131466389949,5749.548855528562
8502.987365717918,6806.239284027364
4340.710818159804,3396.453230720148
9285.220750424296,3619.540716482289
5902.990717555996,3142.7009822092255
6300.071354465232,7121.089328535756
8454.1920170077,1616.403356707743
2968.002050518389,130.2528031292438
3542.657213276258,5961.964467224924
9059.519191946443,9423.813647342055
9009.634960387639,6094.079169963047
9764.827762008708,7829.216529408951
9018.383164416711,6727.9070946603015
1273.7203603336088,4974.366535230162
8237.242861369874,7183.92401783846
4098.3847810959405,8241.041238552218
9908.01355945938,2247.31644171698
4722.809643288011,3361.3048048314554
5538.360825022206,2237.2573250328387
5297.749152567985,4521.7295559044105
3217.370298582778,8850.645509166676
750.2208889291817,3452.0710083533236
8956.512304019185,3744.6688913055336
8026.758125262868,8603.672346719317
1395.2678055966928,5153.743307446752
7767.682713500729,5354.4899964743445
6258.4666605061,8608.01203332213
4091.437879176223,4905.267370254733
2540.211490955627,6815.575346293953
8597.287835022325,856.4466587406072
7001.88259294053,1786.317131268853
5477.399094691369,4043.762007162456
6095.685338984641,4948.390678198749
910.6618208218098,9657.337012362295
4739.1976091119195,9706.5163304779
1937.00292785702,8511.970874787618
2083.8367900882536,3155.9883528557452
6613.039622868667,9640.282908324396
9112.561518342882,6893.4086467621255
4037.5661047834656,3929.401278174004
2077.4927301219036,7016.749169847663
6487.469372366542,165.2272978652658
8711.870463503177,1461.5468227421359
7483.188011224908,8296.857115563676
8687.572305365871,6455.736368731711
5365.546710107993,3641.9470129188403
7518.762443691909,5006.666402227188
1400.6455935893646,9051.42149645767
3482.7461536319147,6315.781094790866
3895.4916448152244,3981.4928393433024
5112.957462460346,1203.2665739753502
9290.763602568237,2937.46801625561
8742.965602221742,9783.402327965834
1345.2549228918454,4373.630628517775
1727.896518824632,4718.394638448609
3576.4054958891134,4985.980323970154
2907.438658906739,8841.04022948211
6147.709531562623,6039.282843853099
9027.760477645448,6936.770364519221
9622.915416725868,3894.1354254910398
6536.0295253522645,290.8761858897435
8381.592014010866,9309.729142428443
5252.022002307971,9491.276809164065
2083.269468600397,9491.53053348051
5246.884120934774,9436.870866467165
5550.826014376511,8152.41941069561
7424.575642135565,6845.960501163268
2198.829897073491,8445.099182672857
3683.103820867317,6005.4623900103625
3640.274692145663,1343.6961389202363
9594.395957411649,3912.1816504142103
4439.44960326719,9712.949119729376
7550.939672981465,3511.3781359565633
7508.11381374439,8678.279137313695
2655.441848032414,932.1147077486958
5718.6968937173215,3341.838423754696
8943.02893318648,3509.533247273796
4751.977194569495,516.0254310898016
9451.17507342546,1190.9433018675497
2144.582293241616,1931.65211121771
741.5910577403073,8378.15590810113
8914.538731447494,634.0198993980639
8476.811979622167,2987.009013443872
9925.898759338448,101.75002589267513
6793.934881124261,6956.277454030247
9366.879266671494,6203.030900433798
8269.490250841109,6449.822620531418
8444.26333120087,3743.827847146187
5691.415704542683,2082.6782126756902
3823.6459791671086,7203.202132860333
9345.580725432817,8111.178727406951
4321.171756158945,1386.0149809820177
5388.193672496691,4868.294279374213
4461.143071251878,2487.156819788625
5648.183139601971,1681.0686120613373
4705.050789923272,7343.25313494999
479.6755857947588,5380.96935472837
8820.481860076987,2161.8533237866777
4443.938189157698,3100.000112115451
5889.436485073487,9666.536713277424
1391.8780275798704,8486.795647085566
33.87847982639136,8799.467428731283
2452.9009364364297,4600.12097080708
7045.860321333503,6238.072639208751
991.945301128786,3767.677402044116
9088.874403864678,777.1197568889055
2150.2256935618457,4010.6931065678255
2045.9361429177582,5939.807532071447
1815.0796162149552,2871.4427076813145
139.81712971364746,8479.505747274157
7718.054684782346,1511.0015917459862
8750.345312452586,3671.290894369199
6141.627026161988,1249.0390532420292
1881.999816798623,4048.3213398522535
2852.7799694087976,396.6130497427045
4759.266973649633,2725.493950616454
9543.459516233008,4007.352551136837
2473.513718177428,4781.6536327669155
7316.45903919888,5436.963584751418
4394.482232929203,2749.911297899189
2978.473483600218,5230.413346148724
4559.159370221138,5090.046215620599
712.0671754123254,3161.780508762084
7986.873709303624,8302.003306564782
2433.019279829671,5456.4112659356515
7254.121231929705,3322.69718746545
683.4837144819472,9473.385120807765
9550.98556165686,8451.12413071161
1930.1498540569862,9825.87811551801
8827.420762070804,6922.3387464542075
8094.732096154345,3782.229055060469
9678.59924081416,2808.606666790123
4778.906609457496,6633.17843674481
7273.972938459516,9808.165824953037
3707.1065703778404,6267.150801038488
1843.682380196938,8816.149409898382
4430.759329334488,3291.034310477686
1657.4901538845488,4069.537824742556
9820.44622786384,9062.752395893533
962.4649114071638,7568.667019578188
5892.117234526204,9814.103203679058
6264.638552540559,7747.642097322419
5380.795428740543,4485.157072182317
6621.858857118335,5310.680198223631
1161.8077501189096,9005.154924631366
5550.18524205291,5516.4673609804795
2872.1257112736153,2553.973741644452
9401.760633010566,4356.198127699495
7620.716534397257,5163.159888491179
9725.144821597427,967.1983355112957
375.5606974018955,7437.6267425289025
2851.3317518070867,1093.5393335497301
1954.22586638349,4049.1771336880565
111.545873118305,8046.224415404045
2423.2573024632143,4675.703616132969
6787.759835204289,8420.15519718508
2310.8892213456857,3418.81322056115
5090.034454826182,9576.362939984354
8878.181149649987,2094.6843180523556
6937.579203490753,382.6414498930131
3946.2906990603196,8724.265429904186
3724.689389121083,7522.027159504082
4557.358140084847,2319.838370673728
1770.4144105990638,9847.416071366739
6340.007674159881,5022.801292685278
3641.528191046055,9510.654401441636
8523.653492620437,5050.287713869993
7565.526600578163,4718.74586771291
6105.131640921601,4491.38537144465
3642.022226495161,3348.752761329502
2099.318316734844,5337.014971765517
7761.518641056228,4525.546619485679
4864.090989910866,367.46876623554135
2247.500381773575,2604.352334235025
1951.746150400062,2131.228001055584
1654.0090450135901,8674.356023210665
7771.61196205595,5988.699772268415
2289.871853003117,7636.831004497274
5266.422635251975,9568.260377492805
4515.463609730565,6440.392725264101
5796.108992282839,9826.099914047443
8771.549003711943,3117.640516521296
8677.473900817306,1862.6718231289385
4510.760718248596,4033.0988799291144
153.6625073472331,4707.99414935808
4264.438057143032,8953.61542852585
6061.935374241404,5599.404390366763
5577.647590980618,2921.80999418017
6513.361058002055,7426.342828675209
1540.7573247308349,5058.319371390709
6465.3509878073255,1621.3194527517016
1826.5161874377222,5768.197875912522
7505.23980696749,9113.945368072838
3390.8761326268,8426.226174758202
7098.954333814536,5868.099726353311
478.6559890610709,3770.8317388498813
4078.600255909134,869.7875106421116
7050.3452226333275,4696.489233316238
2268.7051633149413,7520.794375295792
7952.8704479722255,3602.737197330106
6307.79733104932,2354.468255516644
5875.617721497983,9313.797192709535
3535.488542043371,8215.557004579925
4824.514703811175,6382.756194201446
5973.493009778531,1367.8334392051938
4724.621139148904,1449.0884040617302
6983.133239405601,1032.1959145577896
4336.969331069596,6162.966668927432
2022.7318174203035,1155.6279647333602
2139.3378280104725,8426.271988626331
58.03768842941093,9929.65001819322
3009.5771555867245,3663.4818470866526
7489.176404785196,4536.698469670974
7941.627088376095,7116.671769856787
2024.6754209575001,9371.530063257658
9590.439968714078,8940.937735563852
5024.027934801267,575.9182874984858
9169.787490185026,1690.71802556765
7067.652818616311,7545.971985577923
7224.334230224131,6888.931080324473
850.4362130607112,1332.1859404012325
2199.911268969307,5020.645820015677
88.14833294472635,7808.146310852956
7161.2764047673745,2187.8068226269365
3444.3828842851,8712.876357346662
7866.525160763468,529.7177482036797
3389.3621993702627,7821.950850680739
8193.337522988611,6158.188997898703
1306.98253748313,3151.993466543491
1733.731567575082,7209.325483419113
3408.765395839365,7823.657951511596
4084.873888822733,9338.989713039693
3487.028108429784,3677.7467215426364
7636.470325232199,6860.16735979955
969.5139262671471,6026.162769346909
3512.1701963848805,5252.060694570885
8372.399995154594,8904.16474155038
667.9707726217199,31.673141384003234
9423.435076713575,2821.1160610359766
9863.16842272013,5382.772395448301
885.6817382508009,1782.9326163655235
2912.7252225573698,9078.665337327582
3724.0066603535615,6475.951176130154
7763.91368652726,4778.829946319899
5959.268121167338,8147.017590666545
6443.657004925673,4508.861914651038
7575.09822818506,5586.530119300095
1179.7899943702573,27.509955539209983
8332.094569102625,3657.0053019507354
7056.19804180144,1387.9047235096975
5773.417251963703,6896.886806622911
8897.353347830567,4790.269589757338
7003.0635388380715,3017.5755725023078
2016.9996263102541,4678.323393717424
4297.453810756668,2096.298879513462
4940.428669357333,9250.866324861405
552.1762675040565,539.72632550913
9546.375133600557,8654.170352961204
1285.7726079687848,5113.58788733351
6974.612672267269,6189.464961388173
5062.310360908801,3026.056209087038
256.3224988442259,9666.976167943214
9247.474758643617,2818.509585194898
8518.368088189332,5888.779971403043
5242.579279038355,9934.167051071288
2289.4233613944525,8810.943963834457
1216.2289068009425,5363.298252861061
3633.924794321266,9903.74522967212
2554.282810460905,7013.698617326147
5066.912010062987,2087.0041614180936
9664.09296123429,4055.962104358064
5749.534932296414,3344.93334011551
8899.31055890098,3440.1370827118917
6508.788374957772,7604.564393598663
4752.465265872004,5842.629272727936
8546.075627333712,380.9271158952854
4713.681101729975,8774.48483650976
8686.28170510361,2967.9614048016456
2915.7676957576527,9970.748769131436
1288.1307376298812,9541.907303347858
8553.144643629383,9405.307166819652
5874.151637926668,8111.2760406397365
8890.923982489601,2206.133316835426
9378.272069923833,5326.3274402878205
536.2839037144918,2243.026268249746
5009.693018588683,2596.754555889492
3749.6454907452926,6109.517694362774
6258.583970701172,408.33545353063386
7935.911972023235,9694.585668207077
2805.9021597436895,9186.731725779644
5567.983843731717,3807.675721577198
7087.285799048996,5154.224480069131
1344.3108283573401,4661.19419267759
8140.669059512668,8821.997786174697
6061.09599852973,6886.018763161111
9495.374371136519,2781.1124742435645
3395.289191306933,4468.412544652969
1081.4594233719865,4289.659756867638
5065.012010369253,9593.351682839186
858.1077170943885,1753.1091051463966
9695.265233240068,895.7633729442904
386.8495825719154,8806.188321616903
7535.0390110730805,8966.85989505871
5251.023981422441,8717.390879121647
3686.206524982887,5109.769156255564
658.4216450865465,6597.444282694604
6221.669241736077,5633.630475609839
5852.2032939095525,694.4782605440092
2808.8327306759975,5958.348969007225
9102.217014103122,136.14147256100884
3041.100073428369,3249.8740955708618
4497.254105921062,9322.92575873167
5437.624559186557,3040.4526963580756
1002.3187817628609,9398.266426442478
9321.617192136324,2501.3395714924422
3745.361524510411,3145.6224046153247
807.7921387434361,6284.074964385535
3872.9117367532995,7616.269727892948
6002.025470925807,5013.87768004884
5136.526718213296,8821.156871941554
6945.41974037274,402.4042161061925
554.8394206791063,9221.948386343705
2845.406102720561,1963.0779989540804
8192.305768401022,8842.38745084656
798.9368779136086,4008.631794863805
8554.859546959575,8327.570558710377
918.9609207710625,6716.655498036951
8344.542148916962,1759.4163247826211
3607.8840107872666,9180.475698814484
6122.090632572158,2455.1739048845966
1528.8711564799817,2441.401186949991
661.6872172518084,8141.788966373805
2159.3820402013507,1058.7325557252102
1278.5381790869556,2220.359063704603
3124.058976796318,5036.775734210623
5143.832465110202,8304.770286866244
5887.594635650095,1474.8397473726748
7898.681073797429,5476.682345123464
6562.398932483587,7112.405918029395
6087.583251295529,8605.952247159514
4117.820274857746,9355.655602022196
4738.084349601387,7846.399144689324
4145.208293901811,6528.2839822200185
8421.660300613832,4336.200853127659
2300.0045254839983,1121.1015418841962
57.209315419646245,7097.371925255213
6513.198972262393,9927.37304475487
2024.621836388314,7367.605947320999
8901.151363098093,167.1109373772628
8590.46329706656,4962.599780418387
767.2737192820589,6146.466324829039
1063.8840541407735,6896.74201102843
4951.715922466663,7197.258356007086
6092.226627693547,5581.08441216524
2749.0833748224077,2233.6033273424027
7167.977166993706,9422.006614765467
5949.160209188715,6966.664676636619
3248.241097485547,2368.4003686940946
253.71488042315593,3223.218322702729
7501.502812985177,9219.276706303697
2147.5366582508273,8874.851867073357
8344.737434626284,4051.464383580896
4202.902600542552,383.0722199145098
5770.774426317654,484.9736889393819
8729.487304090018,2839.1829091838904
8636.230009199533,6291.222193389995
3715.1957524357326,5841.946353345618
2088.8889271484313,6338.277869439427
7751.460777285947,7172.8297193210665
4330.802036021311,190.32253592738414
1920.419935590041,1050.8559517244287
9044.253423171502,3594.8345182721264
1981.0419424108738,1548.5999752158175
258.0716819123108,753.2004254455416
202.79973767419966,6409.643959973319
6223.153564542643,8153.3647749109905
6616.750607175303,7526.266574342825
3110.4170505698394,8170.397786091792
3200.109892470634,6658.565440578772
3394.9391505994276,7353.453218142022
6801.585467588787,2717.787742083013
581.3379102682859,9930.080362841643
9291.163526913257,1831.656544938871
2225.2104417744645,2144.938743893825
9996.732052420923,2889.2183181584687
1715.22693787187,9753.324301065788
7715.464573123775,9882.88589353906
2234.1254492962503,7948.937497064975
808.4680164325397,6290.575985596337
8749.33324350649,5200.625751846134
8587.512591908919,9706.208456868457
4035.7039244960138,6956.228028582475
7023.961425404268,9447.301283260302
5570.659326839172,3165.507994776239
8529.561136737488,3337.747922695656
3150.5596931865443,8547.245941184356
5236.723999989852,1498.5492058529437
4853.723712045505,9459.278612960758
3539.0582625685875,5074.743546634075
8914.550645563722,9264.138785836978
1658.7792466253547,3367.927887258131
1495.0863952069615,7159.58904139397
5769.095353227513,4828.751219726897
6574.94229984942,6268.0363024547305
1946.1925432456517,5043.724931391523
3907.174422546241,9671.156173713614
9465.638429787437,6921.053978139173
2466.17422690674,2513.1896862631543
6683.607021173941,9096.769219050846
7401.493936975908,2940.2973815510436
4481.286994651596,3716.0509930085627
9375.25986759583,1021.2369802021337
7366.567352187905,8999.665197961907
4579.2457986089785,2861.12023227863
5693.35201776094,2589.1761793138235
6926.1344342510065,9202.625979949538
5921.9018042921825,8055.2686240503335
8786.975838260758,1410.789215193744
3568.8866228040115,7693.245039036807
2998.8574005580494,9130.330980537907
2138.388894952643,785.1121821074391
377.8296806459513,8252.14994904573
430.13964380055336,5474.200518730559
8700.551931092828,6691.974493788007
6783.931464059073,4928.543389049369
6605.324154364861,6978.030849052787
6146.4281893488605,340.97861666753215
8492.19144694105,7627.067232232837
4802.669256656274,333.4369785895841
8704.108285583003,4552.998477473435
3594.450261822392,1509.6499313029487
9267.075043390905,8235.742773513071
6986.569800812401,3136.6090917566858
2571.7713602442727,4540.935446043325
5640.849216886251,4287.5074129831155
5330.305614882555,7725.019656847066
1378.9882173033398,4811.443597959755
5912.429057506141,7889.58335010346
3147.8562371695793,735.0827680267524
523.4876680960243,1915.939679029951
9486.561577065648,5515.342496463607
6414.903690642878,9470.88324752695
8769.18931870847,747.5784672178032
6760.560050132532,430.84216156864306
3569.8369214011295,1565.5067492785568
5126.8807232881145,6411.531288601565
6757.46760347177,3989.929166702472
9602.523252014376,8255.523794176863
2536.694591216965,719.3315148136581
8749.770586241177,1964.1408681470107
9240.778052942695,3000.2640546489565
6704.155146589565,6267.300866887853
9312.666274013378,6851.726903015473
3978.785874773685,1242.0329396377383
9530.161760404428,9438.047089917394
7027.828771659749,3410.4413519020914
420.057674188119,7131.687630002831
9068.728318190528,5242.077189476988
4844.728090331926,2227.5811354710663
4603.269847778329,8462.283231154111
5664.666059796343,8182.380281919299
1493.8454677122793,3960.718539166901
4691.660485673986,5886.075856938554
8311.272167177456,2578.2569593593976
154.82459137515337,6898.516287463015
2729.171603243713,3090.2681262043143
24.5458644384422,8440.787343822349
4157.113091498483,2173.8510427727433
7283.155104937347,148.0342281846414
7987.718291146285,2685.0804196791846
9451.897611270066,1910.5248645948668
6085.0461297078655,5082.864397249243
2546.268666528955,2037.0329165657631
9241.47949136699,7631.898707194948
7753.157538803761,2413.706380040039
5744.284830031445,7069.681799126557
6956.40215718936,5784.70923013724
9243.163550074292,9862.498564718844
7123.940284729217,9999.009770092316
3683.74507584734,8695.260833173299
7130.282022890967,7599.833692987511
402.78162735387866,3864.5641400057375
3864.1556183058124,7532.767271313036
4063.2303184557927,9566.755370794906
1668.3823442083467,233.7757539544416
230.85480551770178,5379.147001977388
1333.8123663774281,2179.983043884346
6546.214957970551,5578.7631586885045
8022.888163636875,4664.470897588912
9882.034927269742,5757.685815522844
3463.635031084943,5509.622214187242
5993.792222611018,9601.07039168562
9371.44966815122,5521.861089347361
1670.4178133815262,8462.320881248672
7176.455863427426,3198.202868008465
7549.787331491632,4381.006887910489
889.7553586933838,4704.134760448099
8612.49385183065,2787.280433353797
8131.050471108439,3797.9026147795526
334.03006577434445,5985.1307946677525
910.8441488005147,5801.877633045324
491.2689389185232,6364.353445734805
3347.4353179936224,3518.1791542014107
5092.889906799262,3158.314951530571
5323.477279546288,6116.178827541631
2676.6675976944266,1328.6174842752496
9115.968865602741,2530.3154353213995
3682.6278987191317,421.27736952995207
455.501559653525,726.1085259608013
3002.2711154138638,2433.832792606089
5311.094225441555,195.29280296919026
4082.2182258823204,2454.105920874615
2738.4251909925915,6549.76323062026
1313.2324976431742,611.0707846893304
8191.645000962298,4367.3667779464095
9961.452421241918,9131.087869195495
3295.4213352388206,7912.84828925401
3816.2104417660394,3054.375022948572
6180.37524676957,9248.054791916471
7184.414747355413,3296.4649674772486
3920.2953480359124,725.1549633756249
9049.295169818151,9940.559567681135
5600.039892289184,8700.225271891717
4503.90076405931,4659.327833010923
6466.727531599051,6663.765241924039
9528.038482491733,6712.280778566702
7945.522944217055,1944.8223073046033
400.13130535124344,2000.486331536323
3323.0991073995965,4695.807033518257
4705.446849512227,9115.73140137698
3145.1757220910526,99.93774858570781
7001.8756083045655,7825.056359493593
8262.69149862581,575.2678371465414
7313.450951852716,4782.221148831179
9893.332868282752,6378.728330734764
2725.476478930291,6867.592670824648
8749.894950244216,584.7926361591138
7666.226651744862,4186.036173839682
3621.787575581461,5838.372605023246
7341.245436569687,660.4553730600693
1040.7595641824696,1350.9455659530977
7893.334823405524,6636.489895040385
5323.306025871027,5216.381965906517
2922.901727092532,1618.2866126829053
6557.773017841801,5352.393369147335
6416.19998714409,9126.923734444157
2094.862227195997,155.87584775363928
303.97414811526136,6426.337734858546
4336.225869016739,736.5043460534193
5695.118693444212,64.49442964700847
8766.052783705984,1506.544886606338
9282.167956475943,4229.066318539193
5288.052181567664,8023.43998981953
7538.034837685449,2817.8549660455865
4393.032723279969,6256.732123887587
7460.82156572893,4111.566379553066
2048.0152493916694,2343.3179196600795
3710.6473480353143,5142.471142828586
6342.279988136148,7974.644903726233
181.5796560707883,8324.923700561441
7224.61310338954,8465.195318772367
8355.355012681668,3385.578125549794
3991.4166109395146,7934.56064715753
4479.424171771643,2121.784551089079
8512.82212216531,7384.251012428833
7756.546353260334,9483.844262726167
2881.49489033375,137.43834690957192
3239.7610656153897,4403.63931178798
6788.782323905966,6477.709884140046
5631.980924481612,7017.75770487553
1622.2957109649694,1760.877582692022
3099.2990922916642,9721.832752385928
8999.83276878654,6152.65367970973
6881.7443672226345,1643.4060122826777
9859.743176855194,205.2251171251529
7670.125299807694,7832.6419878977595
9419.744321435903,797.0473944545909
2161.885738704754,1410.5092107023654
7714.848748169257,5748.300268556906
202.1752014779743,6035.055034496198
6707.60021711534,6868.871185923985
4692.822781202413,3935.1401266362072
3467.6007192006864,7738.986689668229
8624.043522930891,9743.585996158887
8542.676926575306,2710.9494307988302
223.0170489864358,7030.286165379459
6095.05122449431,9284.686523951568
3678.322243209564,6862.867626170427
4156.610015004491,6811.094986442595
8320.407392187759,2237.725690852066
3098.397715276783,5351.302003196929
9430.488106376202,5625.228436045802
1796.3382637214077,7001.295624559528
6627.224233681778,9968.214498961826
6721.050670137647,336.4382254376208
2521.951614279182,652.3266126748683
3247.5060896720197,779.5006943091876
8347.984925799405,7429.791344889568
7618.052549549524,1363.537951107575
3290.9588031475955,6224.518744903452
5339.565469349339,3246.688778934584
616.8029625309546,4573.19956210711
2087.4588239862924,2156.631598174139
4858.205588603991,8661.06561304542
859.737352792116,5861.503241630264
8433.323548919374,9445.632635822527
7180.062101076479,5745.962497043295
9436.336706484948,1239.0803059694665
6934.669059640271,1708.7043383847545
9404.013722621856,9890.739763678472
5545.12555690965,7255.651973308678
6002.186110619694,492.78750029089656
9769.71054626261,7037.810050346648
6421.291468642604,4121.730468096116
307.865688607466,3072.083868231905
7238.027766305233,1540.6079373053428
9054.686921374156,8399.039545565656
7955.802497943267,638.4137898910069
5838.332726254226,2898.354623796403
6713.035130935164,3063.828938257044
9901.917892516718,1609.0528396350035
906.6208850933832,5081.848832868703
6672.448286332396,117.02626810892625
2833.9769457059383,3009.755154104091
6400.9039658617,9336.294440330641
6076.235758839388,3105.295693420057
1534.5683210816208,3604.5938710675164
2067.4664574023914,4731.650482340716
6216.295780432135,5616.933748514747
1282.2994730377413,8087.08644820744
2651.8087513032283,1903.2122315601762
8352.455477380025,8717.463771925572
3270.915060016386,7575.493571438894
4880.601562696629,7226.503346615553
9411.403351458403,868.0457371463524
2271.490888369463,216.40689974584683
3896.260173580104,5940.12700908084
6064.577755435456,8631.339625231612
7553.389295039722,5844.414641406359
9016.533867127051,2132.3486544553084
9154.729875735151,905.1989794921323
7766.40074372623,6995.96452817735
2283.3083659331046,7217.702773178095
248.09330042565801,1725.3170068710865
3837.739303556238,281.9031549653628
1415.4885098782333,4082.83513223197
7103.876474382981,5827.187021330221
6611.305868257168,7060.024095671912
439.71641621454836,8099.450091529028
8365.93779130951,6105.374273067323
2487.4326629118227,1108.8060859848504
4322.2707549104225,6825.816721424148
6679.337354557424,9841.76642894882
4294.187868522533,9055.84584597404
4412.878027999434,8716.689092695127
656.2799533574038,3021.7015335834085
4014.4354926000383,7507.881764540007
7648.478932199835,8511.034459651455
9151.763371865978,6783.262046312631
4134.971370633718,2505.617565679805
4235.858268790788,9538.339718749583
7026.2710632365215,4508.194114586759
9427.720011052766,1298.055586658794
2670.609402393602,1097.77895057392
4401.442065379369,6475.189872990458
7959.732435523011,4377.096464167392
6096.935693740385,944.8387517896361
1105.8634396395473,7403.645721560946
6277.327355622657,7993.251672586197
1867.462845973269,7254.156307864513
5102.159340784042,2022.6087768401292
5291.0326766043845,6897.754559960694
8762.033622249848,107.22802894385097
4624.942740124381,3051.121396784092
2794.424222358942,3988.215314075437
2309.6634821603157,8352.469488855015
8742.518766843361,3903.9437306940426
1710.1085441822838,112.69446189398292
4258.685608831437,3523.464118280094
1871.7311492694698,4989.240983592872
7733.040401143754,9490.047866727735
4743.72639974619,9410.343037895447
3511.4369055681204,1808.7403822141157
3610.996406264668,1851.4654173945155
8522.142067229794,1633.8145646455048
5537.739542944381,7889.219324141032
7178.678511312636,60.22040368406367
8970.385162506846,1271.7719819187735
9017.41676040642,5379.5963164409895
3285.0905433786315,2475.6206688676552
9524.512631463853,923.5645823926209
248.75882014605443,3598.7801233383434
3768.355610161657,2742.0760506024476
8957.988575088415,5111.043065142845
2746.3687981698295,9792.335938301958
2730.814503213184,1243.0463681491844
3026.2228508188873,3727.2670483409433
6123.133848469222,9319.850178724746
4383.327756143538,8768.730434938225
7267.348363533426,3942.710347842806
8949.106425646658,6989.532645197365
6741.993749428607,878.5701358134556
2044.667201975755,7125.410555436151
9326.819023605021,9728.577294847415
2644.928733474785,5374.881528341916
1498.9429532815811,4984.902270344142
899.672788609609,1873.1861970191032
5633.837406661656,6337.881989072919
1137.624624806518,5904.372807789149
1387.7588411263075,6519.330594757505
3000.3048059549665,260.83286684721816
2816.530096844638,5487.234883490736
6042.3951033214225,5949.34843497373
8167.452794726815,2075.301354128022
7613.496562028924,2083.3285748853605
2624.8445471647674,2762.181685109498
2453.104979859799,7117.215917272376
9657.915301069675,6062.660635323717
82.36241591960125,8457.626461178046
8797.205330602159,2956.5857184309816
1997.2851912240496,9120.680598883184
9472.843230897679,7437.061619833584
3423.072848275197,3950.1167001369695
4403.517738932523,952.6206562545592
7071.20613944381,2569.836624874825
5876.690514732603,9567.682172148503
3179.393297068228,3103.6337588407937
5538.309158678235,3299.0096014906444
7307.068843628862,1895.8893109771702
423.3494590249209,8068.506011387654
111.99305255704117,2756.4423024227735
4580.669390728913,3302.5824836885563
1318.366178035142,4143.481084316266
6643.442914647144,4337.2827977460975
2140.524562274342,4113.407904150217
4328.51106795671,5037.436953747287
1976.7093687426895,8145.128796164033
5484.8358574912445,8192.850407420221
1160.534593845689,7983.131337633469
231.06852787480258,1011.2483911648751
511.31638106697187,7996.788032748141
9542.5844151531,1202.5177348657678
1422.8621861093582,1247.2377005225799
7084.7825313683525,9478.627716349609
679.2620422282624,8193.978447055413
1081.6035223518218,5524.104668680086
5088.762514093347,8749.702044778622
4648.709301543437,9893.64642551863
9515.803094398696,6106.420666317776
9448.354530207373,6128.98436981518
7796.086425424651,7544.2702915992795
6021.018301273498,2321.3895236533276
4549.60317393011,1671.2486151879934
3561.7853432842107,7595.807500150725
9470.875469755554,3449.047949941023
6029.088114246855,1350.70356305934
5790.725276859945,3148.7772591774974
2319.0112176891485,3586.3686787457536
466.9781788511307,9652.276595056906
9451.885797595443,6979.597110879232
3137.3525884465394,5308.56317399734
4425.890233244587,9688.73138682605
1146.3994358570683,9031.397404741807
8369.24329909292,5120.008566141597
276.3183285593063,9056.796353769807
8339.907620990965,4043.0465806265656
1402.850127879668,2304.2066535662466
8865.64112631152,2326.7817682208515
7297.726373361574,6623.1552444212675
1646.702625073051,5010.703207072771
5658.179928594681,6589.508470054467
3126.5631435521946,6860.759642621699
1782.3309891158347,223.22872897717616
8591.821994111084,540.3959234790234
4035.227665072294,5326.777265912499
3985.437143653825,1910.354777600769
1698.8667480662,6325.337688044397
3830.656760857787,5521.8573917064805
8716.168463288503,5857.603583708912
3631.287104896359,3024.5537983101067
9516.035624997881,6398.435062778966
9463.088992083874,8294.926364850231
1448.9865930734602,9980.712535922372
1773.1125352264487,8384.443861722142
8626.740703318892,5574.987596799474
3927.6091892471923,1934.2959167995655
43.73982283009337,6814.458761198209
2738.71819705371,9376.537855579782
5976.2899319556,2118.665397323024
7992.65965959968,2559.956205265771
1333.8861709325956,1490.0854341165116
1105.4136441673534,7367.216436264017
9220.926535723316,4065.6150342365927
7511.483678225826,626.9563888638407
5897.796007780785,8749.499914902803
7691.86789995928,5576.719047025666
4288.543613066385,3310.942920003558
7584.557473091266,3439.8297606109695
3718.0299127453577,2902.5122019090677
2440.9457249260236,4554.801723926418
7290.134212929686,3370.4168848814497
4196.722921572683,5479.463040706094
9813.771043261948,7735.172522712942
3494.85182308101,6744.612834443735
9217.27420531066,2944.5689275411714
9329.625485670795,5287.410115397793
2418.5294706474615,8401.261599122508
7982.211815880134,682.0623474272547
4330.745051445651,782.9726698690475
9175.24727230348,5561.700680497534
4501.242726352388,6391.1512838980325
7443.037173373661,2114.130157759041
4669.674091637979,7452.201266915181
2278.007557128562,6462.633770407275
1993.501289446863,9232.892682362864
4254.311942563456,1689.542018585367
7554.9465701421495,7513.742653580107
6050.714851807668,836.4309058326702
6886.292899005432,5652.924095178975
2823.2635073194247,5518.951394991458
4814.353459576055,3883.850446467406
443.95264969326996,8445.711476685672
8175.324159581207,43.706447860122346
9898.921622398746,5201.794018985207
4068.790626246709,2171.535498351874
109.6365313154335,7434.986191164329
1697.9263955094737,430.67426306097167
6525.268777504189,8315.546881815777
6120.793182038592,8380.922267069514
7878.647195855439,8328.660124035028
2538.840109610682,1525.6852673266985
7636.31915547134,6304.065185610449
6879.840215236698,143.67359183389604
3228.1449771384328,8479.625912891997
5454.88148056962,7229.751935086205
1472.7380849832673,5311.537308992527
4525.645034355826,7305.914330966171
8811.97339555641,943.2409665177222
4211.913798253908,5286.558321768563
8395.66706475422,2912.7649181644542
5902.533652596944,9726.19463222973
1918.7671310235676,8571.179506239017
5811.062446978964,7332.756958339769
5059.833291570634,9337.476352497319
3986.41335196384,3468.4330456547373
1196.3043951607033,9008.798989881812
4167.086638472299,3252.382321067103
727.6237623962711,7327.96719691153
987.6905139875125,7364.169117764491
4159.16532932716,183.49876454093473
3053.814819684637,3610.5969827819517
9255.443258622234,194.32672408497888
3757.058053802705,9970.920176102485
7578.581220721001,1221.96761829238
5302.475263662427,5428.108956481094
7040.856686423354,7905.562387626373
2601.1598301539916,2012.6360226089246
9419.04972838329,4850.5266809547265
5300.884969144239,6074.287609211508
8313.240712852497,1602.0475439554539
3650.456934761135,7785.554599115385
1002.1134905052453,2993.364571893653
6737.116477208488,2110.2307633884034
77.59648337424485,5582.887464374169
4752.9297656550825,4103.136276429379
1928.0190266645925,9202.859446364178
6273.755044353622,8800.626981981539
9794.198731378521,4833.506633888832
4644.02906320646,3592.6377472559757
8174.982565256667,3255.1798163126523
5077.8418695112105,2675.6362308150738
4958.400311040241,5445.478537124773
9304.234931787778,8049.786047345435
8899.658687466816,3107.566082035578
7858.004651879744,1900.940896880815
2962.557533167841,4754.838061832867
5450.084157239406,690.3441679766653
2238.97233305685,7012.790061297068
4439.1669804653975,5183.582663019336
4842.130657597906,4963.748079728542
8316.400401693309,3004.4537955002247
8960.283653249931,9046.734375317366
4146.200623964779,904.862918495527
177.04445073237207,8698.240088870314
8617.738397893547,3767.0520241592267
1742.786785013607,8806.235159750224
6218.819638903935,7287.614583323836
249.70900434131192,1041.707266620383
3995.0647526056428,8315.362865093537
9859.603021153498,6821.768336995051
1006.936011038031,323.0191291534845
4236.931519996423,1337.0268210966997
3071.499501899522,6356.280558356952
9050.881233882643,6626.00502880285
8693.401079073552,7466.514328375951
2376.987603062288,7202.454007749819
811.8778705043117,6595.1995466995495
6271.383940611175,7662.389017464225
3363.6871188370974,5750.857058923729
6720.843906060631,2607.9138552445493
321.1975606781448,9123.766137307182
1333.9923517748941,182.1403093197793
6863.722327726434,3665.6171987149023
2123.706553024978,7288.702930971634
8575.876757624015,4271.560411496743
585.9088771013543,248.3440748001431
2154.819827855746,659.8090311621319
9985.602484850686,6486.373691382886
4330.761025867926,9648.645994052997
7029.656635446435,5518.636358344989
1826.6304885701368,5067.5781802376905
6098.687349855377,3183.252130562673
7261.060683694185,2566.9067386606316
3144.766358665105,209.84981756284716
8288.971119758779,2729.548676404712
6034.175784722833,4491.104408652524
3891.230096150302,1979.4978304895017
5576.423933431585,873.4798848142922
5767.608474359243,7177.2786725460255
1655.3529269386602,8946.202690680671
4027.3236986696616,9367.720696870856
3434.305880194931,6179.987284969893
4009.0272257912607,527.745825992818
7611.105884852579,7408.626299617735
4825.3840746667265,1100.9530526188637
9403.161532392643,6697.481176878239
2936.764133584362,7793.658357478757
4157.03578284929,7258.647108264728
7869.5681047904145,9518.838057611307
5460.245933207502,7381.462844673897
5470.281464244477,6932.097779818085
533.4016300518351,2617.431721831024
3985.9966271845583,9247.686864359017
2707.3373242173247,1795.438707941669
9993.351228311154,9048.966114731264
3083.5507063231025,3126.6254334591035
8844.965347938634,1301.6359387766875
6762.337350404775,8266.830272711708
3409.1640919209044,24.95453600829145
5435.343783741237,8320.883176808307
8405.358799491938,2623.118420459759
8833.682980309119,8847.212727556212
1603.938750061452,6914.791822415791
3395.7314120816964,6661.833328505901
3352.231802135717,3653.195631648434
420.4479607594469,594.0297389077098
5982.377598518965,8300.730982055773
8548.20052992188,1709.0379517652798
3815.7438782551776,3722.5864189475224
7400.359449841771,6003.546855090818
6277.004136007399,4822.537385606217
3756.487354930008,1986.6063517131804
1410.5979949229709,1406.1635688228391
7093.238527759673,1232.4627225029062
8545.651689412405,8630.07881499201
6858.544924014919,315.59549061333627
178.78484034818064,9770.142595998943
2162.3289439099126,1985.286903854141
694.799848835319,1103.2229687907814
5703.8609957622675,5769.716547767951
7564.776788404124,799.8595794069663
1105.7918706865944,6024.53263163595
8383.378205933852,8506.266448136132
5555.089783954832,478.9802146742483
6899.690121417249,7998.686045285442
9714.018486086463,3944.774409821187
836.8098824769731,1594.9063383121
9012.240229777892,1760.9648026745906
1261.026959874093,9187.645436942263
3929.5880663668227,1106.0575194066446
8514.386963311144,8667.82787115657
9062.542367378683,5442.4462098361455
5063.716735451453,390.5617881643908
5941.046382754252,4644.761457173383
7081.4733459855715,8174.4951447630065
8327.586684527141,7262.027876391004
1215.1116953766616,4887.824176847179
8100.693082292276,8600.49879696217
4812.761505116167,1203.647617802297
4506.23425108169,9099.410533923688
4238.997519969983,8464.412084833488
5092.115852460426,7082.768256572361
9450.505533946036,8178.877421287492
5482.037727921516,5438.15506842666
9531.775382631393,6751.624290976669
1802.9013061564058,5605.980707077789
7241.359788326331,3554.2853050794934
8122.395386087472,5688.607973611775
6791.288313348619,2574.653325319257
6069.2228022654035,4402.791708407853
5648.127810861823,2807.7540726024317
8609.30482578696,1228.87789461389
8216.465971645,3218.6185638990614
1222.8872118059953,8519.872181847706
8485.876570308781,3810.8077064230574
4140.686194404425,7480.03648968869
2536.9682999581078,1751.9785423816124
8697.685680139259,4244.1915916764165
4320.247996337416,1148.5606933517656
8083.646901768167,1386.210633674897
2634.036119558445,6174.363798900692
39.29321422217802,6074.818174490111
4954.591929029444,2133.7190735486224
1002.2825664288426,4744.231942887986
7543.759555249097,8633.06166977948
2760.751360694104,1742.0150867648288
4436.456466034787,192.10533073514836
870.3356509155425,6519.951406635723
2866.5924844725264,534.98208088685
7814.90243258572,9799.40238572446
1515.8791190231946,6096.20283798881
6471.595611269574,4703.963528439723
9174.258528045011,4299.925400243068
6798.367597577203,5730.706585169314
8110.216892922268,906.2443672021492
1089.716293039158,9300.190588194957
2507.3182600205446,6256.420685518778
8945.38852240591,1839.784976109088
7151.056136180892,5625.810537646628
6395.538263773112,1332.5650583301162
6637.667361217,175.52717558312114
4142.0055430464345,6305.16985213998
445.5663161765322,6484.833418701278
7844.415420707291,5836.9658280341555
6787.132362153538,1834.8320436002307
4728.044641127247,6034.298584947671
8997.596153682574,565.109409245198
3361.596649850989,6092.383555719223
2943.2174423123593,5540.170191076188
8727.963250794428,6552.548308390995
7969.876547589854,8954.756057523939
5149.798106483448,8503.581052395366
1307.3473945784997,9806.541915625388
2150.7147146505245,9762.41032936575
6562.279904088066,7723.196933737526
3850.4123784041167,9564.19622177728
8364.731916659712,8672.83885889112
9499.550093322041,7275.824498949729
8056.369252749183,753.842546437552
3775.4542299555715,490.49888269887765
7886.864292314241,8375.995675057702
3514.4167347068346,4896.558578716983
1671.000877656339,8146.066843749209
333.93204865857393,3129.182706552194
3857.1671276102006,3976.498583230128
9035.59303697282,7001.867210119319
2389.865877556765,9153.267369320933
2065.13164929784,877.6147447888594
9698.207852410404,8614.781446346062
250.0411285059212,7930.127248793652
7857.821503937544,3155.3927072985466
3213.6995574087036,3552.1661413155957
374.8795686965933,464.6147722190963
9178.025402095836,157.40611116717983
1396.423302095836,4770.061263577291
5517.792837256954,955.3964549731053
2740.542074295478,1940.0181441521302
651.9280218469104,8467.671995266635
499.2248566337909,5710.283912504525
1155.566988363388,6336.324372661134
713.6701388938005,1874.7933083192004
7605.581155199229,8286.618044544195
4855.662022834292,8679.797724397475
3428.920913489797,5233.275937130434
4183.689101320072,9125.577718786599
9289.467355726232,8448.286249545816
9107.518127381472,7313.241766744381
7156.764801225769,7340.759156936287
8846.823774216877,1053.934739508633
3196.480275876248,2708.3603769566575
3811.0932600828282,668.4721981767605
6137.12181854228,86.81209226308661
6236.259472972642,1583.0953138391012
4816.998380123409,8804.8718264694
4006.5784843795327,2398.7405903605154
9861.80311608695,9701.539625917218
8211.236261177244,5972.909995612061
4349.801978880452,2372.584876346904
7272.924772395685,4971.308034842128
2695.616932524595,2190.9482270011536
1001.6932623732988,9839.73558182374
3524.3102555274063,8472.649839049638
4029.728001233942,262.387887823291
165.37124560670802,9477.760314674711
8147.92001635896,7210.651073028873
3591.9340238918153,823.8125202127833
5804.1816578014705,6706.377463264455
739.6318727095596,6469.266979656854
1749.9682875058397,2187.8874580758347
8896.9372532756,7584.467000075756
6086.875278828008,870.6470331296712
9502.840501704855,4894.451812312478
9987.500343913169,99.23207163087922
3718.601153330944,9687.374888947465
2988.030640832746,7515.636317769094
8583.560551590968,1588.5207615965603
9986.114270374543,3416.7403995128298
6296.412342324573,1605.6237780817628
7951.407225115224,7666.174641293146
7817.458588152745,588.9632542771517
3553.3970821954695,8404.066555637142
5742.7038025708725,9421.963388357299
8330.569412642137,6766.279428062999
6881.138762610554,2129.654500014342
211.6381398203826,3600.9009581355076
3367.056688975335,4772.398748089313
1444.7569659460535,6046.247722022537
2329.722120780391,6686.630898116874
9054.894774913257,5542.147153188827
368.9328891076815,3513.1392082185575
2198.0071196192375,8909.17280564903
3095.6935223823148,813.9205801795823
6168.840719663948,4662.560542434951
5341.016900858655,7755.648384674807
2182.694828533861,608.7266529140089
1642.4106722315446,7053.352168113011
2367.980345961188,8197.11622753325
5025.296267016556,6608.312985270522
2711.7778571120343,129.36892275355993
9476.025016077221,1801.3702713220625
4638.652214288476,3421.1307889195077
587.9601654463706,2336.900356380459
7292.664058366334,9626.521402274275
3288.4528820898963,6515.9391411379365
6534.889320582475,2969.709573515703
2795.94370523232,9296.974986654455
5707.437417333199,7405.941994761869
7721.525048074646,2846.0721182704197
9280.087417745539,3788.815694019554
2611.2714443307705,1994.2885830395674
3348.5695099898116,9710.739982658219
4642.664202859397,5172.964958900732
9271.748377359889,8960.566874979846
9013.86856810657,3464.997710168477
898.7828010063803,8608.416030974757
1319.2982575381084,538.8684842716395
4955.0917733063825,9820.90317524288
1066.192728054235,9120.343670333026
3455.8087334869747,3632.0294477665493
1483.8537821747766,7747.221653145773
6360.403551318858,7522.5792647382605
9494.954317391617,9012.547971029317
9967.337702943814,3072.549811288111
3752.411324969148,4655.200053141495
5990.126371146122,8649.99612606053
8562.676535240813,7785.79454135216
1174.62072796384,3934.6671874027916
6895.64411051965,8457.25232912122
4088.4366172506825,469.5403923240149
2061.4616028016408,7820.463029629902
4027.53618747442,2067.6585943370064
759.6028696491686,2861.209078237872
6954.071485893058,4932.148435955936
2527.4266874845307,4497.345010699739
3114.05645044878,5205.70106869881
1210.8129824146274,5447.755956720238
8646.591138898917,3315.2769103149694
4934.442792827386,1752.2751301703
5721.468777864003,7684.81229287306
5694.326830948547,3999.761490871421
4104.931145413418,5058.40862459059
1925.2991543813946,6446.967183511181
7451.327484983999,9096.37922306656
1270.5626535767433,7075.5283114021995
1038.737902788105,454.5922559038451
7101.450375965034,8385.603633980176
2088.3702045198384,9893.55015127519
3067.7275135283235,4724.850253713821
4752.274670017402,9695.903364546008
4493.513167295462,5473.287423431494
7085.791250649992,4596.159958719498
6234.3179344336095,3314.0476472745504
6443.961622818657,6575.548758333388
7140.543306554573,2298.2042052504457
2926.127274234653,1049.3421851440432
3223.333118004736,272.3710258421408
4379.977478955541,2923.8011271526375
3074.621730335261,3957.7083216703822
9849.378689708634,5520.766962812478
8140.5192642142965,2927.4982518700645
1646.546882560296,9840.595723854112
55.941558818695114,2917.451682411676
427.8326824726786,4409.753884464087
2440.6345104292527,1032.7616553190032
1142.9128583685656,2606.2651333707563
5333.381148925721,483.3213978899109
8579.952227273587,5595.086334373281
7367.5022091322735,7510.646831324317
2156.090630821904,1957.0981433606794
3992.9925602578587,3679.109378160708
5078.9420953127765,166.16226727160566
8102.058495033355,8395.220557222121
8391.216031061647,7799.635249316695
9097.18311907776,632.5403087429238
5092.452505028752,3648.676093204113
6942.747464358629,9552.866138494954
1118.0037123393715,3920.27056078977
5652.889599539821,5262.086767240161
2486.9180947113514,3552.428610103552
4317.168850266111,5961.313881282618
6340.5050830671935,9781.568756368222
2569.859378537811,9975.02503481197
521.8505779676108,7747.149780111911
102.33856408757514,4043.110980204393
221.59535544521546,4944.322008289883
83.49737513769662,3567.3132811230544
1103.5505655787547,9855.746299043461
2394.887145701299,7077.603058254037
2212.215141822992,4489.314454335113
9867.965941798968,121.15270109602338
3060.0610520894325,5204.834143905484
1274.207833593991,9839.28201701618
5455.625441677579,5230.609089730519
8579.574553975084,1824.2668548911367
6780.603767876752,220.93747104774852
2960.820891354503,3547.0375812420907
5616.16159791455,9182.280556966069
7148.559742004091,9965.541081758809
7281.044923677423,9453.679748120026
6665.384552976889,7294.199932542568
8708.10424775618,5581.427284406553
8701.054583441044,5906.86146382252
5789.365594070033,5389.920090919609
4298.563691112123,7070.493049229884
6415.702955650998,4188.732266953524
8182.120013704632,6692.040049557655
56.52104841184724,1216.1211495720104
9919.97009014851,2656.9530656148377
1828.9377232919924,8360.030388086294
4702.489856599762,9037.48930743391
8720.297348428667,5390.082375602997
2250.4039904419938,316.35617212932397
4767.952239003832,9269.735707917682
1325.8218018117918,7020.6425802728645
3950.763253881926,4140.279237553608
1771.3545479300253,5983.789431994964
3636.27748771157,4297.7483444136615
3734.6421679272203,4653.39226732051
9931.707895983327,8868.098656594017
9948.130293037722,1610.8424691711155
1147.8627866061242,1036.6913548223677
7259.687793283472,27.28744513015746
517.4547966910114,3140.0037561212666
301.9201533718863,1474.1376648442738
1053.3389424496431,2199.8549513811117
9654.85657007934,112.38982665376929
9408.635478946973,2271.954146877032
1939.2782028068045,3327.1158193237393
1616.7233555371151,315.67496409881323
2405.3508651594702,6079.041242971477
5155.469940751422,5688.003488837579
5697.0463203540985,970.3577850992507
2215.9343043944737,5950.09777518401
7566.227880899452,9986.539186088776
3095.5316940265075,9444.689528115407
9221.313255294104,26.709933676632993
6567.227064567306,7953.783113303596
4363.5119430361165,3536.0527623648595
7899.120017028454,636.5137033462743
8179.146260466648,2959.8321371620805
2904.8160560894366,3217.365163129623
3397.1454383608434,5232.442393090569
9359.551537286034,6610.837672688546
1647.4103836327192,7490.55612208408
421.504169629342,2459.0304256326667
4540.5532260954915,3217.7057024849696
8012.099002436289,3083.817068597352
7716.681063107458,3627.3686812087644
9195.306289128326,9996.563089563388
5332.006643690403,7779.4330282742585
1000.6467156653331,9749.90465268697
5886.8897433601605,6931.110595470572
7783.956143532116,4062.707016472843
933.281202698264,3897.4418362697493
1726.5740109758976,4885.811449750451
122.90661155670901,4168.6978336443735
5936.525794468103,8283.262460927457
8867.343919459045,4650.020130266928
6706.633160020995,2956.1436021084596
9820.40087590982,7748.602686966518
630.3365249976156,8544.204093813947
9030.010851514962,4204.289561404514
8140.682873866807,6678.08571905532
3142.4152049950494,588.0453388830475
9735.265518372518,5294.648519714667
2879.3774817141502,449.8113774550805
8893.047238282184,291.90840494468074
8807.485770741894,6129.2485052273905
7576.576166029725,3033.353823949871
5634.704738128518,7425.371624554654
1200.0274961688806,8960.825606325921
5319.717344964983,1393.911737303507
3567.9625565493457,7245.228385789239
7922.170331553518,5145.199982883432
7581.292064968449,1121.1925016269886
9106.125073726053,6515.926064807247
148.3016243170787,6094.668031064728
8091.032168230461,5156.418674007826
9384.620531246688,9264.71204559658
7893.004491081501,5210.796961040165
1301.944598703667,9905.151154502126
812.7910484088774,5092.28813848111
208.4523980770081,1158.5203830136759
6287.45225828071,4704.712510750304
6296.726518598873,1823.2876255507124
9869.137142182122,5971.334852174273
3980.431741040957,6931.321751936011
3319.0628489749674,4684.352787070937
6244.249271843924,977.0296768314823
8256.08672507594,4686.413985835529
9367.739495230018,814.542147344004
8031.2416617903855,6821.25955506534
4266.739806158048,7903.682248650875
6349.142353120641,9623.80327227039
8562.99326716117,1488.0210712845642
4906.096883117395,5324.203355333041
2166.866437053927,5675.373675354186
1697.2343974787295,9224.765337809797
1.5774457805672881,6272.766405965142
7182.379949812843,1455.096456453211
1110.972088459905,4363.513239631892
2438.390996959404,6547.625285062505
2978.7633152279336,7002.844320692973
5603.798601367684,8630.739985905735
3979.5727729576925,1805.0711984439715
6746.739920231618,9515.421467554985
556.3865932870272,591.3941201559226
1239.3919426443945,9837.62134568902
4992.1150353326675,8577.670928664085
3369.647878468298,6602.727827621713
2958.1336275135973,7349.955002644217
670.2807903752273,726.9200591879643
8957.191747480014,414.7986289445238
6918.1858612505075,1017.6579655136553
1216.1815681964938,873.5981466413778
650.4595773714061,5473.812334694351
9748.72533431243,2154.4398711178915
6811.725504395049,8602.056372067265
4174.560710937415,4457.486230680722
7017.3104075578485,6955.104764582749
7563.317864801591,6528.730929701598
7799.622023887793,3198.5303892971006
4778.7730565305765,2431.6757352572904
4298.82758124848,3424.562852966352
110.2808426890034,7966.583738498375
9265.57115141838,5862.7684841961845
6033.07878388943,2535.3866251917534
2031.539371899681,8178.464430604302
9196.034194214366,547.5938611030673
9149.319017702965,6991.833749902954
9891.841643660959,4391.008057493109
8740.565631389789,7312.903860658883
9977.843878200647,9274.612802434267
2446.861881232726,7500.340979469039
8422.49585199234,4419.653553113823
8230.283087957645,1509.7568151388075
2309.4035922073376,8063.509758054337
984.3754900099077,4607.055269213715
9794.205136775996,753.1232345712979
2960.2455152061034,7190.55397776866
8708.917904678061,2918.519659165897
41.27154674603894,488.88229505185234
210.24807219602204,9027.510149740778
4658.713086963684,4831.0109209391
2387.1468393506357,2809.6105317302154
6898.412834359643,7163.865578849116
5655.6432556795435,8859.023776825637
774.8579745049144,3.070750337554884
1626.2829631571708,6878.521850421537
3880.4927005841428,7670.116940184214
1856.0406395543316,2099.27427279493
7922.223472439286,4896.238314101744
4160.7023555328005,892.8589891793581
934.3186684249927,7467.498825153476
4843.429022721249,8474.560185633525
908.3818106141417,1081.8665732466059
1289.3730541981718,8164.602534328347
2396.098320282053,7715.701704845335
8595.277052474898,3469.133203708973
9246.12532332972,6902.8952993358325
8262.577293320692,0.48123894311746795
3340.7721741784726,9317.976544659987
2724.4644110883164,5503.832353083729
5491.556907902392,6203.3886406199945
7218.5316053311235,6646.594135390987
9933.727881601748,5613.6901721836675
1315.7071187892623,8567.63887539463
492.91999023804436,6097.018321515439
6943.55888995271,9077.599912404727
8322.257835039056,5823.31622234009
8463.487798664231,1711.224219805666
6784.635490771607,9135.625558393029
9540.158041191871,6816.2749835977675
5110.047635445869,6992.389944355561
9138.147983362125,9854.817505716017
9678.12136991523,751.9655420957915
8471.574570031078,4285.926070951713
3097.585632586206,2390.953929866152
1962.1565117029527,6304.2646471365715
5481.2006498181845,8068.1168374807185
4530.147503801884,9663.107088924127
8777.58342192733,4545.961069547201
1000.3167106715372,7862.1823064260425
2577.400613115186,9170.515920403795
7517.989445187085,6833.254325358847
949.8664497731213,2427.325524497712
3207.644140217002,6078.541511077914
3871.5539405398313,9699.520478171866
6225.9379656269,9875.538288615653
1581.3264571936459,6423.598237167781
8606.044903497095,8869.877578719892
4475.422354662743,2003.493638486028
9170.217118805565,2460.786049522168
4678.699136339316,9528.876128848597
2750.402589407334,1352.353754948079
1418.2882868767488,1911.0643809347894
37.450947112848134,4205.485991200517
5321.574849848356,5895.842877533503
1071.5669692692343,6038.172189682717
3917.2776363117823,2919.760086655644
5892.717612370867,9206.138979503483
2756.858969027003,9150.999076078628
1752.2429236611524,3920.680530523725
7747.2162260934165,4342.9176943029715
9467.911722816205,7024.971168239118
1004.40417861966,6629.958963989007
1555.9032438500785,3822.9701496096236
9600.126572527186,4142.442515210034
377.8422181224628,3480.3894342153894
9776.323365504722,2353.850069533079
46.44483084988771,4581.383629241397
8736.686556513314,6864.341319025404
3073.2518098774954,7419.66705314293
9385.888581772966,7788.736482559626
3169.452886355855,3747.3201345312145
6543.0632153405595,7646.359942849736
800.3256976593665,65.16315691875275
2423.29811453739,4770.499377168822
7736.793464792508,7939.044001326908
5286.858536788197,6300.447206413533
9279.690617870447,4740.631241545077
4287.514083413543,6446.4200660634915
8698.123658139231,9069.460031486638
4489.554374782375,5663.818006102074
9792.482787019853,7997.861914601062
9598.343813988768,9807.427252251975
3291.3670555608032,7055.682020755667
8859.236704168032,5733.2576388906355
8476.113742156493,374.8594712534026
2106.8039732756283,3744.7789825458754
6242.904007832697,5654.427335151183
726.8231558981486,7972.0657170603245
8367.107205834616,4381.047896475763
1745.4588350349654,9600.582757647735
708.1470138576451,2717.937526236749
4002.190955388112,7445.671952103165
5769.221385996435,4190.314170841275
8549.16958559771,4859.884945659059
9742.425255217366,8025.020338654403
4394.925125698636,2962.1526165170553
604.4692298527021,968.1205659514313
7491.1557902587065,5202.555846134272
5651.732562239375,5287.946118037487
4478.913448444631,7971.677722253738
3092.6887879218966,9683.192062321017
5023.985278435357,553.0068632834839
3386.7960445703093,5916.894737431088
7570.1186774736025,6812.785303147999
5438.936964926411,9858.013507485217
8768.477741541119,9425.902142769115
5435.439146494421,7124.507647119775
2382.6241333993003,5217.894112444658
8510.918822321444,1615.2392229926127
5572.1904493004395,3841.765552044174
2068.4103814356126,5851.223250571544
6235.078099562221,7252.003965957538
3577.1676494242756,6353.995574791123
8444.056122920658,7141.228018277412
4532.9973864654285,4291.525045518977
7264.413581074167,7276.2729057100905
955.3620763623716,1437.412560197192
3960.2434630234616,1625.8631176311355
9832.414364723987,1628.3214582946282
8084.602894771483,8908.64957035776
1599.4080236692864,760.340633086345
2777.640494772551,8015.083727334759
3298.158088563611,2335.7089804673715
6503.655604954457,4684.299404952507
7569.9475948965555,9159.56595465678
7495.266088079098,5859.372296875067
5098.740563064028,2101.176862323586
8108.205378381513,2840.9006031880713
4370.78082757475,9204.466238957857
1238.805652955619,4271.439251099783
5644.418416538133,5869.854830067894
9523.013846011067,4599.321966253888
7929.936513925113,3784.3808804844957
5787.006476922424,2232.791269324019
6468.056603490969,6861.915004846021
9305.620270355726,7182.420262721204
4283.427944349605,2748.850916073995
3313.9413894263735,7890.108430548304
9772.41565000449,8545.352003016795
8634.431335103334,9206.750962396303
3230.435846186024,1612.1241391836993
4637.805973609228,3039.236836132664
4150.781290077991,8603.533475036957
1490.9567867143392,1985.4020282789397
9578.193238132591,34.6845924349537
4043.124312197588,8708.273102516345
8753.29082637908,3264.4944175136934
1893.5622768066507,4144.9752513895
5478.708106372198,4463.34025720638
239.6138512426982,8482.746006672285
7642.204838423086,3378.921445934604
5809.138982462784,8922.798858564818
6255.895834697527,6169.39138048048
517.2088255465346,5272.867240336843
2110.383302086154,3256.145071274624
743.3087235358016,2437.1169628118582
2889.1431580381177,6240.584427773487
6274.39007682151,4468.941600565761
5661.859843173752,9105.160099320063
6121.498216133903,4916.3871611404975
5492.512713778943,5117.949167011911
2730.2879567585937,4167.232811360008
2445.0749734442525,7892.62996991285
1370.5968353658127,4248.391981092704
8490.70874903492,2693.419997497549
6164.793585412444,8620.308742935098
1865.1101250405977,5968.282213652403
1772.0937982123953,5915.102197690017
8730.356015261366,6108.222071639266
7427.308637633193,7188.397482056667
6593.990799053714,3130.6798931256685
4068.641075392998,338.44370833002847
2619.7556427851755,8105.931608770096
9794.507631128237,1289.0505388163742
7972.395750228002,7218.197372105442
3017.7922313627646,823.1529828732876
8475.647962784948,3753.078420284921
7589.319486146815,630.2606983153825
2970.8054987799837,5222.136796277246
4265.528542416397,6531.357727815751
1859.5344539102664,1714.3314117818832
1110.5244437810934,3716.276184384021
7227.620328396967,9302.394910430536
2675.118573538666,4423.891171074568
8200.593657462536,8025.435689765566
9956.08711514426,9271.84745060209
766.1981392964867,9743.458249772864
4730.351250837003,8983.220196913693
8020.62559310803,3174.053291589691
7889.508965412335,9625.72886161193
7599.971583309685,8123.952417460469
3489.9493530191094,8371.755836394877
4538.532556850523,151.7298417183477
5949.683573414703,9542.388633182936
9739.405835732572,7780.902238487407
3275.4727093849287,7679.674965079
9231.438877168577,815.2473092858626
2693.5691818049413,2325.6854107333124
9890.744654737045,9622.61665137899
6702.636868275918,5006.770748054763
4635.114803585509,3978.580182372561
6133.9042806360485,8399.408171469137
2725.311690402068,873.4041411394434
2741.738575114666,4169.420162710593
1135.5454384349384,3757.0077442208362
1140.5029770539877,3498.5138703039274
3476.7174146891134,3076.9224365307314
7628.554778963717,2100.74956790078
6079.711675981625,1729.1080299052219
1025.8456033102082,6404.061169196741
8522.36524975911,9193.948412086784
6013.676269900664,5088.516452498815
9608.555767847798,2979.7455234664426
6701.854674112075,1591.6019772222635
1751.74863704181,8301.433650525942
4737.833623078222,9714.920564732138
6484.975975472042,3491.5540146785183
282.6470104997769,2909.504255521289
149.10264154807896,6014.929529749414
1294.030005985679,7753.289809534257
2516.6443504547074,4554.0280354966435
4295.491235206755,6300.731498609492
4874.4047375978835,7165.490680232919
1380.2760893789678,9605.922878561792
6733.915791158308,1650.373305200834
5961.380616965348,9973.824938253694
2944.640988411602,3921.566552412288
136.59883435292008,7232.001427265537
776.4791535329074,5724.143779729972
3916.947755108394,4866.686170088401
1539.7435116568392,6980.753687315865
3768.1960614797085,3957.538502235951
6281.826045103551,1261.099813368064
5472.374278792835,4888.933831212397
2311.7588313739425,5219.158706823186
3438.224912587524,2019.0215339993922
6140.311984486506,9356.193563286572
8608.550280434487,2274.7564664629126
7532.134387388773,4092.275940840977
5534.000268334149,1549.296868447233
3622.929983164862,5357.966461869441
3650.5127754180544,3076.3760810008966
8794.173102643961,4892.72519976084
392.435760405464,2246.169164582019
9879.82644420261,537.7512794871575
6643.754108515623,7792.266510822553
6811.376990723905,6410.862839596584
379.97837304742154,3407.3935571101288
6055.292748912721,474.94224682322226
4847.78060090447,8655.750626971208
1057.78906894067,1697.9500493567934
2779.2201076935908,9307.42218281428
8903.144562136513,4785.953785959585
5499.884158659529,3403.8670990848373
4134.165751739088,7417.594768909639
726.8215584081095,8768.394060751858
7141.215274023056,3707.1356364571075
7028.508233960326,4073.4375217018724
6140.436069725635,4331.582193471973
5102.626462206492,9223.230614786691
4337.844022073727,6925.639915143327
5932.710929879923,2476.4611704565555
2333.954517284067,1849.9969750197943
9412.590641776476,2303.6766342481606
5887.945291802295,2635.6388918551743
3111.9244435437654,2301.834913340015
4496.7985088515725,6585.064471923962
8056.847888768923,1159.3351065750635
1616.1606073029743,3873.5848970796073
2928.356224602604,6250.535729703664
6795.0802273655545,2908.5997394293086
3154.892064822239,652.7438470165803
7925.016818614659,818.2392284596829
1304.5348717736083,1259.6677630468635
7626.861704546085,8358.430248681552
683.5171485056624,6578.635056049698
125.92612667494785,645.2241109764478
8982.235188321622,3910.688791514199
5813.392169322986,2785.8517284706563
3518.2689708681146,5780.401116288002
2325.946369638504,5228.0594967231345
6168.8578326081615,4811.240233697149
5090.021835367382,3145.1237037261317
9915.977755299851,1377.9977204399074
9832.159866537457,7423.76382872638
6350.2456614160965,8798.567688426545
4428.705061058905,9441.509092328173
4911.409691346621,586.1897061358046
6824.790662368619,7399.087115888829
1015.7454423538137,7265.034594069625
3283.520738107182,9471.096141455893
752.7224100360386,2529.1459449776544
733.6075951691956,7421.790382951564
1958.3924189423374,546.2628876648456
4852.5325459322685,6312.457207616191
7847.743211627893,3508.4782405217975
4854.958911658726,7689.094395474752
3354.7661056086977,8633.042864353934
823.5299033675814,3648.210422175162
5502.955231831295,5255.860926993006
2712.6858648317675,1174.040623635999
6149.341779171475,4169.069652234766
9771.877391324182,3608.0039325916923
1113.1432147755015,1831.2345978451772
2121.2539872193993,8944.786247667758
4730.945380993748,1480.8783804016023
9686.138153459295,6357.393575301871
7718.097762699956,8901.426434798877
8982.2919316283,9119.685798632256
3337.148484757929,7932.396998405684
9920.384737785946,1761.4113387417663
1028.328160641574,8174.314092138697
529.7290604610083,2765.648124156246
8556.026270540282,9223.98027432509
9272.648702069862,7090.866814238496
905.8535754610175,7852.675610088865
1134.274267458415,850.3245350193722
331.74157755773814,5827.651134435444
1045.0756264272409,8211.421268986796
2094.198168002809,8615.903527724993
9700.76618910001,286.31704733641516
6678.602222396805,9391.592325551192
7785.530255185421,433.3873330247973
7761.3940369152215,6145.186796748499
5350.737497792146,6933.8752761531205
7974.889777130172,1073.4529116790982
5958.075323899697,480.1186560919268
3145.460976033576,7849.121544507291
5611.101087684007,3846.7062479743395
5335.085861345135,1071.1251531512366
8234.530537593206,7626.6781638764205
9817.272173816591,8491.630701436206
4110.425654209305,5873.861907588074
7633.906784413597,1612.368084346456
997.6300403813354,152.22471491490808
7768.313694482886,7008.024813019439
3714.1691199323213,5501.396748253168
393.90162889686667,6507.971417200795
3632.4617856217724,8131.846701995957
6106.427509216448,4342.277769929721
1192.5016768146656,1245.1546883362041
9240.344924302546,9399.832853908265
776.7241327283858,5452.621272468573
9300.067198331662,6152.941190885403
7071.3751793568645,9334.114295517511
3297.121754142036,9315.83656310263
3907.5034770909324,5720.946067281736
7408.093647327441,2976.114247214261
6014.7110088120735,9971.136340127392
6716.429214549452,6808.170899535359
3891.6461651348,4084.3667689205654
4878.13481807599,5598.368028535897
9898.674840378933,4158.340502680297
2139.228704997177,8883.051522966474
4178.561865221314,4824.993748657461
2918.231875739673,8235.283759812472
7651.115104398498,8401.76297823004
7640.126256657207,8243.323377352484
2924.4546099739587,7221.886124756745
813.9031663298291,8548.777168075818
114.32676672204045,3872.2957962296923
4274.505332424855,1146.6320614196036
4103.375943357709,8424.542043725145
9883.89878639863,4981.684156873453
4698.020756976796,1273.7603252785102
2564.1836957542064,1153.1252218200793
8912.294410314675,1592.423940098927
4910.679496535785,7509.732596671058
5991.756352105778,7108.5667346628115
956.6871042821268,2038.1868018488326
3829.1640732977407,8469.234181097952
9442.236744737867,2812.9479552824487
5895.053841754254,7929.855833149475
3445.018551424617,4888.05907734942
6256.671806315931,7315.486825385661
9104.110895781161,3813.8766307356586
2739.9060047259004,3471.4059709477597
5051.167184706744,8413.595989593323
9586.906539117554,353.02254514069654
1723.9614329845265,9747.369472575074
7196.639255967116,6481.7955826537345
6144.810082029823,4324.833881994421
6796.751311406349,6280.545311504252
3512.1963066756966,1227.409464589828
3138.7937348376495,5140.524552935476
6842.096705883705,9850.955233397977
2155.4328510454534,2352.6943784670684
4196.547448590051,7222.780990363494
1881.74646052918,4349.713758317006
83.04841123329743,6524.581484879536
9700.573600380694,2048.8722869177545
4317.0297865641905,4704.649826176023
9693.496144198252,9800.927138592751
1403.2351976782609,1952.8715101600958
5873.667794574861,6364.450278487571
2009.740327912396,5755.977487667954
7900.741269632747,5650.515862904033
7837.029887609752,6151.232896516171
1126.071490393118,5022.379736882281
9120.64452876389,169.30750257658
1946.2964720322461,9000.968114631178
6129.773415893604,8269.788274840308
9856.33620087704,1741.6768092112134
8823.965347663638,4132.731773788691
9565.63928561169,7705.48980693568
3425.987712181194,9800.623153872844
1055.7564221946336,9511.370464417865
1883.468732894501,8993.591996761741
5004.948950766138,1583.7389729913964
7932.296782733221,9144.751060090048
1501.5364418387521,8784.449129510795
6597.315322607571,3769.4991116638953
3235.7760403951183,3945.22594536262
3412.020723921535,4599.089219551607
6619.177301579263,6561.75630966417
4669.994195332202,2608.3561598301576
8120.3329302599395,229.48429439944684
1559.1850966282705,1412.2952459724224
7899.482697670384,4401.159075767737
642.3524805742087,2820.0256942620185
1940.53880245605,7645.165610361319
6561.497145031654,1066.9007054927138
8549.256565110712,9174.652255548039
2526.7962773934905,8953.271799439111
3271.9160582891295,9087.56816933288
5371.207482867399,7396.099986033267
2115.728064893023,1069.999714835993
8111.5626158750565,4381.375713695667
7736.366450057608,1314.0537180546376
1452.917119657816,9876.991927610827
4638.297318166321,3330.384233986733
7748.277666546214,5853.305418900621
3373.2953110341477,7793.930542442218
6331.068227177317,9206.160842256455
502.1312145757273,7555.4772584136
6086.88760529318,6745.037787662376
1526.52980000607,4659.817820381513
8305.833251144513,6054.00133750524
3554.4946358047846,941.6380885282982
2815.5386272819574,8839.225419612625
8408.88976711485,5437.773088398854
501.44023071810204,401.35050434942696
3966.087993343448,9199.021256598975
3700.0354057503137,4893.019738368687
2848.0037424955085,8685.891415610018
9117.54332001477,8568.87954205357
7509.283935167223,8157.515874571149
639.2316419193877,614.0301929535608
7146.874494349541,2470.6664542420885
5272.99133128794,8755.478724654307
9008.678944015792,8989.910560520939
3129.4561734835847,4580.688623688061
5741.619996095829,4400.414676542023
5007.55274740986,1751.4063388614975
4895.609062276058,9684.107886911514
4561.053995172127,2131.384753590432
2056.2947553228128,1909.3678435076556
7557.099224923928,6607.2897014917435
4513.360327392887,2428.443030004477
9585.162750026057,9387.716110143898
2608.084271927763,109.06995317794821
6827.438396270411,57.53262323301311
9407.170796391085,5048.768014355996
6634.583230160925,4880.62459913472
8712.729076173946,1633.6402190091048
8274.809597570062,4945.195629702845
3601.1771548900383,4116.611051699864
6001.239399394965,8903.295253423688
1562.6133981135558,92.53920216963473
5355.258826955996,9762.698050329522
2304.219718143372,6243.927642958424
7437.3681495244555,1518.4344564527564
5280.584218921246,467.6001381116623
4112.273626316605,5381.056585592319
2687.9709616697755,2348.9016597182012
9986.984818412868,3011.6553700125924
717.1052088493268,2451.321648345136
435.60680572420017,6501.7231357251085
2172.5740049386454,5535.289621161335
9710.724586278197,779.744235218115
9792.381683199845,5265.265331751754
6549.27734772136,7911.897655632999
8801.066672064047,811.9459082032432
2139.617308407954,8897.3897623042
9720.420941766235,5783.066494477292
1427.8485013956465,9506.244692703167
1011.2518818165828,1481.4121772237565
1122.115392472729,9935.649993533152
5731.279232725647,6442.728659696768
7809.744007180523,5674.941994810629
3666.671778746331,5152.796241120854
9778.959877861265,236.54373098312755
4344.201381183295,9396.39191549578
1504.485507732163,6439.944728541983
4659.667481861367,916.2648449929122
6790.371654224398,209.52170294524896
8322.257805043786,507.8363923675133
4587.682899565929,6093.957634322407
5936.068260491675,6140.154148945852
2673.4471215885337,4996.6729178144105
6459.16526405514,3067.6582065295156
9859.719439503437,5317.427316146413
490.5357258779386,5163.018208762579
8865.306707051677,194.15559876565624
5622.825027675228,2824.6923032749805
2520.986595622999,531.8534146714949
9548.89710009258,9001.547514476555
4833.5430305889895,7252.2316278513545
3316.9025167338564,9961.151701929122
1814.9762827084114,3021.7126330528786
2444.522102566621,8784.858477569103
8328.490415914426,6030.542679324817
6144.100093171658,4531.254069036049
9132.456194883162,2225.731112886351
2319.6845215778585,7383.921652861428
1211.3857384890148,9041.407489043
60.875309755900055,2353.0839807537072
5078.620376159938,1753.9033497361256
9983.06930381988,6962.21915004867
6949.652688186389,9769.73162725519
3083.945919651461,7499.55101104078
8768.585830261716,2845.807390476489
7817.222659879597,4199.5542414778565
154.15166076539256,3843.176354583717
8168.604805410225,8520.950180470454
3005.2675723849597,7713.707788722239
1496.734645836011,5889.754347615201
2263.3083973707458,2749.5911039690322
4685.798043751391,9379.885277220563
4248.67927068011,6533.152247691466
2888.8729937422677,9704.766464417824
1722.183222070327,5801.170330420307
7622.307896421693,8211.927583636141
9901.09783734917,8131.053793945268
7777.915804196904,3373.2877683359206
2959.369676715412,9640.207229572281
2448.089614121334,219.4146759756399
2176.6587606593826,7687.109087674142
1366.9507448903628,9655.57085764044
5513.3054969230125,3389.0820328372283
6054.003719533442,6481.105877909719
7055.0266066313725,5622.232498442106
6802.133709336679,7615.073096765237
2923.3331128338245,8661.779216450524
3303.1100539684653,6030.4456929954795
6815.145354423379,8159.045863814569
3494.476407836283,3122.855758892552
2126.2318961931305,2285.870587048169
3743.3615369673958,4306.676895328402
2720.8415757797766,6777.365995807832
883.127212185778,1872.4694893872363
8301.389022766536,6803.5219215189145
8531.113891570363,3940.936485720673
2197.5030016687947,7955.75273892632
647.7219952520175,368.35817103303305
7388.274373511795,6679.826378293945
2115.286258634137,6498.223366499677
3934.3548943686023,9409.354761253144
641.3525223738326,7133.675535640705
2262.6958475843517,7963.018964232812
7929.022783296357,9045.910158531684
8043.964469152019,6750.519182919878
2070.848248877104,2901.536349599746
3359.1384510668954,8697.737995835221
1342.3841909374357,7475.781194759751
741.7263028492238,4244.376040008935
9921.717144484095,7105.29172649962
6555.939512448392,8676.88877181142
5420.965091983187,9756.521313912715
7654.9850040529955,9523.515039590553
8400.77159687724,3253.2782676414154
8067.147680447275,4216.937137181818
165.39449289876606,1095.3660497737128
1868.0789819049849,2475.44287018046
6549.053021178311,8824.212084869503
3757.593478039629,3608.49926279359
9824.82651061107,6205.526585948811
6654.04792638254,6659.656183070333
9565.489087292064,7818.29275143312
2014.4648164579382,1828.0003024563096
8639.57028115023,3048.1313461443547
3213.5230581522533,4483.363414581806
9895.648082378068,3648.4106123827355
1576.886720731473,9829.052328596897
5163.398188383266,8349.408032137124
7928.44533837122,4796.86754620486
4326.424806040359,8792.686260864679
4680.840601876467,3476.529475832968
9863.557955057411,7858.283238902646
4253.081503011534,2236.7559810645366
6040.721005990636,7723.220452263659
545.3966067515071,4564.534031957283
8422.100802102601,1074.9932099224236
6481.680489795435,2732.624545555823
4040.201028628135,4022.7462402356464
161.69539954519752,7492.929116644371
5916.688205935039,729.8271473095086
126.57828484162192,6595.4699509263955
12.036139090179088,7160.136409328436
6160.985621493546,6539.213699257514
1890.1706733455426,7606.696381675556
1918.875497180953,1781.686160228383
6532.715658327437,5871.033550630374
536.9718793937428,9411.4494720388
3134.055614745563,6107.842698045377
1494.3190214201907,6113.36346952953
5801.763697965339,7364.396421132689
6617.651547273958,3332.04232125859
7211.3585359904355,7004.7590132154055
2552.3121691856545,9162.338333132151
892.4975163658399,108.95473025342994
786.8365694189782,8701.130411088654
4261.5154845072375,2186.183312588591
9458.44409062715,4559.232737003752
2177.2903424702463,8523.47800952638
2567.416013415493,8239.12127456629
1008.8880210585893,8919.27478126056
6055.702738939302,9404.16792632526
6798.728739471749,4471.569567717586
6429.3120816076,6563.638108010069
8611.302430447813,3904.784405261067
4864.258350260718,3507.167174921658
1344.5704076706445,4315.954105976695
2894.0513070441266,7430.761347826759
6624.299734213518,5014.407471415529
6131.2197374155985,8140.5967444834205
5310.031297429625,7452.184771961559
6829.6441868868715,204.78461124399328
6373.908503732993,6302.381571061616
8813.248894649518,4365.711233085911
5860.163774782966,4566.289891511416
7786.013587005565,8183.7305386989465
2487.0715596646787,5476.079860846768
6781.82584589068,8856.21823458947
9021.941183826757,7128.055923916904
3857.3232789983326,5528.400087640528
7791.041873386466,7545.379761511037
7247.893011954354,383.490509254073
595.2619687182248,270.8365482820774
5815.083096240723,833.4932692085206
1301.893492008024,4375.653251471426
9673.191722305912,2354.501456269431
8114.075027006562,9842.612944157845
1097.238012471201,5422.90139011367
1217.5199764767842,6624.157460811585
5944.738549126189,2788.2013624669667
3448.891741731833,3217.969085876088
349.0585907310928,3354.6191414115588
5416.415078330531,6987.357051503006
3878.450996858469,4737.062076893085
1010.7649237174265,5176.836525300744
8019.203922559826,5920.029821593454
9150.76765278806,7688.11656238217
7565.9393401413,903.6974851247815
8224.223100162773,7768.739122188216
2164.905672661174,5632.350688751798
2635.72950918601,6690.954448552572
2085.2754029918774,3275.5176484076196
7650.63431365564,4093.8683681644916
9479.170789344971,2311.6581965392024
7168.372067339026,9792.999974174052
8814.66764879556,4970.029725103167
6386.990948831725,9960.769157965979
3876.5990055879906,4897.859780612664
4257.616149303051,2197.5126438406733
753.2143216740484,5074.523967368567
314.57195246026083,395.955717990778
6954.756041890774,9047.698014219513
4384.288920111806,8185.502511944412
5522.150680546295,7258.205206942847
5576.612476224163,6098.2671544246
2773.758133333014,5798.342336703631
4758.925108294907,9967.282140794629
4707.602216677023,2779.974340199379
3884.27221227857,7796.843653655779
8206.753834010706,5814.047702136574
4511.640036875959,9758.805437588851
6036.445245059878,8278.031832982524
8955.201203808261,9985.251129895927
8662.336228589225,5883.249944624464
8904.222037791651,2045.4395754493503
2700.04996465014,5036.870356947338
349.8248830806283,7111.111340505746
2610.667998953292,7743.603861815881
2787.0734562070866,5.099890159435683
9093.60326724968,5050.27088502294
6492.4273283797065,2352.3457997064656
817.0395960222876,8749.118332547883
1353.7859601110113,1529.0544405022854
1556.761255419754,6664.562495748334
6304.217481689231,2660.6219032492486
7354.14025507003,3565.4214321427226
8596.43910565396,9405.592607568447
9406.36550806243,2404.4812540807948
2017.0455738644177,950.0276182293065
3097.7248472404904,692.8490144422583
2403.2288074483067,5046.151100994622
3587.6156746613774,6417.11482284288
9146.651074237494,3272.936435708872
5751.125669393616,6902.597417930808
7381.91897324499,610.3371857323781
4901.19236126782,8573.346449228768
288.5791333612453,8165.672097392378
641.9548599781433,9854.962713920857
5379.230312678857,9365.049809018454
7187.890348200256,3561.9716391892807
2153.305275287315,3992.7538401557717
7219.09573992304,7459.648474782595
8106.657734835125,1340.827719549832
4118.974783621112,3140.1471024483485
7464.1923284410495,1185.4093697564826
4040.299503284599,4548.864490728314
6783.5062945502,5520.0427988531765
7639.97049319543,2111.604699627524
9919.266183081108,266.31686914105
3453.966620635961,7193.558317505231
4110.407805746115,200.05164426168508
1656.2005941017132,9734.026089283561
2040.7305840180688,2216.0725674239548
6933.950025983777,6639.000921162911
9170.455901544761,4347.5172623998915
3946.0495166124056,596.738603371072
1798.4444683554125,4721.836066344675
2850.9949938299405,5167.606342967996
4550.517048081386,8546.832080928685
2906.503293653684,7323.490696478979
2335.790831218663,793.0247475338637
7359.844887570795,2091.6268343226507
78.44921240623192,3118.8768421494774
5392.305273364831,1164.0768646481947
7937.668070297539,4568.990709144906
2662.282863174682,9843.091908625356
6032.915106120174,5146.127912377616
6689.001056186178,7418.821683231693
6550.2469640509,6829.377976993462
4458.496341987177,8499.11435092138
3465.779878757792,2157.2349046560944
8359.240730278134,7538.262616930282
7584.459569998643,8813.552403057494
3212.551734139125,1715.0982298024276
1030.191944422061,3468.0221978800373
718.0754544546919,9701.017643315614
942.7597789893605,7807.878459797925
5828.693611920428,2825.908325375324
516.6217582898969,5639.41769644487
3369.2687496403837,4043.2612284947877
7531.9970191422935,4899.6517632712985
2943.481665153781,3551.661913907085
7633.080771801298,2793.310185303406
7454.6703820705525,6747.630413914188
2458.271326332163,7785.4181508611755
7288.221800927455,8739.571227473449
7477.766382721007,1553.2996731818805
3974.5392566702685,8228.555236452406
2104.2048374151823,2548.0082447706354
5212.708068918691,4273.363899100506
9213.975880001963,9014.436858492467
6396.16732432062,4545.03600982602
1729.224976272612,1970.635340443162
6827.569247335199,1598.6865523711779
4272.030272818346,4729.837666521338
5915.28797355373,7626.724239765541
7340.640350231079,9972.051439743012
5149.473515144448,7874.086284309019
8139.839745733087,8770.119589428536
7221.555793166278,7478.32360934888
6150.733400185107,8954.35100756106
1507.928158323515,762.9354331391324
8359.491109115683,9299.315989816454
9359.05585319816,3964.061537256561
1369.6512380929482,9216.142232804446
4882.411294334305,757.3283745947557
2588.887419705045,7152.429571211358
7545.233074255646,7356.887486702045
7216.296360047,9969.108892977727
1408.851205703987,7688.552706898137
8770.272712616372,3825.7370581560667
1809.7306397800228,5572.485516185454
7972.590256481075,3665.5093816659023
4569.803596280049,1960.1864530485814
3282.7229355815125,2485.023275022735
1582.392626742135,2220.1053427432093
1676.142561466294,5488.153301632129
6618.905547009003,9061.606345318933
5504.303879471205,9127.266260883976
1220.854216512327,547.637775258255
1126.9786043832519,798.9940095189352
723.1057477279146,2451.190571723435
7437.673473735441,2550.5945246947495
7118.820852292892,948.8917523925111
584.3099085457515,3884.633411734405
5602.7007559697295,5877.253926912872
846.761552426899,5781.622005994636
9037.457706089417,5434.296812585927
9071.174191801325,3386.719248874972
6982.329898131301,7064.556853165806
9261.8892143945,8264.839409810713
8114.530304136905,3462.7426647740845
8285.385759270494,855.3535929946199
5697.078505699333,2963.302510918565
3060.591982161759,1373.6865457490278
2177.991151164216,4673.587272271809
3272.000220389292,1559.3515131607826
6284.95430089062,4628.447576579772
1726.5653583239894,2210.0289232464775
2586.402366373216,7387.31105462403
4680.608627954644,275.68240835845637
2330.500985246156,5547.463038319256
5886.436697160616,1694.8827492005669
9231.7602845633,9.918644696270684
7480.893657031264,8692.000880648071
6664.26614148913,6715.277878140676
5827.214759837788,989.4282205052341
4879.479092570648,6640.723676838556
1865.638596346597,6116.473327375985
8947.104554268655,4733.566870432033
2485.3600201283634,4192.58098425614
913.0887757816075,8870.697629157348
7500.151792286952,2451.480198974513
1756.155343311664,3983.100570133833
3718.9599954117602,3291.1541289482725
282.8492829097973,7712.0102903663355
1370.6794254044808,9164.653062325395
1732.0363075991208,8497.816987402304
544.1012775017795,7977.039302997685
6566.569566228452,9867.89945570083
8370.077958031172,6971.445504103852
3733.1540636594095,7510.537912135338
8745.764767182007,9828.025397050189
2133.465745601265,69.90785399174082
3253.904235612395,6340.48376436365
1507.369930311684,7389.715319532896
6205.591954189987,9178.27053757195
4198.695908703068,8838.443041843428
6132.833468418987,8419.606812337943
7616.749053941836,9457.912719417038
5457.030160329485,5373.791879137076
6276.303549017879,69.20095584826757
9352.50314394333,110.54398697009526
2990.6430960884313,5446.3905561785805
3591.6393863395315,4352.722388639413
7177.033617093369,4512.450533654485
6113.055170553867,4004.04737210037
1785.329045397148,9177.258090912357
3761.4731001049017,3591.703511697899
4678.38013124715,8562.269417630832
4193.898379683894,9028.647937916408
1782.7480832204078,4995.0176999895475
9244.300917842622,4469.3803736508835
7623.187616939758,7610.206042154468
4813.558321078523,7079.715076398824
6800.610283068366,3285.3511659620594
8972.826721355219,1025.4812592464657
1361.7414236157122,2648.5240018248037
2503.7305070697766,1310.2850581229898
5427.01247256645,2947.3227577669136
7990.1037135235865,2618.2156558079905
362.5489544152738,6377.114238867135
9840.181501963605,9544.960284547797
4549.0660288239715,6857.437323304835
3592.31140621723,9266.494080645696
2927.2443783977187,7841.322586084434
1743.5670765087164,7278.776220711732
7915.7390893002785,4140.619402133414
9554.141647460965,3247.9450286336864
4136.447548453982,8462.773724729192
9524.206947534563,9053.932329290054
8237.976154350341,4518.824936509321
4810.511274763183,90.63098186644413
6740.261791261327,7925.310589064705
4349.841791704629,2850.6884047229164
5587.234082125524,98.87865016920739
580.4633701850381,8049.885589761221
6962.634753005331,5174.1418881689815
528.2464448413671,6852.107463384691
8170.849469196495,9146.898211444775
8249.469294605575,5411.738301381054
2370.772875562146,5031.940725789657
3236.6278103580025,2906.621213482635
4813.103785582933,3051.938344399526
5966.629069324815,7965.420660296459
2873.536617419967,4490.29245585937
5924.8640463192505,1635.262086081204
2977.8707322929886,945.287640004956
554.9072107106068,4729.201168617794
25.275498319089486,4649.550236177304
1011.510579184286,6534.582782053961
7922.507001640182,4710.674777451407
9614.313123833372,1434.7570413421474
4269.661992812193,5078.028847985135
5126.839534499428,9067.894038860251
1468.4816907342613,1594.4141162021242
5510.31352680157,6897.546409777489
1446.5490200697684,5938.592649655266
6112.1433119883,7485.857267118026
9332.586675808538,1506.0027342759274
1956.985393030396,9416.053369059946
7645.63718057102,6209.664277671586
235.02422818324044,8470.711376911368
3754.97241321621,2466.067636802356
1107.4850783050904,7394.128893979616
3524.7544159569943,7810.3070433391895
1735.3691963888352,3974.3527238707566
3733.049901228874,3839.534528834221
4175.228061075303,6577.962650257493
3005.911227809184,934.0768176021596
6566.219494731291,7356.241502175089
9188.520512589097,428.8675983941093
4005.9537410527237,1905.9030112082598
1923.4315647502142,6641.437572413672
2707.2275819598335,983.2366709196383
8540.00823496369,9718.4209147679
5716.397232701479,8683.962094619006
4550.110323069573,6263.023324067365
1496.3672150892671,8190.574556693498
4497.273083237819,8875.80048589568
2784.9200335738665,2594.7564957181844
9431.631278533492,8494.115879493194
8840.701094157313,1947.9378363760181
839.02541828198,4133.422641488153
5166.534892612429,5582.596312485994
2250.5834551467206,7138.909630740324
4107.770895242906,301.4131772252804
8768.479982514564,2905.0941277818897
5275.145198885448,6085.190982103903
3342.1529337075985,3573.6867914911873
2078.8835410499705,7750.2505562949345
8003.248594064892,6516.521611507163
6245.180153643471,2344.0145372373577
4680.654604262312,1459.2897959233308
2174.8435386297806,6290.469935870504
3342.463741571313,4504.673277047577
9598.434267385186,1689.570411013186
5200.8993760583435,3263.7420531837734
4006.9928124325293,3030.4674831858656
5214.220423483239,1081.319723393751
7789.885058996087,5469.09019265228
3401.0893650286876,7636.486339125541
1787.0612093260884,5754.66888852987
5849.361183390478,8262.913649373524
6652.041034810672,1275.6854721543132
7127.1800295854955,4356.118578222239
8819.875907661297,6094.151036580992
3711.7412068911303,6760.015609419073
753.548962288918,6957.86306423427
9583.485836309423,7289.65427097881
4350.1192743747515,6514.298121960167
6232.575096731313,942.2808894086764
6663.053231282923,6953.056776022964
5465.137087012035,7247.826567743876
2052.575297362701,9934.799343336272
7551.430501161415,6933.62436701126
8037.519743040816,6868.303957515489
5529.755860174398,5148.132901819719
4885.611605848416,8679.229085851139
1139.3818312798533,9968.347619611583
839.5166149978384,7790.448701974321
3395.648455635287,6125.003778578084
3108.4615551739325,789.5482693156819
9536.564509632712,7267.391317296276
7836.227424434298,7085.6156858195045
6599.242952590599,7755.681478094317
5176.480890176051,1245.553883994893
1673.6753072665133,6537.325001261434
9784.566721842839,2957.2390495167465
3750.4069824021003,7602.712434028337
1069.256024472448,2403.739540314662
4937.988957157461,6839.786768204107
8739.980116130831,2949.929469839797
8872.910017773294,89.94292817431138
109.65916056447256,6333.5791197309545
8862.957447513998,1132.6908315892238
2714.842174998585,6592.914727882141
389.72363968423076,9256.094483569375
8477.902703628744,9692.459342110902
8638.667559882082,2359.2308732761257
5962.3107984235,8092.532276506548
5744.337572963584,3535.532768724403
8131.202726214194,9004.570727479824
7863.095527102798,7874.895686293738
8901.05473442704,739.2171664576364
5527.474475967035,4071.369938772773
9676.470927328088,3373.178260096741
9961.468309333384,7851.81020723277
1165.4460999863259,4102.857106531591
8495.437595541222,6845.883976530838
4998.22257748589,6024.352555904405
3875.663382998321,9756.387190976338
6130.72309882715,9377.849568016149
559.6555726200703,4276.995147387187
5064.611187670799,7235.782116411493
8708.905700266667,8294.600939812217
2134.615161389688,8988.857538621452
4263.898947694252,681.3426377648368
9394.808877148755,3020.7879927349677
4285.638378056973,3202.3004096852183
3583.676323323983,4344.459512198786
4405.366481233782,1692.6475071541902
5194.527665175563,4962.058799500081
6319.9134413146885,6632.143272984561
8006.928009167311,4973.639202167177
4521.022057643143,6657.930951976157
8174.809350901403,664.416318179003
5337.206613520806,8759.873317074103
3384.8051036797765,9390.691921010684
6579.508281194142,6179.074241186487
7177.222547434913,8813.90998636897
5580.489756294875,1314.4601664821244
566.1497313472341,7974.4892007631015
1698.828751608249,1191.4819347259397
2852.977208902282,4080.102314975367
2826.256059514931,3238.1853455827504
6734.208002468706,5855.918252204543
183.48661673632583,3015.1453523953355
7556.817770495199,6373.136296671327
2653.4247480693316,3673.8728915195784
3100.218462161024,8607.903810304644
5279.098279439243,6338.838402196116
2159.256009389575,2152.9829732144613
8844.713135755275,3361.2942202808704
853.6877932656528,8474.208876266557
4443.823623010649,3864.797499874585
8494.2226945489,5357.990655656452
6158.4389442123575,6489.419359523327
2923.2951584263346,3478.0964958591676
4207.602077764607,2939.786307580683
7066.943803425146,4752.549026080286
9732.607433638994,2148.8097209278912
8931.387183794335,2842.105869190634
3424.328083823768,620.7848403203609
9981.978792878575,3039.7027597100546
35.046635310582715,3207.040933635693
276.2975580841509,9618.331662913197
8238.405151711939,5897.288254658802
1994.6268683305202,7873.824254158056
607.6926839624086,453.77252780322453
2371.480732365022,1065.3669360837193
4261.0015398086025,8145.369608625923
7305.662704334049,6235.495494176357
6243.355265512055,1909.8203054020291
2376.2121756042043,4047.9540586173825
5032.704481005844,5386.724999816228
9262.141053985688,8436.098291374417
8150.077769837577,604.1199169449418
3231.897848317934,5967.222893673624
9822.645613556962,7170.35921586684
7086.20400435131,9778.918579104595
624.4935566678178,8071.600782921844
351.6071328863868,2762.2731356527343
1684.0794901002998,7095.7919387826505
7278.558680501468,7632.778849269771
1837.389258424279,7297.354999183952
5114.867692088335,8201.4406795187
932.6012018083175,9037.299762136376
9208.86157830195,984.2986898934025
3439.6061358356756,1047.6385768111884
9081.320565606307,7963.99988770646
9448.756419105443,2523.724765214709
61.286473136807906,585.4142195007794
4641.35187198732,4012.2918098060577
246.5605570689289,8198.769118260781
9086.927663029059,1265.6502381398038
5184.075447345758,6718.4197180446745
749.4401269849682,36.15861771567697
1102.7672827656688,1097.3744721244993
3835.0902449273904,3508.5034576848684
9402.341928728894,836.0228102441403
6929.091515680809,8459.016674371129
8676.188661891325,8640.705031454689
3664.5664633997967,7555.707030995242
432.1369954999832,2424.7963139561743
9743.176372044141,5232.470752399799
171.72990662369548,1841.885255233714
9476.51653081089,2812.784500731108
3686.7742384914472,5160.052921737911
100.90405021881521,7350.138084607977
6891.572317245083,946.5438039363916
9805.403040313542,2966.9669762808617
9656.257228375925,9266.213485719223
1609.3701120241844,4291.233177818882
1812.4780606615498,9388.696739093144
5655.389146196601,9914.005415521357
6373.048264283244,5266.598261114159
7394.179136658656,2880.4400978485055
1810.503604721475,7907.76808572579
9590.070867644345,1593.1073552501496
6387.392562892379,2520.468596720705
8470.469188705549,7848.799094992823
5400.657152841718,4336.459247320299
4142.768475898826,2015.3793698766676
9771.82906594996,6511.257449523245
5821.213708198361,7327.618613816829
8668.73582799179,1250.7123945056908
9532.923963662899,2769.8025997493414
6753.546270086592,2212.767553722332
5489.38678518675,3798.5462876245215
35.108509106506204,7634.448955760644
400.1964073900599,7137.081022743242
2008.5121605111633,6625.23910383704
1860.0843185599524,62.855458685912026
2547.5879519984533,1421.4331338038944
3049.346376976608,2232.975491020668
3600.6549355072825,2719.558460388496
4205.376900688765,1464.265416489
988.6633845601467,4103.155514738896
423.6193195278204,751.8058501402592
6739.444490730234,7500.221903877808
5373.348248430777,7877.207872961049
4441.442022201197,5742.666896008981
6344.399411683524,897.0487704196784
8276.794072035405,8900.831695467581
4276.9290911620465,9656.358287081144
6411.194650519794,2023.6356032178937
9535.722238351587,7046.3981944071975
8396.244958615607,8419.386306424858
4260.008105024094,5398.4352254270225
6447.168378147429,3233.2309952674887
1770.7092191593977,4785.587150803526
5605.221848950899,5122.68750784452
9813.282911384427,4006.370441880279
5183.1511520252225,9298.424936337062
9276.382991901473,7438.83110942502
4073.349205032607,2413.0164225496396
9988.448271846311,5855.571873198685
5792.200352275579,6886.891509311675
422.68994235934554,1401.5642170213027
5867.54796691388,3584.257423801488
2745.7269567959665,9055.482816039159
324.8132203589471,5671.731001852015
8208.533046946633,2169.9774606031688
2757.296369807559,1227.8479811915076
7965.485540464985,5182.268934748777
2882.1758295586696,5476.857230291441
1943.263538737743,3344.1445135461236
9739.355741044274,6304.1602841911845
3616.4532775501957,686.8468621938872
6013.7621144316045,1451.3969326614063
6099.814928144716,5462.738210112592
5604.734821735018,618.1569384445396
9146.957435212147,8809.087649911005
6744.410713668685,1421.463704565168
4037.3300410493016,6739.198740845364
8623.80384524274,3912.034417144252
1810.628991159644,3997.877475422484
5442.367576104175,7648.895286111438
9505.503719437564,4994.621341729139
6253.976298804127,7256.554636438664
8169.684504748762,5051.912287527693
6535.607255451929,5929.053414052634
8393.708635378904,7607.146278696641
9444.878798452437,6073.087429212754
2729.217275327368,6156.151093887886
1696.6108125671885,7892.195914275944
4839.907503325399,9490.868158193733
7018.624268242159,3767.1615393533675
2271.9125318221613,5771.171572259513
41.014504301670755,862.731577335456
3429.3511583670534,3588.038805688669
9688.593354677885,4120.49225889386
6949.674606058466,8352.37316824051
4013.254439412239,5133.924021256768
1925.7609734684033,7310.663732984578
3560.89673754747,190.07400025671362
1698.3943330124796,4644.926696283156
1063.0582131295141,9013.176651635842
9067.423725725539,2243.139093057851
9976.503383754736,315.22185307112926
1641.144395957903,4334.087337134764
545.2255887827972,7044.318206475954
3297.3110714621234,4544.6350684146955
4616.591807614153,4599.783135112659
2048.212470758545,6698.050412383195
3014.2491179855847,2543.88808283049
2008.707356916577,7518.897916419774
7742.605684324512,1531.1353090573343
7125.779432472607,3957.506052859877
6349.515157609818,6560.08108470918
3872.1785707920476,8283.690072301977
9090.409413142359,7915.310711650553
9695.3254153502,7216.855993076978
1736.3931262541198,3590.9638353639107
2230.1264141187803,1223.0431629372385
5256.310280003697,2168.342176929906
912.5056928224528,8648.33814576485
4364.483988231128,8573.313701326595
5817.9126477771015,9515.608525390158
5220.7357113733315,759.886518955416
3309.0858307802605,5368.0908527745605
5424.458060772068,6486.830449042335
9588.009542588477,7106.573770668566
2060.1740429137603,6438.632350104302
6548.313583940037,7700.11389902282
433.96694156051853,3594.7157628934156
664.1640448143493,1794.3277213548215
5518.28224223585,2045.8337215043853
1049.3918032794948,119.78689470164339
223.46788426857333,3503.2187210622233
1715.129976480222,917.4405087997728
5648.491709995745,3214.8869279019086
7033.4095451893245,6282.100771662478
2024.7856414138,8944.7805558682
6682.594372081745,8396.054509905165
1824.7633109922933,2526.742119575769
6134.574266312571,1340.8314219804695
4119.5967989579885,1930.7227379673132
6537.995093336168,9709.86651903607
9950.527524792473,5494.744796854908
9378.16965232562,1825.0222300057483
42.81757836103628,8407.461546868151
8854.387643623057,3951.912443125549
664.9079517476653,8992.221519747272
9530.46586159845,2606.7712683448653
2818.256790996847,3932.2175880423615
3820.3483041127097,5049.477627900846
916.3820517572785,8926.153340890316
1122.727583289096,8687.574316050557
7267.405652293196,5743.550703038779
9443.322357482915,2217.7550978089066
6107.484949543095,4033.569717378751
7158.500155268111,9756.330653655054
7619.697445971535,6077.7322387740205
2628.142745529417,7810.9775512419665
452.29630920214925,4498.646953614197
18.727439191685846,5320.072754668064
3506.4928295401864,4289.5411223254405
2414.642281992161,7029.209980619679
623.1772504918565,8514.710138868773
1795.2829249366675,5073.6354322456355
1244.9889826794779,4808.674586362257
9148.783806173704,3402.8646709839695
1402.6721345916892,1770.9669429408382
5376.484639876792,9392.477228751088
5931.059551121646,3160.79718679505
5434.894577086337,8006.914635742854
990.5643421598797,7153.470212874742
3187.983617505512,7909.176002781291
512.7033246315327,9367.681333721024
3956.69914096316,6233.707602208972
1885.98931271592,8979.503433820446
5616.325332843798,1676.9732291229366
6928.083938491005,6267.125759567876
5321.198602047065,7722.756129146127
4342.3669661139575,2716.4113074417405
3873.334208566924,7407.53801291965
8416.917680970037,7784.768291162369
2193.6806506527005,8311.879560164449
7342.183395288688,3128.829125959328
7574.82324740119,6816.065901683091
4192.000072707345,3042.532834097621
2973.0059922563933,7390.403874984553
4705.414860459752,4629.736651457122
932.139258926985,5975.4437452721995
459.30032229089977,4158.399814305689
1116.0319945189178,1619.829269298243
1871.4503146222617,1780.2952960536368
5041.76820338043,775.689072621345
8491.36636161122,6180.726797216618
2356.42331999687,8486.383979530592
9351.620107467781,208.36826262080942
9549.079089350034,662.3950208835349
9589.046048452052,4574.669923029103
8375.627346763238,7377.207361681893
3638.250407977206,1577.0764471195132
726.8391100262306,2716.5131954919384
5688.187317664949,2320.0620128180717
5586.814439372338,3990.5121867115413
8499.757671095955,2249.9867701757116
9959.910509461051,3525.98678544753
5081.573065601476,7285.425986619442
3452.0403103978424,6110.092484541891
1859.01711556267,811.8170539169289
47.998248173707346,6377.456662457177
5091.136924888791,4770.771715592135
5555.186667025958,9345.655747071387
8249.384798173975,2893.0431710405323
5045.769678928006,7261.6641969916
9164.683486660566,7308.608230445699
6280.834765714355,2215.0078100918736
8403.362382210831,9032.236249709362
1483.017348077471,4911.83200429603
8553.361303023146,6788.833668893024
6751.438544438484,1458.5555888350455
1702.3303243833054,2578.0391699196925
1897.6355814601086,5861.0711793722285
9265.006190442213,3190.272683733495
322.1536045037288,4996.929185709734
4625.349432957061,3740.0519937328922
3134.7528993410156,6405.53796644048
6650.7743999842805,4871.453627808089
8396.29387568992,46.099359731681666
3603.7812155656957,6496.80837945384
4269.020873228372,4221.215570501818
9819.177845014143,3416.9834049022284
7839.165096792028,941.4675228322355
8972.041309317914,2203.6969056649145
4387.622206516297,2237.7229158085343
2340.7620398411523,9353.69499404729
4118.634653864517,4325.129747465468
7160.919178315135,420.6584721517004
1094.3040483597931,1388.1668224332088
2704.6910561650884,790.3267573291206
466.35900461590387,5888.693902072113
4323.477383381316,1866.2149156682672
8274.457359796132,4985.57640281776
246.636882980108,3700.620628699756
6753.23526807166,8038.763771441993
9324.958745137395,3204.8963726536226
2369.278615111823,4582.654823968083
6936.348407276481,7212.855485978258
9751.019011002003,4333.512069306394
9622.780601524631,7932.155360131891
2349.291930291433,6616.843562366649
1003.310532120687,4105.29113946716
1482.8253789591595,5039.819256863627
7020.356684821421,9672.034558421934
7257.588754532756,6616.114965083923
6742.36561628199,9049.952259723248
3360.783877422381,1787.5850347106436
1697.7693975812213,4832.36156245152
5807.610919522531,9086.616698450505
4836.804457578665,3226.120614414176
7288.341471223034,9676.641981464209
4413.600786856215,970.7749047365744
3386.3969468646837,9026.711702750368
2934.785773590144,4452.121220658587
2114.7032004974653,737.4416514116067
2657.4637618666143,8795.215925860874
948.3043884410137,2519.4021240911347
3468.5701092888953,222.50125495225203
365.69812362958197,1358.071055691923
1864.138471663268,6591.147418997616
7467.7044461942905,9778.114891381949
3254.6898867662267,1114.621395835168
6682.370169773439,4619.4804812476195
7168.841755972773,1806.365509475325
5811.853427321135,7450.365341015921
9586.977413653984,1180.5889976181415
214.39866623113258,2398.4174848088956
7386.526505881421,1964.0596764907136
9587.86643940408,5525.197803669779
8622.717293529393,8731.840920006323
1678.926918050133,5110.902011564186
3268.2030625173206,582.4345277147125
1724.518398764654,5633.889305968312
6013.083638147041,7975.209993180093
7121.879819794923,1321.561973043227
3170.737693630582,727.1121434459171
5395.065739842955,1878.0777755756906
6909.20570071195,7460.863228216274
4213.3981661104835,5916.804195320015
8540.155304554593,5405.946539617489
7715.4993528781715,2494.798946317683
646.6554385057066,3322.3659524685945
6211.2529909082905,9658.850129433422
2353.2555095974963,2406.2522672938567
5575.1826466727525,9016.454232550885
9568.884426329663,5805.315044577366
8790.6200455225,1232.964663712478
4045.164031151317,4673.12378155068
2915.138583443534,9485.487173608759
2344.05744408259,4185.655981373586
5325.148697565201,8633.865647893623
1142.4845325805632,2564.286946517077
5492.750081282486,5709.22151800373
13.336394907920157,8438.520582019737
3238.4963074584484,9206.884411696956
2199.3431383058128,4858.233671513007
9712.187899607821,6396.88102145429
7272.42319569979,29.801307823309475
3496.533804622377,2532.2330751338964
928.4508653062052,2787.121037469458
5168.00594690624,934.930116544308
2134.478813260423,2796.9501335697664
5364.295458983578,3211.2203305813914
8353.623541788926,9687.660395681933
6157.9255210138535,6686.023805608376
6337.884195450022,4260.050794163442
5410.302890628115,9880.544606955093
9272.656326314092,1532.3232023461119
9319.026844206033,4760.511939304845
5127.232010735522,6470.622070490494
3057.5948714350443,555.8063448407702
4595.870058794439,7169.988580831188
1865.5791219561568,998.6735292198989
6363.443153180893,1402.8230859967694
5000.923357822332,1596.8951246208408
1033.004778132799,9288.898266555178
1976.4778111961534,6832.355451381678
4796.3195619952685,6554.275011031041
8875.889907188583,5554.934964649921
5663.907206310974,2928.0599869510283
6815.350002084708,6208.897045993514
3390.285497439097,4101.497198886398
5714.113930442342,1454.1615009261488
4473.798226380674,6895.972903277331
6591.299126231606,1295.8216792992273
505.7556607901037,1906.6858102117324
4933.002162389592,8176.993118476059
2959.9262514396696,6601.170961251541
3261.8506127790924,6309.911542136424
9609.174315580614,4182.02784342724
1826.9481271138277,3962.8051823937117
3112.452525785969,6902.626091854012
5098.925757308718,7400.055386090457
8630.269481496236,5102.132023643106
4166.700832063704,9692.692443485263
7438.65280888171,9556.995589188718
8563.740982148023,4124.2949001275865
3100.1635582184895,8206.222542831536
3927.5018353870996,5432.678415984154
3565.5622368835625,5117.558875571745
8328.558086179211,549.6406137865184
443.4686195360116,5739.7471046831015
3084.2108882868,9005.779305631646
6794.085575951299,7801.338491950921
5654.434995653427,7863.171446992621
4362.893592936943,1599.2903857633921
5399.482272213843,3584.4944713356363
1975.845858283183,2332.049166502358
4307.166216080104,3159.1528245563595
5017.02984176349,5795.393434937254
9011.891219546016,3647.838133702479
2608.3516280397635,5606.978174642661
8678.285021649326,4385.01248274577
6442.414008259819,2866.1555844972763
203.40831067600985,954.0343420515862
7246.313368993936,8918.384573447825
355.51877549055087,113.73366004648666
9973.81126813813,16.524881419711647
8726.366876911978,8267.977397635459
2973.4374754004566,9968.1094032579
2574.112301967054,7271.028277136562
3814.410821056089,152.73838062884738
3561.6696531444304,2266.9022666851333
3723.3781838538107,9718.227002619613
3182.765461194804,8086.042521738348
6211.334068483314,5667.9984380471105
1642.6366372062396,2368.6070944035896
8459.812924460131,143.7020592674898
8124.024840313154,208.61472637409005
4764.832078552704,6119.808635302266
8527.299652785476,218.31876352423117
2471.450700302933,9936.301419253727
175.65455703966947,1833.838334937381
6192.07925029823,7107.073618692773
4579.094069647153,1550.597214124134
5671.645462958707,5400.934210977145
8993.39409018403,806.1128846621757
9699.255735659435,7667.784245332432
6344.53139755603,5849.210947248297
7640.555898524383,861.6669340141503
838.0843348716427,8485.861892000055
1607.1558489150561,5470.18614776702
7332.048049529766,9215.92310013318
4313.65456388002,9166.233736781127
4459.652704044057,9205.077894865824
3086.076816354366,777.8520020046798
6073.5638347774375,1209.5776175452345
1851.650454162026,9877.058097161978
6269.162793138956,4876.00821398706
1737.9885713523968,2382.1405282914766
638.260347097136,7696.64488498658
3303.57688699061,2642.8522121248197
2311.4034200984765,7272.156880186423
8889.916385563323,8372.857778497611
549.534538686266,7842.633772952806
1766.1369257412284,2740.478081979354
5487.1960558304945,4016.185740792371
4810.6719084747365,4132.510032332763
458.52018374701544,4912.729181044719
72.52428015144474,1673.7285154013603
9880.679419611499,4524.700504143424
6588.347003588382,5107.829905154797
3654.0613090155684,5317.0899658105245
4704.322476632413,8199.004299844582
2665.5012045428693,5173.344984794952
3448.7378369320977,2307.839225136752
6490.44467268214,6631.287382441872
8828.117988673706,7973.141440866251
1841.3002308118487,3193.7166643826176
8403.615053853187,6453.059290176052
1215.5662951826907,1469.3799594601264
2149.922235883912,3419.2630457806404
371.75288049645985,9092.239295496342
1408.1186209299944,9113.081631625708
9173.031454640506,5753.2457874306365
4594.387466183785,7023.514608651067
776.6586177835355,8540.154152059415
9597.268380389613,9585.531853126267
8789.923077586502,4898.864402897695
7546.825208681413,5615.757366260344
9334.727919475577,4156.415666478302
2201.2942083576413,719.8193705642875
8363.692930100864,4228.034724488184
6899.911963543062,7906.273393830772
8697.592495676883,8048.854979915286
7969.115657426298,8923.771145932997
3464.95063176825,514.6670517596907
7743.985370172556,5271.545895806339
2624.563029848903,1074.2448793707626
3285.9216302805485,2007.4218316574334
1079.0571722297616,9002.165023806065
9350.766159804687,4967.912584296959
2910.0336340028152,7585.449208966136
5206.224651714519,643.8410592868082
3913.3283646619266,4168.26503924852
9599.281205835015,6742.4028066433775
3350.491709384824,1334.064812782133
7785.45821422689,3258.1787910568314
8554.1615463118,645.4780502388325
4356.064974809659,6513.399408695104
3781.718144529312,9708.912590581185
7477.45820932628,8270.454911428296
9128.95980306234,9746.231168075656
7549.317330722382,8456.047950983964
2271.2636559186562,8551.958061969786
8883.077474377054,5771.771953713426
3875.816674368331,5182.523114132099
5762.294117779343,4062.542664278276
8314.35619292711,8180.948950458799
1883.9476740049222,1820.676122780246
7845.101356775531,562.249158241932
5961.627979106775,9478.93822684675
8933.416418276081,37.78185203477058
1719.7040184354296,9768.293218758517
4206.822370409284,7288.533698737658
8328.430928668375,3284.989196978276
192.31703456760175,6978.198430863103
1122.0136676564284,8178.751571851274
9905.652127567348,2453.620559864359
2803.941785903505,7708.9568327958195
9755.431937239533,8043.696250082402
1825.315510086739,2493.546301253454
3610.944430073356,419.26354377983535
7528.694445035706,2041.2228455809766
6577.784072381784,2006.4640888939446
5811.223999290556,652.4045417548318
5298.991758050076,7260.073846551959
8434.404436647403,3799.749244584082
2349.4856283339273,8843.861674538583
4424.709269935184,2521.7110566518595
1554.522921564573,4532.3216509992735
5959.415957307044,6390.174289267628
2505.4442427132017,8774.64949671778
3338.420643433858,5246.211016193748
4712.507166235281,3735.2462781238282
267.70585703127847,8670.150784720088
919.3793592083765,3102.4642468761053
6859.292207082196,794.2369963257645
4289.699807175072,4450.4210751024
8647.902219998954,7850.933064979919
6946.720036441994,307.80831753523086
81.00941647322446,5858.822449895921
6167.123307671348,5944.640485272361
937.2486605971642,9285.417634273816
7809.3317979049425,2864.648171450218
9915.07688278502,2788.366132106962
5311.987942415115,4404.836513396782
6827.795001941304,3569.1490147151517
2373.1416089475156,7363.458626893268
4375.977437537936,6417.520771315496
8560.953322363837,7589.210379062663
1674.2294774625122,8200.417911986891
2655.356056137621,9229.811327341476
4454.336752860302,4309.367317846476
7122.48891844014,9846.973894715495
3758.8395479567384,2156.608134036527
9277.322797830038,7143.651619473286
944.5705126871917,5340.093173071892
3708.041975448475,8169.005946848834
7089.541234284219,4767.70520606426
2259.8676566149247,7839.3863536243125
6564.13134229673,9301.687146476781
1642.1695822734594,7322.9426614008735
559.8028486168638,7760.942862183243
1210.1571674864886,671.7543126585613
9299.847831341347,2049.576622322806
5517.508829395513,9743.037405035937
7963.45775479649,6931.870037873944
3326.5450090505124,5614.490173110046
5926.586478854467,3669.7637339645007
4949.521337049916,443.8900120691791
9457.37959402294,3691.3590796413496
7475.746360541103,4989.128732895759
7305.426314965791,2114.5950938688675
463.5326943427953,1731.3679127383252
5496.696690036911,5084.165513575168
4669.914539018148,5859.042356275439
9278.422666061944,2399.1791885452485
2573.4198818953223,5873.894744562131
2698.3345329109434,9003.399638742949
4113.462488815004,4731.732580213538
2433.69713406376,8573.901695871815
1291.839178087495,9272.714445333184
8574.148466508008,923.940289370857
5582.7652440391585,958.1157965679698
8613.627189565668,4760.441828876014
8311.34765403696,5881.024443177026
2820.423547896711,4258.834644650292
5477.374443242739,3264.5077041750305
832.1770274007046,6409.941161261559
9152.518840307584,20.81512349920267
4042.627150651531,9680.732808637424
3936.7618388902138,2320.7908818802216
3027.553706179532,9170.98768583007
4606.6374471070385,1090.1474453450599
2517.5938654544807,2380.871820445726
3748.5227279680457,2348.7370108750038
7999.4704858488185,9961.529042006461
8342.55503585172,46.005457258844196
3041.8247762851615,6396.382093034958
4690.144305527879,8696.865810608528
8738.197762800522,6722.736540247367
526.7333182969713,3627.3381821694416
8891.449619957853,9583.09362702935
2191.843456523317,8935.207545890411
6785.392442143759,4339.549202495177
5825.516963846003,5733.284926111634
5529.407481892521,9675.191878052407
8593.602247528213,9825.6036192647
1015.7214364466128,4498.232757179522
3470.2802532563605,8473.500281430886
5382.527463447656,3019.8022695393634
8112.888539460398,3718.1287293066466
2164.4308341167152,1648.2188299022625
8029.298413742763,2091.845927767303
3996.3848249393573,6568.733022593589
1889.138564336954,5107.8161800708085
7589.864404434827,2311.3186062560285
908.9890147454782,4029.0961636165257
5147.67374075443,3731.834598636817
638.7578386188841,9873.602045353342
3564.1785515778756,8535.658372113794
6010.767990063927,3879.6633338382426
5561.155414872131,9139.16578896033
4046.5541790466655,3426.3539162817115
4290.479939721156,6679.015127348594
2267.6955335076655,9666.499966821126
4558.825884241029,3902.7886398855226
9532.548557208342,6798.849651049338
8504.529177837903,2959.238110626332
1452.328690763438,2663.1231559797466
297.80787320920933,5741.566664315519
9335.243127166306,9792.645980332181
5267.497498807476,4531.3384872016995
5378.378231493078,9376.369703165807
7807.179957065224,9143.635202447616
3146.8897387132656,2537.6261234499475
4819.075688360022,4018.194070843274
9686.629131467376,6433.024784941831
6721.486869324071,5180.458844113917
1537.4503199578594,959.5852986317433
1332.267479843533,9936.980301271584
2042.647583330054,7526.5400121128005
7667.1167442071755,4376.940382247118
2953.7700384061604,6181.6854966629135
213.88846675079787,875.7281726623012
9441.743635056619,4953.0165368961
1697.1341639491066,9308.324158174877
95.58186148068582,8966.009580549782
2371.31602383323,3373.8084548314564
2350.287871181337,5313.678638213389
4220.05250845723,6973.835240876469
9203.898315000368,3400.0926690790534
8791.849177790979,648.7921809393848
4568.94554982428,5054.416567178047
4108.999049918065,6016.357358233364
5550.090864748512,58.41600121510248
2434.5401197176575,955.7537353853063
521.8499196636284,2072.906435941523
9392.241361712067,3480.5228699093414
1866.9898487717273,5410.512228305804
1984.0072924571639,2938.429187596653
4724.603288539476,2761.8381440650373
4916.133448403307,8693.493438130818
184.34209700741943,1450.5064080142627
1479.547387739707,4954.601331723603
3781.5481856074175,9528.24716936136
6837.306935105391,6250.132491160458
2284.1845683193583,7172.054798944385
4230.1444624176265,4312.369913906071
5573.450647164668,199.32167119719568
8885.92494623292,6461.303683672054
3260.705023271233,6319.2428142812405
1335.582658634835,1104.2763646333308
4892.722258976082,4621.597136246315
7467.216016840621,9153.289446656505
1098.5975705273343,2050.8483197197515
4246.834916969604,4610.987546341104
177.85141262483427,4611.031852005204
335.59181647251137,8107.614681476384
4829.533632166656,8245.758703294447
2981.972981509294,7592.694196633919
8451.072990054121,3654.5415918827375
6021.543061264542,720.369250185201
4539.329617429904,3494.829772240141
4079.353710542963,6797.9120127133965
4972.454801895633,7027.465744890764
404.3883121266134,9650.002094767191
8927.9335642066,4536.412314437085
9983.031557339584,6324.3558294029035
1814.8712485869867,5391.908707225317
1203.8296477461975,1506.1856011323737
1435.7746344859522,4612.024721321361
6610.270582343672,5448.351546889942
6614.4083845077475,9507.496060422585
8479.24162278411,3665.3905440895605
7518.263884262533,9800.991031079777
4496.896733693397,5423.000740240845
6128.553615653188,2424.692433030575
6882.8467036800785,1916.643870158078
5127.364702852252,1416.9491726023175
4756.509844516367,4529.32870573453
6450.974456426533,219.2642978892323
5574.745489756538,4450.452833148654
6439.4230533591035,9884.046921559462
6128.547739633638,6701.067957222666
7191.965605136546,7597.861212004047
6428.035087828761,1190.0539071826254
5197.424864372673,4731.008614900908
6817.968112843865,2862.231010257139
4494.819651854281,8940.975279890294
2416.7122597260104,1812.9247201391252
14.182201339154599,4587.33327136742
5599.641471458432,5880.477183456377
5906.55226608641,5140.410915785326
9720.489647757144,8302.435279704074
3614.7833409427553,2314.531713196404
3941.3324282831177,3773.9111042369123
2017.9958134219023,7920.842965739525
705.3429523732191,5280.714117368048
7728.044928617406,4021.173856479573
2496.8106433932503,294.42514744831504
6089.04861030038,7533.8542401560935
6877.730355454815,9721.820779667603
4712.3668729164765,6202.8700948851
8763.521130271916,8565.412206887946
4437.948409797287,5168.757431949261
2849.086230417651,2316.8096542336457
8960.155229616223,144.4210423514547
8615.642842499565,6533.9826758998925
1640.39947076413,4931.088482482446
259.6101835392095,7820.981470876015
899.8555634962069,6946.824174353045
2865.4739855381704,9879.523682065648
9722.598017417107,5103.1258341203975
5585.161531608251,4271.747896730094
3732.6173202926884,2867.3968943929494
8887.160946127464,4768.612917912745
4531.363314784996,8728.71478122922
3152.386284010211,424.3972579174127
9412.195287456574,9779.000472861888
8495.17666192678,9933.07194307798
8436.68375419441,5978.213785879017
5122.847430502131,3315.442036954014
7894.38398815455,2230.489683220238
1793.5335926455186,2764.903956848788
5732.229575562436,501.0542650497185
9838.459228475456,4751.109584833588
2909.5843051796164,573.2427086440583
7943.5232924767515,7184.7421477592525
4904.784072080673,3719.294555328541
398.0568322208733,1993.6473174716318
7630.193978156674,5448.535578360384
1685.691443921128,9737.593072430138
6314.735671327501,6951.3104901841825
856.641940469729,4917.4685010416015
9468.673974959649,7769.142992545063
2917.238871803609,7374.764718989887
2264.646916773949,8917.354610577937
1291.364040663343,2046.689475939475
9460.021933390477,8588.77576258732
7119.037424413052,3010.260870416989
7416.608887180887,9409.98927825097
4994.045613802446,2810.651489467352
4747.277852704834,9268.485431626761
1100.2124299147665,9637.9071446408
5598.410955839918,1454.9135745701424
2469.1649510879042,9744.99883262783
9771.453328004058,857.2296842928229
7965.809400151474,2185.6778661252197
4129.920601928876,4441.687808728046
1513.4125869153304,9935.973657117102
7853.31691138784,4885.630511653793
1220.5376708131598,5504.094431784858
1893.3375349707048,6944.249495236485
2115.2051774422744,9682.935582729513
5568.906382730944,7833.5140012424445
7870.5665399036625,2241.540044236986
3143.148787246922,3029.9093066435466
846.6981427528941,976.282396085244
4645.3846352441915,6444.523641647398
7481.102411599355,1807.4030653922157
2216.638430873883,2574.048884793657
2199.245480393742,8881.136551803771
9472.270273467107,3267.556753320152
9541.537271191779,5666.46718354167
9904.657320615765,3975.66008789177
8076.596015747801,740.3128740591358
1881.8416916794556,3628.6382989670506
2119.8152079926135,4080.682030359308
3402.25241522392,8957.011019115182
3181.3253133349085,3244.506536463395
9565.27749078009,3792.4111976206786
7890.739828816936,7828.967686723345
7240.087921615539,7589.566512115979
1859.6322405813182,7982.852766484908
9095.255593623297,9537.70740076004
8278.703795061738,7955.574983947842
1636.418413279237,4076.0820321789092
8711.703319609725,8215.085168980919
2722.475363704713,5086.746320899383
808.6974583210605,2777.140325185653
6568.2230651421005,3029.1706813101237
6538.046593843306,2238.4238856339834
949.3200956561809,1449.929578197534
3188.518089365824,1844.9041185365033
9928.144622555386,631.7804995381937
6784.266670087369,8884.508649323863
7300.751666033291,9310.078096491232
2129.1728560430565,5867.703924938955
787.8207100391433,8404.89556608685
2769.0168974093767,1835.7110265314714
2488.9838519319196,9016.738252269852
2345.441007480531,5063.615596305083
1927.5432188703955,671.6499260555508
5747.556906554043,1413.127444941602
3281.0347584182177,3089.764607868172
8203.450150475304,435.57580354751434
1839.47417847384,3092.933780174436
4646.270708685445,599.3043311889179
136.57836426079984,2360.276051928252
4816.82322455192,2656.697558564416
558.3822087647438,9943.689763667939
9777.235118726436,2355.4667376366447
7905.921286504128,2391.864489385803
4901.114766364553,6867.88968358385
865.8735817935026,8593.57478516452
5924.4544079041425,3870.554126020865
7587.637507018775,8756.180199406925
1907.172530047453,3401.4202074775712
5682.0834078749085,1970.1587961501932
8142.10898382868,3296.3882432772352
7682.4777764631635,6093.5637392799235
8029.920178671529,3671.4315931207375
8793.234248697197,6728.938039892888
9376.821021594702,2369.358794224824
4055.2115520353595,7009.928939891488
5687.691025228773,3474.3836324846666
7906.595260456109,4558.683716019345
6971.398139457831,5577.451404428959
9955.202282643788,6862.250031859937
136.77651104644139,2387.136918487337
3551.3321531579068,8359.455374108105
2810.2792627020244,7218.427497552398
2623.158501655346,2340.9791902399948
2225.297824988858,9749.745626029104
7091.2384081522905,6647.969910304584
847.5947327532185,4524.268864667056
7416.088339433383,1575.2732555351633
6934.258420162734,5332.210023081314
2508.041325008964,1647.7588682711819
2528.3378316516123,4294.916786978438
6288.605853445022,4087.1252273951886
7621.711054836778,7199.396443474601
8764.856130873655,1923.831812242498
8521.395638544758,8218.713548708458
9648.82994163853,3261.323270161658
5813.848953365112,4439.88626968775
9086.555613403596,7723.409755538425
8085.132732604108,6253.923997135148
8946.676243140137,3080.2535180193736
116.26601285366634,3862.0292454588102
9659.02991865811,3057.8681398961016
4735.301628464783,5947.701672771572
7981.829895748429,3326.245332068397
1272.0411933778087,7256.976947831408
3959.4109581397406,5797.871585837261
2714.6066302099093,1457.0661174750899
2916.5877050093704,3102.686186798824
1232.5561995088174,2214.4744191015575
8057.63832543007,3903.132125514853
92.42314581078159,5159.840862093631
3125.054569852025,5067.6285728410985
1744.1054321641502,7545.23676563289
5890.389406083405,1891.7186360170936
2542.5240261454387,9464.728292974469
2589.984545280997,3428.4510688216865
4883.3814399531875,3002.488469161385
6526.890393409257,6851.785781802198
1213.0470456516362,8055.166286830625
1755.1145246549615,3784.717648136534
2471.747445945176,7468.469748939771
9737.482141179606,8837.359561360547
3971.5249994292035,7668.036652069574
5989.900906310265,341.9648557083299
2415.428127159779,8273.689113661881
4904.5952515748795,7744.809584543674
741.1917438595806,6692.90238153186
347.4214592232694,7600.224190879035
4687.3352682146015,9794.253958319388
3986.5928751841207,4311.128878183496
1368.8031969182769,672.2323495459781
6876.014289207337,4608.899696277167
9929.034908992644,464.3365539104793
3956.4682119671247,2942.5040808846115
6245.586359173944,5868.7979179675895
9629.759423644857,3096.228929261563
8315.349724468753,6853.952459095386
4635.522233026857,8219.863276857212
7374.894844599194,4204.391792795369
1281.3504025052403,9001.379512930036
5121.038554637992,798.3893135040021
2790.602771799365,8401.131642004499
1611.6368789616108,8285.73145439299
4262.809062545349,3219.938963267649
1310.1455443361442,2987.1518712461498
6989.851081744856,3050.949811535126
4562.400440533355,8113.93712344411
5311.446325646638,8316.53487610195
1463.75938668157,3297.224588276676
1397.7166109349448,5925.903474444618
5834.154352601241,1389.3322944045449
9850.097478294463,4687.787382810221
962.5058323772562,9987.928508555382
2857.3142856578124,1588.3914770624685
8694.591165378875,9475.62639960059
722.7201225523694,8242.547219650078
8758.857213669513,9722.146509462698
5242.859833747511,1795.7876061053303
4082.6677392642587,2135.1849044336423
3096.8056435145586,168.67181734858684
2971.171581278419,7247.018129156056
3058.0258244947877,6440.946934361857
8848.030809601958,1780.654383247321
7237.952301747855,7911.449655420719
6697.230078311506,2991.955061317254
7987.491489520008,1349.9556933063516
2571.14663004145,4225.6266501934815
6180.428120817557,909.6984842685607
4600.662389579509,2632.4365627324664
7824.416352001934,3713.3335842734614
3092.561104732855,8518.641745141498
6431.786168698957,7925.487412932214
8822.124118173135,4427.542857506182
4021.504761949287,7245.750577523875
666.2208736746145,5686.49636179005
5160.508223417928,3408.4185507806806
3459.7248780702594,7258.743434952848
6722.25380547175,6834.99154466378
9510.329247486061,6190.94442193602
4856.08317996847,6179.555210432506
4661.902301555338,6829.819923269768
6545.848001914603,3845.4551264253823
1034.975035935677,8690.758150677024
2535.0618892501466,1623.0784549646082
9189.793255003986,8838.85463239154
6699.426133637663,3422.8184303199437
134.44043983416253,1250.3161560862252
2046.2547255901986,6000.274026791299
6828.37266028899,3759.8666907040524
7643.992025625742,8154.997271035192
8398.59572674042,4307.854685287673
2921.7680338204486,6685.625255621098
9310.285962775626,3082.5798950482554
5529.468935778924,2094.523750253401
6965.390223878929,3880.490309488238
5967.38862779908,6068.078346024335
1227.4005467462046,6569.467392113518
9631.146593848798,5782.066652980184
1228.7557989415266,9880.557186241089
2548.819564111836,6910.901864951653
8136.278802229802,9315.196275969178
6185.969615011014,1179.331948951745
8381.491653763569,613.7292981347886
5157.361883740449,3109.947020119537
3769.9323536663487,1365.8893837642395
9218.454995477849,5258.685282282677
362.5231751479485,5189.812535232787
8561.302203530458,5750.471664439501
2308.177851877816,7452.278808310727
8487.363277539678,9713.2970021232
1391.9661341688561,8782.586914391464
5802.189636905405,1183.6723957558158
8881.07919011472,3385.1368877065725
4735.396468988905,2558.230250480419
7465.6667380339295,1768.173577797928
8046.7161785555845,5447.248766557845
7364.942087167792,5532.644020327305
9253.297368745983,2272.448278880613
4468.342305199287,7118.972503066855
1731.2543916515576,7329.142991695052
478.1106370247978,209.79994833933313
2464.598696375051,3957.5770372231655
1431.975038802421,8901.406412016211
5579.487414344805,5203.186082438382
1849.45337211732,3476.278014389943
389.33707289371176,2536.761515951301
359.8982886866786,2433.5451991828227
8315.694983648616,997.6803385080635
5914.499314430248,8172.264190930921
3580.8530189337816,866.5740539417121
8942.28042740247,2922.947658618158
701.966114077136,456.7573856635321
9803.22072727826,7813.8656972370045
6162.91790254461,392.8368222679046
1834.6425396884847,3083.0110386820843
6790.690989769685,5732.973700866641
7633.812597835627,4095.613602934438
4293.427833707745,2822.7106724910045
8616.326062455473,2751.8907242754167
1507.324072964703,7977.903060062494
2788.3758357760835,9739.780950872451
934.9236158398977,3480.410704487934
2108.7784060735216,391.45513609016524
2387.28811911145,365.6577790910842
9176.331909217102,7592.134152107181
781.096887511562,5523.698216091269
4274.1512018770945,7835.926574173304
5323.98687226913,6974.970102885748
8986.930538021608,9075.063492653966
9976.962186612134,8858.242910466235
7533.881149198358,7883.273956211774
9707.909905690296,4751.891600421437
7871.011325358738,3081.2640760385248
9632.026409714166,5070.267874446399
7072.707259444552,5020.716073198236
797.6342545107107,6102.755488893376
4019.201869926765,1860.975677829041
6465.972838024704,6556.198804449888
3507.18509454251,4566.009242058158
2733.839181137786,6202.048319408592
5773.99267133091,2396.0482291954568
9335.018767024349,4343.948938773549
349.8187351615356,2102.0121445252025
7692.312035414377,8753.051567568016
7227.272780446271,4879.610450415375
9639.534253882872,2249.8141557381214
9307.112223325435,412.08695741546285
7622.325620441929,6757.386646535419
5204.087646825987,2146.447139897557
2042.6755323351986,9895.821923187783
5452.357183255744,5337.003734151716
7653.519939196538,2889.769962480321
8956.692126378932,6576.774337926303
7897.120092105491,2752.1992343808556
1952.6693519105397,8202.742939097465
5996.863142280594,3082.360509299419
3321.73459531357,9882.477323959092
92.05667390642991,6051.447854452936
2002.2093578866607,8444.111489426634
1132.2064993344927,728.1546957842222
8427.191235394685,3482.994173861882
2585.06252147812,7374.870861661497
2846.979688875555,6550.590173405827
9599.365717988843,1942.4312143375778
3790.8672304885217,3562.0293050970986
95.85640144394559,2634.4340748754094
2838.4614834613653,6133.7016976184295
1192.9958060181245,3445.6822945877498
1028.0856173585396,3090.542420003498
774.872901357495,2073.779804363417
5932.594701753773,4090.271209146483
1893.4772362985864,1955.025901965536
3612.4279404101044,9625.695873776323
8620.177161300167,1545.018114953034
4243.381397962757,9133.047149587763
9156.913500516375,4284.73098156582
4979.380533956062,3778.6599156172206
3988.3661483975575,2313.198009048488
7503.889270907016,6357.563343675191
731.750987680021,6855.280150108364
894.783829824174,4675.709622524175
6519.737139229606,557.0689569342413
4869.407132392483,9185.1015068855
7904.152503192102,9803.29132876381
9162.708373435315,4310.43415211835
3883.6687767154754,6136.608074093271
5964.100265846462,4502.986262437467
5006.966277953099,3218.796508861206
9816.106556424329,773.1879285780763
8310.844073565951,4560.677303972989
9117.377082773535,8183.845563594515
2543.4008757760416,170.31461088003573
7725.2642316259435,5821.076831802223
2654.732249976489,8807.72108726689
2087.425334283899,2175.49430014358
9442.661596555508,1832.558646890622
193.04416717866647,7722.766257019431
9653.887036634296,2550.864311192933
1492.618969888062,1919.8426756064846
8194.380817932682,3779.8925056923504
2759.225530681031,3925.02012270218
3507.023274307274,8741.01063016566
2167.5771132198497,6184.4347193367685
5855.1404248107965,4059.6145633958936
3480.9554750787406,5343.879642857669
6573.930394946632,9539.652333252741
156.47317942065973,1132.1467660989538
643.7488351503962,2077.155217246914
996.6115273124865,9625.287065865554
4189.936853102311,9573.24848527204
8147.96172659976,1771.6542126477264
8881.779103783827,1451.0881712529822
2448.1074006090075,4210.851343386198
5743.69724239014,497.1829248796911
7683.649926926005,6549.0353228514
2888.2942991960867,774.9602166174219
4090.0773673627323,580.2962709428073
5239.7420268571395,4851.869362088492
1348.748464080477,9577.866361101014
259.8229372578031,4267.959360631596
1528.0580931828324,3564.811586605511
6268.536212535334,9979.56715502286
736.1826153368168,5319.6896077918345
1896.9636485012832,3752.4140689024853
3378.5388569530373,3858.608133416018
778.7006430636634,1949.5949603351048
1916.9927116163444,5122.230574475389
9112.69788983511,4388.550281680058
192.99132226984761,2707.952963474134
6534.319241743621,1605.4008660175978
3844.089309151849,3112.388686675537
6726.487394323712,5086.8332768772925
5886.917203634046,583.3327228480167
2234.987543546443,1537.4402858395597
8472.094875733885,9476.572669690953
4919.403826093567,5428.55351031339
8225.360189134717,634.4930366003787
4060.125361882192,6930.87758769573
9846.85553915239,618.0287007903473
7704.893585012963,7388.742270463729
9659.502051125735,7499.627217200269
5143.264789098588,6510.789757492526
4736.911322907004,7322.045446193497
7554.538093252579,879.6578101305774
8802.912630134302,7267.805523552676
9641.457958655581,1366.8831972388296
3245.519060324997,3395.059072718438
7987.045738426389,9427.452535006329
2106.455976355367,5028.7547765914005
5455.743467454453,9674.264320830138
1798.4814840919917,889.2245888673756
3473.9736175033886,4775.5659956318
9313.583672064593,624.0232027687065
1460.906997730861,6302.102623992848
6324.008951351965,787.0700136851639
5929.542729274033,1753.678025403773
1207.3835270898646,2588.303100692805
3259.7904376881215,7487.438516644832
5629.815045152657,1639.6211881807476
1871.7860898849026,8466.320532930678
8006.236564128154,1319.0393883080087
9721.565095347498,352.4444907015634
2147.5939996247207,3950.4541896966784
1869.1196479057592,9794.416419712952
4549.3507179744465,1103.4222778877722
7477.652771400321,1017.1844403962904
2816.006102352514,7511.665107956239
198.79908697280402,3121.616939935653
5412.206280328939,7172.8161722571695
9566.005677673076,2000.1058944336337
3912.7685540694556,4600.719941981629
4201.345541831004,2652.898777489179
9689.01717114038,4515.282148790869
6946.076116267283,7690.970925853037
7191.7192284212515,7620.099404776617
5627.020053710677,5157.722876737236
9746.092108632416,9283.71843721051
6888.664844255561,2637.84102448274
8950.327516051695,2403.113511192331
6993.788657332212,6138.064011754337
7351.158248403959,6212.9703421678905
2904.109221422465,465.4003956497399
3034.78698013819,6077.777123868976
7829.846495760292,3744.3615734901437
2967.0628916989963,7474.425253205591
5627.700708015316,8081.056645452729
2493.5231090670195,5521.538195470365
8169.833808090694,17.050315022650864
1105.0135122769,6363.65810166642
8294.466397616645,7488.812796659343
6027.298005076018,2489.8326623151424
1869.0953482707728,4646.460011407888
5420.353855061182,9657.266234117882
2824.9883684734045,2981.1555339410347
3234.6733473049662,2231.5325104174076
3515.2804159688035,2108.5479047801014
633.1924697232095,5588.008343539963
9859.616844014174,9497.871013080065
315.346281312241,6086.901292003547
6624.968731842784,3033.2312023765994
3712.2764775743058,6385.697780674541
6460.102909466989,6248.422975977875
3562.4825308758377,5969.251357296543
6737.506462588587,1594.26206888302
7292.355094683608,6345.667993449942
6905.526403996448,4301.644525144997
1139.6198135815227,185.9205862303337
6568.932346546846,5397.644871474951
2799.8754945409732,9892.667452184176
288.01370569333517,3497.3959084398352
4148.306718889539,9655.592183186582
4335.4310280380105,962.0574166259455
4671.7413335244655,7324.5011586730625
7048.241653907163,1143.2999466283534
3088.438091424591,2735.7157355527415
3152.8051310392257,5708.4083532212435
605.5225624126059,5927.796939767489
6868.2121599229595,7752.113172341713
5678.2609139958395,6153.114072274393
3494.2511269378806,5936.147043805608
7051.889789173547,9123.530869891383
5373.5774922687715,4521.607522091572
4692.449458705397,2252.6577869505504
5113.245436611264,1617.8858502363025
6363.4812526705655,3999.9459680949976
6600.026045745994,7127.527551936957
2889.5781914071717,425.434849299009
1407.4336339115323,1290.5338650940612
1566.3418119051876,1061.1346010363943
6393.908859030016,5852.501530514588
8728.732857671259,2428.6465053126626
4094.962783455518,1662.594283013965
1695.2016032946237,5927.7071974302235
7566.024982938547,7613.099154523792
8324.894744194486,3321.549164526644
8805.824431209665,5782.046056765961
6068.314289137332,981.244131994602
8607.285593880846,9351.9103045757
154.1495844840768,3368.9618531477286
1072.3580176952353,9975.056931735013
925.7606705209876,9785.877558497821
7126.04684254733,7788.234493358115
695.8178354357902,200.67095406966718
4963.64372466307,5434.749203843633
4727.068986362891,868.364204400115
3107.0352355824093,8951.380259615162
8704.051699420997,7896.3625264740285
1704.33201879996,9723.40376595683
3524.6278439923985,6083.829531497954
7741.715000229291,5221.72804484338
304.22314393284245,5189.7385594438765
6729.504002463686,3864.4837445434487
8163.977263615706,4686.90067229141
9322.678388381672,6354.125831353504
8762.966404914849,9329.476075562772
3193.8411683368518,5958.843382560311
5863.641413229526,8571.159423173673
772.9349315046585,8627.799113025007
2578.700035480086,5188.326758482592
942.2237874750739,3474.696414976216
3151.8729015396384,6395.738733320811
8751.87213458729,4458.773419148428
3471.6683967429262,814.408673219329
5618.9810300142635,3778.0910043243366
4333.808481149408,9940.721380493249
4589.165242987353,485.1187002628721
9695.720518365582,6966.669119009267
2961.5446826385796,8411.88705071247
6273.244695231713,6487.259034753787
4200.626695794471,5697.4823116329
611.4618104768621,7075.544169787576
4893.30831624236,4293.427372996556
8133.433290451083,913.6173730887675
987.5296868168837,9623.717543033817
695.9184739630897,4323.007699841961
1536.3152039326667,6653.8923716801755
7644.00111389306,5313.104368892952
7239.95384144738,546.7307197755456
5650.177689061105,9527.466009925385
4682.264040926324,7925.372261143233
8883.258147026221,1490.9789446939492
7666.978238334825,9816.488762882667
8119.422513018052,7369.0137217170795
8132.6230135065425,4723.216504283088
6427.17154745558,6113.700565595732
4580.146243159458,1067.3668201459752
8646.777525856503,5604.115100156109
9260.074176032507,736.610720170594
238.06043258343013,5448.5525711930195
515.548732662513,5526.9568876278545
9587.432969084373,8744.387851607438
2771.6061384419477,7250.57500272294
8733.694396494187,2495.5239221512006
3887.951189614026,8884.26142187857
1191.000576093556,5732.426648480058
804.4320020933426,6063.794785740337
1565.078990804565,1689.8136922217832
2498.931948673647,8577.73595969114
4885.183539308262,9309.65115016544
7014.979005657835,7749.906494949081
9863.985764853,9407.52452645006
4415.06743289171,3022.999041223459
5181.849423431098,8611.19168362771
5218.157013832556,4888.931428637426
5394.34355487936,1639.1720294358493
5177.406571044623,6688.005990334012
87.74755061917827,6841.202707058789
17.24822109840707,2869.2451375669016
976.6631812612292,274.93331627570063
1015.5660342917882,1998.4725908556334
7048.969089547961,3997.7754767388674
2049.1603251599977,1675.6291105986854
8947.141047556128,1940.2994823960419
9286.063295770195,3913.9066438226955
9758.933378958987,9617.866143085605
9390.8130488702,7642.435154076484
2718.883219185246,3197.484012265641
5097.768447035125,9516.040689185482
1754.54970196941,6456.467922587327
8062.096551724331,4554.496446401401
8884.317051440961,4683.001989551471
8512.888392975148,4107.444678353919
4333.669486968349,2329.9205254593967
7586.73884686781,3866.321922137057
975.7916957626944,5278.963840433926
402.4477061925069,5280.27350730221
7532.364143087609,7617.36902212518
4253.552743286837,3587.9785715735256
9955.492647395691,7167.980293039524
972.542158555324,5780.9183876868465
8556.276815352338,9618.454045268345
4799.830655289918,3852.8492603398267
8271.50195503877,9012.164642607902
8171.272821701448,8206.425472982895
9159.920013620773,6376.642845894569
2978.500112861028,6545.144667421172
9497.993534620031,846.4993460641068
1516.669603576203,9502.246055934324
819.6877759349053,1069.360634957439
4316.155173723491,5632.33308743507
8283.229686418426,3300.7080044915447
4734.211306334456,4298.519782898517
8292.866775305141,6101.83010836817
7296.868057943052,9088.513778823217
2094.2838613893355,4575.671235723014
9488.816248994639,9877.295553064412
607.8116862940342,5928.120653514998
8982.79707543795,1605.5394264217448
3044.43448990374,1900.0929483125228
5001.480831643993,7161.110355892511
4223.518727007345,503.97794243381753
1718.3455691691618,4803.415762222268
3581.468664016931,1482.191098035166
1929.3443629279527,4332.1863517784495
2038.8647546052384,7499.174220717196
1870.5683602638035,4588.129282414342
4890.173803465943,1634.5110898092696
7979.313675113155,2519.253703566424
5689.70033761241,3675.3958865218237
8932.065885508418,695.6118348641471
6365.444885767241,5843.376360811219
6893.401156326045,6075.337912780502
6676.072297270031,621.5192713256745
4494.591931837412,4023.11321174162
6893.388222000828,4140.006828847249
697.0774646896116,3338.195685526012
8598.514719156632,5577.397403311118
7778.121434439174,3459.574900601118
2452.299582316788,4164.09279477806
7680.324542540824,7975.235474416056
126.42601400018494,1621.0935543020144
2172.465724808804,6191.146953034209
651.3723867089593,5055.9440169084555
7802.269166178947,3050.7163747934906
7558.741511783872,7275.346564904107
8136.3602380183065,5511.88359541148
44.81693325528835,4773.615269606953
5012.32726678408,6676.693147712001
7048.361975173365,8022.903079813608
1554.0112873901546,9726.687900335763
6497.9072751262465,6293.503683763734
841.1009930968571,8744.39985400383
1813.2585610431317,10.915410229569433
4757.96814994601,5302.356927258912
6535.651526811021,2146.475487701981
1458.6912695389608,941.9245708313717
1852.233308309379,5319.710170643921
2044.46367065663,7468.265061490941
2387.008046989785,4122.725224743797
2265.538485262912,6701.074493444349
3951.4910849763673,4897.192538409499
6537.896508367229,4370.85865959426
4380.317831344697,2902.566404358606
7759.739087498881,3825.9351450100453
7192.685059486148,3497.9563079442787
1265.2691404907569,6461.871840148815
488.41623320743935,1160.1851127913953
8779.415639996061,926.36368687806
798.3106656287342,6600.1299420846035
1483.391807197131,5462.980698788808
221.3327555811806,4302.000967426576
6283.363652986538,1524.4288440790353
5823.705631583485,4110.271118693116
9869.036664352556,7897.317633200116
8869.32396317172,8896.21235789257
4108.431774809097,7025.765699642201
3715.85840912535,599.1217588088083
2968.520342799851,6704.097766011186
1524.0692003788135,2409.8558954629457
1380.8365660200905,3152.5124302640506
1322.8370800960543,1958.7320795998453
1141.1475718677855,7757.557906202046
2405.1204240553693,6486.02122637279
3066.686303131164,6118.350545991809
9615.78971038916,6679.726096692761
5784.732510018857,2367.722614039034
9875.95774513281,4446.444143253616
3724.6694782567324,6332.537215489891
4576.26632589441,6365.940276183004
3245.7865916527917,7918.518627551305
1828.8765089655267,2871.0396668811054
1431.6470777757918,7703.361216968224
9450.79197807832,4401.844806169357
9868.106817987558,6701.726920589348
449.0949650873155,4557.193800652868
1503.4587473176653,9486.101697909433
4235.240923010226,1793.0226474164447
1863.3347634440734,6750.050885823571
3638.803936268833,5765.350007681589
1290.9634985963337,1727.310409477446
4565.117567217902,660.0633581166793
2716.946161692593,7991.4438897166365
3519.050557586608,1574.5133364626518
943.1265146274759,1865.0668278577598
4281.280507101417,9784.342239890393
9832.576109615698,7172.608514766308
3288.330468811903,2504.8684160122248
8764.29274842435,5909.489601516013
8431.991416236851,5341.118384025133
9520.584182972107,8444.732675138475
7901.095122670945,7293.207478326243
6595.96827058815,8317.211254931857
8565.844442274576,2115.065879773624
756.4468065734964,6402.192043670052
4628.306571988078,402.4085841838032
9892.562386150588,689.406122792201
7696.001512947322,7135.270327045972
9620.753780372232,244.20102643931352
7796.343561334791,5797.650089005092
8748.819674421442,8404.0509844453
7065.29632303191,3799.418084180286
7605.020044172398,448.4043683991279
5231.7800983950065,7138.474496287268
9242.37700814133,9296.864524641509
8250.389106233617,7171.713920582679
8438.849656656323,5784.472430027753
6730.091009630523,2300.2882987906005
3045.79947087249,153.75624044496993
356.29795390139327,6946.721084790533
9356.551294095445,2310.2617584429295
5861.203488054969,8581.626771823576
2981.4297114814026,4663.6411883261135
1491.351078475378,5306.3558237245625
8295.231655007547,7539.365442663667
8365.201944475788,7794.306078033432
8145.079681305315,6426.508330805681
6450.826919667862,9384.31815412743
3660.1538759187592,9822.984363204194
3040.70284780257,9468.854443746168
85.54770118170185,8241.791853439436
8336.075586882404,7056.252202442514
874.3269749364247,6633.258578816675
6307.549980407676,1037.501769205339
5040.749468400883,2714.843468191125
5266.893589263512,56.88223529377034
9267.128453077734,1374.0987023399186
316.1501127124211,4392.294771691883
7733.922246287723,1465.3655078907334
520.5239836730713,9016.63414676758
381.536059353772,8056.99185335282
4298.17698141382,716.1191208951823
630.7517434296673,2489.1371546726605
7891.439512929121,8190.718846115088
5295.630936483372,8030.461265598735
290.38782659774444,9454.505501177888
405.00686481919513,9975.477616173603
6126.685297394793,9762.700632411219
8061.118176584049,4101.379857214414
4377.995312747736,2503.2844380203223
5545.806715356244,7584.101904270625
7998.294540499016,2992.728927440308
6105.061740418192,8064.003601313298
2247.6023765881946,5339.547303979244
6130.520258694786,7939.272752349539
6282.794590652135,2758.7987971701045
7341.069808811267,5080.273155538209
6208.741875568013,5640.23793602182
9692.421304580379,9431.080677201322
1972.8830871706848,2665.975768304173
9510.906795670762,9366.882392848946
5383.394903500162,8048.589154657158
6719.5614049491205,7308.940540866953
994.6159745218986,7868.702691851251
3805.75941378107,6054.2504588005695
7693.791464631726,2440.8001046248582
7069.110150989904,1894.9496883985273
401.39388165410185,8663.414358503906
5465.942634972446,7251.394025958332
882.7819296840944,2132.0428276094904
9958.564291781622,6150.933658744016
8972.965885332946,4475.4648141422385
210.80660428536956,1586.5516996309393
8586.495789026309,5318.571093571643
9194.296005584076,2815.1909246641726
3535.482225634551,962.4412415757155
7195.016550477659,4669.582985454108
4421.037462077789,5901.085520935619
6552.324845763441,469.0641038115051
3403.1740429819147,4020.9274941099684
3225.5923663326835,2576.6191983668527
4244.33888857579,306.5059070723242
1455.6775865250115,1256.625496115058
8311.389644353825,1390.3415881837755
3486.9789536163667,1828.7424811797116
4001.495539058452,8033.775714379212
8940.546127021445,4394.918664781392
4966.238140631714,1470.8599227038687
5442.539093508629,1002.9696692788925
9564.981247770986,2979.4045872903907
8867.263831449893,7980.155187044523
1694.667088884395,3644.598479396435
4732.15029918105,1598.973602939381
9712.962274285455,4041.161815461599
3723.662982286027,5553.115572870575
3715.7310851620005,295.8418363801385
1950.3023178915435,6276.418014401731
1143.2311411912522,3951.0075301478932
7403.047907559818,97.25875131194384
7700.304687015165,6738.893989463809
9690.12963503,7123.876355626482
7734.18210905363,6288.397885586828
2433.524940335987,3419.3021759842222
401.1657828851545,5296.048540659612
9854.373843696601,3871.577061334354
3404.5069554360575,7006.217301596944
3119.7154243242076,5835.801862336887
9059.552097493824,817.9911382744975
5850.998985449861,6430.9355821899735
2148.711738491346,6872.384143378015
8890.962427162396,3707.021806146994
9933.608550547433,8757.857809597044
866.7856115083073,8430.143548449627
8622.516283024872,1751.6652389973785
3905.15697684394,9042.663084858685
5240.724465067044,4408.7237149507755
9148.159757649808,7237.496526342934
9733.791957751173,8140.970069672359
2621.639104087994,5051.124210696899
2128.507709599138,3991.019393708157
805.1655859151185,9154.513686150984
5617.97852662138,2308.535529354232
136.04395450668272,2569.700777191445
4118.982976099365,3616.2031401343706
733.8401665200855,8594.657779705656
4052.25782929334,9387.882642130759
399.32189265609264,2200.6771475486184
8352.172606087688,8638.701476312453
2097.3899393856586,2582.029594685693
3283.0871035791197,9706.41246749888
8700.479966063918,5974.078919815823
7462.660613322051,70.86467447382394
2190.383616420585,341.29904071177884
718.9941865749605,1474.8453080470847
7156.737768553395,1875.7315781875673
3907.0255068810934,7676.191228265966
7660.799991182213,2227.658764169499
4452.947723752104,9691.416200498597
3460.024129722764,6361.120572029383
4512.054082123966,6925.175092535177
7485.589856706767,2178.165192852075
9022.20286540374,8927.063140950848
497.67196588575536,6678.145728199314
5241.115412269552,8644.056243418638
328.35429083877597,9564.81097231227
4684.095450243587,1256.4097710959643
8852.828290969004,965.8723026894567
3615.9026642030967,8034.078265896357
9324.504210806432,8661.260590941703
6306.084716506094,5837.614208779856
9341.553437930064,3660.005477505206
7571.666254125196,6526.296360752237
1034.3516664876229,3056.640725924573
2311.5136756267707,2383.8569215346815
3941.7045458350617,4881.452095272654
1701.0688201207602,2161.5382760637967
4949.116047766605,4837.036083151729
4713.681557014906,9566.06505463572
9562.591980273812,8397.840356173905
4337.2788289597775,9416.309195000224
7856.268042879978,8063.289748473586
9419.105448514798,3547.509359462767
8769.888309739856,8120.452385515591
2086.6762451159184,9229.15743553214
4960.298942535443,9470.357878370545
3477.397822959257,6831.9785068499705
3998.586951372155,2113.666438151132
3608.0682624575124,397.2915336469085
8263.59210175004,1472.0022816015576
4521.390551224475,9655.469178939455
5236.943322446882,4620.968241927694
9824.473570470747,8549.860148320575
599.7927219151644,4650.441535582911
4879.576397907488,6608.175834598394
7740.617069461161,241.40777122333645
1511.6195818822653,2498.6494271936676
6115.315946147739,4362.6928004258925
2394.6477953446674,6306.310471541632
8674.041132245675,1715.211880531785
3270.9966540007927,7645.5146427049
3290.6281690090955,3644.0470613623734
5981.938785178935,8174.3526923388445
1835.6290811990873,979.6909039506729
2848.8863890306106,6797.565876823719
4166.318501194115,2933.283332065102
3536.3786314011036,7953.8317412261795
5248.772180055824,4021.7042704241057
5996.401440689662,6653.496322635665
5666.674537501646,9343.052686364734
6541.683119919323,206.26632013764356
3077.4951660782026,111.16782334373632
1264.2622715502805,7702.7925217671345
7608.075414310771,6463.930515080781
8507.80382630682,2929.797205044327
2570.0623222243225,4943.967027742624
4070.9195615801973,419.3566559886874
4985.692169635553,1924.4560536124077
5333.268427529364,4244.963745271675
6594.901710876518,8340.444162214822
416.03233355321345,4796.671828600848
7214.77082734017,5863.625045259787
619.7100697941027,8737.537919937804
4682.885676728679,3088.1891358884527
8276.711355691941,7006.993211020559
4512.153132783963,8616.672586782533
1490.8974876824777,2026.1570069617674
9850.338450059597,3564.781651478325
8892.854620742633,9798.10173889355
7713.13633225014,9832.185647962111
4115.1160289921045,2232.299302939379
1838.457268892978,664.4583889262811
9414.111814185013,2709.2161131005287
5323.51126517139,3977.3195730368725
8523.55460387485,4410.056009311637
3420.9500575942575,6188.063073304236
3352.883170794706,8995.027601315463
9855.404806740391,3303.4801190716244
5218.3304849484975,8499.845354992085
1406.954238607463,934.789209266269
2196.746779947074,418.7469897321472
4819.442793927208,5040.451831234613
424.7091048841134,596.6222333060489
4625.339853783004,3924.8980123423016
4189.408420801276,8967.781168692343
7793.362653194869,2414.830362074734
3549.4196448924176,7059.757751249032
9825.487615395994,3023.653923900669
1807.6991930090314,449.20055242135606
5909.866849681349,5566.905814103094
896.9929700825463,8348.534905367518
7338.63983993982,4094.684483426194
9947.536880619715,6172.938264580871
8191.386377516322,9000.235976577258
5557.035407203012,7896.945127369878
4847.413573996921,1938.763993928193
8350.299612668468,7333.839593650057
9359.740847107243,5018.93025160152
9892.06525798093,7459.668078860847
3965.392275644841,4945.155505222182
9909.174747945122,1279.5816410830284
1559.262521738315,5699.094466892391
2535.497759319092,4921.339923973399
890.161247338962,5179.217336414418
2717.3851648448167,8789.024536458703
7679.375516180111,8948.370467062514
8529.243581784496,4535.371067657184
7788.926451025717,4557.320412800884
6310.657781676962,5151.86958872616
5139.6651252264555,5195.89278334257
7087.042892136465,9503.871441791127
3908.335492672218,6494.004673774934
8413.083514997019,2774.5699488794394
6771.900939767855,5315.3679695399
6978.046984944085,6272.235829079828
5359.359931290713,6397.717210139645
8852.289842111726,5852.542262381827
2520.1473367905246,1777.3615462153737
3811.476533610507,335.9318907950748
7776.425696776891,3378.430523668544
4927.488961293377,4275.221545602535
8892.140134241909,618.042395760866
3463.9931976285234,8149.673380198461
3693.3016881964477,3440.7743751027374
8887.357893866254,9136.327461785046
4643.703201820411,1544.1010784226517
5161.245842024868,569.3495693731343
3327.637153356794,4823.161043863218
2766.699421790819,1891.2933682570665
6559.48710838392,9373.992755778612
1198.4066154120387,103.03398453738954
8792.726411829093,4126.196750590349
7792.031367651079,9267.477713451683
1907.4826370580279,3844.1820672976833
6940.199458245654,931.0928060046075
6026.329212856348,3028.949428617871
1845.3505073664412,4980.103938344335
2732.0350605023245,1851.5168734333308
4089.865037338344,4665.617051432619
6992.427352454739,8363.431957858375
6387.234088170059,8726.17970196613
5322.34847676698,492.6073471073211
7684.105431140342,1609.033580525735
7579.377396061659,2752.901357668042
6178.591540622559,5948.658508876018
7869.900833848253,3609.947587924671
3342.633747792092,8440.409134460755
8812.495283226057,7166.718682829376
6149.1008580194075,1004.5602311350821
8223.635138124306,6245.575025120912
5462.79104790284,1130.1262534697842
2184.3824498868034,2550.356696364601
5424.101286783086,1778.7063353422805
3711.116637765881,1730.6194920070495
6974.990360370945,6163.955247768592
4757.937917347358,5636.049225541615
8361.128049276876,1760.2815278772687
6780.725123219167,9901.728054184317
6845.444330313239,4218.367323682938
2171.55333491065,970.6932815493662
9842.497664912904,1205.6901695511513
8416.752092714887,5838.937137265947
7890.048845606946,9790.694033834729
3302.152251600274,5719.511016191978
5356.316528472319,9490.414766166372
1371.0318807432864,4441.328507580268
5384.759766627059,4358.41103652012
1458.8924648328727,5000.073593158822
5530.378439896012,6974.254581555552
6487.2188015490565,3676.1596645133263
3901.9596724990233,8638.86032678957
4985.448783312932,292.81384768146233
8756.53387674586,4397.641950284424
1085.6314470280936,5109.918499799179
7917.328929996529,6070.322382630961
1707.5455099619642,2760.7191236586327
367.0798280462839,4274.799709858354
1855.7460274504779,4845.377502140566
7650.431899704897,6869.099786832133
4051.2607333686,7735.44184735814
8725.20516846182,7378.273273437872
5247.075411822658,3415.830522895853
222.50351926330958,9994.505229919636
7167.136096019268,8486.653117871794
1102.329087212327,2600.2337314496895
7893.796334619244,1951.0580567282755
1681.0254980518002,3140.2125058339047
3454.4638580551346,4523.448529996449
7612.714296253604,8507.993783196138
9542.313574764215,7783.622637945345
3714.3395064673236,8512.46123505876
8294.002201989359,2719.571149103285
1907.9226547583871,5934.6122245183615
8071.797702024911,2832.4906227737447
6574.940592562511,1090.2316071949315
1927.4350721236844,6841.9774347468065
3025.0396035141157,1429.9755119543877
1317.7088859703601,6676.977617064715
3829.670110643133,6479.6430490540915
2036.4864112327741,8102.48444424017
6439.979536304735,1395.5460456356438
9945.051042205587,7834.801485088109
120.09163084264141,9992.76525946237
5409.198132872986,8510.424485859021
5736.6659754900975,7518.120763276662
9142.087896808118,6621.653546947076
5060.053347669375,4217.814846854294
5437.014196449175,7305.001678916022
4716.528013283886,7241.780351404532
2689.043045614814,6314.9828268728825
560.2913324891367,7962.783782978285
4086.576822098361,4487.638884268346
525.9147124067854,1212.5271213239064
5504.9246946591775,5590.677276092374
3072.9364324229314,2650.435287113426
5336.024015254278,3844.330974291502
1342.9696439518668,174.14903941226024
9326.299657393596,3827.9058791788334
8945.212435499348,8088.011061354547
1899.965092022845,5427.223669382548
3434.442832940099,98.00526933971044
6134.927718519796,4698.438202398473
956.8620730590627,2914.516476454074
3545.678211161508,4775.506553971712
2511.122868190061,4046.9272144787706
9155.167287166967,9319.792195573815
8525.106362892053,411.77298963015807
5798.327412668638,6835.880112819323
5203.463368715742,8510.265963017415
9307.257945453972,9592.385846504754
9324.277829788154,1776.362265442959
9693.301253516604,5313.048019661939
1253.7888410818764,435.89577317211916
1605.578107631702,4991.835244550885
6767.3669867988665,1254.5808954098193
5414.344766098449,8378.966746987135
184.65904893235964,1138.7000260536483
619.7503598951937,5132.883603864952
8880.803822588052,5210.960689927538
8688.707955393862,9716.504979316054
3572.7092199604517,6549.806940388881
8910.506169305347,2878.4029307680194
5936.750743979018,2407.9930993813846
8059.056470189019,1282.482056450649
4274.310711602143,7565.147240490595
1133.9832734490874,6907.566561823386
4337.270626460162,6098.77127308106
4572.997979968979,408.4044294998834
5509.44193840603,7628.288663942944
1055.82712904428,6418.8757714847925
9914.018630496113,9638.888681104883
2441.3682080690637,5872.021298768121
1985.5240353709291,3039.519066617081
5268.029188559365,3815.2055218932023
5372.081793948886,1758.407053782325
4398.207378332443,7229.141822013851
7718.9214632525445,7077.2166002172535
5166.5440072860265,2006.5001547767624
6096.954551449841,1584.893231822786
7237.463854077856,770.0493320219459
250.25101563866613,9119.757436817586
5706.441825450448,2330.698336948511
8841.944712283692,3441.6352675180397
173.88742925433908,2805.0450837749063
4051.821038009611,4136.24602610791
9262.274502058299,7140.487993824833
3531.544022825378,8705.956337262845
4587.288242002409,1825.9874952854016
9815.413930443128,6864.123437411651
1993.238589505738,3525.6214224248515
652.5518912500594,9805.271682972929
8594.225908613043,2989.1915928407684
8684.653412123685,71.92956007859964
4720.778346800132,5156.399740198452
5142.071744772863,1507.3108427593772
8358.06369617836,444.944268183991
7385.594981157951,6982.692319477085
2651.4900221701064,7322.592825084565
168.93355071518457,4606.990131165026
4797.001625335458,6768.855167565773
8589.123260956414,5382.394482471339
8958.34676690162,6298.011077219317
9562.26197076154,5967.039731879612
8795.632376127813,6658.227640555924
5800.435552980984,1996.3064867317125
4446.055992361009,2687.0662003670022
7748.49846534099,4399.63149507692
7398.216343655965,4461.280094191864
5381.434300814543,7744.117115869042
873.2737255846912,3673.93659229532
9260.813467869188,1625.0515605918235
4556.025375016621,2514.659704910759
3633.337819162643,2147.335023842284
6295.673951687717,7316.6001925602195
6738.3796116697695,4703.396146259821
2106.8791703030142,7086.306979709834
8369.388448099562,4162.19680757627
2899.3709366237786,8897.356025039051
1866.839259143167,9835.203077227347
4063.9985285449743,6698.425087026117
7305.600808974653,8638.125572362189
9654.581784398035,5079.332671720626
8092.812643714332,9346.20840353908
9403.483776701918,8315.86485672828
1406.0580407652678,9917.785717660392
711.7679886367678,6230.937353277805
5577.047619066711,7792.067402682285
2902.9748304403433,5428.681399782135
8280.54972969273,2591.2010427142286
6719.878714023261,3547.551711297577
9707.281639857943,8940.054147313162
2547.9235573130422,559.4794659862057
4857.841143552324,5914.798860744081
5012.404774253533,3724.8403250410865
2391.767948573762,3866.925380055557
5900.933994880078,8845.712064137673
4432.859860792395,8538.223745462266
4467.2155598987365,5988.423755724687
3627.366479724836,2729.1884740433393
169.2935242553506,4754.563461620241
5220.95236914789,4082.9339378921604
3352.4783570033114,3536.180292024953
13.198689843296751,1027.8557855729641
3079.43707661932,5431.138867153203
2786.28333089757,3018.312978744836
3934.481532236358,6608.079429275284
1318.5198964339695,3192.0393582553074
5076.838246350844,4311.634931348018
6924.403525181299,523.6037419440753
6301.855690545724,9925.380699054776
8037.549475691906,5076.103832751758
4520.082879870812,242.37594164172816
5190.917303397282,5412.306587611441
8104.019408589833,8703.539993056496
4277.011708192385,7725.521342662026
7015.993498995969,7009.0668412945415
4346.023687179919,1394.646545990349
4177.361945115626,6577.370789874723
7602.056245291603,7662.983780122603
1748.3691546621117,5724.190639654966
3385.859719415736,8927.490045203516
2241.7227674690175,2769.897817848854
3591.0994296759714,2421.4469973925056
2303.7482236602405,8695.697449426461
5794.0563108665465,6253.982429914524
7981.708026178452,14.47220520999326
7866.1306121790185,3531.314085110525
3645.0096454879244,8578.559858146746
9887.604058942617,273.19511641743287
5938.543647058008,32.47928261508881
3994.0030177829476,2812.592905251298
8355.392792414255,9140.00037009278
7298.740126426408,9014.775814700164
7492.753368241044,5187.6194580150795
1961.3934973387159,5532.368711396226
4683.243073685551,3320.080113171888
8618.281308246027,2437.3666202780987
5040.380076287573,8152.2185421211825
6834.527434210503,1062.9486049964144
5879.337330342645,4873.5437087863575
8423.567877183821,6343.9725949708445
2845.608397616026,1036.8029037102922
5754.752778863649,5196.070954723462
1232.3466800980398,5775.212879124431
6902.107766994678,7424.960605073648
7319.678383527121,2348.3604914753287
428.37321188998413,2933.275032907583
6757.909636279851,5695.211466330335
4146.901541657864,9831.264099816142
1240.9687610968235,2174.931828201144
4199.075476984676,9859.03827123464
1942.329296955817,7143.425330544813
4155.595321233165,8260.820696300232
3843.390279585277,896.4126823633923
7383.916369360575,3004.2018743063227
7742.155581663588,577.3627965098104
6070.286543845466,3715.4699500317524
226.86842182447543,9812.89659920052
9310.22279070994,1052.7306220633848
6862.3328009644765,5623.7278237119945
341.9544992118884,60.70622813812321
8188.328992141179,7126.828160440627
2002.6615471799614,1971.9269237204107
5792.211895711068,1295.8453712476291
4666.343699501871,3370.178121607876
4198.387823550766,7710.442979389815
8897.137201243975,1066.130863112108
4373.612915626147,2298.389957986954
753.4411757315074,84.64421617309537
9466.387272149526,9684.148626956181
9205.352312396275,5921.455999888639
6844.326895815988,7198.996363846994
4678.92528132025,6513.831711560145
928.5947294352126,1443.6455886967437
7907.481185774762,5949.399389939941
754.7791442402896,1314.155951412621
686.0098489514565,4012.364539631279
5373.838424393681,5689.63135925293
1601.2824018464023,5588.811141021559
77.30267340348985,1190.7342598274095
4231.134309957863,344.3596964652218
1372.1723161006594,7982.343138738138
1605.1541528069124,7259.224369960053
769.1063873533466,818.1890456473806
2050.9375372360996,1274.1551880155343
7154.841797743894,8925.837763896203
8089.2730721779135,7691.289016217799
4525.3364402930065,9961.602962166742
5065.538158814177,2539.8744920502168
326.550345942026,4878.029888688149
693.1626137131685,2364.595760623557
2575.677256495169,6228.001384773098
5438.984207131475,1154.1423909131797
7395.51148734993,1272.431727430331
6050.030613380331,718.8789140512264
3921.2785498678827,6935.86082264167
1183.2407300313819,4940.725774332068
7807.732348871894,6177.3121635463
3637.860515990571,8793.010465893589
7360.540144827896,7403.284847553587
5129.788419143419,4617.229181666909
7386.620535618253,9843.559883942264
9072.89561452572,4562.5610114197325
9210.29516053802,1124.506732335332
5351.067800006034,9926.54747252716
5115.083647656387,228.20730014847302
2656.7846550283725,5498.8355948775215
9357.998315292914,3090.9548869970927
4579.191671996209,5035.521510169848
1275.9123928737715,5587.129525945215
4327.049146265499,2400.958962784876
1270.5325023800397,5568.587557372619
5025.316842570751,7560.611120055375
5612.755148562122,2665.0983724399835
3377.557614935853,3834.2613331390708
716.5061423148467,2682.426931640579
9435.035356332392,8205.597309882025
7733.531134834296,7249.822592095967
8388.81080505121,8711.964372184073
3668.6839428622943,1700.498929016593
7608.3103001945055,735.7963815975155
4853.728951691943,1193.8350385867336
2010.8348840604594,1610.1833282423638
1244.2337690721329,5330.826606748024
3450.5086932205686,9709.120703627648
1375.521114751397,3572.3541661678205
9982.689762040687,9585.082693602051
491.8899023202206,382.0079498917972
4411.435993690766,9268.722028146583
4520.935223903842,1811.5260730497118
3006.3192858167554,9124.749857193488
5713.5156570694535,562.2743011546116
1499.7702415154467,9482.194474950325
7839.123805872337,2007.9826431886083
3324.477182476383,3027.1406007316073
5913.425897986417,4909.423441029581
7156.3923606695935,3807.208812354752
8890.421176901611,6675.2796926314995
8357.874364522,9748.077672500773
6083.090281035596,6064.2649080494075
3883.931803838869,7214.8540943654925
5032.046700749639,880.052503057015
7687.347933788025,6278.124290700053
8775.45542559473,4538.4977704641315
1037.8192817667186,8857.823579196283
3848.562624930535,3882.1109964310194
7761.165984135006,6794.541440499191
4316.51762593961,2281.5372825907907
3322.2776406628386,2593.72533524196
4113.226968232696,3761.224309222736
6028.447467863508,3040.6353750650273
9998.051441338015,2538.7883939007484
4929.924291045318,496.68705900809294
2084.944749542605,8367.46331752459
1628.4657527909474,643.0153089128432
423.4974747641429,8873.655156029676
5588.1723491832145,1254.6538906806027
5445.720914888342,652.6173706265903
2052.3392678030914,5630.047639806971
6953.29406452567,5024.417925747218
7411.070416296808,4912.345688318851
2590.9820538211125,5745.043275013978
3440.9976402973653,2870.5660611915573
9904.716723472566,6629.492734296112
3742.6446785073417,5024.022197071832
7608.016717561018,3347.4346695732524
4527.2542662994,8265.00666980728
7933.44827860976,7277.210963267101
7690.232387826479,3936.1034194462195
6677.560251985356,8476.177852288727
8547.783462955793,9202.582501117742
9392.184948776852,5368.662670843624
5799.833204520839,2149.5245015692076
2374.689072227457,9157.92156546987
3986.2896164407503,1894.7962009551723
7583.057135132933,484.2322641726915
6508.834851238695,3274.870088731309
1777.9833856524874,7269.663444610398
512.3954114642471,9232.740863535495
6829.615935420648,6372.856468144399
2510.7902402934533,9518.3854696666
4996.702437290534,923.7083927589662
7467.467725125943,607.5372958802005
5626.667806563331,6041.919507436641
833.0258311179639,9661.163224927548
1855.802367835554,5027.21308954724
2193.2818403091915,515.1522593930513
2578.642536448449,2212.1865607745617
5654.033919505043,2447.9290641577068
5039.657798253935,3378.5712913694997
2031.6003836420894,436.0338358621263
675.5484345568708,9048.927004979163
1714.3220447471808,5155.639447214952
9843.813126186033,6709.307929541091
4685.4694979147225,671.7283689500897
8673.455047021125,541.1546780364939
8487.524666688432,5864.677720405472
5115.195574628737,8872.96010504208
7066.877084605435,5284.82000959547
1927.5201041271227,8778.191725700715
6883.967049269083,8109.912730552393
2723.845792632895,758.5378579492075
8320.620967541508,2019.574743856899
837.2413310890992,6577.106691553425
7731.3867288527745,4435.013825500416
999.3690656861953,2906.9981364692053
8811.89236894309,4186.338560479791
3042.045181350037,4451.996462706344
6543.933648305748,9105.522508215965
4875.022786202799,1034.5828370495303
3663.0314526233897,2797.30746807615
6454.418331834964,5375.64816582714
9475.22980551238,6982.869266305916
412.6974737462186,6306.372889592437
9188.528558831043,9416.427377373944
6090.816550210136,7956.089248194732
8073.1430076905235,5570.768419744303
3838.749534342776,2146.826916735075
4718.4297483761375,4508.742314022398
8688.50751801164,6933.822441944773
4148.479698098231,8379.621748360849
5346.59566749085,9597.362244223874
201.94923084332905,6054.527661379177
1585.9800583804229,5269.193673044325
6416.865079747998,176.91923121148312
7169.769010638771,720.9906915017993
5826.009367844994,1561.0499763740027
1433.1003627561067,547.5993118962807
4454.0542857783485,4008.6323880492646
3550.947663631898,3368.785451388722
4956.613440350883,6373.5415786839285
8703.290345540943,5356.651079334028
7758.614386586519,5959.707593878597
839.8950138915895,4719.7720293765415
8903.091977745644,2777.3714855425715
4717.671511498236,9528.25314946477
7438.621448859984,864.0915976013896
1400.3923126435213,9388.909994653071
6707.195257070481,3112.380468647347
2363.2601760945795,5126.614453672974
4383.808971409316,1088.4232282754613
168.62870082104408,709.3106837100927
1516.1063793047601,4295.454487186029
920.8049312361977,7416.973763796781
2397.4417293825845,2693.647775485489
1000.1809002432227,5623.4788893532
6919.100266195619,2786.5034052281835
290.3990220921937,3886.130608930408
6177.40500624998,9064.463184738248
1407.0783082557425,8558.396254949195
9451.61457177897,5160.175434176298
9330.940731098543,2381.0562747207873
2255.031025209626,1931.8391273302282
6144.212982230295,9540.873530357143
280.05319472458433,2027.165965106875
9317.88543051174,8081.683109125392
5229.873081917097,3689.702095355373
432.2315141777899,9856.598475582383
3424.999930081374,3681.5574036278786
768.494618612342,3515.166249107261
3929.4443937335986,6374.636288776231
6699.263421613231,9615.168066268192
4698.899080414396,9762.096057964329
3837.2217471945446,7072.061464669852
1191.570455404648,7546.063656363536
2449.390456936563,5634.021759730276
1001.4328773835113,7557.757391323319
8074.987316566608,8597.796549704966
1352.3982798472257,4860.953031950233
5953.733665488935,6198.62262830103
3427.4041358884588,5373.166952330477
2259.783846551835,5624.706135286772
6394.684394921038,8900.479098739408
4570.023093769407,3556.168302055702
4001.454672845591,2081.8402560062423
5928.520048922215,4562.801102736292
4912.676284900007,2080.851904812652
3034.842085515608,4984.004256620191
5590.6128776525165,9035.081053570586
6694.985765506945,6174.335204824778
266.9315858685428,8554.328533030777
4658.717289076753,1661.909196155118
576.8328458354378,9008.735925371768
1864.0541406811105,6017.871644071158
5605.087340779731,317.597887404798
8661.889152655807,6331.189552850368
8828.056791884848,9513.96956260918
699.4401013863128,791.6700047536207
4191.050862867066,5824.561304695721
5830.064830045512,9154.786028697146
1470.699045503434,96.9516833437456
7654.322167447717,6309.129264658232
7442.352584372388,4749.022918309626
9033.410137067947,3469.893186486106
84.86012083443018,6275.364899453761
2166.8424398900265,527.0209458741692
8271.867142453217,7530.630462874002
6705.8005082693535,44.794769197076256
8943.898536984907,3069.3574379235224
571.7965453026652,5039.586376846784
5969.639657164428,3770.222505665517
5690.465748936742,3074.759352055825
356.7441636053237,8308.351454680962
5135.220769124835,9348.32574271909
6095.203113099243,8737.126849058886
1912.9317420210723,5224.313130499997
2733.2958312466294,8841.64175193483
6403.47346297737,9208.615651815437
4683.009475999584,4092.38397047462
8580.136575683267,2834.4585950544542
3423.8176600918837,982.6520581332032
2666.5965838820116,4790.91921049229
9848.659403448428,9462.969204384413
9111.357701300834,5609.075280703711
289.92744998979856,6675.621017861716
7707.286153065659,1128.838184918476
1103.3477382520296,1435.1966414225626
274.85194829370954,4644.732619596725
2736.9551596634888,9512.647989837258
2693.458790611043,3607.846415915289
8193.187623469646,8774.840413175336
7106.672459428351,1202.8859342571152
9816.094273320143,6170.172069337101
7115.129003118184,6006.129769105181
4182.555532560479,8598.747500702684
6989.2766094521685,33.16704404901505
9994.590671864022,1899.3166719757214
7101.418825625281,2196.876254294817
7616.813559803183,9499.660880907373
9383.650151902593,1536.9365626989495
1136.5126131168336,369.6235022056038
7047.8429344772685,5344.61494741808
8508.05957967449,5285.584624336817
9543.78600220893,8440.469653678643
2109.6928971169937,9488.59650177802
5039.290077242442,5385.45442140131
6805.548476444818,9299.941824196554
2474.6772950133745,7251.591512998297
6004.728632502741,2645.59127995585
2575.7878249799937,9284.207109439263
3334.5702053164728,6674.431761818748
4415.186965108651,4140.959327426338
5291.9009874656695,6802.420845169307
4493.658716251506,4013.1282774375086
4931.9551978792915,1141.8376798795925
2985.8875628829264,7189.787471768998
1589.650940226306,8240.876121707437
473.49977326839434,7288.061990193877
1959.787224916677,2291.1466775667654
5819.43641505783,9566.350134776128
7861.154478031323,252.5456169115592
1692.4759744289452,3326.852973756406
1085.5535777264847,2600.924345348955
7492.903605492503,481.26227614850967
3051.583305372897,4057.2969298866847
9514.994392273526,6231.148401627745
7143.1797061037305,8825.528634851013
3267.560472430309,9896.897161914701
2895.4274779370494,8080.895864043981
5236.98386271309,4686.805187128248
791.4466827820943,7237.044259670307
1176.76512645299,8436.237885896408
1758.5788131619252,4653.071964186814
7747.235933045602,7850.544340254999
5138.573592691225,4826.524183128768
105.67122774442939,3864.9599087672273
6735.16527472109,5260.908377837612
4236.901786604971,6758.547376271449
5108.523649637979,7268.820563185974
2141.1624341293555,3567.3626889210786
5517.822283941036,5713.202515560349
9791.532397514886,9098.708740804472
734.4469100576146,9763.129001106397
2839.1739966443065,2272.480911839545
2429.9759286082976,1928.3116571334147
2485.4931075117956,6766.856334286485
3787.063575653773,4146.838858234439
8181.097847441675,242.22338418137036
9128.586899643873,3468.6187064728415
2022.1508745897331,8067.447434722521
5429.499379481127,7974.269303831826
6368.989721654803,4946.851488165818
5218.274743638449,4725.779348875353
4340.763941969196,5795.074424343775
1919.7550585923784,2193.96710563576
4882.193591992385,5260.436248909555
4012.1482771132887,110.46360056648385
7955.633625022697,4755.595547831337
7636.043591629952,3360.5104625059257
1339.986812056707,6748.696059036596
885.1905256306758,6383.535841526275
9081.539432275029,3808.3588018280902
5355.083889644977,72.72981478591566
8578.009372825907,2522.7362939496047
581.5112056640115,6333.478501891623
5265.156165216303,723.7334301750453
5394.265145762363,1076.4242183346385
8607.0203254215,6470.350245670872
976.099982297075,7557.674009492923
2404.455636759093,3215.497080127121
4065.383138870131,4896.730655165618
8658.414754199423,9457.113649836587
9388.83315070567,9455.435621759694
9927.246195936279,3075.027744634301
9591.934864585215,8099.878750170902
59.417558443544124,5939.440528068588
477.0834145387204,9754.8449335038
1476.0681915758867,4776.135697110964
3488.6209677027314,7747.068680155616
8299.180309869587,7681.37129614871
8926.561953354805,4974.3286763307615
1868.3440629458303,7956.301142973078
6196.641516197086,2610.403333069965
9173.619850652765,1222.5303629022887
4637.317359313208,4251.637446553163
1035.4357195278396,9436.306566335847
4578.136500846249,5007.446082025287
3757.949022880572,6352.591386469269
5776.579960660069,6241.624559078753
4386.5868440710365,1325.7286726953043
173.4592685371794,3902.968823772103
9939.97733413671,7069.389729218748
5435.402377305709,9719.900985807262
4736.307554846096,1680.1773829702615
9546.17371504054,4104.4189033911625
1558.603675870771,950.9379980272936
1892.3760254524825,2423.7645964925605
8080.1474906278345,3767.5934332615025
2608.3108002500876,5406.432479523504
7992.27106291527,2305.6688223908095
2715.3348290850254,2275.626611786857
331.8763022500149,7778.299791402038
5170.14723886716,9626.416629468813
1966.8643412686138,3236.129677514562
7578.462929324711,6879.920186356801
6411.9963323214815,2580.8046135792074
9236.026679779177,9279.52254965632
7829.883572657359,6729.023601653983
1807.7595484072683,8026.7685463757
8001.582366647964,493.5404319916481
6417.370448140233,5985.059682406246
6689.516417606249,5276.123313583823
8322.628859701488,2929.96906911532
5738.240691889402,2624.2998505731807
4660.035143530129,5800.248023169697
6366.410353587279,7064.856350072252
2979.574289583591,331.7275703518896
1825.971310870993,5674.015819237044
6165.878380712464,1704.5952894662864
2338.483690854777,1403.6273138610056
799.1510934660673,6231.194880946845
5.54184585253914,3108.7011721747303
6083.194014000671,4408.80233134864
3621.487834802368,3599.988094397729
7523.10970673456,6483.363201525237
3751.7639831310244,4701.197660664689
4860.034482382267,9634.586620379476
4070.8497281538494,3523.8275910646535
6505.747911093461,7402.843402628352
3561.3916201496822,2572.9256758304455
9637.676499423089,5087.530926261469
9361.469865985302,5525.69751901957
8480.279026572813,3291.092810627322
9203.00270572748,4717.805289126291
4491.39688459391,2792.7863789849216
5364.303967894921,60.007816739819916
7420.9259255824445,2156.4830163787874
6961.459249385411,7000.641724932007
8906.785956054708,7709.63024485377
7163.310272566953,2802.0286713891996
9978.847082284605,4080.429988180719
3485.05799831591,373.6566013861109
8329.977422394179,2370.6290109768056
6976.348228326642,7792.192833722992
6913.864452150186,6059.862702650573
3258.3559484499892,2057.705219543714
7856.017924230226,2574.4199512243217
9003.760223475992,8168.020229895602
2185.4846152056293,2090.8420294490084
6254.968371167041,3341.5772584713122
3921.348291027752,6643.586916546444
9895.481192948771,5611.123857080786
4788.3281583168155,4608.7020523381425
2283.201737969427,8997.410909797443
3818.5762522183254,2197.104627150517
6538.383898166262,7414.198908629998
760.8937134957628,1590.6384061818335
6036.019202212376,6157.338334821452
9312.24759178898,8706.235634113133
8503.627876578505,4579.017854781378
676.7353665798337,7242.945071913289
9933.89878739068,8203.933529989881
6987.269237038791,1360.2642487760274
1622.8082431402368,7058.2689528211
124.16089169423495,9198.410239886764
1712.8263629215135,5763.706098555443
8381.759206857385,1861.2224452875603
216.39324945163742,1269.4253158894298
2331.4730361808656,2597.353304667479
7573.055953348754,1035.1326901668256
5861.105358981351,5133.940715850475
7827.357103601918,697.0468270673458
7461.505038267879,2234.0462463622644
506.0138712180473,4399.104439122143
8925.114190941515,4739.147504020215
2270.318342822687,5653.984851469644
5533.924402297637,7056.149627507266
6442.8815652777885,472.2863966546753
1686.2821088509538,806.2095217578325
9762.312567009745,608.5915180478074
4881.55956087309,4231.503154649104
576.4269559739344,418.4794488293431
9372.620447778403,7460.812668313262
5862.678431932681,2230.0018103847783
6991.931979813764,9392.124932899587
5251.757899342241,4864.037550971114
8347.379547769675,4463.257524422016
331.3346219321089,7805.386926395003
2683.7836527714776,7131.539838929911
4696.483564026922,6073.090409481429
766.0361631371004,9351.4670625037
7059.066693266583,4222.59260987077
3936.6341405564076,8085.316757722865
2726.67990268144,3800.9294574581854
33.78846808412273,8383.456742961049
7198.303117499537,2594.746289659686
8338.093088728618,2892.6707283603246
3950.4053568149843,6778.6953401745395
5642.179770333655,2127.1329495179634
2276.8662592959845,2291.541870254288
6221.976462801331,3052.6242901741475
121.37458315200521,6789.287696603758
4886.438970987584,8893.880924232319
6442.054818406923,6745.676511269867
9181.91773229734,8278.142443441253
3813.3581712228424,5435.605896944698
7651.902029810298,689.2322134514528
5976.870299435008,1004.6621150850066
9270.121129250805,5543.919783669155
3983.776756594306,3278.009686421096
3190.95339872988,2205.6807363694265
8871.419986941437,4662.569273026208
492.44401408289116,6664.967409043015
1363.853929336768,3849.919477358584
824.0443458404445,8025.4225715734165
8431.099565764027,7385.232465713937
106.07423370319391,7349.148821595668
8616.571554970482,9851.896896773886
4512.677953712669,2952.299773716348
40.25278853970748,6447.255863408952
4016.4517721204184,8554.783401603136
1868.0084104503558,5795.24433913911
6244.004874721631,7895.0217611539265
6793.587899216465,4144.521858399123
4875.275704049998,5904.913456548046
405.1952543966997,556.6639280432828
6561.288043672019,9857.676058248133
8420.387836055212,8000.184814484172
7203.242773264014,8688.090716314495
8299.579189553186,6942.94278142946
2005.0952355088748,1860.5003280869946
8888.879396564826,310.2844241803227
3221.934506479628,8646.566077360136
134.04814251991027,3963.3065373612308
8433.916463290707,2638.648760399199
9418.212689647267,5616.729588389444
6555.581974173488,4208.9852247571935
2314.3663046342467,6516.65995687557
2517.444642825304,4837.932330545136
4665.9287343561955,6972.3314044027065
8978.310796014195,8534.232695091428
1495.9765614755838,1955.5701095578904
8259.73669583487,3294.328805654868
2913.0280870515035,4368.155865706389
8085.861694290978,9620.584480276382
9202.711976015386,3653.3361354748527
4274.938719943202,3810.9984959262956
3650.5065410553084,6534.725229595611
8022.2131897130175,4191.997098899493
5294.82882379394,9512.237456396053
6844.490484631971,8944.68760475444
6228.292369611795,5134.087777756729
1528.8884564479633,6447.7523394784985
8447.903602895616,580.3056188362054
1957.7511141313619,6957.305280323981
9322.821440707809,7072.008729490322
2505.7129142214785,3591.9929564320805
7338.809732737419,2196.8288362527264
2846.5539349359206,9150.784018170167
3177.854085868639,4267.049008051277
3100.018527823053,6537.061048017106
7478.922540260833,333.2879497625596
5568.151179693931,4140.671665768363
8829.524558474972,8172.5881101387995
3073.7271920404487,3875.7600040071507
6919.925220567443,6031.611601368768
7529.485996631107,2098.5580048453944
1514.8211302995817,4165.256488395596
4005.8935731981114,9276.377180531867
4828.174943504111,5664.517497010372
3556.8738989437434,9019.314590929314
3221.125959691381,9020.192994895433
6864.198939976419,9441.478004244795
2158.6639765948858,8953.916600801052
7093.907452511287,32.81129010300643
9350.441963907306,9340.14891581597
5651.9752117775115,1374.5943908537638
6114.342367394741,399.26251111150555
689.3270212408909,553.8853457805282
8644.769036178282,3489.1619517643358
2854.4778719986552,6208.040852687936
6150.511655285649,4023.111965189975
9791.121697448023,255.54284649379477
5955.0260057280775,4764.826341747147
7247.094874643776,4421.3074227038005
4453.196182237519,7568.492655016469
603.6584351505736,2796.1289842543833
7975.993494897885,2175.3117379436717
349.9884126398567,2559.389576766262
7006.578288878541,3037.39822629848
229.21573149636941,5991.6487336716655
8623.052365766705,4715.254854520798
1576.3603583298059,3368.945651790579
5142.714954425512,3743.1415828367844
5971.507044831474,3709.2366015897614
4575.454073734121,9724.066947103174
3407.6348934888724,2329.9698805295257
4678.142961809717,8180.615602722586
3114.157538811587,7082.10837588187
4381.223470808632,55.700056035505874
3589.1299099803064,9931.762181254879
5662.048235071453,7564.393706335736
2379.2416224498347,6824.495863507914
9886.565549140125,4053.247076766373
5008.699533821656,5552.030889142896
1941.6207741450964,2532.7089566747018
4770.667495672725,354.83405145697475
8664.151295248243,8360.21658445973
218.06793124395597,8964.844936811716
6795.541191072888,1624.7063661423988
5479.67796793928,7870.56095845733
1695.5799437013552,7411.526732856587
8174.764393049207,1783.7500193609046
3688.8462237400568,4218.288025747938
2938.0202881550745,4227.579208341033
8281.25191856901,7599.642583052485
6385.250461916646,8376.609057760554
8982.590836748244,947.7512139137101
6298.837036711994,5629.6923490420295
7408.1765793211525,7617.484969288853
8364.458962596129,7861.905940651584
547.3963590993691,1479.935244304089
7760.489588693803,5255.051431507941
6137.064818495768,8575.58706362703
695.0779651519323,3185.1857658528415
5085.779218687151,4251.168989117971
824.5807798395388,8043.585113363324
7359.472017232224,893.195211837623
5465.01713897883,8594.932898889781
9535.735374122973,3111.56716730809
1831.3537157176984,14.503165911271543
6060.334525203784,2341.591450563583
2115.8213457049137,895.0064089550647
6140.649847273983,923.8490699624413
7226.497023608565,6928.3573414259145
7223.043293295385,2139.7633563906484
8150.739906826099,9347.423629769824
8535.502279583166,5164.44546591304
772.7172626717704,4600.982579549185
3432.6715707240405,4342.835182201517
6871.225203598057,6925.876396716319
4985.862873912121,4522.627625236084
1906.759467547915,1286.0035622519183
5527.09570166698,8801.721806407566
4074.356527661438,4283.953489256587
3900.382776543051,740.0457569950247
8097.537174356638,5293.659874977611
4075.9833383218124,6473.468584557034
264.5450548042416,2755.8246415775857
580.6333889109128,8003.404076738423
8562.440416916203,6697.758460373638
9606.008100125213,6503.411692644334
6884.093364557076,4208.249528677942
3643.682941000802,9619.153014112877
9386.003157947274,2741.891679492476
6628.030863757358,5777.055010154526
8443.335491993377,3090.5515747261757
7658.523040370093,7448.04752971554
3791.393157725924,477.9148387012144
4787.022008507855,458.93867875049233
1861.3215436809949,8108.6096951879135
2920.1410044073405,4342.6816106367105
7781.256612865217,3411.800546003557
8939.783918831083,6075.268621753385
7244.604232514118,7018.993438689736
4651.736966566384,2012.0134684440661
865.0926893974753,1854.3124140473155
569.4794869844822,9581.507477598816
3743.255646128538,5896.643063845693
4638.217187676631,3901.1647729426813
6091.206222132969,8014.416946695064
64.8952138699721,5251.589587779172
9897.228904663063,2416.628103745814
3639.388834040429,2067.353056415738
8480.946638011214,3968.592661698217
5349.667056654044,8598.958602598796
1304.394545333465,614.4791604425892
7975.655525345219,2185.260007547631
7098.27074919876,8931.518188525914
5274.36084929228,1217.345689692505
5145.5309133378005,6296.257182641683
874.7960575092806,2135.1136812102513
6558.489485738741,6058.668475118883
9112.451557542998,3831.0416684423208
932.4491922135836,1016.7689643099187
2635.1145064890493,5824.750675541064
9023.079734420988,6830.42747084586
2843.439098197933,6802.7261896580285
6539.436721799263,6370.344090727096
5348.181649431442,5002.247809355458
5963.27605003862,5194.726168593256
4157.889015772531,6356.401098079596
2999.9147055371113,6902.59361746641
485.3345072966897,6548.7673883138505
7442.809392941642,5869.455649134517
7460.934621942268,1558.389848041184
6707.257400787232,2106.1653849286176
6436.337881196206,2602.2402103534837
2437.1713216752623,9196.616570875023
223.4493376629121,7593.950917969665
8087.153968854397,5528.668195368782
4911.385356958269,2520.5692854404683
3068.3813070261835,1108.9152324417119
1019.3190678057007,8987.592259799747
627.215909013884,8926.66015822917
3488.667217951773,1106.9559569569153
8047.370647669405,7972.166660964961
9187.237493338305,4466.4506930991265
8967.513646130647,3239.669328305401
9200.008347496549,7391.045362087072
9077.253431293428,6143.295410607306
5272.2475160039585,7800.301075933374
2194.1563855690383,743.2886063293709
7980.465828368204,3185.870199574564
2137.12974852579,3193.1685041673572
2672.072767565691,3297.530922877655
2332.5432182254845,5024.7987264380545
5149.824036958058,2830.1380308094735
3218.275081690799,4443.836100875197
1541.5604962534146,3677.775931154158
4531.7341189388235,7352.960480205113
8739.07238785167,6035.007956750501
5705.528549499722,6536.294323173154
8783.35605887587,2105.8389408264443
1958.721850791374,3255.0216532688937
1669.73873672554,211.65447612074283
5755.771256984202,1083.747072931699
4633.28901546273,2650.5423198888734
6601.726416469569,654.6372130202105
7946.267910267816,6026.324003547024
7513.072956521764,9981.301159238254
9422.611736585612,1008.1521406538851
3982.5640915701156,8212.302126692652
2063.867422481808,1188.1624726514717
5509.126399478858,6699.140187964361
1107.4312019118559,6431.576030590171
2888.5112333163142,9027.169348111993
2078.8805526314445,1139.4561368051236
3965.637167970809,3154.444660818978
1112.1657500221538,907.7976035468571
318.4174454809785,4073.833258044338
6567.940046300318,9115.931735574448
6102.489782898048,7815.231510618561
7083.589360386612,7229.001004453192
6603.86440271344,5330.27504862702
1142.946811423835,8834.85742335523
2910.7888137564632,4494.417982413283
1295.2660990035235,1496.8566710063824
8429.724020485632,8375.852231207791
7469.036553555233,2796.3832805172683
2015.2700291824244,536.3354102444806
3413.092404898934,1260.3803066879138
9666.149922642142,6090.589161941482
5941.5935787965145,6070.819639211725
8011.555973011573,2601.8317108203446
2645.9103476872915,7271.801479459791
2100.529201793052,7736.401553995343
7839.169288465484,9205.026261336183
6858.724552314401,5849.37498678237
6809.779292117637,7794.233641475728
5526.3458182919385,7530.996797716337
5635.783427765488,2578.0904846719286
7356.975053062538,3102.2592793765934
2700.024811211953,4784.823957528714
3527.6846585695575,190.38967529248495
8716.367705200551,2973.9777315772353
3088.6520101215774,4738.828733442379
5463.09571379299,1080.6929528114372
7026.394640066841,1262.7588777512544
9999.248268331765,4632.367357373411
4352.913314953319,7309.650315859311
4280.928766249438,8337.48930920683
8425.883794336674,5463.1389750474855
8055.031112598633,4747.489875467311
7310.758817345485,3842.805684597552
4632.296374090289,1929.4899243760622
3239.391201607158,1465.620028143647
6087.304825848486,7918.964516618081
8762.23293131641,4650.066322123362
8837.774582085865,7903.202454797546
1084.9834507043843,7040.830359006297
4283.502838131507,1938.9591438337884
4647.219561987495,5103.072642112257
9776.153675237532,4440.1663042268065
6779.9801524258455,4238.735060906967
4072.4641726207055,5425.710492038138
260.57885985593,9820.81901075438
5653.8516009919595,8129.005976707453
960.7597563835612,9037.124316303916
8344.499573477631,296.3958317603754
7525.186605703621,1403.3636679250594
4605.0915990817875,847.636602245635
4292.107795416997,2632.310050652766
8973.389655687686,4418.924919666505
2884.583504181284,6420.532476558896
2490.199621067708,5008.31266286602
9391.97432825762,9031.839149131398
8092.458367534826,9398.559588938637
8206.255930671947,1635.209511974589
1951.9381427592552,8529.129202647851
1432.9599143093442,4817.2220401330105
260.295498171349,4533.294713173843
2370.4150891868003,7849.393484845681
7741.904917143247,931.4050904487658
2400.3841876414976,8824.931274191465
7291.032835948762,6708.6335454761465
2519.082653674215,8752.61607657998
3952.9249795067167,9944.775777076227
9831.622899114083,5180.044523572534
2448.1173128413557,932.6219790892898
3763.7062729826766,1665.238629308865
3010.8718046521367,3236.1824255430993
1096.2498633000228,1035.5294213470956
4898.941421308249,8153.418261377698
3786.906633330023,2968.6785103276848
6948.870858072801,9758.861880198652
8175.945469515462,7025.914319318557
5442.4971449563855,1734.3037025555764
321.9642208733686,4760.426469439402
6189.223562347216,4668.842216333211
553.9073002093919,4925.116583336338
6163.563235990249,5356.911706429356
6850.299492691885,311.7308231773086
1977.6762761751843,6863.011257436235
8193.46148721771,4871.917752884433
9110.851315740485,7909.65398868699
8130.869641138196,8153.495732604306
3051.0919021208215,2305.3512199171746
5866.430124456344,484.22946426777804
9148.151491912278,7032.338561123226
3206.647262228499,9777.627884638743
8200.27822265425,4466.579865809011
94.75131261696524,2596.128095935958
36.467027846762704,1566.7189458348096
7597.116603389674,2874.4559739058504
7614.475821271211,3279.195513714498
7889.771878522937,4238.747434344646
9300.268378881623,6554.071232145865
1179.0631182028421,2731.630560802271
2319.8498498368835,509.76763468675966
9037.249203738076,3732.786115727196
1772.3619777235344,8556.296161590757
6822.29267576584,4983.515108518838
5304.630000408154,9647.837577454098
831.9367685150725,5036.215310887317
2852.6366194153284,2758.988169218478
5203.722164409679,1933.139972452146
8523.501166838341,6945.244967855764
7075.3848961467365,5363.812857774364
6218.831614549331,6039.989289954415
4960.3288994141485,7551.267893341312
2986.839838141343,7259.03464264893
1192.4491131926118,433.6330016822698
4090.7603456609554,8025.719052950282
285.18493911292575,5327.0330705171145
2110.558892668506,3917.085308147726
4324.833758726599,5375.194262680704
4186.051856719151,6124.51448457325
442.954309969924,1495.0630987379698
5890.601535252913,4174.15395326445
5496.842558532362,3355.862101881838
781.0430402091284,3504.0894481803844
9431.630524604392,913.3493840730822
993.8277895086012,1598.434880002304
8548.341512373361,1618.3206758622136
3.0973191500593966,3732.2474322164776
8822.810950453832,8944.915448747915
197.19732204312555,2060.273719209427
7578.12031892116,4161.925076748045
3616.9081130025293,3116.094152991379
7382.1680013631985,7873.833125513381
4017.452054249785,501.2643232081615
709.0792233184173,1965.4339553589039
7675.066953953641,2106.4154235479436
712.5268532136497,9929.628003132313
9221.20435961218,5707.750179663036
509.7403579166138,1389.5826438351821
4793.2527777151545,2721.991392765655
7230.344308507957,1678.2209412292425
3932.4646479203775,1246.04569619448
2172.334745924347,7971.820284078925
7590.909613960271,4957.526286603548
7842.9470478872645,6312.1013684878135
9226.949839543673,3312.5124699199605
3761.651104310777,5536.950860673294
5062.517344973268,2575.690325236971
3631.2844284607204,3080.3627492823484
2570.818218513682,6522.37944366733
7510.329615376086,1503.5012591923025
3396.5184501695544,6172.218591674618
4281.494419923521,8522.348164231273
4036.7365762402783,1204.2322618076905
7126.612256467458,8974.61280569979
9177.956261106798,794.4568029889498
6667.560613073773,3489.09226955873
4715.825960942326,6105.093152379945
7792.051147388835,5594.147601185368
6409.713241221375,963.9107249443346
606.1035711781349,7989.131677858531
956.6358641884165,9731.532931452528
379.1694407363333,1812.282891837701
4568.163262063198,8951.309698154628
8258.534343389649,5568.094421117506
3130.8316935135203,9359.337712453274
3841.6018309248166,1760.859584167611
9094.771083678907,7920.213931794246
8369.034453166549,597.8157544533113
6650.4811238256,8831.964468027265
2668.037820922513,6741.594221996336
1170.414826884435,3702.5478392243003
160.58822680113715,1904.6682349785015
1070.1067260442087,8165.330985672048
2925.964436239428,6032.413213948115
5517.9006357949565,3604.158529480014
640.0008275238689,4438.3582480251625
1362.27778318449,8265.426560723765
1810.8070230794103,3389.271933568677
6319.820929833062,896.326781099287
6157.897989801244,9112.821722034727
5507.6572637215295,3873.437396580346
2505.014246959396,3483.875111152135
3711.19691218732,2043.9961887593938
966.8971633774304,8974.225712283456
2264.6060375805487,2175.0533368783385
8977.052264725804,6366.728680013836
9796.917464358285,8807.65011608103
6476.595856402947,349.136146032174
9168.232920234203,8287.917053001958
6427.419004014251,4105.994216897745
331.9648610546988,6579.745752652118
9967.625849864091,3724.045632255539
989.5230168653491,6955.162563474939
6826.418014450607,2542.9491455769917
2528.3620307479005,219.3054243539627
3919.8111290696015,9477.875147879535
6459.341848009382,163.67764040082778
4364.873493077071,8240.99289633507
2505.4605893112825,1691.375933224738
3344.461868783247,3922.2022860202787
3415.481169231763,8224.923765060557
9593.239045082137,2059.3215031234536
7986.13015923451,8657.076055250358
4585.487714794001,4977.589391019014
1998.2092034136413,3661.5346271727653
8110.16110262656,6624.377467363362
1571.824716083735,3413.8972198095753
2104.622171420034,3472.88358996357
3660.1339184015114,7335.263909383032
8803.4819585199,3098.3222453910785
1317.8666863411026,2007.726483544251
1222.3419285452608,8076.461279965721
4939.74988305266,8053.710337272318
2764.105410936747,4975.857037068693
5687.279416481599,5266.556161629551
4516.366846832235,6960.766257676386
4349.591063512168,5092.742917624334
1119.729704869933,4170.399589692325
1410.4969024984016,9948.941932967458
8210.7857744685,1476.4042785255892
8858.827375717445,5927.279792398606
2346.8353288525022,8858.630260756603
1134.6050152476905,6872.150411811148
534.1667193451061,8809.232990882385
6082.976137418968,3363.347203546726
7153.532125002055,2719.929762602392
3728.0998920320553,8512.723869021047
6796.758674906396,3941.145761854605
7129.588155595261,7096.823230573113
9353.422813969053,1477.4857841411426
648.7363783510724,7558.381253766747
1922.917232310798,5489.8264902486935
685.2598759698814,2686.1163991046087
8679.939333361106,4945.03963958905
7925.871600335686,6969.436258397035
5746.4207062183905,118.86408847383679
836.6341005118317,6374.6705881412945
2733.123586537196,5415.907782732744
2977.1984805851694,2202.861677467326
5607.431960154171,7529.810739761967
2580.4389403671544,3034.6098463320113
729.5986391295484,2768.609315465648
7307.623018532994,4712.183489993227
2990.802116554113,6761.496784223647
4523.741770233007,9288.459758762543
1276.6663498230535,1413.5724313210396
8025.483033945796,3964.6812075173366
5655.318769240576,669.8959251262993
9015.856262098629,7585.507474717425
4954.715630653333,4477.328896813608
9414.256718178798,7069.291351881851
8918.68204381326,3221.9442397628727
5764.598564592339,8443.172414063234
9338.934381498633,5348.280782401147
3230.887472945523,9436.078218236551
3656.4216270421134,788.146391440342
454.77951306036937,5142.768245420743
5892.009067638531,7664.552459976987
7219.239699289334,6001.526480736146
7735.191902421031,231.94140426842756
1498.162860461033,9723.386783438807
4441.590723125003,2982.636930758984
1768.6321209391565,2492.7786636638207
6621.273488542489,4856.598756065795
1579.4637242176811,5421.581075233489
9041.63683956075,7662.881375898254
2306.3464566141333,3932.7365765898912
2914.0226628824485,4399.603764622122
8509.063221509998,5349.59915933831
4584.676101457238,3943.8709974164067
239.95945800073025,9145.48079101156
4945.862512026458,8512.519666342521
845.4333538012304,4549.7369507787835
9853.447186873107,1.9486233731713654
5881.115704556024,9009.344955292807
2565.3261761097847,1243.3657343946525
5637.176795476177,2445.124151940462
768.6710338175484,1523.612843653982
7998.91304268817,1798.1556998102378
9253.280538641637,8028.775378898347
8744.443882061596,5795.014416659242
3417.576022985628,9560.951631253485
3257.681196433685,2314.5351232371645
350.87611216299996,4856.34908131234
6514.003587009167,9774.283690824699
5349.047841897949,8264.435142747698
4593.463713273413,7286.15679120491
9076.30953334707,1889.7520137079193
1678.789010828463,7694.054009097161
96.66266690182334,3475.6512259591777
733.1645212076543,5305.368970467576
2233.714378273689,6091.612130395401
332.8554926345695,6093.637115242541
5028.437106431355,7265.234719135164
3140.9045523357804,6617.020926422056
1804.8300806813268,683.7087931058983
7500.8407494866215,4573.470259491072
2044.5132623253005,6640.216067199793
6876.051009937933,2959.9298216572865
3492.649058476389,3130.5668721638967
5118.277606625546,1245.6754775461554
9338.670398513197,4186.149859748553
373.51634815812827,9868.304343061747
5002.6450747746185,2853.1936128803736
8544.229603276182,5314.3689268609805
5879.742483703485,7432.372527790843
2768.7051696515664,134.97270884270662
3976.8113514503434,9004.39559598299
6802.656287285746,3865.5018472493853
8908.11894313803,8691.159867109822
410.66373746611595,389.47658899478046
715.3882189037641,1456.6355186367587
3250.5152360958755,3225.294544775592
2327.79684437479,3454.6177306327872
2649.3088622240602,8477.942230280165
2212.699986258809,112.01115388235206
1958.2504885515773,6411.117764696795
1306.2396686929178,1313.1243617855025
9339.54131795238,8232.156507110494
1441.8946390615306,7785.732659579123
2044.0377476553617,4999.210274112006
2462.6572398078574,2126.872255123752
9330.148731304205,6344.953909655563
7557.141336010847,1562.5831765764565
7896.9943031551475,1900.2379259265344
1047.5825953849806,6266.899022253577
8363.098750156716,9912.284460886243
4081.93081817418,8910.608372525463
2628.2302621238873,5931.07357683677
5757.500835203105,5385.3676876742375
8221.82905816734,9983.848800081085
7786.521510749094,5473.971476338937
8899.974825811321,4201.165219594439
9281.32186015444,9095.555357753414
2381.2207142774955,2341.8429586928823
4238.578941692716,975.2599029680897
146.28539205070012,6340.900343618303
8793.2165926506,958.49633768749
1545.7215147476754,3731.4853695296015
8614.748123426943,4235.773855817205
3293.8732198659636,5475.380670492332
3681.335899811382,9916.595457479623
391.3225448385937,2209.817233331808
3268.787897653196,3757.56378506912
8883.63682801264,1322.4012441065802
255.47401121604142,6076.135260332347
4063.2747304672534,7276.731823078335
313.99629812741136,4820.768232358789
3709.2342510906496,2458.3126828997106
1726.4064078029119,6208.882691817476
2522.1839326837203,5391.577233688495
8775.98373161419,1711.8572340371775
4360.49220621891,4056.8190050213025
2737.9799140191217,4351.970916351949
5893.383779505478,9826.17753771433
1421.0695983258238,8492.858321555217
2593.9160742085587,7343.707882735938
5462.4796760288855,8887.770255029474
2375.230418480688,7354.84405828715
6791.277374008733,9034.018551257333
4914.913022595225,545.5311487950798
7719.890702546909,4560.662092669166
9482.445357224686,7468.983352418336
1158.0488934740774,5832.957966100135
3346.6500998454485,1751.6616415078668
3195.490628784066,3404.9208652853426
1511.8291933725425,3177.7437502669127
8103.031373334708,2613.46913184336
7598.7870403879,3431.355535139661
4844.25470834399,5148.53288461121
5377.707777946096,8548.69024783276
595.4413800249625,7420.326623937563
5555.0735232704565,8352.497040162336
7913.415240196364,8836.037445630864
5738.275735838572,4161.504560976073
2653.0637012041893,3460.262840267472
6675.4827233433725,576.2338168416181
3614.884299652477,9304.916218764343
5448.732842857352,658.2301793814394
4875.653632789247,7411.355153704704
3811.750009651801,3781.083044655872
7188.779803941351,9487.807744991864
8838.761119858818,4196.02020934129
52.12518476924943,8166.083513547164
9336.165192303673,2826.548321636766
5115.151360832249,2990.8871724384667
7007.318803632652,5955.194098784342
8556.24566175877,9979.826337074737
4671.036923142699,5175.724179791963
8349.740733648903,9363.086363932905
1776.1981945520222,7862.498282487278
1591.6753447981446,7958.643141772349
6574.7136885615355,4359.599891287641
8701.430055517372,3865.4225017280064
8924.261775360394,1919.2180809081538
6437.404583772466,9639.412669836536
5254.892302093175,9593.9361244382
3313.930876965162,7470.677343101828
9800.004155993314,2962.524498526695
3196.9568666625046,2451.795403422822
7441.861072315932,9886.10242386963
5319.8179990500075,665.428151081775
6085.123425253467,8435.64292141309
3934.805505886262,3554.5800048247465
9648.231254722477,4188.697197272205
5716.823260992711,8319.776487488372
9377.8763045879,906.0301600535803
75.91416173914124,3541.6967852025714
5726.705831911209,9520.24277169573
7171.868897252714,6990.659127712564
7450.80171162218,7549.391648058904
9049.768817816814,7575.053009554764
44.016090037862774,605.7008316394453
3.3015925947643687,2032.0759326043114
4722.634607952153,4912.632560812118
292.9370500537065,3681.5023247537515
9745.325536623746,4109.122931328535
2220.65174541392,7814.473786256726
4726.647293648447,146.79235067735274
611.3763001222361,6604.919263212388
5220.484161712585,1.1023180182245795
3799.561251474085,630.585255762437
446.60028877223755,4082.86119837624
3351.2426669622473,8409.485198048214
3914.3602022285563,1449.9576556446048
9899.2149127494,5546.214091286116
2078.8587191937545,6785.052268267442
5447.796153700997,2295.3288417216054
9873.155491986287,5123.30255269583
7920.192079401351,9114.072831381924
9933.67500882089,5122.285253655327
9682.983146601693,1573.23061787648
4895.395420941543,6278.142966875447
6963.758498705658,5922.0018000851405
1104.431269411511,269.5475979813122
4411.488250468019,905.9440574756661
8090.185422666975,1567.8135514101077
5053.353209771434,1362.8907756186993
7026.990328172319,2594.657705609331
7457.51329984277,4541.05323235568
2534.6914124289387,3717.1629789898443
8756.993729425654,8906.49891404597
4598.22430909179,6121.094094063371
2101.8510362154375,8761.443499618432
8654.158817884438,5270.393249175989
4178.188061062537,898.7047068933996
7503.124383797197,4632.874490664348
5480.330722215929,8220.325468423649
3818.7175223450045,1941.037671671081
8098.764150385693,912.1427875264976
5844.69931644613,3294.347383382601
3905.6210242703173,3888.978306401396
1095.9787033512703,3062.576764059044
8954.453137667078,1352.40785624556
354.69585341666556,2508.3985972171454
8631.873483680562,6822.824046021103
3599.6152488315547,3859.285162931639
6393.387635014058,6325.4944461855575
9221.997238356853,5363.037799187325
1517.066155038984,5490.52939857669
5669.504756388102,2485.49557947796
7644.32862370192,5215.4303276818155
7575.838327190574,235.94713863201778
5256.319145995039,4317.437423249262
6247.394599064581,5726.228231899151
7575.269941328445,1819.956213541093
8410.276377574117,2565.585062489514
7618.130968758637,2195.310198156194
3540.0494318124265,705.5795526542419
9967.264010577332,3478.5732114009006
4345.0269371930435,9789.657664519395
244.64702758933421,3538.804064636101
3626.1695158546204,4605.366218369756
1277.8295457384324,6530.872509563752
1214.42615728375,6484.977511691071
2815.3504010689435,9498.949800186241
533.7549417726084,8575.641403991252
6885.121884095631,7939.5068710515225
739.8888420190508,9516.272257783106
2032.8955543595616,2307.653854831716
928.9971449411938,6170.541946217925
631.6773090303108,8871.967667221563
2677.516655395417,6241.381582781019
5718.9896766037,9774.204746068695
9646.855564468417,1003.5271390637901
8755.566543496063,4393.305027932003
8759.339254453247,9773.629079086362
1760.6703603765761,3795.6802856992576
2649.071934978201,7395.563750993044
763.933167953057,304.0290107864918
7784.683399151851,6948.37114630313
698.1630148556195,9346.267325275785
5566.956708208532,3827.062851900027
2478.7557232395075,212.99837926929465
2434.4563402874473,279.0980439548385
9907.25055247605,8920.23305711089
7567.7980697853745,7225.161070962618
8369.393582910501,1066.8638422657984
5719.826853440127,545.9027705119656
8710.142873937491,8048.253636154794
6454.905391663529,8098.60632805359
9461.737047963454,1205.21839792049
2813.385860456368,3015.2040388863675
5953.195457828951,7800.260645738896
6901.313479368921,5254.120709540063
3929.373050278067,9565.848607252994
8797.079824040533,4810.62645346005
9798.031631041544,6769.579375655126
4937.694913726616,5097.833657415842
3906.4065480433906,9429.654956850458
4719.379285564587,3986.5909206760884
8527.367457319317,2297.9645517860004
6454.684255181676,3266.3386028099317
447.72372518095074,8527.752041652293
5421.699104457149,4979.3856351213335
173.00122740969815,3542.52303502239
7785.3537100340545,5442.600218094829
3283.122735424637,1332.2970727684235
4720.0748211732935,53.59304625596084
7986.78105907632,2805.8468369349075
464.48817285761555,6050.057197835424
1585.4153559161043,7116.807696613872
3979.6037644511484,8266.109663519666
2299.251635455606,9266.635593944697
3379.014257750631,4121.12346964768
9981.74737892465,7405.167995574547
8254.144375738108,746.7293019806253
8839.018149601086,575.2999877208009
9370.546335657753,1247.979919861566
3409.3588031419563,4485.6909783076235
2970.769577964727,2112.814384987499
2340.624925720749,2869.249419378158
8301.169113081225,6478.801735123026
6795.51862285185,3585.2217880284597
2361.7198248287727,5573.715577180222
3769.938292104549,4124.037567365923
5067.117639327983,1689.6925551981956
5281.400572737537,740.1999025589412
8887.277285517146,2362.3149530988785
3805.6613294721633,577.0046949104435
9085.240305005123,6186.119598898069
4413.675603197897,7957.176014661004
7463.726747923538,3397.4076823740083
9302.543199850561,3871.1105535235824
9075.757039632663,8161.910627593066
569.5286729568116,2226.129123735603
2057.0429497656983,1191.602651948742
4769.0542553227515,5011.181173310864
4315.542899531073,6461.901695332372
6408.91664837207,5996.544250464793
9447.090508254123,7138.730452741808
1124.0471127794883,567.5118217302388
4518.586651342404,4282.016127583729
1924.110378871393,2385.705239456931
8941.075983979475,7591.212595460242
9645.801858016528,8727.304840603496
4787.016818903501,2813.357408064149
1040.1029772814074,952.1807906940827
7852.946667226733,2534.2796199139684
6971.41350492399,1040.084890589197
3546.7082661031045,3224.2216611345375
8874.074739689635,5381.985783218257
9758.318897827072,9736.809543982064
5578.538491301954,3993.702543513585
5657.2791134429235,2200.399238546211
2975.135051137778,1668.0174037083507
5845.060359833142,1730.39766138676
4396.423205248465,1925.976832614592
3021.910269280519,7622.670225374471
671.8519652390131,610.2771143241991
2527.078597091249,9974.027069430342
1978.5464967766443,5226.863911662612
5420.419845539489,5442.718943008257
6016.700217635938,3575.638786996048
6085.717243060165,6902.553594121205
3881.810010456791,4714.563408807977
4212.29733685496,3290.612849645498
8342.3842964064,2651.3840370804287
4762.328135171624,9256.512069332595
9877.733321371225,2909.895150524202
4396.172300088649,4363.93259429842
6495.80944617839,3503.4140211646823
503.62998993395803,861.7882742803596
6533.399244188108,1859.3439448226711
8514.263944150061,1895.0197532638201
9424.578385332963,6936.495143896548
9973.206116397705,4065.854099658092
2821.786456492331,7819.675630706586
5753.700648257169,7089.509243341569
4507.179855321474,1920.4976639603765
5638.17480575171,5629.169201201006
1574.5295718984664,7429.088460488028
8561.495725959416,6330.42923475723
9095.689433445876,6000.1650808798095
4496.616631129225,7396.108874007679
2804.2986157357686,567.8073925630689
1408.3342765301231,7314.219473614328
6837.648247778045,2726.5526315342836
3122.318396207352,5718.722545093541
9095.385699133887,2423.0499469650745
6710.1247484487,8388.175722068376
6456.853251742407,4805.593543007561
5594.021158982408,6429.412120249835
457.7633942872561,7940.820434767281
9319.22435685587,8953.152550713643
6279.3749329946,7320.62097069341
9940.619833831104,1487.6857619040572
5373.564047728871,8545.323695857865
7101.1089190621315,6185.779158655061
562.0955786622217,6094.497583802736
6317.361768234109,9213.405598049216
7646.496115903573,2488.315556658831
7785.142948525573,2395.876184940333
7701.116522302855,5131.935546949619
2262.8262729366766,7508.630665348651
9753.984776052259,4472.407082285092
9951.821206249388,6338.913898924023
755.9587516160127,4525.2472422271885
9364.464228117573,6103.871804869687
2894.4919430436935,8222.623026137111
6892.840817509647,1804.7669609092331
3381.1092073613213,6953.785340059841
9677.543233731216,7874.257393381833
1015.0385830353548,4471.114074817825
4977.46816956376,3232.3357706785428
4280.477919420747,135.4432392440208
3260.234522779849,7971.050223340935
6455.339908801487,3279.3865903598808
1310.557434216675,3573.094694080502
7166.624181336969,3360.0616309881225
9805.921238047873,4987.393308123381
8045.587144686301,7024.9957321907705
8600.167529095454,7718.631310005108
3596.367431790025,3925.7072040315834
3248.866064812187,6631.02035045169
5170.483546901332,7206.8425027131525
457.26614762272686,2969.1733167738153
9453.581344565326,966.2146953709328
1437.851730161922,8946.657206444625
9030.130391680925,6771.159717815929
835.822220003557,6481.104088762914
8226.2492767856,589.0251521197798
1519.6252587821514,8178.730575039264
381.316140914727,5660.541560860532
7194.894502594087,8478.844173175661
2802.653001744283,9745.611837367614
7144.961527843495,9571.003208802422
5550.852504728197,8560.893463902075
1088.0739023006558,109.47373831368901
9321.300733011638,8857.272082369565
4523.141747634776,750.6231382764549
7344.47277798688,8511.939701767673
5010.205720156251,2801.7406861162362
6043.6147496120475,6100.683385333677
3027.735923566924,380.6823114987967
2003.6030400345028,7711.8169611822805
5425.7020340806785,1117.0612223297148
4402.1897297100195,4106.881716757719
3901.132134339331,8174.460023253014
6725.67195094623,6953.489965083351
6905.066320111359,60.4269685806691
459.2005609126304,4030.3233454254882
3387.4449424367212,419.27516964508027
4117.645502263774,6734.998608184691
968.921611641681,9689.484917533215
2359.0086669828834,6552.612623007592
516.4179722275663,2243.724311175558
9962.420986170206,3552.330320665401
7365.5720296984455,9766.505556584678
874.5015650275367,2240.5241203235005
202.49379790092115,5615.290730544427
7192.878001522802,4004.5380868174475
4391.921656826669,7683.152979282217
7867.9670906457595,8673.89271979887
9234.760378183837,3408.3727435029678
5993.003890163725,6603.963636993826
1871.0842291725305,5490.476975177273
7821.940360464526,2784.444900554334
9558.117431743745,2719.408028130017
5802.31287059956,5386.316475323039
6819.974472807336,1540.028735322998
3374.7469503667303,8108.098964824715
3815.2769466031123,690.0483920040201
7346.544978530639,945.7448620831632
9277.710984068191,3422.2630892726756
6289.883872243522,1180.9175819713337
7898.479084853475,4757.0002125549245
1716.3501741537302,3996.7589044187034
2119.5909025797355,7218.09795885717
5320.346868333901,9530.041552097204
1765.5419224284053,7535.585847391259
6349.950702209236,1794.4866288060434
2916.53185394699,9355.21285464403
7915.32618666892,3921.3343255306722
8081.103466143434,4741.893609269129
4637.87455755353,4215.762373706355
1808.1063503763528,2805.4702328771896
6467.749610819325,8950.44287797484
9927.870182635865,3322.388658966161
6225.908979425233,5785.964696795464
357.7469071400785,2400.335843743302
172.9397576708258,7973.753747701804
3203.619704923062,7741.986595291865
1957.8380686040487,2963.12138447044
8130.5120714330815,6815.540731434537
8448.056670360005,7038.735330949497
2586.1877131047618,5625.114161047662
3256.447769498927,6005.983822716702
2362.4696771511467,5744.546382907958
9083.82547371264,818.6440399484562
5026.493346222822,6702.65344713785
6561.370440820199,4697.750098386912
4154.820866996033,4384.5728054141355
6310.141935045312,8599.992187818007
3858.553767217361,232.26713461117708
3396.7843772922547,2513.1491795875518
6344.800731734802,1214.0349984274635
5910.620780489892,353.4104460972576
2935.2795416794966,2756.7699767594754
1493.484503194734,9884.762727946776
3685.7669383813763,2702.291732075738
4151.976391419093,6637.058197957714
6286.8433342460485,1182.9889004072147
9145.287636368637,6018.4763004723
361.84797532925137,9844.814831383133
2436.610125418449,2918.375234604653
1937.1594227956034,8480.756163755828
5022.944086937836,9975.713803665354
4297.008070431598,5885.54088720744
7290.376238201884,3094.0110042803535
2424.1591254486384,6735.312598991562
5944.983657497585,8448.482062686187
8838.572635999593,1713.5024296197832
9106.777399183047,4525.157638414533
9587.846047250312,3191.8771012384095
7732.6115207998855,2833.589969623799
9059.87906258915,8608.212607401727
2345.3087198527423,4216.540068218385
1975.8094435047701,3390.763418039128
64.88083780526455,6035.105414260137
7068.443574290984,2194.015796373813
9374.671878137444,2298.9349056807896
1869.3534504167642,5202.887308715046
6369.4357542687885,4092.7272864618412
7464.597592217776,2949.8238392232447
9276.142351480565,539.511322741022
6468.602240172217,5207.7423863852155
9702.937327487523,8166.092056010751
3446.7314101254774,8513.772052860579
3499.2853377140764,2354.399797260802
5430.125100143456,5996.412039474883
3835.018811159071,8558.813094629404
14.257282875326238,4087.2592827626477
7317.720250869874,9321.368173075285
7517.170414784834,9029.78529129553
7469.7460468677045,2081.3389741880937
3450.206666104666,2589.648329002038
5222.89473311172,1804.4199864596887
3599.7351817666945,1960.5435145470228
160.3640003064577,9078.62087173498
5624.489412714188,9311.37909192623
1237.6066608401104,518.9724118513095
800.4132409144061,5936.033556722048
7554.990686967872,5642.315628575716
95.06202418105624,3905.4764672445986
9590.084436087262,6316.97592823107
5152.553641125769,9473.678255108502
9830.164307061485,1702.5488272214618
579.9757247270843,1204.1090971645563
5835.295488659132,333.9057082897567
3493.270359759112,3638.3330784014347
8434.824928142858,3376.2847707786605
3612.2273523428626,4308.196881586439
2604.875790573491,5033.100308809489
8575.531270999132,7578.2399403045465
3746.53091653261,3921.133904575184
168.33319860561468,3306.1310936123355
3902.891008393338,8268.788202596268
6545.222690109419,8497.966706536563
2543.5953880638185,2327.659642933532
4319.8759242515725,3146.7182271130832
567.1513828222552,8251.163709100883
5880.927915139572,794.0824429776483
7562.949238603937,3258.4678039073788
4133.125614011103,4483.501070408612
4202.3263280146,1870.7161520057102
882.8249858491644,1799.141966106982
2019.4086451198257,4248.620580135287
1546.7530312791266,7545.217247348557
4816.877686615379,8402.329795476275
5292.555409507501,9792.350925361734
9489.4013128426,739.8405009171904
732.3150427723391,2166.8220114599267
5998.679731550472,7566.298423841978
5264.985273282413,5405.987060556618
5162.330979358292,3276.797739624182
8731.592873828264,2055.896612472435
2055.3847069548647,2804.7755164244804
407.73274341371456,4292.889503009519
6722.715076341925,1771.5121950603275
3451.5746413598013,9642.259558767506
175.89916212524594,1075.8844459987438
2513.7400729041383,9855.77434489219
3093.2677421681187,8418.932860006726
6168.383767842421,4231.516175137391
1725.857940492721,7398.163343882102
4130.54347953398,6715.15243696386
4824.754444178325,2132.8691794893093
4592.373913640909,3390.700861189464
9739.407666667817,5131.225628054579
455.0423779029611,6378.441798877269
9509.681864523993,5428.949813566215
5819.372139940333,4729.874610064739
7957.277149698383,4431.522734549001
4303.9261801607545,4982.64499295018
4538.378812569805,4343.515198459703
8793.264990158235,5413.300775457159
8959.344962919022,8879.852990466668
2386.888814312976,6328.293130546116
1992.4187858461817,7226.208749885401
4962.351738699511,5974.831337307765
9002.770271276917,6430.176824140022
3223.5509340617627,5783.498284481801
6520.146153391313,268.66522195823194
7081.516877406011,9995.983822000198
7786.746648941558,336.09240212896685
5639.244579209632,3951.480082336537
4024.551782789696,1051.1567829893343
9670.159887989728,969.2845044093245
6113.307533028527,7935.269516744836
7285.652116332708,4259.257793580769
3449.8284569587836,8011.387082987649
6699.491810030801,2727.864706808315
2577.976621641259,2564.627918062348
2450.9691752863614,2512.3138181446216
7147.222018094264,6161.456264079193
5213.947362629351,8149.993898456
6832.766104223898,4522.610100752406
2694.384907480917,3792.488906410824
5987.233410567304,9735.795542016493
4439.336497031126,1167.540360116388
5969.602868455279,4866.326820448925
2908.7973224421935,4084.877531814344
7154.509636491239,981.2659658689038
8059.2936615946555,2682.0036208821916
2599.1647385772367,284.4121257911203
3006.2055985564207,8769.54288982957
6611.54269719093,6078.495289904011
6955.851743035441,8150.184978702508
7040.996843974501,5215.544524029898
6826.985047758369,5995.098294218944
3928.077169525388,7008.544778091648
3948.5367440367836,9080.116274642149
2548.176236443814,917.5188782584576
1568.3369989636299,3309.4839473572692
6925.773793969057,7090.261907000005
931.8878597231284,9583.505630013928
9377.922867867816,9808.074284900054
8266.863036714514,6381.030091372623
8575.05739957256,1935.9847775486728
9066.688146151902,1192.0891141395673
4086.049707232401,9460.436442804254
8467.00723350401,4339.276894625074
1580.6130029164933,1948.1603326268482
216.41794608235676,9338.925157776011
7848.913946638501,1045.2427156431188
747.966479969393,7295.710968570751
9885.246673259217,6252.630275433342
6747.96429601556,877.3466438089183
7534.497102421055,3387.4879563944214
2458.0385627786595,1499.3068954001064
6738.653939196882,6044.985925331613
432.1993725495721,4771.130316774288
8378.257199236008,42.75124660490959
1696.2409303157244,9757.10566283908
6973.580668337706,3495.8464988954042
2244.8050123272833,2582.0439283705
684.5316942604273,2224.429557941027
4814.936785493943,1588.1589617356783
1692.8621027278946,9991.370762165097
7294.439883265498,2951.0946788160486
2375.6584338348484,4055.1349722428163
3424.7255623582882,8713.55916178089
5674.392512644729,6418.875035428781
2849.6827757731157,3686.944117452725
3779.8811620996166,8983.28435923853
8156.2177104038665,7497.242022136002
1792.098495610257,2279.0050754169965
822.0158948193368,6437.389945999204
3283.577851330193,9223.984982924016
4243.767670138782,4964.608784504126
5426.592821365677,7336.124028316672
3724.2369617500703,9711.037439891592
7899.117002228051,6904.1414089521295
393.1948766847326,1024.3868976608062
4317.675381985579,2445.5955093128932
3822.5591465640464,5950.964373426489
6475.78490806859,2755.558153719061
9662.76251897396,9575.417053891399
5103.754066288621,4053.520340221738
9868.768469417206,4572.30405732365
3022.4939491319747,7016.020934701172
308.6813254246101,5242.497313418741
1656.6316747641274,3821.4596688876836
3951.248847745673,766.3787515457876
3163.339091885522,5964.455895078639
970.5413098337767,8675.800307940346
4326.601076907168,6857.624417600562
3381.1577165956273,3814.9501004695217
1226.1922045743845,1277.260646231294
2961.171306119089,8163.381869042439
8864.360553553905,9417.483622312047
3020.488654893402,3882.7299079626478
7139.554232420516,7286.421891840615
6120.470796577556,4107.634398907557
4271.811624083718,5022.669388521994
2390.2563680366916,8364.763806164097
3690.1469934594543,834.2434221115358
5921.072134710428,5303.353487867051
3507.5321474935495,2146.202746712225
2148.9643357423183,3398.0594549576235
1164.627488916321,6444.288246422742
8797.669379095652,272.2841233684836
4403.1297575190565,5938.250989731627
6252.083217429301,2834.422394537497
4904.103611368053,6694.843608080721
8725.665183579635,1415.813519130542
5469.348524482109,7358.1160381617865
4807.8141794911335,6456.397197629782
9246.009904217126,9712.418328803511
7196.895960453546,9112.35363258148
1115.4990734685732,2833.0286319970232
1777.0446119681405,273.1657272543697
7871.228629394419,6553.6856111175775
8358.513211799544,6028.873890046725
5451.908290902965,274.28768766446063
5544.552278666392,1226.7752920259268
6319.329628514445,5847.017045359856
4391.1577428263945,9118.27264043492
6801.99123483904,9065.00276513407
1084.8125756641568,1514.8505461207485
9612.792423673864,3845.7394640524954
7501.548237949217,432.0286435217402
6311.742040090069,4692.71846362929
3163.220570094807,7530.8345967320565
1609.5548745672916,7899.727113656114
4093.4296382894463,4989.8946659657295
6615.767405740585,958.6967470821838
6337.097434231109,3813.639751815664
3826.411550655715,9321.019599743644
6132.8639383312975,2296.125565197147
8137.482955675476,3197.544499127265
262.84772337607063,7468.2717546307085
4506.2104793027565,7335.807888859382
7585.5522846679105,9122.022880249324
5461.444704633772,3881.1869072037543
6514.760879290699,5145.987238742911
5166.763926053421,4673.924612204776
9918.74544682311,9277.521710224531
546.2153648903823,7693.305888246347
4910.448217723773,8314.417798338483
914.1654911451768,1330.982688294109
1597.8556211357043,7918.466928681599
3830.3835041826183,4329.78766057497
1555.400915004873,233.38682830647107
9636.87165956651,600.8835274328461
9467.89776725159,6779.079397348445
3361.096462206038,3720.124411459699
6397.477120376796,8681.155732234804
5337.533205937861,7342.731338758665
8155.869805157686,216.80011666961764
6274.456098169422,6868.88311836002
2.52454490562104,1923.5247273235623
7631.743856097388,4225.825687039121
7468.481212961181,6247.352021229627
5097.22705566481,8727.178412956928
9029.189732330538,4560.9788839193925
9084.462056904016,8084.9045419113445
5239.116767043972,7829.656628006328
6079.882311965377,4145.385128512583
9965.220719246723,5009.801634329028
2988.202348114175,7004.850100498131
3246.1724231147737,311.4843464693973
1827.7390266349635,8908.11413799246
8958.66939157868,7698.161594376935
7444.883899492663,2494.158814023304
1056.428488702419,9811.799531889756
9817.673511979656,1793.9035258961878
7309.617081611161,9140.866737044018
8505.221096049745,3244.7345832311116
481.5078917320092,7631.467101641359
5049.609189421677,4563.765932479451
6985.9828672703925,7364.673874500022
5429.465845718413,1557.8304793936627
6666.474656992775,2695.064583864828
8178.740635904725,998.5782447202563
3743.370629601962,8651.43981437803
8486.686756187097,2962.929877694993
1629.1610476529072,6944.762294166634
2708.8605502637474,8202.211977415282
433.4561992732577,9014.18236379346
3644.268113352511,1062.9711531171781
3799.095448241203,8930.149335126125
8052.705972072509,1972.5277773071948
6531.30670289656,7369.020115909616
4367.225581556666,7288.490193646112
6521.139786237482,85.03141740954234
527.8335051569117,2206.2390831025423
1802.7153601837608,4919.085146648673
6269.47855241755,4200.347066632821
6413.668192253022,9185.734798846095
7741.346587074271,3597.4086950252317
4029.997590536022,9369.837148359624
7225.540966161562,4594.293183925311
6839.803325601894,9643.528966401658
9633.93378369849,7373.548100248611
2151.3022642467918,8293.34591632156
5516.795637526395,1048.76888349001
6017.644421104693,5861.4143324236775
9986.478849342207,1427.003598293508
2011.8414216665171,2976.210020509741
5232.180199672922,6235.654061672681
3461.8530771363885,7262.257046938908
5258.929685789998,391.8378201125083
2321.286021031059,5309.437310723647
476.12378427488113,5653.139862898864
5725.654538976889,788.2799711020117
3358.5431586083214,5006.880342007636
1819.4140174843365,7138.422800498265
3239.3556607803375,532.2728487553097
492.8020144774492,7602.677763239621
9504.422340901034,5764.265049041368
5811.479149732605,8332.27208271791
8147.686813470248,2180.6257285406996
4231.181975477304,8332.736842131184
9033.146675661857,945.6097526746798
4833.182215522534,4038.296964446714
5739.453222006694,1994.847915246485
4917.939800626568,8760.208322908742
7332.782958676516,7049.198163017738
5666.560776020624,253.61777160728184
2715.9892358039774,95.23355613956119
1455.395313226463,2912.4925448166973
6061.2438888297775,1432.8311428056538
4891.799615470362,6303.0447756019585
959.7569669611295,6637.969338825598
3956.174657932684,9419.509036613676
5147.764220004536,9520.399245458408
8268.9323382559,6588.967054113456
761.0105583336235,56.75112852708719
3484.953482460029,3589.9791656961434
8226.561227103854,5131.415132472662
6484.239317715787,4991.797565084659
2899.583218037868,6033.406295022267
8453.351220226425,9605.514828047604
4932.935805626924,8851.926919551539
4983.518913104605,1089.0803345048828
9765.873392003843,2659.8039139339326
9471.165032363784,8331.094174196363
3585.326833698439,8243.06908819207
1405.7912866308232,2753.7072412167095
3256.6673227809406,7305.880306861195
304.8326031138804,6720.373787178573
207.67886710391204,4735.239649699615
3955.2213625141917,2014.5495267902936
9410.198226972341,8886.431808940863
8713.573412322077,6778.511843068348
5114.42833917623,1689.929248783747
5652.263811708307,7048.023448408608
59.33496746056477,7414.337195769799
2155.011558337655,8868.802851210407
247.74126934383744,2228.392552419349
7545.395326953875,9887.541054134066
1456.4579602649774,1533.9342252692122
8690.471024768169,6006.888918595831
6433.243136757882,6571.765052734785
2294.1867651571333,4189.528952658606
1577.2031708324973,4750.377087703865
6276.247009230531,8909.100967221373
9008.369802823236,6452.742296654619
7183.602189143816,4970.009582346863
3485.4665160337763,1283.495624335247
5873.8359526864715,73.37625223134636
3107.6169537242135,1249.6861815183347
9991.495667786588,9561.845674765054
7488.3918846185115,7640.867829913307
6143.816397567536,9671.163275102477
4232.591427658292,357.0870970817186
6181.522902595573,6802.204038586392
3416.1606246733477,442.9352640341799
288.6483945803076,7820.564688688231
3950.8852235663285,3809.501727351943
9304.808195798669,957.6536010649484
6263.010947738659,5680.466417875153
839.5570307090161,2801.201966013881
8849.93613395026,6595.739418718185
2688.7484934151485,6581.747595137904
2437.694930827274,7050.074741207528
2970.9096878032083,9924.65078777759
5772.022361259575,3866.977099474054
5446.880934339766,4653.154744851009
4914.137546228817,8046.117010253409
7175.36863512627,5783.700230218853
3165.3773133495897,372.57210687799636
7820.645215724311,8430.785202598565
1753.2167837859913,514.9868193804097
7826.2078907700925,1708.201364917843
6638.101052502829,1020.799669741872
6832.083095475865,779.2713288112019
4815.5339712726,256.848753047102
6670.015326808647,550.2771397236738
797.9704655945741,4424.3918917881
8515.511170493672,2528.522699826139
555.4723348764601,1265.3688341881875
1487.4150987149749,6587.055427265261
5767.897084972363,2261.119106342585
7394.114554566915,189.49155344809455
762.5156434625346,4184.197837673277
9207.648141223199,3104.329919783051
9736.076488006986,3186.0443134649277
6059.501730077111,4452.700281815614
4812.434553768366,6689.139272342777
7413.949722797497,6164.79120037994
3283.573523272054,9372.616097888755
4932.644341051065,5177.166663025215
9161.510268144013,4725.699097250722
9556.554252415335,2134.1443521689694
9270.69116051185,7553.812888481568
2624.4806696384017,1407.7577621428472
2324.690402167634,4911.328898204841
2976.645059293143,4213.221983874444
4413.111123884602,6583.008784044032
3141.674127919636,9176.214699566588
3742.1279573905795,9465.955914982225
6206.369521207595,1677.992671631584
7625.256770939759,2618.1721826717817
7355.58198267917,8116.3531996470665
8144.23567079152,5182.797624491928
321.8440321540217,4530.345683557319
477.3378967875608,7106.254523807059
7893.829606886294,6019.249526069718
5330.788223246319,9707.140544213345
5781.406737621203,5839.7465228826695
525.8686021437709,4659.738263472533
2553.138011712709,5428.173620781757
6383.543048854777,8085.398166969733
8591.81890110676,6126.750567852208
9169.833971814025,6470.480913867177
5004.194958350818,9714.38880036592
5454.742327381976,6183.954844254573
8330.496310689909,3802.852483345398
5376.246007473546,6913.260270127966
5168.585255373174,6594.593969773114
9050.840377609537,138.47635506381906
7899.327210558801,4673.292967858331
9090.725263612945,7429.036028823994
2182.470547811538,4990.41457721129
5243.754866553567,7796.211359353894
8424.72128593358,4508.836964276144
1111.4782746710894,9833.215976372358
7946.621542939618,2928.915892038887
1829.7338341486945,921.2260814607354
8081.187549853212,4300.118011540973
6120.009375568681,5417.09024873919
1932.3599148486715,3490.9373168246148
4733.541793328011,2422.8116011795896
6819.051664607716,6720.586913854891
6338.529008835424,3771.250998562521
4272.471962317044,6313.685291006369
8993.66528920927,7790.714485987759
5192.634144878443,7610.026277600237
5058.672985286884,3753.093106356913
622.5058994145427,5678.982289501747
9221.203897976371,4496.582244427424
1771.16568678373,8708.052527096603
5283.446934365542,8787.584797999993
8035.676014003101,3437.415828880368
2154.5327695564333,917.3744787873072
5273.732899708411,1675.8248332401947
2406.8490922334086,3670.0174213088376
7596.949977999117,5642.499547629906
5643.411678731507,6567.870109644293
8559.758603951435,3313.7104628600023
8945.58002877383,6674.991196239858
6487.334824453981,9377.39983673756
7253.912461589444,6520.141271689505
5492.200998868637,1585.6522944435126
3844.287330673829,5796.689129776276
6481.179230208346,5418.9551676698275
9082.88623487329,8707.001108984206
4166.80380431438,3503.0305521297432
3144.1002637379534,4229.456100566799
3884.369385525741,5986.590554864937
4353.976302115996,5244.253117420254
735.6102897771622,7190.165924051742
4984.418404349944,403.88990912495814
4943.142480500596,5635.160192069598
5884.438276405232,1216.7189300387527
3628.200304713315,3152.0899251972132
6131.0759595558975,6616.268615323904
8782.16310274203,1574.142005921777
9554.709904951642,3088.4183550462885
5836.122161410496,7030.06482835312
425.9095397031309,6508.052425268339
9692.359972671089,910.3966920973805
7058.620608962562,5772.684934923239
3359.6364855365214,1472.5446191863944
1471.577009637234,2522.7137871449268
1434.1861223627495,4592.112786357787
1677.4440613960273,1093.468232981891
455.72521613820305,9936.469679185668
9021.541886529116,1653.6956105400113
5407.682328273363,7813.126284286044
6999.594127138372,8298.38845023225
8281.085092683075,9944.639698960014
7915.410063332002,4286.532178522684
8826.056237288416,8740.9452013934
9672.546225249518,9575.39439016851
4390.706147419395,1728.9414489466715
9503.354666683905,4794.360890595326
7232.899483428164,600.1081885608772
706.6819030807848,6207.240120242016
6817.831212123454,5814.061568565664
6867.166596048486,2041.2628466319716
9058.605637925271,7979.027588941261
3729.3213247009203,372.68722763539876
5849.115002718178,8062.27324127557
121.87551011742515,266.4529116386738
3320.75242181336,6568.288121363503
622.4372615878093,787.6951391490128
5218.72972764897,2512.2551931232297
8174.476505069532,7219.133493118358
2064.4269212906897,2804.047996253868
5274.410455577785,5111.738487177347
2040.0863651076706,9152.482695201144
1206.8846784624043,496.34354036578344
5109.967919343424,8110.797937356735
791.4862094972764,652.7199856848953
5873.546311379893,1267.9484433667665
313.3746067672627,1193.1910388921085
1067.1497186837553,9941.022832107261
5499.974854873578,1801.863193315334
5914.074128989138,8967.618462562683
289.86930093758076,9909.321629465541
5733.7678800155845,3837.84770412298
8385.02525323637,6310.485435286854
7223.161772939539,7790.912537636125
1311.8510392079863,3926.450818362083
5924.746475636149,1618.1414049780728
6722.525000742135,4337.627437925612
372.31201752291776,7718.876450029446
8553.476686836226,7807.62762748403
9062.673972898301,2305.3879217091335
8504.522733622585,1749.6563989074655
8246.314679891133,9205.607021003498
7449.651984608932,439.99030558310557
6334.320312819601,7347.384757650869
6786.270049882519,464.21385446754005
8063.95293334983,8379.000508609879
6624.984583613046,9054.148133361019
3277.2695668207098,2974.19124229099
3759.6110216135394,739.3564351669756
8970.574683722922,4806.8453634742855
171.220857971619,2984.630367454768
6988.20581244282,4171.36142810379
9547.775524252154,6649.854534886802
7062.281699579737,2098.26035948717
9939.11988231782,3569.5156951408635
6875.449055283308,7825.6249029267365
343.63029216861077,6437.619499528217
8270.098816469235,3262.7549115123866
2846.2991193931907,6643.0160025992855
4460.572256644409,7653.129228919666
3120.9191590708206,5924.855809527875
2685.5410620967946,2394.968325010085
4314.057036697854,2.4529051199306817
3787.5144844067377,8028.4910698828135
6333.385818425894,8226.335553161645
8131.512009875106,6976.045013943621
2970.8865318724074,765.8093136761379
2137.2115282201744,5852.222875080462
6668.952708703423,8210.206712716074
6703.200658307816,3896.6832010816565
9011.312392861717,1980.007342202541
159.45686453310847,5876.272972414707
8530.406621165099,8263.066273008779
5210.021729483569,488.69958707065564
6213.020891720988,5969.512171607357
913.7144056141477,6431.737953393419
4326.149328720457,6023.6703934827965
2273.024072385238,6500.336842370485
2542.2503008250906,6313.753076041545
5040.951146760274,1304.0388498034904
8124.559504031124,2349.3677694891535
7437.809301448561,6189.9400528901015
5909.999590859538,176.93161136770775
5394.181927534671,6347.445187232444
4273.0604323449,6653.8662378503195
9727.099735613863,2391.747598616585
5601.925542342333,5981.328297531396
2539.663983122221,5340.900607237645
2300.9079204003956,2606.915481531138
6113.530307751418,4629.740118747546
5228.275273109288,9096.245294121814
76.97802954712785,4266.027804598829
8300.653721957793,6298.441768795016
7041.223542324346,353.508210406942
6618.292896781035,778.001133220988
687.8065769765896,813.0807330331846
3620.558501724914,7782.407636264455
9353.822607327862,3502.568948034527
8625.892413413638,2276.1168836581337
2855.4293786953344,7473.245684517226
1570.588840991387,1699.6006255617447
4490.879571685771,2464.9252507028064
3558.3037866766085,4309.314432700208
6822.263767059911,3314.3806901461326
9664.348100843197,5853.922110366443
3630.0144998256146,3378.4061907484765
622.2417265224201,3929.516358588919
8976.140083423852,8628.86608249486
379.49730239870803,8845.314396280024
9527.65897153333,8277.111908134075
6645.794280090398,8648.309327046327
9416.89208441949,5697.28669339117
1996.5968664897825,6462.332147513839
406.9979525380762,5571.731665549405
4882.099782764918,7855.8808405292
4506.234145701253,5510.004857614443
3314.922732548828,1110.7696455078053
9576.564743886975,8095.801204568599
8225.837321614323,7605.851706775364
6615.820213755933,8203.005952826254
1628.5829163782773,1904.2946338976185
7343.234082185247,2716.1705271496708
7270.12454699724,2957.5169726353
4250.681736160074,5080.805361856736
9247.859097140137,1338.770841634598
1669.7788222901045,3853.8175327486733
2673.375624116643,1821.581610790296
632.2433925063365,2647.6271303273647
7954.509581775875,7063.876345584274
6217.593860953973,8548.111563172812
3149.4030568124954,229.05866597183854
1638.1366359431538,5658.969633550004
401.4777002874037,360.5976206226713
1667.4556862593658,852.492450115503
4532.846463376582,7050.840346141091
2471.7696901060617,7356.081065021166
2589.8217743196674,8139.806731727987
8755.763666677143,4742.415117703049
5151.376734611006,8598.074820161883
7292.5197312841465,1668.3829164162435
357.1094902814309,2497.164136350026
3651.633556780287,1345.0214760197132
4791.693473954419,7975.372605818766
1864.168552101847,2286.751183866189
1201.9154144553868,1555.1124275829563
8703.037784998425,6231.106875880562
9394.316270997966,770.820263606744
788.066980454074,449.00277220172535
3490.187125424431,1067.176485524589
9582.856281444738,2.4088398716759496
831.6173313246488,6969.9015422179245
6436.413728787263,5622.353217144787
9722.213709670055,2098.751090377239
9782.236685813745,2330.0494797759584
4712.233309037432,8109.685984700396
1627.491077823806,5018.201158603004
2020.8431497743884,6985.283570817396
8896.013951243945,4527.554512749156
9116.83004329736,2377.180260207923
6078.796438735548,9704.028006829069
7661.763994699113,5656.475633753975
7399.312514704082,1309.8190376791242
6618.21597989107,4060.900421839068
8272.76954871939,3293.374119469007
6854.06623040321,2140.8746858852132
5340.023057474993,9334.399892402595
2369.563625881568,8809.199954597525
7438.88144118619,1991.471165201164
4734.3786783827445,3521.4788905551677
2947.916840075093,7623.1539167082165
8019.462757417754,2085.0604814021567
6967.136003530283,5915.648626042444
9373.395631247,6997.939421248166
1654.4164001887773,6539.723257107664
6491.892846364932,7064.086402755005
2442.39468088176,7066.99589028763
9035.829853016417,9648.059198489284
994.9941425661568,3464.988895203196
6561.618064448772,8785.904243758396
7910.857215280299,218.0706251510678
3549.1784036470717,2882.029633232832
9541.380793838092,486.5578199913156
8507.306845860372,6512.039599558402
2946.1829968490338,1007.9037073161956
75.41092715998676,8457.068636520462
2966.5717611806085,6465.916837902598
2813.1047047074253,288.15401053605694
8899.64607500909,7147.77365434623
9671.211782547476,8620.349472569611
704.3998597026035,6611.210076621494
4712.948285333167,305.24215935032186
5483.319985297958,8579.195484604064
929.116613297033,7324.63912934035
3774.9770913752254,3784.5131248398425
3170.8241739295063,3286.3025831550262
5360.563543270873,4798.201814074401
6611.90899731938,8671.01750937871
7034.851104965666,2520.5935186955753
1367.5502361338754,1009.6381124120113
8129.477019446214,8646.363729610499
6785.42029790759,262.89848880722946
8890.749167467196,9109.970222440645
4493.360594354341,3057.4519430140067
8938.897627221915,5082.227016882676
8657.741223560753,1322.9552475222806
4384.093323592696,9022.549693766852
3811.433152929786,7498.362233844047
9328.120149702569,9241.555866080342
7151.647345384376,6832.290511181624
9282.453464380756,1846.9377674232612
7969.7477889581305,3082.6700298624933
6092.974392914143,4868.485751034734
1158.527770037645,6072.582053602069
2914.8067257909847,9264.594373362737
9688.424070983916,3839.5146578913896
3194.2209871420446,7030.720219071459
932.5486978537078,9610.088489108219
7075.533559193198,1523.7406341545302
7340.042545436842,8627.095887795482
2854.577202871508,4207.060703931987
2976.7197934630376,7324.217759293368
4688.929855087839,2935.3833873708368
217.88949762255538,3339.8421826600156
7893.230103611636,271.3322486806613
3170.887872741256,9714.041531669596
8537.631020019775,8134.525752307844
8026.304216000337,939.1795792622048
6614.020331187831,9995.087956637744
3248.748670992887,6050.245972029415
5163.1656166117,8537.28637964383
4448.29257597959,666.6076327786897
3388.818862486742,3894.5117849192366
8481.362893031783,6696.511223036099
4835.070745776653,1064.3371869970154
8327.230977971465,4889.028386540006
1052.1847414182428,4426.778745441416
1410.2478860033573,2160.4022447357975
9773.203051129767,3002.6983585180224
5877.684626060896,9671.183544949825
5097.69673499049,2886.4848600993596
5231.560631441117,2134.26133968411
2152.687740328598,5362.091710683334
7187.039495019731,6709.580340702979
847.8062372975437,7250.931110695648
5733.237131030232,7542.471844969162
5707.687965859014,368.324915147531
9141.88424133511,3937.6040037956327
5261.8281010486035,7739.580797830901
1370.6269597417952,9048.521018001295
5727.532592481625,6022.001233327833
913.2764436533237,523.0685350968566
2037.9383529992167,3966.458058551312
311.0858418741613,742.2711586845465
5132.935824594983,7485.378626845845
845.3261529357237,635.0546928166523
4693.94378531329,1857.3106673517725
9329.45035324144,4169.584239647742
7197.61413019332,4626.48367114872
774.1167422529305,4064.817003150123
2242.098122088432,4633.96646606
6736.6241989343425,7132.391520201998
8947.018610241837,3692.688229555415
329.1858676395376,5477.504591506192
8124.51131720594,3033.692575287322
5618.138803383087,3536.2749509048263
5460.9132529639255,6137.989590420808
9578.13182753358,4904.9465163702
7476.446125967731,7230.362948592811
8501.18868056112,5605.385880517497
3539.955695446667,8035.740853838729
5543.640408284098,4434.082129947165
6154.0567742777075,4910.336198668015
3215.839403624651,6699.713489009396
5702.481249473995,2212.4394441204886
2366.5537947971384,3859.2953693126087
1433.7567106823956,6248.412440117078
3739.702592773326,288.76269265736386
7392.89628746437,4369.714336339416
9161.871480738875,5988.499363061168
4577.140514982325,9673.755319781978
6428.236882754317,8770.165616176711
1030.3713097510047,2807.4195294265814
9044.637585523287,5072.101040289247
5686.042135699344,564.143726600913
7803.382476251571,2407.5441481780713
7944.412009213938,7748.5586806809015
2564.8052636810594,1233.1401227534454
5291.7445318184955,2576.9052483395662
9604.797515609775,9440.42501735808
896.3454482082777,8238.55800492458
6830.498980295634,7818.277126489121
9622.64078035172,8645.574903021568
3005.7710805402216,7496.05686582354
8614.479214043482,1205.8621611823494
9336.575454082717,5165.6132648523135
7470.862093948251,4442.43920802322
2313.283123069583,3111.515782703801
3340.0071882659386,8340.404097196055
358.0929441773073,4641.392023742336
8314.532342453553,602.976013575497
8496.111865110799,2749.6558372026825
6327.103099661927,2286.210580294451
3525.2785126385133,8874.788848112836
768.1102763992054,6474.381006389999
7530.576099149094,5603.762658820751
7265.2619360992285,5066.49241678705
9126.02521738901,6501.1302754146545
7305.320210053622,7548.755467771248
8286.949422440019,5543.847058315099
7459.546179039995,9382.854151526106
6306.8718831231645,9768.341706503847
4269.663941910092,9953.42316608823
9021.173086422777,6693.9111008864475
6509.685719074698,9326.204667558784
3983.5532196590907,4044.7969530795467
834.6929518195723,8595.923912473852
2907.048559043821,9091.742987396809
5437.267348301648,9041.404723322756
2756.353700161945,8308.462829083815
2212.353479179021,4065.9916164125043
5273.935140878471,1589.0748198073434
1698.203458957346,3339.563563444459
8004.100633251034,7672.88569298093
4843.68151342658,2328.8551132997527
5738.627739626501,4782.720648259724
1473.8326759734855,5653.99517984672
3245.763356293674,6038.585624378753
4100.896832611529,9357.255483787987
8082.12830516503,6614.930204143176
7701.595230861525,7862.988160773022
2229.7747478768138,5818.783478916334
6161.790816070077,8335.803188619633
2434.563577719976,2636.6361306976282
9882.471556902454,2098.7767166878925
9521.238781308706,9263.200487579697
5632.6472052062045,6934.808763573784
6989.02571894143,6715.255770582211
8014.30382208645,4672.952386284499
7209.984200449039,3766.972592935105
6998.2869108242085,5556.911944786388
9585.54007949528,1205.663494216671
5964.561063072833,4547.125610831077
6363.0267181905565,4553.677044654809
8492.68750438181,5383.365129442652
6698.908678584068,6346.856143672023
7329.326220175225,9573.183659853621
2341.686861966424,6521.6912709175685
3712.669241150709,8837.251519534115
1473.01345711893,5563.038614691638
5057.6544233480545,6269.278826274898
4557.274006802463,698.3695310956961
9971.628142794569,1332.6372288441557
6112.086528155425,5796.704351975396
7864.448231944233,3957.1286995802925
3340.146707576542,7988.105198655017
8315.453313427965,5431.77874874176
6150.849664876834,8822.91038951338
6969.923315984384,9723.316784622913
2944.307779494544,1476.3518512148498
5486.383916955771,3948.2775165562657
6340.369734136087,6649.810252380308
5890.94675816581,3054.887554003497
9151.937114245666,2670.3233772149515
8982.726644925535,8137.385606288367
9709.840578768706,9803.784690587428
6674.280060069894,7738.033312474813
9719.141301256846,5236.766228041135
8324.780000319088,4425.112319453147
2708.321403399593,5396.4772053036495
4274.356695512971,4628.397021877358
2383.924421890098,5028.8805678566805
41.971608305652055,2034.5305052922768
1880.4875314690862,9037.419493093275
40.605862868756674,7545.3500152326815
7198.3846135049,6809.774226932201
4255.342977211995,9499.249709744732
3125.747270778583,2843.94331912838
7617.208910951879,811.5941089361422
8324.86774619645,8261.386603553317
9752.9953864988,9984.169636492548
6420.135846752411,5784.324380201994
4615.289585400517,588.0938791268187
3052.643016074359,7804.680401549412
2223.1820921422627,737.4904884584155
2129.2595048260123,5400.139862592812
4091.8937471979875,2775.3247421052706
9917.863552879298,9150.267805923953
8.536974374032669,4513.31213259485
1972.058972310008,8984.633484785534
1883.9298240357382,2990.8108525456755
7171.194855322923,3873.6258382135125
3524.847275980618,9471.191882470805
4572.608045918206,2013.1445093163536
1486.2413046990496,5785.011516511451
4049.9703887694773,3885.103285601114
1031.9981190583605,7741.668850687273
5330.432878885831,1292.963711713574
979.3836538285594,4372.149690046685
7905.0838117315625,6989.326268452632
5666.017175404895,4070.162350061598
7239.678737735169,585.317392753767
4185.163866526838,7051.122613353439
3814.912932422273,5031.983276849831
982.088890488636,113.08686680100544
5238.556070428226,6126.558952283731
5145.02164857092,9198.810225287865
4681.020444496054,1110.2594821168898
7405.183646824493,5906.71235009169
8325.044000323545,7286.688817626304
7507.896749485081,707.7367014030544
1438.6574280684383,226.15458164186307
6220.5950928210805,4641.958666449473
803.2310568953338,7911.866872343638
6946.222874404765,1607.1941009932832
3818.390965611267,8366.372722149228
1324.989562662866,6565.772554235961
8620.508569761278,3321.7328778848564
6140.083390389374,5158.257984924495
3547.249679475275,9655.749797267385
307.27179650499534,2164.369706323388
5373.1025900361055,4995.353977440402
9232.258784862326,6244.865561076207
5963.798327023657,1380.1460547566624
9716.506046194932,435.2208862330964
1364.5111827045853,134.59952931471287
5683.0510459483685,3246.9285660001624
7981.250480064295,739.4729448486537
5255.407311257162,8037.699525411146
910.6635598747259,9973.19527161746
5828.860015472177,613.0382173446402
6117.379058424717,4327.262759334396
7287.092484753525,257.32122982574765
7612.115151654739,1339.9089075726322
7707.726882106072,3229.2256091067406
6634.44393638966,3936.9821305764985
2158.1118641865814,9397.829464286402
4042.3575583947936,3958.368087568959
7761.299726143987,4962.776590574022
9534.269834008132,2455.833682738664
789.46964836622,1.2513875657549356
5355.366777971948,8993.34456733135
3125.2227132430644,817.1475703630482
2253.9389431682976,9642.488410362292
5058.106835197151,1308.4410410026026
6060.893405565367,6048.784807504403
97.72231419481247,9994.10587856637
7802.065722011909,1384.6459606967587
8198.821312594477,4239.430849398243
9655.10824567933,7804.236689714765
1806.4373322469496,321.90149849968265
5945.52562360948,6897.8275114004455
4266.253734763945,803.7333789079947
3348.2785155535066,2365.201422732264
5656.334514375047,1600.7616249336043
7823.830932235503,9073.364316469362
230.52783445210113,1804.5671678168085
9694.001125661867,404.34095515157196
8098.815857057108,5876.256784477621
7511.537036455784,3461.80925409702
7603.873821805035,4057.062206413664
3890.6070961865257,1190.6274486254697
7516.205508448137,7482.344914331946
3867.7020860295765,6015.53649643518
8987.068295747931,3642.1704474828
1772.2238330646967,1715.7494376313598
2923.4742421515148,5934.517391705604
5513.375426990761,7785.972795073773
3192.110358872725,3123.972838671949
4242.372452952734,258.60383538597097
4924.226893985947,2143.43984752984
8563.533488135086,6823.978188928292
5231.922536086928,9890.963774569227
3624.598486145605,133.76239408776524
2477.361640351158,3061.5356213210075
4086.759787921972,620.2087044883887
5157.361044143699,3163.492877630322
7461.1485720323635,4059.1434312742126
1210.4877617233867,9208.62091946255
2216.091882391509,805.6079940497873
3796.540158686732,7771.3405306577
3603.984051195146,3955.343960629634
3917.4808760521173,8112.628496669277
7935.212646403245,5134.021853256213
3241.544029621731,392.82038843410083
5018.981804026646,9462.058847148388
6239.070328578965,827.3406343452183
2321.785501836051,5976.835025337561
7186.953871475389,8776.677629335158
5471.11319738281,797.6979775019388
4467.81163031378,5538.933884160128
8097.840267383139,8242.898755244521
2434.95259185182,9863.247086457957
8831.759706143232,7243.274008140213
5610.4873536670375,2783.3437546329365
6091.748793796582,6995.703298454095
8750.589641689428,7057.667693076393
8175.82687849336,6999.660121046174
6015.620688219004,8542.604370931058
7531.877038481742,873.8006251949093
4333.194902328968,1084.1984541543336
5473.777534997463,6406.17124225558
620.7013670851113,9538.810960981878
898.5791800004683,4658.386389192459
8294.25404186332,9605.62701625675
596.7165568249666,9380.85259516154
1693.9912563260727,9029.097382343196
7958.326589504415,9098.509748640852
11.45950628256287,8983.18793327986
2824.043288458643,8198.893835391822
5840.386578266218,6949.7895860533035
5954.4993146929655,244.08178592608243
7771.529082294735,1322.5359215605247
5059.262544921704,1342.3205453146713
5094.018695309704,235.40284279589875
7253.105755407005,1167.0176842363667
4986.244632662835,9197.464335671062
6084.910865636169,6638.04286910786
8977.74068255051,3120.7301829542243
4014.5100761237195,7933.6001223668
3851.250709192222,4883.69486954851
35.48991864771311,1421.2703691587658
6134.262615212319,8845.020812264927
297.7190740713198,3386.619462364725
5041.484897283162,6988.592305298942
8042.3378903222665,2905.941604996074
5499.210705196631,5000.712506738
2696.36165216676,8162.527115304155
7861.684214493713,1567.773464243677
2697.1700408253887,9772.513952392785
7330.3178094589875,702.159228607262
6102.584551902312,5340.089097405041
1699.9629674800121,9160.25519351948
9051.338748441858,9456.938848825253
2006.436829571957,2321.08962879776
9895.870741406698,1439.8498121480864
73.10488654940772,7244.030003178909
2634.8337714290305,419.735682762371
1998.6029727419884,4852.389690303143
139.93410170462627,7963.552267931819
7323.679001473156,5602.547245168339
6934.258020995962,1880.13265774005
7923.509643549304,4870.4429946996315
2566.9854646456524,9212.747164488928
4443.351670829699,6172.129780442768
6591.135216215474,7214.9062756901985
4397.6850388814355,3362.638796625149
6973.257703179158,1884.8377516761773
6339.734084404421,2556.4222989960363
1146.4780302217648,5331.77593760295
7810.431210769681,2802.2015361070376
7206.763590925182,5419.647874261011
6558.343876174054,7077.91927376177
1550.9360627100232,7343.958761703015
2679.9644879536368,1646.8493966109343
3931.770315876004,7504.308488338631
2799.296216564434,6726.88139592359
2278.1029067613144,120.05133368706677
8053.576701617757,588.7217508975084
6382.322463602024,6462.495018603803
5654.721315502504,3837.0389956370964
2259.5271085325385,1461.039995756659
9180.765622686413,443.9655916963325
1911.8303909731626,1593.9834067243087
7949.5093282467715,9575.139643216165
9666.72666705293,7275.656415709697
7270.927292242361,5277.0542093429385
9928.587751846297,9415.405000545918
6510.511169779467,6191.104376816039
2174.60343603895,7256.451882806673
2038.194937165113,2826.5181850587205
3245.6428425547633,5889.818435891958
71.30020221006062,1434.7724429784025
6816.984700828346,4044.831451977754
2686.677846278276,332.40324986610113
8151.832322927528,2166.2808758268047
3591.7265055930025,748.6862942267469
4799.564934633127,3877.7881950723136
9656.889165603692,8430.351646384901
2421.721230472771,3779.341063450531
7212.540974297395,8316.396259946434
7551.177893054171,6564.983125788874
2209.9815752363515,5095.294466308278
5009.968366121956,2368.916932613305
3502.0192531296834,9221.560928441524
7719.062434000892,542.0080884203327
6224.833190290374,6889.130176988153
4759.8305486054705,6212.3989280936885
7793.632650477182,4410.415222565268
2351.5557000841704,2403.209552926053
7536.21880584359,4306.959368452669
8653.743120928244,8727.727255534206
8786.215968075725,8367.661102549542
7836.735930196038,9413.812499770293
4080.1416699826877,3077.93206625248
9818.08022717827,3871.041583688729
3795.936438224399,187.26152659863325
6386.253991024257,9429.499947200082
1610.7417806946867,3293.9009181726888
9804.488986363927,4041.6382153299323
7039.859218646632,9078.046114473946
7533.775452463684,5265.984301668132
657.7670341114462,5661.74541755478
7634.178142206718,1762.3283815091684
7747.234292206013,4986.6002081865445
6717.727263622299,9182.086009087741
2919.0961379034366,5587.18088107926
4896.900421608815,2551.1636463975806
1104.3437130871648,311.8086413476284
4715.870664591526,3363.0177345406796
2438.2385260040483,5725.90914064458
3490.9698649408206,426.13288370830116
1626.0040840369861,6097.9257729115625
2300.54367746897,5234.138271181128
765.6864182011625,7834.354691665709
9199.013664369213,288.8817227196183
5304.106879754034,7808.473448187374
3967.419712627397,5208.7704575810685
5350.292127687839,3705.2933277971147
6282.932284815527,9653.82976358824
9218.787933693491,1601.1954723605304
1786.9295228631331,5413.251190911064
2955.524986352176,3209.814735924784
9757.893363441146,5274.863787953358
3711.929866485244,5522.754525804121
225.61650757327635,894.4824842484578
1476.434926371588,6611.351469183497
263.3870174855202,6344.814959190118
9899.231424207284,7694.67274634464
2788.7084899122306,906.5849365917101
9235.42756936226,2972.585469036878
9958.862757597159,6501.105997281013
5998.412211431142,1367.308259156085
331.96315065561754,6775.9821078844225
815.9163038692697,590.2671082042299
4815.890551078777,3349.3155295962774
4061.72012911486,8467.111223325192
6061.773057817676,7742.912903811602
4388.47809711364,6447.607152270879
9340.768492714844,8704.584166251012
5347.39715413511,7092.695441722005
6937.260614624422,5193.75105210803
8964.852726424966,9797.175003857867
1468.7187583320738,6948.560797893195
2297.346541185286,6013.6717681300315
1073.1866047401506,4088.7056095356465
1396.3839922991228,9024.124985790504
5125.839669342331,2957.090956049928
3211.79258967464,92.19594210902682
4231.728395267549,1967.4052243235994
9824.898317940619,1095.1749194235915
1567.0434779594812,3189.9377417307205
5408.1207079807555,8258.78677458455
988.7115505365097,6515.296853650075
3184.963132638786,1689.805892337125
5275.259236745986,7888.217210923385
9466.317459653377,5042.198660994027
3912.28221283483,5127.14624118297
649.0669621466982,3621.121809808733
3881.6144796031695,8646.163648220234
1457.4117587397773,3183.2730385579266
2299.896132914453,941.3976066968866
6180.906231649904,3027.289939719451
674.2386620368168,7153.535462678858
4647.237562500373,6575.818868033289
6094.615860107644,1880.1715355357785
4218.583923674969,1117.8429910494203
191.2635062373036,6608.657584017464
9855.193569028654,6763.7683565491225
3671.157673405353,3661.496372105707
7785.77186933267,8428.013835290798
3256.464921874532,9782.052037999169
4750.167569934189,2056.452234493954
3884.636426109965,5770.687157060283
3425.392295096077,53.46329003939165
218.51377207778745,7130.543960262874
3600.209378545035,4142.821135633178
8894.8999039953,1932.6922690316483
6903.933385936837,7522.219217643762
1454.2285909543984,8106.487975560806
5911.550046227392,1111.6650117593729
8922.308599488715,409.95761838033997
7000.340409648555,3340.7844166911727
1486.8439235669673,6259.904657610356
8678.324967344966,7934.19527188633
3015.440132888654,5460.624966304577
4540.761443123418,5807.4877630698065
5261.4275968914635,7998.582217528911
8505.066043781953,5288.433742187593
9316.07495147661,6111.5449022630055
9296.52877790556,5162.173399765593
79.54181278540639,8804.58233367704
9218.884855854572,2355.1661858508887
543.8696600157233,2639.9358454050935
2657.7365681743536,1279.6146160182575
5149.878547278329,8194.667514944218
4799.25689004394,4117.772905623573
6047.09793887392,3478.939408812438
4794.462287370058,9813.487170871562
9343.756796404208,9268.033664397855
2405.48848214587,9719.876821247613
2740.2469403848586,1422.9899675869285
9207.379356930562,8912.518131481662
767.3951374525623,3287.095993874515
6095.608219048098,126.5677021186251
6817.359520656108,3912.9833598306873
5055.417234297394,5091.963531380597
6942.318788231372,1082.2042356740535
1727.54646011967,5376.776168742563
8526.3223277154,8194.635841767315
1400.2568946988558,3776.5095083919396
4008.124443157497,3526.448065343022
752.576013082058,3388.1042023067744
5452.110788174002,9230.944458836919
6697.458074256391,487.580987901991
9412.216350952905,4450.761419929553
7393.361958960008,2645.9945414971685
5411.029164541511,8938.070253874943
9326.170171703337,960.5226358380392
4784.368380408766,4114.427666804108
5612.056530988694,4068.1615203108568
5960.985276700958,8883.944175470226
4099.7972588656685,2154.9344504096944
8384.826905658241,6448.954103016111
1851.7593884505911,1344.0612688778908
5548.42190371608,9539.757140805426
7222.33256187194,5930.149592722859
9039.761718765772,6262.567303206703
8839.183964342785,4337.734016604722
5087.402894301419,3422.8271266632228
6431.614511633416,2126.764294948763
3942.3773612930104,6039.877538322589
4681.777628802003,9545.61745348238
9062.657925730495,3597.9095409240304
9307.039931924739,8831.568886620542
8954.140580670197,1487.7631284724969
1383.7086181363823,9361.260208818008
8500.840213306363,3504.8628389807654
9483.637310214803,3797.2721159334565
3612.4969457360467,4628.422570343282
5186.462894216693,7182.442699476503
7790.952558129959,7196.534336890352
5620.781375656487,4795.885847196652
9934.835217062495,5231.528993139359
4557.133651568283,300.1048777414117
7139.427112073776,3042.967015583257
7925.911401965442,3460.170742306095
4941.004157584394,5587.272687257594
8569.838057113759,5582.997673713045
5461.545912071964,7098.997977278732
4116.507968016314,7170.272962180809
1078.2367385194702,2352.10724212083
3934.135763504242,7701.871511048247
7339.3645473328415,196.0356804628205
9212.864116801073,7161.618846067205
2516.7940386031028,1020.611035194231
3552.3551733050263,7296.48208421219
1539.609941044262,5271.180905684043
6907.228942289688,4372.545006830921
9601.884300099253,6906.66389761429
6409.522198481755,363.7083374723271
6170.765300062263,2234.7032567557835
5534.899305004339,6164.40142467654
884.5574068553652,8472.15406630818
7295.038264293836,3811.0763694511697
6020.495435493508,2587.614726335571
6614.767688562871,5187.364357889943
8988.110930274215,6223.1525238684135
7839.607870610179,4201.030314057464
7809.15252154526,8767.10682659755
9271.837688793476,5234.387088600134
9899.349514629996,358.23587570585016
5812.8273196105965,2230.5395470619037
1088.8161603116575,4506.470309178146
4591.299077754364,6977.255190169333
7876.011464616444,2197.5224379258884
277.2532476184919,9762.57439717421
568.8743835614906,3185.582581880835
671.5778238282132,5324.8020686058835
7310.357583283108,189.66384731041174
5011.666285631721,8848.907214308043
3688.9794352059357,7888.346535251834
1056.1704526173598,1954.5800429559267
7322.4025020588915,9332.36691239843
3210.198105508997,3158.3976379740466
2653.240700646672,6921.862883801171
6523.192015535509,8189.763180165999
5590.108925968418,7409.144612371809
3624.106418133016,9175.827840298412
6414.8747080558815,8642.747603407084
2712.215203841182,9946.115140916101
7948.302616043268,1826.1141257614554
2293.189503076539,3047.6180122670003
1588.3769538201564,6362.2586743163
7824.394094988749,7330.4718589158365
7078.920306979332,5346.050545557092
1826.3897570179843,739.2836488661492
1162.4575268993797,8415.95226800382
8383.99088486692,9608.74356021272
7765.98482196688,4055.1684382639473
3272.5737369966423,2248.12481698846
6581.974082133667,193.13754962087538
1241.601865478108,2372.9903609358526
5070.476590476781,6999.187748384223
187.30292060419873,9115.893876727305
3916.0188092155545,935.1306643176582
748.4282147140509,5532.591871619299
4751.471801568825,6955.312485118324
4216.816468528943,2763.808211062686
4443.85026638056,5698.97039170302
453.3130204799407,7152.4842600577285
3616.163412818324,8377.192431353767
7564.838490999165,4524.998508199809
3689.143733536201,7478.572189189606
7151.719526095807,3017.829717398497
3694.7872363373326,2130.467467721586
4232.394414901864,1873.1374609066743
5638.921128292661,3588.727318257262
9506.819368070825,358.7968178884904
1088.6044664665517,2829.918376652497
329.1376866117368,6522.228244432282
6079.571838100452,6479.190471601367
9490.970889284265,735.5380649149124
9897.231325547149,2874.1561708062013
4841.642473920018,5695.576646779216
4680.816210850984,3185.5213750310286
6449.637707451961,4179.880241888734
5556.347572049698,7128.10757115764
6340.880576141181,92.66829456630043
8739.994255378942,2763.9354408843055
7463.0616948760935,1423.7224378501667
4968.773916867955,1276.0918276449174
4618.644590001696,9590.40216447247
6396.01748513116,3765.6033156241774
4557.062844202975,5270.8858490963985
4577.793512656399,7338.218870696326
163.05901786504816,474.47474860050187
1740.641374073084,2410.2263855769834
4885.136399957531,8321.477873437125
8226.534590503692,8619.906131778811
2787.2700672712413,3729.5092064080204
5226.4343313114905,3748.6159965176826
3449.6208475923218,7568.968771088818
1048.0398953958902,2950.7022674986915
9582.984830713007,1170.940811399981
8546.738702503017,2575.3545024058344
784.924244669064,3873.4473163577486
7197.872624682846,522.0470959509827
3475.799043575002,4786.8025420017475
9948.498070617927,7400.075127727784
3023.985198289777,5137.451444804616
2387.384453625999,718.9534051450697
5678.905483054052,4401.4963134595855
8351.261633432041,7089.0460804283275
1925.1887181979798,580.9665399018993
7094.027697193313,598.4718972688852
614.0658314112169,3706.0140318098265
9189.347431104972,1949.639641237091
810.7491614729878,9347.807913084203
9142.313763441625,5813.436037397431
4908.0724945270285,2873.253994058962
4480.911127959198,7047.767291149508
9733.070795003765,3749.290513593289
9903.84177698219,1321.1564437901002
6501.78125961012,2372.322298435804
1271.192918570485,6427.472844593757
5061.700856552025,518.7610599699166
5291.631009556624,2726.8904004806373
5144.464281353097,2083.1147764217462
5694.918385200097,2011.35110676532
187.2471379439067,6827.624119759711
7112.272814705024,8258.169167543645
7123.94301952988,7158.666080642587
1154.6977517788791,6457.278158005122
5702.394424458007,9164.51771817864
5683.611824357746,583.9238042429685
6824.504201904001,1674.8308597624073
853.9769213508108,4144.0685567053215
6265.033072660964,3724.516435038677
2807.5195074634116,4180.516029630225
5070.029904961719,2064.54905042706
7733.235527040767,1495.0331558022833
7056.459363630133,5091.93247457928
1189.0301767799338,9280.525240687937
5911.847871160732,3919.69462349917
9691.165309407386,433.5321411952808
1567.6943733500225,7061.673428895246
8529.07087725415,2911.0490552717492
7025.480805537769,2450.950073048921
7740.033129097596,3242.5800069796205
2819.5832714264548,7238.155239078763
2878.8892937984247,8188.193868703041
9060.194557764882,5880.560673389637
3598.3203209255867,3224.787537195516
630.1539069281048,3104.7823311727816
6005.967035794501,1243.0834990546302
1248.1766904184267,9333.010482351945
7965.962414079082,6381.393989688196
6417.464425010574,269.74619855864023
8747.265052212082,6623.670951866807
7848.372497826353,4471.534241935079
1121.1364833819614,9725.579630469194
3810.706764344223,8190.68824806407
7745.602499145873,1713.1575383279817
4173.414732663257,7201.111188748664
9723.654847799784,4855.660038352634
7357.404498934492,1870.4516366992818
154.99916690321024,6987.399073299491
8799.856915608363,5473.8757869424535
1008.0478486855759,303.738787715705
1405.2372418008586,6465.879505288259
7344.924006110509,6349.870898624406
8649.685594304803,1440.8516105146264
5363.49627899556,3489.877269966929
2890.4973294577917,5858.989707510399
3513.1554525317556,1387.8301410672989
3428.89329596056,8527.233778347565
3266.7810380951223,274.8604628770379
2429.096718216498,1028.3741496935495
6088.670946292331,1161.0691985488409
9004.053185650671,5281.071259750552
3070.824130833412,6201.140121686252
1866.9429746141209,4037.407965014865
8385.776663714249,2886.668276681662
7417.833308897033,8093.173756255574
9308.370315599104,682.8598372642014
1655.1973560490962,2802.918611327917
1442.5131411659154,391.15578803970766
5414.293943049967,138.90134966268008
6144.336548350952,3533.7988693220123
4801.7344185958955,1948.2366244493198
5989.6663632387545,2683.658548382463
1803.7976887507134,8209.471574549681
4796.137541640834,1629.8009624922138
6580.925609396679,7802.333671518009
4327.064492487038,6750.506231463635
6794.473358165978,3264.455251408327
4511.912805538396,5465.561451762878
3335.9958084227724,4444.356097745388
3036.0504708709236,1283.9531549766537
4109.02058988588,9071.853217341757
230.8962268220083,5696.179675857601
6685.251384461138,8802.400457954549
8451.056409802619,8238.265118132902
3546.270944431186,797.7592530942323
460.3313614171856,2072.7066601845245
9867.755973855576,1452.611143748308
2636.9825545106696,8307.795327869188
1266.21121690773,8624.466264552024
3697.5250797302792,5279.7150980836595
7385.570406335566,1041.7807250800693
2939.165968905657,1356.1661854301622
5747.032039194878,8135.488124382674
4155.599944371422,9291.901365293303
1177.639922766185,1994.7568511065672
3302.870124921102,111.3757647217306
7248.705057140666,3309.529051507779
6120.038973314457,304.9938964788135
1197.78379883561,8279.74916078038
1633.2240971430856,4915.122572262516
6407.333593074454,6418.607787630199
8134.154143208689,4114.8487613654215
3494.7449595816925,3455.075470124819
5953.107518434502,2222.0041307608485
1706.4358875210528,7705.325470381456
3113.7633690532384,6955.475844155293
202.70205673052598,3607.2898449608615
7682.759477995226,3211.1613429918293
4010.098197729668,12.428786486790022
8161.255736539539,635.5213004547244
7083.729960227263,6232.555248926348
8287.44265728477,5146.073102354617
2856.586695828828,4348.032044850225
1851.0873042784526,8275.022408016584
9719.056826516706,5038.982044028466
7173.277870408695,3844.9358140731993
8340.422679266703,1612.5634752498497
131.33373709933727,8206.880082146192
3544.616202958866,5762.482501211877
7428.166905773317,924.5996592275729
779.8283298998332,6488.983979970758
5673.399295689356,4250.707454884099
4290.727674550032,8113.8622358799585
176.16507141107297,9189.145969959962
2359.7557711945137,6004.6581317624605
2847.919890667142,7316.128193133664
1118.5994634632245,565.9084760216571
6315.369097426604,5602.554550011572
2423.97876251889,7553.399783554741
2776.1949961938835,4967.621494781037
8982.385982001473,5935.500895043372
4671.230926931395,8989.481855810443
3921.2814696927235,1980.9957203119943
7238.710383147172,982.4650755191188
9096.137968829122,6906.436131395009
250.36336237443834,8228.48905522444
4482.388465553965,8504.901885825635
6107.813560779473,6416.444970912203
3185.630981259896,8332.134181708034
7724.077221232417,7006.6420572329025
9714.770702702739,873.7691590679075
9434.273662502832,7620.4350788498805
2659.8253937994186,1793.5968955032965
2263.38278437486,2366.0934259097276
9574.90531021221,3946.506269986648
4586.284874314659,3145.670663263369
2082.9772308469173,3216.5173830291205
7069.969636304182,1692.5952420404578
2844.203239037916,2938.7104710954436
2672.4697507105234,196.62589975881772
8792.490430777847,4729.10946688326
1624.7915337690345,7685.909587698067
643.9294646623639,8622.473692248397
2691.8644017168726,8204.285589594385
6069.454128382038,4164.577189951132
1230.8785340327056,7304.264811638563
4715.946722767938,2878.9077409521246
6273.371104253198,555.6247271761794
8487.36992593174,6759.7152539126655
2298.695912022544,6487.96164736406
8173.463233827894,8016.293954628756
2349.062611312386,6161.062067028799
6767.665412396405,1568.916249739164
4306.735714824551,8531.623920501981
1146.8124237867016,6272.527880187008
7142.634628218487,8076.09699035004
2177.626185490178,7741.071203760408
1766.2342602459146,2978.644872250884
3583.2292858938317,745.5297485205236
6532.902447594835,1765.0440908958487
2339.9647879062777,928.6233431325074
1836.6153878188575,2434.1243208013643
99.53625713364333,4595.32273025993
4716.430971017236,9068.106049812828
4286.455693151827,8720.187559206346
2338.6774363737627,7185.99815095728
536.5216400969075,241.1235954782598
4292.558745958369,3413.892013205535
7882.051110716313,6823.484264845198
7152.82131327177,1290.2889683906837
8607.948898601702,8010.878500159087
95.82687713155624,9145.736799875936
9664.193168045984,3541.0444663782546
3414.1225262744833,7058.430618638334
9903.977960919648,1482.0413266871335
2526.1946060177465,6908.16449113027
4715.363875782448,214.55412287043285
3539.2767657530367,1507.7150681110097
3557.6071499430263,7098.8144660867
8422.820987482159,7118.502228763062
7464.189397373388,6411.627058451771
9921.51435230048,4773.640243842032
6135.1468271751255,6749.08091171945
4632.566043945027,7738.0079828878825
900.7386294689113,9664.816590367438
9965.614195138567,8886.41031548605
5515.306529322828,7945.342025661246
7004.774696901418,6947.575167143729
4067.423871913114,5741.555454323672
5477.157081792358,1206.0882335191625
9425.777318928871,1655.5684209839294
1664.1943793160274,8202.795606708994
2923.725843302546,8033.129122072206
1520.5972777803233,6144.58925973363
7922.159038047747,4388.401327161534
620.4526042182956,260.32649823605647
816.3164985133831,3271.769425285439
2984.941127873687,4206.396575653179
5141.881809210113,4858.162861734206
4062.7480055958654,9293.245985612091
448.1631067080727,1087.0939980014282
9574.915578709515,5188.669197797704
9528.695203580837,3679.2229695827973
2793.5632324075987,9900.981192160516
7315.256152685815,8618.640162829053
5785.754113832238,4387.858542389209
2374.7669500562406,9996.956093547604
2621.7155174161544,5140.632464714964
4911.531743104505,1671.177965914007
4192.369414973601,5558.746918267146
2912.2932823126425,2262.057658036466
8075.115963051489,6363.12840076252
4814.629176373849,9374.401748839256
6548.480623891279,7861.985768350282
1892.7350016787548,2731.636904190552
5335.076625164867,2968.586249660071
3179.760494466215,692.8820309031203
5264.136103948782,2858.678356462774
7808.258334109281,926.2479967781723
7689.132100912617,4994.487193256428
3542.2067803427594,7083.470794982576
6942.771170796391,7511.811614991585
9412.89950394277,595.2923224817907
6256.693299249065,3399.5589823820205
1484.1012338263715,2881.717665474337
6797.086292790951,1043.003229873346
1049.0438634931131,3624.713109320057
8721.10408793027,2993.2010913923614
5166.604958019403,6344.992293392767
3851.4073631157953,8833.026637337129
570.0659464969237,4548.4172087321585
3807.8373459210966,7466.651727668185
9032.066679157893,1460.1036711067427
209.8299628630318,8949.663786438647
4746.481577818049,1525.9473821509227
9311.580911106223,1921.011805993893
3948.4099976502107,1064.638035876765
4281.756874621504,3096.7950152053645
5785.600551991199,5524.104467155261
4629.373335771835,9879.941114063267
1686.0169123755243,7933.680346575439
185.55539069860404,3804.35802891982
6098.116579787016,5758.4605790357045
9208.065870078122,6233.080309392078
1063.6413302716562,8227.27221247347
2109.5271925275338,7364.517854198005
3702.294858249735,5692.911269711403
8087.422290211197,6691.830270396567
2692.6031647097757,7459.1761096289965
8820.544042787684,1331.4405913340433
549.5787465006641,2004.5546130537994
9409.566212589349,6885.8428890751675
5607.470778737649,8504.255619876321
6587.776784877045,4092.622826997678
3676.895225363531,9798.90322471206
7819.942855110603,2160.717326733729
1665.6625008440606,4166.992820434389
489.1182527848703,3785.230434632532
3955.1694310755715,9302.95940726429
8536.957139810394,2853.785175725395
7549.268366376947,4707.907780422156
5171.55970488958,1872.3383961532948
5721.3774716535345,5212.662385624438
1298.9282629875543,8574.041694635911
8406.815086175822,3040.394618905642
7869.59682964197,8107.920721628282
6564.7039388694275,9113.11582175626
4661.910363289385,729.5788971456362
9644.592682795124,7564.24536319251
8790.319718764711,2553.4343615049083
6444.304935146186,1753.2766253662912
3718.009977172879,6011.223920250361
6180.222786815124,7056.026162286997
5754.409265306654,3947.609857352138
3942.419878349164,391.7370708219059
3066.739716880761,9087.045241967931
4070.107922373224,7307.4691684749505
5739.114060333978,2716.668066830147
4281.348447110944,4968.638557447399
2635.7448820138384,277.9278996707801
7609.633177608087,3392.8278180594184
5314.674959574129,5225.352355851182
676.7516322559997,5172.236151162501
3683.165056261255,2081.8487800854114
8849.134572119936,7767.473661838907
7552.36531199952,2988.6215852664345
3232.4678394400707,5804.1002317797265
9381.83152044509,2715.222255379748
766.0290835821015,4251.678729867702
9612.34703892189,2075.1462525023026
2457.0509248467565,6330.077925320383
90.94180302419264,4255.843601413507
4338.0803651832675,161.17304487764272
3589.7042968700866,281.6499401676609
5390.890052067938,4711.343184714222
7967.728605698454,1832.2586690535436
8424.30802150447,5850.420481447423
4012.299996116918,4081.917817720213
4298.457437063502,6544.198355397227
1481.7773032947368,9523.951740639515
475.47608881163495,5287.361347952536
6412.149902350247,7873.786035900996
644.3762555269228,7530.409963159372
7338.3011942145595,9217.911043238653
5390.901450222475,2140.178672380062
1985.829782260834,8273.26970784941
5395.229435126496,9055.203785046868
1829.9771660209885,3927.6298094757767
4387.37207510412,3138.1619459896815
7995.603162422289,9520.359096782879
4619.192934106374,6276.32822138868
1486.9931829754823,3806.7648524146834
7238.2868182294515,7918.277209316302
1867.6841627000883,3044.7390161571507
7385.498743701094,1764.0758606986205
4793.522892158333,5439.696357977055
4537.417590943016,5662.120449106034
8514.350378574747,8257.46482267338
7086.035243406687,4570.273550204301
329.1079695493926,8145.865395053415
2961.7431460160237,3113.2267934833844
8709.206608498986,5753.6820217779195
183.2616854519864,2084.727789007158
5452.534462619704,3854.459509165964
7278.256691739439,8575.396978328512
6218.5608548457585,2159.8819343575506
7605.322021044364,8102.394628992677
7256.918489147458,2828.716578474062
6920.306951531134,344.8971967945369
8215.398609256521,1099.3457005684627
6456.906684495384,7458.795453207881
4024.1849425698206,2620.7092650214827
4719.091099145876,6541.455922412722
7167.247826814506,6991.989027572331
8763.06029666794,3451.1846443468485
2722.1880083977567,4749.189872111402
3420.7679597107076,4037.670904558106
9307.393963624127,9473.48996354534
5785.117924094454,3199.4886235158738
1789.6181713500102,1833.2304222496077
6636.9513891238275,3655.9284287557825
9907.621555393796,6695.157076020122
8234.535644704001,6973.626903614652
7457.411365514027,9240.57315360007
2080.466542662692,8817.544848758092
8761.397846840073,2883.205204172755
5257.888435355464,4551.632489675964
8892.900220719555,7472.68988183434
3298.2782942487934,9165.37280602025
620.5105263543276,3371.6501285689183
4759.759686597461,4444.414341769959
2698.3760481787767,8994.782704536088
7152.292897762982,3584.838731584227
9571.065528560324,4805.129861917358
6909.741511515639,9045.041412180788
8869.339297092034,8022.432179898482
4530.240136012064,2434.309250098028
7716.407371953017,3247.9506541193336
8430.434366717034,3529.587274593391
7108.756275835424,9127.384734310597
5077.772860695646,9989.33737104539
6258.661096153681,7740.043021554399
7005.069956788803,4843.263024935066
2530.8440322142687,101.73818067478967
8095.7926091498475,6974.880565979574
9503.245389672733,3893.611644977847
4652.39315179936,6329.864702286054
7010.6718310987735,6066.9396346242875
7370.2590579035395,4808.320565743873
6622.475475214803,9443.873977263229
5471.151083286355,231.46345355341657
8816.479545748107,7121.324844725883
4489.267092688944,4098.39868299546
611.0295648660358,7137.904504916112
8445.563757121603,6752.196475396319
6739.812723165507,102.38002575995387
8492.586264996466,2853.3849517467124
1385.474424446943,1890.9152050378043
307.5294050971633,1669.8635294249232
9343.745403825013,7284.766841211327
1477.283058505743,2395.513490931246
8096.5233207045185,4747.376149873008
8232.099421806359,2469.8899528567954
7087.05200549003,5802.338234353299
1312.6221109287096,7205.73768059968
6673.9862456080755,3310.747386981765
8890.865833268655,6030.2084828712195
4255.316448008833,8248.54774413739
4135.168543785989,942.2428516449166
4428.583095794191,7106.705990412712
822.7189067620644,3231.4494443538024
8920.255690299735,1226.4995652494426
8691.828639805104,5456.542076143488
9979.093217902862,2262.6231926773175
5851.831414984134,8213.617926691577
7511.916364513858,428.95909531076137
2026.719063073047,986.5289627089746
6675.288182241696,5209.961259858169
6497.328487573906,5889.417840769567
9012.087358416124,7298.866645227468
8307.927228390741,2592.607282521938
9384.664626177631,8417.604082132917
8688.334727016076,9531.423397737832
8686.93894898852,4990.393035948636
637.2332668871827,7605.313649698012
8459.61952695956,5248.483545437927
6074.783945031181,694.6702941221062
3804.444517659612,3261.115128426211
565.1462438806232,874.86689627015
6776.737747680467,9888.791192550134
3282.0175053761745,2290.259120733772
4677.762649860348,6359.004194157187
6817.284370551343,2843.4510194493732
9117.745470241429,6532.462153559259
8254.369156049985,2104.0169087048243
4505.971291035999,7852.700659100746
3877.8315744637894,1108.1160283663548
2397.7973884404746,8951.504000902802
3724.2675117596823,8404.216925407945
1110.463872918983,6788.073436383856
9711.055083647545,674.1462714284785
5739.1744395957885,2085.6902832892833
1278.058427952129,8593.61595691076
3528.060092659058,1219.7443430259514
5470.39143620656,1559.3209630802007
5328.856366408696,5440.033237555207
355.03368718632356,2741.774396743437
9508.410342291114,2220.756999439295
2753.756814749446,5758.134318481806
161.8466893189119,3725.7667645802903
764.4400895028247,1405.5989676966874
5801.94903247977,5348.537675454644
1377.8552067509686,3870.1240327862274
417.24792853503277,7345.1677427376935
3796.2646641271135,1027.554423205892
6227.611923401885,6206.132439459739
1118.3980484161239,4364.933269432478
3133.2783215131553,4060.618750524041
4177.606716245422,2322.8768800834123
1594.6009778676716,304.2602820271112
5060.738984667101,8476.891943646455
852.1408690177091,3264.1008603442588
465.1849634506866,6810.910397298471
5198.353671551348,9475.873997767074
2478.9697275087565,5649.902980821316
953.7380789802752,3971.469025198663
4239.125874876323,2682.735663487037
9151.407395173946,9340.437926474933
7241.924466541549,6820.768180511428
8156.159153470276,6652.813932565596
8719.139887586365,4261.583251452769
9726.27741396419,8450.487128674307
7632.46573514173,7136.721870094871
6084.079219394796,2831.832717810161
3654.258803022472,5995.78660025048
1816.432365577161,4301.939546012656
6866.5987398329435,65.90162829713032
9949.499861219418,8076.234315017974
4673.5868461891905,1228.303489197008
7236.793680928076,5099.545060026142
4950.9244999315615,3362.261930848156
4319.334233634766,3420.890412006775
4103.056135599151,4773.64883413808
5046.246829316976,9970.23104019745
3668.9566186537504,4083.7968063147578
7487.733218218078,1823.292298165724
8742.720265915166,6136.06338049369
8828.853066451842,2362.8770803952125
2276.987134258259,1055.4913671295042
8959.091387314907,501.7417206592911
3415.5123185510506,228.81274019683872
3093.0766548529764,4311.646483110637
7267.560573982359,4267.257798733936
3046.963400862894,1855.4540007795295
529.6640560971011,7840.190537712093
3736.17772310308,1292.7062791987876
7214.656003583489,9153.171926393024
3269.584202701765,5875.759776432724
6295.590559951465,276.16376104929617
6601.194442631304,9629.726257427166
7337.360117263562,3079.412595458536
8971.304663109364,4499.749595778534
4325.644992684314,2842.6869299455216
1664.3207666245708,7284.212980337776
3189.257154318894,4856.8022071953865
4321.672551739859,1323.729594025026
7138.914693281131,1042.039523594538
131.22125561633501,7253.754133245748
3157.8538343987893,2370.814049312715
7798.425810193168,1377.9337463847253
6708.577033306954,4994.275969978427
7317.399735856052,8027.652875363041
8118.107694391947,2787.8274587313044
7832.357188779622,2764.3161170080775
6821.831661527781,8338.81260260377
4396.615323705906,1478.3379456878265
9835.98328878154,6167.275917865472
5690.731955900737,9550.134829825854
2027.6920936883914,8413.031495773075
2928.1285510478438,618.1523377972919
6935.624559704699,3199.1087656162545
9247.395651994635,1423.7446559261634
1787.2012920589752,9492.406376871397
823.4649574578634,9859.415662220812
8815.310480420061,2349.930205400379
9152.779789128344,6696.990448287525
2763.793453158995,8416.317320471184
3772.8572437123985,2336.8028441447655
6601.879974978584,1876.8063432097747
3299.3002084247482,112.11023247280293
8771.58708270053,4119.6245694152585
1075.787027138627,8994.374623947164
379.8222096019521,9029.796490563489
2084.862067427895,1277.431275090163
2860.87778204969,2043.5248052839495
1129.2659128887506,4080.473309345336
656.9042934064673,7806.24545163702
7556.077135017982,6118.514835317285
1642.7656590225736,5138.497435202164
9139.22199066304,5919.318842226031
3679.9966144809605,961.9969380229664
6706.058097213454,4776.63642254907
2254.021147688002,9920.632895391283
2403.2276849186683,884.4614693908782
5747.092028675753,5192.466776348864
5606.429251459861,2956.492616573746
7687.292280120813,5399.1329686195895
7578.13305694266,5738.187600337466
6706.877646636611,5774.7289811947585
4491.30565893491,8522.087853108866
