x,y
1761.7944845919542,2492.6775082806885
9394.409529763727,6839.9050406644565
2223.58962108034,4153.43078703245
8441.29532624556,4475.4321793685285
8817.351466482394,1196.2681618184802
8664.449270252959,2188.2950361609123
1243.7753181586697,6568.003537514709
6282.525635430455,3940.4811301974028
1348.3825362513157,2612.3534385069593
5687.269695776988,5910.52340992366
9019.703191586079,3666.943179792208
2130.284580104467,83.84454096769578
2397.196562426055,6852.45584229138
3347.2347544183376,2463.9149855653486
5611.370320088687,4322.36635032726
4865.360865531609,5975.829383821903
5938.364285646358,508.1126693805693
5935.807545599473,228.47047269574094
6070.840050557225,6447.4381585061665
4133.429118704296,8682.617497340785
5704.575271055798,6688.093217236534
8237.903115571942,2043.6365082439168
6819.193130005406,6695.335727960961
7904.26611814329,8319.212078433071
6232.971058206478,748.6288564444799
4543.532405243165,7025.80417747106
7279.1239259470285,1578.313445627315
3488.4918011204345,2015.1002619310987
5730.205707059641,7000.412523563653
7531.645199034749,7573.8123973906295
8693.735129083709,8810.944549605952
776.8885490861444,8828.655150199611
8503.023659091226,2898.1904143027846
9913.735423267772,5741.99840765855
7490.674801510196,5425.949480903993
876.721494287479,5996.533022109492
2106.4688932636145,8633.257747070535
4408.047029716537,5409.204794112426
8259.280762328663,9152.04997719666
2878.4669246683993,6626.518583922099
3318.549605832688,7422.947351146305
8650.567029832151,4844.378151358865
4291.102132977116,8954.680402236434
2624.8686059775773,2780.986980011584
7870.521153567386,8737.790300258133
2505.9079607493873,3353.2855801951746
6257.7993892754575,2853.4922124376194
5671.542270470813,4374.44315750214
2678.9015970921605,2230.7186447303984
7604.578710804708,873.3742031452363
4783.086446201739,5195.149134291264
2044.760643046234,3716.8375096969276
1200.8183995756638,4710.381157665316
8787.969875682238,2461.979365477854
6793.245279991852,3066.2081612996917
6595.80112828521,3109.2532865465296
9748.32364354787,9690.062972115968
6473.989616709897,7497.140146382283
5530.063996438072,2198.01213360041
5778.497421433364,6521.118098876793
3937.641732861982,5506.2738320496
8187.734543488146,2723.1602028278344
64.5528468637091,6131.823967354294
2726.2829252892675,373.18975863824824
2143.873364019393,1817.8945260679302
4695.870820459327,4020.1248603548233
4009.9669019770245,4198.209322673263
1713.8428916960713,7045.138997761744
8678.865750642004,2311.365700863174
579.1430983836821,9524.941794908938
3229.9886447030003,572.480832950566
1983.2816642737039,8019.258988135928
8792.444063803787,2152.3743464077547
1252.808458207323,5804.435699634467
9063.714352175428,1782.4866198568056
2149.763795205373,3303.0822396111835
2262.163251462532,2748.3053513188447
4323.998549054885,3030.342038407928
6232.18531387256,6703.559821410537
7950.942179380345,5800.001349541417
6700.206878529289,793.6411435660085
139.35139500353299,2105.344474751898
6127.156160686729,2320.7937288588055
4247.23588154314,4034.602494227507
1069.9078752289438,1064.9848410852546
734.0912789247001,1642.3326761887113
6551.845305614957,422.02372100810015
6581.250707470876,7289.051521930969
7957.220097277515,7621.268721269702
6588.814938898308,520.4212953829312
5378.382948028414,2214.7884929538595
9800.56484508746,5245.396834549078
8360.98590296888,2287.0030528649486
9855.710475599617,7890.548421871402
5986.938080794026,4596.91935654083
5358.528209503981,5265.097780981183
377.6458202295985,3173.75137315834
3411.0084727427857,2751.79318970149
9381.832262439655,1982.540636918485
7949.346602793892,6200.273817201401
536.4842762132871,953.659992126099
9541.821104402956,9813.574760687883
658.5612430762167,7646.997456072035
29.834337952018288,9398.809088141885
8630.971828634974,1994.6638846941523
9769.663632273228,6682.488844693834
6407.033892277408,6135.186415014479
1168.1846760123772,2277.6389003046884
2708.7094899239905,5561.143437735548
8526.066480777636,1205.7190330004264
6009.338646070393,9597.31325329287
3932.909766119953,210.54475614970204
1164.775043944769,7506.751456419371
2777.699719266028,3777.52937447968
8180.828546299485,6729.245525661508
2854.4813771856193,7007.464321847044
1744.6771225468972,8785.261374931777
8786.290142468839,6367.383245440047
925.0273431568589,2112.4008369028625
2117.618325059053,3683.7834446613315
4328.562552295636,4280.364048113676
5648.376339769992,5327.732017548175
6867.724637886668,3046.0518549016792
655.0539659563804,7481.895587711085
8780.600413175891,9283.007955542129
612.1944343742936,4085.3785347412563
6189.484814625722,5387.62288773164
9082.50798383123,4653.379232776926
5467.4946403404365,6922.906796327731
8397.893837518393,8100.973078686937
4089.4721074483755,5863.56346758233
6037.38849584435,8585.016044643247
6868.627833457419,5842.904683592799
8953.188433205441,6433.8147202921855
1337.4053807836917,1254.9591683725757
9349.381220321848,1062.9230420283432
7022.362100116729,4099.2295919193075
6189.278182971197,8198.948269230403
7610.207172009062,640.1074008561781
9309.160893992253,5843.343966153683
8656.59468512041,6688.445739893383
7129.973754514509,1245.5656783578727
2373.2818052799444,9329.082457922948
4238.897272399171,1023.9337510283364
8612.969014248107,7232.841705776012
7635.345551889726,6859.245546248161
171.77358003921285,4847.050362721809
6191.6986582767195,619.8231982690494
6301.498817984412,8952.036271842413
3342.0825112272114,2114.2736567217544
5680.957182339214,29.318046185738964
6242.849671053532,3117.383259458982
8925.571428739113,6457.115209922132
1292.4363144317851,9249.182866089814
7881.644552792012,9222.24840969076
6204.755091256282,4704.447616831258
6899.544879815352,2000.1597463170085
4785.850621279641,8180.740250967529
236.50991847660507,5581.233517392909
1552.1317513222089,5226.80352206079
9061.898978554242,8717.081678114017
9734.632126432223,8521.804152497703
1096.7708600670535,2705.1227057037654
8450.261148191703,2638.5323546394625
1945.7787588246467,9334.485038888533
7630.469046372582,1648.2391578172706
1755.3804962263453,2470.2263565498383
7571.871646338163,7719.036804306246
1290.383584231567,686.2355456831881
7267.002907761518,6058.064809765561
2457.043624020152,4104.773325270543
7875.182027808669,3158.435944611353
7487.766782585138,9306.456646697521
4314.271529898938,1082.6337677582676
6060.834256006562,7936.485938573846
3053.340314527643,6805.89070230431
2816.7790233969736,115.51885278741514
3358.0613353303766,1054.3005698565933
4466.69299741943,3396.584542826323
7862.955796909441,1685.9062489021549
2766.2753388270544,7148.821799460966
2382.2423290874385,1288.1029311254622
983.9283615364714,4695.992629337417
3010.839093510331,7909.856873392238
7143.963000274152,2558.6593507956
6286.778218174089,349.03818224989334
7312.303298585093,4806.513110702956
7442.355686278842,3923.2950151421796
2973.031549460562,1293.6188218151633
696.8286317326988,6261.899812862346
2838.899689140535,3841.465368032572
9742.87092426289,3860.580206163755
3083.8902302190595,5620.927070461406
9800.421069341632,4150.464350838986
864.40150198836,5848.259698220175
4482.990928356482,6847.646974169229
2784.1891368997917,7179.382862394646
5380.686290193453,323.4896549653254
3753.8171442795656,6190.186220617327
3002.255085413592,7518.2864844598125
5874.888756932894,6529.837596196478
6605.940172967633,665.3101358764125
7193.065017548578,377.20114085245336
4259.491333612649,3862.0004284582287
1595.4826159791135,2286.067038794809
9110.707883250576,5965.147951844982
498.1647362589492,1614.1757672528834
7459.515888252376,2150.3737838409133
3359.9878299346774,7113.967205428925
5857.901025932208,7767.0181881856415
4570.278825025682,20.16091648245011
940.1996021279191,5608.4705064456475
4684.682521410247,3251.745834050014
5760.079723111016,5078.380381303596
3504.2054195942997,5490.947808218921
4650.338705826227,1044.3925686105958
4671.196110947413,875.5064896767594
7672.46030775076,4167.15662060364
413.455094870967,5484.921536564984
7992.287889400001,1208.241351600473
5123.8941207109365,6628.116736520362
9711.266990671407,3987.226427750722
8707.278618936063,9529.71239774285
4590.142063148674,298.3838797449101
7903.337539726516,3044.8417167735442
1989.4192269466105,2155.791485009604
9481.088639890755,1672.3390038082707
6460.753492235502,53.810760961869875
1060.7947500238613,2316.512792199481
2170.2068961220966,1645.3956067693653
7209.926555594485,3967.7075883704206
553.1414098920262,4538.653780495856
1968.8033719712494,2465.380148490849
3311.8636835745574,9871.267216820881
3829.2018736787236,3016.4535880262956
7894.796858137622,1244.9958054704168
7655.833355220184,8340.939944402297
2862.6400585720503,6295.551073930306
2553.54400016357,6963.889912072823
4300.332233636366,5687.756862478156
8611.124037693902,6137.688878187213
1653.8481875375487,4216.9977484141655
772.5312250834471,131.98028267550788
3723.1157791300275,4061.0467789854574
2288.4230587123498,3921.8978085437116
8091.080718974379,1340.9101338591367
8642.702503520997,8958.0890529028
5821.845793668986,2255.4499523645886
8912.324307925554,9010.269465381025
4567.420049680618,6068.864047131587
2910.191331532651,7024.671544697934
5709.187826932043,9705.672886094564
6787.2098951849675,3433.9667902971196
185.91421705568712,2202.5128325843525
6732.637432754882,3424.0865329323988
8560.401013097617,536.1461783084809
8374.6276068331,3848.4865078948437
6631.732340792798,2850.6111936340926
7695.801384635308,5913.393403916631
3425.2350919989617,7028.201676613275
4492.654985155354,2194.2238065366073
5640.084021862423,8545.460797503889
6519.597690449273,1353.2868445341883
1344.747101745215,4740.2429931622855
8830.998325501327,7891.531899151094
9633.791394949358,4069.809303873995
186.21518403982407,1595.2818572263839
8248.506213571347,9001.117632356967
1369.0251023488308,1067.5673208456903
225.11940857378175,6085.975812456521
2454.2009887494496,2030.9833131352295
5822.824272217459,6310.600357900812
5529.348628229442,3687.3554157389885
7201.50193958539,341.9794301111678
9671.824140963661,7278.077050062345
9627.364622452384,2597.380299475923
4909.987350346456,3865.339069036471
3467.0900181457455,6320.749404138885
2664.823143271133,1149.5857672456543
7528.990447612403,7097.154466718144
2094.5925683783116,2702.9571990893687
3995.76605780248,3346.902726911961
5234.746859039125,2784.244870355598
888.3401217016351,9182.0048263161
4047.7227332349953,890.5025195213723
1055.3038463238317,603.985303579987
8469.123881007887,5040.314596849098
8106.253229891192,8297.033479403732
5400.738478067052,3254.262944642392
8781.046508802832,7485.440834142082
5166.522538962339,5283.977639555908
3529.1195257347295,6222.1550562237035
5541.453204928271,4302.718260290693
2293.2344555633676,7688.014020137809
3138.0711292955634,7863.549559086953
2821.560992732075,1449.515451376646
3747.1446362736015,7070.650304396881
802.2587517583024,7121.703662081629
2009.5954466461997,599.5806575353857
4109.525513812574,8766.898379469534
903.4539801144803,7978.639441847475
6682.558864257422,1666.4723233887069
4185.515439500406,1638.8324382580165
791.6110124053577,2300.0383652716196
2408.579860352131,7166.605580468319
9089.703462286405,8480.441806245388
8115.282039369732,7683.428057556375
9347.263358819422,7471.629210812646
1834.3140467405317,794.5668285402097
7190.850568900927,3670.2299249863836
406.87680063495657,5589.098146687254
2908.584571111268,5393.844846495963
721.2663345937942,5442.276200425007
1802.201368915074,4414.125595846133
7880.762355012289,7173.283273862461
2551.2688196461254,7273.270637310164
4469.527522963213,2772.040835965167
8578.429849345828,1688.9032696216998
4259.915869962863,9208.74502643333
2418.1221834950006,3909.864565257791
2175.134110206033,7817.032444865758
5770.816927651254,3340.104962030841
2742.692675272559,5815.275800126489
5112.505904403901,9976.520762226111
8888.225553772701,596.3391262781037
5826.675048052474,1740.5415313317917
4350.7290919769,6631.30105411842
5602.287264134621,5164.405744013256
6616.394123124714,9438.87747442762
4222.103077319668,6000.691891488358
652.4798591985914,8553.779522640423
5810.421592792768,1917.3780649059124
3686.3964199019338,691.9864112069718
109.28958258093036,6404.4863409938325
1742.4701550703214,3633.192677432402
4922.144507530265,8248.690500370283
1704.4628470140822,5776.133808295759
4152.659780388492,7110.534546305393
1735.0624730190534,3974.824913268226
3484.7561100895773,5878.788630759914
9553.249160494373,5373.776251611043
4207.181988269322,9347.892043056949
2959.1595919659585,6584.821302352183
8783.686793986699,4236.442355517226
4481.9975987624985,8389.605674795857
5135.181699643652,6987.924548034023
7396.501983625011,7076.973453845087
6275.544303296185,4908.9089758795435
4268.439555879306,2875.658407075904
7978.063087743876,3043.9937869301516
9424.33634533324,6310.682922436228
3356.1888491104273,5284.085884543531
5093.035064125445,3785.151841655695
6116.662376925176,2738.806232633587
8707.66133837438,5684.365828529803
4909.646788355817,3567.58064119722
7202.399574843027,6411.300376023088
7726.630327599083,1875.474710506646
5020.953331205832,1588.0268935532226
3444.829367173452,3728.83994917377
8773.901517734206,601.2262758897791
8403.837078579429,118.25104950825782
3729.2692441993104,7497.273138649492
7210.618528748275,1902.7261376218296
1281.8002001666418,5788.290336092397
5187.451805536379,9279.91853457541
3991.8324733917134,5360.590377213307
9466.820337466977,3175.466877422568
514.868035853735,6544.11585095657
9619.048416344465,8181.670887309743
7308.859994917679,9560.96453946659
6799.483812050586,7280.291032233787
7549.978247595307,8888.861188090481
9767.212565831433,7641.692123512469
6894.131103981942,2533.8829528065053
4137.239347930505,1754.0754523378455
4270.954993371612,5303.401385473298
6847.699147697862,2373.082443531791
486.8487752882456,82.42120671676733
3114.553106834317,2769.8980063725908
5828.503969561622,4878.540093701732
1304.0206892804274,633.7755855241334
4029.142029872179,8775.723236743916
9923.594524547534,88.07442034915903
9101.977001538386,4901.3021037455965
6933.3620913338345,9076.498496146993
953.5161562286343,3034.070920055868
5370.020482496354,8905.059153999948
660.4903448250166,7206.700141783238
5921.259377031819,6467.926008066041
7171.775432762848,1115.8025458975717
5559.448664026375,9439.778555456525
9676.902678879296,6131.025955862784
3781.353190870338,5146.374262246086
411.5634463232032,507.90922660311935
5923.898667336061,2096.5804975610467
1573.8063941406022,8197.435848263724
2626.088019949614,6843.75325564042
4693.125524153547,4020.9200743048245
2416.9957417784694,8975.867897418122
8982.407258173746,3341.0996271329527
6880.913061876331,3528.969616804165
3379.325392517658,1404.3771725941244
5747.172421310641,6776.1260291924345
8051.417436413691,1362.629978546669
98.46192836770572,4901.779383081061
1956.0506458649475,261.5490150570698
1840.1592653674147,5733.794389041481
4072.564355990177,7687.119658362745
3976.0307273490957,6785.292040657126
125.79609704620131,2895.775740162444
5397.506406696706,2647.7978793789002
787.0019551892992,4665.592539057008
9110.727057245682,4608.772834754425
2092.027369256303,2266.2681884356607
5317.351139473302,4504.997987014939
8688.572860059348,5911.181909311654
1945.696366078279,9113.910589783945
8976.34164307976,5609.127559745649
2300.167955498874,7951.869211830991
6173.756370472547,871.7698711012389
5369.558967403931,8295.768769968654
6655.997163432462,3563.1758814032246
92.47420830739483,7019.549473718662
7960.979554079652,8544.145911353153
7738.042442946379,8001.163777075053
1538.1750341861523,373.7820800634695
5387.5208398311315,8362.429181351361
9388.249452292774,5077.94682846608
1175.6293942912855,8528.657524678449
5625.139527981999,3440.811766483114
8669.022223506678,2422.9508243311957
2428.9311976643367,9716.174784409584
628.2404181840651,5106.4045015465545
6209.62978695633,9036.252952165647
2183.184732292476,1588.9992846256284
6187.019218404408,3732.7686574957297
6969.6016671538055,7145.989491826176
9962.207512522156,8360.602543934026
8550.099619459761,9955.902536674754
7278.094694501231,9039.217590944703
3761.5716838556323,4839.323944273898
3044.975022599091,5019.717941127593
4839.111419244324,9602.335740033619
9419.423319603653,1647.4736654672706
6141.7511813204665,6555.922499348367
8843.942708843526,8488.679674352057
98.12622804780236,7928.06910040467
9653.043751736972,107.3626025899499
3066.8521826028505,6447.843681363813
3990.8582887128064,2617.9335482328856
8235.381994278694,7835.554110165196
8214.842455636706,9868.258117355834
435.55443350148823,3529.617502462279
4364.106670351292,6493.154360655556
4541.841019126515,6255.4440909152
8740.581294294205,2494.0066105693704
3395.7644411219944,9308.045831126261
1681.9294161113562,6409.015544231131
289.0289625664133,1462.95613093703
6636.1961199637435,1552.0789106658972
5612.921968996689,3335.3890371725747
4665.740550419359,5537.44855314774
9519.039913774122,1244.1584734244536
8351.169993588972,6410.0295257519365
8587.758752289883,9012.052003772415
1504.1222479108362,571.530220006432
9712.069292662034,384.07251164963907
3810.753893130071,1244.6962225862878
8475.785838317626,5805.5304943160545
7124.792526175977,7302.427851803749
539.5619117578842,8579.026058948726
9469.516978898988,77.86718587279529
2497.0742577568362,4396.940610447001
7125.648773822178,1443.2559004363122
3077.312720483475,3658.0494137797928
8161.181283131643,9456.684505824222
2403.2520703937166,8815.910244950253
2795.996527014446,5749.702503305808
3839.79810396987,174.86187786445507
9593.803772893498,505.7692909412881
5015.849920660178,5365.579092796228
4002.5522092583687,751.4198239504166
830.9394678555826,4876.0206050237875
3874.5383412260735,7439.432414270839
6904.629515149279,5249.995912201802
1996.3097473677992,3694.8332994950915
4749.727270358065,2638.3751966560485
9480.772567642305,6770.642426002873
7418.26918980122,7841.144703673604
779.1748679010801,5483.108401128672
7278.061474967035,4627.9954540305735
622.4191471395146,2395.4502714276605
6413.469726498129,8261.782692744853
2736.538332381826,4802.39685335419
8284.095654895778,9180.358560824521
6080.833302205118,7708.546084864193
2673.981439960621,7273.278301108598
6367.758215257062,4487.199763500679
2554.068008596474,8167.125378481499
8317.951176860268,6708.37431159842
4889.613287579803,5383.843017755207
6976.94405738153,5107.861253016679
7206.154808005214,955.0934319833415
441.41557237553195,7217.973708112486
6109.037227864636,9788.554705673849
619.4561512874053,4162.259353769257
8789.616046863443,5776.478791529111
3213.6371519207396,1941.537137592333
5075.758576157715,235.30914895269706
1709.5243681663242,8519.11587336036
7576.2642037396245,8848.58080633
5371.640309080806,3196.0022490550555
7277.045474143017,8493.137896502712
3106.181098292131,9763.45838090409
6306.051196822749,4164.676948969946
8106.744538017936,4067.751815756784
2831.7875700206064,3596.3700030220402
9584.650017290294,4563.581033000105
6842.5549996660375,5802.460001904783
9403.89427318139,4096.232838769092
6530.298179832122,7240.440286204357
6610.089167778674,5024.280274414624
2704.1206650239537,7602.938260024166
3836.8679646358773,5563.947233624364
3972.927473782435,2402.41527843414
3509.679847621893,3682.90208797476
9344.176382323576,6693.358410993386
9972.314213567217,5589.950113181708
6141.251071923777,4762.331109330536
1995.87042715759,5984.606554389382
9214.895250953696,4979.385793556903
2907.49339968962,9273.444060730535
2123.7230338040968,3570.460641978097
3019.635587588093,1600.3842593447282
9656.016832705089,4279.211119226509
5422.650294863733,9567.10540840534
9103.330381395821,6694.9980925728005
1966.046236355371,4241.795189985294
5172.545071355575,1338.366043491317
823.4464575872036,6166.743001627983
7684.640451630243,5385.673537882444
7112.087196114697,4562.947234290797
7776.213605625391,9454.262037645805
634.7286458778656,2224.351334838683
7225.58204373124,8976.862734428487
7964.269212441261,6324.301261527895
3161.9573528005862,8328.108878859617
4775.328046497784,9947.441982734274
1137.483959333969,8656.859092479568
7146.110382128523,5276.297553146391
9142.119520962784,4085.885247829002
4657.385489541023,1573.927774699846
1242.2134991755706,417.63043294944845
9956.678185513745,1305.7409057645941
7485.490627782458,2867.558145049949
8181.901685339967,4166.9629913262315
1270.945010054557,7073.148604892064
2505.771982589257,8466.436861362828
66.13200229835692,4099.725479650849
8351.969988779547,5069.795106828911
3695.2409756634997,6345.571194411178
9305.44450134605,1092.2025990910856
1601.2335454017668,246.48434515379236
4387.513861920755,6487.8154949776435
696.2418847723994,1343.656728914423
3960.098930670658,4431.668222939415
6371.642370406074,744.5305213284358
8459.601556302732,1898.5263638316908
3043.861413246697,5601.022976478899
9538.705375025356,5479.94428874481
1695.6026867957207,4877.397218866643
233.12238046696464,6410.98281415482
7889.3800283245955,8388.397053499795
4110.343425491193,8186.384047942403
6151.191862188649,6147.370718741428
4170.43843958491,1580.6169924468195
7747.9267387127875,8475.426373953005
217.63122419815707,4811.771355839979
458.69326555209256,2652.9789201887297
1451.9319607377324,4243.6086488633
8738.508482825147,6455.254122047322
3224.220579628918,4013.9011775776958
640.805704758124,7441.874320441607
4752.083026995258,1633.5657396540691
4027.1362563433568,1128.5435933812826
343.7884874835828,2687.5908304730856
9295.583377178626,7969.83840561721
2616.094208420685,5578.425371962654
3246.004472713183,6505.468152745371
5016.2883691105635,5222.190204014206
1286.307989099076,3416.9242280989342
512.4691982567231,95.03881995953645
6172.932641955874,5473.271297958168
9766.414797526202,4504.217011372165
6206.073993648186,1916.6795118561165
8621.95620398951,2176.2201864615595
5412.722194617472,1967.6870769968268
4138.950413297561,4308.877288239489
4921.435741620477,3319.0573986309814
9812.936752841684,4371.4114598371125
8556.639862324819,4333.433422799882
695.2844791947399,1367.4072457531695
2731.8707623619985,4027.024000165581
2305.907101295943,2936.121115077639
9167.643193657688,1788.991217609157
9905.87794332738,7850.426341217693
7626.201343452222,3286.387071293244
9270.54725005292,3682.601225054344
3172.707555527343,4350.594085558608
7162.420674081499,8449.429681384803
8686.414732962274,4949.381645469573
798.0540561917626,4341.203153177655
5713.654533598013,5078.4666731429215
6077.0070013041695,3545.0596851997075
8026.956328973395,8955.55875190532
9049.217315050457,2978.8428658386847
4805.5290163026575,5528.70583254907
7053.118128854709,7689.435235441029
8850.927028911814,3522.7124415697854
3871.921373840672,1603.8769252549357
5319.673283317768,7118.708204612756
8815.947029382758,1101.0955731745996
2235.122024282998,9410.117205953096
5380.423645386723,7462.456975477772
6225.323296485766,7393.968970579298
4781.284907655702,4682.055483736914
6057.941581233212,3956.1236612518824
861.078871305303,1769.9275405652104
6174.827934399766,4029.032409904956
3014.2002714821892,2214.1567784041126
4032.687590750206,6029.094555692756
9934.52137481359,5011.739014267149
8020.659085598645,480.64518528166064
456.52421484659754,4048.0469269227483
7375.836438672253,8057.988026796605
8403.96852723669,8438.09680258304
7112.341812125206,4664.591918832185
6706.683395892931,7725.894034814207
2211.6180703337704,4660.953396161126
5511.996311157428,2227.8994592094814
9119.802938218929,2836.0064132372718
8042.55618098511,4709.202761849175
9687.3566002501,5709.310115126927
2250.6319502691254,2043.7802431678588
1351.2403610367442,58.43170228371108
9662.797538728159,5255.279212924465
780.0665749224156,5329.3399476767245
1913.4587265858238,2696.159788320178
1796.1156407496192,2291.582686495691
8594.122198647137,1838.446961223007
4666.862052205204,5263.344393666856
9223.863396920256,3597.4761776895602
6992.933734924538,2587.4019068379216
5562.5749485363485,541.1082089209285
1608.616163109262,9826.049365110528
8856.171700958534,623.8856432687712
6496.977717815916,3400.247277990541
9481.457380090733,6855.826144277229
3074.9316210648526,8748.866698960092
6265.29624710653,8128.006704155165
9419.728716496798,6669.2356016822105
880.9867422127593,913.7860529659347
1056.830273153798,2778.897764040088
5618.967967806673,6193.076330419838
3844.0515661875274,1803.9211959933032
2838.8755335262317,7110.104107312426
2991.949793935964,8349.885249468738
6358.530470137106,273.2731119402387
896.8482953830626,8679.429481975727
7093.488155342721,2101.9198779791027
874.1530074102454,448.454100316108
7997.207837891395,6627.5139441071
8344.105736012432,5067.154945016612
9184.991829440558,4736.250984486422
2761.3008728550526,6269.685735678898
4415.704344253259,8709.816094450427
4771.334653180076,811.6973470531375
8843.41137978811,2909.9412030097637
6133.720717967753,709.0900272318968
5408.616470567047,1764.0572822206136
4848.580586455388,4600.886062378452
7879.9735736318335,9229.551149334538
9522.284366202643,1880.7770011752477
3796.2971612548235,2518.445026768971
5129.815337201844,6429.627121894783
2016.792562510852,5415.443387437755
4673.595167582124,7224.308047299975
7685.425564798493,4126.906379031282
5541.175067250266,670.3568395437753
1851.141116442313,8052.0038285555265
6364.177818169806,6988.174843379256
7981.783732873889,2047.18233471072
7080.771262916027,3682.5538146657664
6713.327007368506,3445.870681931321
2104.485556263498,410.55557496776254
8318.708860481644,6962.77202354348
9672.264655412331,8753.515904622676
9873.466992661355,4411.430090611944
6222.256679734082,2136.6196200023946
7594.27706197607,674.843664412762
9778.89860990536,7730.622693675232
1691.009105653717,4201.204454795477
6192.208276283626,1177.9279848266356
9392.566093995129,8211.448601823397
3580.165726533423,5433.985230282315
3581.1056320322023,2942.3449737280903
8745.660660952386,6885.372390630912
3263.1684949379114,3569.9422993662797
3553.691155781752,5454.560568913024
5023.07022580213,6618.366285660382
6877.803615272913,1446.0887754357143
6027.137193539986,9177.507233432032
8967.566101834407,7871.957903897963
9278.422139035347,5594.170956646119
2369.329353957921,1236.8754337400878
2668.439202152857,9852.637921338031
2348.990529911177,2777.0895554756103
1245.0445305381975,7861.730560797679
2552.0278238406245,1195.29944412065
1816.1326988527483,2416.0432802129208
2193.4138634271108,2786.8429036333264
963.5498239623975,5529.783558282375
5175.277454163607,6532.327756605109
4565.656214885923,1871.6904178919158
4282.066002083211,6021.1509876748705
2943.821350214582,7031.832271598081
5042.761522659534,1050.0662979359488
575.1519082504053,7895.979474381458
2493.6876057484324,8214.383250459126
7052.135474095842,3938.4334923040574
7107.447564558178,3613.45533197461
7984.601200951388,9887.23461038002
515.7637943072813,5976.3368175806845
3177.373889060823,8327.227035018444
6215.449080681215,1704.2196764447604
366.3959343047096,9800.172959975383
3168.553661092035,9427.95475878266
2572.209311636543,8047.719436181842
2154.9606560788325,5234.715447661121
8656.567222913414,2614.527643079845
5106.211486543665,3039.4511894446905
9671.251221467532,1108.2797190900983
495.6447075888792,5413.9955234171375
7026.576619319955,2879.426613501852
8749.19185489732,814.5678909337428
1404.6627982186,4408.714593803401
7013.849402899866,6252.732080226205
9153.473553133064,937.6894322571605
4881.939862139687,8196.526737218828
344.65119805835445,1705.9902870186495
7461.205692501331,1669.5317526269982
1797.598800774548,2156.038270443856
8905.122792500619,9558.559275121645
655.2860049704979,9345.578303856768
6005.137376705851,8879.176482327442
1410.7314356522827,8906.474624671157
2214.3676139522827,6021.310710253862
5668.967702577258,3322.605776347306
8104.108109510639,7211.082019316678
27.65699514602926,410.37363341444257
7246.298383135037,8719.705293973082
9163.63042923111,4777.572930292388
3253.0485474363513,6607.969998017323
623.2958798001154,7615.416788580101
3965.64628024947,9767.912951080763
2654.861902052399,7987.622088081065
8382.928811967418,8526.394932925801
478.8047769145931,7236.666727516884
5003.272758150634,8663.620374970467
4351.272432109256,9926.752937044695
6687.945657327546,1492.6153777368434
8636.281965628767,962.1424152969238
6462.676255692205,8946.105146227734
4243.38877908093,5761.005192658257
9209.264698474748,7976.312795037098
3363.500047977763,353.41712662659063
382.59003308290016,1659.1223143684408
5478.946406856152,628.4768983911426
8055.2611685957045,8553.364860826665
3725.128974540779,7443.890903954009
5602.443581819049,7617.448532488788
6828.670967195087,702.5199900703938
2865.6899175418916,4782.455401704605
9923.757398517286,2187.871958599276
6441.24687944061,2779.7879667510315
9544.471077978407,3635.53993050128
2673.937612084275,6616.545242635107
4984.766158505123,2012.9064219481884
544.0308905942726,4801.960301374262
9440.339341600757,9734.831548604892
6751.688057675129,4351.256454286087
2070.5717938624757,3084.461571736189
8938.18768611832,6194.730519773375
9967.13352333075,3596.3857728791127
1681.215501206592,4354.405918005542
4625.476112555825,5779.582319967366
6971.220496259617,6202.9542815084815
9685.310432319966,4599.00752957203
9987.449068846596,8396.723888589137
477.5183460506616,2921.2672157716634
3392.217118900921,7228.082810980716
1285.4274003944088,1321.7884077624487
1021.7610564455204,5008.336243949516
2972.2106944545712,3581.1237445252987
110.26026780042054,331.6226273318601
6398.361957087355,593.8841327615696
6563.131787743668,8401.269840972886
1856.8920820618428,5923.756713952205
6720.940316979419,2993.7273935058306
7685.043309810065,2376.8692168915973
5920.707852137675,6773.375214842889
8435.922901341813,8700.417162358375
5198.233665258542,2966.1758504303994
1011.1378599906662,2501.663591007108
6748.519317548792,5023.159222776056
1484.6213092319438,2270.941406213568
7263.2671358560865,1434.5322607217781
5568.082336170538,8273.647161230487
8208.122115104823,4908.782783720738
1545.9042355107256,2283.18041981903
8685.025382892672,5895.232678483776
2866.5119030467536,5149.490126365626
4958.7438928802085,8320.815155979873
7548.509964829129,6169.334553466849
6689.946322313624,4389.376134904528
1020.699182179784,6504.538238761398
915.8323243632294,9493.892359153426
7607.724446822926,3599.52165405222
6983.736389615068,3142.940261002831
3181.2964767636145,2057.7519620893104
4515.487899761947,7225.609838975351
6834.804561151319,9534.316708677088
1120.5924446497418,5279.059801296363
1506.4029430233538,2836.3110165014214
9418.194583417091,4555.233217174243
4277.594833711729,514.5613064516419
6115.441485938749,7519.43934553201
2629.8081409734987,5699.201074511102
8294.530636792791,1871.8333495456297
8809.672952384817,3668.9279526695564
9945.865022565038,8967.461084088005
3863.0419693335107,1833.5494582193012
8995.187423131852,9978.10419168239
6506.276444023255,6132.130886657361
9124.226443373707,1180.4776290131492
5604.409821659809,3644.543090223229
9618.60235462464,2973.712523656723
5294.324525205429,3659.801096304388
345.3458750521787,7790.789958444138
3100.7077976216824,6373.572046405901
2594.158696524135,7158.736280288501
115.02274076285013,5187.532570021043
9562.565098045836,2924.383815399644
5599.9925493882065,4361.021704914283
5529.584339125057,2460.394826776964
5114.242522290458,4967.4539674516145
7923.688211015837,3993.5104778339646
1906.8694994663483,7554.3268682923635
4369.438954878479,7323.443424112002
4649.527931891765,579.4969382178539
9737.225054150807,4279.729078950771
9126.692128097566,576.6170447041974
1145.2437954239658,903.1507477846823
9745.943858349814,417.1739392079066
8198.70919101856,8298.115942419787
1993.199771525056,3151.7553044656556
1887.759317988401,2473.435639773267
1412.7049699490558,5676.897419391037
1056.3644446258447,8951.936741315392
6537.10499165099,2724.592920364135
4248.6699038478355,724.0504748397636
9755.060574447745,5446.1219748156755
6685.497977165921,9713.294460973257
4675.522732242681,369.44812671141693
3179.229973704931,8700.99408058146
2450.9125104694463,2889.06187502481
9052.767803689894,8103.185701325328
1861.1794082072797,5779.978492007225
1064.5451589100085,4383.756272178878
9918.29644180122,4733.310456336879
1860.625747187702,7322.749760735223
5372.726238139378,6249.802631839526
1634.3928285348718,7005.819340122068
2828.844943403903,7530.2625738189145
1756.694179205115,1004.6130083026717
6158.616846454451,1016.7774054774392
3111.2265831584527,8869.86458979518
4003.451246575248,8392.899578696786
856.1222797689893,7471.434838751314
5872.267347255113,8182.947599295193
2624.7201033342194,9093.228996236418
5778.775563574207,5765.704186885881
6919.636772380389,7315.2314874688755
4943.967675208565,232.75415942952128
4872.808305380005,8652.688728697129
4469.560804629628,4954.63062242345
7190.391345333722,1351.372909815729
4549.244157215606,506.5819076563982
2975.230572274383,7712.0033982280065
917.263345165551,1155.0690231576432
1105.8285847857096,7480.387560458642
4245.351662761209,2862.096613541195
5803.324128844285,1062.0120745371253
8418.000951820763,7164.6091599635065
7216.070351034564,6098.344686325815
2827.7205853635132,2389.8090117011516
1473.3201021085863,2871.37120542716
5928.5853612508345,5600.4549529337255
8854.887929769306,1222.6717192278236
5773.2280839523655,988.8260351305466
60.72803325427367,7428.630992917461
2981.1373094817704,6703.1490320886
635.7341335655386,3309.7576686869434
9744.368670938558,251.4487067216631
3339.1367659910466,8524.999055040407
28.569069994444085,2473.8783486148573
1002.5028107566436,5911.776114257239
6938.481788532859,376.227188817041
4547.747330343759,3783.3755161545
5544.84199690822,4415.94563459315
9003.481183981832,2201.057782268454
6934.586320412321,964.8450376939787
7212.222248625635,2034.9861849105444
4614.560503072224,9842.002493854396
8249.323283714788,3270.9373571141564
1242.593361727008,6367.802455936034
253.5686889259925,5087.864698499787
2097.6063078665884,9414.28315846043
9937.447053932185,5936.337166048883
9526.800485489797,9745.881809423761
7756.052658501991,1685.6666360043337
8012.603873604364,900.3624117613151
638.4005212659727,9376.900633376135
4451.15653602644,250.59643200296188
5158.50995568518,1661.6191638224698
3478.9278118793663,1717.137457658281
4336.56691178312,139.15739344551815
6641.606833217305,4147.739181081557
4330.6434896550845,1023.5489636642758
2029.3214571768149,2789.15748858242
5030.047224244382,5668.899257413542
3450.9555735215067,2268.7263411244808
3783.73073203252,2589.286112799902
4621.765300913695,3497.0943962497745
5767.149049081989,9331.949830822508
8416.03548564617,7099.065627451337
3986.9879381483997,8818.50104072033
9302.792465163599,3848.1046548312593
6127.3507964194505,6057.897885422004
721.6389424961534,3516.8057544708377
3988.5558057961634,2720.6035364402637
6966.048126594361,7049.856209408438
1195.81602441443,994.4475956356202
3536.5344243002673,3036.6262657363495
294.497628463305,3115.4976557626824
3940.9199449268185,5947.273949680983
6312.8635096892185,7451.937651190925
1101.1257813246355,5465.959310016166
7657.224972095381,419.05637040721143
9235.551160325635,4647.539462517796
1692.2541645492927,938.9722584699344
6629.62006548789,3077.0612860226565
8238.834120458796,9922.04530875232
7932.785912286154,8931.39038820122
4839.931367905391,3776.006015576282
4298.156844185842,2518.2339113262387
8715.93338327343,1251.0373639148863
6197.424099813395,4290.023449422087
3991.5468849573144,3697.4510572853746
5804.6233782821655,9757.448618979648
6714.664294577508,2583.613220645913
5767.276151328532,2936.5632594556455
3533.482399009772,920.1070854943339
6368.891301933701,1685.5873154975743
2864.0315934210216,6591.697249522943
600.5599924783078,3732.1708207420857
4625.05654866231,1676.6653684765954
6672.549698151083,468.47922671854667
910.265745391493,8779.39421045018
4501.935195256128,3647.0151803330177
1329.2545311013116,7433.507960300663
3956.244584095734,4080.3459792410445
9955.267787350565,6732.773857506165
6368.738931177775,9870.176800623685
8247.861520104474,1898.3936724588114
7771.644266993494,2305.2607677468727
3079.310136007233,7792.629350937899
8425.567207233016,7044.908095192156
7339.161579639523,1084.412247317692
4387.665287237186,9438.362485928748
1958.1612261828186,1063.557857296643
7170.749959079975,1007.967657786496
2240.705671376756,173.64406700902336
8165.057812647398,5356.344055358793
8510.802361755252,8646.04314840875
4754.455388427034,1400.5494700663046
2459.978075304149,664.301077738143
1448.4453905061878,5787.708823465866
7127.097280373418,5769.395093561892
3010.321136021926,2537.2319512357435
1621.904133222648,6445.053359403844
7150.977742798771,644.9237175051647
5062.031277560048,5034.646177745882
434.54672844567386,4344.676751554612
5166.481355940571,884.737102112636
1227.8046331813853,3558.957421393846
6017.892900015913,8732.69810603525
3494.5042010869342,1213.3616615553822
9847.951697761946,145.12012296839737
8770.723367957224,693.6399759930778
9766.298708402821,3405.229493002988
9271.57426538246,8477.362030294735
2031.892513222938,4659.406755564558
4976.864070068396,8140.9599123984135
9418.127654291111,2889.3296923039
5680.463244650085,8048.324673513692
5942.029050332481,7687.036596517998
3460.1763406477903,2216.481417112358
8721.817269148089,6318.790422828295
7843.018669576598,2782.1554530085436
8312.718325841222,4559.846148015451
6648.781946448667,8068.599713097917
1740.5465224250026,8012.962683471026
569.0550368697523,2358.404542316026
547.553504880739,4010.884904809259
6729.144023380922,860.1215418507802
9011.025413402458,7091.781997577107
9500.847626837653,9675.292503597317
8477.486007616839,6912.816699483493
747.9653129785879,8431.981101311616
2334.334378679234,2088.215070786803
5166.725756848709,3172.771253600966
2671.770191479964,6402.60671335981
6724.796607396451,8726.30595416802
2098.536034519286,6788.734730336958
4233.282885440784,7734.577995472707
1688.054091496739,7925.146930273378
8163.422801988401,9734.095618174078
577.7398035736713,4769.760709666852
1363.6139254112788,1403.1308169830293
4270.182262502121,6520.423053420379
9701.043371855909,7437.763053081475
2347.0483563369817,9722.511481097812
3136.0009257461784,3181.9278133934235
3126.820648276556,6945.236037551648
5473.315160147875,5879.64312423433
6931.505916251619,3475.48429413023
7653.801373714412,3945.5420287291677
3335.435387605885,1497.9932166341125
6683.544412475392,3549.3452347836796
1863.8101473535573,7649.638020782817
691.2451330969383,8396.738354615416
1691.0774728244548,3873.3283684680687
7892.053075740816,7970.792267845701
8182.479812108826,2691.4028031647777
1140.935245767948,5057.44293891515
5421.1432831567045,5939.023002416959
9411.227398901068,6587.635251977066
1471.280562530437,4737.963436785546
5817.640310885771,485.76392579916416
9463.194073784229,9207.291411389544
8344.230100695917,7716.077852139898
8498.681388007804,3365.5440123155413
8869.139368719214,5157.295252725892
460.2592171968023,5826.506123523927
7859.6454051052615,3006.824750938607
2461.733253133973,690.8535086506884
7987.794664234982,3413.9079533433746
9651.383285473277,6184.911092063543
7468.770554722337,8242.191425053243
5072.113823288065,2535.141117302848
3864.4422120016698,8851.036631452665
6178.67659915914,6990.614996235909
7910.565678523004,4249.894774710544
5595.516510776227,9155.732941457725
8262.244699486711,1320.975918930112
9449.551265249233,3293.802585170951
6846.034458043595,6788.1088069315
7941.887222492112,8300.457855953853
7933.256575587545,6123.247871671323
6603.605641525459,777.950618862897
9913.922603145837,7881.111081304336
1540.7907810744236,6960.28019858137
3233.674274630157,7518.662221293321
9886.968620819687,162.30767238352263
2024.4083036334714,5502.7433791706535
3305.875534231294,902.0585085885868
2828.891944401799,9798.895128396452
3400.317260442227,8487.340951222784
8363.117054614933,8633.502925400076
450.9934599713439,7832.115379549455
1030.2529915475411,4162.819151209579
1667.473387427989,4800.309924484032
6936.1469231656965,919.0120345713049
7185.732959886658,61.34018889611181
9153.057753622628,90.70064962962698
2245.3690523426485,583.5034763536106
6188.384127685303,9658.743227418383
5639.8106693802865,3543.0608141812327
719.3860343071967,9384.83844708229
2713.316864317663,9704.607045310833
3905.577743577976,9104.40877084822
9288.188510961163,599.5902320595881
6165.855546098836,7095.63973503475
8950.396823502735,9893.84664196552
9719.013068833952,8080.803768337919
5132.502627816942,3559.1035887307867
3800.7797363692384,6992.7741016591835
9227.242378663648,1042.7986438400771
5553.129251898778,2660.1494031501584
994.0519563500583,9923.36472591353
8314.327090942545,9536.413959494112
2360.1745745647804,5906.062968640642
5000.983613817438,8108.263380971383
2433.319391678056,3814.1215706856733
1027.107128317951,7378.20805518172
2059.0721784152465,1184.4443217730338
6808.980902200664,1009.2589658945417
5984.923867114361,4273.223900650657
196.45345571535523,1256.1704179078215
8372.005353174827,8242.913422690295
9546.969331064167,6154.641527321261
7396.8030611905115,6951.563918416531
5067.722550860794,6956.260641571059
2429.382745092212,4846.665189171738
8141.153811482072,8967.281040190508
8792.182391089951,8530.321744465675
4957.6430954324405,1542.405014148469
6867.462393894786,1460.5202166950005
9212.205604479332,8344.917689955284
4075.5007320917425,8915.550747034491
7691.174221814593,2076.9367917566096
30.79975276382485,2354.653620185574
8758.519496779138,941.8933629640458
6538.1994906881055,4778.613159363526
7644.122867311417,87.13465526117847
4252.1502743290175,2635.250644764896
43.37059349327599,418.74244374400126
772.4967343162159,8918.469274255962
6388.001377727398,4264.341877114185
632.9995497900453,8787.837240594677
4900.873863293998,3942.5703814305357
6130.419750141428,6464.561345293136
6117.491242329086,5360.841135934063
5091.243000886368,5092.1693266536095
7465.403709564964,1303.3698568730001
8909.142081275084,5477.116580021913
5860.117400417926,1755.0351063485957
7293.635677285849,2318.3687659962325
6033.274316531914,1692.9265971354623
1050.2642797672668,2253.7480790378627
7436.295890155714,2973.314858393602
9333.999632260684,1916.3960070196317
427.9558263042693,8296.380238741856
902.8110636309794,3885.669672953993
8718.571752115937,4675.564503162101
4802.6866551874355,5106.891733475035
6681.89671357212,9706.469940455083
4179.292790485179,8860.326657797219
7283.947407724943,7117.597404760064
8200.004403566802,415.57791601814387
225.87651703964374,6255.681517096671
4022.972734496002,4989.508851482126
1970.3789131923743,3597.1930007459064
5705.345010849702,2343.1607300272685
303.0401543823624,9062.813431023462
1332.8789303014998,7742.693786984025
7935.562177135584,1330.5601335923257
5656.159650451022,6616.94987641595
8053.691605294231,2504.9526060309136
8489.826661781037,197.6360223455309
5244.282188759606,6420.8852806959085
7100.7028224742235,6226.974210365316
1924.5465352869019,1807.2928451903335
7639.116415666921,6123.840958602274
9585.283385684099,781.5175280696684
4104.438656235586,1166.8653595311773
6063.574335781472,8131.864552794007
9122.282293561679,8804.484793393009
1031.220324373272,4524.498830730611
9878.900591593947,1412.8021124054346
4974.297574286344,7396.7661027545355
3834.9407224127553,4096.829306999061
3692.9490460733227,3414.7213365399143
495.0071288181279,7151.45921951916
5047.472449138255,2308.664973129697
7883.393677924622,8325.46543583393
6188.97940356472,6329.525514192162
5233.549101987524,3680.0026133287943
8078.165670314157,4962.911913514461
1261.4826201136775,8367.861784374505
3919.097572668835,777.9386682903411
8094.884667392706,4068.067625279691
4992.685460156084,329.05278166031394
1464.6081069001505,878.3461639980827
2907.7791270744015,4128.046350430376
5007.1476158835985,7093.802953719529
6152.905474037065,759.2297502934065
9332.65557786415,797.4598847121406
3395.340092863003,6575.673747167885
3390.8962863181337,6658.364359945555
5899.820405996459,5950.806643031783
4573.421095070006,1634.4626289248254
4828.490105208083,4429.688608203994
8108.662577224562,9608.296740628495
5737.587966807214,6588.239912840411
9691.323799930491,4352.336257541194
9593.446227803728,2871.223288168149
4203.22197257807,2425.834965136734
5664.052631258075,7060.735871965564
3404.1847131062195,6159.32712256701
6672.627538544163,457.54853689611406
9437.410359528294,5883.583512224406
2596.7337881001718,8884.972128118136
204.10054925699583,4223.992040064518
798.9392548507634,658.7803740408615
5330.15645004422,5153.333009305171
9329.409710682092,2238.027962810133
362.5831089034648,989.6237136862662
8474.878454129597,1204.6777836259837
1542.426841063006,4089.140216708418
5999.669445658751,3379.285039602259
1903.6915054484427,8040.636436119351
9455.479547733972,8260.841712409136
9609.338476554696,2586.128215469282
6617.898158337917,1718.7169098953614
1449.9058265674369,2629.974375146402
1161.390201953103,4071.60227403786
7686.1822490844625,5569.314002451779
4637.633263036678,8670.076175592261
2729.3532112026073,8119.4249601890515
5035.775893339822,3731.2590560426684
2890.534200629021,1771.4501313301612
8866.02358102383,5844.93087373809
9115.134673639914,1977.9362259355448
8694.170017403803,9795.792768285542
7274.410664712752,5365.7679643230495
5371.7342556024,6637.904764568444
3507.3782390119477,7597.608418233644
9184.875229833933,7922.965954420185
1262.0143174443876,9281.430989124083
7372.04836002356,6436.985783978654
2251.2220682678876,7145.883605617115
5898.589169337183,7683.646688405156
6042.393591283119,625.4144673226835
5388.537381593765,7990.430410971333
1836.3851155618959,5417.848885012333
1645.132812235116,8371.324179059251
6603.088717820419,1795.546295766034
6851.068945943522,2405.8623795682934
1068.5476243945213,5891.070440361344
3415.6630710607005,2558.3389443955284
9514.805861556963,2098.9231067626124
7727.140473116515,8297.448356360188
6276.430171913003,4029.6420716804605
977.767897358689,2862.1452795483924
3140.8255426984742,6481.867666972388
8791.114820300612,1714.700463267259
7060.878229649707,6142.594604567064
1542.035173190931,7011.247475530272
4363.664618243549,1982.1946899413679
142.43046691096106,2401.6679957942797
6796.549247475658,5727.118463355881
3347.270398371548,3712.2383246860304
5159.633607014518,8439.722600076686
2666.9088236127905,6806.543170545504
1621.6164020951162,6685.928533080974
4559.037930706494,2233.9477167714526
9646.499077824086,8008.175829379887
8470.520722484027,6323.236098608327
2136.97015664665,7746.774978717816
2926.5190431668766,1459.4609764615163
2101.5311276085704,6507.928922181157
3760.8727035013944,4329.509416401404
5803.843450317299,7961.980608729125
6486.894853460148,6788.201515611169
5748.852735761877,6210.686032712093
6046.030686307911,2494.4932715952937
5551.322259018452,952.2753001332562
1004.503828865857,4788.143287692874
3695.9213304967984,4094.941475235565
1568.22168137297,1959.3060536913308
2931.045346114126,7649.424638341015
5344.283319640013,5695.54442664094
3405.1745113578204,2272.2949000452563
254.2102740568364,2872.247598440094
3413.0981741791043,4416.617844837973
9568.852864873692,8787.56398071946
576.4962364915572,9559.817529877466
48.831745739713604,1640.434475511977
4722.9962538407535,334.52486447565155
7329.767035597656,4458.174091158069
4102.5861526684,5332.90835990867
9215.49735561236,5565.188196682486
8016.683584455386,1547.5069724136504
5691.815875340224,8514.658890537223
9682.148531166908,3861.756399790938
2532.5239686499003,5469.773917579546
8453.377743480052,693.3137162825642
113.52362476235834,8111.164925426344
6761.649201858127,5282.793984261649
8170.356572480392,8758.746366766134
1943.696071737714,6033.770098949368
7868.187829892628,9916.058278972647
3392.6142897942577,3124.973273295324
7736.50366366783,869.5135328094105
9313.076254506273,6716.2147276448995
1395.259528525321,6527.117237802399
383.80457440515437,4026.4064891811604
9949.135100032176,2466.827101460466
7530.104624443183,3370.7720796967965
9208.688450046651,8543.182111049242
9474.448770949903,5050.542136446915
7314.618208889286,8641.735956522514
7843.6670963971965,8202.293811317559
6453.1055349575,5577.781240942724
5713.769129852022,2448.59370760523
641.5705631576963,2467.315742808398
7362.059297707608,1517.2484788463646
8364.526054062839,4665.459866814104
2494.4149059462106,3520.6169579529965
1253.212009879877,1052.2469923439849
1101.5945360459789,8879.681230630524
2286.438003606536,50.819256307235165
2736.0183870983733,5008.670393193747
3852.686340807814,8921.405670321712
6856.646778526323,5482.768026108596
4174.964595526453,4367.74529098932
866.7171511964233,7937.585638969255
5543.124077196408,3832.3338858740062
1460.9336598383404,2419.9584758585092
8568.884447346612,3667.028886799617
8551.871131430653,4074.3549092238986
4608.94057804844,7775.889648007913
6339.066867246598,4451.717173705132
8368.883660163448,635.8626679191981
9773.67228513689,9003.489221547012
882.1382721548921,7009.770662821175
7887.251600028572,3378.5494523167526
9696.622257121851,9021.467653792
6663.069365907682,1931.0058908612882
4298.702952518939,3950.247823994054
5909.129424073301,4572.112346437
2163.388780449421,176.4164248722566
7142.936746354247,7715.578965807503
2534.9152102776784,4381.070553862733
7951.144843765746,1050.4844189500607
9275.054340732217,359.336225877106
9877.464745433012,9857.774422358807
2346.206278263968,4976.136332868881
3821.75225337704,3443.283880663868
8585.682551389058,1106.2462155929531
9083.172091108872,9166.507718396406
3641.3716776662163,7842.3085731982665
5090.782775330878,8050.401654954337
9976.65951790095,7357.940187903835
9858.175217794742,9749.532478288489
9566.800135665882,8849.033428858193
9188.535879779043,2379.0600678296037
1476.9751212046401,2424.8076979801535
7546.782690285717,845.0954200652238
247.5194154205762,8030.720676890861
8542.351070230003,429.8706355512261
3621.774067935293,7936.496538987329
8209.491053704458,187.42024074010376
5827.295846280591,7113.083847997627
425.92183605394183,8647.859156873856
5601.462967453574,6797.69926566588
2635.2970899381844,5822.915032791258
556.9542762481916,2775.528801291247
7689.51638245773,709.5174529375104
1849.4968497967934,3698.2039867132144
8799.926432270055,9959.01858229188
8709.680489847273,897.9231277538257
4412.390824688841,8233.032391794688
6601.790091675607,9947.660203000209
5471.800215280058,305.33789974346416
2631.659007941738,9433.318049082063
8362.977297557218,1750.2415128356174
5876.663070372751,9406.465054299826
3395.40971652044,10.774030147616687
2620.305977493682,5851.268529926333
8931.935908986203,6090.690128012688
6695.980831480713,2822.944475930158
6746.303094570621,5469.712554017583
2745.3550171443753,1286.2527188346705
4725.838232029663,6235.682752991216
9272.775374276465,6281.324776529547
2632.441790173423,9764.678613851227
4181.805131416943,5579.436236629909
7123.697813604674,5008.992758659749
8495.984544636183,69.08544705553909
6684.835259121294,8800.9103970482
4572.6634624093695,7497.680542812891
4641.654839062066,7493.860080441394
9350.864531555551,6335.160040738906
1233.6803514808803,6880.393134068577
5087.715694843564,6650.040587401878
6238.651874057295,9821.503984223194
8210.166162738262,1343.723245883437
9654.270850296025,386.2378857149962
3480.9064639678213,3142.703845092001
3750.341596344683,2403.4997537077707
5374.286800061392,2173.888956283756
7325.933306104334,2643.6244990245095
9904.207671234675,9084.212229514449
1117.0847785275605,85.07502481488683
9134.996429881465,8838.565626138268
8635.103085058785,2908.3501549896805
9537.34614804781,8893.717118735545
5866.032698177107,8517.91336758609
3900.7712391101268,8317.123012079188
9886.718524591957,5337.091245991484
5677.592076383336,7141.3433651937785
8438.100867326311,3160.757718466216
5162.624917318033,5743.420122607184
5341.560436398018,8745.893330937064
1226.776906317073,9066.59815541663
2145.3227510271076,1308.9117378301262
8717.806654790447,5002.853816971601
1507.9761969561566,9071.016580529982
891.0379137704427,3822.2441534395766
9275.938925329989,9569.216031803371
4154.851723417942,8479.282790825213
9045.017882940745,9121.372478731195
4682.593987428616,8785.234910498204
8902.840949127829,7932.793910583329
554.4609281017221,5278.552223611965
9143.035466300991,1461.1240469102827
3641.435761449301,9306.466471048347
1313.0936662942315,6481.163655318059
2408.6836219398133,3846.3798689558494
3537.997959562168,9769.508523451117
476.42307955918284,7105.389416468296
9225.720223071869,2819.794600179327
8325.734398603272,9276.357006657512
6006.435608260486,7692.4304718625135
5967.114057715257,9220.151503362198
5077.210570181654,1764.4793308726391
3089.299601300636,4940.418925781006
9703.663722960524,2089.4925191467605
9191.262575683124,1306.127828661635
6190.5435895412775,521.1112634368753
2700.554899489572,4023.923673827504
8410.531459273529,7975.304545512194
9910.125288263816,4222.794882076522
6279.417499584611,5918.3218418504775
1398.655234982552,4415.17661224437
8607.097814171957,376.570061672038
7929.959391409582,4707.707744306523
7303.857043617293,789.4286656872373
3041.1673163271903,3546.487051038957
6055.180592777579,3957.6937857805474
1830.6645001599643,7269.641523620789
5596.669682611296,4666.505916885705
5370.762754382825,3118.0337672516434
999.2069815126592,7264.738948710323
2292.4811790858726,8575.7695954956
18.375652658355612,3967.851869002016
4440.839295063306,851.3916587535908
7375.469650694639,20.1288458402038
2997.3992028284756,332.18574628186
174.54877749521037,4495.576561433915
4898.6717642799185,7596.8292343413505
9866.222179342183,2205.5084476393904
2484.1084045896687,5510.410382126186
4469.209479457955,4654.153964642412
4990.779999496985,5246.395822947821
8627.188677082775,7116.2535623418835
2002.9127847812867,8490.966496545218
308.67655830245866,3289.642818487576
2379.1908103329806,2076.502298480679
167.39933099804816,870.3283908124881
5218.206030861779,7021.475879724301
709.9130147309573,565.0580526676397
2258.41495124251,5846.094972100039
62.49929331553994,8120.760319010496
8470.934864581523,7756.715588687136
7773.3809966463195,4995.071794276382
9398.585590703447,6948.360894835344
9025.14589416054,4709.632523013251
1598.5750086879746,8182.90348696887
9108.90067376439,4301.788914428432
3566.781044372712,8029.695908623604
1975.2118770302375,4534.074311229784
2855.230721225811,566.8680590459974
7539.560183285797,7664.691007862463
2686.1788000848364,1665.1441756102026
1738.8917722009778,6093.048853142031
4641.960306307664,7501.071268902137
8112.79899003784,7461.3938875773465
4210.730819979758,7119.150715187285
8172.81574302775,9625.0871792892
4192.908526257122,8472.402103396373
1693.8748457768138,5846.618017694392
4335.092995166685,8946.024974308008
691.0314526760397,8662.781498261345
8613.993271956664,2133.310320982197
1098.398423886605,2334.408159193344
9481.375814560139,6044.926463630859
1942.8400341686004,6048.062232780941
8835.708445027796,9908.209433404649
6043.957977833987,1015.0676180554874
8536.92625065171,7645.919289670013
4559.495314154918,4905.554124869876
5032.917873376217,9635.567746331335
9004.842709743054,6796.709180912267
715.6699041224401,9779.185453727981
2581.8878415365098,5129.319528799906
2423.3414121077167,8141.779356224454
2896.8284603922802,1244.3594786361766
2219.6361365511107,6581.673956403165
6565.819824685271,8731.245779047735
6880.8729459728875,1446.4047504471023
943.3645304825544,6448.34780287399
5390.534036342651,4730.582996985047
429.8779708181588,9542.347254545675
6146.35747777474,1726.2729884733296
9968.489435203535,528.3986949296504
5246.267210885813,9044.334664009242
9629.784744994775,4920.019390758529
6383.01463988513,982.6517619782182
3115.9342861422933,913.6777629315662
6177.053808628834,1373.9671192907488
2478.9729033009057,957.5673629719628
9333.250031783673,6942.460527875101
9998.209214315462,8966.138956013818
1419.960082168974,7674.409259229778
3844.1432513344444,4188.655846751419
5082.1504231725785,143.34817662141063
1322.856499570626,1974.9869493597205
1198.7756159273554,3699.857912219454
268.9845427550408,8010.487038154087
9712.144691372525,6843.751824443956
8359.163730997498,182.96828236400998
1997.7331242451535,2792.5652075142916
8634.621279655325,7827.840380604286
6605.8062082517035,8926.524962900874
6940.207282107912,5261.305011522909
9130.47438891878,3435.024059699078
439.3302932601917,2499.9113131446225
4148.583256565134,4188.091581457271
6976.491015933757,5944.985211221387
3358.1030699163416,2043.2100191407376
872.9170097581663,204.92743775597512
9638.235965842403,2236.124406787443
8678.991403694554,5834.321812802159
1863.3062143748148,5798.876265872223
4996.355943017906,8496.655160592527
5274.999816761947,8128.5536943908955
9431.057603693986,1158.919951171228
5814.094070464694,4136.727045146198
1606.6842549142245,3527.23617516114
4864.087229787534,1442.9763722590405
8439.595197494256,1745.8814127909118
8381.43281034855,8585.555637458956
6208.794466578129,3623.141748139702
254.9935149644622,6253.127657145195
2362.45443196506,9645.74408951694
1181.400127381047,5596.118304190038
6015.282819807656,8617.73400241658
8554.901191298246,9618.770080858561
3417.9945173895,1775.20509703474
2671.9174124786473,8444.590304123036
5295.413812277432,2648.783266113193
5303.141900959046,4510.640079943636
9017.032831300972,8437.881268768886
7894.84248661393,9717.185516392745
9825.107789787093,9617.875587092756
7163.022230827901,7786.716257533065
1137.7398360448453,3157.175999131305
1992.0047960362374,6963.810999506167
4250.641997277776,5861.298160325742
2183.027871023908,4583.2876732941
2653.910013169327,9146.688958644521
4997.925722565594,9359.616845495475
9502.4010845683,5597.851802339964
5131.537009770006,9874.331687911192
950.9031033003535,584.6657087547013
8232.933036668077,4111.316232260548
5216.859943701543,9647.169717628356
6178.8156060903875,1881.253652115541
6185.429554632465,922.2485047245965
6252.68152790117,2918.519932117533
2940.049704075954,7710.723050333317
5385.115365399755,7609.613230764651
2192.322826344444,9946.925794588637
1708.2757292886163,563.5447220257994
6595.046359749384,4690.170576432294
154.36609100808573,4260.949820186043
1767.032584671092,4174.146448501668
8417.12847475226,6619.950971194926
9134.186816330284,2036.5880595312858
1082.1321028477105,542.7276965164363
5416.55535423847,5746.49426066565
1888.8049706248255,3964.1098931693095
3647.0156755990847,4593.820711482748
1913.5749784551138,2582.8489714972256
6825.533283316822,2626.430752071991
8377.498382940572,8511.987099819227
6797.9826476904755,9928.067920529802
3658.352686018599,3008.474223330454
5738.6920526773565,519.1498662433902
6332.469149209569,9207.977803997037
3572.4483198383173,279.60011234842597
8879.311178150827,7992.083460782207
5202.426628590402,5261.369891661648
1286.491185407236,1081.285997328677
4952.763666822233,4947.0213049243785
8140.203724551062,2482.8196151759776
5007.769942496011,8095.379554898483
6268.031745244851,2877.3515419064665
6535.686078745796,8886.180609175728
3431.6294358602286,1937.4255811931296
655.5895226653863,11.155081369323971
9627.910035448027,3428.1180724868777
2866.2588033617753,9158.574045892929
561.7828866493335,3241.298227436241
9524.137820872069,3127.624254028196
5546.04822317069,5419.62492180273
8773.976507723064,1869.920959726814
118.03131874943085,719.1309067138008
4898.357807128397,3913.492374237909
7393.0627631886555,2237.8868579345444
3864.607083229481,6825.376069942134
8413.591202076295,2951.4754029857672
6708.196426709126,2188.55319286705
56.04013433852417,9647.4992561071
6284.33139675724,6415.406123616102
2836.741062851541,9511.691328211497
9324.89139001118,4635.416094233482
4634.305455923321,2883.3016849478245
2322.6071187347743,9087.966915448495
4152.091696735024,3159.20553811484
3269.485702480158,6421.341212016252
3661.569444335455,7605.008811130413
2523.5885741723664,1945.2758245899004
8663.263235708331,7920.969819127558
7141.986290421281,3108.6028822875965
860.7949895294142,4346.98135472526
9656.489894796161,4463.468886279535
5455.2426464818045,9947.44686445306
710.400434827253,3515.390318413485
8976.847854944112,3976.921995863226
4590.386640501352,3229.328519835135
2185.7395974082583,5166.600664331493
633.8049388249756,1987.8179718735512
3473.270505462046,2141.2043840641427
6433.469338904288,770.1528169328742
1802.6071240658382,3354.8010963836073
3461.923384346729,5906.981482577987
8559.284531607454,7134.089548370628
3412.689758631802,3335.067545825232
5911.813574021442,6236.466358222618
9104.673228957105,951.1764498974907
2291.495218868206,5232.121097955585
5194.665618956683,6461.320019672705
1697.2366206853228,6197.754041692374
1554.0771970487222,2384.739233842528
7251.261769001606,6504.313243013876
9812.474321622403,9495.92453670835
9849.26949695117,4429.070864440633
8143.189491489768,6999.537893960562
4133.970446115357,2504.4082803928327
2784.239991349028,603.410859064466
8159.699924960989,871.4572279396082
5771.940721033664,847.1477413617934
4209.196117175025,8408.588334808383
1182.5259833972668,3887.1322493161565
9273.30073098944,7553.779545983766
7820.826913530473,9570.26972972282
2371.8156786640966,6924.735946401056
1642.0792305950315,2849.7934499836365
7601.689006089956,728.3025327970028
2652.663143965004,7768.799554723204
8042.945906723949,9591.37790522465
8388.077450881436,3747.2025599324843
6067.19041979732,5023.762051883063
6062.50157425687,8721.806697644628
1152.545243396106,1350.3275988815788
2280.4835944656834,504.2285647928613
3384.0057206806528,6566.652220521273
1775.7666091637125,4639.569760754384
3687.7877938717484,411.6274999776515
2144.917903425665,7092.350668871998
1326.5744280138392,5819.86218526099
5261.408090977211,8370.393339752169
9879.143175164203,8170.191479530053
3955.213697372193,9652.83704096515
6117.755180665856,5843.222796340943
105.41609618246461,8249.63883366299
7695.099331477053,6082.522784377546
498.2022597813474,2608.594703571675
4384.884390521985,1874.5367731928663
350.70388277484545,1940.9884694687207
3994.468120424769,7512.921991569435
5073.39570067031,5392.447024356121
7209.540915719454,3666.703066534288
4342.775866995337,7547.251649709971
638.5276849292509,6304.879821244856
7233.891749151167,6569.995706757749
2986.5041568215624,3776.8354066489983
263.77875808724417,2893.6036591357706
3268.3225493492296,378.3910584365535
8827.850321004718,4037.4680293251718
6712.76272274707,2964.8710246627998
8774.05129630326,1643.4315476941763
9741.513058783976,5374.453743821351
9384.80422399819,991.5787127462871
3296.620973351312,5612.210265610081
7053.512769207719,2696.740968160949
4845.225419236999,6878.907391927979
1639.1617001662307,6354.994636143654
8689.908326649876,5155.017774548759
3258.4908862287875,2839.4306854951446
9358.10815649407,9098.237648291279
3582.9806765926332,5299.137819363198
3198.0128582176294,6449.487848769508
6228.198416752024,846.8206864427352
8165.4060011426,5472.247271615829
7731.257033736893,7304.36216979573
5108.609164587333,5419.709016254242
3200.3134553807754,1691.4159961932828
5838.234314676146,9954.36762457983
9920.50912881904,8160.604463266159
8121.229048741117,3517.7002920726195
194.24295189454764,2579.059065711189
4890.4909996201395,9697.616729608955
2938.4572627495463,7626.749757573986
6565.1991948413115,9740.219555860926
1248.249804109961,7977.3298336499365
8075.50310378192,8847.807811009607
8477.568080682559,1437.3973526188533
2554.151049928708,5648.277368261798
2772.189113915362,2572.0634626437623
994.1606313797935,9691.726637148378
2443.471876068536,1255.0072735968165
104.84698916580881,1569.7639441263755
8631.000963416029,3134.307720790861
9809.801174960912,348.69726886293415
2074.251013420696,6088.182305343674
2872.597588826475,5965.977509829162
6358.8707765320305,415.77640051612354
2737.8253546393194,2574.3723736452584
7939.458587997641,4964.262428583282
5029.155879029908,5309.892098619086
6558.005915263254,9702.34375382744
6273.359058857153,5251.805884687315
5344.433613794885,1029.7139373862274
665.5611165661624,7947.999604188388
349.58533421106995,155.90195743817148
962.4188429738101,6004.535030551931
1363.616291792893,8396.427022214903
503.0651892187932,8762.361049626277
2353.9258890972005,1020.5047909775644
8588.658030169749,2857.7874488820175
4692.137525092676,7469.548772704453
2474.263448748517,7198.54907797963
2469.540712311005,4223.396817211696
9728.792675283785,1623.9872327880344
8876.695763586324,4915.63722234498
2089.704153682832,838.829524508068
8574.776652873701,8897.409911526604
9594.158222709197,231.68384275641384
396.53430744280183,5195.008661071308
4779.9954877673035,7963.672790667125
5756.893157134191,1891.9298373930294
7741.237984230158,970.5273291638849
4343.207193684422,3711.453660188544
8252.414581463974,593.3544281158709
4957.625697059591,9050.696799073192
7992.965228401588,7183.810569186539
9438.44868082718,9878.036288585517
2216.851422562707,4310.597730076163
7640.389394212999,4254.875617560966
1870.015090229391,4015.252710892592
8136.338790433233,2374.833452995244
7579.974013808707,4968.834130234526
2384.378569118465,7972.091481652077
1185.8635907594228,7812.1191080639965
8747.776882674638,6689.395380024328
9280.539414594887,7969.540893461156
6348.688757768123,5695.713930882167
5556.621360171897,2877.611078559039
2178.4059506266053,2996.521261876971
9628.542691121502,9360.818835608063
6041.811799202151,7447.559974660477
6621.041280258965,9563.015804606193
6903.252617137235,4354.852633750817
322.9839873892348,49.94088999356716
655.4947548085144,7249.457427205263
649.1004624810215,2969.4310289202385
7357.575594972052,6779.760120797785
8042.01899799618,7833.856586162274
531.6861782326299,2395.020574863519
917.998933897185,5700.832707951591
2840.6261827222856,8606.001931553143
357.808554136152,6415.853975551118
8945.830837474567,5.2037703363683185
4388.8370878636015,5413.411703263965
2793.0706542553717,8653.384229076912
4846.612882941645,16.63217041888099
449.16283245103995,1222.3301632007278
9658.161399351955,5462.065585279545
9826.842688521996,7817.146136261628
1831.3944504560286,1970.5631122673105
1741.2805081482718,7682.371017320582
2585.007191408805,4080.995021710875
6066.282876878186,7437.488502004712
3719.113475777632,8426.286106003326
9534.236710082389,1612.9838421037912
8196.125415847297,6815.8327741322855
8282.00331648146,954.4105248958246
3288.9666402705598,7532.627542005961
1031.8477118696956,2848.2348272515223
2588.0973129049567,9214.081660572225
9973.793318104148,1659.5623062922061
740.874279150393,9059.647218580783
3584.1769957712013,6203.493568659513
6053.806412314292,3352.0513910997884
4221.669982481821,5155.727715916369
2869.4674203082627,7823.670253205189
3811.1526858682987,2381.040836127206
6249.210662885548,5216.854935442693
6628.363193243417,5139.596224206968
9442.496161110277,5482.952556726965
4763.298201506624,719.9573923282254
7419.126185471684,4198.923146809239
3255.659012490193,3451.153254613417
1066.6104810998988,4551.218892496344
5443.086504538382,380.6955714387261
233.4916994995595,6070.042745780255
2220.8277888429384,2767.4269537047057
1333.8547764826092,412.5812547514951
8624.036608943521,9694.077453197631
4803.688645026812,9584.206414113569
6963.617302598791,7987.744576352459
7315.788625009126,2994.199546029702
4087.587964979167,327.9282508192205
1608.328384397375,8609.052221392469
447.17017966154793,6948.963666992629
5951.285829273614,9252.743062421554
248.4825961478554,6214.307456356471
1043.1311504383689,5997.637131897523
9447.408625041724,1962.235139919626
6766.617350288869,7807.394246449003
8458.265165260002,608.4055778759212
7100.185682061561,9833.191849076196
5765.823248188777,2683.918586925622
3878.499196065708,8085.357406762523
2148.2949637409697,9798.431302289355
1107.9169404989298,3878.660675075588
8120.244079875919,3377.164478493824
3828.230354428285,1474.028180987278
7520.253943764027,4392.274011374313
5635.4039117311795,4311.16502811098
7886.950366542662,1064.637422333684
3353.887127625036,3245.3199031978597
7254.570822863768,3437.8675533808632
756.1192494643332,2138.149094226033
702.2071464255187,6135.072022213157
3009.2245616032587,7511.151161265783
2345.018717873827,3443.7112665455215
3864.097089889448,2010.7485089016907
3838.993466252594,7046.360458712545
6225.372025105592,1568.9503156312146
15.551148126227154,7866.728577288095
6985.860715534686,7870.654099055278
4577.682270087697,8295.797306780696
7742.412645946571,1274.8151368960857
7626.928355474732,4334.520792561199
4223.907333729188,2658.9541019363214
6969.339701047506,3886.5100493621853
5620.599229446775,3656.3807493564227
5507.913632687499,1326.498936645264
3267.649083833304,1309.6117285619325
223.41905718112122,2197.076464093529
7725.632527376271,222.14922728781673
4226.984565597959,6038.468753989523
7818.0303902015285,2890.943602253495
2711.4502816583085,1214.8266543346542
1680.4291820463102,2328.743729763023
9119.966120835177,1895.133209162273
4798.966088835559,5405.823327093102
9832.027566789338,6411.385227678247
7782.9860092315585,5977.379375933901
2364.8862878798327,6103.2498790877335
4833.816201600115,2620.799827222542
1980.8924848183751,3517.1892459044984
8898.160052390966,331.1473594647829
4643.11838179107,354.4865074492864
7565.9443622628205,9201.832025182564
1201.0738062773685,9082.717148395066
313.2904354375243,9299.924571314592
4254.371901335885,7447.240681052478
4306.440263423123,6994.940410550843
2026.4365187791366,938.2133013983517
2174.525316704814,3426.2678244127974
9698.94075353714,6753.789083874674
7823.382285245922,4101.140689985734
611.65375514737,5038.839905706308
1895.2121400370193,6683.1562387011445
5198.835010018887,425.7238522225204
5825.18089988728,9497.585885132425
3570.871752601952,5695.056293100084
4301.525985906422,6652.248107081214
5140.492654430736,7223.276936879155
5003.3316739488,1313.920473200536
3085.293922798059,8503.738662698172
8930.932366216824,1564.7541299182733
7735.508577371186,4318.8741060712255
9148.067578101678,812.6886944313883
1626.2180752075105,695.7803343563851
254.01225012092522,219.93314376417493
1935.012032811476,5878.672221465461
1409.0486040437545,9245.562340121838
4356.47082570302,7491.937260768364
921.0219169066825,4755.449841150064
973.1343484914256,5929.422148966919
3528.861386500054,494.2899991614669
2712.292797231709,3287.666228290201
9091.10854869691,7607.381685713406
359.3579778866207,7969.701188851694
4361.1048076556235,2167.562759378504
2082.262097691824,4987.1550805591705
9497.547224772095,6661.880860495999
2844.060358121987,1888.7538427243633
3769.9667718951546,112.73592344921757
6047.903226618283,8026.032519042606
3880.6890193261347,4028.098149241739
6408.770645318284,7196.335791281658
2118.355960177811,8296.054410900657
8620.445862636958,5245.332295130526
3491.275768895533,8109.4675434128985
3799.291529515103,2307.828748572235
4347.768609275909,543.3535307595439
8256.578721217775,7481.981875906291
7783.2009650435575,2895.3475410054584
3281.7041166500694,2262.401408809035
3564.3156796886324,3370.2432718298337
4384.870469636748,7023.104967509819
8076.559460134227,5620.389854270922
9260.811245533247,142.32559291650125
4360.957481794021,9900.018434286421
4080.6430764110414,7126.516530071405
2646.6614033268943,9433.003936777124
8871.231304411918,6775.914575635283
8026.71775932399,8548.464260229648
8658.12619029452,7646.152038397142
1114.6842400403311,2252.9079713828282
6276.46283293959,2097.7902889199363
4004.1621200632517,6682.988882095917
8033.600138899225,5346.421008776893
4251.009160288299,7089.486872891435
4807.287276752104,3777.613018271194
7057.978973496159,6669.2049549794
6841.606468609537,1972.9061976627715
5910.775124262563,9987.732312040094
8400.28202676823,9755.11786667839
3278.4660114228905,3168.711005767447
2922.8081585954014,8489.387772527449
9904.719128372346,4902.864073717318
6399.661712431479,1754.5331802063247
8804.726171936743,3762.741944368494
7766.785504935514,4789.205363334641
871.435198362095,5654.559968217158
3360.336252835616,9426.888008073243
8530.160765872344,5575.980957837702
6892.294184508188,9893.235051419722
5511.68222144161,80.77611880847213
5990.036737923794,1900.1832354031712
2115.2910265789615,3742.397472258433
4169.294662282064,8362.127335751482
1186.6223471413061,3491.939295800397
1563.9112365410313,1076.33765717411
3439.5544728238183,668.5853657950403
4526.407991633966,1318.432653749102
6234.2458583896,4008.552132538007
8465.498562659683,9268.780859948376
2626.102132661491,7535.39024737765
5956.714791505979,5326.399096167448
7129.892956738921,938.2583855972804
7301.942431692905,2404.8999649504153
8709.487393947062,5320.652240079335
3918.048332089189,5798.895860431088
5308.742371324361,874.2511684737219
9147.359707594173,3548.2186455757146
3181.2018739001455,2347.04861196162
8333.558052053406,8897.588876414651
9476.223730276583,975.916845996746
1400.650837127363,4942.861536428094
8711.84257770715,9627.813943535422
895.025439842172,8780.94614129366
4197.522911856724,7687.486807451217
9897.926779381258,8785.040838662811
2150.4497969171675,9439.664420928968
6388.076081330685,9663.201649623896
9080.230739298499,9904.248386174595
3535.8060808714777,4607.32548240294
8722.51732089256,2776.7600962376314
4170.059074367466,7984.812986415549
58.073599361191384,908.7788201740387
8051.168176058621,8735.454047761876
5064.514720001035,2756.9202834597727
5015.459241519477,7687.22855765512
9848.509881079299,9444.128335986288
6371.377948029394,5853.093588003927
2650.9455249113644,4587.311885283979
3022.076899817867,4338.673912163476
5697.561078290591,4857.842635868691
421.7893696736441,80.29135015721556
3423.1982800213877,8871.36084976693
3500.295438873331,3467.5828361117465
708.0552752653491,6098.971169993951
7253.821249724647,7634.317981166323
9201.789103942387,9982.44163495444
6038.872956244378,4209.784857089174
5876.750011161021,8377.22762569669
7678.213325760462,6195.618507851499
4339.772382676937,9832.311358844401
41.873981250457604,4169.032585564862
8794.243395162322,9486.491202362518
3732.946002202423,4804.383576563838
7276.5688928787395,7692.312851450791
7673.892955501208,3788.2328328260796
2175.4152109863157,9152.581733759582
6089.731058372671,1482.4692792890337
2756.9541252762965,4666.363650592933
7166.893421497424,2514.153656583361
9419.961899435655,5962.98053844158
8804.493856576148,6597.996995145367
4218.53362932661,2574.5942375058808
5841.438287566226,3247.749578588083
3877.5399631072505,4939.5625655689255
9078.888933488666,5138.102508184344
4074.9579821147886,2399.775374792962
2013.7984726629943,7976.984255600478
9456.135636400917,4597.973091622014
8745.239304839326,6067.160519211025
1899.849415271957,5602.13462084364
6568.5321598707815,4599.893819040798
2377.610240327176,5070.171347715529
8725.492954457088,8973.670780769698
4471.668595345583,2354.8418273951143
4776.613760015347,4003.520287134903
2474.6544306115857,3456.3297704640527
4698.770382744711,523.6761133410062
2668.9904350153206,6048.885369753858
4530.436336847314,4699.777307610907
650.8109250945538,9872.294126579402
2226.426527182012,7224.775232841358
4143.206702012851,6575.656147099255
638.591330676549,1235.9634633252804
4985.926946793661,248.98146599559135
4178.076147071153,740.4991294773844
1757.8326218417274,2772.008839878202
1327.3155352908973,9323.23706080059
8298.781280855006,5646.082166051069
9371.827683930765,6155.5493133793125
4824.195399732261,2181.4853964278414
4763.190995012307,830.4204550836713
8580.998214589097,8498.750125078455
1304.1935189490296,5438.747863780748
6667.120691755796,8659.289741385473
734.6754260934518,8317.681013499205
9165.47497019345,8393.12882473827
7350.712263988151,6034.752315575313
6811.294207833527,1713.0560814463502
8521.26005658611,4141.969523144523
9690.626977883097,6752.100086175802
7211.939759972894,579.8307403960113
7714.817606305182,5730.119192064447
9920.97086956001,7444.7274962488345
6504.810454501918,4158.070214390427
2642.5684437072873,1275.3191070829162
3014.7261556241688,4905.448344231916
6089.226369539548,154.77992938074837
4903.14927758613,759.8621307174602
4075.833173723372,1199.4008522178178
815.0803670061024,9290.91595173021
9888.359554107865,8435.675240418783
166.45107811352645,4228.338951325966
8865.112622875706,9134.770084998385
3224.7161253986446,5485.6716181040265
6282.997809520964,5611.442026931236
7174.332725782046,5482.117689165384
6708.913326238254,5582.237587047643
8045.4341619034185,6959.849359498208
7192.050078883398,1151.4206828065999
4163.634795021776,5856.72217965993
272.1514816500248,6903.7873503375695
9678.346567009647,5189.9902005564845
7165.8482671328675,1735.3879765344504
6034.850045164705,8895.211519318986
7119.458770595738,2000.2031930907638
3885.232397987478,7189.13858387139
6957.504790504882,6418.51598707285
8122.107681569496,9843.078378840975
4182.385650018191,6583.317435173351
6815.370734765644,6342.294463537615
6337.878002278363,2884.8894181463124
7334.481613990624,3322.635921435553
6612.249267493449,9313.113851328928
4983.539587638956,7892.832301310413
3067.2146096534193,4920.078250660206
7519.3112689799555,2602.42819947737
3669.0668568137553,1391.5002516341967
6473.008464690219,6188.725843696025
8978.002371138948,2632.397725815354
453.36560307799533,442.1232826050214
2583.3276340611687,743.9834629937303
426.52600080989924,9066.527534571624
9054.517861630191,3890.035612195697
6065.897370906377,8610.79332875066
4589.841628559894,9130.611310856122
7639.591532757077,4389.675224911629
5062.446928976115,3011.522611213695
5467.794929276709,3839.215635422005
724.5772130277217,3898.9858371372243
5308.9309459099295,6797.6200139914245
8462.631699230487,9346.292676558212
610.7298857523125,2643.1651753081055
5151.026561656641,5997.0142538005975
4583.817708207393,1827.0111967527168
2644.392947949339,229.55355851739355
7639.694761752743,9902.62992678084
6903.105323318782,2721.0609198699653
7178.483418879169,9710.361873319302
5579.933384772615,5587.432981468798
6426.889185626459,7401.785746207401
2448.6698662184335,7029.348005325168
3740.5274253071575,6323.811572312371
4475.182735677442,8010.112728861043
1799.0411660824357,4312.027885299398
9369.313915151068,4762.158215748125
9152.299911945453,2498.841616720646
9854.326999032139,4405.3415384237505
434.50081822718147,6268.991491061343
1127.35693863396,7418.051348976479
3586.3674414499123,2718.9937377384354
9763.509436090273,7980.15140026986
9190.366184084689,144.3314964558351
8497.3159038783,6948.782567308433
9673.091633864164,525.685114016754
9140.103548925665,6701.946128885359
8915.74891843813,3578.1901692090933
3665.854204021527,7841.458669952533
7398.168877138424,5298.654925445335
3464.1323395178656,3674.4468667432607
1985.1416862096205,2765.7886902439977
417.4895647927124,2236.672895073959
5276.041854902141,2564.6568210061505
8750.98689218501,2001.2929075459706
1606.1821003109033,7573.8656677399695
6689.023451130546,3999.913494286043
5163.257213100174,714.2868876666308
856.6770283741575,8209.262863390322
543.070892316505,1461.6433130229623
9665.373461503495,6310.353043588488
3855.764174974876,7445.78997631263
7741.491847186682,9826.218821893359
3797.964757339284,1251.3536353293052
1126.9872800631254,5313.681619112834
2188.254126274576,2357.1819399387327
4605.342291661555,3614.3305906301016
3759.5193455905205,7582.204442651824
5850.871820986397,4786.783907942638
6877.273441228486,6873.139814679215
6811.272866771504,6765.669312792008
2244.2206938314935,3332.3398268145534
2489.086441129361,4335.913237643851
4466.168369805115,8866.640254949236
7095.92649915,3619.8569178681696
8627.21417290969,4803.4771838438155
483.26406627983374,87.70933364790068
4315.7516909415735,8182.271323752286
7653.019286601892,9862.76759805929
6727.118665737887,1299.3832899025904
8720.45538042238,1762.2405413949082
6906.878255806277,3233.1856096031843
212.17099389176818,5791.341376048884
5353.486776051776,8376.434992529286
3751.6820485531157,5011.350664726637
1202.574057759106,9896.63738736458
8677.259738397091,7885.460028790551
2671.60936189906,3575.3446913076737
2109.7085560461346,8934.45763649505
4951.038474561975,1799.7596410595784
1796.995905200819,2150.8448856366435
4340.662956329071,2389.618600924418
9596.294308521097,9139.762449323287
2991.852150130595,7063.752537786283
9230.42530310773,7874.3312194652635
871.2388658387182,6710.577788033639
5072.959896176759,7625.718100583572
6490.213599172884,4728.943123686131
3692.9763507873095,2977.077317166571
1943.5543743130513,1685.857327151492
4283.409141666443,1257.1301657707645
8515.813017501729,3426.3899796009077
9865.23514950876,5778.460916423432
300.57382532388874,3191.8415294886317
1031.0985857702626,7741.237949045543
2710.2676421079364,3550.8918375948083
1019.3080467689053,8474.457552814847
9169.694882436466,7204.395805085381
9390.252760863845,5041.362160833685
4231.526705269717,2608.962793205167
8733.653154688951,5987.716784090531
3232.920206894703,8157.755323229907
8698.303497525221,4207.040675352165
8216.348998752943,1504.7804183088288
9365.025058432126,881.5014266882271
6408.309339126843,7522.4092202856145
9074.169878973138,1174.1119413960944
477.580382905608,5371.253707686428
5218.065381672044,7460.023307242791
9378.444225869473,9113.760446914846
8075.901078154979,1117.666577290607
502.4590902883641,2557.816837828113
6967.383878884625,2018.461944730311
1256.9981336395663,8209.620343773116
6491.07270798086,4250.563655286558
9307.704234686735,2365.2670640733995
5593.485518710622,1236.8110941732546
9068.101777254866,6124.523128468699
8612.316673466657,6741.163991363782
8996.734739966652,9931.697660880045
3990.6424670954166,2594.7419593577415
375.84891968731495,6391.039830763176
9550.376108585613,4342.160838280053
3412.2283478606364,9758.25049215576
9479.805901323269,3264.637910075637
896.5293671178288,9021.439856654571
6255.168677825873,1082.7961580130207
7075.124907245722,2675.776057716359
3707.9426227100676,8353.444774179883
2733.444995745441,1025.3021232429371
6927.599146594129,58.07150154755303
5246.112964954968,3218.621867793842
5050.014431670274,3707.552451551793
9322.240545672568,6337.296014713243
7710.1806299187765,4809.665055209871
372.6786290741835,3588.351394576298
5881.7519305071,513.5724589230261
7481.547198746459,3570.3138866146965
8402.252763913735,6981.217056687885
4970.357688164599,8009.138488657632
9025.533397903127,2024.7863819947477
8711.544847839148,4137.343721586389
8157.6394239353685,4294.100599752295
3224.007283533923,6924.001462822916
9792.299056696784,7387.305225771309
3616.940995499304,4004.045803926489
7972.113888153613,3880.865106062857
1233.6387099763847,1295.581366296178
9650.992765509034,2553.1186456694545
6633.774918341166,2726.6946448127374
7445.354579558143,3011.449028715769
7169.548542503529,6100.649173089339
1654.9590674683768,1570.756776220731
31.262099549451694,5846.326896888002
1677.5755827496275,7294.623882256439
4692.547469429772,8576.250594253788
1773.490988805737,6972.711362149752
1527.1523378836428,5894.645488260758
761.4867327003161,2648.5825535328377
8277.053228292902,9271.631616137918
3758.114847611842,3283.128396030045
3020.242071550966,903.5468736144992
1807.0001786972466,4581.805819715223
7904.346417157586,3624.6868985200576
9151.327469081545,2720.7026124762533
7197.302959315238,962.1151832343422
6711.1723196713865,1870.518108849749
8982.549362407246,9458.146575203047
7420.446489454341,9513.670023100878
8239.919550149176,1824.3892506468317
266.54992713003867,9596.708211603413
3452.7103717132522,6310.43150305889
7485.231312971421,9781.060018776978
6467.436952708911,5453.561859737657
5250.270837386849,14.689099189143517
413.99114117794176,7511.119726594974
1314.2119036227473,5144.372863738417
2231.6890690910805,4855.339624661986
8993.81864514993,1757.8837803283575
2954.0592324701333,1432.5021539755678
6272.874094443447,2425.2032309846795
7746.453658645835,7497.902969993845
8154.891561000795,4254.587337099411
2329.054247078156,2369.1662528434167
674.9842582919651,8973.655659768498
1356.388497839155,4032.5986881407707
4670.854543661022,8173.701084299455
8293.165062478989,9703.160515535736
4605.601849441729,9753.474409914697
5252.067286892886,7764.239644818031
3813.390376266249,2840.7082983665987
1659.6109199863474,7048.289646156717
2841.028262282864,7864.8767605489475
351.233155678895,933.0323308367416
5562.355152903325,996.198213042555
7579.23195993656,5469.607948464809
8201.585427552804,2464.9197944916955
7089.347043153136,3226.515946044993
9879.04960136476,5245.172448348309
6815.106031016092,7425.511892831567
8134.20626337489,7633.695465076888
6569.813119843413,4183.592673483811
7162.2281266334785,7921.599926120105
1053.6758428686078,4527.4299524611015
9275.465949336816,3766.6261307368754
6565.053813555443,4200.7582055555
5099.209836882793,7013.06896408781
3908.296068064845,2918.0567933082248
7491.3145706110045,209.67359032316278
411.1289266377827,407.7923280630702
4427.754871668403,7843.918790931167
2160.7506655610364,7659.04556594754
857.1267405479555,2170.9090965397836
323.1540100666752,4933.196448342783
4815.822195965376,3999.8099158557634
6239.841071684792,7031.390477258128
2931.36303074222,8879.960962211033
3140.6936472810676,4388.884428781445
9611.581220342228,2842.7242232756557
3117.731765316868,120.1406890992507
1403.7744672023932,9915.883587098697
6329.914154025157,4739.816630260848
2945.1807004203724,5572.962228966114
4074.907208073234,4049.2993813430635
2226.6166958196886,7166.131466802027
1880.4917925091547,1855.8910072111269
5589.431925312961,3513.4030167300025
4016.0056387276045,9269.954093845103
8631.636800142007,7332.752639636981
7090.6221589506795,1762.1398087329187
3921.669781533974,9064.590058652491
3327.3408585170882,2861.65882316487
2717.644822120917,1723.5223773472442
4170.933868732602,1589.4703366045571
3840.4121939019274,7658.219355963532
8692.809761458366,5194.0185431629425
708.9960067574641,9013.781650307954
6270.116697870307,7134.239185637536
1480.9005980998202,9782.90819867974
4527.182787129947,2753.8610313644353
3436.568621642413,8302.519106522514
1055.232986952449,3052.2013351570777
2347.9611417397773,1992.6197086874465
6857.74925023648,3630.562576643902
4768.344738199042,8296.16957753636
1522.3287353908454,5360.234469414077
7239.889486511265,4496.9267877126085
6102.416010225239,8641.565069322553
5496.204887601393,5895.413058441988
34.0647982949005,8506.932144830605
1032.1697464292845,2252.882815080528
5097.6970568687975,3635.864871302278
873.8644267581186,955.2276305546447
6186.0494822765795,1561.8056090703892
109.52133236630912,9474.503278707141
8151.358179497449,8652.07746274831
4071.066299182127,9389.05383083604
9259.160032818669,2392.7548882051997
9118.626001199129,1981.4293615858892
9929.384176322428,3625.9717302170393
8231.457619880312,4830.367124003959
4769.034172256771,6230.816015626007
9398.020754316449,1251.7500421031868
3205.2552194965824,2430.217472708991
852.8581137936064,2579.4689152128803
9516.896502846284,9586.715474939938
7791.394643800013,6610.60346692725
6097.505532807499,2048.246440936509
5126.46799322401,5838.607595424146
2142.2158364039246,1778.699004936336
3439.800790101125,6308.9979339041565
5237.219815652654,888.965670521753
4801.759889011817,2837.244367644476
4853.790894673411,9342.568591927282
7166.836202595829,2448.6276537427766
7227.886339084431,5639.342739751878
5288.190685316736,1224.749144611522
5530.374646811159,7665.266374545243
5118.718611514039,9944.801288835153
8994.988622326293,8053.218481008891
9940.215493841652,5924.167428055071
8705.434941223719,2307.6075118357885
1079.4636500984334,1954.7010575188274
6855.860706733182,2098.647399355219
5602.967259867743,483.42171579696003
4667.078014896439,8529.573880277487
4197.385998800327,3412.9791195006032
2562.104368505902,9697.574446573806
9284.14140332432,3933.7505706632637
570.4013813717268,2528.2908170375595
8208.928091880081,6255.2251708297845
1524.840641862455,1190.4365244418625
2479.8127066706943,5858.197216719674
3901.3047666793486,4096.789004593376
2201.426103073495,5232.908460157399
1795.7976719529279,9899.032206131393
5838.4689549592495,1930.455920760884
3924.7865305294627,3184.8965488246563
8969.626688032396,59.68528671480233
9936.682357082022,3674.470523814889
9502.626100458468,7217.293149240058
5551.00602928663,7620.075029714339
4658.628879774423,3072.115500582262
70.28949860986566,5430.581050394187
9391.3875990028,227.60959508730915
3877.9582346006446,2003.5068518417454
6020.460763539391,2509.99368257807
2672.5690968332915,3058.082657597291
3441.382656746137,9418.347621025465
5064.943706245893,6291.553701953942
8228.18886658311,5003.3498522176415
6908.496367678079,2938.7704621662915
603.1675385104829,511.73468423695965
1939.8685383083925,9898.830978259783
7858.347275793909,8846.69679467477
2699.464844407786,5388.807378094428
1002.9040591969285,5124.719546529368
2802.3804154237264,1299.45590889596
8184.281141346057,1967.5005530788903
2380.508149288436,1904.344500573596
4635.364012168318,4930.47102817688
8534.30837354189,3198.326265533301
7371.92482279928,3975.6133581558197
1669.1710316175922,352.4890660356661
4916.43143855842,8216.26181822005
8474.008689081096,1907.1222432904012
2918.2376126648455,7801.955357323685
350.46600182031654,1588.0343970634892
8775.26001709796,4294.34521572327
7837.902943248245,9154.99036778387
629.3896656759201,4534.969726989345
7343.902386805186,8995.45695953507
2500.2351603307093,196.75262471012923
9775.955622741641,4676.701557508187
7716.169708687216,6331.879672100559
7473.303410602977,2721.301975378304
7393.161228065088,5189.879263920547
3746.03080890255,1467.4293040264242
7431.095678995515,8958.435332457802
2358.085069841501,2658.0106512356306
1719.746931507702,914.5294158013351
9273.38488861259,4522.244786453401
5108.123501611217,9984.459130061672
9276.600112859856,3608.9454990056524
1477.8294809738634,3124.869580656129
8131.802648300125,4039.5187623475035
926.6264166672732,607.5368660341807
43.56723985246336,7361.584542374409
5416.526348035818,4122.025693497203
3348.7652130273605,3761.3441580771832
9794.890325279614,4954.07492443359
8752.81343037849,2350.867366575692
220.79641773411706,1926.8672908338247
2242.5331801381467,8054.739811762655
2047.6392303397984,7384.568818458929
1317.0876106550488,7091.98402528036
6263.36786365617,716.1790571554504
8107.785961368668,2438.434252921784
4915.326168280926,8064.071396088658
435.45751506222194,718.7464079791861
1544.752242621783,2226.8031447748835
1384.139530759293,9859.6795420503
7912.8107266630495,9180.082836649945
96.80252238074006,6089.373668987164
11.138606568033005,8639.277257501508
1824.0246457428977,6581.034784046576
344.35458342832237,7356.107321631315
9222.415981811997,6130.056973005551
4110.327876715855,583.9021554628777
2723.867742192548,3374.909998223754
4615.751364089346,8764.396162286024
7995.026189322527,4344.607120103641
1830.1235304845309,2779.474727203962
7694.469256990654,1498.4867482501618
6174.908951386879,1282.436122992493
7403.880785482377,4564.384116391991
1315.9154259762663,4536.159546886674
5750.642955923166,7736.147267848952
6317.731948582978,124.49382123499886
9485.602288455873,6627.835474626327
604.6300925649151,6341.954423968562
4482.424412003185,3923.219912293674
4735.361558836458,5991.648552319252
6368.55482838309,5085.224003869447
5823.2172426912375,362.508597262361
4036.872084748958,5075.729481776891
2553.284918350557,3423.203671466425
782.3429851176245,8614.243610337882
9764.41201170277,6829.539771325433
9205.096060876844,6076.072546890461
3898.8439018271824,7880.540995935547
4781.802059362537,9166.094798128754
5957.692206538491,3590.538738862641
3449.9535494642364,3018.689473159736
3017.833596357924,7444.796200065896
6634.221939905051,302.8734273214018
7544.603617539065,5372.165286149845
4867.019645710481,7699.4031023838
636.8659442953594,1408.011789234722
697.7591184332709,6534.130184673434
5097.2783590794825,6581.288745486939
4379.8306310237185,447.9325782455201
4041.957677888993,8180.8304477528345
9884.542531527846,258.72422024221464
1823.994914319803,4967.031081307687
1519.1377032100806,2099.4017206790404
7864.956656732248,7.593781583129511
7237.125091106449,1153.4958925957494
8761.169809573557,9446.97203017318
1212.967231290637,3451.440015092897
2010.538833000538,8234.860734754562
333.3759859359175,8545.723717849061
8434.826917477218,6212.805020495976
5593.439408066978,7521.744175753217
2716.7498992586216,7769.233414493766
8660.56085466085,6018.590800501862
4823.880531321858,5838.755613410029
5573.211713029471,7525.664599720131
9582.506638797458,2822.7632514147117
1722.5095543210334,6523.55242938135
2252.084108435506,5307.36050277284
6488.277336860213,880.7330573159388
4670.070623528035,5496.543838014762
6808.522033894563,3694.887566294531
1543.9913732794298,4565.99300178852
1758.6837431819813,3412.7399771362434
967.849269008173,5137.444197270754
4431.127109435186,4610.933513845435
5470.091958266401,6150.576462492207
7498.427718112944,3038.146034915241
7034.60241485855,2557.961667231552
8929.63707865977,7778.262599538856
1519.397048691492,2052.004871816249
1067.8462743311345,5463.0462831087225
728.9996830351287,7253.514973946163
387.7830817369665,2980.508816115466
8273.107833400933,2622.3228964580503
3477.466814037027,3010.0357243043395
5930.161915933239,359.0745913384508
1044.2525884592678,8208.047357737907
2638.5928126604654,7255.644846873476
3182.922804057617,4160.343927081368
9443.327608770416,3775.436724008259
3435.568742664906,4146.973542303623
9284.077637697297,9664.060857160828
9348.004956066881,4479.54336180398
5832.880060542607,5751.524326985033
3681.028060821607,6959.03792536841
4586.568549760141,2859.7329048358256
3296.1444546698003,9832.92546808627
262.8247920002535,2530.2593582784248
644.0013659325872,335.03249268098114
9314.724363209185,353.27437030039044
4058.569351952016,1389.9630582858347
8296.11401408738,8295.411853263693
7335.954251653312,8798.462686089068
875.3624921821468,4182.541424517463
1995.3779599415855,5493.624273250955
1207.9216558600947,4182.979171659812
610.157944314601,51.47911831783203
1061.6981677306492,6060.395708591029
6205.713230930228,7528.2719411016205
3777.6940028672802,8358.428464918725
3908.354741331459,9691.700378516285
210.9898670748156,101.56863648955627
917.9565868702788,9535.995911691289
4918.957706151833,7499.61117323767
3924.6354107108727,2880.419448251372
369.4943022218078,9706.420554364477
4564.141568406061,5052.201611309048
3906.3001899626947,5085.660623825104
7497.1279094511265,7669.053078274578
8187.046804899526,9549.016748009424
5119.265441043789,6549.070140775301
6484.778839425228,3867.3320502209717
4743.989129634789,1286.3177273909632
6476.35077320231,8146.337154002568
6524.035884570072,4211.6661189352935
1759.4949925339354,632.5886236631018
3619.6042229956706,978.0224271165083
2148.640945554271,9990.865176686351
8655.843433639935,3473.6991975642595
8370.62202933685,280.05481498601716
9003.834173232794,5719.58335665871
8898.944747052079,9594.13111658257
1069.7752285747354,9438.568224539504
461.4071635984296,1077.9455906374214
1248.661159055191,7813.940861147112
1431.6483621542297,8411.968211953008
4763.945884717761,6339.28329822449
8434.388489555773,4221.353982412324
136.99854470683337,3741.7314207687923
961.4379989855182,145.81380566253577
3929.864330003675,1531.9150178570917
9020.61757375484,6480.438488438987
9186.24569458544,5785.699764018181
9856.807152737376,2300.4150990839103
3166.3249816956795,2083.5804051396735
2781.948786038949,5117.813007326026
6437.7561305781965,396.28619983047673
18.934963756481736,3571.0942583020565
5336.304850766475,6206.13098698278
727.4322773365227,6113.09261662887
7805.112643226466,5129.429482246997
6183.98026278273,7675.727814954585
302.46127340893827,4956.276995821005
7808.798078960566,5171.39053247268
7815.7571367787195,2994.7297641036407
8722.999292861907,9965.581928964713
8518.55689402268,2959.889347882135
5207.215569143664,2288.0192640126775
176.39468829354854,6859.0762866325795
2149.1979415389496,1846.6255468073389
4999.142008981373,2726.0885913768816
4377.968946573448,3439.147770503429
4232.715207620739,2733.8231477570685
1018.0681556849258,5241.87451607586
8390.770279090017,8381.313640922128
7317.11298019043,6369.120669004892
511.31706665642264,7198.6523842473935
9517.089704467693,6594.402220871774
7723.538002609666,8856.715981956002
3657.099632079772,3877.139854964531
6252.848033699718,717.2146801664503
2472.30807262551,6621.344438974523
3477.4666165740687,7710.954653768467
18.033733009550357,8329.25966732537
743.9322194222619,77.9231675567782
5205.848255815129,485.53613301379414
4122.068749009259,7213.828105203323
6836.619679995019,9595.099716212277
3301.512212726585,2760.264076886729
1185.361508610324,2236.2926398368877
63.697637554914756,9213.708975023792
3874.5838828193755,2328.52472797342
2880.766305305811,1702.3680098499672
7832.373389844385,9169.654429593784
3051.102302050914,7129.6997100193375
310.02935067477756,7195.805490723374
8006.425225188638,4931.9942871869725
9097.379152447782,3597.7971275480427
51.52849812385063,2579.371185756103
6321.126933564236,7827.655534434601
6707.798150118698,8329.184393548798
2145.469718042863,481.4093057268487
6350.525384117319,4376.161962918357
8430.774206314267,1585.866926867998
5964.6915587529,7448.981726854869
8745.248301147005,4928.083319787889
5571.99743934492,34.63887853981218
6050.543528723026,9296.06219642652
8033.917759877144,1700.8363170399055
9377.043886412188,8833.869371794319
4965.481992598388,6976.679138893686
7577.598342596138,8707.03797481198
4839.228882220867,7366.250826697845
8666.310137325565,5171.101719400105
581.8322161922207,5599.388141213905
5172.8453490017055,6720.165582064785
3930.3692869016327,450.159275506119
152.3536739411635,3782.5662310874454
7896.957886153892,7265.886328079171
7352.719461880133,2583.6054704143007
2938.0437220529543,6999.228572078189
9103.210554454032,5492.181923873149
5897.365936283682,8578.531392499643
9267.978983955414,7286.896533748367
5080.718652330754,7962.9589414798575
2564.624517841604,8391.027479419407
3507.5963397759547,4265.461609412413
4377.555880768157,1871.183085970357
5206.800262653672,8426.27258584558
3474.6623969397906,8423.130885792902
6662.691518531934,7107.88500851681
7274.139895781114,3426.7641661171488
1703.6543262663517,647.8231112412392
3948.131740074575,927.7756780036273
6531.6909678431675,1474.6179414270011
993.8259537487071,5815.151198098123
1974.4350744880157,5721.194380570074
211.9495589443088,2707.434193419458
4495.20315245891,3856.084432711341
4099.91034233316,6637.754687843065
6660.375036714271,2987.4699137080784
369.14977333048824,2957.8348268645595
6789.239583462425,3015.728500438478
3086.6572417751727,1828.8469467239588
7212.033661364628,1974.9678289954177
1342.345073301453,7465.5392812032915
7215.498195102351,8620.937885582578
8290.156578758,6713.3472561315475
65.5306913128073,7136.660636410788
6321.98436178697,3184.2027073062627
932.3575058024247,1373.719953090735
9301.05736913624,4695.73530354459
4757.649867151935,1799.6795173568137
2456.4017018152663,6573.951456288707
5648.6368088742265,1451.309511443356
7188.446518493871,8641.022487225426
3372.9868965267997,1504.5956553537164
8464.395382734889,7461.992553530758
5755.850611446007,7310.646030969734
9899.782565197625,3045.372954626091
7491.711582151404,738.7964777360112
4721.441778138365,1654.5984816424086
5377.962103776413,4853.861751947028
8562.098834647735,5847.874807515394
8121.787688403597,738.884317830979
147.58393730897268,2665.6815948910307
5095.491301555692,9377.200541827255
9914.391519756504,7813.520710068479
4905.663153242128,3409.8255809254497
8687.004853214168,9630.727539313737
7864.514910124901,5838.002470035747
9971.810253131707,8645.842987798655
306.7415719424793,723.4404865040722
1900.0880257694387,7674.860155712102
4593.526136242122,2620.82848535241
1678.5605937342884,4936.8016754738455
2353.843279113438,9512.876132644751
7725.564344654893,6381.401753533292
5677.485391244353,9471.28205142619
3230.608317316348,1091.7966163755798
7329.833910460645,9986.478661867899
2081.22115600311,6109.445777664832
5162.542001615889,7002.912206287376
7276.109348295507,8052.652441333104
836.4564358800519,6632.082867830249
1152.945254391209,9286.699821971
6874.581995135495,6080.244382745587
7456.839913468879,3583.6527147437814
3083.9824623844224,509.2938454829554
3916.76965351992,584.9979564152652
8227.646090208169,1514.4079234912533
3251.2868973202503,2769.2319832199973
2899.266393407978,2554.311064074626
1005.8692608906816,6229.734338432828
6551.482817607343,4979.980123391425
961.8981304394647,8675.106295435584
7179.90466707569,2674.3886104395474
9901.444633323075,3187.5410993143682
2137.968592825922,8356.481650045362
4131.41049832226,2492.4702102060246
5104.536720636725,5854.484848092913
419.42210271909806,2827.6140486194213
8492.595703237925,9188.247799456994
7870.546404770661,9470.626941360864
8647.315385066107,6661.0524461775085
2927.846924199219,7407.32174114202
3703.1441735780168,3371.9299100941525
8330.572922578765,3580.179731540215
3148.6393433862845,8033.517396334246
6241.9791004102435,5660.480981402404
2507.8193099860923,8881.717712359992
2196.380273789449,3385.5255763526593
8775.38103673575,1151.4136992289325
2819.0598952388755,5131.264670730452
891.8029379582837,1594.5735576383502
738.4515821745752,687.8546885901616
8987.811872095037,6744.021616384881
2231.545538701586,2952.834442143415
7831.928827044182,6194.778870859237
3021.5625338818318,242.8558780766321
7618.039374813318,6994.273490162661
9028.618617779088,3448.089497954867
7294.231814188878,8324.596114390377
5793.142701776359,8670.309645569825
7389.784546115901,2934.583067770751
6101.374705539208,1360.2022441808538
5191.892218234962,2157.645682136401
493.3393590724589,237.20367427153667
1356.3603069559738,8379.160609711213
4907.407209168998,1942.8098000721982
4364.260325846413,3615.951456820853
4141.914516543727,3333.8262075944804
6619.950317591207,5764.801678739854
9073.5936363788,5534.655275208287
5931.227204491964,7140.816261181365
2444.0302163369056,5469.901016235516
3192.0593766658244,3841.99086743913
5622.070745786656,7885.972523419135
6515.56220721061,800.9141722899482
4049.1417149619224,4679.113594138788
4289.404013398726,6831.33238426475
3748.1347713568202,9688.708672940027
6323.411219680224,6577.585846104642
9831.249283861478,2982.416063888025
1600.5064765981235,2837.4141916002295
8970.421788766505,9759.76896509831
4570.273533148737,9496.947345651464
1473.799217980003,1736.4739873868973
9081.649159558257,5778.713803988277
8955.114816870217,9178.464225888547
637.3877219731061,2872.8650921449926
8174.280629163152,2421.549149633715
6634.24067814099,6638.594971388791
4913.018543328161,2132.915066967366
2777.3409033552443,7533.030293979239
4736.797360661022,4177.359105045275
1474.007146683135,6640.916623310644
9065.422552713106,6353.74928647578
3320.139751862663,2537.4388515095616
6995.753733730957,6502.008330854857
6660.577572409422,2602.322633436037
1636.9859908581475,6981.251488725654
6849.812819620498,9028.902922574453
4938.22770373168,8588.591217940708
6541.6054559529675,1143.8126144163941
8460.17735004975,7109.723415300804
2139.5495192802937,3136.809383664958
4300.5594503371,2370.2329193877713
4042.6481487257047,1792.2290348424608
6238.790831548697,9708.798875770226
1314.3341165514598,4751.256154622275
7037.745904880561,1961.5969676376255
3339.580343626961,8754.435349166875
9513.809187608053,3084.7271067412653
9604.921403581753,1848.7920767783949
147.94008197874686,8910.441882781088
1456.0679346953275,810.4038364055999
2520.69721028683,8075.718233110029
3787.8819953826282,9838.178702240632
5141.841204252137,6411.041102405068
2647.33528603329,6774.125815640636
5439.070427809207,612.0467132880236
9786.093516823663,4234.754776113663
4857.902204793752,3041.7159676974293
7139.637045789526,6991.144921950825
2252.713258769853,1972.4062604928029
5914.489688698471,5185.885486207067
8123.5841744280915,643.5477973562054
2848.0083250544417,4066.6751830351964
7009.147465171353,9158.391843199108
6550.024310645376,6435.9069217672695
8076.0085064052155,5798.4731851465685
9411.479329139003,4787.080290227671
1821.517850463773,5332.790184891747
7969.189992635991,3128.5236971486897
7507.907598500693,3867.126448639987
3680.6426074782294,3454.5818316628474
3154.0742073744864,5909.116922298834
671.4319417341053,7322.012262907442
4884.316269817554,3208.427416163269
3066.60574462866,4575.182160710578
3743.16449279921,2801.6199290244926
7644.562548440496,2522.6063423865053
2721.094606697746,9125.6196025586
9646.26871083457,7273.728210595971
9579.338995919303,6323.696407527768
6405.54713153764,5388.963018838276
7856.1144428973885,6147.926399740898
5155.706277855767,2684.8688166993315
2054.2712726782706,1839.5890624962863
1432.2789773687084,906.2859339817486
945.8652023884862,692.6433123445308
249.67383445226642,1094.2273062147856
5158.623004324021,9814.122478876903
8308.636306152295,8736.206035169575
8160.461845325907,8548.993281917092
7322.678316905935,9024.562151809047
2113.290665636545,4419.950514196642
194.4241867617924,2665.7726044487463
6516.416250613899,1659.4066822710706
9872.861252934217,1523.3868441847242
2651.678168860985,5278.03957150995
9827.39523752013,9307.26205140331
8622.441262628276,8434.560127219602
5303.750529167372,1148.4540223911688
3777.781692791482,2252.3149451855406
2782.455803158531,6960.050778848889
5929.0101022734225,9779.479963694037
3197.849642242354,1619.407854827255
4004.579293893418,8127.289107712795
137.24796059792598,4645.473602936742
1095.0595017530518,5171.687868178924
4158.718508558829,8966.370958898806
3279.9394454971975,8224.935003830175
7065.634817412643,4898.658520667245
1639.768754653933,888.4820712253083
5339.106721779907,4084.06232968879
6616.350810319062,5920.455574718684
1675.630928801526,4157.700964677463
6767.605384999186,5017.901002623761
7778.179830648675,7914.7902454185305
8240.307043721312,4277.046985379269
6813.297165968524,6176.462141759256
2990.181566574481,5271.218402093487
6047.020133930881,5356.604691481627
1437.4014851640438,7408.543450207256
1696.7632586529646,7912.396098518413
4622.3570570382535,3777.0005025681
1968.7351470082049,6245.903477611143
37.46185978451222,7891.278502252883
2876.5400933795704,3823.6884516291834
7678.618438496387,7252.782514568863
9934.001067766716,839.4416944813365
1678.7069712770608,8611.7950503674
4089.01660433598,125.29808016921496
7317.926030763653,2606.1146182358884
5329.026821194893,4053.834876132567
3487.5290122037063,7633.7196076317005
832.8353931546307,8286.644522282399
7535.829109453915,1441.36270014108
5856.090401590161,9204.526716672637
7897.49803787879,1797.1198162183978
9746.012083292835,6538.55355163027
9831.304218086638,984.0343926387085
8719.873103997996,4073.38042610495
0.4292938696126569,5118.14943828523
8250.297381642747,3231.670151406094
3879.669485428545,7166.888720051108
9772.908713217068,7088.601798012368
291.1284433815109,9778.438847035719
9193.619938184205,9765.358974420375
2520.55065154152,5804.577775727882
7165.746135890669,7463.639062910771
1205.4762515925831,9276.322470960005
5376.21503771537,1170.5074121347868
7148.8631880467065,6272.6933257496485
2097.973639576185,823.2373517791414
5100.021659296123,5239.638993368865
852.4827162650273,380.38035905662014
9262.433465120352,5322.795263519988
5838.955840703689,8762.627408103459
3780.7836750602364,7649.3227712779135
5649.641035988187,9988.511795171658
9194.807695184152,391.00009783352266
5430.012862828563,7697.50317647151
6008.334519126423,5807.628483500415
7321.725881124491,3653.148668089554
2559.640281104305,2371.3571185711544
514.673700903584,762.6436621505306
9337.017615928984,3167.6804186965533
6221.031700289247,5755.627292424995
5005.774090777511,5564.8680241525635
772.885780440088,7119.405201891904
6405.218253568503,219.35480753574433
1043.3854981647316,2047.3121921373527
6881.580711603765,81.79119335281149
6032.562409151744,9726.57454883286
4734.572028221299,893.7010369197884
4575.576386332372,1904.874943252406
6889.258043524928,8351.91612631603
439.8491165453633,3796.0428636875545
5118.551049386087,9606.216592153614
4744.327935493699,6691.3269918183605
5631.219209474389,9519.094233763042
7644.9677216205455,8119.242871772896
840.1749781246737,6218.263837791039
8012.851752985217,6565.328280561062
3035.346726079562,2119.287423570112
4533.221208339446,2851.410558205364
628.1757338392258,6641.733272838296
8770.552761735436,4140.022983519452
2997.8733216271903,2562.5067894791
7537.231808323412,7207.192845965663
9642.479819012256,8818.972809451045
3345.295912809989,659.7486893231675
5965.386576283324,9737.963218934634
827.551605588881,8449.295754010187
7272.161844565376,8891.342141526435
3704.021430204489,2543.5599046329285
7582.1365378671135,5510.822610835685
5562.258122469214,714.569570168857
9062.710617562145,8679.288682330076
52.20320425301739,3530.499541791666
8984.337514948907,8008.795810808828
6807.963359185745,2670.31078192298
5418.802046393292,6659.873425558602
4808.3559143781795,7755.133419439146
9649.873424831769,406.41914696354473
8902.158988852345,2950.608506347997
7132.952466713406,3843.6462804604375
3780.641154150572,3208.7772674591597
1460.2933996411161,1277.918231205214
2759.0325368516687,8057.522697086245
8217.452110283306,4129.838411916015
9415.85933041536,1746.7940551682038
2758.5027244217454,3352.216337310829
4808.311875285192,1158.749799704296
4069.8247269412836,6120.981810200482
9717.362127287995,8008.881093146786
3767.9994516663505,583.9878335841031
4097.561531546673,5551.6819766425615
6466.019827952917,1816.2445693784523
2857.2372161249327,2367.80179608615
2147.1140898513163,7859.644172173979
8029.414183749365,2918.033123605882
7959.470642633104,8443.49628531676
1688.7102378297225,2900.1265423043087
8131.739681462738,5730.4342237753945
1519.8414329736931,7843.8029848498445
932.1694019106352,5320.650972127141
6345.022729220299,8087.96859772677
7543.349367280819,2819.654599753562
3861.3057663505147,2272.0944285026667
8191.219473192274,6043.003516198479
5060.600250966554,2740.6311508825374
9242.492692325408,1013.6725858778806
6196.499541270627,4341.142882169747
4385.286026521448,369.6346072128698
6709.143654654425,5079.141490975332
2227.4890687280736,6453.863609696982
3936.7388050329923,4113.273131286454
6758.548762878593,4810.061432582515
6652.921024845672,4634.159841963727
5157.540692044892,89.97406636575667
286.0784472772426,2223.417329463838
7093.074071483079,4963.587200528699
9820.276719632526,8630.474582760111
3215.575649337495,9745.717704289249
3875.343252644955,9905.313983743506
3700.1767274064514,2088.233795693014
6084.40792332728,3722.7397277201503
7752.108177485952,2238.418911938078
2751.925003611695,6620.768793046324
2494.5143097914925,9536.171527634844
45.88346636004936,8730.403393880213
5391.020323552758,632.3267161994384
3942.7420409184256,4680.6525250986715
6333.594957817247,6454.333812929282
5412.08343848088,1169.7419232675843
3319.6773149721917,9616.539970668397
9400.291714177543,4069.872654663572
8251.480625774715,3315.1536393002225
7701.117256335355,2200.1583902105626
5902.155633367544,3783.210262686838
3787.1620374601243,3805.230631373345
3656.8672331158823,3794.4562546039997
3741.26545210995,774.1893097366026
33.35901308066824,5615.798870798681
4688.973851480697,3853.47818597734
2293.190884765579,6865.7355917463055
776.1285689591446,9280.062721969687
6539.4157644805355,6157.542503614189
6619.244750211232,3375.248036620906
4816.330108870894,397.5303137310682
5675.512364839867,5364.164306345192
2481.7225029023025,3633.058823102698
6290.047488829654,7277.605453925169
4430.109837753431,8384.50678274099
4385.352056419008,1126.876733553308
7385.523620123491,1629.3579830827732
2736.900856719612,3278.8501306279327
816.2900243382876,979.5772403086012
7374.617298291666,7712.293880697498
9593.781933277654,6457.819336346736
9991.92560068337,63.69056849887977
9982.869485117457,1095.8467834829178
6305.073584817655,7537.515329873066
2101.9692392098477,8069.633038620425
1492.6348031915948,4788.870226646873
4103.289811266888,9959.457747632687
1519.2800933475792,8133.867889569677
5017.2711612658395,808.0170004220732
7959.966555418202,4892.939664556252
7314.696229337451,6138.72198547051
2797.961822951097,9615.51879739236
112.60612851499263,4286.887720872832
2959.200119322627,6737.583372279429
6978.043527032176,2213.6804198036884
5987.837966284995,2845.7174238866733
3048.408237302367,5470.281317099498
3429.3109293198054,1065.3758064436213
8179.5479758630245,9572.68029226173
8111.749483126509,3781.6726613332794
6325.96611876727,5056.3299438431
482.8351342840098,8278.538167422681
6497.956287427745,8121.348797074191
2856.7400741191395,2086.4132543679493
3957.9999918172302,8922.295569492584
2692.156637719394,9379.900064670193
9278.520754770556,1844.4647711145712
7491.589601462964,4845.097044283358
1595.910225472449,9027.702270605225
7237.619286177242,169.63815977735885
817.8152047326525,1495.1441783735552
5790.9411313871005,29.800195931618532
904.688357548803,8520.344312291878
5205.159492772384,9668.1871473884
3882.829963958644,2312.7470215930302
8546.022947828875,8014.069914078975
6117.754641907441,3438.020929678074
5587.452095812695,7621.298859547774
639.9668886595277,389.7432130546108
6973.494915792996,2146.7468674355805
7459.326131565823,2023.8850047482847
8954.193703215808,5888.8178920180535
4237.372945985965,1038.1686836549598
2456.6197379079413,5430.228031478475
5842.5698494004655,5825.111332183055
125.12348798553785,6556.941022023286
1858.6341251691952,3086.78897121317
5662.838895924143,4258.168913091636
3113.034092412177,1141.5026996133704
8906.45061798904,3251.6347162691372
3239.899788873162,6716.030263466224
7539.433810356728,5857.803003556393
9518.175942891387,5115.751294246833
6981.487826051706,3358.2951495686075
2047.6070312475415,39.93146904514799
9043.313387816175,8945.821931030896
8217.055555471143,5490.316746803617
6410.1601144614315,5401.281678979881
2409.6528864306733,9153.93513499975
7551.873526057107,6569.567403242388
9960.78059418241,2068.773359954026
7964.231914969782,8745.864591163723
7963.310658299123,1147.5310730404342
5978.048810526228,4312.044890529309
5818.194668091619,5695.623235658708
6432.715470380761,8697.887027293376
6349.396133560352,7521.592095853268
3217.872154777236,2078.6860250469354
4488.43975876828,5855.777438099752
8801.081710657803,8162.086142622138
6208.174810898214,377.8565168925185
1172.327896941321,8094.493783382734
9062.804320543903,7266.552625617773
4326.293828192987,164.48153884775496
884.2773102224188,231.5555515518719
8575.663813874378,4616.400069439927
2138.0537552006217,1372.4572486403142
5265.086299508958,2242.2993916270507
7244.806593630834,5381.9212501922
377.95874227941505,3264.5825714575817
1708.143305360943,6785.580288154049
1863.079666266564,3979.1201929693666
8253.91306352348,3270.0777669921254
3108.4241720841796,8400.509139782424
1376.3905242089836,3063.515596772416
5974.278589255473,9104.931814845495
4280.027839855941,2957.149740306353
9546.12530387982,4202.316382861837
2594.692192026551,3713.0383602588036
3548.9431657706295,1586.438171836202
9157.320981201003,9447.3649916027
7084.300814729551,600.9780667276387
2703.8033272320126,3522.931727491494
5263.695505967334,4202.754609117028
2007.256250646824,118.58633393626027
4568.718356469589,8890.182764800506
1925.799364556493,6758.692295229698
1252.6178494749086,2303.8855501205626
3793.95192690986,5540.019228294004
1984.9421849505077,6059.6431226168725
5566.358171098313,9536.001421248879
633.7906128907566,5755.276688225692
9706.090222693741,4749.753810992731
6062.80569679432,7058.729030221668
9668.202501426882,6974.115723825545
3414.5840523493875,3387.5537136877697
9091.800791194646,3975.3576447057003
5055.004743899838,3503.1948528197245
8557.393971496116,6867.743464975944
1714.778892614408,5693.338498800802
1769.8372805504382,9387.260535658052
6223.581816017012,6532.081572500374
9234.162303388592,7609.738863671956
248.41817901946393,1267.5277121180584
6632.664823680871,8633.902751520696
6110.950601887855,6456.432602812458
7944.053504777141,2923.560890589345
5858.522799749396,7164.499856303654
2943.6199738362357,6236.249843532297
5115.251931024659,8612.417077537211
9423.567731120347,613.7180461051805
1483.7090897458083,942.4161170306821
7412.2337256092005,7344.84033052958
306.3359513079877,8434.387810600494
9456.80496926819,426.6027167462172
8595.662765491097,3419.4269352475003
6742.345449264757,1456.2062002753516
7023.668279525468,493.9185166449234
5726.5743948677255,7535.359158209184
9646.638841423355,4915.840966820692
9945.425949045659,5847.24591366199
1101.7474207864807,8176.069909856327
5712.033549328657,6902.5576418179435
7587.793333828519,433.58070296466656
8569.925954943405,1858.6109561089925
453.774402345275,5525.201507237576
6602.85286352835,9165.738529920449
4559.126581278834,8660.247814458158
2104.96487066817,4521.584249332133
3793.397255520431,1928.051045186062
7587.126423188874,6416.089894070631
2822.276355092268,431.33954265748173
2534.6492759710713,1904.4838057167813
3839.198456709917,8503.01969764236
7070.674102728487,6663.278204867233
4742.797995379899,7891.995120654122
8089.572679626964,7147.218067001976
4493.69465748821,5633.793590720349
5837.1338426220045,4933.641408391448
4242.160400954119,7048.561746896758
9735.270071396524,1971.5885485582107
7087.605095136321,1547.9957391063103
4041.368545129591,680.2770010722825
2065.770246468318,4197.975224349153
2388.10104646059,8678.867510968965
9680.55773308134,3181.2785644225614
1899.6858509435456,8019.276126878908
4611.47369270854,5527.381806446743
197.61471464521674,6485.707124853775
9036.072519557385,9220.645596381
9157.19879033507,7334.590747601895
1302.465146480124,9491.156436456251
36.7206201169612,3249.3994254092727
1647.5851681482868,7524.6981830303075
5568.27538557261,4237.852863075604
5291.855562122173,8306.534029314435
4212.621041340556,9893.842688699071
3078.2681289929346,1612.4486594067432
4584.896111820608,801.6040909687738
1477.16155659817,6312.02422014304
207.90521407096475,8821.004635458145
3323.5766064199947,4394.65586462473
2133.4208960142687,2078.59793068349
4910.45885422106,5740.313515412373
7278.639303874842,4183.854649230171
958.4178435588519,8354.001326177511
3178.997396640392,4221.066396202198
7236.89276041876,7529.9496214231185
753.383293060973,1940.2242148214798
9794.744754241203,8005.442633319873
7280.632281318966,4790.540104636984
3419.593320094867,4105.12778288468
3643.9325376533493,5633.652353249558
7113.193935572121,7428.211663501209
1368.7958780638664,7882.549798501286
7108.776720140162,8942.193060164393
8675.394365246562,3588.192954131919
2617.341187683908,9093.663091767761
1769.9170033975142,9095.606643386407
2971.5970032420523,258.4978382331649
4149.179905942854,6747.5674110091695
85.27475501576731,3040.636838987312
5609.920441095747,2358.0640128271357
7505.116772796817,1923.2782264368043
2858.5202216261196,7668.999654722772
7075.799244349603,308.95762656728556
5179.40952615832,111.65215075616297
5764.830810224263,7897.88051404087
1672.4511914512186,2291.5252562971846
3173.658445510934,7741.000975031562
2463.1570943532565,3867.149749210348
2577.301843320707,4740.985874716105
9996.69371807468,3156.683077210851
9762.492954841853,9630.092626636679
4673.717057690098,6639.993895874624
5553.052002380619,6841.21089798134
3363.787952853392,4855.20916328681
928.2914317929947,4905.195914445688
9972.58610640515,6470.709782420103
2702.288874041796,4707.173653942485
8851.766620622837,8882.020171378268
9019.088675212935,1175.0037807894043
1264.4929746431021,5075.971155868647
7420.863383465239,9950.184373464177
813.8769567147042,6153.684270676592
3981.130100910072,6881.147908541128
8243.33557634352,9485.122962891817
8081.033801512889,9912.732168716864
461.8236153216237,285.06172704061197
7589.853712373519,7951.197671799232
387.003223187955,4423.669172226225
6326.940506051406,2150.8695057125738
446.00162678672064,1322.6630861115618
8500.783683347316,2428.7271837595126
1802.4511085562667,9998.826420748463
1906.3604700922333,4471.807410039731
2207.9641666163043,2366.4367928667984
6937.136109525235,1428.0620183781334
2810.5529925638493,6302.780157852355
2835.553978531903,4664.391846681592
610.8319764669945,1496.563194503442
670.2449003392885,6300.157386090247
3691.3890073654165,873.8330021971285
2649.3264728919676,2120.2286747957532
6223.181473467914,5043.302746337836
1793.4008717535066,6521.73904583469
2534.799069123973,7562.360216387044
1084.6531850292552,1855.3652420826584
7564.991211694105,9829.355101624153
8096.152584277448,4624.593186802585
1592.6050636360455,2490.7329371238898
454.2993349142177,3024.0214391604304
691.070225364997,5680.237698975316
4183.87311307847,1558.8304764617833
2204.777637261267,6306.796233714894
4915.115331782097,3563.1429296271367
1211.898782997034,2757.606873561362
2923.6697311362745,7445.718151809535
6440.542836607777,9387.03840041681
6046.052684383447,8305.62204686501
5961.597505970802,5873.786199154607
3370.2882060747706,6833.76482376719
8256.13266339989,4779.282911214433
3906.6848599215787,3577.1450339439225
4705.5472263357115,5255.086419503934
4405.275807624178,1472.2986208949185
6154.874613565776,3000.3654879515816
1722.2145394653078,3857.7806306595717
8627.383310567338,1561.445238991478
9277.997421898865,2828.153603729753
1521.7514259172237,8612.536546543253
7406.2260321677095,9904.892949730285
8123.364461379155,8324.26260233837
8961.627421151668,4789.704169995418
6722.378434749487,1767.4327037344751
5620.192273740407,4365.877839267265
7568.188513605533,2690.300936639224
3093.4301396658816,2257.768539491705
1941.6603511313567,7742.239081453747
381.3508003967003,3045.3919879232494
2737.951333888363,134.06279727237512
8630.983802311192,5423.433744720243
7819.901752612408,2639.075001551102
1242.2130126719587,9460.318198532128
3157.2666504850768,49.593552335678304
1139.621457096537,9616.186238462426
9305.153339689046,1904.849904212067
7.975678086046267,739.1730470305957
2662.117179046468,7489.266630094108
8520.978520716804,7203.461803486779
9095.242671763344,8905.508637971403
1125.2035134830562,1311.130266607281
8965.694413273435,9403.314748045757
2295.165472420707,948.7702091523986
5686.307769467208,6477.702269762187
2300.909182627259,7556.004425035714
9606.980232772326,5720.06696371802
788.8720929051696,6957.311748462399
5507.250889773833,7104.152357870125
5655.679991801985,9978.627498158334
1158.3234466285219,2133.102809263764
9380.316677344024,1324.33683350212
413.3320095089377,3674.2121687315453
2143.3271716587833,6968.72118414342
6745.123136872815,4116.406954627454
1902.7807627674465,277.6529712859754
4554.900124004292,7386.97004371151
5126.952183618077,7338.73702320442
6362.0718306669,1070.5589926298253
9238.458613005338,4731.964577743911
7697.108471888563,8748.09889542538
7267.7273908672905,6255.2686936360815
8187.701598092928,5658.225129374802
4431.017649129943,9439.471049124839
3681.1841761074406,3465.2706878441495
4945.147166755044,7199.933387905972
3420.3571461229767,2766.586272155016
3293.9102474281267,4110.128360850922
6171.238564592656,7171.600573156742
5754.8428792811665,184.55365172271198
1863.4793121795879,7393.02199633068
9230.812379211482,3673.9402752911988
2849.12600283448,8229.438628805372
6416.081432362684,2201.8738100879955
9712.64448975039,528.3255016755295
2018.1926229452317,4880.351240361661
2358.8658971578534,9391.733843115673
4086.0821215190413,9593.148063547851
335.2099434458888,9146.256295135765
3750.535455607671,5831.10481434646
8445.611900233156,3434.272463959833
9030.358707109115,9523.813981878206
1253.7179468204774,6906.338456348295
1915.1140345850292,9267.140926628941
6716.127781644112,2679.765985053493
8199.252857591995,406.0155669484544
5256.615274046408,5019.174420609911
1127.5527767944805,9524.289301511832
6001.786577588241,7353.98026580079
560.5127827972345,9827.785872383633
1407.5198762252971,1732.7487196332481
5745.830023266703,6435.641824754131
7290.713415675786,2345.8634958183557
8225.351682050637,1305.8438726742793
8991.52492897543,3549.7768023864305
3925.8415958498917,1465.364236431258
7197.176985398482,6484.640439984113
389.3864621797116,2823.886142630376
4734.140511601602,5459.36211950581
7148.033677539081,173.09215031481972
6022.661988295013,713.0046616395636
9028.965424512646,3596.014295497165
8022.725300368371,3119.207491424447
642.0755935432953,8780.788815605489
9340.105184687283,6376.966088998077
463.4726103346287,3398.633750730532
6370.647640883035,1099.0893426332548
5751.076485177436,6358.35044492657
3819.3129281455817,2363.450063002166
919.6020417766548,8945.502733626607
9941.27056458669,7445.108404327918
669.8968087675883,2892.789009414418
8054.801827898622,890.0575206411521
9588.10442568407,3979.5408074399243
4053.6533667743824,6140.711476429939
9247.003895650485,3204.41683724227
5981.972852950614,6094.695690608193
2929.6625450970214,2916.8863082502216
1212.4528971868087,6718.453368040821
6809.108653672812,2947.724775540119
3365.5042338667886,3042.0251801640475
9277.526367013215,1522.2068092480422
9889.373241292713,9060.446319399556
3743.8976916478305,9582.958345271087
5059.175633644543,1648.6731982742654
3492.992471528177,8432.38780358105
4546.976923708738,7560.009905129053
8335.813433603016,1578.9885928660085
624.4692941198892,771.082277267523
1386.1270728422314,572.9789530487694
2755.205979444887,1730.6015605048065
9474.058836210303,9337.549811171044
75.5124592237788,670.7359196244045
3483.1750464010947,9071.328899932221
6455.1873835490105,6163.748042499167
4073.075121676799,5225.771396308632
2461.52943402262,9281.786314028825
9307.917255268858,1726.591528128687
4772.275229530955,4376.214663565157
6935.532087284464,6391.108290546585
7462.712257770818,3622.1590676565143
7411.62247473376,7184.539224902497
2869.0768825462533,5831.925796453134
3111.0464067165112,197.95158589806627
6272.159159557089,9913.168925325414
7953.874740722957,8958.702067592772
211.0782290771107,2742.8905485698897
8582.628945997356,4629.3496282500355
7501.835318015502,1804.656924305249
4027.458395514013,8148.962579990185
2031.394626725741,3148.325711619431
6378.862637914559,292.05975936512084
2180.268711917179,5033.20777536446
1917.6373208451714,297.3127372869033
1664.5602789994707,806.0204463189314
4412.257110290802,9666.569252770601
4872.123537054494,7344.2017879996965
7916.38818152568,3115.5004339641014
4846.943948345962,6932.5125287866
1409.8609388956029,5462.900514194979
6673.572435337184,1043.0068188945806
1853.772442827424,1329.5450064286517
3685.8514674823396,3825.2764705141785
8201.892079398478,3449.121562578845
8743.779037061906,5323.868321290416
3310.102498712426,7985.540094616424
3689.061172794619,7430.451910073311
318.5290789784123,6312.007162051528
8869.202160345149,7242.121731501639
8099.028361263458,797.4389596364261
6329.630495123858,5187.469979691769
8015.6428234843825,3928.884028967363
7928.251187166776,8280.292703884144
9770.933396148721,1997.7882977917404
5555.354686429632,8477.841042954171
1118.8032001828808,9597.89741869747
8985.150403341175,5058.410585087784
9701.054030148207,3441.2113840908864
8655.469614990932,5556.798191272129
6133.820028039207,910.5493244428031
3409.9168804144165,4123.893410556993
3763.543804364152,571.527443489388
9846.290301653238,2918.0146098152127
9165.298615743262,1834.1582295510084
7165.27861489148,7746.431667976487
8609.645067666099,8686.019141364126
2794.711673337725,7362.01391018322
4126.08303711267,4166.315900421571
702.176322667002,1210.1706170144055
3050.590333034089,8201.772361911022
6684.435355175712,1009.2161739666972
2750.104961547203,733.9826543061467
421.99197202202,4184.895673300709
2349.860875489127,4135.115631283212
9276.090189098502,3355.273014856293
7654.31646427578,6494.599075239943
3570.8766560735626,8350.31358936301
9369.78747718747,3342.393998841723
8194.614152896631,3596.5848309346306
1034.7770293165881,718.7355073409585
3507.0811913636444,4205.798877883401
6720.387094872275,3068.4133963471095
2306.8774816812543,6637.275138864811
7539.368415492933,629.7916382550328
7183.871388053449,7026.365972974379
1093.9216612720925,2247.0584054664223
4252.237565252775,5354.0319547302715
5498.488187596287,4396.449495679813
6187.128939753586,2319.611004669245
3095.472622909563,4204.902431244338
7749.967614297602,6169.575982638034
2432.0970365902426,7352.453465149632
7277.724313106157,2099.6453813378434
5402.597853435571,8113.886500742923
791.1466313207227,5154.672904136566
7642.86411521626,1148.9005129480968
6591.437681973917,2466.662030096396
6868.240632442422,3204.832249415951
5662.523668501861,2635.948063096013
632.8887563829954,2912.105964677294
937.0344202472969,4105.550707582715
5151.944626820241,4833.320077662665
5195.490259120088,2801.1208819881194
5536.109150358556,7929.784686465155
2365.5041757663607,5983.918694718534
4737.288662260226,6693.883891428908
4354.66285488891,9311.250784906635
4847.571111409422,6673.096131381686
6785.5445539917,8793.77342876893
3236.2870873923634,6682.706818662428
1726.9642983832634,7.9404543711658615
2510.185789621412,3036.3375509052403
7887.459550225521,8130.114560326113
69.76672012269702,6561.263623408436
8930.098373116836,8774.531282220027
5425.39122012057,7115.356904844261
3782.8190238953575,1997.6615370251427
2292.6655215241253,3633.049968904837
659.8347638455205,2646.6343710656315
8772.774026856363,9452.391098274955
2196.5572768647867,7641.012021179503
1766.2109870853071,6985.896818527858
1961.9354629322738,3330.9284049892594
2936.6196026601756,3678.4150149912784
5044.007993992879,5794.702555295908
3249.1220189436954,1788.6893807937254
7823.454618607258,8293.68379619842
8873.043946650334,7176.731747903904
2572.8430794138058,2339.76539475492
7880.014757783818,5971.581127031055
5702.277552181793,3988.051335141145
8898.118305578017,143.49724160108934
2511.691238371615,3146.1786829936677
3875.28112311467,6786.361367936225
7140.583357184265,5387.033983691106
4309.105819992857,9905.08661546572
6406.987259568004,438.88520226806
2059.1409401424753,4875.96383124807
7956.916258149836,5649.971132526735
5527.695828480818,5070.2756063424495
2724.28617762677,1425.3176138037527
7686.382999178142,1618.8346637482775
8786.958340512787,7107.293955698672
9928.337772604715,2100.838345576711
8417.231542784148,7603.16028096618
4338.860772768324,4291.9850955811735
8479.298517379153,6947.760629212166
6233.585137360051,849.7187114037686
8073.034514690403,7270.653295946404
9762.316515515175,3349.0794961316183
3628.289559131712,3914.8354270864106
785.1927819731997,1667.3288319556345
5212.45462977825,4569.601333880589
3766.2325242119277,5064.887740920743
8501.544579561232,5029.774606894344
6611.380887642256,2000.0053692627905
3228.707491961337,3913.9560178120137
2589.6693335224154,1325.7861757913693
8240.21371588777,7248.22757397924
8503.251239869342,2204.5636850136784
3536.745681200236,1908.943589080403
8256.442868386464,5350.750397408356
6906.650386643535,4396.246097858547
2519.0843547305085,1036.8106700814428
292.0567196674184,7560.830192414532
3973.631488368946,1020.6673447342463
3157.595116587659,6830.204316550253
5302.902829849132,7980.673363140402
6585.603568880329,7356.72271772545
6074.344179034813,8621.670856582283
1640.7997674115793,6768.57853668478
2972.676075601326,1008.4615045238498
7219.410111072849,2114.187354897028
3102.548694523153,1639.5965297052528
7700.152214144525,7148.737106371854
8946.444393595968,6237.898608052681
4225.925607793593,9003.082975178888
5882.105886385095,3252.577114011347
8561.00251300265,4046.7522845399885
9454.900021624813,4489.6689196019615
9188.652240742327,1683.5738249659614
390.6187891745583,571.529159352081
9919.791985489728,8816.48416412341
8135.58270184991,1924.557651382386
6572.653343936665,7487.637311646169
9197.350381837632,1600.1280396260497
7581.287943183206,1299.873941805092
1777.5737697335792,5214.8512846415015
4442.010008915994,8724.403791067269
5869.880506598642,2379.023499268993
9336.310658179485,109.41062103066001
6339.570990103054,7337.169315299786
2632.9557836659847,6041.228490820407
732.0049712121546,6131.956512109029
2408.8974350833837,1669.5642009451883
2533.329884942459,2572.384824525371
8467.321334543354,8161.056356854334
4332.930442887573,2744.367690184393
7690.917553571874,5796.90051822334
9862.953198593386,4116.989826581095
3126.624285538245,7294.40694918178
1655.7011841746628,9975.856896143106
1189.6431498637228,5149.710690940617
1907.5497767877202,6870.048742377917
9276.717251880773,194.65360296152866
6534.667073191762,2788.024453909692
9300.593960336599,3345.281817918533
2316.3912445740666,4630.091981637168
7198.367684308789,7900.914773490764
9874.099999588618,7488.860136931335
2916.6926821644033,4527.052628781825
9044.845932400793,9572.738257752453
8935.480147546074,7823.476007279249
9136.475305338994,9047.436537262083
1139.7501716663016,8078.80978919766
5592.214157669465,8821.012284501541
7888.646688174241,8042.561425501825
6322.722652659554,2898.5430869004967
6464.51333086777,8476.852584972026
8255.804117205093,4466.5598119117885
6987.329079192457,4461.388506175743
9899.525408332735,4490.809297686053
9958.046619245308,3483.8710836402042
1391.1057812974404,7776.924949733762
9420.746213451723,5511.809893239035
2841.092823085677,7467.384466172958
9414.048145787678,3563.2019309508823
4696.976790090459,2734.4648853154886
3174.4121779931556,3286.6233298692173
6317.735028533061,4848.010270577243
2963.4402152965076,3943.878446308007
2144.6446227950964,1469.6173370072086
9923.720700947097,2913.4360627322476
1816.8310599917359,2485.457250501393
3465.8069803619783,7650.95789343691
7526.742109797686,4351.8585175396975
3844.642972952188,2150.7361218028386
8604.208313214502,3660.611627125481
2861.044914868249,9257.945247052226
4193.960250442922,473.7196911090724
6285.221780735637,2566.5272160788268
6058.438315823705,5648.4814379137115
2495.7658593227316,1074.6438961713966
9032.826251177437,2806.2066019995946
2520.9869695066955,1818.1351276055668
3091.195174374015,6104.4112449071445
6810.584344699466,8536.207073835129
3944.269678451763,7283.354449725851
33.39503470577543,678.4364487159078
633.730576232231,7828.255328527365
1212.891736829893,5674.184632308631
7765.742374473787,7514.290069475571
6142.912711597836,8363.148777827151
5454.480669494479,1332.5953165917026
4387.1610538596515,3325.469837964622
771.177988136621,1634.3484126412222
2789.363335816055,772.8265666912604
4245.476802456301,5312.275331177131
8763.613674033444,7466.107254899061
9638.872925789068,7026.812383852465
4263.88930870897,1006.9912209857579
6111.539744751684,7411.926025316436
1314.7654658187334,1474.5194779275228
6119.060614822328,4080.119549252349
4803.222851391294,8354.156369980052
6537.623587524544,9351.58307473175
2047.656984157362,5810.826387350678
9.473675411870719,4837.335402163245
3963.275935496736,6578.856718666887
4736.329121434248,5356.5845927534065
9871.260001087303,8260.080283199139
5613.021028498238,657.6529108604057
3357.6334612512946,989.4516979666923
5312.490413919016,114.43339548307007
6582.047052284079,8514.484017974535
4983.246763014126,1663.125574151806
807.6291936733681,3111.736390098082
6563.76992906024,1178.0325675034542
4741.173659502089,6414.992978483783
5191.779662969905,7098.451108772687
1085.6070026081243,9212.349454980344
1762.0838241780357,6043.254745506806
8387.570043487842,7794.83632276008
2393.344406203157,1999.7611435490626
4482.63919346175,6397.228408972987
8722.179675456466,963.667849933042
7131.722745736169,5193.3923308170515
553.4262863742267,7038.6367855187145
6567.761516518721,7686.458176645078
8725.670757033407,3078.4425713658825
6620.260364583184,4106.553275911136
2747.043945213016,9946.39004026317
7520.250588779753,3213.2258673601664
9944.526144177009,1564.3552592510523
2320.607457725158,9661.703449963865
746.9533523051597,4376.030247611951
8327.523225773479,3820.014848721115
2487.162631878783,7036.128344979469
6880.752609813973,9377.334977430088
2426.9267639615045,8816.889284003762
8845.2641235954,6048.6141052460025
1290.4970293151753,6047.7001184206965
2749.058255364879,6186.77249657842
74.24715477130306,4947.822708260122
6258.778168085488,4456.843889006224
3071.6033560194655,8094.797407842919
5987.52308859352,5011.979123753612
7851.951435260357,7818.600075947688
1541.520371807441,486.4895461581864
8838.844411295739,1479.2296700424868
2536.202535369243,1340.099659771502
5511.894862956871,4155.949571799842
7739.408356539823,3081.8808722143153
5762.418951317149,4880.006342387653
6675.67719391786,6508.9798770182215
6905.657421101883,4761.148494333446
8741.364355559665,7266.460068221438
3957.8023701389175,4363.314206936589
8136.720392078718,8875.170698872613
9372.338295751293,4959.938468262476
8795.408286106347,8144.733506846329
3894.6516832002953,4129.922532587659
9765.087221526077,3833.917239645299
6574.4109884300215,4328.864794894408
593.759056650065,860.7646130703872
439.72070320139943,7709.36366986193
7679.736884676489,4468.170918908662
6833.347195182084,7268.584317527097
756.359101086389,9669.358156075064
9824.664554029696,5548.27699914551
9330.188095702482,1455.1879145330104
6859.356105358089,5817.283145781275
5619.981541004282,7686.938914800856
5622.740177606795,2646.5269704908933
4211.990341507563,7986.233029981319
8359.315491473242,9881.683530719036
9536.678361350672,5758.469573232676
9145.226370366165,6045.647142797722
6669.569106148273,4501.259871977081
8420.101534557773,6847.255239660236
856.6664269685754,8520.225636962226
2618.294962674251,5322.111925870113
9370.370506940195,4828.092340519942
5964.693856668068,6011.819607567732
4723.750666707027,9019.449892431321
9424.259495854754,2653.137318035621
8615.688556505273,7072.759880840733
19.010828598395868,3745.887384526293
6948.838216098225,298.5720607241449
2052.241306225482,3316.3703162693437
3661.029757678266,5515.281905489013
6643.192926418329,2414.1140428854856
7475.258797992743,9015.925308954336
3637.340515024641,4653.936411625939
6090.016590965215,749.7346902736191
7394.5992336113095,8503.341479070843
5801.869043185225,1115.2977677270192
952.12997564195,7379.455338388264
5592.1202102329735,3432.5927663999323
6025.941577574307,7462.622508488993
1998.26917855911,8042.749116623635
8721.50572865006,8851.421318053115
7551.6444347730785,6955.298798279123
4433.991464139061,9752.106010295225
3842.236824277677,4362.850831526952
17.460121665974214,8983.574676983655
2339.279048011513,4161.106825722511
8538.931655451082,6757.161096612321
7526.5562261495925,1543.6601268207417
6863.662499940637,8804.271746496363
1454.6470120260758,9841.385170060124
494.49025102570766,7993.780172248912
253.27296235098663,119.44804275251686
2718.1950442146476,3728.940342798901
3489.640417823476,9514.269717786561
698.5193223555252,7963.898431408757
9046.568614812735,6899.775108580378
2933.065278152145,3363.004903629843
1258.0726648154373,3293.45419231725
8122.112995241142,7955.363583295977
4389.858389718296,6512.37091975802
2532.583917114427,9560.753581634734
537.8304583506666,3821.7780838171434
5292.519602604709,3430.9418275288663
5983.727054084477,3702.2003708785023
8041.525660388459,331.1922544234835
8348.657540536135,2907.703974090535
8146.224370344609,7334.614196078094
5673.756832120944,9997.688609243485
9938.900396082869,1992.145403567983
7465.169178111552,6837.775035285992
5678.44580525007,4184.4495182540195
2446.0766548634283,4020.889569314765
3602.9091695587613,7917.567552247527
1353.1408880503247,5643.550423166137
1377.5015697314063,8422.227648788683
1779.7446740525702,2637.321034996538
2073.6093294095435,5200.748645753929
4373.027108462588,9140.590434573098
5024.212416757705,3617.854477633988
1930.9923505593085,8549.512002981219
5855.863378801521,3222.0434419788435
5730.886568314873,4814.980869113497
4840.838871386445,7540.675499063527
721.372082427173,9562.50226398842
8153.485270144965,2104.8773002078146
1172.4814318535648,336.3355173311178
6201.744638970887,2630.761186335041
5543.002383950857,5532.762504279034
7110.289621103617,6929.471702092098
6120.027778399998,9674.234255872965
9274.638232378129,5960.7954231081985
8392.154467198048,8530.722085254118
4286.583405595029,3618.7080296569884
9989.996544005628,9229.651206223005
9784.768546107065,6136.2911811353915
2398.401759829667,714.4342811361859
384.40268046554206,6786.744180931347
8526.519031521777,9124.281272662762
9287.354217041615,9688.118125591933
4659.716406134859,9856.32638770251
1730.4862604979564,3452.6920473174628
8965.448374917529,9154.399919783682
1968.1010982693736,9337.494719317629
9988.48894602036,352.88602394580647
4024.15321465625,9192.28891215511
9786.741849133452,4422.097181500384
6378.635249220322,2055.4157321044163
765.1060612707339,252.50986592128655
8251.557533998435,4720.0820607685355
3591.061515926978,9416.893023707473
844.4870024336836,3781.8800262772834
9632.900216599237,3379.4207691624656
4581.961655454886,9097.939195706764
2252.3055040236627,2708.424044070472
1934.7298129796775,6170.9474711550065
5521.878114204125,2312.3492159593316
1379.293799765674,469.50868642871126
4440.072317149422,2450.9339378191485
8798.593585957738,8873.663533429068
8179.4654423063375,12.696317586460282
8432.139506014826,5518.083680095724
7008.180345636953,1370.711269395306
2359.8855017850474,2382.510629842387
4318.434640603056,858.0715587420696
6049.842525122783,3093.2229462618243
9216.755715858772,1228.4374034340683
7359.33278748854,7218.477791417266
2308.6378647281267,9477.559305344992
3702.883081143029,219.58083226237824
7241.239116118157,2017.5472771078507
9942.031837404673,9996.081519482643
8469.339724634987,2461.3493374920013
7884.513031886241,3933.6321829697454
1659.1581880605165,5157.915693970186
3064.996361776133,9919.38469768877
735.5857698198298,3457.7490807653776
6383.7289809595795,7310.182600684369
8066.434049377066,7373.255384867244
2806.7554469098345,9726.217588485346
6411.014957576606,6394.26551776267
6070.3299948794875,4410.144260428184
4521.533740498909,4416.509520566693
2737.2205966482898,9953.46207607106
7107.947811701193,1130.1204360290974
7472.2822566000095,8933.516831846098
1370.7397986801307,6639.7664691210875
1208.3202858510356,4566.930116399939
4362.974384971541,6558.360632669984
4868.7637858260605,3001.101585209309
3520.865953227713,6209.581262420446
6057.03752455573,192.85105307556782
3949.3343783239798,4339.183336037554
1149.829385447676,1974.2361730880598
7465.057770218932,6151.206540138645
6149.916244678797,7572.194775114382
9014.054497501502,1353.4568692348037
333.6563027484285,1567.009940477505
8741.935861067497,1757.295527366345
9351.856721617361,9202.437635403876
4894.435544630111,4020.7854008045065
2546.3116422442176,6059.057466146016
784.7696899649848,2885.434384852037
2293.0188571202934,7861.804825478655
8408.814012339455,7404.971382326751
27.003509518677138,5883.8906997440145
8631.199145609567,1651.516579701866
8926.141772741928,8340.167426165732
6100.838593822347,8979.465882615694
572.7383420364773,7803.377163748005
384.7252313191496,4352.047305333467
2613.9002589949946,9010.459055410103
1108.6034962059698,15.198764187973612
7435.673790422032,7202.719665866421
5798.351315476125,5568.341510588185
4990.284669425839,3658.172801149979
436.92590394743826,1204.349452843938
8068.89448231079,3899.398937248657
9854.196649105234,4325.718208216212
3392.0852586451488,4802.340045734716
1711.3927708778165,3909.5229287720213
3023.42867830795,5047.337903256135
3005.8724419845316,6667.212856944322
7334.495381634508,6421.529492273013
9179.77032910027,8082.071747488812
571.232696799876,1394.716662767962
852.529239206149,3145.403780283882
3170.7293503089218,5922.8150657742635
7631.564604663211,6030.133396978802
2683.6274801527584,7909.607881596633
5616.585141658108,8271.653016249984
4820.601245476432,9617.80576994405
5247.8636655089895,3855.782690467027
9834.379332088049,7954.395733078878
6870.342912330944,6043.638346905302
1292.0155803594068,7015.960614281649
3689.7075205585616,4637.546793252118
291.7671476477157,5529.280598893687
128.52780447548452,3098.929412997765
4179.115068508871,9355.444958433853
4991.896235500042,4720.561971368127
6956.577346395626,5084.266242954401
1247.8510803989707,6471.573543508605
4785.321298926787,3738.6436380884825
7599.248447243771,3316.035640919178
2478.334179351438,384.9471139498339
6789.631684164793,791.8639113483439
8244.117417891763,3653.196549876829
8691.26317582765,3648.1952474720933
1422.6667581703734,3890.9336968482667
230.11593605524848,2159.9880656165647
5928.328159681925,4389.483410871277
4195.651947155275,788.4585936777866
5336.993567514523,1668.7396749627637
9287.425469681673,1278.4682212956322
7345.089491100923,9300.036144547752
7008.436383771056,4183.673610298934
649.8868757901188,9174.281305667504
3001.252464481302,700.4948038926495
2079.3641804369,2017.1418537226616
9005.630461046994,3759.6585982948195
8565.661870867356,2030.9617741419538
7880.851367956822,1250.842749556721
7530.764085132688,3104.5233046754274
9377.538491587216,7580.934975000282
7127.181997532834,9857.12447895643
7012.9300863985245,230.40799297699644
4504.209518423342,3856.453212982678
3040.081999369394,9644.832812684626
1695.2243850821003,1260.967950054177
6637.253700715607,6567.728178513662
3928.194874946519,938.6640632198406
9083.959154262615,7033.269882831648
3604.894352798258,3265.326941000074
3927.933006049292,7358.838228655022
6429.74314136405,5919.778402333157
2495.10672945337,2231.2618090048695
8992.482279037207,4992.544027045539
436.5174193096166,7568.867229261974
23.1596711873594,8265.010819888827
699.3057445501671,3866.547908022685
4961.3894113123215,9513.644668846975
3395.9534117739877,485.6389524932969
3113.2198605530602,1731.358171664722
9662.369287750409,9260.668964918335
2333.177226884644,2960.6728827274032
292.9018414970142,8027.085659082038
153.29858782305638,5070.650936129513
2630.906073865362,6821.818148685107
1601.9405450326474,6678.023338634405
7736.258726127017,1863.1946382670505
2276.7505141328124,1312.492484158837
118.9584131131316,3868.3321054457297
482.59032417846794,7671.654176515524
3252.229403879078,4092.787980039525
3669.550232279559,1534.2911844727746
6211.608655429795,8943.796514725807
726.6005196710367,3523.25716159026
402.4726896310626,9255.51602202702
4087.401510395584,3327.7670599703547
3.6273307744572048,7471.095630385005
4064.611407295173,7991.249915709193
9324.242975694771,8077.017049375999
3881.886939608833,7006.665646560895
8540.05779184751,4414.602012498527
2749.4694349896176,5319.922540216292
1515.5078482904205,8534.4005101198
435.8907165669179,4604.081282019588
3584.3709107131226,2729.096693598857
5761.277192316121,3508.8567255011903
5580.416321147024,679.1495039771888
6095.599000108632,5067.44888321596
629.565135129978,5365.612515209872
2809.391511328264,5320.086789966285
9406.401807906152,8416.789127547388
7379.772000695614,9432.10891969477
7062.53617291575,4555.620073098836
4075.259939611605,5158.686737553313
6191.219019945771,6881.073462657084
6470.026599994106,5351.730289691179
892.6463986295574,9035.069496179125
2998.103284496172,6332.036942328372
9786.562242618711,1617.5616828255136
4472.000222471237,559.5449158846288
3067.623705729616,4289.121399207149
4874.919545657002,9891.638115792899
6778.738338987904,6682.493529010618
5692.750608087032,9275.958192235546
6813.301184084564,7854.363535869083
4419.720115919022,1257.3277332612586
5115.524385366742,703.3688548714579
5039.883889589098,6461.428779593673
9449.315557268275,3289.612015771468
9010.821874132609,8573.233135929828
8069.957183652178,1995.5980346344638
4870.583322871469,4260.356873236751
9216.868190030093,3781.228979299501
8550.399505157566,3176.972745311265
6786.162444344762,4734.304106182964
4237.291249421744,2588.171025272451
2996.704352840064,3349.7890718023573
8204.79896684103,7111.668294197827
5362.623805575665,7533.480828535268
2895.8748374782604,2173.147271389657
2963.1973577559265,1845.9186869504929
3707.805920936378,4869.706025353104
5396.865584375283,2084.823338744899
693.5688835848252,9707.66319996233
7854.051956668366,1642.4752529544728
2371.115221546646,976.8663014690248
2772.987084275905,2838.1958086331683
7471.7893844882565,9960.521148252523
8075.32606944204,3160.599528307719
2301.530114663508,9084.460100534878
9396.336425974374,7269.92934226804
4113.17756403122,4011.9697859685566
7445.774544774111,7591.56188422534
4074.7396178367358,6145.506478622692
7431.58269620404,8617.910838535481
3533.2656239187954,9629.922414001347
12.284990359238135,5956.288234643094
3226.7331205826445,2578.3470635916383
2905.5776890094107,1453.2161808412059
305.10270405645247,8085.059076666132
3584.344176751094,7739.086942271361
6991.854497110597,5908.720921300311
7514.607632675962,6729.052750547271
184.96094770625194,6385.278645816444
6438.200687141847,8209.004987684262
3312.4630669540047,9872.541411974298
6170.966135943439,1591.4819260807767
3955.2221106124907,5805.768465778745
8894.738210890457,6456.380828991645
6029.754404229326,981.9428981281509
5091.0940467261535,1936.6552569134853
671.1709337114413,106.19435993977966
3800.052009824364,932.9383521019785
5526.37865861582,1982.305924351767
9058.76556392161,5073.811170019008
2869.6328479833232,8745.731288074501
7569.670790856986,1665.6875756744737
3218.517152648338,1742.9072026939696
3561.3020327995614,9709.74580280713
9131.35930081718,1756.954792719655
5637.825204274051,885.350530898682
5339.990693094659,376.6204985532506
3605.7998716192665,6033.39134269199
1736.0431391880004,2122.660746294626
3731.033708273336,4680.2348198853215
16.686760914398356,1859.4839645687089
2684.8731990516426,4302.7236541183165
1306.1222837515506,9739.293384181812
7645.772959567881,8754.276139509378
2806.3778478465374,3833.9414781040114
3259.917076476332,1054.5716782368963
4395.460985923792,3874.3837553493986
8646.150279778967,1367.6788160555475
8595.964029964462,7947.057403315824
3486.4406103962297,6589.71987279089
8148.9755711848165,4475.678083189283
3177.445229967145,9692.728833160563
1319.6426728679921,4139.036358129877
4635.189332282716,5727.407813932217
106.03945899632427,5025.336336486837
508.3675313978742,2378.7700739553597
6839.648122295073,5066.631289139713
2430.906525386821,2359.8630058166605
4444.624193406255,5032.522891250624
3929.464776797258,7365.814582643441
812.0876088881646,1752.9113770935678
3320.476533288037,4856.783251619209
9816.340171935002,3899.6400829938225
1142.723706516523,8511.532854681684
6044.425782736989,2375.6065975841857
2537.28404505962,4479.613167943574
6520.905737437442,8240.739370164887
8612.790291705225,1926.9794852339705
5127.761203770018,6373.335100222548
9737.609641039518,2814.639374654924
2497.4200022941427,899.6452814643696
7779.8884279733975,976.3164602874886
5153.400969977101,3208.438493559214
3335.9176829520675,1070.4869725811438
6924.297190184238,8662.909456833855
7062.780054904529,8995.850050539095
3461.8099593100305,4907.2401902584525
701.2053876231416,7411.201553039026
5428.82511193232,8097.471482001996
3195.1661651101417,6424.7092465698015
2845.082127854285,2804.3693284752458
6309.171701800955,5801.535716249578
5336.720325098985,3251.902446664817
7775.973991570091,2005.174700696577
2604.5633957552395,7713.034797079489
317.81480418239585,9196.63332553771
951.2330967146487,1290.1196135851933
3496.5877372759946,8272.352120052601
8636.753784750414,4671.818555289683
2047.1914617553743,4086.5006249708126
8530.215116179414,7806.559545252139
8541.11342892757,9970.7709670273
8757.34922281708,9016.2663154658
5276.958197612809,4511.383414444298
1856.4291821416357,339.24859005969313
1538.2511849317825,8671.463692802372
4277.69722489369,9983.854972829831
4190.600106160638,7706.959309456839
7702.040435245635,2228.962985314229
1486.0690944994415,1815.3093355459705
5716.301280476311,4571.933705011223
2333.626618877228,6822.098290170703
2478.919420885426,4748.799974326747
3800.225655272207,5817.551629384281
1609.3213630204893,554.2963774018128
5461.539697059446,9694.359866434239
252.72559758579115,9472.806440403516
6602.457755676095,509.83305697165247
7370.76990560406,3850.795203774967
3464.354664360032,9993.251395926518
7062.559777091358,782.3783286521557
9552.123601953323,7238.739493816784
2203.194990295423,7864.756103451005
3098.4304850279186,2419.5420671994793
6666.445401848957,5681.690452266921
2284.230658233749,196.26456294295824
4680.932153049345,6320.367910032317
6830.027648191547,4572.000153393504
4336.649604847969,2666.086968599668
5586.574079376301,533.3768392960958
2808.4273405089543,792.8705465924568
2458.5452743909195,7433.389927910172
884.5588490800571,7863.146934192978
8371.379082653488,9920.455092996299
9668.100626453755,6922.2505453673
6316.466157722014,6273.217491505677
1306.0795712552542,8304.787122188449
7670.859984311724,7279.188913483411
450.316496930131,7789.892139779113
3869.6408541638316,1058.666805593933
6950.240519640839,5500.799101072379
4861.531117141801,2639.5056974489194
5061.1886595837,3022.943291047775
5386.675473419455,2962.293416239115
9289.939634107399,5483.489938937757
7289.728668237497,4220.950503979798
4662.063522213625,8550.78572298834
7449.255147592674,9210.471129641275
4410.275018154371,6589.116499453037
3694.3854489106366,6576.130402135692
9109.661773784006,4733.08131962153
9609.539830253125,1106.206144752785
9603.385224510537,9193.116423941105
29.924848344761166,6819.389058159537
3169.494253156997,3235.64221679151
7638.210155688236,5369.761607967667
5807.741436395943,8256.06269717002
4725.813058474191,6953.477745733301
6631.895157578482,4472.384474422148
5858.95425242184,7672.1660441138365
8359.23720722371,1546.5012877494166
5140.132582110711,9373.087863206478
2968.675015034008,3282.086121002219
1578.4020213993333,6257.422212611292
6334.305050417859,2847.8247509063726
8635.059602838486,9182.112872160516
9621.499797261124,943.0940170669677
8821.210867972466,1207.3676262587608
3952.094339030686,7132.509825083424
6431.958511139488,9984.136821228869
7085.375837523825,832.4766286146889
2646.60053895019,1533.8134091388356
5051.04869005779,4598.053960938499
9580.800162339343,9970.715076487024
1840.1734605460829,1841.9294312675584
6256.255807252113,7444.232729090733
5861.2174813079555,5851.684448825578
3430.8325817373266,6788.332642905876
1638.7958168866057,3894.695700506994
2421.3658093274403,7147.842576211285
3969.5017467107364,3066.891593579798
8022.064189931234,8632.729929235355
5039.209581179864,7116.126988477932
1311.3993432317627,5959.205851300676
1452.3665046532285,3917.987476170538
5247.779766850692,2861.2118853420143
5580.448672020837,4427.623975528644
1486.957452483456,8474.398775556476
7816.054691456838,1082.3449181817912
5408.189594798953,8841.752118762963
9245.94461303777,5928.407362395604
8561.029096376727,3793.189463154143
6940.580990124716,7402.174949314285
753.4210392532892,8782.192106340926
9936.74890182985,9886.785372510865
8020.410880907822,2163.724816486704
4712.833340456513,5741.6378211548235
6016.3926987442865,3007.498271369824
6049.917072037393,896.0311675164855
1602.1175799462906,2142.6594973553347
6384.288993459147,3267.9998795163956
2078.310320294765,6281.19602791598
9837.80195070469,8295.233598137896
8141.543104032235,8312.699113006764
4968.910528773805,4168.705541914977
2941.739735936428,750.9204518361868
2061.9419208165923,4421.0313119094835
9719.181770252379,3695.727304595987
9348.223520938784,9363.444977988034
2298.7699887206613,5992.8651989802775
8114.6969466245255,3157.53049739403
4435.97727207202,2688.5952770358235
6466.807202629823,3173.595939705286
9648.714321451898,1621.1011062744574
5862.889013267789,3939.761210624748
9160.08760684858,6779.7556013272
8795.0175597354,782.2922346159355
9952.559021830644,3159.9141078866087
6222.128835003734,2298.6314810968342
8957.049857819251,6927.910268957833
5395.17768417923,6822.8260406251975
2514.5477015344286,8369.898600916733
5562.894953225767,2392.9546382631283
2399.601423731056,4367.132307759536
6030.566880574866,7959.87575829183
4354.387532155417,7163.6583448156525
5407.112897565477,1514.3666453242
9342.162096457278,3281.3571574715793
1836.6013345155352,870.6983079700348
2548.9562123262313,7433.405496637912
7653.365543076287,7553.638581177833
137.36246929835215,2808.546437459273
3805.3393109985323,6389.885744968742
5985.7898373101125,6388.666913277908
1767.9328203812684,6737.452757913223
7930.78186420607,5185.797767355429
4023.4295703037537,8063.942685069505
150.59523724479718,3559.4322306337544
5287.224305415924,8521.34909827277
7197.959710339556,7659.303552912757
4927.7203197970175,9777.095526458936
9972.613859214693,5523.794090002235
2174.4771810148545,1582.9004582282703
7746.280872175594,9885.217513013635
8530.430736153532,8048.651060866296
5090.24973451076,656.5361107328627
9351.508690531446,6170.80330866207
3138.1906542830106,157.39179201568197
8096.810578243634,9521.02049026137
7059.223996673053,7500.176629460431
1161.157592563452,7123.317077856282
4545.105476275315,7128.333104747579
4506.026516052612,6139.407410163145
1287.2272783463213,5995.541829496265
5268.099031321743,3958.04037125861
1128.6198319498485,12.43626753916538
7959.553136099079,2780.472830255144
3135.9612082379617,3453.9045959762016
1642.662352766402,6876.395416122965
4121.032786333446,7844.212118641013
8406.535885651323,5142.745035511857
67.7788993859818,2291.1038214554114
531.3285165096182,3456.7152476553674
2796.8339896235293,1372.884845445127
4563.826692351937,1072.5544214114336
1081.835929377004,8080.807575069516
6191.523260442055,2295.54507614838
7337.095430580041,5289.163592042973
22.80040686258422,6739.634177476883
8648.72980627097,6193.358711765051
211.82671822512765,5884.931030104766
5647.01747728447,4180.987722988751
9826.98858217789,9544.489415542801
9908.63600952378,7256.72895865061
7730.500482607713,3597.1226065107576
8002.772540813615,9052.175070023557
1899.1141799843713,7685.031781606767
4386.364596736527,9783.570761279647
2879.498611752035,9443.21163335332
3492.6000019385338,9180.827802458358
6448.054354396948,9338.000355517812
3554.452865207175,6919.0055790859105
244.87020597099507,6424.298473268919
3529.3891775475204,1197.539707437435
7721.835526803828,8406.000375017391
6873.960299205988,2210.189224639304
4702.623572741263,34.34220546137623
6234.384034767695,5001.871023757327
6879.927416834279,7106.665508364205
8460.844309798415,7535.16468071081
6173.796087839473,1168.60560120435
7390.082118008427,3018.0717380565993
7981.1911033723645,9742.52348770179
3494.912215834153,5223.7129086589875
8250.0792088135,1348.8700985565927
7662.724881226634,727.6381913154928
4869.883323258519,1620.5103087449902
7713.073605626887,5441.820114959224
5795.590408424214,4161.266693900521
2872.3517941089594,7057.59231009278
2542.0605752157567,9862.149132956656
2824.5146931902464,3707.8384270933007
2134.469820678956,8556.21050054514
3792.093132326135,8971.531979375217
6684.615635574479,9485.185899224365
9732.453122300007,996.0119888367292
2753.4236534690003,4652.016091133224
7833.076291832532,3112.363014475723
9121.130878225624,9963.193001633315
4658.351094096201,5074.521980732546
6004.413483503838,3930.041676446396
9794.228897796584,2320.2829672244775
5056.8541008260645,9978.965410902645
3692.1474702030055,6098.504363893949
6026.27437756175,9539.642461266556
8582.22362261076,630.9741042910965
3694.7127823900128,6782.670468795269
5536.170831897286,1277.3607806016896
318.5002840959739,8343.030908229837
3963.806115861849,9700.921777172876
6627.051727331961,8761.176397362624
9907.471771161036,8350.371978577945
1163.547303597411,4951.133063186911
3391.3782797430604,6226.935162219093
8098.410567039143,6500.954863423945
1035.9615113641319,9164.112894701015
1749.376224180188,5430.5836776590895
7112.809281617316,3234.1160245694377
267.1002675271439,2167.40100899365
2329.209104327432,2040.924990893569
7567.972580275776,9459.542940661531
6019.116003212341,7707.357084800019
3123.7997986246123,3885.7254947551523
5980.5376261545325,1244.0649862249763
2815.8209143185554,5222.689730627801
5130.86082656078,5887.645338396886
8612.477874156206,1489.4128788944372
2272.8680099028475,4814.379842975015
4510.005947846024,800.4930055645187
6693.688425299635,1322.8369841866938
9656.43934405508,4528.295211172069
6080.36007102824,6220.464982053788
4378.1573227021745,246.09586188359845
1883.5376675490102,935.2243665479353
2388.4895315423805,7378.968210854654
8720.40748778846,886.6320125347704
5060.878618913761,8034.531230825764
7204.922860495947,7995.956033866234
9549.543675575987,1953.9661501675166
6461.694593753823,4773.969027987786
8724.713380799614,2197.8617401124066
8659.103512902768,7753.303657047155
91.60265698469394,6845.621603466775
8218.823928076967,7406.598979877365
8612.275268895097,9512.337212385924
8979.755765311496,7146.546099076503
506.843065213044,7178.7396631429165
8593.371392635514,4092.397781205764
2638.8029979982443,4328.472544916147
9501.249270336333,9116.805390531677
2402.208898270495,822.5306356641094
6442.871073090514,7666.252667140306
5125.034454735701,7969.56402124737
8394.554408815367,5656.671367934486
1073.8682645698138,5705.118387464923
1469.6718903964934,2625.827103729261
4412.400133655249,4347.928253342376
1007.0101370050766,9450.731010925552
5232.762600303518,6377.791710315318
8759.702435866495,8770.700323728543
4193.960672181935,2424.119323898188
816.7380496341736,2973.341044835841
975.3205330757341,6452.023535809725
3113.884284348911,7129.261346073566
1763.2847520955286,6784.833103273242
9604.752331061103,2771.378697572815
6422.775351666902,4049.165544367599
4902.119090678942,858.2325254107149
448.3561996653107,523.0008427547017
9307.838833744907,1964.2976595771368
2485.829078258788,9308.472392082163
4812.285444967366,5611.8869603583935
2309.6219834896738,6304.540190883744
9750.610968553021,8363.250189969573
896.7397715212621,1055.3960719245192
7568.16434287217,4537.420228265574
9092.919538460197,6450.008558937548
110.28174921612566,2297.3159911481434
397.343056483922,7056.400424755216
2840.0419720582313,6590.002526484102
5188.512259991877,7280.442822952735
5564.766122451682,1248.2152076534337
441.7404523368718,2608.0263372510435
8173.3070728085995,6538.115306291447
4740.014652417532,8950.79960489286
7278.9563182693255,3227.610533159899
1980.0887911629804,2127.0302456224545
8833.906662973623,860.1178698394074
6264.541114963797,8598.551350704829
3488.011064073908,415.2152028810208
4379.4980143457815,8851.076299565411
6909.117945342797,7087.948503603056
6115.294066561026,5466.146225949071
6580.64249702778,3844.953851085605
2480.1117834012143,8954.447991120991
9329.72503076499,5154.124237311019
3020.2180393794597,5113.579891246417
4916.4444043828325,3343.366564393143
1367.7553505410644,5844.0814868378475
471.72349632570666,7586.327923194407
8953.854915758151,4860.332171692904
5075.401007471849,9169.110888168423
8053.462352952161,6654.580798152162
4200.560950744421,2701.3400787446785
3383.505075191142,3357.2763331481447
7403.262787072033,8351.45712924227
2726.487686827229,7005.422258195724
3891.512693859914,2598.0282437764536
6524.062954641408,8204.524789280113
6690.303902954576,2604.587859457437
2571.006894916301,2262.6557473829234
9583.04973548347,2084.859167311751
4216.873666706857,9462.611055974045
5898.678762715961,7805.162711372354
8131.7746669571125,4342.45607499478
8471.006447603824,1153.3520451220281
4954.420231565502,6659.700808016112
7110.08044348314,1148.129984141839
9634.587401573055,9936.341722157722
4046.985762603266,3542.857615813593
1762.7035573616533,4864.628117917073
1753.1683658401332,5858.720393165854
1507.7812485287568,2556.2446703255514
5604.801013851156,2742.8148076198067
7911.33002398595,8457.467612014005
4280.9664047439965,7441.541720144605
1419.9030056396812,6877.760445778217
9535.589564855394,279.82770136798507
2635.138263127983,7807.19535973305
2665.59256259424,1709.3809653361602
841.7731681051199,3247.5383963296335
5832.295325182086,3289.9451079267405
1723.968664597383,9960.714465126412
4676.047512867717,3029.3767493157466
663.7630320805921,9459.446370369355
6907.028444887371,2319.1871958394495
8526.586088433482,4448.3917411902175
5209.880824297036,1775.7394899774458
9048.568458260419,8273.467855981584
1636.0191647840727,451.09957291586625
50.31351482151614,9244.493482136153
5571.277024850379,9003.98312241711
3453.757715295348,4564.891067002358
5843.316039201416,6491.299659861479
7774.4800005851575,4520.666453677072
9827.219582804846,4367.140061432716
6339.000840160289,9149.664520890768
1339.9619848565203,5109.223051485554
6632.3995278959765,9149.259523703235
6127.6059831302455,2735.3726633388596
2658.6478712712624,7966.558146074686
3484.3616703400394,9786.460851702082
1347.5595203461567,5209.720970323522
1686.1196587485606,8075.467866116877
7746.019398596372,7418.893921336144
9229.23272273985,8572.547110553756
3887.8479825483005,4411.619986394665
8791.69813615527,6186.020734198158
9400.008497239089,7113.059416480206
9850.201671461571,5099.902227895582
9703.332227881805,5649.737227291215
2766.6861007497378,4979.612949637415
6744.481855810152,6507.941756144243
3770.4197749119494,933.7301100204687
2408.3265615880555,3041.3430816212685
3435.728252062682,5658.959735173925
250.0031570749184,3659.0341435771425
3104.542487748868,6713.42358340097
2124.4575501951012,223.53459234333516
1173.804648546628,8713.334572858526
9556.766026266487,825.1733504780856
6026.135190251588,7579.106400816212
8512.876295056634,8852.779474779609
8530.068409698331,2355.11990676848
8373.12905073172,1126.848024759659
5784.051770994504,5578.693376794579
570.2616834490204,8256.667952246447
2258.929778044083,9984.154517285548
329.19214161139075,4133.643514527702
6643.114262143575,1785.0228396422629
9204.894632446105,8502.3802053459
9968.915956682715,5190.652897536387
1260.2523770054363,8193.095871533507
1418.9861725625265,9318.601117648604
3824.513171346854,8984.213700514438
3266.401168391502,6911.380252321704
5983.1621185396325,5760.529550887175
611.9007000689224,2496.525079654712
1245.229611175247,4877.964346117039
2315.6092636494486,7286.188829745079
6584.07342763436,9844.369554959963
3050.2198473020394,4588.894368196283
286.1786920961884,8587.93189249921
9404.242474139002,3814.671883305906
9122.310963995606,7276.195902293968
1083.461434992421,9170.995984612631
652.7135209860546,8040.307748681167
831.6072474839598,2829.8924856407593
2083.8704025137813,9100.037461570306
589.964309745894,1570.85381005595
4750.851196325221,2138.5628843001246
7031.935267632485,1178.526533354527
655.0363985313323,893.9706071713472
5760.265204212117,4664.702216879405
3371.344055372394,718.2124836938508
4844.837421731758,7975.489737672492
8118.468348925935,2292.1017999186934
7884.475713832142,4976.065338598207
3947.2683049292614,9685.165322704299
310.3910417386746,7149.644692385994
4090.7134168926295,128.40920666703616
4975.599005114054,68.78016601168602
5152.991441313316,5168.305372681868
778.0847528338952,593.0394652368598
8135.081077901225,4455.4579464562285
4715.565830815034,2117.0185966960075
9535.20975701616,5662.8256224497545
4179.1095770890415,2284.061497885105
9323.701016850671,1085.9075915770188
5281.601546637395,4526.059482740084
5752.909553804485,7206.493527028465
2680.247991479605,3653.1156978916447
4952.793954655413,1451.9653339606753
9208.12364033486,4059.7166636002057
9928.722135995757,5695.796277434434
6399.775853092537,2013.8992975469905
2490.6197508872997,3059.6272183680185
443.0124627656229,83.6876462552294
4102.403527023387,4106.426192597338
8955.568059033849,5386.169582976793
6349.6638097069435,2960.4836216835715
3914.321681106201,640.3463978280777
2785.4667441273873,3233.8781504945146
2285.6067647820933,390.5685983933238
5622.030634730608,8804.495442291436
5732.3475005620885,7067.322799889169
9883.497336203585,2616.91528722504
3378.7643598203563,1638.3332105150428
156.4480266429602,6943.992095606938
2390.334766397438,296.00092480188243
8208.305407105361,4250.321140028549
8722.128813313771,2369.900602222601
9525.20803234916,4135.983714943868
1034.2490606263632,9150.03200952043
7018.568902634772,9682.144506132658
6039.219364842925,8237.114429885673
8738.121288144952,1.901016850127668
227.71345378554742,6683.0651963036025
7194.122777711103,9838.949203035943
3876.3905840873736,1085.3003177397625
6173.472425544351,9050.949755084264
6778.746431009942,1756.707938884341
5671.682524129416,3978.872095251238
8190.078790470139,704.2250974046526
5902.3866467141,534.0463398846673
9814.157841056009,7894.716084576739
5403.553502764527,6105.7380139626375
8742.23164673033,2625.4696221061167
5865.543919994424,5140.011672347863
355.87470614001916,7008.9645447788325
5401.724447412749,1957.7414966021245
4897.512632844804,5916.573325230386
6230.45484704126,7028.5860371259505
6879.538540188793,3064.899792179748
4177.33187114659,6035.521193799841
5473.414129065408,1856.5285740460013
7022.773200252135,7518.793832849276
7124.709891232147,7344.128875778195
3673.5657958559177,2184.8910118388485
6784.300977065016,4746.913213457074
9135.015529618715,4908.00309482344
9906.006711990389,8636.297517522726
8456.160410170325,103.16736838656193
1268.5256092281072,6790.080180796763
7961.461544367718,9374.008020852843
5508.833289082961,7853.111783117745
8694.025029068198,5722.1722754812345
8604.425100356735,5682.234447403889
3967.2155902366503,972.294219424189
4273.285470838355,396.96226884685217
7282.345299104815,1054.262497321926
5614.806443068689,745.9124458622057
4294.3218438646945,952.8443761041339
4040.8058459035333,8914.235093438292
8807.646275050616,4355.703941603401
9136.04030567784,8356.919515052568
4914.059570864051,4125.368906666122
1003.9406725932731,2766.125864031392
5814.446752596263,147.74335215290145
7156.101396531518,9816.577077565002
2556.988739815099,3458.610459655508
3189.832989566983,3039.7800903902516
9494.134752381966,7264.909838012783
8416.969691540262,2626.966948631313
1437.8921623223484,778.0202198117759
5093.039055952671,8135.845046838926
6270.491958205893,1041.9523754772952
3743.151712907692,8416.760805946915
3640.233325607146,2730.628449966399
1945.4583647046563,9323.093610313614
6870.817429550143,9187.314109307788
4126.254395488514,4809.424275553102
295.2485477858602,5854.849317917903
7996.983967967519,3209.8353473752627
4637.141231436306,4278.233846174985
4397.294795845108,8463.158347372704
1458.465631478535,5845.7283345325195
8184.9625677408885,9923.002261577689
3505.2850508847423,3820.918959466819
5890.564780120957,2970.2895203853463
8780.34971106656,5823.571782765803
2109.654601490246,871.2249139886252
7834.309255386561,6186.7411559883685
8277.808540167436,711.6824101961139
565.1981223993197,7328.258846305925
7020.637797939783,3304.9416741179784
4147.395196983149,1372.0205363884352
5332.27238167293,354.82525023319056
2270.8635334788405,8029.978595166087
2892.192509452278,9871.284398423195
9562.428439495781,2451.8295383312015
6565.292089434404,3183.9562058041925
510.710549723149,6276.484101726427
1879.6565972425506,4501.967120944784
7072.4976690329695,1740.6622163511354
1153.6368376302453,7618.270424030526
6378.529036114155,5454.372019081104
6781.838147662569,5680.154135593286
7053.457061123944,6182.892701977498
1679.0431031952403,2170.7859932087126
6790.398893780724,2405.398572305272
9400.565975347641,7522.891998482035
693.474815066325,1678.7240217791054
6248.59695221317,7328.048503276701
658.8486144063766,6185.8795705982175
3757.225590698113,2196.4422638801916
3420.502481564701,9617.065449902411
8959.438715305827,2999.3514119635524
5847.892403775797,7266.199305463451
6704.516285517443,8082.613795967194
3810.2404398624535,3144.1721056184947
7458.756428556895,7869.396768298179
2306.121001074183,7582.7152923173935
4817.227978984628,6017.290319833888
4410.735638194092,3266.9473099471247
1207.6148352332793,3800.2061032132815
4299.537549664726,6140.053380155575
5902.954191046053,5523.248647010531
7432.495705140038,9154.118349896627
9180.551090802774,2388.7143534743814
8097.882815541383,7070.1042325577355
9412.243134462318,9997.574454757683
333.3017413794304,6040.8145425812345
9244.740660729676,7222.22720904401
8032.92745134311,1709.2401730113982
8515.655955328215,5016.011164533188
5622.0013966871165,4516.97086899446
5037.6992284283915,9849.346605074952
3325.296560962313,8968.176922808148
3944.6464971934715,4643.655412620379
3008.0840230022686,1263.0615396828282
3317.1586785930717,5667.4883922449235
6375.0570592760005,8107.134900540575
7901.882767106945,4609.097284210209
169.93317788146612,5616.648902026446
5803.804929226356,8106.797504789788
2223.907788603562,424.50593338043353
8354.89458461882,4044.511097905865
4463.548695883794,4345.539958380571
7134.957255785239,8060.197231583277
9626.97723146842,296.25403698236295
3897.5333682404957,8358.978595725806
8884.169260078575,8893.97954783391
1475.0869987713966,7532.3123657866545
486.8224404192689,9307.115699918919
4658.993135364594,4504.7812803793
1355.4083753944567,6466.319097735945
6491.38658951425,641.218360567245
4145.197919363871,3051.350844548677
3891.613181807844,8128.178419438962
9925.54018660961,5262.123884594847
1487.1814221025625,2397.5770206516113
9325.903689146022,5938.946868128188
1368.5911268215634,4366.00623268654
1817.6622070541548,3584.1140876203017
9633.100753341983,4275.587219092026
8225.400620859904,5166.6251080887205
4255.333728976031,715.3715830559948
5529.4001305967795,7843.435645351311
55.99987326780798,7930.571558403454
295.2916813918949,8313.266724009587
8580.629519257176,6715.780773495694
4993.163393005053,3396.5651094448413
6335.995123982399,5696.531933375621
8354.735982035198,6160.287075270242
4004.1784111891075,5229.109258570287
3831.6609610019404,2655.828242994773
1384.8568073775925,4436.768800755144
7377.183463163506,6724.682372567926
740.9769002870225,5657.476418421833
6890.130815631327,6363.20258084907
4258.730521195412,4024.485811989701
6100.911162906374,2231.907482956451
3146.4738628259547,3803.398681269847
1778.0278800403614,364.4380105227085
8798.77295931328,9164.911928522633
5875.9656196981,2097.8343455912795
4751.218728325735,7393.1315083310055
5192.509795720177,2451.7183301282143
5356.4222301505215,2097.108612347809
572.1181668857034,8507.04666095545
4311.392263973983,8533.391073633198
8261.805170333664,1493.8444536496797
140.01412649482737,8649.852513054599
2674.403668812546,9654.625609479786
965.2917725942889,4537.235374763917
7024.065856467191,3738.52242156147
5216.897700901325,9888.126311845414
7807.135033374823,9318.001161977896
1615.2971114103177,1040.1798109875826
3823.915652076999,9294.846577535782
8295.55382688011,2948.6236297357773
9559.51268211515,206.5781001860345
9505.483613902448,7979.900883964635
1618.59576347683,1985.8785381680323
7082.221865505526,6696.347190718912
4087.0864749630596,6858.706863908495
9196.305630568155,8048.251131950102
3714.6707721922658,3474.4581362260196
1633.808038344289,5073.148795843071
6825.34974130295,2804.1860078603977
3876.5973429288038,6177.3572637526895
2777.570811110949,8464.595561042313
3933.2687724302627,3546.489897036981
9802.101998662485,2942.8268503658383
406.11145408860017,7718.693422357364
1951.6169178909815,3788.3612029835544
7949.6067728209255,3094.3519379276695
4231.552947800495,1176.6603412028564
5208.132952151862,3251.1343837179306
2868.1584709764484,5492.550238288241
8305.618686494925,2396.099679596041
1333.7899604931524,7781.122596293331
8133.6158710796335,5755.955105662105
2911.7893552348896,9670.979959893128
5328.943022066541,208.4985017694596
8068.531015816334,5623.343762803584
8614.332037928574,8231.813406575066
914.4961439504806,8623.042760232747
1955.4996863604679,3975.006568690098
8582.57048457023,3677.7476831641707
2193.9433183290425,31.188029134870952
5792.59812548511,2288.7513519889967
2240.733663345279,1630.4901281171046
9883.631687233432,4543.3265567833205
9692.989208220715,1575.019782966135
1097.9951321316084,1283.4614682762779
81.3191501568078,6533.170003017892
3331.813333280048,4741.669259198459
4997.06293734658,2816.6742795022283
1235.1928357304243,9486.754227858348
315.9623639678477,5620.946740560467
1303.3484247408312,6714.172253572042
2695.427294743895,8708.828429818654
201.0119042317604,3849.613769985807
1714.5538026058227,2935.4105500173587
2410.322516341041,5341.530070282513
4935.757753170447,5310.595044019738
2752.508519676057,8978.932518356154
503.04127444203203,2655.5491386003036
1587.8427193793987,4067.69907573474
3401.590519174199,9105.744596562128
810.9845909595037,4107.458999987792
7129.537825753857,4534.824556091057
4389.383260104594,9351.26902386073
1991.685558447145,8421.937674119712
2927.56768763873,6427.202967487685
3090.270388334586,8401.327409178683
6415.446437331519,8754.584557660124
5235.621847056426,112.27033307706247
7776.512284154755,5349.836068679881
2279.0205437134823,6160.766036725637
6818.132665291198,1017.9460038754073
7039.493799439284,4402.750821992428
6128.295618669176,5739.492789095861
202.0917251374299,7119.3133176689225
5911.227946894096,1128.5470524840769
5960.596382008798,9494.204382844555
3612.4330306321795,2594.073413140886
6732.047475130019,6436.871171383633
3584.563338375798,6572.538024406967
1696.0708854007555,2110.603342924915
2271.387245613189,8888.284394166792
4209.359839691975,7543.51657046715
3539.7786719922688,8303.557773181552
2644.498653926548,2688.323320921846
5240.06561345571,6803.198844305305
4012.875276022825,511.65849011554633
9581.977624301755,3714.7428165150386
9683.497926386326,5185.509064875233
8175.158839042543,3036.7623986453627
2387.243858910347,9054.2110079144
8802.564647782081,1230.4391910639733
5558.928537126652,9733.477454081089
8845.680304185913,747.9019151969223
2442.733211040775,3332.50502515141
3191.5421676412193,704.2621688761042
2061.1173160192784,6560.948013754732
5048.9509487603955,7821.404702905466
117.62146658734873,5333.856532534206
4568.57535847907,2442.7114620445777
3295.4924781303284,194.2868927411945
3454.8791729481954,6327.387038553349
5641.424718433751,945.3711110750262
5092.63207548164,8428.685701109589
2032.8761721038545,4304.687772589369
5247.646509846721,1666.9154681790355
4469.058836170709,9277.3298296282
4231.315163092327,5481.363217919448
1631.3079714892476,6981.912496195217
8199.509077192795,8445.199251823089
3053.12964049011,218.71098674676514
3938.143357124697,1413.5025978024619
7578.482206826842,9776.142859878197
808.2411594444972,7782.461775192471
5066.859702623111,6586.89332181159
2310.519103006612,1717.708561597694
2848.014447548586,347.6300951654099
507.6957437712626,7282.5382143640145
9127.893875541273,2219.3957268501595
1162.2967696846,4174.654516074736
7223.633171011105,3224.8101783820925
6228.756736571115,6558.724230694981
2217.8762888573688,8571.633964712099
2638.8290972964455,6763.846729547453
801.2129057514317,6711.946003806784
3285.383219472182,2869.2257354779917
7861.295290172895,1593.7076230445423
8115.472058027555,3721.504674588473
648.0441207767717,6044.134272600025
449.6709370558205,4801.581079530008
8792.134832389245,2308.3616198270206
9234.887798122036,4507.558272072406
1366.2759779218293,4946.862437978731
2988.763621710444,8262.039095834143
2249.974916819657,8768.917374836881
5116.191213728166,146.36599515719607
6792.808426142467,2504.9077195131554
5389.531758351047,3689.741973662506
4431.388730356526,2429.4370910422135
3822.996419769138,7904.339005538063
9749.307906629814,3392.2054024630243
1712.014869689744,1811.2917911400793
8368.234431822706,801.1851636680301
4539.395096190846,9654.589178054555
8155.498626535193,6826.034868038571
7235.509405396727,7494.619899978886
137.3530000533163,1407.5725505315072
4639.2756048247675,4791.9599652965435
1428.8792664795358,1983.6455966162926
6474.838842688153,346.2450142968088
6953.080408857932,4431.508031695787
2753.576441206342,8404.75606198272
9073.038903974662,166.5668575974888
623.4023285169421,5356.095257528307
4929.416180816073,9111.414359627264
8854.07831334091,4897.478300792365
1058.0245989501248,9172.413940309283
3505.013261919957,3966.025552719282
5863.263011866417,8803.068447001207
5448.529035174803,7038.998195443431
6729.968251823469,628.1423578949807
3440.058604733538,8756.1140526889
6618.816720104244,2477.8546775097375
6172.881473307521,3075.4087631850434
4609.028468644953,7536.596644083805
7636.13030719461,3341.7321053240535
2077.587008750801,524.4508727863895
9785.880536032311,182.26410708208186
5333.230554809132,2386.3422324902026
2695.460282822426,8392.000158792227
5363.703634039605,1795.3223973011034
6335.812993848235,2603.8349406400775
1772.681330664031,2647.654393525727
4694.423874179722,6698.68796502812
3731.6325329472957,5908.2222420272865
9453.50934184966,4712.341108055497
4743.634472190499,212.68105180508923
8835.19941769074,6460.220135255643
2918.3048584253056,1802.5861969101409
6998.80320228412,4813.127832847885
6857.801207017492,5050.8943580636105
2892.3395820310793,8224.633664132745
724.9064151598017,849.2244296978857
1844.1057458360121,1247.420194851807
3419.3342486335687,6158.571412568903
8484.403430918663,6299.796979866708
9661.046997304002,6001.026536209128
4661.003312162494,274.1099772732414
7339.902631415977,385.07856643390403
8174.536395532102,1894.172893565299
1961.700179552438,1713.8538371807076
704.119663236239,2975.1208292861866
4884.595776423602,330.8735384499817
6617.061086825474,1261.7883998887646
3970.8481272611098,7158.0587772670715
8887.73358494646,8192.566695225216
4198.124415682706,5986.206807825401
6970.489643491909,5620.734383574979
5642.841826587144,7179.827661190436
6633.77730170026,1635.9995781928783
9357.405538052764,2014.0984319327538
105.9528180734981,9839.738329317837
7133.157452185026,6376.119741408419
3236.373115272286,8459.245452349238
4255.450047520343,6608.177421389013
8866.66483967356,467.1879966419279
204.46408019119679,4183.572916138528
2382.403462798024,4413.747234830959
7987.126742500743,723.2900226869876
2300.201900987184,5095.864031197466
2451.382148374923,5392.755571075859
2522.692074499149,6763.076499571944
1395.5064112640946,699.0566710748591
3213.425624272729,9281.302709314632
4467.8884081734595,5092.960946721052
3586.1043678439255,2310.1734744413147
3065.2172034992577,2157.419407387612
8508.220830206352,566.3001892471931
7547.239680935508,4188.824394322241
9599.864960455398,1165.193598617439
2407.493318752174,7318.975493715682
6595.0672448114165,1704.2797468838023
8137.724203775841,6577.105641620794
2401.767495929671,27.921527754400934
3061.1101864209645,9468.773437229454
79.61816569571845,7910.098817831802
3787.498840700504,3301.9042594576354
1205.8842254739689,5617.421380494327
8788.935346542452,3747.0581262521664
3637.6799512611747,8903.839653621904
3953.648633407335,4737.495320509919
180.415048446666,7015.12548310902
4839.456393206241,7887.517230216611
855.7084953063221,3129.323791708759
7998.626755824195,9673.673181574113
2235.5724268519093,2180.882221860704
3902.8605473762955,2268.7598152313117
5116.581550296862,7214.468396251038
8212.526506818722,9572.969065150693
9507.552291131498,4876.956257541688
94.62255631302097,8426.33010602303
7103.227652785019,1495.9851892619224
2241.202607152942,6438.729457528155
5062.5119137263,2181.772382024261
8676.859159786469,249.57253969927206
1907.6519577129613,3437.783928720628
5415.428351809136,1838.3731967415206
6827.784625980513,3895.448602089163
3249.8146308821674,5256.241065055558
9472.957727056926,5824.356064098609
3170.5925599945704,1677.0150811545059
8371.551232097652,1571.9926774479754
2926.6836119233576,3032.0762306313154
3274.0007961615447,7578.204757486463
1747.6983805836953,2704.206026502474
7463.099515070303,5157.151885521351
8982.694475267064,4336.982292921002
695.7981871648188,7102.6352033819785
8446.942155194516,8394.541611171282
1606.5447869172167,7701.995963659234
4977.194916884873,393.57353396901163
5827.220197110484,9111.27757862502
5965.6784869541025,2511.3255282841596
4384.841555972898,1623.4628839004884
1987.9446316489934,9033.994304387383
8843.38915401429,655.9313794592969
5360.082649408251,1995.8746129812766
3456.1961185636737,6328.611267096702
6488.920640174668,4589.217985965426
8791.216664312678,8250.155349492903
3963.5836266867996,6936.088863484052
5645.7928364006,4932.203834544989
4406.884293208533,5918.9662259706065
5663.409635137863,2262.554214936624
8489.844007866133,3519.2352447328713
1818.671513363741,682.9188630894645
7417.747523766923,9389.671036135696
7970.805415355463,621.1313199054491
2395.4549226298127,7904.567268551432
8783.196791781653,5805.972474112652
1959.7375651104032,5458.312411234403
2041.1835444741155,1712.2010637829367
578.0539473806267,6638.042881058012
4328.352245315646,5563.126062204191
8208.647115849912,3075.2383157114327
5235.669618883631,9707.157540167704
9858.414036392205,9981.958948426414
1991.7332845313717,8645.0170917681
607.2015546845877,5608.123532839471
583.8342091189086,4470.002503062831
7083.280985121113,6160.177906032623
5397.835793931981,4629.123897691579
8140.018967215725,7074.865394066466
3577.1910775452598,5392.635697482781
2582.3225595715726,1705.445865278099
9886.097018815142,3051.577468547898
2323.3114219590857,3274.496872824607
6632.460792012647,5898.727021843439
2937.741803180316,7774.044098938181
5694.386128957813,9738.661473426064
4755.107233209483,2646.7057284507214
5114.638310106386,4599.764257119102
2164.3394513984795,79.91909535184804
3827.210511663217,5672.08931608323
1609.0619160949736,1383.967828042303
3601.066874229043,7228.009740201989
4748.747886222124,8917.191942861678
8616.706162150938,4052.8122222720144
7364.484122559003,9738.930821403821
3005.5882269701438,7133.172369296559
4003.0527295316942,1262.4933126168835
3526.953313874779,9157.584432799033
229.05005555834856,4716.7123418645615
3624.7289067156253,1782.3792749120814
5259.957357224442,2905.306832057194
3885.1550917533673,7635.364771198138
4242.834992977618,7392.541143756228
8308.438719760668,2511.994613113299
5922.808920618357,6273.936266137338
3969.995877107678,1870.3374146684682
5118.599176183852,4380.437909788813
1658.3756861889897,546.5214723352096
124.93671670575024,1883.026658790381
5688.024150225015,2658.2311328061405
4918.672710282344,8425.805556125179
2765.601379414775,8003.322241537223
2433.218452728808,9479.904989590146
9067.959837689557,601.0021809732502
5277.6405565155455,2041.185563592337
5720.386061511965,9033.309953548676
6514.296801744318,7336.1731562320865
4239.179642658184,5393.533721158114
4775.090795678272,7744.495467061547
2517.870130702936,700.2097128024066
2457.7787976464338,9604.584614248895
9401.994240176242,8910.35642239842
6461.446936579632,8124.208891771159
7478.585436745047,7793.122100292483
2105.34575205744,3982.825173107667
9839.991960051217,6423.615972997923
9462.460829174746,2931.2629421905735
948.6841715888072,5717.768298357617
8977.508036751604,7371.959150334677
5968.203636133286,4041.4976320750816
6547.661571449414,2957.362957368328
6958.029711493307,1005.6331084662406
4975.620131081831,8300.162826305037
3035.862982746068,8957.937853149162
4964.7210792437145,5222.433764701629
1040.200262208295,5438.845513712499
7939.695327250105,1263.1991554760934
7329.60864884545,1294.8655447909496
1961.1291189187596,3639.670499032004
9294.615967421392,1024.7665531497041
4908.145085283182,2855.6240538916545
2509.38413874058,2143.161740102523
6395.911815162823,3184.1824927613184
5152.370180451407,1921.470186101454
7179.466220088277,9835.587635931939
443.4882455159772,2348.6945248621482
2255.5857007626832,2162.139098918262
5734.287013907827,7266.3523249878335
6242.113002074681,2300.7679641919785
1852.3359217865443,2423.6081667499443
8688.635422533887,4192.965058887907
9760.275832776653,4435.022435398462
8725.816107137198,7491.60661028171
4977.19347633159,2148.270469141379
9036.169521023101,2512.7865333216414
3089.7862290798284,9911.953274577563
1141.0658251574957,3121.553999719675
8526.71002875643,4001.440942438328
8808.407164816877,4363.2931003670765
6919.92481275473,8013.047786742121
9811.969694600037,6097.394350996308
3065.6677626172414,5153.485588532183
3983.107704468709,9658.431124272625
2458.3932828205056,4218.816298198329
8308.71511767323,85.20360217747158
7536.758745314838,9927.096547529434
3442.637058176583,2139.0766460499744
8681.332977966234,3156.978964305871
9220.697774692104,6694.45326733356
2642.276980504704,4797.882037878814
2599.3132389279285,8918.790794581528
771.354515421837,2729.653500029067
3636.903877324844,7772.6644078937325
5518.244925442353,4933.737295157669
787.9289649466625,88.23714662739124
6739.394697729457,7018.0705803337
2213.8462160241434,8551.723848256519
5398.987258637056,7582.907228518286
1970.1087346142144,5191.437542635121
339.0875401465454,6035.184763624152
5507.7701619671225,9842.699737527648
1340.2103818794676,1861.1388986236589
6326.425591531616,9924.65577633984
5819.391846547786,8516.188653693687
9824.406501747902,2154.6084074703454
6976.489553688991,3249.69646086106
1104.3697918247453,3875.832714053056
4867.599042605165,7940.59822144463
4127.146485110595,1358.2308439914648
8610.676373757733,5308.43698336371
8586.883242187447,6402.414525984364
8900.931422167125,5985.296315691557
5774.221355322603,2669.7730228896153
439.7754721157443,4322.8379405715
5794.022196500983,7793.136051375872
9950.618629651757,3950.083624201377
9288.45302585134,9381.135499099344
315.04229692584704,1848.223763724659
317.46008559582873,5877.703058652728
4134.869434848402,6138.149181225309
9671.911062642906,9370.064043188711
8023.697170506027,1637.1291133765865
4029.049841811594,3430.372199326831
7376.673415143464,2584.644114423986
9768.751512728646,9896.01139860254
8295.43957673875,9742.440247243543
5064.187843807863,1430.4617598212021
4963.811653790788,7224.22756475558
6016.672267606168,1976.1294504416826
105.79627735495811,2169.2104425090865
4026.3008986273453,5587.272900482771
1139.4533115360427,1615.7820199602636
2559.5032290694576,6368.225003832009
4924.41780181057,3831.538519733417
1784.8580986353202,3442.601174898402
4841.637087177326,9164.68557371061
112.77857086287035,2024.5014479701983
6805.094839450412,802.970665840056
1797.7343629020138,9632.937804907535
4378.697895665391,4658.490322894138
1356.184170817396,1413.3482437767786
9550.166298008682,2566.6904936454303
5595.643105296068,4351.586972975053
395.1401685332157,8567.453332968418
7168.9083897285645,3173.124790126429
1026.739403788004,5419.232240909584
1611.8211465329446,8871.43473623539
9204.519545715357,6504.138107615195
1919.7010709008932,7349.887240787451
5838.950808751233,4869.154200340803
3148.677140595312,6804.786333055151
7525.6719240145785,2028.7746963337206
3607.440441430072,366.47158304729646
2620.664768504837,7267.524294960538
4365.629016322076,7388.920014991235
4140.905639305515,9038.010743946728
6790.783794179873,4631.146660375445
8417.648021116798,7604.542007611585
7318.433262996052,1837.1282258872034
1050.1270987870325,6883.802443118128
2452.7988208419292,3242.3098450914313
7581.208084842359,4997.796820985923
1831.2255474683548,1315.8329505359068
5051.798954056053,5287.740429835578
5402.059319455277,7805.448780081769
2832.416234044818,9788.571880406274
3353.342616279064,2846.513714110672
7536.097365236361,9634.906769335279
7809.562505279526,9890.983434207794
4752.928784696975,5937.6954073227425
6928.36613362765,2413.6996843823213
943.8414017748497,7305.852467110963
5225.238449081925,7297.682163951915
4982.348245475547,1138.160395026524
2309.874497655603,6475.870271555074
8883.867193973661,8299.221295326544
1025.779881025788,3158.0743006769753
3251.8549275156815,1666.5111710474478
2543.4546253483104,6938.688174998464
8592.990937009863,6443.163929693755
997.483120298599,5289.382395197383
5545.57312072595,3175.3883858976374
6987.007678194963,9387.393417592959
8971.677537180898,7367.780969949752
1716.0646585034012,9989.032575860885
2900.35654078595,3100.7079044441343
6893.975833881984,9492.021136069317
4064.8829860665383,123.56356727860395
3277.4406907062526,9515.713614249684
2017.3699899072117,2832.4734837036035
7519.885894750048,3014.439295756989
9136.197293300484,4264.450876919586
5386.898856046441,164.2492664562689
1937.0645856251479,4624.30767660617
6683.00844109145,1280.9627549321933
7450.528932479919,1465.871226843336
9627.603258857675,1011.7765368543297
5071.183701520023,2784.3721376943263
4864.006185132841,535.9503918864406
3770.81410491946,2029.4040285379256
6493.333238439908,1069.2479418479672
4654.823392687865,5933.9328026625035
9746.613508626959,6329.857463200552
5762.316681919489,7616.370806644285
4189.618018457571,4784.730849367737
494.06558737950525,7898.909693328934
8890.427763491021,7862.70857911567
1753.730360050002,4786.187351871555
6065.8601182283755,2654.660877751891
8191.00730896988,4399.640552481849
8578.961158248248,5200.203127769455
3864.1525098568663,1824.5172179661706
5722.737372581773,3756.1870821043653
3548.3853407995202,7459.454290478271
8358.97671275999,7473.697204463811
8807.292271481969,2698.926556058997
2451.61570478568,9243.820931994687
1656.515606465957,2955.789341185131
4147.514617838711,5520.437235214418
9847.39638016096,2754.7393284513623
2224.0331151190085,7558.461629524642
8240.758543310474,3873.0081273835003
891.8185911532905,5867.962357547381
9941.204406876375,269.1215475868325
1609.1393817870737,6820.2140330464135
1296.2681455203574,7648.815643547109
2574.4455046307457,9691.905794016127
7552.7565043509285,2304.8958057142368
1607.897286301212,1529.059874076696
5558.523944580022,4942.6455777924375
6400.8020119309585,5627.087475206457
3171.0496552523227,2298.2529168079423
8349.903302752802,1999.0494106920332
6740.034902488954,9148.001762391554
4918.732004864704,9898.393574674328
5112.591188319292,5229.715259491564
6890.557490674764,8388.039149233447
9301.454409435646,5672.536195410454
4943.914309368963,3867.645534330152
9189.80394268763,3591.7378688571066
244.85908214597063,5267.156956076577
5251.172941562915,3198.089435425384
9394.344269229301,7711.952285636336
2927.008886902266,9437.793386619041
5651.820848001386,6375.198475529015
3205.0446936163726,8518.105996260034
1741.5468283091295,5333.972490706814
2203.7702392750857,3524.926748119148
39.12397149570257,8680.303266406507
5997.73687833014,4804.596525306073
1061.8941535555593,5439.957758679324
1496.8766819210532,6240.202871021651
5093.5823181583055,2001.0123896379007
1583.8173118442767,9816.538692503633
8044.709381994751,573.2917830117846
8213.211474720905,4490.689092151975
9259.986820483628,582.473162759024
6393.329203444792,5247.055839902709
7829.536960066814,7999.183763778243
3104.6179908619642,6567.029818357556
5007.303761011399,5219.584528090422
3325.9428607275254,4640.564637623881
4232.94012481856,7052.686386101234
7967.964380462528,6628.698674379927
7623.638402550858,123.62184709377111
8399.864338438545,3587.8337752365965
2628.0453421856555,8432.510349054706
5570.002407787713,7596.206348382602
4772.386219264827,6028.456186283374
228.93096641471655,2451.399173346456
2942.359806564353,5764.09578542566
3556.4202136403746,422.7792041565004
6311.093934936959,6249.916285542269
2104.1657547045565,6763.2416763683805
8062.5748428946135,9590.323590063266
9225.883445122567,7305.738145688867
4540.628750218967,1619.517712395283
3423.961247438668,1932.2932804194227
3499.094457366775,1735.0734682724567
5633.29663799387,7054.621440977745
3217.2773502704854,6081.518140982042
1964.0652205474219,2016.657958786079
6385.096339333012,4853.497721291837
3162.0102799805804,3570.4414946111497
6524.337510864851,7609.622032844474
9299.10900459673,4163.957229935298
8162.5644145371,9427.10531306553
550.6842376165245,4983.269335597846
7002.99951119025,6931.603597547163
5969.3234193375465,7385.823074951887
9662.63963907668,2628.697544835502
4697.793263361084,6841.429091822849
8534.75182496391,9049.721416550108
8575.186223832363,8155.72126396801
4641.66894016361,4251.560184690588
9552.182689620922,5558.19477239183
2953.5808164289,1364.831584806201
8068.967054375902,4799.184315217077
5517.826148331705,3508.6289067160947
2868.9039453028176,414.34147901547647
7895.277596269593,8746.54570918897
840.2724579945198,5919.936527201255
2198.591264320433,2972.704271903559
6424.444800764998,4954.933363166874
8791.519641914545,4040.0126458180816
2971.6245645387507,7028.229800832742
4066.4858514567127,7761.600896228863
7849.003771689602,6136.25250085475
8205.010257297481,9001.173736453697
8584.334732059,9023.173208119575
3645.9854040277182,291.88105705007627
1049.6875642352277,8955.099431465716
4694.309743594083,5368.192019131233
8118.886647227105,8940.791669952772
8225.117715534012,3407.8233874910648
4518.446341014533,2617.701300816474
5134.51290044343,7630.151690591483
9005.353013199394,3115.5606835748886
1504.1266424338185,6966.790124635013
8038.252237400292,8800.9277512136
610.9330023063131,5054.337878830844
9207.80550387006,1069.9738866704622
3725.4644343810714,1392.2534364965466
6382.128311448363,2159.418721427011
4565.55988441716,6944.736885333291
4123.442155518984,253.61689753346516
8367.72837683353,1577.1475181799933
4675.16812552263,3596.156281936962
980.3241670636676,6961.592106606922
835.0588194683472,7808.644105162875
1231.1053118056025,7347.361292159843
9030.927650420123,7820.878057182851
3687.787724585322,186.9973803015157
6081.527900436773,8228.276943518826
271.5275643133019,6482.9592849240835
7084.590320815893,483.9560330012327
4383.269253568545,7988.566517639397
740.8266963600219,8026.107479523174
4964.465333774607,7078.985111070467
7049.334670439328,2147.954633656196
123.33504161116116,5847.240362066704
8533.702288430122,7873.697777092287
7796.395320390434,5166.054533147195
5399.824746727376,7324.469342796386
3205.8578155706064,6006.4518881425665
5423.820284411363,6928.292344475109
8292.036486846719,7281.941199865027
4659.686512445437,1441.6545039798002
5559.642083391326,6537.684453371463
7107.219433583101,2703.3981764465075
4794.148708865387,1465.649103198423
7218.463962314739,6972.71115765685
1428.2002382401859,329.27671106647847
1176.5734817282846,6258.635522839269
6923.098696211501,5582.538346859135
7824.248945239089,3342.721342198508
659.5115183024513,1834.70447526892
5312.681841815388,3545.846224375068
1541.2749444288343,299.8512555484445
3738.8277682078287,1794.304452821731
5052.424306128566,5986.36273805393
1683.7206550657536,7485.438715426663
4914.716502477014,1893.25453983185
3283.228581460661,9288.24620658347
8025.270391614786,6063.112547059838
1080.5258022080322,3368.151031603539
9845.7025724624,6393.16411720809
5758.888713040963,6253.070096581289
9421.478182217143,5242.215903879711
4991.554593174495,1438.953871014539
5226.730457215044,7221.722239233884
9495.633802769986,6708.135429057704
5580.55687937052,1292.1973036173606
1736.41453630885,9368.299393202537
8110.7348749859175,8978.175547957546
7619.617000519173,6196.224524470044
4224.1006445223475,9744.046516731529
7564.118320008678,6858.454864415263
2681.0795797122287,1560.7218283017367
230.07906958561253,1995.9557327391642
724.9350525548203,6988.955383330768
6730.936875848661,3201.847568519143
2536.9668737114926,5733.025279615624
4209.438153410019,1431.5833185325666
2297.5677369404802,3360.4602580679066
775.7976686620449,5134.292002527006
7467.542850189733,4631.095970117632
9584.492236919648,8098.469435333582
2205.8946668225576,4685.990733561295
2118.2071896689113,7600.867313892419
9869.352151111843,168.37191191062973
9616.613511551494,7618.347251289584
2082.4836766213816,8092.25751636418
2802.9421467060333,6073.347017520624
3884.151992802781,3192.282087173537
4813.508401465343,9725.561833966503
9522.767743921138,196.6689986401915
9437.282686139055,6419.666757769676
4957.051694566911,7049.835590704104
1085.2982400675626,7686.04501400551
5093.863349431558,4326.596060143337
6585.818125498938,3943.755771084778
408.3112085689189,8116.199526129702
720.834702559362,7919.113434183301
1518.5107806130793,9709.100924009075
8559.935618423626,5944.467494024569
8533.062819074676,3366.9892324911157
2740.5713630314067,9323.404136043531
8325.32592356987,9128.01975471428
6875.95482716378,2821.7828072267016
6532.389487067521,4608.051005138044
2204.854217192168,8684.768982784333
1775.3024157279629,8841.922100045174
2404.1474969805586,4068.454297744719
5048.024666717666,6735.752217830998
9633.638055905476,4438.184065262536
3677.1924806314473,3176.9964454877895
4303.021916888655,8226.234488172355
5873.495338759578,8344.134730092963
975.9817070324273,2235.379151597303
4143.597965019645,8249.019869783999
4242.53281560985,9573.5282646924
3381.3733777605926,9744.229857632536
4808.228831248987,6164.451197873374
1744.2932126821165,5364.848542898702
985.9738521346572,5513.071713346497
8835.220269487545,1188.9536671645972
6297.734887145006,5132.438419556243
4646.256616713294,988.5967065308121
2665.688448811969,3642.4524484030417
5623.670231315343,9233.006904322252
344.03024409267124,2839.4004469931265
268.1587345991554,3981.165025206136
8118.395315572758,5839.926462758196
4506.382619044935,5370.701871196505
9600.207428711186,8770.18232551403
6097.654930115488,879.9454500422199
3295.4906249528926,6981.985354522311
6215.577033667231,9174.770237091761
4372.63513347313,5980.215226550145
371.3184134524583,3073.5039582177315
6336.236281413383,4589.501220958374
2089.8028948791925,2949.7406225822797
3167.4114179821513,5448.058078597743
9305.090858902258,7730.8565085493365
3803.49429706187,10.737218286576145
9396.812708714036,2552.119368640282
9314.06718473161,3183.9937057887337
8463.08979284107,4204.159243209159
7439.003616472989,3842.106213876325
8883.106252020252,2680.084164218246
7176.288556883775,1790.4436121771428
555.9281002741634,4539.072428651095
1712.1908184745748,1748.4630376135212
7645.018163527827,4147.285268954447
8928.22907733834,2383.864149059448
9814.821018436582,1833.2769268761717
9530.265186526696,9199.044508246023
471.60601491849195,6173.7868182910925
7379.7597662856815,2829.3558145711027
4650.454296803103,4816.297648193362
7071.878325422811,5960.578901684026
1244.8148894269873,975.929172016714
7050.355503047577,9158.159170709921
9536.139177110796,7664.6215765293755
7187.16426006953,1707.3232945511752
7453.598432604397,9755.090527168804
3028.1980510922335,2154.2897942088002
2635.2212492556505,5617.284837474689
127.37196121940242,3375.9306086162724
6504.4239086236785,2608.92892035264
5083.435747630731,3053.0611469772184
5385.930800756628,9675.83802017083
5630.362266088782,7150.148698082343
195.55526746695918,4953.552587698903
1347.986730630698,7668.650346105496
284.9715061947722,7482.3591030572325
2846.3734565099508,4028.920640713287
4842.120665750362,4572.022084471623
5426.963532768836,4521.653125840037
7882.9433870914,5175.122746625289
1903.98065177392,8129.233365135554
7712.127113302154,4205.220962549369
708.551638065108,4822.8713729732235
4894.787523580395,579.9002203112025
1517.0279588588198,4528.780263905733
7904.448178322589,9225.171224288324
467.29155816674364,9754.241918950294
3460.5701595784976,7172.771201508131
6201.278514530846,9047.863771740207
6009.552738324523,6740.55086151204
1307.3565512105745,1589.3246815513362
414.70336407233964,409.9020186051727
4455.642871316161,85.99929176126287
5414.047319109864,888.1115976339548
2454.8607259540854,5728.126683992437
8479.510142475685,17.95000044693351
4512.391263380847,1592.9394294239974
8265.192332855813,1819.0914469327079
9216.19722727009,7421.925783167337
4222.535390996252,2558.5060047185016
9979.81826673902,5487.526739611225
2119.4975079686396,5876.084047545333
1783.1807195046333,950.9896547943287
3590.379726533135,1940.0036576771085
1022.3809749421587,7446.852303696405
3007.80373734971,2780.3781496141487
5605.973160070963,844.9879668128646
4757.068017622348,4593.359182064807
2912.703436863474,7145.150508265589
4875.198030946582,3925.1459238073126
5009.892895587796,5181.946242275156
5463.198271578751,8335.511034948877
9583.859321993867,2771.407839774753
2855.947914244359,4573.4076758353485
7387.793853516351,195.285364494725
5785.223564578778,5196.869594084355
4635.699519872458,8635.819177912832
1922.9272667953878,2953.831991853065
4152.177744497279,1602.0381648414218
3051.954234829901,4846.5520175613665
1687.6661863358922,8882.393954737252
1147.8686912693015,5929.789699567197
1827.6399978347247,5909.689870176433
1759.7344916190373,860.4849474049892
9775.276644554551,4872.346743767973
9889.358372083367,2589.1078070994754
8385.866840835226,6213.8663881148095
5611.410705973857,5322.542863243664
6668.84666800073,9238.91488753275
578.5138965946079,135.8874567849233
5535.113415800128,3377.615764902222
4390.211470658199,9512.537554799643
2117.596244933234,3195.54309041549
8892.912984731094,6604.375242516091
6634.542290577632,7728.778196536879
7804.61862917706,6201.0454425771
8755.487133928142,1828.2736949992739
6680.487242655663,1776.2544910041634
9814.264216201303,6026.998386089665
9198.204639706295,9723.526879620322
4946.042210026207,1813.4367591082935
6687.31945672793,1700.084525123352
9720.485997862937,2104.073148545792
6524.392230602724,7573.647104905245
1737.5882133198916,1215.2125488292709
6409.107609727851,9538.314514200627
1489.2019473646512,3358.6979644007906
5243.169006230053,9079.138451860781
1395.0786578952157,9360.936244481141
7547.716751352388,6768.546627077241
5708.841802810371,203.79038283640628
7139.710091279492,4121.3591974289575
6056.768535642167,2746.737635163371
9783.74332965714,5218.788462777435
4903.429441104517,2582.293222805956
9817.567021441797,7895.11707430246
9368.78625858311,6276.174643641862
7171.271329464007,963.0696222060808
3440.9317022340456,2792.1274185033017
3493.0437722195907,9869.537718114589
1667.9127984137888,3978.1007120744994
5222.875039206727,5072.83811102373
8029.587556498746,2196.8402599810065
1285.5657387794083,2591.8842829223
8206.30747107551,9532.30154126871
2010.945176979384,1654.0424595604286
2759.840850012111,7986.440127730496
6923.189005992249,1241.6140337606573
253.3870667113802,1926.121262522169
3841.972410547314,4192.702936036938
1348.3161388400322,7313.740908032407
1644.179644647291,3238.676973438167
4198.7186697389225,9582.52823835129
7772.125285559492,7200.130317957975
805.7016621968016,9965.610658726186
4493.104593055415,4724.301731461929
3155.002229155601,1553.0847031346973
5579.698466383236,3601.214778016961
7239.618400457588,5928.77083332124
614.4197525749806,2855.638676815064
2993.5982095302193,1007.2072901783358
4641.577323605443,5017.396163727356
8506.49364064501,8808.984140688068
6688.823773848002,4597.837576554719
6767.267984384572,1375.797146588148
9395.529254389183,8558.220661921765
9594.035512121294,6851.0344269862835
3473.207695802475,7645.4831761441765
9516.04111840383,6677.110921987619
556.2873330946172,5684.24701721389
7961.849686752777,4109.314479444751
3913.3626184458494,8144.851863912941
7647.531762871891,1326.688657552949
2311.371179028513,765.6193052866578
1454.0151715526129,2192.1569442180635
7678.67700522546,3635.3769045802155
7771.543426598086,8113.272468393512
1858.5838630472117,7184.546574845221
3949.1223207943294,8771.004761697344
1648.7981190083412,3628.851112574858
7922.9248026564155,377.20450466854015
6062.059759999959,2227.9374710047505
6384.832690848896,3514.182000576639
5367.586654846659,9066.490382372065
942.6639314759977,8098.205215452972
4759.4231225515805,4362.427477739656
5377.908236435981,1978.4803182375576
8249.125238178354,1293.3683330637346
54.52695106692662,3434.630309098634
949.8858634599328,2088.3224410519088
6304.648131293301,2797.599126926916
9110.36822581557,5337.931679048428
4554.284562494378,6486.2555908813065
7005.675929172054,1739.0260615353625
2281.016760759489,9300.817900605609
650.017174690044,8982.115698203837
5261.3847862520315,674.2316191471198
4711.881239016323,478.7856511664845
8181.839849912932,2156.9128275135095
5604.66522815663,7340.411727062886
3829.4564025710465,1025.2556698018022
8804.1925338181,8863.595348350944
2376.006073032739,9260.252612325683
5007.290731881312,917.585662567355
5679.471602297897,5973.92595158124
8572.986141285288,5822.371268103362
2249.748310912352,6941.236854979812
5320.625266061655,6289.553133213865
987.9499182997531,6433.948361512837
4638.49411107872,7752.792872464004
6839.42479705136,1360.857403564396
8911.428107088914,4917.321265777183
1884.7101356189878,4009.103395512593
356.0930838802412,2441.168230099617
2935.480081569488,8810.921309672814
8704.850855757873,4117.542795130381
3455.848403731693,5727.792233383874
2333.9701927404676,6351.890488815946
4899.8033192084185,3118.6987807950895
5868.978570049118,1403.1330465614567
2099.5864116353314,8766.081843646967
9582.90572374974,4930.852250018291
6123.789402194607,2806.632948935791
4516.977174166848,7678.820040550206
1145.0268685485355,2502.113039415259
5.569170887822494,1776.0431375215512
9381.213922032519,9761.377115090794
3439.505362104427,6868.301057087661
3803.244406534131,3763.863161229913
8983.92253700715,8255.68115456399
1374.5952848221798,5898.005344682765
3829.557641469076,4815.750017406658
7487.255838320617,9913.039019890251
9437.245606549672,7440.07214052358
9009.370996592228,5274.597679819322
4163.616393981543,185.92911540588952
8840.053393501288,7973.91963885848
9766.435968894017,8825.990361730985
699.1401341186076,2572.7792921379955
557.7351017253551,7254.607879781282
9188.802377646132,7589.555017515674
9768.7392759194,8970.603440922388
2577.498344984627,3468.662981897236
6559.80657103132,2196.72565392109
6826.681113119878,1388.061990141144
2602.187445984758,9536.4760371961
998.9179839358442,9566.438792877505
3607.033854650611,103.22442036735491
9182.325278014483,9801.445459328714
2355.4497164279096,7888.64188459887
1380.4634445908703,2010.421644956385
2543.5729971690002,5356.579099595166
474.33908084128507,4417.814296241612
2655.869105128028,1713.1307850430421
1108.2861462959715,4341.091714459405
5865.9941029698,2880.6421766885337
450.1389234773989,1711.3208607061881
6961.528880322103,9140.50677425265
2022.0783652074415,1894.6435726311252
6879.306044118261,5239.757394573363
8005.635126556069,3551.791263934615
7987.418553677392,3043.711062722915
1834.3065590590968,9588.443497911709
7204.362035410101,4672.500335640313
9318.091265088015,6759.29532466786
3310.194145305617,4261.904660230706
968.9170344253606,8466.383442795466
2007.0905298346831,1277.8498511426405
6802.847992333475,9002.88384306865
8063.808171321163,6129.235314028741
9333.847619079566,2726.8961225841713
9339.306225191678,8958.126080007265
1370.6909254820375,8769.366823825592
2439.0369075412755,7118.363856358985
8357.642450947604,6706.659719828639
6740.522915689544,2910.81687726488
2518.932974695096,1977.9772979854727
2434.527467070985,6352.846513955791
5441.808616313519,9618.91280151599
555.1527803260892,3207.7246737230726
642.567907354894,1083.3433618566212
3948.729517412339,9496.778653369254
8201.04325365759,7311.407236835788
6486.323198224804,7366.737655889534
7537.779014831473,1680.014151864153
1328.1770375769431,7029.071821544084
3443.286252777813,9377.96349609692
9723.801180577271,4139.0261219763315
9601.824567103948,995.5118205232117
2150.4086977372094,7206.936835638435
3947.499188142043,82.97193802122571
3763.105887833351,4927.377176311609
650.61493556831,2120.474566012003
6900.952142655134,7184.294224157654
5491.58948222507,278.12276070763085
3361.9791916073773,1442.959803382645
9226.96590447847,9001.54605740262
6809.786710805769,9984.715097292321
5310.789236729286,3684.2188808288356
7848.892971611333,5348.836017491124
3721.0697969173225,6162.122236583965
517.5280616254773,2893.428821988734
8020.88341278412,5580.689970539137
7207.60526129473,2347.258683642628
5989.182544818819,2453.36509243267
9933.619732053221,7001.91091669359
1130.0840655238142,6427.318639889488
986.7149563485423,9354.036846608495
2874.444988163539,9451.822523736613
9444.537636065545,4315.270347456311
3213.125168130128,4723.03152045642
115.26183783530209,8081.465042607695
5777.532809957567,8678.87751165073
7011.730121142262,8465.590911188367
126.76697449361507,9072.776064166204
230.86540606955364,4481.828437857377
7880.976456556752,4588.470982144505
6632.937309760879,9868.235653322707
4230.399274761385,9156.203748087575
3342.9132444589973,3637.5448949518154
1121.0819429826279,3387.9231913095964
8591.956430446733,706.4406572769699
930.06690842396,8806.61547311168
1166.9288027514847,5091.079795754049
7205.09316959438,1428.0261941661897
6418.066382829435,3300.728889701002
8131.972719121893,9268.197622869746
9565.67281781473,1927.648382926782
4496.169386340803,8703.436293746427
3927.832540072046,8982.744647821997
1547.0868939368465,5041.858557721983
6988.993004298251,6740.087217724144
6575.971463971555,7140.493620939513
3971.7533910697243,8554.949493791746
9714.028766156227,4376.768586895563
6182.264358043855,4246.917998218987
4173.521262750212,7897.5955956790285
577.0941281202346,9164.17662206506
9430.16815995793,9958.455542632397
7453.634939850664,2558.674407305187
4717.610654627478,7606.869673211085
5475.9866198193895,1275.1896973168996
2089.25188241764,8576.561089189625
2148.1622167989667,6574.0054459867715
353.46366164560885,7350.812335656224
2814.9438298109485,6132.846019582918
9452.521302246623,343.6609156786352
3935.7867564506964,9820.963410339336
4757.597628667942,3320.3555737545776
3753.8140773817395,7002.643163098937
8619.265313930195,5474.508645589611
9197.962684164562,3338.592273400023
2442.4051279463933,3964.469644761741
6405.794336872126,4071.0010520663077
8269.900233907443,7756.7220942284885
1946.9800571611017,778.6426552743353
4338.439336734618,8537.916941002335
286.4396909541156,9696.780666137603
1279.1681717235415,8794.694204168814
5435.755267715455,6952.049365075478
5848.259415931554,1.9498883972912662
3625.08605195948,1145.1305241029575
4011.604092072536,2174.794335212963
7641.7550545143185,2925.4151541428055
1674.2768680564457,9537.381673972823
1731.8701216592037,2490.583978646593
9675.8674806597,6440.123967829611
3913.25125922812,7493.140856063034
4176.1165302660065,7724.5974603697805
3580.5059189821054,4722.251763038656
2754.931541117045,9106.444401238648
4057.968826360172,9344.006472667288
8479.600574339127,9077.967032953935
8975.099261995922,3559.982277406517
2161.478963454462,6683.187657615061
1205.5749515955515,5089.517243353678
6678.864006632217,3566.36112144458
5963.161522183187,7144.699001314366
4517.007682651808,2638.626678289817
7551.1698297738285,400.2151777478258
6999.908977837446,8081.491668616647
5249.140117276803,9737.903729714579
366.1126398228709,3626.696679475825
3936.6563197550217,8479.721345471502
769.8423088972805,115.83661390713095
5017.758864830159,4564.086731783943
3876.135938740768,4986.060444779934
8216.83795002779,3468.4743967142485
9353.29337057101,895.8486867921289
7085.39867648831,1736.9962937778716
1083.270730314383,8252.915319433792
3043.9514318309634,3271.11730694521
3990.6896266045046,2520.412287031841
3981.266849952605,1303.891267804591
3716.495535293166,4743.480244236351
1755.8404662775529,172.6631788191213
3438.49908584391,5239.255313685243
601.322862525786,3018.4806198243073
9288.135069990496,1805.54325535358
5727.877359720277,179.09074584111283
8060.2708153524445,2045.600711779808
7866.201198752047,7547.99805223997
5742.421485420584,4020.73646066493
5443.9092975279855,8350.769958814153
9937.365741285277,1434.565867411325
6375.5231504311205,3061.3940848287557
2350.9304971552237,1451.839364502352
9349.070219062723,5058.122703032869
6665.6964328696,1331.56792286395
684.4096744599282,4661.3970569025305
9913.031413962966,6500.600122536761
5780.466820973277,8722.554305628657
1804.2803228290616,8343.03912087785
6059.18472967418,9404.225205048873
9774.940114138337,3380.1032691319756
6156.134017877415,971.8252615390077
3709.975984960734,9290.294425135266
8367.83550998064,3822.6923866113393
7733.698528727247,8429.44626862146
9774.439598474457,580.7422717261501
9611.428508679723,7162.540092618417
6184.77025058799,554.7981444896599
9846.05597127447,3545.928589854024
1537.490727925065,402.1667553655406
6.622122575603573,6162.632488001995
9921.82547135882,2000.8686282413757
833.0890882131314,8118.314417286291
9971.857508326615,627.0358893972727
9596.461879524266,5751.769367355744
2487.8346601609,3760.6985044327034
4810.524814889979,7343.288659411671
2568.8711920596265,2720.9111020796895
7194.470849118217,3906.7430385230173
8074.941307061512,1691.9390300972814
1830.4340667815366,6913.808304844379
923.0739438246727,5456.849458308487
8045.614126809032,7846.143436498249
7370.930883953523,8305.380472022718
198.97141049959987,8437.216127190595
5254.68312313627,8464.747752354564
7572.482175191071,4563.207880002819
8631.255675557253,1864.06586480099
9409.592429009377,7133.050988587508
4477.762793864353,1890.6758450008788
5145.4430429032645,4908.9877600302125
1457.7881678619187,7989.483609472905
5642.626493397998,9437.993166272938
9388.47770047642,285.1573254408912
8094.294230095977,1809.4942933813363
9005.914203545613,5362.287958538718
2618.6960111955104,4514.208014141382
1786.7932509337181,2641.492018148187
9882.622964267972,1495.9163406367093
188.74311823385503,4307.934317173622
4652.197204223579,3679.1780934230346
7751.148303636961,7531.358903254861
1268.290335949982,1384.9717574503472
769.2787475882534,5098.756596168739
3053.6496667881443,3527.0600262915177
2390.299174115639,944.3936065201419
5441.143514830041,8320.743151890723
6814.960506725465,3502.0828378760684
1387.7117834080177,8945.369959874626
925.0522809452489,340.85593454533546
2510.119344342414,4516.775699270702
969.4295024512434,8734.967461037495
7432.077347158651,7333.304111478431
8966.819641786353,3671.538296616146
698.3246251883457,9993.384425323778
5381.756360468088,2266.0305738927223
2733.7916116374663,1992.9027040651458
9829.193635313179,3619.0165241498516
4797.308052682021,5107.9583109759415
4134.269013401363,7972.892397241921
9540.196882692977,2288.3583436651
992.4337813283446,8838.944152053742
7827.822808337251,5004.16545478738
7560.6703375904035,6963.559531302479
4040.379457981522,7721.611346029339
721.1900869727283,4096.109389814776
5862.388905770935,4138.0706137954285
856.0992963730451,7982.357936980631
5517.020144827675,9905.823496185492
2715.1437717017534,1580.6661621279627
1534.1167968744562,2989.759037589993
44.75542864617488,423.87022282294515
4477.909562678882,7028.140781560066
6267.858560088404,6357.464453730087
4216.7932467948685,7464.208504706738
422.7405734072398,5772.832421180662
946.1671011125072,9358.625081497881
9427.705754792058,8433.83952620165
5805.781565948412,6702.262254565911
2280.229620709975,5798.894977630433
3370.2012572909903,9784.56693344044
3158.2803940122717,5387.955738324535
7444.742375240624,6628.435685387588
8993.764166790774,7245.950188741398
2840.4316240602,7342.504270821305
4417.462886300114,360.93757514772284
8060.9390680156675,5313.83464478825
6346.375388246001,7091.71940981102
4087.154308271671,6828.456539111999
8821.839994045595,5207.380424437434
3254.8962694496277,3413.1633264019556
8814.651522368937,4096.646120537025
8166.939780036147,1839.2260283058604
2011.083382878599,3309.7218368827807
9521.682663946718,9918.747061787431
2050.46584482086,1950.9262420720108
1600.790630606561,5537.929665751221
7281.202895073466,7372.440973848561
6914.243101272318,4800.706575724701
6401.031235810929,5932.8794483120455
7550.663953620123,3356.619651810989
7721.5419273877615,2358.764777707363
8591.399787174872,7939.048716157808
2940.945987943574,8959.22136681763
9008.016258921256,4858.474225403365
5628.312678555339,2927.699528377965
4500.989257981653,4467.192927068925
9867.853842913903,5554.262553227441
1487.6040437601523,616.8786425367689
1773.6325561495803,7660.800277551907
6678.970013699092,906.2794720028022
4679.110275381454,7227.658252154929
5752.779697098832,1953.2493239070213
9459.612554463194,2802.1089979087587
2555.6680366125706,8551.135091184375
6811.814342698006,5880.2229633681245
7746.959028865288,1807.5843459606788
6648.294978693449,2010.941450793483
4617.465792711769,752.2843402815937
2555.402939752881,2465.4890904955296
8163.051966304674,9207.954191912651
9600.408206296968,7063.754222438202
4435.091649333634,9592.983741276603
1676.4772384604953,1158.5462573281436
2545.871803667824,9946.523076408703
6993.848143768834,1326.7722848710573
1182.7422607955407,8422.797660602691
7968.678960735258,4580.806262977155
4560.5771832155515,6302.832797628738
421.6292378044406,1154.2192643378635
3954.231608547194,1715.432186919551
3029.2561582589497,708.132470772892
4265.094156643386,502.46341452745645
3509.4830062518236,9478.980247694764
654.5597849990326,3374.723829307653
8999.002161089817,9610.90240623059
3588.128504765058,2765.4814852429477
3256.1992610249536,6925.276187984873
4008.399073099068,2972.7019633839614
6317.453388520598,7259.578508038018
8225.248445126877,1376.1436319103825
5878.231110904743,1256.0060510248072
8073.672629363291,1384.6239751277235
6006.846480325529,7437.352808784242
7637.408269537036,5192.793066916844
201.74583843800664,4861.376735811466
3144.485544296942,6439.6876224833295
4568.908233048022,9918.243799525411
397.88397842510983,3494.610292158401
6105.331327438277,945.0473116637692
1276.4864332595616,8997.419568223733
2735.683985298758,4906.893304020508
5279.600846543326,7501.102037668514
2969.9332884362716,6222.576624500276
1949.6787584726483,1778.0742121411242
377.0481055594332,8656.018839716085
4270.600378798196,4992.525440874149
1698.3088854873129,9876.304485479046
85.02080300599846,9769.168938060579
8292.616896209767,2289.085282004584
5241.014068172588,9440.088776203485
5123.505401501652,891.4993626553303
4932.832538280389,3058.1611986966286
2078.4956868136583,4267.7599034431105
3032.749266915551,6481.820641487241
1564.4478410550932,1761.4234870526457
2867.411146839264,3086.1205509110077
305.57577654420464,575.6217664422592
6597.745451906486,6952.5784501847575
4121.147816428028,762.8050462834324
2001.8735513783415,8902.735019224336
4360.1381596237425,4273.077561285544
4896.504023644586,5839.077338291865
8357.18845499679,5689.641610754136
7159.065970062711,6816.641302290834
5933.789541185558,1110.8978855883734
9008.69976823927,502.4451498429616
6802.028551539273,1909.5405630191542
1603.7866061717764,469.06876102797867
388.6368559923325,4592.4199464037065
9883.952121822054,3977.044919819015
1611.6041416076832,1947.6007306752929
7338.7680203874215,7621.561963964835
6754.375984984761,2782.2986138806828
5034.05559331789,9468.783518582833
4894.876538644081,7971.870366086252
1536.5807354573635,534.8994982405931
2902.1076814016487,6804.3449336650565
7124.319173823762,4548.778905591192
4485.098936824898,103.90720461803559
1472.4945582092764,8308.013490234942
9099.631028607666,2405.573375504849
6409.055402902838,3072.6947754892753
3716.6790212799506,4780.735174088953
4212.135534590031,4194.804369006811
4479.128609998914,1735.5495175302992
1270.4741441080703,3324.973202606485
1000.6241272585747,3726.3643529558276
5394.784914671045,808.0574204527024
462.2336678075889,2757.382346294329
274.896024223954,7510.109676316482
6821.759838149725,1852.2014620758164
4711.0013398159435,2969.7527630507725
8967.915634256124,873.744021588928
9743.213554253236,8556.801495088355
4219.088212603345,4779.358209731492
1411.3702032805154,3495.057658182693
1015.841740049912,7799.734974353811
4937.407877132453,5220.4599039595405
235.046084333973,2589.310980993281
3585.1052717995203,7721.66529360777
9674.906846897922,2830.631363105389
7256.912122605524,4293.921065648999
981.2945441222764,7817.827422753446
9961.814526820013,4623.275452584231
3106.0482902342333,2574.0811849670376
2892.0716948664417,5641.891223771668
8624.990090135574,6704.971091522593
5479.048018065377,4977.1878719265815
6075.942604339925,5825.498230835742
4319.951833791453,6745.734273993346
9766.193627334118,3554.8627201026015
5065.950530837749,2127.7521972027857
2834.826766784898,1802.8174887256887
8624.642812564836,2861.590677403183
6495.312395395909,8789.131456768067
6295.686424821325,7888.253668350234
5892.35906917508,2215.977950684419
3464.9225833203245,3334.860244953497
1527.5543882924048,3056.8078880598073
4774.85377879286,9524.655171801824
4362.008453238827,1437.722521869228
5480.760063204013,4605.951900126602
7587.484567031549,6060.624976846663
8793.139906933802,3475.890203461063
4725.571908675266,8585.715454712079
3482.6658011043633,3577.6367878899673
2001.0209222877063,7545.815011734464
4604.352201743349,9332.09893299706
9015.720830034461,3615.4051132624663
1818.7243312844714,4687.894320981597
9147.54231117329,1284.376482354319
3073.7699320333045,6384.888833147065
9650.669810469974,6942.535796148588
3137.667606940584,5169.615992506719
7316.971432842285,1884.0928435016847
4275.932195458677,8169.369073043968
2805.679725348635,1056.3499031736856
8289.949210110553,7392.628415048734
4819.58260497177,2430.011501710907
9547.301061878828,5347.827058845432
4448.961517731836,9314.00472558096
7619.640257364768,5171.800530254706
865.5223007314761,2042.691867895743
537.4567919732043,2998.339642250558
2804.586192273666,5840.983467587846
274.5745417788914,747.8328438972936
8764.126303016299,6278.51845480722
6210.658190928512,295.7872126645245
8324.459462289504,6384.451472125234
7053.30856542547,3722.075195372585
6820.048808392307,8008.742805946779
9640.094368636379,4759.1927950465915
1753.830891928465,3473.299857173878
2721.300892362738,7900.303084097902
8926.41476766703,120.6298062500899
545.5362380442618,1348.0187410889932
2649.8003175170093,2594.6824020422355
6552.827712758685,7268.584067425498
3751.012140489116,6040.124515623016
8521.901249472905,7508.800204753421
5368.230560879182,9511.998812407068
5745.945241499168,529.5109114334729
5308.683248964748,3402.6839549513456
1450.7313205882976,1387.6432161974428
9721.145315156731,1772.5166911717483
5275.269001768953,6074.445463077479
6451.874893519834,1113.8105648570383
8691.120451439348,4056.7630548755064
4650.017292243424,9540.088073512225
6314.320919242306,3375.5991147945506
2842.7443786640483,4499.200063314371
3914.3996423075123,407.25631276588683
1467.270313678677,264.1333627064335
8788.463618346606,362.22767171618096
2299.0742817502864,4704.241889486241
8151.362789990999,3029.0419636571196
7947.640856668796,6376.195800723441
8025.8703602041705,1880.9199461118199
2421.4118356512017,5258.723405255502
6812.211592753267,4901.569791442175
3693.633023964533,3093.8604240780087
9718.876667182656,5629.295346150958
4447.047473726241,4276.8354508542625
7987.48466396903,49.519224717917695
6403.368009022807,2303.4711305691426
642.2472744439523,6840.844780118198
6692.613469396375,5608.71423458039
2747.2873103991947,3624.346537239154
9668.342874689233,4040.3186893413676
1099.4062962308294,709.2823141875881
2709.619344855083,8156.068827324294
3046.2769303940563,662.0980367972529
6497.780157523307,2948.1350774783
1831.562865546279,8636.103925378136
1317.9913250083064,6294.383294001263
8623.969436529047,7496.026486019278
2737.8183065652074,5607.288153377017
248.30098694229696,6809.246695434269
3564.905223930658,7423.120856925155
5387.86029675825,7624.020843036925
9061.967456549453,3750.6554411559036
9521.535814546698,635.9473054276965
3227.049567809823,191.85741268744505
7584.301768220946,4197.704581306373
7581.689409668321,2965.2814914910564
1966.7146430025139,4334.1507322827565
9246.830864442909,8458.46418277652
7170.206632977191,4439.920116174797
6852.016853958212,8321.356432194782
55.6159366040343,9658.690241410564
3448.9614959371584,7004.514832652284
6083.890602144639,9557.793899572178
9175.957472009979,9073.856592274711
6435.321254297212,8418.818723294138
6035.728540243232,1294.1106901637534
5966.738208523049,8759.515636801754
6802.632781689149,2861.108896263631
4152.41252327797,1901.3175509593682
3259.4291338193825,5013.376554454679
650.0782296185592,9439.472011595939
4678.696282868512,9236.187926851317
3842.829416507648,9902.329426278031
1585.571084908084,2044.3998855011714
7181.906921869718,3458.989213253767
4784.256284540713,8935.373539301836
213.3615054470872,2342.1304345885565
9534.980322452137,1135.5392939693031
2715.635850625133,4719.475669725557
4449.889155942987,904.9499907851355
529.6467953087847,6586.183760980013
5623.970974628346,2883.277507007603
1048.7209776870154,8518.182262772443
491.9488824004148,9987.223705865368
5337.37977150002,3166.653312244326
7550.463825479798,5144.63830518112
6074.7149321701,564.9868094393173
4195.38144833877,9295.539659687378
2387.3701250595245,2395.269905004984
8740.820980714034,6535.284799306958
5271.861316931357,972.6616930540488
959.6033183865027,4284.886087873171
2887.658322513137,7122.509280438122
4780.969378429298,679.1621449255281
1861.016828487234,4921.980497095987
4532.4025853528365,8212.128396244549
1590.4390382303845,5920.516011704494
4301.919689897197,8776.6885236619
8857.740569923524,6799.036599621515
5729.832509211044,948.7023706406184
9942.256031551782,2371.1707532875557
3377.2015846812687,6394.25875048364
6689.924294884295,4033.0547498762057
9590.760470574774,8396.013335532823
3051.27152202472,6454.765867237323
4422.087732395263,2408.9303833646068
475.49094983922237,4380.308501792376
6333.168914640814,1281.742619806815
4987.007536290766,2870.6629126716166
4524.659431017694,5263.032494396241
5579.128849047493,3378.5346595999113
2027.3083673557458,8183.4216358433805
5687.522183676179,338.1781800692829
6214.468443497588,665.550936916518
8434.337827139525,6118.49596784646
138.02819535717936,4665.661299091809
5611.914080797314,7110.074221163634
7566.356740421844,5876.460971358039
2710.253400612177,5472.477312432229
1398.073377166592,6680.198006999316
2735.3175731453207,5124.751628656644
8104.130356739222,4405.893601263388
8095.324438067409,2124.03409206271
2572.4141188906447,2888.789729105535
3371.5305813245554,2008.8634336794587
3941.3229739506596,8661.404756818036
607.2262305199416,3106.4234850995977
6173.811339821359,4500.275366009887
7162.559648443763,553.8280453040556
7040.647708825654,9882.929156592976
4341.582859495655,4561.650265105046
2050.9904549139624,4095.0856763242327
8992.03884812449,6114.160070163607
2585.6644258547967,6764.231123190637
398.6880699295414,8693.259999356715
4006.756053709728,448.5465412292045
475.73613941283566,6297.7199585058515
401.5313028729961,275.55293729617847
6328.884812379006,8835.170161787566
6108.909902266565,8129.762184011869
2492.8280368825795,4024.1466297913985
2433.6924413427364,5836.119424613328
7491.40021641492,9810.597786106693
8413.126747258939,7029.468264660252
9667.848581340739,5209.731199179784
6951.091178089196,105.46793245034381
9008.785273595446,4540.256674416725
130.3463393435178,3269.592052865261
7944.926648328399,3931.2913571441254
105.07388843586374,8406.629567577256
1300.5853343890074,8568.534210906953
1988.3059563190586,677.0467576558892
9215.660662889139,9605.555070136223
9820.97292907115,8050.012626323148
620.7116368045473,8751.334288734744
4307.437758303953,6475.003129905876
4535.956861967087,6454.552441427521
4278.615629113735,552.9988677480335
7983.953420985444,786.412448672279
8433.507855775855,4743.935657877366
540.2509932871857,1784.9919996484653
6128.379534716359,7101.434203454166
471.2040149159324,7250.501077296044
1874.4398115273264,2923.4729863097655
1585.993304679365,4731.045700360684
1855.260211402271,1669.172366017695
5417.065895999788,7780.201464242952
5241.839504872126,1077.8107876603815
9962.864343014688,6910.05788675661
4126.811289383163,8341.175311167977
6654.680762654366,4125.224455494573
7552.1427922897865,3308.771898792411
6762.165582131625,5269.86960885821
5134.034620433699,2165.150704156393
6008.049347621433,7107.787383108623
3450.197762663366,6740.082753052235
4415.464064774111,1079.7239447398977
5486.233381876336,4413.260850396265
1769.8680877468087,3031.4702371382728
1919.312829325217,6103.56329114619
6841.69589111545,584.8085740809772
3340.4937625838947,940.7158425291029
7609.604491956252,8525.671170817413
4218.5265995658265,6008.648586227902
269.80158641104924,7615.252403086831
3616.1495064650817,3850.3033992575665
2480.0747194076735,6192.199743907931
8066.018692548944,88.3212718900217
5744.970587033712,1570.7482109678826
6445.406743804239,5764.414953677049
9534.173394603602,909.9625196058847
2078.855227202483,8288.80451677222
9841.026461086654,6777.572473474931
8299.126386821745,4441.745201242639
9686.367683113149,9475.421667977338
6120.8335462910345,7597.818291164477
3905.5582130390108,6826.97286140272
8560.72234547082,3951.28105534158
8694.350246544573,3907.6421601739153
8203.678940245272,9869.876563104553
2043.6221567596947,4069.5805702733155
1811.6973755558708,6999.780749049583
295.3548021502217,9344.981367917313
1556.6863969717203,1147.9199223899584
1192.626028389341,4075.213090471205
7181.647947019317,539.8925159584278
1823.1755338120204,2489.4172982782893
9345.493697414036,4400.288301150222
211.58785702495186,4028.486223494949
9359.898690689894,7127.203535672463
1968.2756861921125,4108.533292975055
1249.5111893061617,3980.187533967735
9588.428350081258,196.9365214824237
1563.9827043268162,978.3205745969914
7694.094744383621,8583.753907950844
4433.03882275003,4698.214653358506
9678.811285852056,8121.072694794366
2112.1985152243838,6810.843894078616
6585.082133201693,9144.76760110564
8882.411505680444,8569.302839406104
6931.762573030942,2487.1537571022727
3882.58106439628,5551.061426942503
9661.565331333184,7556.31091923137
2351.470806434215,5602.552410479566
2992.180896575358,1866.2019075193548
4965.265237795507,502.52542551697644
1795.9509345423774,1939.7152497392133
4599.607979782325,3150.6400661324974
9319.230988288844,3806.4881402663286
2784.5345828438108,7377.829778603065
2947.1169269352504,1403.3945550282613
5163.334386247164,1807.8283477518598
9647.072786260602,5777.790360265117
5221.6184303381215,2478.0103283872513
5871.049440834201,688.315154471818
1513.6849603598746,2402.3552361604807
5100.357664630786,918.928309671333
1309.5461983597668,2940.875602687626
4866.04779945486,9447.871960553
1988.8082034263998,1928.0006029673823
2508.416589767001,9993.426942672777
3252.5097595378083,912.3122590983601
3677.6814625610455,5360.924300409691
6785.849530512493,4869.066356914086
6294.984391116932,5255.200734366125
8880.509636788423,5264.282067862635
3521.803201280428,9567.381653151275
5418.415416746394,6266.750076307905
1158.0297523567406,4145.27659966805
6992.036912520183,2758.4018792181096
9794.916361533555,2526.592986024895
5721.344703470819,7797.807934338545
198.91310946373864,7588.842334345351
4775.370457844909,221.20496728963323
6708.998205058926,8586.845168653539
5249.336125134207,9292.66754399764
6873.0460957003015,2346.2680431320437
7290.191430674449,4500.234448241401
4872.429223529895,7142.824755492237
8251.42113980424,6318.824387715352
6611.409343108877,9334.20850022571
3169.381555947377,1042.6595818602013
7355.3629917542385,3414.3145860130853
1602.4594420925587,3617.447773368042
6677.861672482858,503.1816943823464
2606.3862812360017,1601.0771656836275
615.5328618945655,8511.331443611969
3728.1467028563306,1302.9128036394388
6841.731253377073,1974.5152283230727
5984.633307783388,7148.176515996022
5562.45035292708,942.247881211593
4928.790168757449,9942.067618040717
8949.485905847438,2720.5288581127697
8835.340453060166,127.36292993616894
6078.482171431942,4563.78816008092
1138.3742066631542,7247.179450458892
6146.7332473379465,6746.210599070276
3940.513505398002,7913.726820188713
8179.780394258273,9791.252801037115
852.2844320633737,1117.2759063004767
8867.480573989254,3443.167521753259
7989.190155981254,4107.424611717055
6184.122874418503,6396.300708935103
9168.904752480421,542.2819921450728
8572.025021891062,1674.4128077501075
2402.876798172432,9255.749640789998
7636.5227677108105,6287.2749921255245
4467.178980589642,9928.49282576156
3184.298016569479,543.183814859195
2856.462063246671,8455.351820637703
6729.554571969495,8548.838146629634
1101.5276503775162,2545.3449792408046
651.3545945412591,4190.190412912448
4720.485278022297,3222.7199604758525
8816.258234325112,9812.83222963568
2372.6276743673834,1052.8173975141874
4635.666483391694,7036.484846167797
6985.391153591977,3126.9026096538864
1897.1106903352097,4113.092418424074
2129.8255290620327,3149.5140426651915
4097.650237591503,9574.432122193624
3441.8650913385695,8281.940197808584
120.21646513621253,2004.0635192675238
1428.9691580726148,2731.6564800419596
3395.7574737121954,6442.842571114724
4171.706340386594,8379.97006057815
8601.566539080446,3919.795940157147
3405.6577947717606,8920.75595869514
4424.557466259068,3548.647111014579
7981.312208182265,4832.2444501665395
3636.7576904558628,7978.926916907198
2174.8694472382635,4360.021950436134
6869.603503531052,3545.1527794413028
9226.176730133908,5342.612952230605
5497.562487155269,1822.5664229661088
3595.531456609732,8715.850686070991
8488.798285217898,5702.509571780152
4571.717871761246,1420.4791229697767
8224.659073517938,7649.487293853389
9951.671122745733,6194.830113845273
6034.159933047066,6813.61742692678
3924.397510485589,8887.6874158496
8874.649403852021,4676.064591060019
682.6046422510068,960.0375079859424
7034.431319259256,8710.140368261546
5639.178592703768,8609.363374942344
350.4908999274081,1794.4970674822569
181.05441012998713,6998.136068087745
6094.079519125295,5942.972634524149
3495.8837800281917,5461.131292023876
3375.2630891558797,9216.465626041701
496.1552156007454,4707.739762208067
7092.269057680704,8797.85789098225
2597.222524369829,2570.4726246208065
7165.268631943163,9936.391084121946
4363.806396257084,1089.4470741746754
8448.108117099942,2217.461349903402
6593.341404508972,3530.3938717700266
911.5396789314779,3193.627622797971
7558.273182905302,5114.995000341992
3823.422478484315,618.2322902302551
333.73082195196304,468.81061491973907
7015.889276927089,7303.963101014714
5730.46228185212,8515.884868364074
4182.778607424579,4133.671891193468
2612.73322213209,5181.398214468293
1309.5512024349032,3111.926077469347
7009.84794325539,7082.0195140278865
9553.14588024021,9059.028195768793
1447.152453389281,204.12719018540025
5406.166090196986,7550.945534621904
3620.617658055404,1709.328335252166
7531.008187725751,2324.0498559600574
1406.8562562855147,7963.110047785041
6441.42504721026,2.687043171606396
9775.364132011513,6166.583912669259
900.7218390597393,7528.978466771792
5699.653759552163,6119.715919357347
4479.57382797697,4957.461274031375
7637.663693327317,624.6883986546336
3712.6586234371193,9293.758519416668
8071.7263851908665,2083.1565544414943
8717.050214303545,7131.471024452158
3891.954522239174,7156.222259525977
5648.334928515513,7816.434896299309
9343.491735645037,222.22970036574364
4521.0171986634,840.4617868259645
9802.653545115232,1731.9063415313806
2554.2475944680464,3888.641309521327
4396.447252678383,6320.45688643842
1319.5078985300147,3220.9880287063843
9372.816009017683,3945.114110784491
5185.993998626951,9667.541093165495
5238.171108513564,1516.891926449374
1839.7575297512126,9650.08242473388
7242.159736978817,2341.5376022345613
4329.130048745527,2954.637403115046
9530.128622279313,9034.084431200134
5587.760275231224,2053.187565114204
4650.442867527447,5077.876331794771
2446.419302856686,2685.5573034336376
2317.6602669878753,1517.2631324597496
9519.606128398056,2315.4778911597664
2465.4387919412056,6693.464532572721
4367.350413182101,2132.6661398363035
4616.910088762196,2804.6447140368023
5938.083707706857,448.38046158129805
4010.7221578361928,5293.724285436705
3517.0752075410296,210.9824056418119
9207.112325805145,2104.1617213439235
7734.6143352035915,5780.280626895113
7198.663836915528,7397.784594390435
3915.5415122981385,2393.671186920364
8852.137180804062,9816.689506825829
7972.002515125351,3215.3283746289294
1040.2528740356177,2634.3329845958806
3828.29804838258,994.412368243912
9276.14509288996,2413.58409951853
1388.3271507040795,2519.505289671796
476.5799891944911,7329.414453473376
7771.07312726867,1103.3009894982692
1117.0602753187852,9291.367529998008
8830.360886569026,3603.399072182325
6061.687840335075,9622.202023659136
6814.763980865889,656.9743087175561
6437.659649253379,6386.424168152772
7794.451017868113,5004.394333226912
1188.927557465137,2534.7439948006813
8807.403162772083,2230.19104462254
2493.2012997358943,6513.511689168055
2369.954090688142,3940.946337893171
7773.381228443868,806.7304400570819
4373.029482941338,362.27733195236755
9650.845859042403,1229.8624670056079
7574.263122893236,8994.97730358368
8054.468537306053,2423.6191161557476
8590.010324233437,653.9447537566001
7763.5686532112695,5766.564722374296
4526.294220984287,8878.210149669638
2906.080057566887,9970.106783493886
3991.1620999569454,9471.084895928687
3893.71070265939,9196.27368650124
1123.7037579381415,36.22807298778285
9034.675845698586,3154.592680729574
4501.940104496161,1899.297974273102
9300.058962435587,6359.509160371432
8750.578561543116,1825.3393538979578
6324.419908014378,9694.039716699752
4092.132755519279,2401.1056561412393
2859.469674280817,5528.38533809565
8692.73869594657,9573.500511363865
4481.260563539119,2315.701132658572
4742.26073557433,1647.6796610499334
9164.205986095363,929.803563438506
4794.8200417891685,6648.76996638482
963.7741323875704,2978.920487953518
1927.4467170189291,7303.094693546932
3357.4397191085013,4953.946280271345
6524.540932065547,5270.632162370795
7162.679979314292,8111.213051796065
8862.996444561206,1301.3871990921243
1089.252672036619,8731.204700619097
9261.410782201625,3498.0949092193923
4619.154357774269,9911.043835312203
9467.110374759359,3859.1798467437534
727.4220897408012,8152.7959193227125
657.4707345756126,8352.94179871892
4824.619172924386,4488.659949581269
9190.650323083028,2785.0500734018833
552.3159295944469,6557.496664997793
5916.459786577413,4400.987809714214
7762.269018629103,8567.782240339302
449.58660951899486,3857.4373691126593
7633.379282385624,2775.026099375941
1505.9839479551972,4037.6502774274413
3873.069784170413,3098.1528950076163
4060.6422299961478,8867.640403366864
5425.810760625248,2476.4151240294887
586.7280702022371,8476.421155842872
3864.148683466927,8470.54575954052
8758.353370014956,264.41943666761006
7147.109377776362,6416.577221723888
3033.7791708121185,4088.8407014087115
4985.827640594801,2105.6699240014887
6544.53228055279,1669.7728485571583
1029.9484891538425,5668.268211943185
2196.76470889383,6514.531932172232
4621.097820557257,1759.7983431702503
1101.423312314932,9145.53352774093
8351.746676937675,5505.22257423509
5311.251077397427,6297.085918908676
8438.460988573503,9719.709266155609
2594.315706650364,1818.9973902927593
8839.351079888735,999.3584537881694
5731.350249310114,5697.917230421475
7892.677631757146,4470.952681134422
2174.3102053942443,7457.105508353506
2216.3362926661566,1609.4504330824523
8610.882710391976,5844.429592369224
111.74365006114017,8231.085663938453
3930.1011950569696,7374.489070362393
5507.088203758919,6009.965137308305
4085.943563268344,2878.9436807959355
7111.232374136422,1061.3819038608608
3093.887859027452,5201.5358529239975
3309.032586316535,4715.493520048349
5078.467998586089,2139.8554004289194
4230.245949101046,3522.4749264181487
3758.873344238701,6296.4701077700265
7964.48750570131,6240.20411559616
6851.217312451696,8343.139925233361
469.0767642700533,950.4573553178119
8196.222927357949,6096.402061882898
4005.756636939478,1073.0355337020903
9764.902639798407,6608.745261938956
1102.0638697826935,737.8533357595219
5574.573102556239,9604.572711943149
727.3259271312727,7390.602036823717
8581.63234641186,315.84283373936705
4102.165878632155,7268.463921106566
8484.948711498591,5470.589679785814
586.1434478523108,7496.337862237908
3499.1792738159934,3098.2834641798054
8312.161537820179,2384.7457065962985
390.5433350989729,2369.4769535519968
7111.3502382058,6736.285339289458
1646.5112148947037,1588.8449905076318
1988.9741186776312,2295.8979826914283
711.0261562857955,6708.514546200113
3549.3141429920206,7046.860251086255
3402.6349321183357,3603.438025414525
3380.8223282176364,4863.163248847328
3402.151833733028,5720.1696516123775
2415.67802949893,2465.209861199119
8290.255792420983,2269.83918604459
5708.413363332664,813.5660507992637
8318.178305907026,8980.101016847962
9014.86473376107,2408.2774743498303
1770.2314086386893,4521.598310868811
488.2991709654194,6789.5700768585475
3430.6965292490745,6598.969917978376
7737.722956310691,1962.4424288126008
3325.968276722969,2223.2569029007564
4497.3972187734,61.156643768447424
8992.79157286379,7570.524970622491
1619.2254664025807,3117.010983907599
2146.412870241866,7281.582803190995
4485.439752339035,4571.85657158984
6031.547559957021,1149.257531095137
6889.2698014629805,7839.604816770398
6536.518795899434,9763.795892920502
7915.220625041966,7233.782979935577
3395.039172760531,9721.27954940302
4765.86156424778,8281.36507437095
439.9711681235041,1814.4059769350495
9293.37693722897,413.7836013929075
3689.2385123349914,8434.726294470483
4278.478345690897,7287.957768860233
8119.87319462104,7362.20765171917
7636.296466543504,9672.54986135457
5700.967136924748,339.92083911496997
1147.937642801271,5824.464347432297
5799.656105091259,7075.437046078593
8066.939806752155,2052.2534382098256
6778.321158628997,3804.5063073221163
5543.478323991099,6347.317000494004
1013.6653220848913,4424.144436148085
1525.422738922775,9592.099727147213
1160.1868316274977,752.0616170031325
5641.427155216769,1099.0101877103887
445.9467028340913,9848.785037965741
2651.957542011024,3754.01809958433
7536.324344268019,2324.2719502649443
9995.93050849218,2445.5589969151383
2233.0856370762854,1472.6057366372381
8098.406289411215,2343.813495327686
4396.54682164441,5946.9324913983255
3876.8621147503013,1618.4550657460084
4786.7292792318785,7603.996280179997
5628.914753525281,1552.496651970835
6657.257004873737,1441.7784877389151
1693.5982752229418,4814.140668003639
1944.153746759798,5366.596047592018
9731.744591531791,1903.8037760101367
7178.09094035742,841.0255270924239
4664.423093648604,5078.896529455484
5989.666154295722,6026.785188440439
2055.5095459541417,3429.0338093725927
4125.158994373302,1350.0581892432472
2288.1075480607315,1460.3382014496524
8590.310912838628,2315.2988778327785
6626.742797479476,2396.814419588048
2264.116077986751,6402.377776787288
9358.200610518788,9746.867926387707
5956.980164624318,8252.771734988024
9612.210582058866,6449.600982165378
2075.7403661204153,7567.0336421302545
535.0885566571451,53.46288332273574
8244.247676981375,4997.033937160182
4163.746167249737,4363.72108765393
3070.451209870733,4975.74755546979
584.3563321044887,2028.132094150137
3586.4537016806985,6534.002138550025
5456.4789308669415,6150.55290885994
6871.671365163037,9967.192220522931
4227.685414465351,8847.9655657414
6101.323312522938,6836.497929678697
4022.2621525248137,4055.840601557967
45.05335582812631,5403.918053714726
8849.112131519078,5978.929832698597
5006.586913499889,8756.555184820163
4157.093868723433,2855.9809096311005
5027.3508348757805,1907.6755698447478
8039.676937696612,9670.95118588335
7693.070655639448,5912.905297307522
4468.7921888614055,1911.8084632245902
8489.066895807631,4203.9338749796225
7418.1440120663365,2073.38627379122
8949.20759115717,2228.3079329477973
50.336370149122175,937.0133265508729
2967.4528714650937,3672.653122015722
9103.694819048907,7442.037613763536
7239.718562772285,5536.661506551567
8452.65992844256,4865.827418618895
1910.637947282855,1637.9410492995794
1611.4572290464746,5297.618733109377
1996.546602597633,3075.8830101697663
1626.9688029553608,5831.278589255784
730.3470674395496,3039.6980508264137
56.029559478129045,3217.2129013222216
4003.969936648154,3926.71285689855
2467.122945835835,1442.5637031075466
5045.585600297518,7658.828962614615
1723.159855713161,7871.070346831246
9806.083297783807,2226.7615078087756
3081.527129388524,2798.7084022818485
2191.7828793142457,1688.9530470942993
3543.4968777852273,3362.6784494704807
1046.5024609623763,5140.657759324191
2533.523546188363,9307.278067023011
8971.126581870049,9390.504023961923
8480.576472267592,8069.204595137908
8008.969100971619,5495.828647514528
2790.571388598605,7889.654609762202
8363.702128074096,544.0870161007538
5876.997000797004,4739.752022728127
7251.1027671919055,9976.532083690598
7193.794257771029,2095.1511777992814
7152.021189637188,3857.8015595815805
9085.385960313168,9272.73800989625
8447.700454839422,8773.406379651322
2538.030222596227,8320.381593200233
328.754157924589,7587.311679423854
8684.942221925514,267.9551574578498
3313.9165284909886,1636.853310108648
8737.199427363634,7376.884391621422
7765.956927780731,6527.489991647868
8785.508455835557,4907.417186473716
9099.491914949987,3545.3611133617223
6175.557506877501,2832.627303718176
6608.392860257576,7778.492367785256
7987.661132450885,9685.127774410204
8143.975148701532,4719.362774596723
8965.239443018474,9248.660394909986
9587.643637340025,9716.632404362193
3099.5188111031102,3446.917505200345
1373.467872986781,26.686257271931744
4186.232717060161,2758.3574827280045
1745.467220570902,5928.087732968966
8900.391955448787,6155.325624244776
812.6755040841849,8473.295274842327
8939.209198207634,6987.323905159432
5902.746813655863,8694.997858658298
1374.9415674095267,3639.792397543874
4118.715688313567,1193.2099377569516
3084.12424663135,3776.18938187704
2143.379925983213,535.7769494240694
4997.0196427019,5238.622530208657
989.9496314116685,1752.0118797660334
9253.24067106057,9252.32960130368
8387.333469987349,9339.090725197204
3611.7536240602053,4980.338249236427
688.5871355767082,1963.7691275374214
7533.724056948732,9502.955478058431
3881.217629115961,5409.909099314812
762.5702460420202,941.1878145934904
3499.8819985390073,2976.031225177309
3764.6471991003996,3052.860791476034
4725.720754260095,3303.048434589054
2967.558684996342,1452.2524389185664
3921.5760451237625,7745.738848708798
311.4497819672857,6084.245412341395
848.2127955799045,7648.914614151286
7380.334986313487,6493.451374938092
5089.432685320857,9671.529699173885
2641.7017802341393,6639.6491784404725
3905.8750878066817,7325.881908361897
9907.417393800604,1642.1610048506352
2202.522287454739,7932.752219666526
5975.623012074268,9840.156492030199
7582.0650060148955,6266.917998319705
8541.732879086263,4281.91260799091
794.503155733024,579.6670323580278
3172.009476976102,6434.9278239994255
4962.56279398615,6338.561978847171
7281.690094814469,7733.063489729419
6133.3636325462285,4840.191989054527
6835.840323186315,4368.027109441892
4907.343096216367,4746.3782104030615
2920.583327207944,6294.877755302335
3679.961762833176,554.7039314405578
8832.506703666484,4323.125908085215
9448.245403252757,4451.73261768351
1600.5687933481195,4790.3033204116
6966.884299732684,650.1836119192717
8624.978591750109,4857.015013572991
4981.718741240449,7760.104179550491
3434.557474500574,218.5213192957469
2534.896489643158,2811.9283175178066
1747.9430340564627,7290.514639073617
7876.13522797308,4410.753632956522
8197.550096096704,2434.1239052926944
807.8369363880178,7447.447727070763
7883.442891242122,5792.6011045415835
2536.6204922376323,157.09370401102984
56.006500892492596,2345.900980958151
3377.384087384143,5914.55816278891
2791.8718119506957,3393.3941821623403
2525.0350573903547,8553.32598975177
2163.652413907484,8534.92075643909
6142.93447522354,9517.3879445111
5938.886697979388,1464.201087178264
4515.781643342264,5412.352157161547
9120.120999555766,9338.490224479174
8453.381435652736,9794.475429371712
8013.060569864041,2588.0649617813833
9896.732219365374,8359.737533211117
5478.286365978633,3113.6825497480104
9094.94627061812,7839.449763624072
7927.446623221362,8791.212886194086
119.77292330028644,6030.604433861453
9899.611138988119,4242.9684323975525
235.1232462104713,7579.632997999477
8294.546252091439,866.7931075683821
1269.1334662905228,8092.7668432575065
3078.065449669771,7321.244611222953
7062.805749079655,3786.200136325877
6238.877340340403,8641.682126397965
3941.531617135562,3889.0218397117305
1038.2675171020173,3987.7443619589812
4599.222075988182,3771.691688909501
1951.6175509593047,1816.5376065831929
9976.844967862211,113.7884860418803
292.8638856444143,1783.4585581781537
8732.69596095945,9800.488455760746
5124.637647900613,4198.421148391049
7273.856542318542,4553.120182588322
9311.667463338643,471.32771257343387
7875.024628453056,7103.902931143315
6782.787191380671,2256.3537842592586
1801.496166745613,6333.45515150073
2310.8031603671097,8534.00128356568
7166.134281959093,9669.337157424085
1626.5404944728223,6786.241190204667
1663.3433569219592,9354.32525215037
5965.915985889922,882.6258628478978
170.54560110820182,9909.834302167717
6172.779258105327,8646.062367601155
3195.749205573849,4781.697726977466
1136.5439570107071,7287.04524296776
2947.388390039587,4049.2331280846406
2371.6665424431026,4802.585846872668
9181.406632725697,1604.8438542850197
6706.609846441443,5197.6962155449155
8370.151523262359,6356.941338437278
4828.250696004754,5410.668578902814
2571.134918712894,4972.458054147269
2743.752494142233,6543.661574274292
6151.095465885629,881.3540997487169
274.78254120504977,4422.746456993684
43.153715561518034,3376.046402837065
6765.6640175781795,3638.7172556289315
1578.0498382135777,3815.6920447362377
2886.6192476966758,8964.52410745484
4138.869797759079,5405.029342658986
922.1869307579577,7393.265075475882
2223.40852641604,6214.913068221275
7322.283888880012,69.80261915273456
3622.5849559493595,5892.5836399384525
1901.1969263884387,3425.584333155902
2718.936132249448,4936.035869368459
7462.096361784671,1103.58337637529
4341.16072488964,7402.492590644397
7016.442991837995,1165.1108124270038
3382.6042312726277,139.03710468183505
2931.301882360422,3604.561589398696
7481.3229769042555,2330.563963233302
8210.919404109576,250.3515135263712
4037.176159870275,9034.089776230845
5368.481618978555,3135.749489542942
6334.169395938656,8912.513112921048
8028.115190879743,4298.924105572492
1702.4118795054587,7836.594505352164
8911.694945778614,9496.70470205889
601.9780038695787,3684.66577103125
8581.311133717165,1675.6988817337103
4858.212482851122,1428.672890527113
762.0893960361252,7561.442573226355
8481.852946501458,8502.81240395014
2085.8208559073887,4990.494647132736
9687.962812323236,3507.0270809596827
5896.480564142318,7427.401691755359
7791.73113955812,231.60575407687344
6588.19429570207,522.1665335657699
2083.0212204631284,167.8103756531979
2897.917666399038,330.2903180537331
2815.407258291037,6584.073989481702
5013.883578124241,5870.438423333339
42.189970000918734,6119.808635043899
1681.456884473178,9690.52256404932
6489.997961645409,4808.976363801325
2885.8280996646204,5757.5705691108415
6963.938074782401,5244.0368388723
188.0206870528267,6778.1360924450155
4606.55714382256,4431.972093037864
1915.3135799618349,2951.345243228072
3506.9999155225896,4310.164377854514
1615.541370231154,5878.393371528621
9187.534846739669,3798.720962342832
7911.426350683305,5969.30890606773
2824.4981532900883,2499.4726194534824
5429.947653430251,8219.217013506575
4815.399326100684,2221.41942779017
7533.109818197102,7029.386571543692
2159.448087158207,1691.5433599822604
3632.8164720063205,1390.7934419678113
452.3050066172074,403.57678664898253
9422.764970114535,4951.822392038459
242.64845223968544,6151.132095394065
7440.520908734984,2784.9556664382867
4551.8671460867445,2579.230709536511
348.11135866872013,2196.797714142784
5428.575480577519,4926.597319449086
1286.8307669422163,9815.035759532711
8981.227242689672,9226.746476286968
8368.176339216727,3015.4335492276073
3982.366825730357,9530.16356129019
1833.9278820473437,6209.394544967892
6944.939517434667,6527.205988301455
3245.9380779399107,8363.681170877268
2341.772137701714,356.8660716898886
3581.5680194148003,6565.410658881599
6343.214405286495,7603.088754299562
3243.942342709494,3290.816342565893
9966.55081348905,301.3716780268938
9385.435779714699,2505.1284700660594
247.8071874786425,996.877345799917
4315.974132206432,8602.104114682723
8918.45008430538,8402.912541137968
5659.174597574576,7651.044577575841
6041.862835080483,256.62849061191986
2444.1735059308367,8239.501947242255
10.448584291936625,3441.1547944624976
5712.103128298522,5028.746068516511
8230.774904104806,8241.933799429713
8985.847249468063,8493.009644667281
1159.8349627583948,3846.502760169096
4649.005132933319,3134.2189887343975
5696.615841749833,3824.18036527846
3766.91370739051,8318.708682821518
7043.431384990821,8941.490817030468
9690.657012532103,6849.571459758753
168.6458741458452,5310.481344692265
1917.6073815814598,8217.91805797131
455.7672217954489,9106.651494634743
6728.090803471597,634.7953446670484
8233.102114671237,9635.270165296617
5146.133194835716,1754.5549089831113
9406.292541356139,1879.7302813009276
96.7236728926324,8245.183716588359
1050.3050876548825,4021.806310563353
5956.141209460325,9284.900956273768
2135.4775824143735,8551.317996108286
7362.656728158534,4601.607871911003
6524.662587868096,5991.312692140926
3744.982245537936,1080.1199679390118
141.10140321283217,5015.207060272238
8547.392493195983,7144.615458115194
8978.375224155905,4951.549215566788
7472.549166379554,4299.125568696076
650.4303262761501,1205.8393873192974
7094.018134568809,7160.898408541436
1173.7160119295243,1372.6664848960468
1435.5165769919931,2401.770130714126
4303.9535777058445,3959.366718331414
1143.6071992631714,3307.7129806022367
4695.527207374148,5733.552486207938
6257.9898629170775,834.8634501095231
7246.821266819914,6904.17222642014
6393.116525758567,3774.153156261535
7643.132875703528,2815.2260506809025
4757.394535302711,230.56660909981596
5618.03285710472,696.7048390357534
5007.290303690147,8300.294316932208
9713.732286333268,8377.275671729083
1065.1709325475056,5983.971698392447
8921.125933641539,2196.18882589418
7619.393629356072,7206.739525999831
7314.1564974562,8649.548913109902
9532.876812897643,2460.0152924983086
1937.7236373142814,5514.472058424035
1259.932368286887,7010.5727082423955
631.3576714578462,3367.993561180456
8912.54275434951,1709.3886478310249
35.26699168997504,6310.631738731974
9428.60899365078,6033.656341522249
7389.376734240677,2174.3927885168855
202.1968994062684,5901.060927301014
3498.243549751164,1558.038259736303
295.68502817096885,1808.7577951137223
9300.954478499636,2039.7373292767918
6062.518877697886,6300.34523236445
2637.9186957860634,4580.938970055815
6427.002279687299,3954.5991492965773
9245.448197573587,6333.181521780734
5223.787682975684,2912.1561997954304
1040.5922865248274,63.2040954902946
7717.389970120757,4321.537901305767
1707.3752594008884,4239.497756577481
7772.683074223007,7113.459692627737
4847.536492763907,9415.198419852413
5332.897971597147,9222.147980647596
2142.241462048773,8382.739370172416
8095.194596130488,2935.3366016369464
959.8307743873702,2338.189239199684
3768.0692529636726,1256.7086920943393
2046.7877166034898,6228.94337900884
1366.7943813907245,6763.95364392701
2229.0229597335597,3305.1524974375848
2351.033576603391,8926.10696699831
1917.7977160020298,3187.735815980616
3757.0165971319957,6857.544430917975
2593.690232416952,6929.156010019114
5251.165423996371,8823.088988549978
3883.3247540768766,5323.004435341126
7617.4925917007695,5778.7484883451025
3275.7452937744715,7824.226349144927
4997.019561291907,5018.4679549709335
2174.666227806705,8749.134875780746
6737.48624872519,8371.570921784487
2614.560697959026,9766.95069987793
6351.531111148315,1401.4614684042638
664.64223351548,1299.4603305822793
5553.170033216806,2829.8446552072755
1791.6628970222514,2592.792156670227
8599.981499562877,6549.095801130563
3032.6244623069474,9581.663605922678
9057.155817991208,4785.273850625011
7375.091847768501,8880.344637907685
9332.67430279689,799.4403120227755
110.77549440417722,9598.038748905085
9147.076858931046,3238.455163394012
5664.4652904459645,1905.0570412035784
3859.3331677361243,9506.531518478327
8673.908799477,3928.4947369064694
5281.307907085602,3038.091034278649
5084.332772502068,127.91630305817314
4906.129956572959,2171.4625309211124
8.2519083142496,6900.186494118585
8199.002702800819,4040.7627121108094
3245.8812504349066,2643.6227461302033
1478.2258825120086,6482.909256157776
7295.025837070005,6696.567258067884
7815.448316760579,1123.6075196682527
3085.108219461796,4356.901538050709
7098.602870375018,6626.664582792729
4639.202518017428,6671.303182860044
7055.949719844576,8328.897025805
467.70623407305976,164.3738173125231
1066.2604183530277,3987.369647537453
6300.26649467485,2106.966217588715
8584.805229220045,5996.223557391129
6579.241741800706,559.2988279880384
5062.675475659171,8490.461578220604
3217.1646695571153,2361.9071710627904
931.0784181936049,4926.660260942325
746.5897843005365,9195.738650598843
62.29553266266619,8090.85078661564
2393.221362530975,7110.412642962786
4439.442675177285,4144.066351847276
2375.505977533383,954.3265226370202
1342.2314644447065,8847.238103213835
7838.43285504664,2208.99143548545
8338.348932281124,5655.590561478677
595.8995473860251,5524.082099795419
4483.556618139206,820.4617053574525
5004.305148495655,8449.665766775639
8458.76426235795,9179.385961680917
5071.331776775063,5299.277599702399
3467.9569152703684,6557.935426937071
5330.194657603472,7293.674294687103
3309.444554489336,5019.951761384303
8858.95335445764,8323.424788861632
538.8599646509207,9129.002780660825
637.756542441319,2379.0961106956543
1490.774375432098,7002.305495568801
7227.612578048367,9344.48701346575
3792.906910023295,8135.501742537761
3938.9660819463857,6521.232821176402
9818.137115821835,6766.580740527473
1766.5119178273492,6496.305348432315
1407.0571088281592,9736.679594512916
1518.8682875769389,881.043129481146
2041.4239141810053,5998.733766119037
819.8614421963457,3217.4801306584354
206.94999944849025,8069.8205805786065
1565.1411456512055,1329.0626119606886
3499.3107065933814,6960.541326688952
9807.664682503568,7941.961697722173
2342.479055947475,7063.451204390128
8805.470336128528,5352.737577609302
4016.3917420074367,6670.824224404737
5584.212970225511,9326.391913026417
3567.735612639952,7847.884243552215
473.3589381321701,1750.4534114879023
988.9150025247073,319.30508010368453
8572.525727591023,7796.76030606048
7025.793498505625,7123.975682203125
4521.772967259474,6197.618751766725
7992.694179420455,9838.60342168851
3128.956305247722,7141.212639473946
4443.03814431747,4586.939919648809
8572.69443661574,5220.872129452485
6130.463005206923,70.96587334413984
3018.45228143542,3597.99715144975
9301.544022653145,4610.0874897220765
7053.955657523915,4208.846412906932
5668.036296602559,3712.087684596328
6253.033069803855,2360.279146166647
5870.968288830988,4251.288707516943
2323.081789039875,5077.714394093862
4187.4193779934985,5400.096000778187
2819.4099994883827,3382.039111653492
5206.049914568552,2058.179308140289
9387.599298973993,5568.039118574313
9385.680207873596,9713.835020913437
5939.807328634408,5868.967032496659
1612.9609341942241,9527.902141526432
7036.788426754263,8753.58641908368
1755.798714382102,391.50493644080854
2984.8501585175304,2213.3108531356547
5647.96223920773,2046.7749025599592
8792.816634178644,9276.305845656458
2825.3970813275596,7126.539445094106
370.6730090398469,9112.256907363753
877.2333750399264,2242.966256178853
7869.24529815756,8809.53820281265
1385.7729482137215,8288.86805954785
8318.7554827242,7433.00926313491
7311.938351505327,7918.0685156720965
780.7254997829805,2616.2118761962092
8289.36884106401,2569.540196373459
9923.894186498763,7277.922914819484
9042.601658410857,4007.080689542756
5709.870746007544,2274.878193937775
8406.18777066537,7873.817601461402
5445.380889618346,3743.8978539256586
5533.0331842605865,7112.505345701202
4968.577486695846,1980.1334622012134
1923.4720888068669,1182.4133784642331
3659.8948174736565,8034.727900374959
1245.1423398178185,1235.879146608534
7112.010821666237,9158.781719150878
1055.169260188812,3971.658636313522
1686.3421740052454,908.0543279985476
7649.060195768033,3618.1039123362057
9904.841382816101,3806.7217639451355
7068.01778851502,5205.870482707597
3558.151110253537,5148.11844074621
2399.3214157779385,3251.427401665541
1160.292852437913,63.615251124562455
3578.7047403467354,2781.5896074701695
2600.758171637594,3593.25366792032
4231.375038865198,3752.3275618507214
29.535629918731043,1218.6380749475168
8356.940164871557,5207.994210946452
7182.7987951510995,3724.566576573366
6579.94850849671,6819.078105078253
1096.8376403542145,772.4945815829376
6166.974430872818,210.57624685849595
4724.204666220061,1.0903802074990754
3061.332119102854,8682.378371818715
9658.793185223143,9547.548722698
9360.147655923525,1698.5192218832358
990.9624793565797,1222.6571747712655
8753.132612205043,5691.50653336047
4783.759795592443,3397.076624094143
5126.9439888168945,5019.367898323832
5813.569229928772,5570.992870406931
7565.757453819873,6034.761675751623
8129.5354246330935,8874.536950338887
1807.2730593470476,512.758362317861
1132.8521837675587,593.2715331740412
2901.1009158841784,8484.203030295505
3287.791333624899,9262.304243197528
5855.7600230035205,3130.43772149074
6014.611729176205,8549.317849171262
9425.266234320938,2937.257308381078
6422.583471244303,54.03296794243562
9685.300110040727,5793.0074886128905
953.4750234757395,1584.4345541620696
1935.8670850242797,3795.1447897262638
3719.9899862214147,5097.169353537474
144.43630415152288,4200.248497404271
2119.408707450323,6622.2679232046385
8919.062288075995,6043.662455185077
9682.78979597129,6710.021899930585
6446.0978441903635,1548.4866852807022
7873.192684469695,6470.240981454139
3581.9581595742966,5446.57122459426
9900.363132375674,6144.391607381983
4836.408133516054,1182.989012501997
81.85812828768402,8752.374410986697
1307.9197139133314,873.685892838949
4975.966450290211,2393.643951287575
2598.7408960376747,9137.7613646194
3042.846250207133,1657.5952379416658
7962.500119187746,4729.335285764952
1047.257789745385,2796.528766167439
4523.043121183661,8160.509620539286
1982.3661423869032,8920.623682220057
4262.556863466287,9207.569017046342
5571.451111377551,8132.195136941439
6866.753457730405,8524.242553621694
419.25173824613137,3370.4540322270636
6465.104146911879,272.21973591007196
1414.457511826518,739.6225704751191
3336.953936453675,1716.4395563037772
4566.058798050329,9467.17311313007
700.1134875325321,5133.281699049189
8099.185878022505,5212.027837258718
8819.71981215414,6800.067998056228
6190.942834536928,5301.592349982929
3541.4525115157003,4802.901801954128
6145.626272010556,2918.1668937785353
7107.910201380716,3451.527689368924
9687.547668605534,9433.898852602715
6310.218358577058,2382.611843844481
116.19777600658021,8062.300222547627
9766.098642522385,4870.111845098285
3555.269183604423,1106.1992691446364
3338.1180468044413,2695.159177120161
6182.958939990525,9014.994134010665
2683.726180068817,3595.14474710948
6450.015938218659,3175.3417263865445
1540.518794264011,4858.413289015728
8237.582657982228,855.1051383156627
9449.144940225937,7553.215677879065
3166.652499107936,6490.973557612928
2414.1230731440664,9689.97189452788
9457.363686242594,1224.6310701384932
7194.658450027395,6626.0232959262285
4863.609061896833,9952.552746565296
1088.0081769271887,8226.217738374771
2058.3883960666417,6649.0381976415265
4300.441271680123,3630.965885576558
5360.276530383891,2343.6335337686874
6062.935983683344,6588.860027953031
8237.176598624319,8742.125665054464
7823.952480369234,6405.5636944438265
3038.2249299060804,9988.431860181117
3475.1577019355104,7364.080846482224
9002.005312050702,6116.287354141145
9354.348730460177,6364.670377637368
4018.5546461992794,1630.0456273611107
3809.0595715964137,7970.4340713945685
5155.142890259715,390.38374814742593
3194.436433295886,7120.057478922176
5229.873017517011,346.09942555808624
593.7835454857232,7575.363741607251
7111.223828603549,3638.9402205443557
2033.1600439480223,847.5400556821567
4062.7610048775564,8382.167982093137
2503.7672909042453,138.7253899324836
7561.291283826499,5678.045417367832
6990.550801762019,5754.368301957145
9995.174052251552,9556.831900917145
8074.843922116907,8701.168410064325
1075.7631435637682,7526.863784204679
4684.503943636671,3245.5774562300344
7522.199002869017,5512.0407179274625
2031.0151916594832,4204.545928756751
6017.5622084226725,2891.0360575527307
1698.0271846661187,6749.470874244429
9086.040193216091,2617.516137085344
494.88069159968063,6735.769070814917
5262.4012444686605,3026.3286897806597
4091.273903670557,2655.6190537339276
9824.89307204158,9262.004372961055
9148.131141400905,5658.894851830675
6894.0157098114805,2473.154914113128
7228.7576254815585,2688.45646513276
4941.58656126216,2499.9447141398923
5406.592054119033,881.1329245657196
6386.316459093482,7841.336970027239
9617.363591919338,165.90177113139148
3065.5915098625997,3690.7245819097357
4465.533777957326,9475.821117942522
6997.122332457591,7930.342758631001
9370.399221650785,4334.6783278846915
4139.055157378777,6166.363681021626
7903.377338145977,8752.464003506162
7150.009771717602,6147.754569508816
602.5710697932196,7798.589985332935
1170.7462239140498,21.38525768134891
9487.623684082837,1696.5654543069309
7517.55689952925,6750.177257631995
7470.555953766975,4718.111510415541
8941.566304745134,8070.041404923056
2450.0609834039433,6521.702273472751
1541.5141376072206,1513.8017538198933
7346.119196329558,3547.562375083114
9318.341539387158,3157.454317435503
4219.576461194345,5945.77412240506
4013.606752951927,4225.395564212131
5519.245991693158,6628.266450181719
7325.408693252643,427.53667235375326
911.30337245661,5647.612942285896
5285.317838817928,9475.458991386386
2285.021428039009,1969.512295811331
1566.07709353907,7353.556570470472
6389.376523735558,6400.811352165831
9942.581173590044,4892.432818805927
4219.9063896912685,1252.9857555689905
8341.31976080058,5245.616055367688
4057.22890033385,3490.7506929250662
565.9304865832737,9672.483387601973
1314.9364970008137,4639.459317165992
1140.0098390988867,4319.710101384311
5137.684554897715,5824.9004381508175
7257.182564146501,1823.6795379832827
7633.638604974696,8625.940800411221
245.39205769070205,6794.592757952227
1703.9651447729132,5300.118637097622
3880.1826960092744,2730.444417373474
6191.6143969675695,7414.8841510680095
6052.260030115206,1441.1942278216584
2138.4464806389446,9449.64957238104
250.38908434683927,8137.69976555364
5544.290452040403,9694.386098604187
2772.9329737471344,6071.56485781203
3834.447307411847,6680.651401946993
1863.1555535555333,9728.720175080525
7202.677049447173,4265.211708442534
50.46052668364109,279.5784504182963
8937.173843063769,2427.886539755271
8412.720388882966,7439.869393787179
7283.559556748166,8908.026074205238
7072.792466023295,1455.8540293881206
2369.5672930623277,3963.4018379600834
7967.753027076737,178.40157889362328
120.7347266450387,7458.768476482817
5220.933161410363,6569.597563363481
8554.423645341732,9804.886352830337
5159.542293063095,6838.216777550478
5935.342466396448,5105.499760265996
8026.0290225762965,4286.399364757463
6576.182702737577,5327.2149730948695
5629.960565895107,7522.785675586304
8680.813277664773,6978.41440638754
2940.2444150828155,2817.315662394114
4739.485569412114,7845.448725966366
500.47983936539197,7619.053224009164
3348.961401238719,4123.644447053631
5977.745196119372,9173.088798961622
6727.124189694501,490.1787416675385
7023.369565218974,4131.522331971522
9697.604773562707,5427.910893066988
5605.764439303001,611.533125722179
973.829032999659,4913.507165552773
8235.829474831524,7037.997052876031
9063.349592687877,2182.0485365751697
7098.301220262446,5813.50067855948
125.07672296379391,7494.461547896394
6345.903712687787,4429.475486221756
1453.687527085471,8627.338125685412
6849.770741065187,5898.4074739554835
5541.881346609671,1048.9998313058368
9288.215605238442,8509.971694082236
1736.232273485735,6042.504528031825
594.3402076025861,8580.837679645985
6001.918075709519,4232.388849706771
8302.631873360062,2943.628161865317
2811.406033707319,345.7858653104873
7494.020612525281,1688.6357174052946
9853.509807062737,5292.893931002151
5752.251946447834,342.51968011945297
4618.299660127538,7816.241309484752
8220.521827327839,2758.7985126549142
7657.687834816343,9749.525535028659
108.29547144849072,5842.193473024659
8132.874628086996,4906.457834307654
6983.717014690589,5115.041923304849
8184.752580476088,5550.147003380046
3596.0707917729796,2626.4339919307267
8469.60672474878,139.9467897840445
7950.859707589373,8493.848284167969
3793.8556486821094,9216.393389557525
7541.2278474023915,4117.146500568082
3062.6288108489452,4420.169677985791
898.2481181734614,5689.694057307526
5987.9950370642255,8640.897153794165
6264.460858363694,929.4765241953285
9951.968612920116,5781.4242245886035
1853.7756594568855,589.5624671056887
7391.995497503819,1953.579280533654
8566.10037167139,813.6826381224205
2021.8321256101046,5888.60990528819
4492.6098929925765,3021.628279232865
9046.39288057664,1577.2778528806286
5425.9461783561055,2509.7209564145596
439.96641889536227,233.3959928961371
7954.5822223623,1869.4683277134639
3146.0827666044033,226.5808927732693
7927.07842283716,2764.840377878036
8173.01085938791,3898.7479587588637
74.01877367811949,4312.243122217846
5630.159398760506,5786.392303916253
874.3142745949806,2963.8950894364357
5313.585628325933,3472.0530538234552
5442.592365646399,1681.0875045761375
9849.78452320881,2616.9537439224023
6702.35256781976,8871.238632778997
9582.390045831433,3282.1522074954614
4697.6682712376,6025.997130835347
5459.175189365391,9548.80221056599
683.896866762388,4491.480085220287
4611.12187284539,7984.044424052574
1595.5470564066443,276.2507344528209
4919.173282314606,8067.195484042952
6991.357676919259,8162.1690702119995
7372.073233785162,9274.632439299401
8188.507833636718,7068.538977096538
8099.544649723321,2210.9919128221036
1401.3745500579078,7305.163712738981
3832.11681601325,4141.404094014843
941.8536567750069,6867.354179954598
7120.649687311582,3590.568265461853
115.22598866648303,1785.6014310850564
2447.7640833956416,3500.8764554340078
818.3262065970254,1502.601381607983
4893.791228038884,2490.7639584075923
9336.33686108421,3057.9455382490105
5795.439903977696,202.4394055464096
8398.750914739432,2355.7323405782204
3010.9298311499356,8448.63476689125
5838.801553064714,8393.174274719524
6022.351758958628,7021.59615033357
4033.7152187730553,8913.3406515846
2521.5790977583374,2421.8466891344005
9216.29513204294,4507.4811589984465
5962.72298121552,8857.539505874189
9970.583480863828,3984.5408362948087
4897.831323061116,1058.1062372378613
938.0885849822939,8767.556483820119
6628.504191113508,5022.958210004016
2104.7214789710542,5651.64287095342
4929.000210890171,5079.2969332725315
7709.990754876741,9575.053601352867
5353.94620848205,3586.615087144719
3638.2066148855106,3252.183601566322
6269.377932111494,9529.004571073168
2068.231379508274,8009.1501059245165
249.0857661099366,4539.423927977201
3710.9413625804177,5577.953358962654
7124.137241573319,1017.0826228977126
1956.6604641381268,8748.463053424264
7650.311286984869,9746.194024065037
204.67078040806385,3286.67932184332
8330.884366724255,2310.9903397415
2741.299431308181,5803.863319366085
2811.4481003475444,6109.247166596084
5425.257436473663,7313.879748403299
6975.898761128213,2970.996138187132
710.5390963044889,8154.187597663603
1286.0282189535656,5199.175885412422
9616.61604320068,2297.337090680753
4030.53446676192,2702.8342437793763
5882.940372814498,139.94660933336345
5469.762639661168,908.7741063073252
1294.0411828449382,9529.761149773978
6356.142711160091,3231.6372576928875
4958.498996889497,3802.6755747957864
9663.66546553175,7969.633336344069
8861.955939813915,4964.3578157175125
44.288843138703406,6630.377726234708
2599.940021839675,3269.5823521403877
1356.6806360988614,8759.321190012011
6545.9056152456715,6458.193108889299
3959.827537476974,6012.16876602543
928.8406433404527,6598.814700605332
1626.6285246917155,2898.8563088521237
5039.306954298343,2839.965988660784
6787.914580122751,3345.1389439172117
7482.712990542306,4513.067352834
882.2062762117499,6169.234548481706
9936.510457679067,6694.3839210344795
1007.5330886001843,8472.22976236527
265.042566129301,7697.635238966416
2996.429697506866,761.1097711815462
564.6423543555246,8160.94962234593
2930.3706916121796,653.9479729916376
5443.13651735544,9571.828744702196
8736.978109865026,6817.214442341872
2133.6849067081453,3622.6683871608425
1624.9993990851362,6122.1509770341945
2029.904917923926,8274.268659665042
8958.194801782127,8005.778758752701
4698.619096692442,1162.150689797291
7622.187902501698,9567.523596197976
1548.2272878392512,3435.7571315136847
7665.446650331453,5296.583208126898
1897.3420391584107,4908.966763194728
6423.151521510597,4012.157885596502
3542.830141435388,3613.0707671873406
2037.5722620566971,1309.4177428455066
6381.15340634728,231.35760144405216
749.917063236113,4768.3201821445555
6337.536421062351,2070.950801969442
4201.7030516474315,5697.128822310951
1866.0429392641586,3617.4606069450533
5134.658749069189,666.4388821649592
2322.1219714953213,9764.533540226277
1841.8427266737901,4363.884239556969
9894.282342237513,6274.556874891785
6549.897972201543,5561.593628833301
1575.26041747723,541.5293656666154
1357.409957962915,7677.783162238804
5632.044654115748,1970.6918584182786
5176.5165092238885,9222.97766773408
1376.7112460193086,6954.762525899194
7086.431671241618,8635.543273639985
4087.3801071479097,9105.051635487525
4710.468293594526,7475.392867516877
2720.765975533582,8701.265094981403
5902.712490562595,3414.7626065768777
1882.3179532983502,6396.929422316399
8474.789625399226,8546.124884934841
7248.999488466518,6111.107342552705
2790.989879114513,19.719945142239183
5641.35562790519,7790.002104307047
4183.559335492742,9123.791641446018
843.9049653335973,3115.7256547816137
4128.239182355993,5243.033346578042
8412.32797344618,4874.510933145836
322.9008453852389,4134.40696419473
636.9768782966235,8711.34766920704
5112.283864977718,413.2645494469933
543.1025321833994,220.96440895622683
3967.4069477314943,1549.5204349332903
1576.7321368292153,1889.7372806424062
6160.6069765029415,9562.021875074892
7995.765393500882,7734.385780852037
611.2865522077826,9787.424786351867
6364.318535446584,135.39710995706167
1493.6151291963595,7016.097310646707
7883.116564720261,9306.477668122834
2282.986440897149,3917.9811243753416
280.4284851023431,8079.913061965064
2983.632737624222,977.266384948493
877.7965772707008,6164.685865610449
2404.931390640165,1371.346027052962
1715.2207940051856,2322.0918096100772
72.84587040333635,4315.600447395091
2.68167548992837,6725.141507837327
3510.94814053308,476.0741248710398
3564.917542053978,8022.814348117557
8010.820827448469,2001.0964875308823
5542.348426309266,1850.864353111974
6726.380029261486,3452.728472659995
5231.692956963118,8558.157644474315
5587.265583513667,3135.101512029759
6290.055827777688,1202.8245307585173
8711.07186348133,3051.554311659376
7118.379090167313,4793.74207102927
7659.927269185673,1145.3452891366035
4181.404444843028,9328.405981483418
8371.391093408336,7620.600885029212
6630.667178330158,6728.469436642549
1072.5823782780808,1238.3593770983225
9604.060274769448,6069.531233831725
7941.403042998773,5801.334452788907
7121.581360431019,5886.825561445666
5072.95008929302,4113.5695522554715
6586.962089671219,8045.499149718575
3503.443016377993,9854.07687714025
9976.349010055485,7337.087175554625
2881.5918016853216,6651.86827058889
1641.6449728047044,5079.763888718112
9022.726826251348,7921.717115721455
322.3398554081924,6999.616907945908
2209.8739878728024,202.82442320079252
560.2128793605455,9147.178710818993
4891.162550819661,9043.987674988179
5155.16972853945,4582.53773294181
6330.360031740416,4428.452997954413
3641.3142480560455,6234.569192762232
9228.152358573674,3872.358458823065
3727.1802034764332,6948.217208517282
9229.3568212251,6337.1615683835025
5887.425828362927,164.75267774920476
1209.0863281990516,3827.4482833704114
2043.175454154018,9670.828200285032
3694.341366659134,4584.672820302759
1778.5488178972075,6986.958982191333
2514.474867733074,8027.586114631582
1561.3749759473828,1784.2659003685658
5692.660188941655,9076.759905786234
6269.497365723369,1465.2916083384082
6783.617646325118,1987.768515105278
6228.663212163074,2816.460926930381
6550.364896053369,7748.957195331183
7668.538334961116,7977.619107047686
3316.462843904946,6652.595224233233
3271.7505408159254,5763.795596026593
5981.7126030268255,9941.033510080817
8559.38201361718,6786.285369746582
4904.070757565163,8204.67871364134
5306.812458845687,7278.17224107391
3063.517751638604,3189.5380821314147
7773.819769943865,2586.2630011108636
5274.865707585966,5528.4211965953045
7891.09994234707,526.4359486147551
2372.951617513174,8045.689466425399
7405.295602520193,1701.5834899859917
7037.508607300048,189.80791635094474
3045.1893406851104,3923.7826915993433
1798.4560647692615,4908.182940536062
3989.989322703181,176.17045531282182
7885.2084397059725,3067.990098161292
3289.2772035344233,9941.173077769168
6461.3510293414,7014.178249041185
9081.82009549639,6547.576096946896
5438.421590909478,6890.271918177135
4099.938844230035,9100.364190666118
8819.636668862637,9742.176293605045
1015.4788381241409,748.5576365500801
1087.476032291047,405.2602800816074
8416.454414488238,8679.119440553124
3707.6556232410653,9320.3813663153
9359.12766057658,508.39513489447484
3534.868495291803,8762.457274441893
938.4227537488043,8363.923578027656
4194.63224927959,9148.028495876359
2850.4277851053685,6701.120190157678
6661.341686557805,8467.713534637442
9873.884916296725,1172.6759515064477
8012.061963419612,4450.011110197468
6092.69375184827,8103.661697912089
513.4968513679605,3.8058165381216202
5687.629345013632,6468.013227983637
4081.7855320589847,1435.1232070239716
3872.8715931469783,3430.1216689770154
9292.766781970093,8727.75350147319
4056.6333992595005,3690.630053312878
3499.4936862858926,73.82593118157699
1686.7081524373439,9560.896734005679
8456.110603759322,7136.866087264815
3032.081071551663,7634.44185040279
3070.4828585837963,3603.8143224937535
1792.877748110604,4070.6631829989624
5170.752712724076,4707.2045438003815
6374.264425885378,2065.041782977598
2549.354239789828,8025.020797983382
7161.1642469149465,9270.549791276107
7335.660053576902,9931.897801932877
601.4942174087323,6794.520978335432
6160.382524273044,2596.0450119824472
4877.947762507876,2933.1190506037597
4397.622963795852,5738.558308345718
2410.459952894497,8886.448516411778
276.6252192034091,8500.275982346198
9520.63203145435,6556.803594277625
5741.132571231114,9368.83955384218
7150.199950807932,137.20573680129132
4421.030967736441,5455.747540706871
3167.926999098879,9064.252970918695
8952.665372629128,1496.6677759456982
9219.848427150837,5432.332250760025
9448.892490070924,1053.9405392544065
594.1512369320445,8314.280352292397
62.15051694216322,2268.088451019995
2888.924719958975,9252.87118068482
1193.9246808933901,8180.924956555159
7735.708381722924,5324.400600331668
8303.8330778271,8400.258452565318
9056.215294575872,7124.286561103693
9196.207465367886,8594.969662066576
7444.563534218113,9004.470041066717
9101.472115907207,2638.3541078423054
3343.3607022296974,3245.7003053347235
1163.9071060304095,1046.3389122706656
4949.56423261548,3413.694407002622
8505.562852296045,1846.8958734832552
3196.371646656536,7412.578202914243
2939.319791173648,9857.659284771999
9193.21110112877,7036.049272978916
6377.46044005888,5254.787036703078
4446.553247427206,1161.841915033135
2157.9551879771207,661.785684009485
2112.196204696064,8250.889463144216
7914.715048616196,5113.131382773021
7314.986468806941,148.635130066328
9147.250679140416,5449.637261627089
5014.5716899356885,1433.0685567070943
6327.643243917904,1181.2608541063662
5953.246229557401,4376.6380684297565
6950.241254213455,4801.849781318411
9635.551475858263,332.2819093525764
9163.080355884342,9747.390303977809
6615.410282979277,7521.340896314635
1689.72333386741,6979.336362421787
2338.250393423906,9888.471379274126
5718.874697895521,1073.21136697613
775.0042830728188,3992.55504633915
5166.538952006955,8933.24073962012
7442.212885486464,3105.3708047811947
7933.543443894076,3409.525075470915
9237.33398974417,1734.0828119719865
8486.510717798581,5605.5368356990475
2065.7952797646885,7145.95642924406
6735.909867259385,8885.014068866301
3626.2713871805295,9473.182662958328
2862.057883836171,3350.8116512925412
215.02367341681872,9473.19787575438
3196.9039610053796,2751.052606216323
67.6370474507415,1774.1934355938138
4415.429321962825,3790.685338669918
6980.068792126939,4652.436990740577
6724.884925441893,7708.158784815188
9393.032352550486,5608.974378468719
6076.936710171415,8956.546813382838
7345.284997156222,8245.122066678812
427.33000144463017,809.5461468668718
1432.3637341312567,1267.2696940112128
5062.106095546131,4247.135546000052
5497.382593806468,2623.4648757603054
1038.1250688436182,5660.830560181689
7805.743013864298,2340.382119583697
712.1677096699697,7207.561526654502
8653.765625637465,4353.826430336423
5248.009174502821,1873.8785278436253
4498.865927543828,5276.9883240155905
6133.760846824526,3039.0596076847896
7597.955069551799,9599.55575565928
8963.187969561195,2622.273561600774
7003.878112321422,6110.189440749878
7394.829682817877,6891.925004029672
7401.819019832614,8197.334564325038
1545.4735389980967,1841.3505763420646
6313.173486249155,5763.917714097365
676.0690180333085,6118.79455536979
7754.1149304264245,9459.185882754888
610.8514278778465,8655.141489981164
8554.519778784983,5787.662480814496
9674.248081163301,8638.762188371264
6156.054602739323,8716.72007412429
9798.312976279429,7775.467956257296
4160.721000837897,5857.968424627279
7448.610110005782,6949.255362713354
4772.363657236738,3481.6014070454694
169.69616490276508,1462.0722192503376
714.8057773755668,6787.019968154302
340.8920023366757,5715.352435769056
2938.467010684792,168.33201980077095
4506.578550804242,1802.4398678267705
7011.419056763747,568.5664601239138
4039.7724009859394,4328.556735801138
915.2344346122233,5735.250034109581
1923.428478767799,4597.111202115712
9005.296454065015,3886.0924229415104
6217.562135541897,7183.054931354277
5540.798829499612,4058.1577770949175
1989.3743393452746,2374.755049474313
5430.271600922038,8598.18257959986
7026.588077000197,8629.686977324336
1436.8255322251189,242.51880019423578
815.7819318458647,5164.654062597553
9537.248300937701,2809.2448743463506
3050.2046537887763,9526.712801574462
2748.969177091214,1048.5226179490292
2281.92639406934,3508.6601586785428
9153.938618846772,1235.9729336663904
9397.206071639683,1614.3840633764185
6391.944202543181,8680.082120748053
1911.9309775146742,5051.751825563864
7192.909214603893,8966.382170011533
3410.621165234463,9867.009766529438
1737.1051325660715,3022.9520225809624
9223.248811731384,8435.865050319737
3399.0141293793276,9740.570593952849
6454.053884085332,6686.182524461397
34.64942763931833,1434.2677766534007
3934.1447847259747,9805.55717501947
8916.30317991284,9572.996451045161
1376.3373238041943,1694.370081579818
4612.818748967532,8288.455165007175
6437.43270083325,4099.769955540806
8928.295137728399,1900.4311512292627
3677.205643250937,285.6986074902612
5128.852906356828,1612.02767686657
5277.596099934331,3005.9642204243255
5306.504005064998,6284.76061418613
7509.957228874276,4947.367142599637
2844.2604874280632,4482.350337234281
7819.216305180396,1893.9906893656344
3859.975600233214,5776.145692450523
7029.6435693945805,7237.662325983319
4862.446392343775,4005.2001061495603
9403.502244690339,4652.410883756442
764.2159912001212,3197.2131355119413
7309.640879222307,4218.61143852957
9821.890997438413,1143.5866528804584
6582.477319137821,4509.3432376379005
5113.819391398209,8773.787078015239
8289.225088702806,1087.4217136697994
9902.610213005808,5362.633076139267
8162.304949899475,2201.0922313794013
8710.796843573336,2818.4699850045513
2836.2579675156853,7040.567266706888
3782.3350933182764,801.2369889923532
4023.64320713237,2655.6543962385426
2261.9157936639854,9190.16609129218
5006.9252484929875,3147.065674916647
2502.6411620785793,8157.221000779019
9417.97222929281,3237.1233422222576
7659.373774519248,2883.329776011627
980.8837549940274,2120.0295067403986
4723.958904436157,4056.4549170354703
672.3314850251205,7968.196062385141
6176.841467275903,5389.391032912287
3333.327570751672,3189.5952463151402
9402.749164191102,4771.4624061456
5864.655191671205,4200.729341849856
8123.514326940784,9369.368815954209
1208.1793130716344,3085.9835626479494
618.636468540854,6625.15574134423
7917.0097592681495,5581.662067528446
3415.6225396396244,946.4878676415922
8493.457833936227,1743.92511681276
409.36036059674774,856.785352620958
2056.649952026568,4827.5718395880995
8564.118977431992,5875.542368058627
9016.832450303249,6264.622795440416
4683.155126083868,377.7260203680488
2059.3683881671154,1271.7139244263253
7190.719045339769,5669.831563994059
5539.851204618255,4360.693486656254
3008.464751043721,4752.92048339949
5151.889283428453,7908.463051301527
9085.627601600967,8657.690532159373
8614.250041415433,5265.546096841138
4586.548520434656,1137.8331154704713
7168.614719009914,7954.928341706742
1251.2816440495544,3345.7026565035308
9375.618672979916,6403.472814578368
363.83177627081875,8834.094305085435
6253.521440991776,2966.354384986221
8599.818322986086,8383.085012587495
8052.683882810211,993.9550747389447
2281.561177652561,9588.197898638622
4075.8797080737654,6471.588294230194
8825.914052297785,2031.5955178588797
4580.751667263886,1470.337972897252
2850.8184502632494,5934.520879707075
5499.342253226548,8360.637444157092
4022.8250363685393,6867.998774039192
5616.308645704155,3068.528776276521
4579.413163791845,5680.109378250086
483.6514543284343,7577.709054818332
7870.326262502672,1801.0879953648816
5015.691255756886,8272.084490041785
1619.6694396788635,4369.755279385412
4601.73965030951,2207.3885610158018
9437.472270069537,6681.934279999021
2243.260838625818,5988.64688103197
586.7022764803198,1292.1423344346017
6548.200134331665,554.8682881993072
6556.943309691998,6803.3888319614925
70.43483540290497,9865.27683362711
9260.101524167676,3489.1412686568056
9553.253747446448,280.4802096731707
8488.795473371636,238.1344927473783
760.3156481053164,8458.575696408887
9580.965456323127,211.2978713787994
2280.5614477604495,5131.452777050644
5179.700584337034,961.7698240962924
1048.5655534452353,7876.990563663556
3118.0492832585082,9151.889358958659
5325.021300986315,5937.808332158827
6500.718588829478,9313.55072612448
6763.454220520202,6894.831793202573
5322.818817502234,6980.214535815139
7195.400815863948,260.8766973047749
3654.288488747377,2295.606878928037
4196.807905805581,8089.985837591069
7866.980962598545,8887.09553819593
2830.774916506107,8256.241670029189
2808.3247703164316,7046.254740387955
2773.7863980717825,1266.6898022812923
3111.099270803017,3883.6206128678828
3630.7786004674467,8671.350609054793
6152.993582991976,2334.3235127928197
6822.431984363007,8073.429770678421
2506.6050067936376,9080.977623215289
4083.387045079845,4875.77185345467
6827.137943558871,7976.067034943561
1222.5857289352416,2203.751407017618
6395.44787485937,736.3944711656301
5763.405319786472,1683.2269386165942
6913.850771969977,9454.151395156263
6846.984208489974,5871.5420223650635
5649.7640642242795,9105.33480510423
3743.4574823469857,1478.0566840660358
4247.008703357842,5727.071043476798
1064.8498773847448,9366.546718688624
1460.2547135157463,2361.083359322268
9532.84215728324,1530.9781736780615
3423.3476428501363,6216.919888763374
1279.4502161899513,6558.3260071252735
8614.012673207271,8684.860625671437
9940.318204689884,9224.51904282526
5572.699225150788,3762.995517905162
4777.553975757617,5808.802012090517
4576.470714016477,6283.618549002757
9710.629713358101,1052.4059874517523
2330.201324336908,5440.677761721421
2059.643429515371,8068.12914941074
9273.174291141608,4155.636508307152
2398.725351534823,4563.929498240938
9197.614821199439,9998.86411077511
5955.377769266318,2681.842203253532
4582.341083578678,2818.7120059801064
9768.435975212555,5639.521334768767
382.0145678256504,7482.849730889899
1396.0704508561516,2373.1354869954557
9113.41929499794,3928.5303018996087
5988.331327144888,3128.673532188678
8910.043309159628,5667.766519163342
4012.9211543024226,3541.226997339334
5825.978814872368,7183.461072620592
849.1475248700319,4803.434551702301
8172.85929176706,2629.3365692532434
3495.8462992695418,7950.624889172279
3235.4713136697364,4859.374246029076
1252.529845342858,9926.68385172236
4010.147211417262,7671.029799169472
8140.0494657690015,3621.509011604063
4923.568779716466,5868.631514124673
2455.3815899295496,2965.1849620640123
5551.615052104088,7600.954015080106
1004.8244621485802,2665.5722929011304
3383.164753683001,7493.812755799812
6310.883050732646,737.6318197702636
8151.268600561106,4004.726375010301
2277.5849066153273,7760.283124306443
2844.39674367437,2334.9755694087658
8346.809795592468,3118.721058472388
1309.5073625601117,5444.935520919035
6385.08466631615,5009.976004797033
170.7358970294659,5182.426988493747
5579.258914358742,6995.93122354368
1564.36000198372,5203.507100635854
4279.995383959633,5893.853924957514
7295.303358509868,7402.812999249481
8868.812618622267,1009.4275293291888
1363.3856188335458,889.2618998479984
9471.2783418932,7687.11919762059
4950.067582642197,4948.370513920425
767.1935479229941,527.2294223096441
6823.976995032466,5918.860608419877
4336.1722439555915,5989.833618867151
6864.605584099292,7743.58585673406
1372.9726694371202,4932.3732867326
7379.876010039933,8757.531807159543
6746.807938109176,535.9294903699907
715.5953616579635,3800.686703792836
5203.39099695081,5716.216593681624
7255.733985452366,1739.4312330557016
1717.2485287623028,5305.626902114366
4038.84764842395,3301.0741243352672
4177.953627825276,4489.235824300831
4080.732023718919,3190.8767224694802
6723.330450650154,4387.458995303375
4567.931481050642,4076.1209257250507
877.9325799265736,1618.4078064494688
2951.2276431971018,4062.4483990036865
6975.168868355474,6648.340603490143
565.8920408121148,344.8601010514474
4761.331118119323,5813.123361927832
8225.783744289653,9653.304916436004
9590.349791651379,8804.958597878187
9643.056377839886,1770.3515175807893
9996.885179427643,6830.2181682992705
5144.3552918004325,6135.534079304922
8014.402395212462,6085.663606331694
5872.572871868063,745.3595861557005
7316.159161563517,3549.222865408388
6547.861166329359,2978.1568557371997
4826.620869065673,7169.004967053328
8523.546373088162,1225.9826030053346
6073.966772763169,7041.840446996591
8019.082652545589,6076.317479052017
4625.420192386119,8554.756243591924
5039.314298775048,1203.7884246046958
7839.855008837455,9969.720092040785
2559.681383580418,7033.279403530281
7441.329955489518,5130.361796011543
5303.888857858064,8734.14075538274
8321.67411315425,5251.935151174609
8994.918004469062,3825.550318783252
3761.4070310845036,3547.733902185761
9332.22848371059,4439.9053297218525
5038.076950085639,3786.223277472203
7666.410202904396,662.149081080059
7344.62496008214,8102.780792541525
4862.850416249767,8039.48183918298
5545.269428299372,2785.0869593005136
4074.239609997129,9525.658765798085
2057.333293473711,815.2088641166932
250.6698670294072,6362.844888561744
8838.610433750222,8718.768780082646
528.2103871869615,5753.140537133609
1046.0932102466347,6393.168742944806
5710.179811843133,6059.534453072986
4856.171850828327,2802.7684936041596
2173.0764942338687,6762.771587836207
6262.410764984006,4698.244183961494
5738.108669392307,993.3149738346935
8605.23586149467,4075.670393152414
9529.4289331502,8716.980314861816
1298.0764322886785,1257.9167402170876
315.7287482212456,3044.977242100444
7310.262970749415,4923.787770371597
6017.557915601447,7142.501881064458
4228.412551840986,6882.351419463838
8688.180327159524,4491.186603331406
2020.1050169659395,3358.219728410565
7083.783245464322,6677.031275226778
9582.207871614484,5884.406695756325
9027.25941117786,7263.178350912997
4827.601141167599,1946.9176656786024
5150.072106057501,7075.684909239391
3969.032853692961,6343.5822804031795
4384.871218331547,7415.922383859248
2389.3084398543106,8632.738324855927
7276.9346338352425,7746.807420071322
4965.073550288996,7700.376940943771
1895.6889376305696,7614.133323500749
647.6779900109519,8297.376957565983
9523.987916370324,2645.9902964805015
5273.827850586142,8386.44576650986
7839.632896613865,9490.236891027938
9241.723011896342,2779.480756905841
1768.900926384679,9792.050628559178
5120.090459059974,6624.22229104562
3725.993385674481,3285.528106356914
4044.86721579702,6537.960776146175
3361.300189942532,533.1175561997014
4948.625059704,6437.725971718093
3879.4454807352395,5814.637978903003
9650.316490648846,1502.070132868495
4778.944658893859,4209.76092037396
1570.241861392997,203.91737264545796
6736.079593667931,215.53346138857287
6053.8530544026235,6208.707703268471
6429.408361963311,8574.481084068948
3733.183225003975,281.16402678891814
4375.569397628804,5065.7205721303
6672.824511774263,8016.862073499463
8128.5751997377865,4586.199842275561
9211.150552676569,2569.1171411280943
1569.3711267441668,7801.832949929883
8377.298613921508,6414.07550659593
3114.177234133012,1530.6191526251023
246.25430986318753,7366.156096134661
1872.4501651770609,8936.405730216109
1815.0422905628493,1339.2228828835885
3510.635768044368,2274.8557011622893
1986.6945642574817,322.3170940471276
7336.2905755608,9234.513548076384
7983.135038986357,7670.520897011326
4682.823231152291,211.27841814561398
1983.1358944744416,8189.005883191077
5226.931815550011,9647.394416701429
1233.6687124496893,7538.3141876245045
3038.520387787803,8693.299398738005
1651.825580873908,8172.160916663068
2979.827105876123,1707.7941316664303
2475.0739689841494,4941.08747527119
9125.490356644159,6089.183108988888
5471.795362064619,4541.31005393969
6636.458951274983,4540.710152143684
6242.007734209077,3789.773335514176
5362.364935110463,119.64616308067887
4451.563582953852,4398.544765712676
8952.464059339434,902.496841220306
6304.218499832723,4792.496368696217
2339.5021370058134,2588.936216981824
8261.614953333567,8968.232744289366
2887.590523510145,8152.378568548605
2271.32166806015,4946.8347797511515
7155.870913557801,1443.3212985700372
3922.231495306676,4556.148385217645
2802.5537896746455,1992.617088974835
905.2111527207219,4167.598696457569
7656.0738268204095,2852.561070794721
7499.6463571180475,986.7431142979566
5662.253483934865,344.17491370972056
3852.760334821923,8354.140915807437
1188.976043155624,9911.009983447077
7756.897075424333,5883.287263233805
7245.949356399222,4676.443664527451
2674.0341462723404,7615.1737521474015
959.1212566313245,9721.728947989322
2337.6231552473114,5415.8495585230485
1400.7414770356852,6064.854574325652
43.042615644603984,2815.517996124608
1434.5166707900737,6648.102528895367
4320.789921726207,559.1515279534332
5777.536034071286,1657.9598932559302
6933.475140475728,377.6538895490067
4270.893244815776,743.8493300301108
2080.0703016750213,467.7828450520871
3273.202882250743,7379.526674389373
7530.149139947727,7961.032385220833
4964.976297156095,2722.5052931203363
1156.2723442129152,6618.720541576435
8903.917463955957,9358.95141320466
374.8150735112177,7857.875407473423
6436.219461048449,2517.0974404193203
9209.104402040448,375.4650562355688
2054.338544146169,2083.7307590049313
3326.7165841538504,4613.265869948894
926.213161416124,7188.464586875022
3950.8226051162865,3193.6300055681177
9234.998472787915,1241.9808920648534
602.0233145019405,9721.310381442147
1228.9490297982563,5620.763246257371
7193.207146366983,5127.58490178145
7498.0168088350265,5083.139024771213
8486.357642881661,113.75432048717494
5098.215718859605,4991.581458954175
987.5329758080553,4192.064919690412
1698.6537922198686,6284.174984965555
3691.9473154657335,9025.814192251117
1985.5743558262184,4985.92766807469
1687.4997803000424,4587.983397462575
9172.220527800422,5964.250591664527
8679.673478678395,23.396667055002318
3873.0408845778184,4131.224278160586
9901.844526850562,8170.9788038368615
791.7838299400315,8129.741893811376
1557.92224447593,9406.234141090847
4935.141913481564,9393.104859528134
9832.070113706992,2529.3392502894753
6201.062804217607,3651.6985969738635
5714.9630186622935,3999.494723476651
5270.19369123562,3849.4658790053304
4042.112815390757,6605.75746228845
3281.5207083991004,4863.920554738841
9988.319035861578,9936.854764649728
2421.878079439286,7315.700771719985
1213.036336011437,2634.3860361720685
1706.8199341266877,742.2546578247802
8091.9557790141425,4757.343055349609
5255.286422760803,8102.535058345181
6960.128518898846,4370.288683916943
1125.2832331001362,6376.292814667743
8813.012833242989,4867.234973074947
6931.13865625422,6230.534301340075
644.4160932827281,8071.380696477229
1826.0528534155485,6787.588071618392
2286.183561353219,3564.917839095145
1309.6414086319785,8076.475141815317
9383.98571679113,7272.2916398710695
7759.274776919429,7676.412516960654
7541.934526453911,8033.300529916233
3546.0708633745717,8989.686857455874
7453.175257748375,3658.319119480311
7523.714185380533,190.21081652202955
6669.060581346056,4330.28400886897
1652.4960907931863,7631.908681327671
8174.256060401578,6911.640634397669
3497.0430869184443,188.33371956435974
2786.489441042426,3518.7690067643694
4500.566745128291,7413.806154074881
311.8239107030907,2446.982128715992
9846.561313765258,5368.420684352855
7905.935958417077,9855.560495942203
5904.908388965936,3442.820381407574
9515.68747042497,8640.200578052927
2946.336890746054,7588.673498057108
2963.2218924238487,3877.4834381661926
6550.6013964062,7558.72642783284
9176.147578793722,1085.0174687894087
304.88921909088697,5092.850388311351
5237.781877760754,3767.493536554828
3895.4247774933283,2869.30461997021
9340.959791048159,4222.87628096942
9188.686881427599,7813.106829113716
2986.7705727942375,3577.0942637887783
55.047252676501124,6881.23617009751
1717.2232473329996,2431.218192310914
7132.72267105409,1356.8129966829345
2606.4603618516403,1582.4067828937882
9130.147116542357,1437.409275062289
5687.923393086096,6174.453198373238
5588.77368833891,2222.3723131018623
3457.632175198333,5692.76155121578
7680.8907277898,8926.691246000923
2160.205222948215,9115.501600955562
3183.945272475952,5125.72024035307
8275.189143238036,8079.210880618275
2104.980237759131,1848.3272624015733
9394.961737755775,3740.872350048713
3080.5526933988135,1029.0405388548074
5314.614414617909,8470.910777842952
3657.8515787288034,145.01192000784923
8930.221169319806,5074.7274866223615
9340.725882987364,8569.524762127743
4461.080726415137,2570.8454199205635
3297.608968852823,7032.712370808845
7393.842649443396,1172.8531577553015
3182.0618234916187,8777.996632341183
2098.8323094898033,1206.289167128919
6401.267141184819,4060.273330886256
4042.8789923302834,6843.683721245697
3892.0600286804743,1209.8546026492186
181.0131162962958,8770.147715652836
6727.639704389632,3296.5596441211296
91.43798308891337,523.3847815534809
2547.986936772808,90.70073169708981
1529.414719097949,5025.959562448385
3333.250094657887,7591.359427303768
8999.244893198651,3505.5480640051396
7004.059768090044,9836.704708115934
5168.037099107847,9684.828867419032
9270.108085112286,7089.800690959617
8659.566815326405,809.3172468075783
7095.337061227222,6799.333154284984
5797.567746455659,4216.457252028067
5302.232285411389,8381.366220167101
5820.6389387458,2389.629273472186
9428.858806785474,2346.2375294470794
7280.360428633788,110.92973544081785
3836.2409915625694,7262.480722267322
1893.4378061945213,6322.835001078404
6272.121767239327,3369.197816880096
8831.769647103283,2165.8377322643764
4993.313102463973,3053.2059585823413
8221.223116017889,8898.542835943592
8045.947374288084,5335.625789479761
1849.7194565576303,4630.973714715538
574.7589895529459,5826.383318871691
6918.555867801284,3454.7156240683007
7496.656498252043,3254.512728725605
5630.506788381326,284.4918812728614
6999.379677264586,7037.631146121684
2209.6102089913484,5019.812229893009
159.72835717481982,2156.941446285875
4462.408879592122,2261.420360901415
5283.462004885884,6805.673373915552
1572.0132693399103,9997.469558720639
9627.741385494508,8354.758771830897
6597.559122126834,5072.271188628931
5639.611404897453,6129.177710376088
8806.682485833495,6919.469617603746
5454.693745280568,302.2434813690067
5767.0355566851185,4644.4430747764345
213.17820075382076,7034.1480328837915
2637.4048944113824,2240.6012364866833
5106.570916160117,6039.952261984599
4772.786937749215,3728.8588374163423
9108.536678203629,1287.7372483849615
8574.93651409582,9454.42207792468
1018.8418424133328,3775.9511749368726
7027.790301307017,464.19949601095965
5093.780798301568,7950.415924311141
2226.84903517546,4536.760136294857
4310.576834222544,7509.76318628068
1172.2504364962117,4140.824994162839
1415.188188975759,4846.955267787689
5579.358792087906,4606.134053963785
4773.851427472134,7721.844510243998
295.4484114005562,7500.948387255057
7104.179266526205,9537.57146984642
6252.2029593100015,330.73139646010105
7124.005584298212,5885.000297883298
6314.087184325562,7846.376962820628
6683.799937884697,212.77435717909853
4787.023745188009,8389.151422093319
2292.005799899839,2342.84261844795
6293.951736131275,4140.594543313686
5851.990708767765,8102.6883504003235
2005.446472803869,642.126552802189
5294.812586425615,1235.5538154057033
302.986960513848,3852.630107922439
4066.300582477523,8766.428416853489
958.3036263419132,4338.641964845369
4887.141246262346,7110.056280510324
3029.067141236661,3980.985869184217
5761.6015975640585,6310.856569148029
6134.164908276119,3456.1205916467475
7879.981634005966,5848.9346350558
9399.575378086485,2203.522902918249
3788.091020704796,2843.1194092566816
2175.831713736468,9417.296515932703
2686.575779145525,4084.2442236857023
7582.628178170507,1100.0597077063735
5848.632721130608,979.4562253765171
6264.505035512039,3331.0977943746702
1050.6001216519246,4961.17664014782
3561.4392785324567,5125.000822546678
8132.653325271301,8009.922192777156
1806.0004137941633,3227.666641649568
5923.423791601113,5189.4206293327625
618.8358917205217,7909.587464320267
8126.710695877466,9491.44187496187
9614.423357463822,5384.293818945677
7594.650595627045,1076.8278928587981
3820.6108778180146,1779.0364792323865
8651.730814442328,838.831878065317
1356.003063155402,3879.9088919826154
7585.358936909378,2406.859064748187
6381.887697568921,880.2513973625092
1020.2225042502022,6715.126306445085
3029.179363233474,3020.4731641691606
6184.624577482232,8522.163568049678
7519.100311532936,1586.609825706219
7828.562145764337,3088.3015190188503
6708.314726141903,4716.1394852041885
5639.203831110519,9313.832793099733
2435.345205391709,5101.064331781869
9416.63206942773,3223.2091594425337
3384.8423538507354,1520.5857520696575
7292.938688736198,5518.4152183978285
7362.465820651476,2847.0675979309412
3635.1207710425347,4585.3237895549355
8101.660417926158,7949.288253751011
9255.139332705417,7949.634150214938
3960.6152080726943,5840.9120717868545
2489.8222847842767,9772.235141713436
2130.7567859274423,4226.830560271629
1044.4309608436608,5154.05027979285
75.83346029262805,199.8414832372708
2564.1417862622206,5496.964187076788
6679.104306774013,6783.371398696597
1788.6502842458208,4091.9743724784853
2292.6187114799823,9481.737943658645
359.8585199120552,439.9294984648505
2966.2694643623645,6305.422408242874
3222.344843141567,1232.72957378613
281.3684138132877,5759.387869138147
9484.472410732837,9903.924373114705
9634.542277554345,6274.733598655386
5206.867593783363,9977.08193056564
702.7186578454069,7469.59215605379
5633.929027976349,3969.3654627408214
1347.4241227342732,3144.3019550009744
6189.041887492873,5101.35565600428
7868.091912339193,9189.413460918166
8755.147292801938,361.33375966453053
978.5206302186256,2293.268620410729
4042.0103428485545,1317.7214478182718
4097.203032850236,7432.743812241911
2436.523795100869,9305.397143133463
2864.9285405501655,2970.625977098851
1412.4325101825875,8366.049462902954
4853.547168266143,1144.8153693626139
560.7767152283772,5823.115220141226
711.2755292470185,7512.776396347027
8660.952518254757,8260.816157939169
5575.256684159741,9672.26934854453
3065.6973064932345,1865.7844976544802
740.8467187962109,1115.9235886089737
2643.0320806855334,4253.7430416905
7441.1808738276995,3652.7980772362844
8797.436567230896,6471.3164909707
7880.003000969585,6611.8942534247335
8938.484489430324,8049.996013467467
2380.3382767591384,1950.9843057229991
1502.5382794362397,5251.632911873779
8077.548449107412,7135.768321319537
2484.391256144185,3613.9877169879333
7239.421685311013,5672.897031278503
1836.383880165222,5555.791453400738
1194.2900531703172,5076.120961343589
2267.3603253972874,6736.789498305093
6269.8281674772725,1865.6663308944376
9739.753894656735,8829.305228366617
5336.862411197085,249.9447163016255
4058.6596503085248,134.06734742107406
4097.660789975342,4606.795291760858
8238.254149647795,4226.374577368533
5475.275101949517,9919.634451644664
1630.244388868559,1562.2196804786092
1760.329492857736,736.4656254555235
2445.7832888645894,4980.781826659987
7267.306116429066,2228.6022384753132
5039.029306397076,5810.502649112197
6336.129038959931,5947.6959430062
9499.858823431954,5609.165233391969
8670.923917493716,1698.6712596436425
850.1601447426665,3260.7948638992843
3336.9520740211024,4285.45499079538
9907.00061335458,6634.99314054623
7628.766996464972,9079.374294224082
1452.708741962704,9174.76893756451
4575.5523483396,5581.776264252738
6611.286698081068,6372.602413778666
1086.497217998813,935.1435176672229
345.04349720194114,309.19982701842486
4806.117751887632,2488.374311303785
2573.740423322919,4812.8720089367125
3554.237206103067,3395.1483195815945
4745.344556834611,6804.8534256054345
95.78454791423718,5646.4435772928555
5476.932661370827,9846.072651172042
8814.32927270305,8505.31130373174
5367.964511400109,3111.403618717803
5220.073558857844,8022.492616306665
8532.624644692218,6226.141758066498
4472.663576653649,4260.0817014041795
1911.6580425566387,3890.660424049773
2063.6595347014973,6321.619163354917
1513.5998110598114,6579.35108710121
7865.134800097071,6334.004103361992
9784.46578130078,1971.4040521846698
9962.93441461325,364.27354970382964
5281.117422630907,5329.467627479977
8214.072452279015,6319.7653922150585
3336.8017663510254,7101.416596529923
5695.773309072827,7884.228961421862
5354.516326286102,4209.976513294137
6802.847946954906,3246.416577709048
9626.185305332798,279.94877852458353
688.9918924939919,8954.972903710915
4655.1686288497585,3592.530005603083
8334.634152285274,9244.233061126277
1613.0327461298966,6608.578344909376
6442.722481945249,9803.854229387633
6834.8656362273,1524.4236520298427
4637.844495718237,5132.280833745573
2597.9556687571626,491.22714201309424
7855.395515223389,1786.9511696071295
6603.890520794989,6953.939318428253
7869.094709497307,3037.2805459084793
9099.299913874958,643.1435561925913
7564.743930313932,1821.093552046732
6312.29622847796,3601.92851865347
187.5414494006389,2559.089978084116
9736.673462015573,1996.7050077495796
3023.6884444073553,5932.29688296501
593.2494259181808,5094.583822496929
9064.193439665349,1695.9298727677951
6447.64787836844,475.6186914586258
3228.9781857656976,9274.851792658887
7620.311612248829,494.9274314049212
5963.211697492292,1378.262051865069
4754.2311585008665,9866.108550470053
4826.299313173225,3615.36553966196
3171.2569448334425,5436.9734763445995
5575.928942257159,9765.145976383646
897.3000251665975,3692.997735091118
1875.8956577332863,1821.5853211499777
7293.1178083040895,9158.38806427693
1893.481199059358,7880.53258917041
5779.210733510536,1899.4054123558767
8995.725725137612,8153.105002856851
7889.405073904624,5920.151206890524
6988.2806916630725,9113.430223271702
1735.6361352442727,2985.6966019250385
8455.081979630699,8163.793369758015
7857.168876788193,8691.44683472903
7385.885002617298,8779.53133096652
1451.647099531911,6745.016559983998
9657.714653260275,7766.5714208059535
321.3386461254453,3511.5663401433308
7710.486684757673,8191.196015158108
8642.902475720144,1214.3484196650002
9542.296634092441,3842.8079920876644
2217.4526168426833,3650.426310384811
1849.9568979778314,4763.9971694869055
9824.323513705116,6235.819863712433
9490.63048535273,1704.283215269241
3649.6944961711965,5405.579011627493
465.8295750396346,1926.3425494882224
6593.698256418113,701.2163396552718
760.2652825847656,3516.899716568005
9172.725927194006,6273.934391081693
5708.577999194192,6505.1975060109135
7614.889855962441,1676.9494503305093
2636.1895288546234,7234.269066632019
7708.748034084305,4115.519496740214
1455.5636698140272,4714.6164876041075
329.17540893121713,8905.405425996034
3587.4693286538727,874.7788064195882
1923.3150507644937,9251.479981044466
6578.59634366397,7307.034408183932
1984.0991734743475,689.119991262519
7751.093791221312,7600.0296751595515
7019.358501337248,3003.4485188276494
9209.396333253122,9783.462671713873
2180.3280419262437,3298.51609902574
2239.631289055659,7063.96982813107
730.7970809743291,7779.1552812518385
9652.647255400077,4865.454807896712
674.2563586056782,2656.191120738969
847.2307171195271,6619.213336393892
2569.2978273041035,4484.785412918696
5259.292650041296,809.4987601887705
62.79434196673761,4478.618068535389
5554.450213031869,9588.202125000873
2442.779426837101,6021.003066488822
332.36850436052066,5131.199359093309
4079.4058901699314,8151.232533120409
7691.28488947021,5400.207067353138
8002.71414513156,9665.198413981958
9863.895008548385,4961.898669160424
1998.2662277445495,8210.093693486546
3714.0337745764896,9033.933023193502
9298.78517230736,7253.69878342605
3244.4830869997954,2149.1932222366304
1750.5357346715066,3089.3534180006086
2087.3139972611775,2132.197777115861
3597.071386868571,9644.893651916887
2191.674333284961,4741.570811433994
6451.660445778418,6335.542462694119
4389.971128871963,4430.355479685062
656.9519064572893,1468.5272386101344
8162.98534169186,627.4651169218148
8049.6401406824425,8627.008753591566
3160.4478034252093,3001.7920280274825
8510.69749824614,1167.8644673613658
1233.466437725893,6732.149353273202
1138.7219148765648,2870.4683061960545
2863.9454811314345,4939.173900935586
7097.623057638873,7349.725416658723
6635.007044272365,472.6387918595509
3635.6574996625613,2308.9726875703263
6720.257634414056,1443.5006730512246
1914.02709977622,8691.876570523376
1445.436842342671,7436.777053902612
1419.5473521143965,6365.197636027994
4696.8967751507,3370.3505150336346
5629.42610010809,3244.0727368788102
5876.586322332579,2295.9900835335065
5730.362556579936,1001.7780220743955
1277.926981860854,3716.7768996350824
4123.801440484385,3083.286064597189
982.1525179389523,7181.580045318442
8516.934314214992,5642.433081112481
2157.6888413226047,3655.3758495177944
5952.403437996611,6019.083963377991
8473.04974847175,6128.711878948658
5821.641694977231,5408.580115354121
5151.357510229321,1800.3891015803908
6282.623419599572,6369.892312267594
8233.75577716534,4164.5876374960435
4740.264979511463,7528.994387589033
6814.914675166866,438.32770247227984
1226.7658989680651,344.2686191515687
4173.344867075104,4128.601605816187
8961.908251106253,8263.062639796535
7020.110205247662,8842.988064977193
1418.8207763908379,4210.749425039654
6472.818951759003,7603.174261107223
7447.297221732243,5257.973195368893
911.9621730999628,140.58460088098857
6591.32933699539,457.95881381964
7426.786031737941,9412.638913562001
2927.5914943349135,8540.262914110606
5083.30610348568,8818.641586192021
7795.176809851654,9333.354268307537
3328.427216355392,7376.523506085878
1647.5158371679777,1838.3752203986003
3631.713842294143,4750.673983600495
9306.604535948738,9945.989891857773
3448.2035229537687,2159.277514559408
7852.269017651539,3144.526318598568
7868.2406710107525,2151.161811825463
4723.289189039402,8760.009442139892
5030.263399969249,503.09142598026546
3708.009138368241,9801.687101383359
8429.757301609352,6154.622562867638
866.5768492148118,2504.5089213748806
5430.102854201277,5132.864337986644
738.4233535242635,5875.049238601371
6070.087391229977,2290.26676033386
864.7137942134519,3961.6669278740437
3238.3510994817734,6534.8988159383825
553.2476203351499,1152.5867065663053
8394.482867297891,472.7992275504589
6532.976859091694,8673.413722443747
8584.48281889196,3264.013647297228
1712.541056732939,5477.402879681941
1627.9079068346934,5439.1483305566635
8927.714727688355,9938.608964602221
7184.886805213132,3515.3865359980186
7760.496617900117,3767.501584560864
784.125680922454,6210.686940555444
8833.36769943212,5945.631730195742
5987.377201128814,4003.5622544283824
5324.274719923397,8489.755282280054
6664.19823652311,8601.969324976248
7616.600759977402,1014.6154368439609
8829.005369028828,5175.078764359368
3793.7479100447003,6905.7973439375355
9116.624606055184,946.5130392305543
2125.9885232315532,578.0606325847871
4325.495362259033,4323.29425125421
2034.1131546319502,7639.595521741777
2103.9537814998666,8444.795116683395
3290.2482995072223,3969.836495595731
2153.916809032438,4215.592060276792
4331.346151662783,5016.074847851324
2435.3857972290716,8882.690533450264
1692.6195737240091,1086.779514775521
3113.6361533530076,68.42398397133853
2415.9885873996823,5497.878138407191
4224.214243781725,1097.2389558949435
1271.599515035028,9504.41661169906
2597.8252899730005,8182.059290139341
2229.9175561491134,65.3853170303309
3757.034440379288,6031.472474159109
4726.283623417332,4243.972532628315
4175.967455392661,7813.101775688377
7242.503824068593,9984.502852641517
1085.2292948064978,1288.609353847402
6516.89286973924,7544.90810619181
2139.8855637005177,237.57317745656482
8577.240748371401,4543.032274522189
4423.172752958629,4128.332508702556
233.98493647652896,9593.060152374499
3557.338147974032,8425.53681564803
2109.5601434796254,7604.707798301279
5903.479201432602,2575.493248686768
1976.2164943782689,6946.134878386376
7218.664587850007,5341.231221194435
7142.392626743043,5359.153273259329
8811.075012551191,9941.98653121362
2107.6562553558374,4359.136624422588
2754.2486225515017,8595.228904603324
9275.577863192195,468.327561189541
2804.6999672221373,9121.645358793845
2986.083475168587,4018.031574721428
3973.35236734756,6817.397326688744
8754.135616234094,7011.174039117429
7932.496761288159,3445.9688476627716
4465.984377205994,2652.2876872816614
5387.006139657428,2275.4144580161096
1187.6166980107184,4400.615705634055
8785.537106992353,9078.561883293227
2954.8010343140163,4712.307270509608
9106.045772463756,2311.697196175028
9270.207170716334,4322.304842526211
686.347213570715,8519.431082304813
5615.980208264151,1982.0883649736488
216.55132147744726,3275.716042146848
6872.287316082087,7052.551492854245
7728.099523052845,2392.027213473212
5805.677626490044,5052.889902680669
568.0608122955089,8339.68586876746
1139.0253360462211,6900.331851036351
3720.4280647222654,7881.044065592409
6698.0155484134775,641.2739491646935
4015.13921996523,5894.478229835751
4393.478887756891,8175.373894697656
1424.9558287556486,1470.2223334584985
2214.9372013224156,1664.1000179396792
1917.1687148556427,6218.3845343800685
7715.252782750309,8878.466405665955
5084.01705083841,9919.497261529028
6973.118473483813,6001.465061348445
2153.996019629738,3345.3345076981313
746.5512917210915,8714.013934301396
321.8158550222172,1991.2761048704108
5618.116779211066,3742.6186999454094
6631.649771393796,1282.7073551848855
2841.2305767980874,4109.003016027977
652.0241112959701,1393.5929155034755
1809.9973234769507,4675.276470987875
853.1170451580928,4140.645743203506
1602.7067092321633,2435.589705373009
4134.375711027297,9320.743811097329
9130.660811798272,2390.828599258877
2394.9729743300186,9711.492495312103
2423.5175255777417,9122.136655202878
8712.676266327218,2926.0983249047576
3632.300568642024,1437.0480699270538
6877.369506843443,9230.753928391527
2891.3923902843608,6526.3871870277035
3266.7244314150144,2797.7013586583544
7657.57799580368,3957.4919012295595
1175.7732514067698,1602.1269592373278
2163.207168557195,2333.418885297843
841.2868003028973,9195.565585570823
900.4038732579123,5045.223599861146
8994.185840516619,7279.893267029006
2213.532612491209,1339.5264020065545
1655.9388891927263,4616.267678689366
7763.097998207111,9386.03226672474
3087.9335651536812,1347.8510381512276
1430.4260591848472,667.7017995656676
3215.964977024668,8285.853943117065
4204.162079931087,8171.844722050428
1660.398848423158,2354.10123188081
8952.526070409236,2430.2963223401343
4101.985722827651,7235.426129358586
4204.239425546243,8873.769644903416
7441.60759169472,7445.000032525399
4148.181327174262,5940.08792965799
3941.2387297794194,4887.873300727594
1235.3843581658075,3499.6833131012418
5118.257875258092,3204.5869048816876
6865.725434641764,1306.1379631497728
3533.1936579553603,3625.2154994864736
9966.702185183896,4318.354316390551
7656.573075607162,8536.493129071747
226.52384050136476,5605.522156657241
2949.0659976496336,2145.059722102194
9546.707369971495,2477.8365570852434
5648.34135348702,8668.093183298752
1779.6496554826813,2878.269903851558
1146.2784450142826,5838.705544614716
9871.04162119774,7060.567309195063
9281.445159220722,5725.125136128005
4943.9460595746095,8373.740994826232
5170.042871780297,8671.89744321117
1229.7322706076286,5009.964993585511
7567.903315567376,7747.253682342855
1621.1145356485324,4282.787571547112
7059.169081095312,4128.132407850638
9790.984433802676,5992.306803579701
7128.887689989516,4119.9359803734515
9912.473116846213,5566.382790237936
2740.6026801631965,7736.973689635718
6513.662514774152,9132.43470870506
9301.455662281514,9875.803737913986
2928.2175883718974,8818.176205930835
3036.3031306116172,9311.171655528939
6324.872379417507,8827.705908834614
7491.847333363484,5296.033508619647
8207.666202624367,9134.927286189302
4933.908526289595,5632.085046254032
6047.726790839767,4539.863930239011
7628.592571693083,7477.519085766861
7337.418938685888,7780.039049683871
3262.5114234048515,3238.2185179875746
6752.252455065822,744.8083019445772
1030.5605304298472,4052.2059489219832
1683.0406155554056,2034.1542741048347
1542.7442936335433,2666.733865501355
6568.650709812005,1074.9281874821515
672.4834373421618,8809.077149007597
2322.292648308806,6916.804821701437
5134.660074202522,5407.990095137328
147.98227045700662,9138.102444740092
4612.2261079575255,2661.9124110262173
1418.32291203969,3856.339306214288
5914.909639605481,2262.415220712577
3908.83139870833,1697.0289089059042
6329.771942234953,656.2162858310184
4538.230804569918,3771.8895925460215
7073.32662022936,9493.380113720623
4887.040967276857,9112.2865250273
4416.846440289506,7610.173384482626
8532.601019669259,1184.7412725659922
9105.041970611162,6667.9627799930295
3250.2498504321743,2499.5283204604966
3085.506344602056,5425.9433567500255
2027.7031881321172,3080.7794592849027
3539.8043664398247,661.6726833237219
1553.3493952302324,910.921993747954
5115.9693906018465,725.7559695371929
3554.5264301149405,9561.325793528089
9186.279459345493,8818.47929171317
7233.9020770782445,391.0126684314663
6008.117012526506,9166.848286624932
6837.602893383069,7795.6277362600495
6670.2402808262295,1646.1080285965058
7949.085812565715,5860.745703424492
3720.130776484861,7221.822734504276
5010.1767839982185,4047.7780388140995
8878.57393696355,9045.35635504613
320.69732124575756,757.7436602582543
1836.1249735708784,2290.8320043029485
884.0281632494062,7009.900643128214
4347.834443919247,1445.8521926448432
258.14454901956776,1871.0944807707751
1377.8070640186713,6187.159132900772
788.4448830579238,7491.470695018659
7574.911458236195,7359.9565224485295
4708.392424331951,6938.480769439706
1184.5764920771562,5623.041949506168
874.6726579007092,4616.6994460662445
2199.539049914716,3527.901534829503
5355.696340620195,7937.217399771221
6044.107880702283,9824.864438622146
7293.219338685068,1915.9631416844024
4086.6362730103133,7775.533312516206
9310.395518229694,7445.758540936994
4318.539496833292,262.31482706073785
1055.9984388964438,8571.052932357677
1661.3910723865422,9189.113503676544
3023.927536114406,4292.162772563379
8904.667676197008,2188.4031719738673
2810.909277864008,478.64916239527935
8775.979638095201,4423.12567129922
9444.194221421494,1742.4634415636797
4838.687505086511,7503.213741140295
2594.7068237706562,4633.919261741357
800.8523002374624,9046.604905436561
8268.693093720793,4105.701145503651
604.4424507384372,7163.232670153759
6292.916854485461,8530.125321139023
6089.644922582427,9900.042023225269
6091.172026476123,3071.098445716901
7310.248305213727,1542.9145353967756
8069.496860296788,7477.269745361036
186.60713942448947,7746.738619677975
2840.6273292981055,7025.444799814534
5815.128998087321,4207.594412805942
266.5594651209713,3238.4292212634437
2278.919544044253,4434.31560672622
9529.792596954478,5106.8643803299765
4631.614925730054,9228.458385347716
7742.8604870496465,4810.554655953233
5198.83136972697,5420.84672119423
711.1787418524407,8716.755520180901
159.94918567238003,7503.832083146533
5142.594029108127,6214.65383535429
1564.078992950545,5282.626685002446
741.0657530283205,4101.376344126042
136.33232910555736,5380.272500546195
527.7051638489417,9595.68359051022
3979.2911507362537,7529.6082141902425
6961.634587512987,9707.425376225123
8260.578312419393,9403.593220295506
9457.085257225286,3634.5704453798476
4318.723179816114,6505.930434850395
1041.7410505433666,179.23747374934297
1732.440432245792,1413.5730692599614
5997.690268471062,1068.2517828788152
6194.380501292185,2368.64257498532
1284.1207071302085,1653.5170275024857
3059.6612131988886,6710.685784668094
1601.3242385836968,2697.1804878219095
1482.1041251138201,3423.5418338751633
6530.787057769722,5630.113460968933
863.609261176076,8734.032327614763
6160.915113715477,1772.2205144348168
4809.604918873788,2915.1175103079972
4917.73120716234,2941.562458651453
9860.404274453713,3085.026950720271
4314.215935926202,6115.0602563484
2431.6582510674557,1072.657021898833
7591.018879040288,668.2629284946495
9698.55415396266,8086.231037841708
7348.915029844741,7410.520586167634
7652.037354818342,1814.6164756726403
6794.964042637,5686.482351095063
2518.5680347069474,537.6230780674374
4634.112895336544,478.54482431092583
5703.025928572114,8938.734472905982
4312.6340115405155,553.3750768296919
8277.407758143247,7547.912416365499
6524.26090379815,2025.8467501451837
8444.902113617563,8181.789071742664
349.0994744032727,138.56580261096929
9713.031195683663,7145.8861854903425
5509.6796111281865,7278.0711291282405
6278.184019556672,3325.0599253040823
4839.854008102876,4823.165439791588
595.781790500135,207.96125058182957
5319.2490072680675,5602.663323112532
7818.803842915365,4455.145611619773
3311.2324097643063,8512.264039312327
4877.7622584818155,349.4834520860535
6623.706999599655,9007.536325813313
8131.827892845261,4105.669205962752
9647.719408212499,9185.733985167379
3021.8447400383466,2372.7869914639523
3331.0162101372352,1921.7010466399431
5547.909649729188,3515.419145201093
1217.2976003281567,3734.304588461549
289.7432862850213,4624.789532511214
5705.133719777892,2494.3705881771393
8389.229165514847,8425.299371932944
321.8644792574343,8980.92923771651
5853.301173659852,443.15732214711414
6762.144793876913,1284.826561041751
9503.989328301675,3565.1404567784816
7712.040742494201,1370.1444090398563
5673.408251778531,3224.1855785173757
3588.2511900430645,8341.308781318095
3792.560965546933,4157.496790151566
4574.9510936693405,7466.263862002533
7691.713548272179,1128.6931226168006
6491.710648852336,330.7021541701349
2371.6014490355396,7946.375343040883
6462.885952652183,2753.8608048001365
6629.04142986684,6313.646418836341
3139.6583670797263,4915.024482280309
6143.914966279298,9405.366061413117
638.1511898242676,8021.939027048168
5547.451998147871,9886.022729221351
9972.749091867028,8598.617050492892
3386.5884860666774,2772.3919568820643
2307.8406355814263,9657.325798070546
1142.053586525965,4716.312790627634
667.4621652192947,955.2433364840518
8717.272596323457,7789.107506968228
8051.609384804854,2549.6765234881723
7322.630328375208,1727.6763464496537
4797.367950070888,8006.473920798931
1833.610723965461,8510.108224540953
7790.638390802778,3925.6782752640606
4087.5366594242714,2807.6074885741255
8578.700623584258,8966.145467589025
921.809188364191,3958.728821499353
1185.8878823271434,1958.6992448143237
169.0314386369507,6157.49042497679
9463.40311882142,5345.944935589556
1199.1746001872627,4225.882975766632
7831.724084219489,3878.279890971028
7025.368995159499,4242.823925870653
9582.353037632336,1611.7311473869233
8123.326108226498,2790.11539389475
64.2383420430459,2698.192183023574
7162.691831270967,5270.706385956846
9514.955883933764,1084.0706181126836
7848.683884182192,4651.961574686105
8853.512665773385,6632.426386899657
9969.338132628218,4708.061624599551
8330.07226623224,3810.149315305158
8639.610325987964,7711.797569037927
4692.019516394478,1334.5115672188435
5487.3723918117375,2780.2344469354834
8075.074578802322,4398.263759104184
1680.8293193889733,4894.682475116668
1021.9470490589844,156.34807429398157
643.2826635782029,5349.474888580837
8554.867856287181,5816.543628136904
3806.2075105651684,5853.5649059961115
5219.263290095396,9527.481961399631
2061.1258111395437,4001.062554141236
7960.373027598971,5153.00995176927
5491.730454427307,173.10229026375688
7340.388063318977,4161.4806643985485
8005.00299219316,3516.2702714112147
3036.4036435871653,6664.091285944459
6199.740923424264,8528.881435051157
6478.519215148052,172.49409455474373
6702.4346578729455,4920.093615740313
7841.795928505812,7626.486496452097
4811.517028062793,9950.279818283429
8496.892038873046,6785.755182051286
1707.2900893490028,2871.7019713160907
766.8161391339523,5013.7971925061
1941.7650103133467,5437.161223270542
121.50725101727211,9606.37252931071
1465.0415837716046,3999.8701623183465
6230.532400678163,2350.1815790114856
3099.4957072902375,5980.9884138287425
7358.601326646948,2182.4392963738446
7765.052516616638,6636.8480204529715
3213.894810720219,6595.502240674134
1184.9239853076353,9510.648152888227
6442.620603746774,1805.9159052660345
4817.4105101454625,716.2094572725197
8869.02022512325,9539.573663780353
4843.228720812466,7383.427806153035
5432.330847142751,5405.193600141687
3771.6767240055615,6610.712632095331
3564.1644495275195,9212.934602713536
3773.83159856712,7076.968196056462
2400.0647108691564,2525.6748368873373
1530.155841977483,5336.20153811192
5306.238817644927,7448.1536039135035
6222.334646448874,8281.424041965993
3370.623789360211,2033.1634022670298
1698.6168910434108,7359.56872188034
2566.672602387685,7557.01637002963
5887.65102365427,4482.159656227291
5620.7577649088325,2070.0924616698467
1443.0578011451544,1934.6663180523137
3120.735837512012,1869.3046468682505
4663.150829696404,8879.995064518105
9542.571027304573,109.63708935316619
8106.903479475776,1077.5404376466836
6298.942905908224,9654.49680381651
104.13856823884959,9958.285089463012
1267.5703205132295,2247.251469682424
8677.681050916677,5443.945946778226
4628.939030120308,338.420808628358
1281.9798437048291,1578.1122176609263
6800.855239683888,229.15697143156666
3770.6036183407023,3167.9909077079283
1838.1129877870173,9137.425386328548
7582.363104386011,1930.52218445963
8234.995515879253,2205.5660225779075
4288.61756556521,4039.41848851498
1644.0812170931229,9608.610005043194
4356.303133956159,7561.597410333597
8012.788727454557,4629.757268483211
6972.862682695253,4304.199039679735
7066.387034625079,8551.707119052593
8.003258201707553,4978.3385245629515
2780.0384598127125,3063.4189202913685
4136.362355687099,9008.937782232722
6827.198010867532,1822.4982640761923
5931.717895613044,9287.447939811866
219.55391311324846,6602.454912903984
5725.456263272278,2311.292114381007
928.8360586805921,6965.824633065837
6918.816485396671,5554.9122284078785
1914.237813782278,4900.400695357483
2621.918813464148,1771.5343637524704
2902.809650661747,5031.821909431121
7790.217429526762,6588.025905870035
1350.7399419108024,1202.133293551476
6486.527152118518,8874.791531173263
7155.652053700023,5303.030372172944
7467.286955844133,5167.213215196736
9683.964398325721,951.2071809915478
1388.1060517413612,3145.754325068889
350.9762669835714,3953.6370313057114
5628.7363792727,9806.51919459802
8963.49157415856,8566.90033292725
5341.710337339614,9015.414477179942
4114.189562510495,4542.903530721378
5855.573689523025,6204.243141988893
808.1577368231663,434.7404899377483
6779.587887284509,281.0860358504541
7093.0916180698205,9585.337315569035
8956.099580478629,3594.0335747723507
329.63240791373363,324.2481897477478
4865.137828424432,6430.087641524366
8951.975179910296,1555.6851051552178
1601.0662038220703,9342.368202411675
3803.288680434713,2829.7149356612927
3352.6445779988735,3533.790878689035
8560.49671229891,9851.76083319497
3692.6909799333484,6422.844949738502
8539.800087136708,8026.45479867622
7557.041869543799,8459.530174597
9702.621535026026,8544.851329366613
6709.226600184654,8558.952644122186
804.4575010288513,4578.59384850303
2604.554131160277,9747.256809549383
4736.439726265521,3699.596232590633
1272.141030856343,4816.6594745462535
6302.771935205237,5546.997428323048
8052.371096152225,7962.551857474395
4150.776023592555,8245.861063406488
9593.610147896272,8025.41485670493
7342.956002304316,3949.0198562938695
4785.596216451508,905.2756629214342
4370.402931528015,1339.3547537281947
7731.15104798872,1535.4718067095653
5067.476208284658,4055.906243511109
4290.253173189059,3609.0978031036957
5729.797454143633,7412.5879351405965
8011.5476910521475,5511.178061888563
1726.9909996963595,9946.789220297222
7944.99943184853,7399.356447489933
6602.036611276705,2177.051892208337
7824.717756991951,3749.3477746328153
6086.573129407831,5437.978955328214
7248.913727399939,1122.7602275279792
4993.63056040237,603.1874355202193
6009.674017242734,5585.854476196731
9038.222471769577,7208.233425453325
1897.2762060167347,7757.565271460693
8753.913610275891,9672.975764043797
4893.0580723302155,4309.662968006866
2215.674119722646,9408.42417966682
8798.31894757856,2652.924112366343
886.7250877901622,9140.600378258297
9486.869236504801,9046.56652981233
8128.515707627856,6787.4676485854425
8629.23504429507,6048.665412205325
5156.76329666843,5409.740176706808
9477.019448075851,7176.981117793647
3105.5227313338996,9999.02360336583
5332.394614531164,8647.250967406439
7984.751284282264,362.57445782657106
4287.921117795159,6352.902181477646
7224.441758047361,7472.882039121661
9866.312427162853,8259.006919691807
4236.211924780021,2355.2467460663706
9230.255405911172,6060.714061758702
2275.525445381216,7893.257367171554
4986.865783419322,8979.034149946143
6131.907326431539,1192.874089209105
4244.258874964664,3858.534729848362
2154.5685163384064,7170.702052350406
8660.703883716586,6593.750369006365
900.1763422359232,8133.3760438077725
8890.02453392167,6162.030900586238
1552.050093872237,9288.017739072118
8513.131070976022,3730.7715424186704
4764.353871501047,4612.798537248972
1374.9602210213918,8575.774409454447
7242.921241565865,7522.300895017511
6541.346574648445,8056.847825986441
3398.0148239749674,6725.859964426092
3448.7291512118554,2718.7887239679676
5629.9410241956675,745.7777762554496
6449.638787285903,361.6018691527689
4865.454386639039,1944.9061182980022
1721.708404183131,4805.223814357468
1963.9521443283882,1597.6830261362406
5650.216961396423,2533.7405563992743
6703.839872234645,4955.602337504102
5521.085958798547,6637.670246817645
5915.101803021737,6823.505175308603
3332.217624564904,1061.8796655088825
5456.88046388854,2089.6014641036254
8067.442965745909,4325.124966886258
7414.61622002468,6216.151012495386
6567.669238564028,3170.6886444970182
3692.173491782682,3102.7119429638515
2854.9500574660924,7659.442145061501
7043.968469752141,9035.267658164157
9140.342294478494,8524.461852133547
833.4330460412831,5074.06042065926
9806.32044461758,141.54977645831957
493.8144211081652,5319.449652027477
9076.474877349248,7535.401556470437
9589.818544837068,7896.558080721018
4037.694894472651,6893.091366196974
5839.501022852834,3490.8291959325156
9091.886526523558,6405.328684392149
692.4274460202473,7789.159434205341
1866.2814453448161,440.73847088488714
4119.651007833805,9066.890821071516
3598.279422845334,6248.289008116663
5033.672436110769,6039.737998330918
9709.733408327385,3855.354482301755
6361.700632708083,8895.531348343762
1872.5056620771707,9760.17609829978
4536.7897172922,9096.856879420764
9891.549336239677,1165.1517048920157
7276.445817718854,1018.6049169823485
5151.026092342086,1076.7619093760793
1025.3434637641801,6566.880323467846
2052.3050949538847,4922.904398435565
3612.6096432506683,472.5413853499027
7572.0874810853165,3546.4810474285855
3711.506270898759,2363.2456086466814
7825.838074448323,1865.33388568637
2271.1857339206863,4635.855574898291
6978.149402683377,8279.608297627712
63.54732222882742,5070.731767870994
1605.8860914908878,5400.619910130865
1174.0357039156024,1100.363037892612
4317.809720077413,2713.2698358136363
9980.762800214761,5859.442504895757
4791.601578018188,4886.8556309534215
281.05900593537234,478.51644670802716
4166.6984919929655,810.1901090369635
3985.8345071310873,9868.941382584731
6567.853639399871,7865.934650025471
9269.08793354585,2364.9145148600214
9287.117025125885,4691.748150689125
7008.041515609662,1893.1429187123783
2553.2025063856013,1925.044938387247
8152.244609891391,1995.9492569455629
3708.3680324781644,1664.759597830351
4048.1225069582506,9509.603481893624
6839.828577646197,4615.9753962742525
2597.8087244840576,9437.27894128494
1627.3218874393358,8287.094793707129
5213.049697661837,5811.613578650905
5105.064421332527,2188.7729397889498
7533.942551746898,9336.182905687478
1605.969127153546,965.5831722625463
1257.0732665971873,2843.060864864263
4493.910995632338,9384.456328820677
3646.865343633029,1822.5222048452838
6410.532519742285,4524.61557408006
9831.831768847396,6304.259577888331
9884.235218627495,3513.4178107028893
9142.99618148375,3689.191717334177
9262.72487238835,430.7134421778469
3926.045657095125,7161.160065062698
9310.171184158708,7472.211584429626
8295.703906291334,5905.221520976674
6398.052169504172,8412.168145817168
6309.6352967315115,3809.3802780340425
5932.879762007893,3772.754393202232
1057.0045598744648,9847.29846545713
245.0304246453583,3573.631128191664
4010.1907544489413,4280.920825243512
2953.1469984876812,8177.29264529822
4895.275116174921,6697.7777349343805
2015.3355165371102,8301.991362077155
8728.14747551283,693.8916756498193
6798.437517824466,9971.491715942837
6489.8990183776305,5271.669079164033
6624.833840975981,2214.6919657630915
3057.43912826584,1191.8786420087158
1860.7573100526765,814.3088637087703
8489.251669139261,5375.78797910186
8148.391531212931,5786.505510706526
4455.999336459977,8030.411688853789
9920.703740788556,3690.523835695921
6353.128391747585,3610.2944063949562
7776.991164518055,6796.9667127059865
8212.466628824306,2711.3127456461616
1753.035192791419,8287.959128715756
2157.4546994689535,7572.968634132372
6892.71679546843,6210.427917852632
880.4300850901403,3220.630102238182
6632.080090644785,9566.638064864737
3043.8637576121087,3031.9998980614437
8034.636290411775,9726.070748527296
353.51928255997757,6428.842173739035
9348.548101825927,6925.777975809403
8685.638493424238,2479.4931030201406
309.1311233925786,8445.904324682317
5628.586163186149,6804.1044112095
983.2715420736005,3007.8293641523846
7342.583846889404,1107.4168852445564
2832.222509208984,6730.00661608904
4882.765820238167,6137.550741347206
372.9903208688101,5046.091524407582
1495.8725007422913,881.2926667345433
4224.284825335428,2558.812965999965
2133.8350094395273,3137.2153067203812
8012.335840970482,4695.827587617138
7556.791335789338,293.7688786147186
3458.7103615884616,5002.648690431382
9335.684155516574,3249.2323152304302
9740.727231891524,3466.4289481404808
3538.766793946009,642.5142339810153
1982.6012452466423,1794.2264417102472
6693.45333156856,1140.6264161917923
3879.147304075513,5873.730391700712
901.1103938729736,3449.495534713041
5366.220625976131,8120.315086332728
3719.6608193323577,4837.226378732672
4776.932145048887,4108.855633125463
361.8414087442401,1310.9269586127048
2539.126705982455,3827.98583593048
1115.0514907084585,2776.044726490314
3474.3046314851476,8784.697430969338
6675.942636195664,8871.331362320472
2481.1044693139784,518.3169405303245
7517.9398078861095,5390.816137024346
1458.39213772189,6009.589144110545
3968.919967964022,9759.827786522503
6701.765132835723,3055.422275921532
8563.159947369382,2583.0426489289625
5342.2788772142885,3940.1178953965887
3927.554743333698,8451.355119486358
6686.5064480714345,7957.367470994381
6199.003517848521,610.2246146978518
2846.5673581364226,6939.991059900428
3840.0274618497488,1022.7052607994069
3591.572994197523,4404.399220411882
2363.638810452611,3602.3198600801866
1483.2241234361177,1251.8181861426203
5052.775302444063,8847.625169192626
2039.19166774283,9050.31790853118
443.66825335190316,2720.9468772627656
5686.3251184321025,2801.580967141457
5599.426733177367,819.1357033929014
3786.3055495246313,3425.8697643223854
9248.484101985525,3538.9034888155957
4921.992411666052,9654.832247689455
9073.573921736695,6818.570790658168
5435.914510303988,5090.6708321469405
803.0084770043644,1523.4160941956497
1607.545958293377,4104.25910077873
272.0947698719189,598.7194670135432
5443.240112749319,968.7871456294683
6901.922269489333,5572.964597025588
2247.0480383172576,6958.5000707035
1394.602664629878,7280.021316523489
9091.182401288828,9513.428861841421
9171.874168847302,3033.5067874906886
3395.1928489734364,8236.43363224114
2766.6990214433727,2803.7229227093385
1124.7958999008067,3439.5750013695138
3719.672824525989,468.71286819936245
9701.599956245873,3357.883541326013
2644.9193320712925,4521.27054004543
6045.662822939719,627.4546292070404
5209.861608135889,4002.831360657444
7253.006646585849,3017.202079391369
580.7750546985935,7934.687935619504
1992.124866079069,5767.519187380179
2691.7062074593646,2238.614526358572
7708.611452570181,2717.22863836474
4180.489671097131,8825.585778883427
9368.141973389724,5914.7156242121355
1742.8703999297868,8851.847914137372
9449.290644129595,6213.091118407
5990.486927085232,1973.3094879404089
947.4260045417193,8338.07123184852
3471.9308580983798,8254.911899455908
7980.522110287596,6948.3776763010555
6750.073477270313,7236.536297776654
8703.708126799404,597.8410264686362
9014.09019411582,9887.43343753752
4822.93414039063,4610.673620160605
2415.283630478764,8933.998356444004
7698.046622562584,2980.6269857868383
7011.1134962027645,687.1239747023617
3364.0149285597977,1138.281840978822
9987.884260803261,9830.079665339677
8874.864670462335,8025.861998191052
5440.113245734861,3582.7724066729993
9124.286763551261,4473.131974947456
4542.2552487016665,4031.9713410971426
2092.331734309478,3489.009939489045
7355.945563855329,9405.123853687266
8474.10947690807,1534.0287859958157
788.1918264368926,5259.034091825923
6365.124945789742,3622.5024078978386
4049.2967675147083,7311.506839171345
3872.6368990579076,2815.5926728031777
1413.5563846880762,6711.736512706153
6871.697646914647,3687.582233615644
7025.756158048015,5044.662723008293
4729.968574572976,8933.89399966821
8326.500753755694,9710.21867121725
9579.594549603007,9532.446627509817
919.0028592393129,3695.6194497840897
8981.328871690766,6023.7475680745065
966.290342146462,8064.790932435962
7604.671262221098,8929.137853475739
2195.1684552488205,2264.256099116546
3317.386554684103,6376.051099876578
9141.24849207824,2019.606650979372
4435.451577305191,7349.720858373559
2149.162068140601,7297.047683517178
2743.721351882904,1677.8416737266732
3310.9640690953547,5931.137425304237
6659.113799391647,2170.3776262957454
2100.5544509620267,1043.3859009171865
8842.234296902987,2775.210050564435
3238.8595553242008,4195.389787204154
4462.280920822045,8187.027388813453
3407.820343758573,1407.4098784823286
4670.473244854074,7695.608202619136
3316.9101898233334,3056.556820110716
5831.617656556162,4257.9851554215475
7337.611012933148,4681.436978693337
2728.717738443921,5419.504808530575
3598.105174399956,660.4130881214865
4765.31552758551,7727.5751768847185
7499.48101868753,7530.792134202818
598.260680089534,5455.63916073274
4332.254392319475,4073.747535426094
3479.332000078478,7354.402400279741
6172.328712470368,1168.2481646899546
7401.496191927787,3280.013875241795
5132.760184975803,1398.143633428841
4092.781086202095,3096.963342892739
1187.6635343677533,9203.632499045008
992.8074837426992,5150.681414681845
1513.1027530922902,8398.590088361907
7766.242121098161,9732.235643385098
687.1338671962158,9357.314896766922
558.1952768701237,3293.332815323766
5239.098706383083,8506.233808938036
244.05783049410655,7796.427812467351
9271.400946362231,965.0088770552867
4648.771370451727,7406.997348548066
4106.956238766017,8264.30454622537
8220.481407252704,7567.617472067527
7960.949992439044,9681.7716099224
7649.634253627888,9866.867823816008
7447.5671867506035,5133.28934641059
6215.101164011609,5557.459435543272
7715.389786939859,1095.2041028713866
7949.368542961802,868.3472782037082
6642.6627499569195,647.1416685811527
2188.476270789016,6866.145929397714
452.02688476949527,6455.44927103062
4654.939043074805,4958.596803943002
3188.9074354654413,3029.3705567642915
6062.297774147935,7823.549302226086
3882.57338848954,9569.151675709993
2493.2171917807623,2652.5204596017647
2236.213379064882,4112.0805443969
9984.777853093921,8005.006084998878
9891.15157182235,750.9347537626265
8662.194003743234,9503.046523836714
8183.297062811786,8145.787949952451
3117.1340887429765,1462.504201669781
3032.7139841262774,985.3670079347654
3573.360539599334,1793.34142541001
5337.913795468471,3293.10914492691
9570.669085799527,8109.573718333796
8240.367602069202,9078.30119691452
5371.522521810993,6907.083739430639
6066.874408696152,5381.844342738135
9710.162533621362,1214.5283430046504
2746.261773885579,5254.226231052494
1366.898584432178,9991.480224780873
1489.5084194473118,5092.395388014634
2499.613737155433,2619.0500259170635
8153.894408901958,9246.0793570786
8823.714456261974,9617.542399782022
5073.371090918212,2719.935853749865
5747.924850576216,499.82730689081546
8534.87081952372,4830.808608963482
2388.4291781703537,5324.526522934655
3665.3861793622823,8171.625104889231
1456.8303054259036,5279.988653223293
3786.0712979675513,7134.353935889749
7855.61917708116,8820.904779841616
3188.4974509286403,2575.8060899743828
2712.307408868848,1390.2918378341656
8763.812596598898,4693.160560129489
1699.361264372612,3175.270484381345
424.3356428706013,7161.303112759656
8949.240887292322,9233.716599373714
2558.592204179915,4102.475016100348
3634.9964094250486,5135.452763724105
2405.33049338139,4556.587989065808
4169.663901604118,1899.566499185138
3961.268675682349,9993.256194941116
645.2413697939918,8059.261456201267
2348.761340526794,9244.029886318262
8448.484868986287,2946.2243733507553
9591.572799725764,6471.420666879399
596.9763522488736,3271.252819324897
4935.241531331056,8676.179626777583
1832.341985574658,1612.9408801271315
2854.290208188254,9693.832246913484
795.9156355508878,6833.994582603394
8206.004629750916,5234.756367473282
8145.735104283694,1619.3852545571442
7152.52144221765,6291.666174509442
2166.8637256143043,4632.602518578575
1549.4072559360873,8736.132879272804
59.38134884720725,2278.3886550513134
5140.552617908051,2480.44269315102
702.5177491443113,7655.419667868848
3717.305733996138,5893.5496872041
9103.130676557501,9098.180657725825
421.2261730343769,7188.97752356017
8837.58221025315,4494.401980989845
3688.358929175504,6149.095051176097
3129.6233171207755,6795.559322847957
5522.627129818513,7601.084045413394
270.77352488350414,1150.7943138264
8527.47999684831,5824.6743939036
4978.1509034917035,8031.405164862735
5315.222600047002,4644.8439272416235
4798.22849458432,1027.5404287545819
6730.48287713617,65.75066136862317
7066.531713897032,4335.829716275595
2379.64265118612,6869.92610218798
1058.958552071475,739.8023121739394
5745.790772579482,8921.204495987493
2887.6255793805894,1823.8999277625833
202.73739307541172,3992.5085933757887
6891.076321814442,2069.740099905679
8716.22306300925,1324.1342739040297
8079.407707187517,5961.865203038516
6581.197862063016,5835.1325355049175
1406.3967257418208,7520.064853430583
219.69286217078056,398.9649983000021
6908.889705948594,5984.574636963073
8999.966711978237,1089.2331538559718
9484.211660861303,4738.910850889155
9066.870137594125,8352.797003496771
9017.059696595466,210.6911647845433
3171.6816842325193,4759.354720080568
2953.4406695093608,7147.919676981628
6630.255932242179,7193.358444405884
5778.220223868753,8101.8294674581
8446.12157669245,8349.735100315944
1492.8923613793354,9989.353101006864
3983.01145559959,8184.439020527187
6429.236535010722,2451.977819823592
484.4455307956208,4231.514495987868
1360.0230401723545,1018.9193482157044
6153.38026399632,264.0617385356403
4836.150867364366,9904.93815694269
2051.3619535255334,4321.8925420974
2374.931820860652,41.82696436430766
9678.259613934575,8099.129591425707
1353.3139711970775,1037.3872174992782
9652.576493914805,6481.363493845896
7878.255531257781,4102.244907918495
9807.506104899072,1972.8271823455468
2250.1458377489034,4509.397437683287
6629.349633051762,3008.715456584278
3603.7890317884358,2498.634059199487
8809.262784788452,5935.569261175223
4892.754907167731,8045.276156834234
6970.364551670543,7797.076834936259
5395.602673892761,3745.416785885002
3713.4588926874544,4894.642042293963
2000.864439643104,3795.495559534062
4894.028544892315,9733.803864802061
2143.968173702132,5514.604877673677
866.1785558807488,3405.359171375937
6307.102008554089,5608.967412267088
1931.6802477880656,2239.170911357358
3392.534694167262,1795.7284848126499
8699.920953748502,9360.727709653844
2257.6061177572506,7041.016408102922
2554.064336840667,2694.5079840656203
4165.846460445867,8737.226966022254
576.7703243571998,9170.141588970624
7605.106373340108,1846.254551445865
2693.148717628743,149.92284781909393
8324.876179980685,1345.0770910593346
1287.2950084310896,6049.841220886711
3832.788424374589,9943.372856667336
3857.729694420947,2226.940694217643
5204.939702701302,6595.294720746818
5922.609373678775,6654.983375872471
5943.786135007547,6912.1983680973
8090.716220246044,8155.561065855114
3237.7399830190325,4348.461020881075
677.2489845529817,939.3784038395659
3984.960043512851,1426.8536010435273
8006.384811206156,241.1211631124621
4513.239734867963,851.9997224028908
7180.230637403763,2440.3530204208423
3713.5176056465857,1281.990452260967
2324.3002971309966,7695.7683776851545
5153.372492803491,6461.955583587103
5298.606558075165,570.9760493712046
4734.274101819172,2058.0217725540606
3375.953471062151,3689.6814657514756
7744.928878747069,3458.449285421711
9090.131516927437,8239.461456217472
2191.8312235102076,9470.833144368413
8089.025672412445,6183.479342245381
3413.294725255459,5390.127431088627
9980.2166729121,9511.77714312061
3421.69280150196,3058.5321163139256
1590.668879727396,3245.734209055242
7831.005506936342,3026.4018369416513
9855.537676413334,284.4956357414297
5303.867819657338,1495.3333325588803
9210.976782123624,363.47010481066366
2095.660728523002,3432.544521531379
861.790581729257,4961.222036555114
209.92411937012955,6590.020980356454
9334.845996813463,1436.4688659845815
8917.797613635828,3238.72160235155
1368.0880469084789,8987.628978019082
3709.2305394044465,8093.775212387334
8414.251876838805,9045.364701410363
4820.236316776188,3757.7169396349273
4071.6789535047583,4022.220091622062
6027.870182790965,9432.289317406863
6313.6250431186445,270.09086440755834
9436.639839561112,4248.906126866582
3108.030400323117,8430.214109223307
6179.939311309715,9069.084597565368
4365.593944384674,1514.4051538491253
3373.1363151923165,9792.473006474633
4924.636728094256,1355.1040878891852
3790.04772093513,2319.463275703593
3446.8973971382643,6820.4320809755145
2904.364209524556,161.70177244738238
5838.242285993864,7891.9976490375375
1683.2573368656856,1455.8885109346165
5058.372234601705,8132.082034789687
7558.590087248524,8562.887067120653
1518.3127296218336,134.6057257655442
6287.464126138995,6395.467865095048
2310.499448659239,2982.962714088719
7709.497564692992,5952.046069469569
430.29046147769924,5486.304126652456
7914.9109621132475,1980.0887721353056
5132.8205749198105,1932.1257456144824
3139.666862681876,4736.869841633713
8403.189849842529,4460.6609672033
221.42620159977034,5315.7811482448315
1684.7991035909927,9996.372228887163
5687.6683184265885,654.3259759261333
5707.407226164532,3031.362776710004
7369.914731758304,2594.6417104211496
7284.553656571322,1493.8268772041308
2935.0591754936318,8757.415549356816
1099.836421446272,9120.740123716618
1598.3206518683858,916.945692219775
1941.1648952294868,6910.743285915451
8567.604999167408,1375.3063573126713
8598.530935944778,8290.687221379969
1625.7780115335706,9706.832096238142
6150.088826008981,5410.3155159744565
7384.324822312887,9011.761385387521
7026.919569104849,4143.135722597652
5904.315156194003,3096.0069644333053
3171.6085771353155,4150.993278034206
153.13327640256503,7606.655030238194
7673.176748061985,4869.892321910395
7839.177644191389,5399.381170311047
857.7242440516708,8917.8611109438
4399.217420864897,4214.405598005794
9616.971521303634,4736.099989488794
7178.445958365637,5615.96286246996
2929.8541249724976,5598.855589584876
3772.6867812184796,8105.099366764335
7056.5059248669295,7740.880725846243
6411.253900834454,5396.995586575144
5514.826595777917,2147.4995149091
892.9143345677237,1444.6926574843844
2032.8104082857367,7847.862756045148
1022.9417480421588,9858.173369836255
5014.6787180019655,3068.1898526030373
6051.90682941802,4867.1116519240595
1520.8533916418753,2966.2668168340856
8713.137096416362,2001.7442337419
9562.596972297224,8865.770145758686
949.7708291971319,4079.8853366719545
880.2374143809643,5441.195879666511
7744.345838251306,3842.5636501121485
5448.249068662308,3069.5233488057593
5964.111282803336,735.2064308243888
2015.1539988963152,1918.1297433535772
4419.598072132331,2361.429442173203
1499.1607482576264,9098.686055701903
3773.472306967074,5585.304741710641
5322.917006721469,1660.7961602126254
4688.399826153384,2362.0222834963124
4342.3619213609045,5865.853522714932
6386.914262437663,3769.3607359797143
5258.453781869202,183.83113023755837
4296.738909197615,7116.727627132717
2007.556383327761,3975.6741139877918
5909.643649837238,4394.184263692029
5832.423904965855,5966.1929460480815
6318.38135060251,5419.7457900175905
8119.493550776863,9976.72695082859
4156.404472850392,3312.9314241921193
6510.622960438383,3212.0479178540827
1170.9250552375338,2248.950865193148
3616.9450688521233,9565.90991982976
7512.860038604158,4311.650222279399
8473.521975375537,4448.450565199658
9183.699751039578,3801.3338786186778
5200.569450140591,6634.240810347618
3492.6689797058875,1512.9870995826711
8409.00019826454,581.9308526443446
4694.081790982547,2164.1222903133785
7030.483900689793,7439.991376109339
5673.050908136099,8631.31705317639
9290.496323923677,2906.897054906833
9670.7228866563,9209.68674810496
8891.870424196419,1334.1982534545073
290.84454242900847,5218.505638675388
2154.8282896034966,9356.81788505156
9146.35836622682,5844.516432918521
6096.31211557195,4736.443182475287
7622.588557606984,7465.02217499989
3603.0181263023865,5463.370173362397
5602.604474250023,6461.7464867354465
3683.7283941415535,76.58997074011853
9861.07204259389,7149.711040661428
6210.907864287593,9503.966133341877
917.0807744980824,2899.2792707507497
4889.88248441832,1673.4065173361923
3946.9869844301365,5203.438527322024
412.717748368836,8574.186594651466
2992.1484454799597,7573.400457847523
6028.1104339710455,6999.914369445795
4824.241954144982,7701.55762930613
3012.770558179343,9916.828552093019
1535.015523827371,8615.075819847465
6155.507099007042,3053.513504667692
6092.074309268186,3996.682242340044
5711.700267976436,2597.9380338173796
9198.518591472332,2146.887409071342
3914.4837314587044,4140.513901554009
695.178926888258,7779.587381432174
2009.3058983874234,6998.8449064781225
7112.185015831888,9418.660091857852
946.8650559349035,8384.257617177223
199.9311856213737,760.7341330617722
3063.2313370157062,1204.0281371858873
8472.920684097859,9775.527579223557
1969.1309962671721,6153.699539806443
4212.720316890638,2624.659257766324
9316.582531377373,2806.7795693290254
6320.038460883561,6372.27228507966
1688.7629987070595,7872.650418286602
9578.17559857986,6279.487140862263
3850.599832088278,6722.22126461237
5780.7715043409935,8026.700757613891
5659.287888224095,535.7506892511921
3016.1247390558974,3265.268454455469
1929.2557881769546,8911.34446532691
4543.641033877549,2458.89118783571
9770.985356327705,2166.3316384980426
1047.168595228224,4459.74170083396
4390.403768485505,5205.899008299915
241.99732526521524,3929.8763490280808
3304.548539098628,7066.21766611205
2454.0161674025017,3322.195647706241
1529.264901796955,2344.4213264473433
84.40413392240553,1954.0242525212093
423.4168981251185,3870.701469011062
1957.4440084749701,7553.351938118505
2912.0720930227294,9767.770807377183
4162.0089282633835,408.0469152726829
1791.6663047916581,2495.473729680432
8164.9525131861665,1197.7175588410328
1112.346154067918,4527.080153104096
410.8170378214038,1340.177198068322
8030.303254167087,3449.0305112967303
2117.9519939910397,5934.8285302501135
3817.8448465508764,8960.391115520843
5628.009986030992,364.0511984541595
7454.757363275486,6859.064186031267
8142.385205368757,4903.06681349677
7686.8960030694825,9826.792565714326
1194.9512385402084,2641.2369556719095
4552.0307200120105,9948.913575828023
2108.5711158063846,6640.305139356261
2442.516560508179,302.9339884615523
335.11025598546576,4758.927909868932
3844.3078647483067,9107.033509659506
9224.46725583035,8245.726457149187
761.9519004881514,7656.640389690829
1361.964120093494,8804.026687163296
9664.184408274452,5958.653324989315
8176.060167379138,2380.3928621066784
6068.368585860178,166.12910626799925
535.467015582608,5102.283393167298
8952.247642784325,3241.6581106979347
799.8023669301813,8642.442761270982
7389.762100223037,2081.4021046931653
6502.723191745732,9077.119528334026
5878.639954916509,4187.170164428263
7331.48420148,7745.02192936632
7508.316618880925,1306.6618098319482
7737.026335940304,9135.003954172395
4416.533189235595,6812.052008441595
9691.934110918699,5736.758351672808
4419.209696784095,1526.2329078824177
351.2574526180656,2208.262654994495
6303.152185765244,6096.420685848864
197.61316869034374,611.5911319067801
1073.2669836839505,9921.971160235256
2149.204808488233,5166.28492985395
3363.254256889955,8149.426868938914
2256.6220856157347,1572.3021905119772
13.534797608677485,1702.8611157806529
3594.883549086145,2021.9426599430512
3542.1690218486724,6110.292486557692
9402.683620609907,7446.018627282727
8430.584073272006,689.5555875755998
1494.0984088133769,3075.3734476919813
1685.017258129885,7798.510373977776
9223.748864730274,596.0170127107933
2243.7167572278504,1811.5001519499774
409.5647303691019,3189.6532558919666
8284.646016253504,6938.765726999239
6273.132585356007,3143.5999032990826
9525.525216304677,6963.463097467465
1487.2803309952808,8361.563471992398
939.4111892633306,3056.257796921914
6259.306072127048,7568.564685515344
9490.757607126208,9573.506165543788
6353.812230118236,4900.989439259631
7393.668940277349,6651.283911585751
4535.309175497212,6901.277423226008
7729.93716090361,7736.313441249852
8133.918576709653,2826.296827945578
9349.853812525535,6411.557436855086
3774.079827258938,2077.544204084036
94.66198259084679,8277.489414098782
5471.997683380213,6777.282594956187
5576.884972351518,350.06509045546585
3258.476243811884,6153.007096615127
9840.736114412735,2719.8472965548935
6211.249880718112,7900.078335010778
9670.029212874479,2416.919067160359
8059.907084906483,7817.638867162614
6956.820575264685,3256.137319742409
6168.570196522999,3899.8160494785916
6005.27645623093,9408.000816591064
5740.2212726890375,6968.838786802162
3958.885258723407,8321.572478340413
6029.138219785955,8659.411488167712
7954.392925681034,1437.447135327733
7716.066510041566,2468.5558480284953
3631.6642739844974,1078.3458002440016
5686.695426219108,1430.4922096603834
4577.733955958481,306.81198010583665
2098.7051536819536,1786.2336303517877
9379.71537152799,3494.1610243601485
2557.4804033006403,5684.365520802549
2602.262520604972,5338.423701632669
5313.230653979991,9066.994873107176
6780.089089150072,6802.571786691178
7294.636493302055,655.8095119893137
516.0198207077882,7398.77930801349
1902.8734422810467,3449.396258521742
2762.1186954197265,960.8469594101621
7482.158945722388,7687.637386286383
4123.348858706178,1582.6012148956847
2893.925174759678,5017.596675131955
5371.407096718456,9852.699280450815
8748.269926676978,3005.7949076952405
1992.1987284223685,8270.594815804536
4608.432216317629,3234.6441514811177
2526.210240910852,7963.735938130569
5987.923584508373,4089.7567929605916
4068.769960546648,7007.002796316705
6390.588942745634,4389.624212556227
8957.804954110372,1551.2535342519263
6345.159694440002,5986.628152764686
9552.164919816676,7513.765137975457
9811.895929244782,6974.012896867128
9647.203590446688,3834.942581947396
9606.41831155236,1133.0402527061879
2705.5010425141645,9719.731226514952
8772.964657079578,3872.93890463974
8245.161854444907,4941.252021342716
600.692919474839,7873.233415929287
297.57753393117923,183.86575827816665
609.4815974272306,1292.9763667104387
7094.5902413459535,1858.8678804802628
1721.2469388263219,6300.751326158468
763.4936808322634,3401.3912218739074
3742.869135919914,7710.0747899406015
2735.003890452944,6804.341862142176
9717.390245705988,556.2805919920299
980.5789095021888,225.69364103668943
3482.6172037633764,89.9309704804363
9771.695446941703,8187.1611819719055
136.70252808257177,8449.527750488187
3825.1262182753776,4334.450609332588
7144.173660240723,2040.6729772390486
3342.304226757106,6327.159478119759
8766.63837172048,3151.395562611332
928.8566279618493,295.8975760247973
4276.670848212071,9134.046441539364
7014.700109389685,7595.414289399415
4401.618942703584,961.4948339417328
4139.255063779405,7937.143583509994
9617.007869247234,4094.0821205553634
9512.686116892968,4433.903543097738
6632.428541001156,7037.514929514871
5932.372585002683,4996.940580023266
9501.989315363404,6660.650138361026
5301.388609497508,4824.006870115881
7117.505436445376,8187.289486312407
3879.568301246774,2133.6883929870887
7994.819500069003,6110.042097552765
691.2882953162969,1116.927589215172
12.067841473978325,8971.58244234216
3502.694077301417,7218.160049742013
5783.870061254573,4801.2435139509835
9707.171985429217,3518.438910260736
1922.676510631457,1796.6311261566748
3954.5865893151154,6497.7664570483785
2722.0943103585837,2642.558228627282
422.4399962548131,6126.214172679115
2830.287889868307,308.62202268733483
4168.2796453965675,1497.0835964080832
9009.298862445663,7963.002938594469
4444.620396448373,3372.4797138199515
9251.918272918103,2493.371021812655
1937.8139595422406,8606.778827255814
6566.2082774524515,9042.953227379836
3788.6387652093877,3431.4826018826507
1688.7148185881883,5414.983969018234
6125.87304716614,5257.1720256604
1802.7695673580636,7987.608775849852
8636.120902729586,7197.260939638221
6035.900069015952,2763.9147436076005
2418.912010101483,4671.727723706643
3134.4439842398897,3217.1029631283086
3728.7602998870216,4102.689088116207
217.18423162703115,4803.74528216011
3261.3065998269385,9935.344466310824
163.59682545014965,6787.7763369086215
4761.707090154208,7244.473375379461
5391.5041405478105,2290.469910319344
5426.924541923948,1124.855354268257
3883.6424529796254,4032.5477527937505
9123.83580927191,3319.972920220021
4239.245124079045,5849.254173527748
9813.188785497658,8809.29431536449
1028.655487659894,1200.7215194239907
4541.857728712588,2220.5379952371673
128.5846968322113,1476.515038240206
8979.47317920979,4915.057178996924
7428.323502072496,1975.5012727215837
4890.819377345815,7196.698033210015
7357.3945450626525,1591.4784656755376
4921.5938210148115,498.6485453739653
4991.401395773213,5851.63444636528
9299.462315319657,8019.835591991758
6522.121932771275,1247.3573316312682
3172.934632975437,9987.803026818632
60.53730924191703,9938.379594676004
4902.368415447769,8654.97147127124
9330.512840360509,3863.793938263487
5569.412977899576,4138.774994960525
92.70133310718465,6849.807721648078
6008.284824832351,9738.476743637724
3524.9780705115318,4167.760131169669
2184.035454720549,5620.221298626302
4402.631181530923,5273.239504191002
8106.614538341969,2257.6252815566986
7225.229692453545,3142.0891642065317
4680.963516091502,5101.49020599047
2812.0226233572034,9859.935969080594
122.00305220264273,7225.119850605883
4197.217781256758,6519.674682821142
1119.649020807123,8354.5825844091
1960.3001017587185,9347.75854466659
3145.9366353248906,383.31558693741164
3266.1194561032758,9584.881746067196
470.5494503005991,3653.9538531957173
8016.656024013679,9660.718226736166
1878.9977687919968,1706.7408446197262
3337.97326716064,4050.8752413977945
8128.6701884738,9693.313820531133
5741.964376526149,2813.0488596622204
925.6765374268616,4952.818337970943
7332.954326400005,4367.078164520735
4797.254036991645,1744.2601820771742
8299.551748668182,4281.734461952646
8775.893697451273,7977.438889539042
3255.299765177555,7596.879703379157
3309.027412216695,9702.235187624814
60.9931859433599,2937.6593349375335
3853.178556969261,2365.97638517817
3553.9436111062673,9946.323996194176
9966.544793900403,7573.888638479851
5164.715988453365,9598.833602338242
7494.3526563777295,2426.544615942222
1547.5733620059473,325.4370481427049
5066.135972338945,8696.35383371071
2040.964576815829,1978.4347304810535
4075.397411902406,9310.48118536921
5121.06989976213,4165.1202769403235
3598.2740921986247,6207.523246077749
5707.349441949945,867.3801926147306
2010.4554829406652,5611.1537924063105
5876.792384005915,2149.9100807833383
9260.486706858846,5052.985502393621
9299.244204125778,4003.0259665994217
7714.225027801221,8492.325322682558
6958.013512399328,1589.1751760284
9650.026186175553,4210.143202771977
7863.897810095019,2362.27359586907
8153.781421506002,8717.945617935848
7741.808033313823,6392.323816552589
6968.55397857947,7122.125820714592
9656.823705868506,8535.766274485482
7014.472041028737,6761.057107753556
967.1742000794392,1858.00922645728
5911.518298012387,3797.502774475419
8270.448358960293,1486.1555646850354
