x,y
1907.5264266504366,8892.5689778335
6609.45160740756,8896.67928000609
2003.0875552698324,2746.269108720353
3178.723289884682,7941.524743368609
1427.644990314486,2266.815506507398
7729.937439058874,8079.583392372093
9139.995204779163,1262.8353607733734
299.2880225111305,7581.550151907976
8135.080348312418,5556.837513638352
2417.5538311379773,1176.1960498543456
4869.692094347693,6157.533889997378
7482.191796815087,1924.0855078857667
5068.543220343805,1941.197372157526
2312.498989031918,4473.478525248757
9061.65700920017,9642.825068273936
5935.826429242279,8922.30906848845
9312.555832051334,8264.820795235617
8466.413379362253,8511.381721111477
8765.876425546025,4972.887136160206
3617.127349906398,3747.2232936584637
9873.15130569836,8839.870602118997
8523.94463692882,808.7186751463815
3376.0699151920758,9960.94882375103
8964.153574547507,5529.754898060267
7552.928303212914,5404.611885333881
7251.370257538344,2919.4695290363024
62.25830459886561,1703.6058782592013
225.6791768352151,6802.936272502224
6947.925338696838,3617.1186093104448
2786.835448917788,3024.4475541209736
585.1834716710757,1623.4234137335325
2859.510607711101,5351.29380979652
8379.094744354908,5883.0429598615665
4706.117971613364,4430.667082762358
6155.792586722861,120.34083905041571
8005.0541427120315,4916.732511006666
3233.7447188446254,2719.6377336455826
111.45908220815626,1386.4211402476856
3233.210858109554,5775.706210958192
9566.783898808188,6712.3434859142835
4822.849857220396,5187.690010361763
5698.076037779537,6142.9445664438645
7604.293598010698,6065.5646256063565
1149.3337857995477,1242.4016941865002
7339.359668307356,2158.0910731722424
2977.544464474057,94.85832181967191
3881.6149560412805,9819.030751516219
2694.8986414332544,2112.259173673011
1535.45546126846,8147.044176440018
3614.6137380946266,7812.346714089308
946.3894874199364,7050.11514124498
8447.780598969543,4497.481725191978
3059.4635175158646,5838.6603153156
6536.173183268515,1863.3530613383198
2966.9555558645166,1061.015256057537
2107.0404175372514,3517.6149210823105
7136.570983968322,8255.854191528511
6240.038205401301,5640.262655785051
2181.0493121894947,7638.619690836042
6120.961483863823,8903.247221291685
50.016777395188726,5605.365353569712
1769.146066002123,3672.813356254957
7277.53978397809,8556.780167211016
4101.506665261753,2296.3029758452535
2036.2888694892745,247.65356637259762
5059.163770202552,506.73428110193595
4652.170010201337,5822.374194828889
6339.362925019291,8923.373377231033
725.3831994026283,5642.769743665196
8193.49630525595,4091.9400011627217
582.7677892914829,5770.685946277877
4538.552745398071,6711.03121161615
7104.730236683353,7584.99234006119
3448.1103466490736,3473.028513046261
9101.185300440597,3868.9344322779916
7552.318563556685,236.39738099031638
4260.480648574394,6496.27761313046
1838.2639377285493,7767.318152872129
434.3890857041488,5109.05282165562
8016.643274207074,3765.503201867545
1942.7424585622598,3331.517759717574
2696.741743788347,6450.383047442877
103.78363050580708,3307.4970525594617
182.26884967541545,5990.795614493513
2304.1843416800066,9269.670085313455
8728.684862716404,3306.161865864794
7808.230484565093,683.0892766135266
7698.731150124427,8740.11043568491
8270.347743480663,2735.515378708633
1866.1356892797698,9885.665941257585
9790.652893434417,8401.220013414379
2321.926323466219,4268.95827835684
1499.298509392426,6281.959712268428
2946.446936990189,2775.3940533648733
5304.533421568117,841.7111857886628
1244.3062040961838,5258.039454130232
7386.210233842016,4246.708662155375
3715.266890447765,9699.180713069876
5684.16535617164,5974.531989575499
7342.3602365008,7471.473876892483
9018.93747595618,1352.4393726627825
8193.469667232646,7236.6579353322295
5374.686744522369,563.3195669123759
9911.728954846163,6130.59007876612
5297.391880082139,8385.472566058143
5359.7215826080355,4830.6500434040945
1584.8819500154277,2150.8210250171433
1487.2053611480208,4437.017872725716
1687.0112631549362,8411.210056378539
5918.213609592567,7143.926057604586
4151.71913485425,6054.436237498048
3858.845016644289,6938.355073481378
1275.5829253030615,8341.961642076805
3810.9021177877876,1518.6312036530326
3779.898724567522,8419.241039847708
6208.143764899094,8065.869076429047
3884.096991648074,4774.880057433601
4187.620141519077,4028.7995840578296
2725.429592579276,9325.585520437045
1315.0391193082744,8194.178989128473
3000.108855544118,9886.660615180359
427.65340338887904,6417.53673891386
2037.0996868493196,315.2632274266776
3249.5245298119944,1538.8502352367395
1456.4629192598288,8203.13663260606
6649.696553528436,6389.921228654876
2807.6502822903594,1980.4734208457576
6155.275737308912,119.38687369651979
6438.856123439716,2628.870652023302
4472.8827842314,1375.6331524968314
4491.064433167546,8762.309430643976
5814.632624956018,8827.855085545578
2624.5635217183594,8423.340884215599
212.44967191731078,946.066885789566
6450.245979351994,1350.438661500253
6085.25383815407,1355.2081280563666
4763.810644716702,2584.162542879337
8757.656105084641,728.8486485118217
5086.248327392646,9815.65335415827
3034.9466370577825,8551.559002460628
7135.324537630495,691.8792048484423
9624.035203964506,1436.740164304444
7368.78887817708,2623.170320629481
9088.478840691754,7750.142591665223
1127.1427828667468,7140.979663902287
1209.863320770892,6305.008726253472
1546.0570627440995,9121.943358755007
7028.54436821958,362.87162078958323
3897.0706295753353,1612.8911390043088
4777.1112908260475,1898.1659779658044
2619.2011521757986,596.4768081540184
7361.058067770009,6182.876438851595
8453.479825677414,2096.994689716388
1602.1413519552418,4826.364541554344
1927.3412646185172,6854.33824737923
3394.007664586657,5954.147873933457
2801.6659490529237,2901.3364169306087
5315.365919340474,4141.765636048425
7525.792113728737,3398.235840669053
7932.736944557736,8524.62996014953
2084.4968774921804,4199.322822323496
1755.8185414201455,616.6878883225635
3636.9427545006893,6193.585932658209
1477.2396280534151,1976.8170798376227
917.9706570246293,3386.3091562730974
2425.815550887109,3276.9897723036256
3939.437768932923,724.2416883828773
5878.416657821812,9509.4658691282
7232.787995118204,5470.64802570395
2228.115064219686,1562.4988076840907
8186.638030341403,5557.558030121126
336.70761556733544,4515.754182444684
4440.459967372382,3448.68686664442
6330.7654591626515,4724.71384475488
2912.640275985351,6696.193270361514
6836.919469416829,1995.222291014851
8670.534753046839,5378.807845769441
893.6632049199688,8129.90020802952
5125.604220620792,2224.9153206455353
187.70503129605154,5155.312162661024
2795.742861949746,9657.33478149883
1369.4027813634425,8005.059651746233
6242.750048273131,5930.173235107581
2486.8366706379343,7491.1353697581735
2823.9816975264366,5256.311662013493
2056.3029201712034,9865.684900075154
2438.025049535807,1691.7987775287359
2251.102153806609,7195.794477625584
6978.713209118528,59.54246247684259
9558.103998258435,1256.9504236898965
4902.314249068211,7218.121938230058
6003.877957126077,7593.474973282719
8181.06143387792,393.97750825935327
4761.061478469612,3338.5831349134796
3020.243677318214,1181.9061679869912
9509.748214929563,8901.440252287399
9061.565523978423,4538.825705925224
2203.597628273748,4425.348527495212
7030.764472428946,8238.68122430808
6471.3953652707605,6953.689140719901
6496.328496513674,9222.926090418248
8306.030189433799,9386.596346348504
6741.056211704159,3131.9408477291054
5180.038430270293,6483.784349832986
8460.65932713587,5417.894320414201
2648.409980340024,5958.141462832654
6792.255218807519,6253.098154307244
7015.20278691443,600.1919742426653
8703.202106435368,8950.658691870975
9983.076368662594,1402.77963982685
5575.512931970143,4244.323316766011
4844.139288694876,2920.790363757122
6006.832308821931,5537.481392002524
6586.776146438371,9614.885423293346
7129.8422472049115,4124.246293101172
2812.205617724908,6031.8483933469415
4870.323891442094,1411.4364813400227
3709.205795912942,4630.184808140909
387.73282759381414,9157.845516858017
6095.23436431167,9324.130731340641
8748.1452257297,5464.296593020983
9214.727020489827,7685.895409919624
5174.236528175255,32.17703021587637
7658.8457685318535,5315.054561393118
7124.127404121215,7324.692957938444
2288.9797657302192,3298.6727439232545
629.1054361048032,9011.558812158957
7478.564049424932,7796.277723646707
2826.9439063871305,7696.973021654268
5493.824503540899,212.33633299360122
5240.643763591361,1838.8191898729567
8178.739055763553,7136.066382572488
6446.456608877697,5617.208212002227
8471.47313331283,5784.643427189201
7522.35981577742,148.10190957547763
9998.313187333344,4420.540047416282
8638.74968843984,7864.353378588807
2110.766006160164,6635.581557026283
9613.889191433145,5724.281135131246
3401.3430863090944,6965.9793477467865
6078.400236668663,8509.836970273956
9413.507232198668,8495.310132427023
2141.6528461812645,4560.240450121328
8572.98962083147,3077.952555162348
9531.526051089117,3663.782681208786
8537.50147780053,5213.785769652131
8191.7132893240905,893.6695336295409
2646.1436626233494,5909.920941127505
4070.996598985891,4532.579007666371
7603.340337260826,7589.322439824051
1181.6541997185925,2739.415229000912
8883.725313109968,663.0623105277311
2102.5696718380727,8945.698426554389
5648.066805537417,680.7689276584783
1050.5950625502414,9272.80367766613
1851.8994664996092,4974.937929478124
5855.000615955989,562.8367632020081
6346.421614802833,1258.43742812788
2697.515189308998,5329.53554596288
1190.9731493209242,157.87209221031938
5495.559286709289,9151.30866973615
8406.37839458306,7962.651499909793
2014.4559156687912,5045.517813049991
6915.653096511528,9262.454807818674
3858.810698667646,2597.4969996970985
9430.880632296454,8534.101566761869
825.7314836325091,8051.255847653835
399.6835438844959,5818.195044331055
1243.082619112973,3188.421989402939
7824.448401466484,5583.314115771952
9227.697328273376,9572.188405276547
8224.766452295009,845.7406132838374
7178.320109318842,2010.0770440914007
575.8465807430135,6438.921145842872
2138.1159057480727,6784.258298069598
9353.790625954098,1644.7074539126127
6227.930603638328,8062.930137765496
4683.242074591694,9284.827984043592
6523.121069451119,796.629173317327
1785.9376003514992,9742.499488802612
8928.689621553996,2812.1230901915997
6563.036282170529,3088.5959056197476
4712.444747291429,448.9979122932497
4573.755902317863,4974.068858045951
8223.775367373537,9547.582842795948
3078.685397377764,1609.8465612621414
1371.3180124089552,5768.6174418797145
1856.6954436216354,2744.5191973908068
811.359929206118,186.4000465557636
5078.629269924752,9871.448837720149
6772.581929956171,7161.765420511969
9339.852012340072,7354.6322726093995
7508.149740101938,6629.586538137147
5831.107146439119,1437.3846962808923
8639.539354680343,2066.944230351204
8922.130602010315,3856.6763711212047
7123.856414990996,9954.670355716213
562.8459422026832,6725.7413024720545
2917.623138748262,4423.802305339941
3361.8595836872223,4847.266009654999
9973.814137308766,9222.056095949578
4641.625762680817,1964.3509584195263
7618.852459781745,3208.7371162829513
8137.972739239339,3708.7398187642884
6532.601189774286,8976.292005021314
182.76464141310234,7767.855998063793
193.49483884287034,5907.852477334463
8187.7791659508885,3147.27272790132
7392.399734313681,2022.0227475714391
5361.165286604228,3307.554813318162
2488.657164748541,9294.524860032188
867.1369956021736,9102.255907083996
1642.6836664808698,4219.549723047718
5803.237744050353,3255.318987413055
5458.2663591080745,8845.910329496624
9412.669281281582,4462.309264404417
9572.767180753455,386.9978858846512
5760.068464239333,3457.3989687650887
8414.326002055263,6072.951372974055
8122.495161110819,9445.904300237584
7523.765669345344,4245.92108809263
4373.380154325556,2401.2499663821727
3894.0631331286622,3844.9800061311735
2641.3397395823304,570.5880413730757
9370.950085740013,8988.37317028702
8344.25349915305,334.2292592160268
1771.1577542664193,9.723128649846702
2524.6309094418016,6141.332998196784
5813.276010750645,1539.9207774721413
4135.997735444072,2960.7629139917744
2138.9764581003687,4909.840259251138
7911.565517268461,7921.171148549213
15.531287244644476,3875.10647029655
3432.7653347126375,9571.072712710013
9293.499125660168,4531.967465342625
7607.679981465143,9199.893084651267
4012.8497802860784,4523.301729773824
9287.284185823506,5161.492457493184
9008.03205731812,9580.767354180061
525.8372391334865,6749.013800422331
1279.4109728725246,1493.7217891037747
3872.3029790477135,5985.535728374989
9293.976515571534,2252.216361321455
8442.051697664838,3096.6744478429896
477.6171420092412,8381.501195691675
5123.309377442603,6821.450336812595
7202.532954131515,2868.787669137084
2759.2268614372706,46.8864618286069
7225.244997881359,5311.813300807776
3697.254883885569,2501.7124735954667
2740.5650068071586,283.12206639227287
3925.648270307401,632.814325812906
9508.010002842704,6732.501627297629
9052.943759321139,4142.844297289642
9139.512865151337,2624.776174530572
9173.79108457462,8797.00232152444
1782.7409112723403,8250.861207300104
8960.613990555901,4661.893509342329
2122.7643576366704,2755.8744762993183
8381.356177314694,5071.759695075147
5418.988859865167,7529.270877501289
2399.622775469347,107.44184774377774
3985.204129926908,6125.661363990731
4333.781834356808,7101.274721133547
7331.712512848983,8167.955370170502
6060.214715477951,2166.146566519025
8167.821588156809,2034.3775304299338
3968.049873974486,2157.2643975364913
7435.905356855468,9314.31901581405
7928.045008504389,1409.7657997115132
631.4428333222577,7646.449303631998
3756.3816608832135,9867.504413291117
8859.894925012046,9462.857943333322
7049.759184234527,4098.916931227192
4184.4634742017815,8393.513183266254
1829.7425252186872,6701.409115508901
966.1083693871797,8684.631987812516
2293.5080898313886,1611.638761668921
2446.92442189366,7649.369152597271
3706.619458512288,5865.570909535916
1769.2164256329145,5401.094662635521
1460.475340506331,7289.000501133509
8440.067562274351,2730.6039072986778
2495.382421691763,745.9156315448412
5616.053692068298,5021.20939283014
1992.9954803464045,3021.3372856036503
4917.535061400673,2564.05469918936
2767.1201355069666,9985.223634408012
867.9967811956202,1978.6080958692976
9821.758295739266,2355.767040388291
4578.061165360583,3338.82645121641
3930.4739828842885,4970.020207793496
1991.2213043017757,8691.110078890144
4953.658803915672,1763.9395834481609
6352.189854646604,6159.649592433786
3046.5007811874866,3685.237769124835
4804.184004116585,7969.147265134487
2370.810450137134,6018.795716234773
5277.130817235696,7950.932571492681
7872.144801536947,8550.909290293734
602.1344617059854,9121.301638148254
5178.389675652312,9956.766951640651
3993.6308231172948,6188.642402157783
740.4134152831032,6375.360149734638
9405.090649104017,1405.7868993400857
2598.429844307546,1050.9501289713974
5646.115349848225,4876.260073558504
3726.2025107869244,6936.882394678836
2711.327070255668,2481.972899842574
5271.806506222188,3271.623535861
6890.285964634722,7001.279384930214
7855.35200864181,2116.612191568227
6339.244750441213,5213.711061922351
5262.959898284719,5386.222709967502
7772.616495150754,9169.524893783231
5174.558997864371,4022.7368321382583
9742.268368983705,2105.470276857396
5267.407042619689,1738.9416780926258
3172.471445578816,2931.5450222922423
4463.619902006411,2789.2052913863763
4899.900782891216,7501.973424807445
2834.860877042754,5937.22262741685
1587.4282526922711,6824.273168234651
4313.8341419558565,6302.953930289157
8970.328196377668,4812.45196023748
2555.311724645274,9282.76246678199
3618.1866490728207,8174.193509461715
7577.23015204918,2108.2294242551734
822.7329214048806,4236.630757035131
8250.705509981526,2879.0044978307915
7202.788184161599,7456.862306773117
5497.641407563197,3444.5622236607965
2094.7879432269688,6402.147187362562
926.7856116679874,2922.1353816029714
2317.191086639043,1716.4708346993384
7614.952393082074,91.89098329332124
9334.946190299817,9946.22730013477
7378.88191841617,2195.111475713487
5276.170217278547,8322.447405234005
9506.827373373291,8220.837038624331
8285.673393728552,2359.6245546198647
6558.373208754617,4156.3518548705815
379.04697216352923,8361.112549143903
2877.335081218471,6898.079307248906
3082.1009136500898,3698.7809338427655
3472.452627957221,9491.3945850098
3893.856571022203,3423.416805826548
9393.692721146228,2120.672153270106
7418.724080993608,1467.2077200788835
6919.349870571638,7013.185439868333
4265.14958811735,290.04904147378994
3375.496083014472,8458.407766806084
1195.781907752903,3042.211018350661
4534.954735959158,3698.0699302962107
2053.4237547567204,8018.313332584861
3910.104037430094,8141.772321202354
1563.9126052775355,4000.0902772787717
3439.959102135133,5538.2468403396515
429.79369923949685,6792.096867980842
60.23200955492136,6886.065283849893
8699.09222881396,5340.551514121342
6412.641068917574,8441.055237756751
5876.666541328816,8414.405159784557
5137.940163279677,8488.018806914208
7267.291772963663,2682.181724315049
7361.656050283192,2569.0552430417856
9352.513679431235,1398.2206256204677
2444.105000008525,8263.993260784126
7851.9880986833305,606.6030391034027
9911.577402258037,1353.0546716818637
290.21859530037773,9262.100793424877
3739.8542573098393,1251.133721574874
4360.358676099389,1212.8262800252687
8218.323316682081,9091.093296446537
137.4341536485535,3101.037819291873
5986.1953213506895,8814.235607068062
8925.788100152922,3776.565586205063
1476.2705845252178,3736.3961649007338
1155.7361686297972,1351.8254049259947
9997.864387066695,9186.227075276547
8259.589346989895,7616.870007016279
6974.18515414104,2256.4936711254404
3989.8123259545227,7277.977080139132
8539.629741688837,1036.9270385417606
9227.730055410108,5238.108652287692
7324.08548065399,2542.671145848615
3980.9477974649176,8505.844266627257
5835.3710783521365,5111.291775672458
985.1726297308983,9212.115550622248
1580.2047510762452,5851.64585490574
7830.373428921408,5039.7691438524525
293.15472153112034,6939.3459701539105
491.95997302384666,7839.713023559621
5080.234915859527,152.57768655518979
1705.292762587075,5222.835603574544
2937.04077650797,7757.173954112548
3988.3142478704194,4074.9507941861584
5222.55400652237,451.1968507026487
2835.3472127729797,175.53640114664205
4835.464690924894,7938.5062454191675
3706.8457915513163,1980.7564129747602
810.3110957801673,1749.1677884993062
8671.273830352562,2895.6062013033325
2813.65903205251,1021.6826159277525
6093.732661473083,532.8650039648041
5698.002152718847,8722.585455677852
1991.6678234966346,3027.83623886306
299.5817043040072,5823.919919390759
8569.31414811984,8578.008877781805
4976.89855477267,9774.597416841996
4144.675147527143,6884.90362060511
7629.105150313491,9501.640949560997
331.58921717284073,4235.217287464838
7652.152837183756,7895.442118957529
4089.144633737234,9376.027394702742
5516.23705320333,531.5938608516457
7524.392405465416,3174.4853121992446
5468.10592023354,7402.534682769629
617.7222346151101,3152.6990451609317
7286.008912297187,170.3237194460172
7863.416339967855,8070.252402901219
4618.931580385729,1647.2287636398764
4390.5940631715475,3208.6873539044504
2519.2555963553787,9105.75580639918
6441.627574311359,2088.6008378023134
8819.885139891294,8947.597580216225
6559.687408649841,4225.468529461053
7713.248890094715,9181.318966104414
8374.556446713294,8768.52030482661
2261.4419326398584,4152.439197600186
4021.0433411708946,9218.723954312412
4359.596151936878,6327.208359868325
5589.003648810794,4756.151389944062
491.8212133593092,5306.9075336810465
5884.071710226527,633.0053191549013
885.214833834329,8075.909832898193
8065.698912805918,2924.665595579018
9630.21987728105,2701.686684871787
2897.590058957943,7153.983880737505
5066.151248109416,3708.079136083723
8231.875450067684,5141.632453157063
3146.540060473029,4215.738789599473
1577.7769334881364,5046.353665695777
7390.625237018742,2221.728306021533
6983.616211557877,8849.358328572755
5699.454606721711,6101.766391418329
9444.367954338944,2337.0837676313495
9551.223034663017,915.3909977074414
8615.494303810376,5354.6811483505035
2930.200854185935,4681.194676772936
2253.6593075232568,9324.8995499457
8357.406942938233,2307.002581711205
6513.608913486459,8816.05242071852
3961.2603038768957,7664.943207677137
4097.564765672521,4765.045695902613
8533.321828885137,8737.72573031812
1632.4726322393956,8618.790162131687
9439.734097962446,7144.216767672623
6332.152935116366,1015.5102077841816
7913.577333744244,1601.9110970070217
3708.665544213604,5916.005186601793
5868.963602587237,2454.1940750878766
7499.904939613866,5511.6729280692925
4351.2997220784055,5607.846380905078
4879.36341606241,5870.94537879164
5820.798288641306,5698.416075758207
634.0699093150404,3792.58623294252
8631.865213579847,2102.4492581485156
8666.779357525395,5185.428104540572
2814.1767280698427,4951.645345725945
8798.225367722,2751.936525209161
7451.948076587508,511.8326973427079
4831.914078537357,2055.693091114761
3477.6402472808763,5507.815547287252
3993.7892025342458,5356.192253862157
5344.189154312689,1336.3944405000439
4125.207018915913,6060.521931034996
4202.383241091522,4226.4953009755845
2031.2337362354672,6536.703173841994
7078.120051561908,8880.051784995618
6095.9157295057075,3085.4748911393326
9919.014870216228,3473.0740192211915
1412.442042024702,6768.143111571339
1137.3834873502087,9491.55517031019
5159.322991358004,4861.228136646239
1519.9076351007411,1692.86495547048
6106.211510666819,9350.050974522199
1961.1510866900805,4697.772708813007
4829.9849787103885,4606.994504206121
6113.114498424205,5398.084313437096
4580.4078903492355,2525.0440596237822
3199.85304597185,7846.934191355118
7823.160826127934,6410.436122543094
8546.580243258411,9548.702638437831
2780.4983424657294,2038.8811665140483
8133.9373467047735,6191.344725687622
3916.340198383159,5166.340909793757
4876.236384925247,8947.53842371298
2317.4968783433214,303.6685664293992
6257.237757616229,7608.008235523448
1009.2671677695387,6230.597145496133
5916.375259707396,6075.49115504838
9897.180818337541,8753.214351160961
7534.663072226222,5897.98105467765
8950.393086344251,7159.227561593741
4641.955401945988,6457.073662462314
1421.0534030233134,695.0470459811087
2884.6189382469133,1128.3003280041248
490.2967421812998,3384.971545870715
5018.109724269486,6757.016620120552
6496.668718933538,264.49289417316834
4244.833059788922,7725.954464392589
5632.048989835985,2030.0978105286404
3207.0224832214067,5595.196155511389
858.5809396551391,2011.5687496183
4319.989924421884,1759.6796965192564
5477.97795361043,3341.9129953349734
9826.347930886228,9215.087066642353
3472.7340459239617,2378.4498134656997
6777.696574769968,485.2292332173058
8226.244411622469,8822.443241837338
3353.9072770904986,4389.307221749062
9299.312391371575,6210.563230448292
3388.312871699497,8857.78342604402
9698.043097478198,7556.495831703605
21.56917872647601,7965.05028088107
6341.733233886787,4800.93484762318
7899.262477501527,6873.420082730092
2800.6041895831236,9637.665887411322
1170.502737035951,8897.890663442733
243.6844088422352,6124.274593444564
744.0693636244089,853.7257316089508
5430.3404276303445,9797.014569043316
8391.67403545615,2254.8692408839697
631.3086526548861,3607.5770311265874
1131.8037793176873,1403.526800055016
51.03002114093091,1666.133328520767
2822.7739876357828,7957.782310467306
9212.463861110513,1282.6771840309714
2762.879978632985,1893.7542572469956
4408.144470101548,1714.9107298191946
1789.573957516517,3701.865906897662
1162.8453642676884,6946.861684972565
1823.9444660798854,6438.369665415507
2104.328340810755,7246.955226958815
1302.888257802658,7268.118775777176
7915.530115032728,30.00705755634936
4772.45638390396,6845.398109455837
5397.694275614893,6845.726045119877
3746.505752925574,621.1175062652752
2107.428408530496,4271.212166084183
939.0166454231929,786.4716778168879
759.2570306458867,1908.3000599381994
1851.4202574569083,4897.50872289981
8501.761932985959,120.12064408240097
2165.4518957841738,949.9995515698878
3548.195917010419,849.2121270575082
5727.516437501641,1245.4410377850356
5114.1310500871205,497.8243983348207
6658.20629731518,6120.770255729177
1943.1482955105462,1785.9670613541723
5240.489287058553,8626.030192863846
7677.491594402841,8848.002627204336
3875.0695475436382,6910.337885425696
9718.943983880617,649.5601896481951
5779.494328927345,8916.037389963676
6748.2655781864905,4186.842577191877
4590.877396549543,1811.1450846201483
8578.508439527346,7787.787045810347
4514.869239966878,3466.9330966414977
9422.803135846201,5060.726762820319
3074.905429885293,7430.406224553773
8658.194057520885,1011.203365180856
6393.531736763779,1695.5374998372008
7990.546694056512,9685.59826126282
377.0128459292155,7135.446109160498
2772.7965175325244,2311.2566859062513
8470.78853808263,5737.863039572373
3183.3369342244864,1879.876797648774
7126.553533602723,8654.62739663103
9921.888145814231,4486.151770749277
1771.687496687029,8068.708533973459
4175.459405037415,9719.159569407284
1651.2671076614827,9808.749084257252
1542.8645451090995,1376.162583934859
6330.4282650359155,9448.059688592635
1913.7603676747883,2702.893317939553
4826.539489371538,3596.2229507493103
9779.41473621969,629.925545958262
3331.294820387588,6455.974325110931
8736.298466854627,6441.172473709516
3963.6506141809623,7770.389668508041
2628.649106124418,9462.600973865294
3362.5170311574293,4281.66606597225
1276.8647734379101,4074.3417316595633
6789.851559537629,6391.149354727348
5090.199446862135,6674.103401395281
6138.304631448766,4452.423470907059
3030.927777301217,9193.283186966917
6534.649654097024,521.7320160097205
1645.9888829164747,7564.01636502782
6524.727160011986,2079.4296365898267
811.3815818427395,4953.293967901784
4002.7315555301047,8514.92925618923
6097.530487071474,3296.0581559795887
8553.175446092102,8996.84716444697
8124.150260948385,4506.833655325021
5269.500770175879,7027.526528954837
8833.706973681432,7226.809574059986
5059.029652524404,2608.135107204663
5171.667156215617,9006.575881087874
7205.536466773473,1246.1115986575112
8777.823227711384,5900.711211522948
6027.164962920854,9290.0840011703
9441.917559196536,309.9332231261487
2325.860660526138,5312.510652933899
9243.09429032395,2464.378693693727
2216.529552412192,1924.5675114010785
5264.154971449862,2337.6648263005427
7960.317962239665,9026.871329833724
8015.841672968079,4255.158675027354
2781.592621694644,2358.9566674628113
9858.952202966415,9275.574749391883
806.0342211948479,3216.1733125848446
347.827470655746,7234.66572531783
8415.294590437337,5371.725392000588
8190.1891057538005,6791.657398245425
7128.174464133534,1826.7624033291875
8507.740241149271,6785.273928045923
1375.5925622735376,9058.21486077733
956.8754492975928,1009.0507334320953
9694.026331109295,3265.305782158717
6242.3799279254545,9726.044570669179
9198.467471931323,2251.964395633851
9064.432242122313,595.5679746752196
6531.398393695001,550.5893778231563
6284.745129296568,2752.992739235113
3599.4580397347886,4948.732518857978
1491.1005595199233,2688.2741760559225
6866.049526758755,2809.028985620121
8178.605699463965,8314.256226229121
5446.237500375037,7669.4020103678895
508.6914011534693,3108.461678666515
1449.1770569376927,3448.875591319247
1019.6033841520868,9696.730150842648
6578.316486290033,9501.556912763492
5647.89087136868,9730.991897938535
4665.002939436807,9391.998624882759
5434.085559009647,6280.870987013368
2759.5484235425793,3083.2597047687136
8047.2717152166015,9694.961370149136
3285.4525137250566,7428.182675492973
6443.011938862274,7112.461428084561
3908.7424663197744,7976.192626393343
721.6652497299569,5984.68102221292
2569.514244211959,5832.598197181913
9650.983273954684,3613.317345155267
1905.371204414904,1507.3760479786224
1049.2869356110734,4385.2623315620185
2911.521922269835,5173.748162157665
8779.259079646561,8778.101444939824
3060.2642432635894,4016.0049021683153
4173.801396292133,8830.188178880433
3100.7692130236765,3175.1779615872356
9889.7356270468,9446.77287887572
9998.750991412935,389.35420265681086
4827.727532503182,5253.324935161878
7848.2570956852,3215.915445691054
2200.598375663935,2944.130597233059
3742.951466941641,793.9251739572328
6793.396714287383,6812.884353971194
2863.2840056518994,3925.487866569466
2246.9874285317783,9490.53069469475
9222.378819955202,7124.236523984774
2442.980759016512,4428.910153626222
592.7781894087381,6272.977923995134
7510.880139748173,660.0117776238956
2432.682879288014,5891.381946672184
4501.841473787042,6661.497333697188
1115.5703396591798,1061.6440205259426
685.1557840669709,6824.299512267603
4604.456717345032,4740.073940033175
3370.883422037583,4796.17231178425
5059.252269320031,7235.775892582264
9657.832552602018,4498.06888268067
4073.8828624794387,2343.472852464803
6026.5710374286145,2982.838725666688
975.9538230173237,7383.512106323204
8859.17604994843,709.9565383680683
8058.6110344439585,8408.254812431598
5224.070055934384,5822.035291144402
1833.7687427663075,7269.708875093712
4259.499193876956,3436.8777337623424
2973.8399590864806,2227.4200377905095
9945.167553931822,8045.757062924164
4908.3828853342175,1022.0852421875348
4222.331049850023,1658.5401572848646
1690.5831610996636,2849.2100702565635
2391.0894936952577,3512.227273874219
7115.877141878026,2036.554465482404
5349.093325747236,9126.295623140308
3580.3131270470435,271.79035726735634
2970.1368587745937,8034.662391525025
2007.4024624364117,4110.69840907474
338.9789285636169,8361.133649417778
9771.499686073848,7959.651167248547
7531.103509106299,1210.3738189734026
9278.708151139985,6664.150108693607
4125.508663942884,3784.4641278018
8693.827503152008,8210.12710261641
2562.499219098139,8510.18601858968
5098.348139075558,1890.4624597973263
2024.7943985405548,4786.4840599119925
7703.371653358073,5944.037484943554
4976.020069330566,5440.761540018024
5362.729383947819,2517.7086881171053
8594.546297035658,2724.9111970727236
7392.174174664894,8581.91519072553
9662.659567326526,327.00205134108427
4053.359991826443,2623.6300731212336
4614.547224711893,2230.746382887848
6153.386857597826,3706.6803810709625
4533.124514941862,6861.024366618795
4196.15379668294,5322.605329827697
3405.7174192995067,5406.295556098088
8318.842193270926,7312.876758447677
5334.893636426988,8121.606501834072
6074.031291775675,1598.7449730082958
2040.755339175453,1080.3051153211097
2517.764804111512,3012.1882615413265
3397.932084208005,8275.532968262092
4653.689763081646,5417.4356691122575
439.27303610969307,1428.2572939994598
8883.913615873878,1637.3777243330944
9037.122544530352,8982.690540052014
6616.799200523456,3669.6873649711492
3160.528341559218,2552.7927964308406
3853.1830466225992,6937.402628999249
7340.509988710859,8607.843909869844
2862.910054802734,4424.099973334705
6089.180226130352,7911.321623152241
9062.710781399253,4300.370456281625
4104.478320577828,6914.239154064001
5870.487639628532,5748.178092027723
9285.897870687977,8944.468066918975
3405.815659089687,3250.5140471236873
7596.397455130505,7704.192364714003
7551.218558958238,6839.373501577162
9284.951938053968,8388.237922546074
8585.893191831488,6075.4049880992625
7488.281835850276,4601.38196806059
6365.1542810425835,494.5410323132227
2411.8829099815775,8396.98453053042
6706.486726679593,9099.345492869086
2764.434661518352,4496.532653967373
4400.196053561892,2222.625248920661
7096.986368343744,6471.554753705802
6748.942476569559,1217.004639574043
4011.990928864997,408.4690146944292
1826.7568597605655,2901.060404482367
4841.424540871089,6799.12947121595
2699.729204722542,8142.032320778786
2554.3447869333304,1568.5483267701993
3267.935854465648,9461.491771488614
7062.377584856249,5520.764232922353
4972.858319678406,9252.583078758611
3731.7097682414337,1497.8940453099842
9005.948141951763,4579.755975491433
7067.806742984265,4308.091947375644
4946.528273312765,4116.925882543905
4212.883628292117,9307.882111724737
8188.968312176395,8494.118219353903
1729.2449392747012,7942.77547832491
6641.539254371533,2861.2390908834304
210.152988980693,3390.41951659232
69.60713063091761,2593.028160708528
9317.836931581413,7934.833544136151
5139.885782411714,3928.264952755469
3151.1742556363242,9786.870144389814
7946.962043050462,3643.162905453016
9848.280059757824,1697.8582189076153
344.1379141953416,9298.542505665915
379.60694246528817,7827.103607114313
8547.820523637307,5832.371559083016
5567.147997645109,8584.386009013235
8827.417417420818,9494.457483066955
6946.430769738023,8613.712621922863
4705.8565155052265,9045.191372542511
1613.4592481514799,2712.384120215695
3898.6114697189046,5108.489727386225
7871.450925587022,7952.923431943174
2339.175496161644,5260.198541541804
7123.664939909262,6418.395359728947
2473.4457912666808,9228.446596270604
4635.343781630348,2953.4414973429302
854.3200431090237,5394.059951872397
4549.984587378951,5635.388515281319
6127.025443090421,3595.3709642181266
5633.180416101966,3682.729569964841
4064.665143963074,7690.389559571431
3696.952757372959,9295.14708548392
2753.9875747588026,6337.345865204235
7671.0406570740715,4879.439210112225
7826.3809769224645,7503.5947127948775
4830.275499337794,9978.091918403206
3825.617648945291,824.0161607201169
6374.229723027085,6515.828000502918
5577.323220951715,5561.080851378415
6672.554664096589,6102.465780229031
3060.155322106729,228.1970843540393
7883.4955928709605,9556.738601808
3167.428108520901,853.990995807229
4187.232718746602,3074.73671316552
1324.227282050664,2982.9771779944326
8553.69322292919,7331.135002670099
6442.737463709866,6709.37021659824
2352.8705879041336,617.2532180736234
8517.180538023114,1497.0884607197065
7047.930079820119,3187.8478021150604
4421.802555022494,7041.039723873955
9898.428312911868,9292.351753146128
3372.0975006103527,3154.7425282478416
995.4956673654669,5255.740434373388
7334.590483822619,3726.104855084481
7570.490397772201,5773.571310032616
589.6510603554694,6279.745371238049
8194.191220038876,5182.948542141603
7759.415138734931,3890.2238777060393
9295.963718255849,8797.829636788569
1185.4912255288841,8019.1760985611245
6008.095582809006,9984.055718121388
2194.2254162336917,4126.928769520929
3994.419530510335,387.4349194182036
2650.9082910243133,6513.705953448241
4492.977020040493,7834.268555907054
1128.763284209442,9367.84293272434
3035.1550785928785,103.63967196645896
709.1872867986293,8795.820108348322
4918.3198805116135,5167.380732537223
2966.832096481694,3748.1783379327203
5903.085518147621,2219.3693558548134
4564.4618142016825,8141.238620129266
2438.530895676798,3637.403667239927
1029.402185959305,6045.5693635850075
7533.166884070373,5116.6671704839055
6331.325540857739,2631.547079425259
329.2999631956017,7877.82439188962
9893.655599706144,2981.7381997939597
6424.902745976205,7873.1549717045145
2071.80786736463,4095.411325463769
8404.968730739756,300.85266205149065
8821.007218066461,7674.273665866372
5736.853967913229,8992.743030515883
8855.72197876194,1197.872560716593
291.7176342327921,5852.348887525628
9451.667111673736,717.5755466498413
572.0361408693553,8298.875429576354
6423.900639604378,9879.589683519525
3458.9463693980006,4949.924684865365
393.1235144616529,3133.9773569194717
9292.883069351798,8457.492817587576
1353.5765925540743,5207.79120314806
8537.44187423979,4490.2571050268925
3303.4500901596953,2278.0758667779346
7411.640027372566,6160.178102661253
2542.207898081386,6063.17573100226
5834.339377276563,2628.344108461239
7995.5380714493895,2114.10101327013
5661.798303301319,4385.659505488924
3065.5256364296533,4508.161011449118
2334.3573391123286,1284.1118731612455
1748.0559678175466,2760.586552899077
8388.12522043247,1603.521241137772
6109.426251343064,9014.453147291626
5086.779247574514,743.3800050715511
2495.80683828736,8787.587888159098
4337.5324854067085,5278.841768726349
6200.628083546562,6653.213910993047
718.816535120469,9232.49706756761
3607.1493657994315,3653.866019074099
2395.0365174781496,7026.183734667988
6465.149062621776,6716.968799748033
6062.690079619933,9883.46958777662
2994.1549464517093,460.4830181813413
416.30722106865136,4554.360465304685
1828.1275080678238,9895.550422583989
1600.6207559490958,3278.754503763509
5683.94334962377,9656.639899175792
1692.9145635436994,8167.189904701719
4823.343542728981,3393.2325766831464
6145.288373231817,291.0585593588222
8795.655829997133,2803.444690054404
2450.275629733901,1237.2092658219801
1859.129362492632,4284.580244051424
1732.538331330602,9395.223632530597
3604.293095120823,5126.1739361151185
6491.8121931854075,4475.081699607711
6718.62420719731,2157.5749810458
2109.619006566242,6214.362396321602
1312.3345186083802,4553.737643124668
4486.779337285698,7727.16189768345
1411.9128195629248,5161.219759672612
8129.207449497415,8865.761242602372
838.8144748525073,7830.1432404676925
7520.933221797596,1450.6530214008628
426.47915517797344,1360.015858831355
8069.841159949945,243.50982213071305
6271.516755898329,3690.100003298701
3223.7310585828614,546.1873061660305
4055.184947646141,4499.5158637756285
6736.172405573118,2413.539236995428
1856.2814400131379,4982.382688553388
8903.206690894369,1583.0240124071238
4828.871341918946,5491.901908133307
7601.394943946658,9664.33510683693
5066.960257744357,6372.321944725737
4522.79228464968,5643.895606130134
4696.155623576074,7880.4602724614615
3631.247107734441,55.671451842952415
7327.541956705592,2824.6310484425853
8461.524437415655,9869.779052927022
8543.966643062522,7826.190690794727
1211.4571393407714,902.6722288302758
7613.6790535062855,3264.5998903365803
1999.5461970527772,4398.642004403321
121.78345024572712,9345.83964605065
2754.5903527924665,5861.870645963279
2928.6859823195787,772.2561644607084
8097.890540834281,5090.732596147579
7423.963152427697,2893.8713648538373
846.8457028813392,3387.01421606191
3259.613077877195,1142.6927229961336
2512.9984668016546,4587.557168816501
5954.551877860335,6694.84799977338
5415.1197325139665,7595.508494905909
6789.128055772071,6953.868864799772
9107.298319849904,6605.133832857709
4210.7355758409885,8692.170542798427
6559.240108994772,3323.7110328710305
9183.524917390007,2145.9401035562087
5416.805844305528,894.3839908924045
3082.8098005024563,1657.0629620116251
4029.0015440895654,1493.9165309072955
7546.13656657924,9124.969801011524
7200.111581060012,1805.1693004732417
7484.154016865513,939.4442550679516
7432.968902773425,4002.523220001232
9204.588986899616,1696.1076035017763
7640.051458394751,1305.681153243279
8554.370861230555,3624.090070396748
5737.116506160231,9193.838698730207
6441.7138674177595,304.33897626625406
9677.194740192528,2077.168327165032
8703.008759847547,8242.270129715309
7773.6024063662735,2452.3562706401203
6855.146423443877,4410.9174799683105
3585.1823777615364,985.4222263517964
5481.255637554632,7951.742385610694
551.2818847293644,7364.610274987048
4161.667496041844,1280.6368084273633
1118.9641773498095,9479.625581022658
7286.395359115409,5906.2325869305905
8923.176371198866,7981.5781273675175
1740.8299568920804,7637.9928676361
2456.83383799847,5190.729594462531
8569.809425533082,7474.916221037232
5858.321753985994,2377.9766530322577
5883.088828251492,212.6392892163742
5628.763646458568,3420.7607487244727
2182.607607252215,1525.0272656062814
2433.0301520041708,9810.806935267576
9496.431154787686,9236.2513932813
7234.701521068021,1441.3774074467212
904.3448706535495,3439.8993219161102
2229.3827165861226,5093.167706555019
6271.155211808766,3987.2898210766516
2834.653869239495,7000.186864942024
2517.336560066129,5035.184373223538
2023.4799300313998,5652.632097684883
1857.2686353665158,6776.395903427531
6133.305817702374,236.67642109477472
9058.488238817074,124.25575032531499
3611.318559695591,1781.2388422187787
1215.086013761718,7183.0505014840355
1242.9934268542886,2404.2139758736425
9336.897048986453,9201.767957560493
5287.354781178689,784.9724642751787
4662.855106777537,5799.087578123544
8907.41243950107,255.47122632222806
5071.129373486559,9720.585652646168
4805.988928486065,2136.698298504829
9266.525336023682,5876.372076569864
4744.591229539643,9530.55415050309
3909.6107577400353,303.65101984513257
5816.621319666938,5127.346413955765
9772.315315338099,5267.132869951554
9638.290426003434,3514.8512920644002
7756.014040221037,6545.527162916366
4992.808592874311,5425.29968931138
8814.617083697633,2491.413090284118
4193.829783791647,7053.096108017674
6401.43044740331,4661.710589446694
1794.268436357721,4703.105255684833
6612.876467619041,9519.203219481287
2761.0591602835066,5350.322739833032
7717.529816548947,7846.572496122475
4140.401613139067,8673.869341075235
3984.0978454666733,5807.297924617141
7465.7764744758115,7863.7421394420535
4253.1863916987995,3095.4256656679127
7140.213572496472,1819.2603290838904
8550.655605465821,6955.389044763653
1368.7863467913342,9261.927097754156
4790.229959973307,424.9681317945453
9449.115298370896,7630.576763749395
8121.814514361916,283.98822071963093
9736.122659883045,4586.023358862553
8603.084567520753,6771.89682920961
3102.1981791908315,4053.043876736018
1791.5261005852901,3009.5062716017173
2105.4180444486847,1868.3647010231252
2168.927383229552,9778.716916093093
757.3639485448635,5703.160493201351
9067.950929767685,1278.44513734934
5025.485892881599,481.5011538280989
1012.7119776322758,2433.9078224722875
7626.416068033856,5386.251023350631
3256.4073210132005,7519.908638991666
710.3750782530516,9809.596971037563
1897.5655765503286,8339.467109139328
6575.498251634971,6119.684625512382
7940.06295597741,6664.773905285773
2536.767105463116,5220.6976937866875
5770.582708250011,4345.738357491246
8.725578125903244,7847.248846406022
2783.874706068934,1773.5691890531957
1816.3382184152854,3339.3323612274085
765.4622464937488,9786.832782194295
4838.952984103833,5717.303878743692
6310.155148322025,4985.099529095849
463.76353656753633,8507.890235111254
1378.911791953704,7620.198828502952
9322.911787614354,3260.4178204672617
2231.128431681061,6259.616308657731
7599.877465540076,1853.9130952390592
7477.349949924448,529.7750915948374
3215.825023761464,9898.482409214956
2041.168992466267,7372.121021631495
2439.505536157265,9307.653510443874
5658.989669835696,8318.87076769432
3811.590204199494,4280.744094881774
4955.653582353706,8614.409846951417
8116.124831636912,7866.99411559498
5022.963847963367,2582.5494743559916
9952.289257384755,6230.0864836697
6658.338038175092,3050.1752988772423
2072.4765812520664,2340.3552594818298
4995.187821232678,817.3349426369691
8134.177219636645,5431.606949778763
2183.0153488950286,3924.2647039344292
7294.221386435478,880.4529613412682
334.4903419087886,7183.5564740010805
9426.338313999593,7230.607830088984
6633.617494144462,2353.120839433244
1625.703042015807,9559.071080500551
8742.94699378396,7778.634387939868
818.2068088901062,8053.042430753418
4059.289636462212,37.0139096433364
7369.493395994335,9784.372192153753
9374.06627363265,9902.943907160383
3488.1026683922687,5072.20482402
8305.112309634005,9850.164313551759
1967.522576652706,6121.406945481183
351.10369164783606,1339.8837115585716
287.60983292548724,8142.30223954039
6581.704912143995,5580.849351999201
1542.0730593557341,3422.8978635123763
503.24310389726844,2361.813753323745
9767.475258316312,5188.970063326703
2420.122683296789,6917.505417487905
4625.544829795511,8770.074492989213
6130.811391199173,5986.386304134837
1444.5603662431183,4152.932862887507
3571.688606886352,6321.341155967778
6477.068447684706,4969.594530926787
6397.617174746266,6519.9258892685875
8420.573087367015,6089.712967874541
4374.224327547543,9786.833445845983
8898.27625552956,6222.465710587423
6821.927355252346,6910.387374259065
5621.051949014577,8923.846026714993
1171.3682606041432,9130.212766879238
5747.03912142932,1408.7767938332895
5946.720178062786,4538.050214098195
7588.04382860636,9427.691880762352
7191.390674835222,9597.690928862175
5299.801793459549,1900.3244700885336
5928.291713896664,4437.044252140418
7723.427120347177,2786.502822463571
3514.4026213680104,7907.3635486697
1349.7111560052754,8521.674010160008
8742.99380502617,4692.4574153515305
9650.187752209049,6756.600076939766
4293.048387340947,8699.662856613162
9903.09789277693,7095.189779969568
3226.949148337013,1564.2639002219948
665.7409409073045,7119.923365576677
5724.595811887515,1589.4713106468216
8682.006845469477,6537.45470584702
6174.818182363937,3335.336483295295
94.27148243593142,564.4365692483743
118.32681416528601,2264.817290019437
7243.510728644193,4683.822138506749
8453.429957141312,9940.162260296196
2530.3670912282573,2557.1124436896466
4701.31056762586,9787.824958753867
9610.909004874731,3642.1914183405656
4605.740836098966,9600.10972381832
1358.1409940801304,9561.03438142806
9116.53006671883,1428.975952418351
4951.67669194432,8287.192300267176
3443.06942048876,5173.121149263114
974.3272240601908,6862.001208395083
4582.682970757896,7760.755698348821
7696.727690606185,1245.342235323802
7171.843434380811,7989.724947261456
4965.87650309601,3027.9416938800396
7195.353460261571,7323.697376229959
3507.6056838117297,5736.588078711621
7352.682025301957,6846.650584071313
857.3415825035846,6228.784884275737
1992.340334148739,8104.205437396112
8777.233221329368,8945.600791329125
2936.554069642583,4491.020813930443
2059.4139446762715,3921.709523762289
890.0258813514561,2421.903202320279
3929.549943963827,8138.3902187144695
669.8207500928677,9670.137581779627
4969.804599549507,1953.2163342916076
9192.047369666261,4578.423817464532
7871.34345195103,7703.3750472253105
406.7376966401526,6360.4295664354095
2997.5816410493094,8150.308789352901
1876.442829679863,161.45350540666016
669.3985515360889,9113.474562040528
1086.4054797965805,613.5176616823235
9081.443725628991,4454.781490602669
3100.832150637972,2757.643983113789
3922.2387622859587,9281.937321114803
4857.0086832169645,2751.431335630388
7449.290981477144,3733.369278689026
7983.704740855817,8883.40060038786
9637.295428719317,5374.061403378217
2106.7807061411813,8982.017061760207
3010.661784754736,6609.691047377436
3129.6071521487734,791.9160263149871
4452.587933096665,4347.866785018848
8074.043514237499,1763.8848753232362
2394.56085531082,651.3328632740345
7829.217665629822,3738.1893110436736
2040.4001837851438,9084.29088542567
7101.47617197332,1176.699346259037
7990.013198496779,67.72099940898224
8537.837408144622,9350.891211727363
5102.855414405924,5301.054909302754
3287.1498663887323,5585.802899700604
7723.842333347591,9284.53009779912
3209.1645716034136,7001.7876392718845
1480.8877618140036,8268.128368830256
8346.86448695626,7704.934762823773
4112.4092975703115,6118.574336334745
5708.337663416274,6883.98691740059
9184.440464019854,5607.0299465104745
1357.966212342272,3553.97303904867
5571.83896445583,2853.5258543894015
5587.645916480961,1759.4445491546762
8618.913057982563,3540.019818472615
3412.589723236564,5768.962861578132
4012.140896539307,5875.373122640999
5192.931618447624,6834.1933759255635
1671.999822447755,8794.252377151295
4706.613944326762,6518.481670319979
4360.817942302671,1708.8628151814632
1973.9447501662787,256.9774884610254
8330.225187976916,1968.7281919661682
4310.337617208371,9081.024028940317
3060.6591051848063,5676.546348603111
1303.742366021926,8486.069097543279
897.4779437028302,2343.084403348702
9602.268933900128,7098.806063926673
9951.534380570007,7316.74191337404
8979.25383803193,8095.3519447907165
4586.314321404484,5355.1415340793055
8079.15759812086,7935.115611138601
8342.821985912089,9354.443584568817
2998.0921064058207,9573.9345027566
5860.290501688901,1254.365791053641
9568.220167587762,6243.077012512812
2800.6780019933954,1134.8597208383426
6628.863741985809,9225.855248676366
6625.411251474501,9553.938664177027
4526.706518385449,4995.920159641511
4903.288552527379,9598.93210069094
4563.825122900556,7662.41622833244
5210.769230149661,6959.388104396794
1487.7779599515518,5807.577994953015
7947.4711199501235,4067.7759306778303
6610.751127809227,9637.801133316096
9738.222732912389,1970.5134471972863
2456.431890731119,8025.378969716138
1459.6824307427858,3674.5294148754883
3425.5406586249183,7532.457062288382
5097.414031485059,1636.8768846440219
2050.095544343081,3733.0431081687243
4606.010310719119,9461.463259470323
6426.132477143695,5572.952364086975
561.7129512540242,4912.489751424979
7580.298631846681,7521.06954347004
9397.112806630295,4170.536663471712
2682.482149232154,4930.245509944938
7762.22371651978,5606.069868217584
4179.342612335003,9899.869111570699
6644.326618979851,8053.732611350392
7430.16070080128,398.00279517042793
2949.736492910301,7836.177884179247
7873.975953966012,5029.755842274627
1051.113352417712,2306.6568531022326
9867.248477582207,8535.023186123215
3370.2498496134726,2705.3179739187826
2238.027652774965,3204.111452501396
1386.5404569269301,629.934562150195
8121.8212533237265,9776.049653087735
5858.903733500668,7953.823491149791
9516.702970454466,1481.0173880940292
6476.78390465619,4895.497640276867
3405.9298471843626,3367.471869610934
8364.125340085606,323.9408000268074
2812.350412368151,9272.210568720897
2908.406853803468,8394.102356007887
282.80089355379846,9869.276326862457
2520.2268912706295,2425.1478226631616
2614.342183043924,6994.1709079439115
2975.21507598966,1181.6930948462912
3686.285993525642,4313.932217897512
5766.739828201319,8467.395479940065
2163.9102013151546,80.57719061742463
6367.610170480911,4807.005441185392
1333.1505932272348,4346.965674348336
9309.108979514895,6909.984749413525
261.10235486305976,2379.2636937036636
9081.978890347998,1732.832846531257
5472.002596471889,6506.996223556632
7100.453452462073,6412.562438743159
2983.4273088840014,7517.837296444343
1737.987849044762,2469.134661287149
9472.947088465331,163.25729642155616
4410.0381774671705,8779.577148873135
4805.129013562709,2063.3850685002917
9856.784043163309,4179.6856445084
3360.687989823595,4685.005212916135
1001.9160200050226,1873.3489726156283
5869.142228630496,5208.295912094758
5548.075810196069,9142.906448352158
7731.043679123186,2713.539006935897
9550.780955043772,5203.397196922682
3076.743767229351,3086.963798233885
7217.964475205391,9807.25427368204
4345.030728729893,2205.9849408518917
7837.727896100271,1093.3026401437762
1642.769626212409,1426.1844291743876
5008.564171641449,3670.4959346202195
771.8692786921366,5528.515571748365
5611.745292023494,6680.110273572435
1689.7360922478645,5624.13120204104
9600.45069716461,9055.365775089758
5543.303316016041,3602.9106572619385
5293.745882884102,7123.336503737469
9723.307236853581,2681.8109043650575
4984.152867767553,6817.599701624975
6767.264640446135,9258.144820650623
466.8152898027278,9784.037626959725
7083.388155935584,7296.940269733505
1043.1037378526553,9424.464848252603
7802.346294801989,6804.3422280957775
8768.45832545316,9631.96238511688
3154.6786856442122,8980.205697567862
8781.300140506191,1066.1965100217774
4826.367415561337,4741.231645748768
5715.760811861253,3474.4988767950736
4109.828710862882,269.9908444315502
4765.421274622126,4669.042164271718
9082.708970170566,1483.5118671243285
9472.944031734087,364.5290771903764
4458.689420915573,4450.181109420643
5143.614727662008,2323.8554459665374
1161.749835467174,9352.918042080875
3256.211439023974,8126.973133589066
5132.371789178942,9561.711357744625
2025.8275009785432,8814.649099999091
5765.332640354385,7279.563920608168
6852.832338430006,5976.425743794032
6499.600454817132,654.545503627253
4425.124929882939,2658.07233849076
7693.191205602291,7107.410397839318
3195.224107913407,4011.80668902315
4692.769344161499,3253.642988573032
2701.548882638084,1039.6813403025374
6036.285900656577,701.8410971333822
4407.070332486201,2099.8780758582693
2171.1274654955314,8345.757988583788
3081.8495486090956,6630.159436472532
2794.680768472565,3409.4663016400273
9109.127196543328,610.2846596858691
5219.542754458351,1883.7253112655917
6526.558384621578,4498.848229256958
9347.337737018539,1532.1792335222005
1822.1779526900284,7626.004263105658
9368.93757197679,7886.350478919137
5396.372099186767,1368.7112084435448
8562.142092532524,7268.7131139258745
1679.9555490041928,5122.3913739375685
2729.358792121277,9623.815440759006
1941.710295774126,7875.67737162986
6534.217837378402,5852.982324571576
1407.614025459004,6036.178806263066
7925.225513932529,1789.1209250322238
2504.3629116419884,8936.274600640058
2554.754619794963,5592.4773886347475
2811.2129639097184,5740.9699403459
7463.88095450015,5754.183415854816
9242.159516096688,2762.357609382863
9075.100141604771,8120.905949556914
1012.5422101072501,8623.394783421923
2624.3690330867785,2878.8486220863774
6721.819659232785,4417.701201932379
6185.506407577827,1791.5088774628884
3500.290649055665,2385.424463192184
8628.433234146518,3359.8281644813055
1304.6627511853592,9019.893840960918
6390.318780852128,6261.596620346451
2730.8447569137115,5879.489944820079
5271.7462205173115,9467.574555577296
3874.8657044918446,7913.204716870663
9797.350994276261,160.50574922087168
4866.922737745971,1243.3461500284282
9760.933927893964,2477.537442006095
2550.209167103672,3039.2055621070035
7679.4093228154225,8340.622362256847
7170.581251923094,7699.085972505299
8476.45287462101,1454.4741576449894
6936.074637590649,5339.327054655928
6823.590981205424,1091.1639507930781
6607.077572786171,1728.8413819851944
9850.515720764219,2421.8768572208305
2280.977760778645,9052.95044125972
301.13684859411904,3657.2186317756705
6779.708644339175,9158.17500828106
1723.3776998555961,7507.407614386212
6793.839301609718,7494.059781703975
3196.8541082970046,8034.915795336023
433.5171740648791,959.6577740207457
7697.679922240804,8146.170161877521
516.4817483882433,2525.835407356859
2241.3831563502295,9839.31406148415
3364.0863379517714,8482.031585398025
1327.494505810004,9966.455383328952
9135.69160893126,9371.162727496
6218.36490916805,3597.2923836262894
8753.95946806438,9416.899948494498
6820.520629575764,3302.299735593639
9919.454060036618,6592.727210768896
5251.527988606594,8186.501229495795
537.6324129532461,3819.6972400616955
1608.5864435768149,2038.672572935729
5884.326619687137,8948.869476367074
3477.2853905764346,1032.8181321090801
1128.9280096528353,3649.7544653638292
2381.3974191864886,5405.726551763378
4745.707303675116,8047.496678205429
5181.818702163431,8688.449335181138
9345.812588033608,5116.3324986230145
906.7924830675589,5733.9675199625635
3578.07450167401,8538.256000848975
5060.492113911284,4670.12215467407
1132.675809721958,5591.028808767524
6878.020232766745,184.38818354227558
5150.280913172708,9511.187160942423
4595.119176984208,5667.782301110331
6560.805738320899,7275.743098566657
2878.1469104401212,2479.1297163445734
3393.2710168259428,6565.884543415232
1626.984983208173,4600.2568865295625
5237.259683709662,1124.7013965605545
3724.0875374918123,8301.66214074591
2603.308639257339,8393.387341927539
1247.4220775435185,637.132562719388
232.25204265160505,3906.052391264444
1933.5227144125122,2814.425891275293
2474.261968264203,5163.693046517419
4854.363067486301,4887.960473683293
2409.9662345773622,6564.274329497087
8176.534936674849,2474.8766149036774
4741.288901284929,2216.9943332404728
6238.107643167533,7233.26625780446
2079.383444790172,9762.052044526092
4161.281289743584,9463.444221816719
6027.773569645139,7919.862073577038
3110.458879323867,674.6806328145449
3361.97408906027,2377.739902632384
8074.251835419408,6896.27398781822
8371.813703234824,2957.7263238919095
5329.409324218301,3936.2329575893873
8964.107553091026,9536.833743435558
7366.820029963394,863.072683339352
553.0158588930078,8612.453679199823
5594.734470181492,502.9813295057239
6977.932974068683,3379.4240680659336
5408.848315285244,5554.013158755991
8319.758503177796,3563.8420947345694
3008.37129868071,9571.570259385926
654.7913314741116,5043.7508409355405
6336.205287851278,7338.390221852496
7308.00613045803,7020.653093748529
7652.538682911644,8350.92340274801
110.60523435591163,8639.141174670465
6733.7824832493425,4663.169923541871
207.27784302182474,8630.027594342628
7747.8601660794575,6534.498200398883
7031.051406315949,6860.609918079328
5674.139036419403,1732.365988703196
5063.24405975447,2450.9945770042827
7151.07863050268,6876.646778838785
571.9530835695974,2656.3364746314824
8321.893673215473,4900.399967082843
2012.2618790513425,4899.653018612475
4777.88863125842,2340.367084395395
4867.994247407998,5664.9405693408025
7771.235330411236,5637.560759460554
1929.9107040025142,1290.1595311953229
2997.4973893906586,3811.1479004020875
6631.079606327435,3658.26278991776
4127.717413120384,5620.8860510173
2988.6362305624357,7493.31219387286
6214.23222473238,182.33064641486442
865.7219025643436,1325.612387475952
7897.785719189427,3019.9492601999414
5247.492172342946,8104.13244997695
2060.2050930872338,4805.177576073976
4085.1591730057744,5108.865871016615
1310.768012781619,4092.0832614394267
6165.811129293514,4151.447255203587
6693.006313183777,9775.569224411965
4052.8592810067275,8986.40852724359
3396.9048824763804,7258.6735335762905
8497.847491411552,3240.8323380127135
5760.692437111085,5136.870372428513
6670.212720451503,6894.128921184768
1275.1911340194843,3945.7529767372835
7133.252942615788,5244.729849267288
4446.107745230976,1457.108876470541
3666.6842278703416,935.7664371977381
9294.041996488015,1673.097432417785
539.3398719597076,7556.571430025471
1956.0640489945147,1899.6202530441853
3750.4008608704166,9247.216794868913
3240.400971223949,3685.488496735051
5106.838500438239,1690.3280875473558
4009.0205256096256,8252.441345273359
7882.890588402506,4566.468405923753
7680.0055316656735,3884.5984099465836
7723.747760369498,3294.531763270562
3693.545525780124,3305.1247006105687
4073.6847776144914,6634.410119228608
7204.619285175255,5406.481445198752
1241.9836638693082,4676.416236636895
8519.196171586425,4470.4149586192225
5412.582378131941,1420.0105574071254
8485.452204449155,8278.771369331003
7936.029809357133,9268.477458515861
3743.8308537547914,8022.063215094471
1015.5970999903697,4512.670322907655
9208.302408099802,9721.936038442238
3446.0534971658994,6186.443934296748
3737.416905569876,7740.828545710068
9090.485010491268,7412.233276628698
9173.472029185887,7078.13362373509
2629.061868942519,6419.864278156359
889.562806460652,2116.120701968013
11.080262304651312,2944.5372830837014
4382.944846219564,8867.175048290004
5685.734016273842,1799.5962834498469
2703.3800313214674,1519.616610172022
2597.496510988164,2841.6076711576843
3567.850453979742,3624.9309974982257
2630.8510295341002,5531.295350665788
8584.384045522442,6055.380634124838
6428.423911128044,7906.723281602463
8289.468328822328,734.0668728700228
8604.782496055124,2082.341169480333
4350.099460061394,5051.619055377437
4775.774486299732,2508.1260817084662
9778.195986926446,8734.851983028117
8168.399123638508,6401.679720810814
7978.943208261092,4902.338079161302
5837.132072726438,4.436161033302133
4611.502595466029,8586.482268253669
8946.106966482203,4608.603765738866
8045.5696158721,5314.092426008743
5167.889073344693,6982.714639144782
2704.9080197404905,9374.553973928263
1472.7940395646665,1582.1000379999584
5527.057085546244,711.841783788384
2960.3001981794973,1219.0890951435251
2642.1578615303974,7407.241911603551
1057.862343607192,1292.778275107197
344.7271989165568,5009.810083522864
7833.538225692199,7064.949369102318
1079.8506672023855,7127.61823258958
8886.094666634104,4063.5264483439482
2137.8280759433223,6986.144359686187
7596.756923982174,9500.111176637203
8229.994802102778,279.7883612019247
7925.559220991167,6713.8013982097345
8728.5582006679,5226.1809581751095
3397.2085703420175,2125.8852240292003
9858.884762824422,3077.121956861577
2795.947006101396,8371.505652962516
9342.98089897932,5868.980847688767
4374.400948560725,145.30345959392733
569.3199320709707,9653.613303455313
7849.164693050371,6661.842631194279
7874.108329531724,4426.427639774244
1972.9789447273172,7123.334209564265
8235.124481326502,2045.690297478503
1575.7940295213068,2604.6735034622293
1514.316589676542,1521.2626349363768
8089.192879339613,3970.7302277962076
2902.1912430754137,9047.002846925752
768.7783516158809,3885.9038988564944
9563.439859237465,2880.856968608865
5570.401559292054,7035.638347466105
4480.774894323233,8696.05597699258
5041.100438610606,2442.3215925146524
6704.502771851815,8079.216847704121
8616.659852415349,3048.048699625444
6725.788883075845,2473.1619986842848
7395.263929694876,4729.567995754555
1801.5308005863174,667.3079918877667
3840.9306978747227,8622.363736990068
5848.097930109899,8743.406976662416
6194.06493673085,6773.767271257144
2706.9311173169285,3028.853817380406
9749.822518998477,1667.0878789230726
1181.8597216122296,6988.048340409412
1122.7834815649162,1030.8868543097371
2291.5019883448526,4111.083103563392
7539.1326525898385,888.0897289950174
365.5128845715017,4264.56760069169
9878.65778603582,1344.9425822464855
9877.29446526484,321.84195041238485
1596.8419662732592,4497.343740004945
4012.032742781797,5676.938861042174
2039.1733947244827,4393.411620882862
4080.1521235710147,1761.4768191934238
5328.628142511795,774.3135543915869
8227.319511953361,1263.669327804291
358.0729780748337,7271.139506229012
9868.976711763378,158.76152295963396
9405.629598651294,8633.16337532596
5704.172989390586,8400.891405962653
4808.963788115984,8804.688605516236
5506.447534677762,8787.453971105204
184.40926422570558,6675.154192809493
7376.826919922066,8474.30910438022
4964.359843278486,7303.302527398884
2860.399194676898,3001.20867960204
4615.435588271707,7551.272426154687
2925.678022346879,6155.764173521564
6999.507724779798,274.89938163364536
6144.342037646162,7863.595670866848
3880.92599090059,8708.350686858033
3142.4194199127155,5174.725797758084
8780.366443752882,4870.267395863248
6822.386436483094,4272.703292625464
7157.818171696403,7188.348020016712
6186.055919288922,2154.5366335096105
752.305502346241,7739.344265038434
592.6248669924772,2923.4325828610363
4291.715184069466,2614.972185780322
9304.999570557893,8091.7942764377985
5247.080788985718,1743.7569439792132
8758.845130934276,8625.190908548811
965.4984203605587,9778.65722912129
7242.610749346629,3198.736752092207
2453.378549608112,9278.7372293308
5244.961598024162,5664.146968086146
2929.2107035407575,2593.3868187452613
7123.333600020745,4526.337311682093
4008.8905277052622,8000.545038558301
4621.684924995937,6666.372157591667
2453.4537318152916,4947.824245291889
2814.5801530639415,2573.165590547728
1794.7569070933523,7257.943329885983
5537.985473681842,3133.1786442895213
1449.9695603144603,3309.487898615602
2682.0261167236235,7468.822108812525
5304.613546480865,5584.330488053983
2748.3129907758607,1858.3352671677223
5884.996597343284,6871.117867023455
141.64004458195768,2580.5246518780755
9732.227876999445,7604.916796301552
7299.888563804402,4787.168908973541
5038.191285471449,5949.852891867468
9208.379198842984,6009.7669957778
8697.660809449779,1468.1050333681533
3665.543199484371,6504.754524457085
1161.2917834948987,8671.273218826533
2522.3239207675806,8912.02015198326
2086.892694641356,6885.524202007042
7500.574355421744,9689.760945269127
5481.098925130063,5982.761654781469
8500.981831583604,2548.7316179804975
4897.0075046417505,6601.728027452504
7697.650549113666,9091.76077082128
3234.228375938074,3588.520506971767
6021.508030174037,2648.489170846546
6394.001829263013,9665.042942949789
7592.870910017443,7665.4927268130805
7994.884004190875,497.7823037730578
2765.0304230487677,5611.828590276571
3850.5800151555613,2344.309287134815
2071.350908546915,2868.164224144396
7478.343705157136,875.8674219826956
2707.282636532402,2309.9566946271266
3910.1920178233017,5052.26963211584
8030.264755663209,785.6342581199171
3398.026404036042,8896.937446732409
2915.003091677629,7754.029803581883
6511.814330425662,3813.814198603105
9753.735857775573,1302.2759393162298
626.2396911493196,9939.730082024935
8347.88404580431,5633.06674932052
1216.0483425989078,4229.752658647699
3448.981172582488,1986.39217030272
4167.17932632925,2032.165928275732
7187.393601059867,7962.091584051611
9265.659308504237,5198.811734966193
1020.1096028236145,9840.019608581015
7448.084521182475,9530.977283196313
3222.9239544123343,2068.278025810296
9019.10995691909,9993.753548255867
2782.168202942216,9865.94839644748
6938.619496459134,7992.795481148416
1647.558003622549,3909.0985351740806
9579.470786665832,2241.4479884270067
43.24338594380639,1031.5870729830756
2328.5197731258068,519.7423002870671
6759.4411603180415,8208.023833265343
8535.242298891719,9455.616193456404
9935.573092939327,7725.573194199471
1732.6063693954263,7590.388411452068
3071.438396898517,4151.792933297139
8918.520210413986,6411.809663481888
324.9991584702561,6712.155944242048
7333.218223056637,2572.7901622210934
4230.519230220289,7386.795016760409
6888.180198785083,1461.169664240406
5249.0012183998215,2934.5618651783657
6271.118868404127,5897.083767626505
6666.637102394958,5395.742567511098
6312.459447968033,7045.814680944393
6645.629779470779,5829.137529219079
5683.479326356473,495.4345454880438
7138.953583613707,9777.029971245049
7760.234732162267,7634.889576164178
7879.354187945043,8804.311974160082
8535.130987928966,8039.281590724562
3164.02420502774,2123.9369410995337
7457.734308443524,9327.087551531598
9466.612912703295,9840.836976364151
3674.680789351492,786.7221049712304
7776.41115731628,1584.3520915546171
2914.627778920882,9902.938790959279
1755.6926544131657,2934.646181484145
4464.268921345574,8198.026720807313
8065.321591132667,741.4306995157793
3071.2251965595174,7324.409264040217
2949.3936821753064,7013.9499882402715
2776.7503517299074,9376.44570162323
2181.2098472247144,7287.16736746025
6111.109928205504,413.9962044145473
2433.36885204114,4504.527814270756
9349.028220693843,3478.906143882674
3459.3104673754815,5707.2632144946065
5423.987569753451,4283.225510144609
4091.704621408523,2808.431506196739
9627.15734090869,6610.448726855909
4240.115034111324,3111.359386221956
5636.944482280372,8506.573272849291
7634.232599890378,3229.937875623843
1712.9653721755144,5153.342643709079
326.41802558667223,8260.217112977478
4549.1991528671315,8228.892028960005
5506.410679634039,5860.92157123241
2870.610387019038,3799.208287843846
4625.046658357518,5579.394864459907
6151.604558348351,8496.835504322058
9732.729573060053,2187.81218447509
6017.771558011328,1224.8510806139911
4488.572963541418,5820.322228842456
225.28493962539088,5740.429718866096
3105.8323192905145,2931.4822889198244
3584.8596366462184,4344.60807948513
4769.445696497972,885.2847134447162
7821.710627701225,1307.6027031635972
7758.8737617872075,8283.318496387117
8452.859834315577,4644.731670181672
2899.925588665021,998.1305411483111
3464.593415177629,9618.68462382572
1502.388905740555,2099.4144473057695
8574.157761834647,3169.086658575937
6522.351650993091,9725.350285786188
775.4990582115728,1808.8585158491921
3036.569978188556,9687.254433847811
1527.2505131544167,7222.398278273483
9692.28156420276,4269.228411575774
3246.0280856450495,5949.292083538292
4964.673185690524,5078.92090988592
3179.020156308747,8047.3778611896405
4742.965322872205,628.4284472453194
9986.22145766988,8133.919738140332
2873.887761069602,9706.210715178457
2826.2205342814727,4295.729358070831
3713.79571216121,1914.0235685205264
1693.1677337133945,1088.0919390461308
7389.917407128296,3467.555641610085
3793.403012413716,1306.5431934897965
5808.5877729396625,2297.116167655486
6613.030882480143,6544.361111046183
354.43632462042626,4157.78191372517
6440.027921322574,9010.20395915552
5327.693591465298,4639.030537526303
828.504103829325,1541.0010750178837
1244.8652077384038,1386.4149415666727
4407.984244365244,6931.18497690305
3463.0771464406307,6339.060846792182
4374.958049850488,7078.7075122784045
6355.150846281577,3387.5745739065887
1544.248112833323,9150.310419561465
6624.446147124654,1137.6196431177232
8181.263854225421,328.48541171672906
29.282320915400284,7421.465508521143
3684.6360036947544,6770.748271858614
2751.675904219105,4935.605190773764
4319.997774966397,436.93029694499063
6152.787164951233,1142.0042850432321
1875.6930132050952,1952.9833018425702
1340.956184843044,6387.232150618679
7288.384105162094,6630.473702722477
6857.531406138728,6769.1433987608625
4608.444939798397,8030.489903239386
5013.227277198118,247.96044132302407
2698.6124200741046,6432.6196743212495
3291.7912762022374,2515.6306793648473
3200.8257676082917,5710.376166650833
7263.351086493569,7378.756986803352
5556.43101795994,7200.470241834669
7294.886693533431,2879.0095847471907
5907.166590906519,3553.0792341529204
5456.36308817007,9173.033058854407
3205.8195348290697,8488.871178859295
3954.6580979643577,2570.066346989752
8873.978760864646,5870.377083412539
5759.300006785847,1072.7649257870487
5244.552973859551,6538.679365601053
531.3147644655725,6213.502629199333
6708.891697620847,2639.1736345699346
6860.174479394726,4218.3975820985
6906.56569823958,7823.065483389749
912.2211426569115,2554.3803481795635
3004.552600154906,7683.664552523491
3712.260462369609,3163.856914651012
8264.968959280694,8395.650777513989
9806.727341158385,305.03856081358305
4147.475934757276,2581.480176663679
5542.807073324793,1776.2392042335418
73.37258676562763,8905.69019101423
87.79281421117724,4285.197790232261
745.0022905530196,5456.00733363194
7194.6644224383435,2420.7679765090397
1781.365978210172,1283.5544478238537
7578.490106529152,5982.423371424642
4318.761514946535,2832.9934604426944
8499.69008706956,9288.565609557763
8703.163736022756,4763.498235907027
8798.329081563827,1381.5974269315022
5435.026380764974,237.910456294117
7885.074302322843,2322.8007314929478
6619.122336922288,3199.230965215998
1867.1319325805603,2069.675401425163
3815.167255102494,3656.0143949462786
9623.623520880437,8789.645156612565
7725.647014054083,479.5251883621121
2629.9387695367072,8012.285805119066
2809.7433751567046,4257.914993475208
2541.811228457711,9064.17343105242
3288.150254971487,6670.50176028882
9283.073762634136,1649.1673488799452
4335.422905441982,9594.99628127862
3642.524117326036,1547.1465881420909
2391.823353984305,3362.9327442284753
8924.080648540741,9788.051098816368
9573.765604031258,2118.4592857978278
3235.414505833568,6311.835394772959
6166.534232475291,9775.098784003188
9584.333474382389,6889.194959806337
4994.800010124559,6627.623099466466
4686.623648676821,6215.457468647918
5276.942496552944,5554.563489926605
331.700319103464,9491.541251374403
3001.1901065544653,5437.567932955753
6989.9221825715185,6632.956247590648
9667.295560964869,7388.37840426826
5687.4472018677825,5277.101507031741
1904.758351042609,8877.206216703891
4268.132713166169,227.97926312615792
4900.196852217329,3952.6820888388447
1522.2470994930259,6166.296017677736
3292.828010693303,189.72176925404426
4450.645422977523,9368.976631246993
2619.0218374022625,8263.800198800524
3538.8639894246908,2190.359946346626
2762.443604754977,3317.7288488117706
6128.2152250888985,6771.5023489831265
5786.02620345209,3410.169571407875
5516.952610535342,8567.60012566666
967.3531920987876,2484.7492373664004
1835.576468932395,8182.895474264895
1108.2716896076838,4646.003509227996
632.8096676967931,4533.730500055047
2468.298802087139,1684.3717243082724
1945.2147109582706,9833.71234867667
7249.963990020481,3448.3098164268
6958.868193993207,2046.211571090406
2013.3917883318786,324.41722449527475
1655.6372328407986,4935.107631468685
1448.9575351543026,322.5916934335837
3200.4997062236253,4553.60792609606
2941.868683771288,9026.443155936817
285.3760955459217,4979.706683293636
5678.704680697782,433.10668650198835
8980.314694776976,2643.7041131964165
5388.566642467874,487.46556260858
638.0813246796769,8820.351911953816
5995.509541949889,2401.081152802249
4849.560359643797,650.5619834140308
9069.28844789767,9645.359776885969
3632.1944661339257,4871.396945107876
7519.820304355295,4056.3751146311643
384.40251361591237,9270.79125778296
7214.930854168543,5308.377861926875
415.2659798279423,2814.531084837795
3447.152777025284,7919.7039531306245
9480.858237456092,2717.834430529986
7032.048031123406,4428.268610829055
9250.23106061072,8031.710332241555
4958.529695998709,9314.402361088587
6062.166253149008,6058.981162572635
5177.483055547939,5048.10949457351
4788.6458645118155,761.7312333314107
5782.3063041754185,6170.192085135763
388.9935508464415,3265.9653346848804
1856.8393785575831,5144.985284796012
2146.2155119117397,7446.006062517985
3828.4893160960855,6402.028963832206
4345.551431526187,969.3318575348453
7397.181379698225,3972.4523073243768
1655.4007822474725,1994.9417091677258
5698.924908844702,1511.1880407114832
2722.8914289465833,2203.528810269528
5156.537444187627,9206.836684880207
6266.1532688149355,7125.091911307988
5824.50533553855,9081.043734690156
2153.8079798345443,5064.586784081264
7094.531295373664,11.210634536134023
6537.878573421589,344.31845443399834
9320.032833031111,1446.9522293375337
6341.519245304044,7807.195246190031
7203.24408034855,2016.5778302051397
8110.276529172535,1015.9633998974482
1060.0428274075014,8609.929790952967
6963.342719208928,2285.401881259678
3185.8023057526143,5024.183142093209
8231.487753294177,3394.7147004752956
4801.8051036113775,8965.527307605073
5806.158547840479,7047.506789433121
2603.3757415599935,4539.181148697132
6505.651185795476,8630.599344482343
356.49330079824296,7267.315391588658
7485.742842726223,8088.7636211097515
1632.9584200619495,9775.658146063259
2275.745512086743,2031.5179830413988
9.102628528449008,2024.895980818645
3131.7463490691953,5565.013588226827
3882.492180614684,5326.08345681358
2339.996971092909,8691.18725393246
2302.104121003895,1559.132202183262
8929.809881216821,4250.427747378658
3264.5250403171035,5279.110761859875
7222.821079558217,4641.383203461203
2373.8149320846182,671.0283965547203
8090.4122822656145,1478.529157902181
6777.419912049179,1535.6474537135678
7562.0399231540205,5960.311119211107
4395.367685921786,4288.618963307396
8795.645652198496,1781.7229471438422
3740.124238733076,7366.528560824953
6008.950500489241,8029.661859398118
6400.721142429376,2101.335976217671
9522.513859725288,7227.643317976573
1345.22689161787,636.1478685065857
1356.0514714665217,8559.39314437435
4620.514166671039,9627.250216085335
9178.756196656414,1558.6885587945865
216.85107971407658,7861.599542592972
2762.756072989833,972.9993292569771
2835.8632407731043,9612.514744394495
3049.526028018895,4520.716195627703
247.049691131771,5352.775672515176
8256.063333304683,7638.961608100392
89.09452660077145,2487.8287018470046
4777.039539928971,3988.610711693612
563.5902303948615,700.1166748303167
7986.440296290373,6146.205241111038
7465.858369843289,7993.312819657841
7215.30861664715,8518.407598402751
7362.649441084913,5363.51342039323
9402.395550995403,7658.0558347379365
4168.10912816769,1499.0641064710464
8615.748039250786,7434.129701857778
1842.3225305998315,45.39023301840639
4512.645030884104,1948.4529853619304
89.09094412893448,6346.375856614094
2841.402933110655,3205.400105912837
4581.59476121846,4106.095285610676
9092.898384256127,8260.668702498391
3169.5156524835133,5710.964111351759
6724.0855271272785,3989.6433044948585
8339.668053818466,4657.628799268685
3265.297313036697,8484.309965298202
1692.28201695091,4855.914781492133
5911.941441266417,8753.49420124445
2843.838483971237,2470.9933910385193
6524.52109189216,5337.572639148865
1347.0104333526367,3690.305257250226
1515.9484367525965,5912.978869371927
6759.2306838842005,5755.105439447177
9735.594399719394,5713.0940538799105
2468.9631417966098,5277.73097738183
7139.128343202711,4544.319525411035
5320.4061180331855,9103.72955570036
8438.415328663383,2679.5328400788176
3888.859923772905,4339.537460338337
9717.13996029532,2112.0807373136663
823.9686889686603,3322.541119063631
9846.478369418444,2489.826137847555
8462.373113802765,6697.190912631278
8664.581277476756,7076.1284474281
8424.034375786872,2767.359241821129
8618.636788196724,9836.130964447748
8151.525953184059,2842.2582440882848
8995.171362273079,8283.935354101071
4608.007413822872,2925.9914139315756
9392.909470184128,4131.929477458859
3849.6285307322587,6647.1859378160725
7285.1662433434485,5576.6662189816
7103.525766383085,5062.019382529002
8208.965023687979,7942.191602250915
7383.8263581546025,7077.2083418489065
353.7950697039116,9141.668239555082
7391.5283259913385,2308.470830093504
232.96766417752247,163.18228642715926
5332.303119270721,9998.584699790306
8389.493069830123,2834.145892299298
8295.751606418908,429.46736486403904
8413.129912580216,2473.4889512043433
6024.106277775833,6687.803067572956
1838.1204569071808,5881.110898993514
5079.781179747799,2067.085774681907
5162.118899219694,1862.2274730960853
3247.6775088619124,4443.422906992519
4240.992759172939,135.05842891855525
8721.76668365151,23.78861859379522
5179.2783571078835,6168.491199089537
7047.43820672414,3252.855108758511
4958.114783879501,239.15583195522228
6174.7129728087975,4598.078466940558
925.8699767782219,9355.564355720024
9313.882068447174,2549.150553918803
4359.330663893772,2510.6335170339457
7483.026692872553,4679.847244757893
6671.011263589489,1484.6082111427672
7992.7218362003505,6379.393260000266
348.7290665049181,8392.556893322502
9353.518652069222,1945.2547247363216
8297.46844704076,6587.331471459907
8337.615609020651,8880.04616142708
4671.134422292919,9030.785220589081
7963.239078909086,5528.836061437886
5751.820353077633,1522.9391833040872
5034.7803596385775,6591.716314457699
7849.219742826068,7348.138200101603
6278.000329317556,7543.139083475831
771.604169846305,9343.39039864091
3145.0962151819317,6152.739443066716
6220.927047582295,4661.12202181734
9038.009154460062,5025.509561090013
9330.008359807964,3215.4207499749123
8389.11622349041,572.6598020023544
2543.1253956154155,7174.6596818211565
4733.818748471931,198.49714133667428
4333.903946721024,641.1321812070947
4386.852999145358,3341.2704984953602
497.8458284107956,9310.645250102823
1736.3803533944733,4831.339522077641
1532.6023514279075,2151.7867981488757
6172.68563237028,8970.490372497787
4117.983635864759,5716.908233103436
3243.8800268710856,3698.129180587265
4439.050903986452,7157.219768877581
3242.140496471514,4411.215917242367
7574.698196415753,7299.78624097075
1670.4193436173798,2183.7657595178707
561.347341733337,1501.824261716177
6507.054225947727,4609.37111830545
2305.7915175362755,3195.970650858518
6433.54276529444,6051.529229618117
585.4177345405465,7887.927737036804
2470.9712297837796,9015.043367778306
1538.8385669518168,7605.2774531424775
2906.7331079267424,3417.493078963304
3288.552531329042,7273.6577628300565
4951.968051955804,5298.862025594385
5201.386452999579,9060.806253599965
6300.980389312795,7068.809360781832
3316.5212169484457,1502.3733400759654
5320.212427854949,780.9554324008061
9901.173272493364,5438.380878275838
2106.3927589992204,3650.4212976587514
1527.0580773011632,1680.9691792298254
8425.641022780279,7976.542599756158
4103.655989517199,3754.2247401096697
8468.836856685723,860.1486678510994
4246.89010660107,2622.6644109730414
216.84861846444247,6768.839742781432
3748.7303789327198,6479.389739080967
6101.306822336068,2624.645722519984
4475.547621048079,3412.057653800341
4593.429685582922,498.24821025772013
9983.15942045242,9532.638140246469
5441.271674823414,3271.568874858152
6969.397551849924,9294.10396736908
7209.729215852323,8138.803428662491
1.7125536797524266,3351.804323313574
5524.60978194697,6941.476199351643
9630.562755681627,4736.253719069106
7508.22822827819,9766.51144698575
3404.2742045786954,6384.8740746512385
3645.7121051393137,5190.7432776165815
3036.171977864215,6379.699169185731
6302.082702182322,2202.4970793359375
973.1548969531756,3063.898920130178
2900.0041380288876,7126.957011782122
4982.1447572544985,837.1874033343985
5352.1707034706715,3025.8958851821726
6074.076696512082,6195.669001331075
7972.2498605167,9956.964120290395
1632.3642680186244,9256.67335413989
2250.152232713756,8322.220545657803
8723.12803104723,5008.209131350018
8311.589256585767,8047.442110216185
8215.707246002876,5589.278313994213
2086.157789813702,4584.586735080825
582.5667233320386,2235.2361193949378
5234.148587854598,9509.303116341602
8700.42794795425,5982.018312829492
2375.1688317722264,6753.58329373414
9042.003011880533,1410.7779026803046
1415.325017560538,4308.510261999012
2980.9619992964545,9646.628123615812
2982.8823709619032,7576.6954986189385
1511.0016987187912,8828.1425870524
8727.781728358457,3958.7993540792
4125.899427802374,664.7338454063434
1906.5745140009137,3514.7909684131573
1472.4424893777166,3759.944313057925
4209.141028180735,3011.2317708503642
172.88390713187218,5267.056826224065
1210.560940959996,1921.3110470358797
36.980855153785356,9376.712389212471
243.85466236524155,9075.24131876192
9973.737268480056,2616.0130427737063
4488.892160223162,6514.845368896744
7289.2477851842295,5011.395455739604
7370.807486825306,2500.6807705108235
8804.074759575837,8970.991440392345
1037.457840286078,2310.6388851086645
5256.725018621323,6246.227314001649
3217.193607678319,3353.5589664951895
5484.823356832738,8261.078300412059
3321.195265554958,6203.310412037454
1836.5794771751853,8325.931694586518
6728.27226991345,3477.121317208904
384.28940865836256,111.66380854149116
8953.85526853862,2216.5546057539977
1462.6545274848124,8144.151882443668
6151.442279314022,3168.6682436995106
7542.04761094559,3196.6418310329805
729.2747547289314,4496.41410415214
9032.945679694607,2746.730053848798
3561.771859860596,8070.995830231009
9967.264257409573,3217.114145696639
687.8192044678356,6039.545314057235
7167.733945262219,4510.258314916054
1607.1444367097642,2873.5691898256446
4026.926107335631,2653.103644316005
4432.124686524004,5018.940807667379
4061.548457187484,2108.452760549041
3375.730732276826,3456.383694879107
7672.095207411149,393.78844020224955
8198.895291175204,7903.028544845938
3356.141834382842,436.40327013202864
4826.449115436702,8722.726179060579
4217.57997630278,473.8201655941876
5935.168652765301,8481.736370528757
1502.6602525596277,6441.636326813687
8056.849411136867,5059.498130003875
7970.127181305317,1449.5389582272255
5904.1315857809,2567.8122464035446
7461.442279361431,6901.362050731601
9885.051679024109,5121.503598200773
9225.080080230518,5143.460568556022
6114.489488658152,1332.340677639886
5114.014237606473,4750.978703601894
5345.270614022391,5902.723209863723
4666.1450342844755,1223.0641421204002
4802.259775845245,9743.350653512269
7320.370107345051,8300.501908335937
9921.216308348748,3174.6506706091905
453.14297249718584,5633.8692792382935
2301.881219534495,5589.650445038543
2102.076368531006,1066.3196634986439
8328.561800876509,4381.838750618108
4197.238506593226,2077.623326580288
5251.3226712161395,3332.1972014101652
4691.52335292352,9438.695081160928
8536.812868816238,5513.235058716672
4997.198010875093,669.0401796543144
6678.4599164904575,6722.849852827879
194.83518720180837,9986.39967548179
6524.544445671152,1676.9617829932936
2409.5171495096624,6829.198567169542
8668.686059134172,8242.587813747361
7515.541885546559,8440.618775223045
1092.8689971211024,7075.273275262221
1034.7160358867213,9098.668995478583
2929.982873665724,320.8952060125514
1257.6359512630509,641.6847658451552
7403.279022224273,1345.3994290217863
9868.164971241347,433.135428200393
6552.567326502057,1199.4785264762709
2490.466954662677,8169.50656157168
5642.723917205924,8964.574246681601
8056.491286091298,3359.8377644661537
9622.07444488209,9571.8420532535
50.717376497401155,4184.41293413645
5236.902913519934,1719.7975384860365
4532.14278944233,6813.018584736339
4144.927263251909,4203.155256830121
5038.377063242053,194.34134375900913
4035.060218176517,9663.55898053419
3440.1550242780622,5978.985796981683
1148.0776132471549,6133.320585917943
4998.456027793813,9826.792927315822
8210.514152415886,8335.046151220793
1047.323314945815,3626.6529747681207
7384.9135995370725,418.2744093995894
2677.6611850428635,2223.807636206263
3812.4331597523797,3515.277821017222
9880.847028325143,9602.534587932503
6752.114228161936,8886.698902567145
7191.123197082988,215.28206355971858
6023.909361745371,9872.276365495229
3223.634970427357,2571.196444437421
6751.158833063312,7753.721349067118
4572.683222446334,1165.9612854136215
8320.828028753478,2203.1721478007003
5710.5715995545115,5054.3253763539915
7712.360010970436,7036.119406368722
8485.081080993199,3453.9880786901135
8211.196403641168,8732.554891638716
4021.072657180941,9401.947754736926
3687.5657582713193,1225.6504410323876
8690.675545242408,7185.661234352324
1431.0015864026816,1319.1027886120933
2794.0378040183678,3407.654683664054
1210.0953767342126,8195.607048117514
420.9132817358796,3363.527977593507
6158.610572350285,9073.974418726277
9007.805446071685,4114.720638791474
1294.1600651968865,3097.964078862856
7957.09025573487,9891.23484562278
3793.399100804813,4415.03335446451
6181.389151434448,7409.559906938943
7637.417273520244,5994.528909059377
7100.796140678753,2024.8564024159011
1367.039520008827,5003.126649538967
1153.8580713424894,774.1872521209325
9241.933713001152,7087.452435431662
794.711500341464,5189.415234796177
2183.9969231293235,1223.7585669063699
4383.474359423134,7667.595204855037
8210.111007883965,8045.617061348347
6026.259569318646,7338.296809083124
5711.833761535884,3290.5711499341696
6919.548409757177,7231.683034760621
8021.585389858631,5777.090383101649
2325.224837067692,5438.794989143225
189.0138297580346,6487.429513207549
1271.9717519995677,6300.88757775644
1651.6396350588757,7991.455428509214
400.2303821442454,9859.845790626221
7475.180365504485,7262.774337111087
8849.24682240663,4417.7270198000015
7106.498585538865,4616.680050240665
1886.2322344499028,292.79543758242266
6064.448042607994,1599.0607138013136
5206.036784946163,2281.6913932550256
8199.634372246504,9903.256807225787
9422.987400912896,7630.987022572929
7429.348496117596,1415.4500010302795
5125.386178964845,4983.719666106241
5110.482583854433,2135.332743160818
8077.86867079894,2976.1374063188127
1225.143524038531,6045.795601572895
1533.137626350609,5990.378538580316
3435.1274426831437,8718.054927478655
7471.389965183815,1645.803847357935
659.7667616815295,4974.017853817388
3443.2365581888935,5988.323140345006
3185.4045624632645,9304.695239760185
4857.376095150411,5164.233365468598
4637.165095908017,3406.6194399667306
7144.051877291806,2921.3870412408905
6255.610749713703,2160.9911158322448
9027.699842867554,9623.677101785086
1806.5643419148537,6029.38319788038
4320.809451563531,3035.232858393606
4000.9560890400185,7451.1338724989655
1125.1849360226784,2892.749125116667
1648.2763496471975,5038.377386973314
3366.3060773062925,259.76270847019475
7348.0232603938675,8465.703166905623
1501.6123111191648,9565.519840994337
2653.18407250159,8657.553375206786
6764.2032813648575,1711.1372177576022
5966.540338221882,8252.713662576693
1043.9386259514838,3470.070491314855
9437.05043518827,9362.816869084643
1480.2892581691185,2990.7789714395803
614.0719852302967,894.0079094994513
3042.534234221238,8529.204791746783
264.67547168557815,1166.4652656477092
307.2378977657186,5414.350828820089
5787.321955212392,3759.478956888109
8929.507668609125,7568.542234639868
4025.4439487782856,7488.995432253408
3021.424859296782,7761.375035465458
9146.272546002892,632.8213124186389
614.6130107728653,8583.753411208218
4733.125809791176,4663.297588093447
2526.0234115368885,2191.841906693093
3817.1114870359256,2988.958143950574
4107.939216475304,9027.423128466355
5451.37620901005,59.931402940412994
4532.509561550716,8017.221082106986
9880.494294094651,9239.295806123037
255.11190248887706,2500.546964547112
7576.588681623434,8220.02519925374
509.95308216160385,1610.8993780737558
4310.7029616009795,162.25216042070167
2018.468474244608,6045.743313305882
9453.02300541623,6462.02776280058
7224.903927904186,1501.4230713589905
4628.471623282349,5124.675440543694
9522.421173730323,3854.9165648489125
7212.9462026591955,762.5813888942101
9519.403789428294,5077.422832457947
7045.748724260669,5851.365824715809
777.108101660452,2171.720584063661
6163.053699275335,7397.796405640521
9803.497053489982,726.0144473384366
2141.8210044409225,5509.951825225996
7927.396840642914,3033.902146964852
1846.3206421288903,4360.730745535931
4522.371845391193,8934.735345188416
846.6372103373166,6699.542514120845
3405.8614304396738,1488.7859123403236
7762.264819775997,8863.060223377259
452.68047951273485,3728.3348936404427
3201.96635512778,3412.8452634410987
6297.523152110285,5015.3642212111745
9485.574215020868,2052.9399321719434
2453.5177001005513,9142.359853737893
1731.5000963845262,4678.890289236331
2036.706305638294,3938.2269977500773
2368.08736840277,1709.6775279894816
6383.215552406787,8026.814528368037
9986.678517824064,9528.355632681134
5235.912811148954,8695.926139950681
2714.3078098578544,1614.969627656413
7469.597708192639,7516.154830787676
1582.516406107003,2041.6384593251169
300.1417304579879,388.3439332091454
6052.64968964438,4844.717166129544
2102.9555425982117,6703.80613614479
3992.3725180732094,1242.875625576969
2311.3663997470135,6055.189566855317
9180.617328862674,8436.455000937094
3379.88641638314,2090.104472047293
4490.734883128596,4277.893796884728
2348.429755383594,4988.007272677828
848.5101161066023,8312.117511467084
5125.566185664424,7713.766136508025
8687.232692164236,7693.276387210748
3516.8164831788285,6790.38339957139
7809.6860425793675,6177.8914663915575
326.12323304415213,5088.875242571882
2355.0864580866414,3696.186494316044
1314.9532705831846,5132.276131704121
4028.8239781875554,8537.197495142034
8943.329287127704,5705.885356766657
3735.1193049005105,9856.05857866084
6033.23629002106,1425.3318603009634
8981.421192564709,4411.548060441598
3597.865511261565,2002.804860733951
3657.556255764284,3650.9990797826454
879.8304077648767,7897.643740407036
3490.4965147960434,8247.744575754845
7461.598812778872,317.1911678922157
8446.293786570812,9533.695796466716
7227.505153695296,8718.719806736912
69.25354715853538,9049.697584412113
1169.7680000546607,3767.7939234675264
7309.819979714381,4969.598593663118
9423.966586184593,1685.0336731549098
6953.6113028681,3968.324073314563
2261.0331317105247,1261.4614797745348
1075.5836059503988,8632.858530340243
8770.162835563939,5811.297800453743
990.3051195694312,1359.8179219160256
1510.3696374400067,8790.655771995287
5966.927215285136,803.6840976429194
1899.9707803089661,9269.473167645596
2275.9335597487975,1057.493076039364
1422.5856887305033,7179.761961857745
9443.261995457407,6453.06918958311
1249.251812281208,7827.014610727508
9313.320624713097,5647.700036567359
3261.9697778889554,3499.215358850416
8215.594900551017,2744.008956309896
9499.975694873152,9454.706115786808
5192.577510993545,4412.702380106447
7701.72124680791,8421.935485554737
2660.1046708496588,7230.55831058908
3829.641926492741,6561.349473322426
5529.8672556628835,9706.092952842508
8504.61176676052,5654.495901454418
6207.380396813578,7330.174317962259
220.98824013375372,8496.696302750546
3047.8456559086385,459.7754069198545
8649.718345079957,9963.079387786383
2402.3682192943475,2621.7433157549576
3679.281702491796,7025.167858448176
3896.147231533714,9536.162278620013
1544.5273435458516,7631.368406143108
3498.120493526923,2296.1729714715084
8174.207189784532,3623.1388763494456
8490.938684319273,4141.79007760911
5808.975441083306,5863.474936222003
6787.396049691616,6029.477265956111
5345.7270346679,7879.00733476533
442.72564470551276,8596.732125517965
6966.848667151172,895.3768976666354
9965.508756035688,2731.5664674135555
2278.2332582415575,3436.6219200514515
9821.51198933548,133.64670150314396
9977.736006191768,4175.8455454175755
1415.1460548743034,3587.9865546961964
9261.351802916175,5253.90170484543
6755.326345573083,1001.8149071616223
4663.7182445488625,4139.92780240036
3446.607174863913,5974.15962903299
6298.015936230628,8038.152700787096
8427.866771553829,7664.5243515993125
341.02359785098014,4048.5656996499965
5354.622712979302,3895.325795738952
6502.6398432639735,374.7204870507159
256.0329166233122,826.4462752226099
8890.775995993768,8724.064350589942
9517.899194679718,8058.75047119901
6124.913137723906,210.87186040451235
1170.0107446274387,8826.78562366771
9324.117103251867,6138.792610474096
8050.070973829877,8019.191197842368
285.48229053914855,5025.267231575227
5791.576279114922,1506.2637852481698
1145.3731637961894,3568.9050116147682
1410.6639620544604,4500.290775868418
1925.099449354165,7539.121420269798
3961.8849498722952,8126.925950744396
8763.828608528218,7414.529269914303
310.7541267338298,4766.474396635021
6892.10969919215,6637.0144645806995
9645.507890507377,2955.147814275618
6412.334437976625,9878.017099667519
8156.0505940688045,1682.0573752566804
9017.723157625926,7236.025651528786
7147.978048100271,1549.3057453648773
6598.427982885109,2808.66141572261
179.66743903196414,7488.258100567381
5188.89089033459,7291.157120126338
4692.25786702382,1245.0982642112328
5227.056270551659,6785.4274143359
4324.803902407529,2038.390492488945
9065.575146900619,9729.615845531715
8890.30089553553,6030.5173451013225
1256.985553637704,34.79424984228374
5328.928005062453,2084.5455116789512
9595.589837983567,2296.0549592051516
5986.641556625324,2470.981111057092
8016.684201088936,5570.930736006122
3733.600220854463,2056.067198636614
3772.4899553263535,4127.920788378618
3256.8728335364062,1733.2496758120985
218.45464628765353,6669.024495048888
9248.516124555237,5687.066633379012
3496.4169908125887,6286.98088479374
3670.8795637024573,9674.083480067311
7595.474083951754,3993.0194311337095
5268.931226618731,2154.7262575666928
3620.421550381587,9987.709018016665
8836.174299471531,580.7506502377946
8253.79213493915,8103.493714655253
9768.015715662536,1621.7660665866129
6410.216359645034,6647.852340389642
6900.966110247115,4737.962430498632
3244.9952340172363,8390.255634208217
995.7998845311955,7310.911006127762
1059.167347057709,1723.3589699963802
6459.404619066153,6652.449982488203
1132.7163696366872,2170.909820733341
9066.265657553722,1692.7042641964429
7038.686541253535,841.160459612994
2262.067399707336,1136.5603468471375
2792.116610234281,7038.773636781742
7099.737174181608,9921.216243992767
8241.199350559775,6757.923277821178
8394.299872814838,7084.671784761222
6010.271721512663,7827.097792084099
1552.3198628663404,8890.113685282382
8183.595013523132,2677.2973979271264
7916.435286353826,6045.45684533968
8353.575859668385,2166.369384719593
1576.637804983344,5256.375229251319
6843.577461691443,2086.685302382153
9602.439334483366,640.0532687399196
2560.615861493638,882.8453530829428
7167.280267157523,9763.023962702613
2589.1743146068,60.18081912909978
3070.9640874815714,6901.649944377023
4852.680760763551,8873.075421027506
8949.540435899326,3937.037236708875
386.6181181560735,7081.148434218741
9896.413108154577,3488.872916553023
7720.771496095648,5289.648516375936
3597.788975072784,9356.988452987962
3541.602036156979,423.35072295883845
4829.812361232231,2671.7495923524425
8754.78546098842,1059.8856537159563
179.1734083862595,4959.254322210539
5482.496506918623,7704.804123509817
560.8644513187267,9765.99723095692
1156.0074734259174,1554.4808469964123
6906.658644055712,439.3071215535704
2343.0888515188053,1383.4891448323872
415.9480524609371,9687.525156190964
1642.3728007416448,3201.289617971532
2086.3808357893486,2671.724713395812
7697.819957102922,7350.672524988086
6249.241314635217,1206.7537686562569
7351.240126796921,3490.7508381305283
3698.222796006897,1448.116227106141
1131.3277437351876,9743.204787056977
8052.901034445771,2851.2269848613046
1404.0683865519543,2691.95230892045
3826.817668808681,6344.027806338681
2622.7824166289824,166.16319891083918
2965.3485367609055,6535.376243765678
6018.566617370735,4538.549660718264
1643.5215235611845,1841.3501139365617
4458.738902715982,4863.42979280372
6386.88390824455,9989.882590425093
8689.131970224485,8388.059706464628
3712.2751970846766,9741.641278324914
3186.917814667941,9260.613441290028
3678.4722499409695,8204.15073839379
5007.970704905469,3347.444733184831
3130.945937555768,7299.36124877577
2504.5206503708528,3915.3804346185507
3753.030921318782,4295.266765696454
7778.292648002352,8733.92070543283
2528.1478699701943,2051.8316880373254
8446.296330240802,2965.9435371242294
2851.0654142079375,9305.001274848264
6030.768968879645,6995.944108862434
9709.762822654435,648.987953536223
9517.928597307515,1216.130225126577
4346.329985723647,5795.482311350982
675.1576929917213,7987.549612566814
9026.28714381521,7928.06820519192
1269.1598159151706,4249.260139809528
9235.492330653953,2585.0929904823715
7326.306062421622,7877.08011360419
9342.39120536841,9440.68128886845
6653.918118143971,4441.307096231661
9951.126764685372,1372.7633979461818
4670.01680947402,6097.293467492045
3296.215077387987,716.3501422635787
3933.119570325213,6115.006016585839
3502.8893211478494,1729.4583285067765
4007.972851593137,5159.7907815606495
8852.021058741588,6254.941963231711
5920.611351587253,4467.256848176031
7256.979206215554,8272.96862741189
2878.7325986652113,3747.0886311973018
9898.70683163845,1550.3278516844953
2807.3474217542916,4639.046740274809
1590.2514557532343,9635.388287476553
7781.945852989951,8801.822225417895
8390.753349421331,3110.8328503179528
3937.952665191362,2427.050913714014
5410.7178221297845,4832.881570746985
4141.279836050588,6551.5800509751325
2939.219559806522,9267.194228023318
8133.7703185123355,6133.262009935553
7570.373561858398,8361.164171927318
4853.286297328442,6960.73449414554
4555.509223997091,1015.2303903325699
1801.6369477596638,8917.855242084685
6372.733600410236,1995.3744373248794
9236.777419812996,3666.4700000530083
7188.438923167687,8402.617115890864
5062.704942763271,9792.128896775524
386.5850905672319,3106.117909120194
9302.828443194143,3832.228425021451
3080.443380269784,4856.136418501764
2999.5252098944893,4979.9164994348275
4695.960537007153,7503.749047822933
4291.659231175986,8171.187338614299
9623.49497040731,9910.35836192944
1650.0745482334612,8042.287196529743
6891.2215477568425,2997.8141901258737
1067.631987472646,3581.5064616720238
2768.975784952127,6180.57821805012
7221.3717840265745,6866.379838403462
8040.434338588961,899.6194184008566
4689.245122945129,3436.78244084532
7893.451084443702,2026.6673964566573
9351.270509575685,5078.495121868981
9357.874347648401,1686.976463471439
3424.7445543280433,5807.414394712679
3121.3984143697503,4672.964992836727
7264.446521920853,4039.237971793047
6540.945027685156,6489.528857685051
3922.6510827084894,4163.216590699352
2286.733041453416,3992.6486972069542
6184.318876445828,6511.217664241475
4302.38992401722,572.8628411626813
1321.134416138471,4324.823713702412
6392.487517068299,1954.0052392564844
6976.744117921115,385.7293861478961
3642.3201007447224,346.8272040864895
8319.544071100527,1676.2068038967138
736.7308326130084,4339.411442970121
4959.097799894738,5666.985066989551
9563.34472617106,7958.9928615493045
1904.6313671198245,6076.922115878877
1723.242419272235,5200.556596367478
3786.9668578381043,363.66593902707467
2680.840425788543,2978.9962586631614
2215.333936717312,6922.708131112263
9498.430615322235,2705.144846156249
3448.4777324901593,5943.398650143637
598.380747013596,6039.010788503252
8997.817151365838,3051.2780686967267
4482.460476488483,5715.947571339216
7359.4176225280025,1139.7348720393575
3673.4724725328115,7269.7130715754165
9351.690369991462,225.27686217655662
2878.002554391088,353.24986158316915
6627.6664322119295,8702.583742840443
8243.449247204908,5802.871983333485
2379.327845082294,1629.1414291295137
8015.1084133721115,6016.3818052927845
7922.760110362526,3698.4792758288486
9642.236018453714,2698.678311018324
9228.119153767448,8113.247068934388
3886.087250628083,4773.0859594459625
5905.437543623126,2934.730980014286
9252.94321579182,9436.945207172346
43.756728629500415,1650.252137063143
6273.501420770521,1420.0766758658756
2153.6351013544618,973.0386039447136
7387.660102630493,1244.3433096253564
7964.696911098173,2527.8518554345196
7129.592370404921,6985.0413768975895
9960.78001993556,6718.578133646265
4792.576259928467,7634.616901781856
5613.454773238284,5755.710054872925
4089.9242264509007,4926.10762605506
9739.831541573469,4318.840133950855
9227.563510148848,8746.434571873182
9866.367801502973,3435.0500911329705
9848.912027058508,8915.217900615196
8954.567846978187,2755.3969014510117
9308.775281119159,1573.1933735022785
1198.8117283075794,2551.425488181688
1735.280351634071,4990.260548567876
8851.875803240571,9258.876849410439
7268.004620930155,1773.0960771167804
8749.887117726059,5799.016612238606
7700.335156737577,2177.2115949436
1395.8355296314562,6776.451668422738
9165.657028400406,4650.350410114259
7712.285249341566,7335.377218124526
5708.061975800096,8561.088095503952
5323.6156844649095,3347.4380060929334
5737.986757688749,9381.88757037912
3904.1694316454114,4684.22204924787
8032.193394935565,9366.342960431311
9090.175007895108,2306.2271368839606
2529.1502119682887,8970.857555516468
380.4720662527827,3336.565947863515
2029.2740402407883,7507.507661056276
7573.386420416909,9681.827060775424
8684.01053101875,9121.619481988577
3485.6551266553406,4636.547251982799
1523.8701563175662,3449.011879853655
8585.340534202895,6126.366026088981
2146.428575489243,7058.093457222639
2418.7418608715548,5402.467061493908
926.1258802469785,8484.758553533678
9103.242204019236,582.6708439611539
3267.2334077220476,5996.3757729278395
1718.413527100473,5252.428765976509
9536.449213713657,393.6393942486449
3355.2042037494934,127.11165597696139
7474.858483953513,6061.2973000277425
2303.955887391763,1179.9881547787172
7268.257755570239,7685.314818238093
2321.6221987000554,9492.488838292244
6377.399831569459,1774.1624515537192
4408.630303761252,7985.742324258536
7987.177894418745,5914.187742590131
7302.718310265631,4479.397758115791
9354.856241717242,6502.983074620858
3766.223083958945,8023.381390834315
7543.351266683458,9706.452671083714
9688.435317656056,6604.9325568421
3363.0902757443628,7469.301716603018
2900.042438141961,6075.190158495368
7690.507867047598,5650.4522681614335
4455.214022818273,647.818944361157
3986.5176442655847,1550.742542797189
5456.125140540065,3792.528297597245
9355.30739013529,6495.0357209600825
838.5018120878973,757.942082058507
4656.858638793492,5443.772680478435
1101.4102503223232,131.82497489368282
8835.86059707899,7660.934532950216
1367.0124128110817,6669.3338146112355
897.0338703887127,5206.752817871054
9637.543965954967,5711.426479217123
5633.428415424441,9327.593000351597
8258.92930985485,9066.965616481713
4702.567828472709,7927.514042004658
4356.418505550435,3362.2635100662933
9116.097596692945,1072.4686999526557
9898.725697492837,3214.3160252658577
6185.31880960104,7519.622531703074
9181.88340701968,6110.007399941898
8627.186093505577,7055.716982468974
5440.098884623115,1053.294749280036
9411.036945143947,1584.4688845912435
2100.5616221286296,6643.1977738813775
8848.450660982247,3718.0054945435913
3093.564109653716,3691.878508645179
305.15553448702383,3926.5946667676176
7870.8755563620025,7959.398791985257
9300.175172525584,6990.539905673126
2167.824867035318,1060.357189803548
5340.855873876042,3443.5731702841754
7493.466962564082,6738.321212503939
3316.2358801362866,9761.292000837959
1469.18353307816,9122.53230731018
3922.4609671731246,2482.734016723782
4565.7006802620845,660.3298081522413
7422.209291011361,5732.633954482748
1986.8386271647487,4062.503304492775
8151.121939843261,1833.90058153607
5021.791097331857,6516.47202019372
9038.905162100393,1603.5093490073948
5657.859322136683,3514.814246604262
4468.545816805583,7945.67662406696
2867.9364616821936,6842.99129674661
1062.424031461443,6071.225445136996
3717.033053840664,9308.267611163861
4136.232545493267,1254.0808370789646
5682.86938174439,6909.627502370919
8598.511619030232,1173.2779382314973
4638.149956106648,1363.7457596063407
3142.8452471315127,5064.260255025924
8732.586121032129,241.10242936626224
7339.180380779769,5009.983187040695
3070.296605801834,94.78856846579676
1669.4569861819152,6024.150415638649
2910.2740525972126,3120.0992745079516
1236.3761624870117,832.649428662483
9034.163375468997,7808.416276019424
6117.268711483419,3899.2512572933424
8635.125459127124,4440.200618414458
8203.608720116148,3744.786994508861
1532.3558130194415,836.3035289118603
4430.012651859192,4599.1726390447875
9720.633938453806,6654.380221407402
2337.94302280623,9033.762195926907
502.3889980546059,7638.030780440621
3460.101476789249,792.8838811998784
5109.458067443405,1658.0417764548106
558.7744724596788,448.2623656000473
4266.737739784704,1193.8957365038139
2534.1266633190116,4805.275315134722
2121.179559510349,2197.4002618094833
2639.0713297059397,6479.3640666547635
1053.9874686430417,323.66332643800513
766.478551391645,8572.463473917596
5958.454810543553,6776.404267038606
9478.307205417746,9690.778288021102
8047.4006847875,9528.30287158881
8338.986528046706,6929.262279395769
7350.816013517626,1580.4414431979253
9559.828049176664,2220.8253659038037
9505.504797205696,2775.819837185339
7783.031116414178,4266.741310517364
7159.462585798083,5708.7251430655115
3052.7951653609666,6825.999941286871
911.6639255243375,756.3723877888817
928.6797400874891,6105.482266019489
7362.610760106546,591.8681344447274
283.73860781731764,8270.262584484964
8164.092489684817,404.249840874501
3664.7644921471624,3900.4755463122196
1920.8053901730327,4199.818831771577
4075.8850468721653,5703.85876872831
7032.722274596634,954.47499477333
2751.1061392699175,9331.041127096994
1736.1837528708224,3832.064066278131
7378.842771016445,3961.982522002675
8806.813047434476,2430.8696956080003
5855.448003964045,7807.169954114198
5238.55581242303,77.61434139437418
7548.754506776692,1062.0410709041228
7326.465306143462,4707.617911814178
62.78402546455841,9682.989412497787
2818.4449865635106,355.87741529571116
9320.129912766037,619.9183770102624
9602.021670369151,7148.926249264053
5102.871569981421,7354.456126375198
5600.900151843106,8969.367458478604
6.565214592899604,5766.294855162576
6723.400158582124,4035.501628853667
2124.358475171372,4510.743767708969
1279.1188692431333,4315.151657320124
3046.8412993753313,9735.366606629645
6648.921890525386,3800.876979405431
4363.33371179699,960.6729115861423
3490.5828718198763,2896.2575431341274
7268.077059418845,9600.884082952169
8137.20089821609,4282.465022561727
8692.024680654618,3160.7394740667505
4447.5281605071195,3107.5404356314275
7178.2792185338185,90.64603604831744
8852.134030553554,6331.1781506316765
9089.063990198505,7242.70299503008
4921.213853412676,3529.5090081954727
3553.265627329415,8727.91334294136
9001.860712581114,7428.907496364765
2614.3046826483996,6008.695749839473
7968.474418772213,7038.167395039385
9086.549016407693,7694.525845896788
7397.187996647249,5270.498761149788
6798.601634192724,3978.009281080291
506.7715979008691,1257.1383147470683
2034.729897009001,4049.447017563759
6665.696248000979,5500.958956306689
7851.9558830381475,9478.64089324101
633.9097338700927,1548.9495571957889
190.5945371737061,7569.58782991475
3115.1257388927843,2407.0374579146924
6449.550750930727,9570.061046710645
5120.42643020653,5948.077034124237
83.59315706361947,4327.8299218898155
1516.1216846664681,3468.254074862269
7522.008548008772,2019.8253872016735
2976.6170507092684,7144.9767535650835
1171.8870818222283,6359.6816779549945
508.63425881326754,8901.552436026108
8504.42220979914,5973.383395942441
4716.659963569349,1698.0383850210446
5036.786464191012,6828.336371935352
613.4125411261848,8787.936122834084
4885.799251767631,9904.62369207802
6457.7315457334735,6850.659772708723
1227.9864656277373,2895.3593778075638
9025.157121201533,5653.818024023384
7833.479731354672,5149.839408360437
8018.850832568266,5119.786231340407
5365.330771136228,786.1988160483758
3339.2188097849594,1945.4586896277947
6404.5222226076,5241.160696110133
2253.701480371012,7981.818745911695
1368.847170307821,1817.8641899678082
5383.306182832633,1642.814751192243
4786.261881556773,7598.552915786029
1502.8239560170775,6905.540174070548
5304.038727951737,4851.081589946968
5464.682709175246,503.6192249670246
8715.14775453142,4726.816115391991
7592.100563079949,8348.520182434717
2175.6566445810445,106.21505191176439
8179.320218774085,1026.0642909393737
9690.141620150442,8093.361234176605
7166.195126337138,5251.519289901419
7870.031577730913,6622.669761809055
2664.2981302169665,7450.518330354005
9919.02549194355,3002.07964870147
1763.9454246828523,2978.753876647384
7508.600739333751,2639.557417320847
3952.1929730752568,1672.5473187065331
3568.6906707101452,3047.4380819410076
2851.59229625653,9528.303356200237
4410.607968850203,859.762734862819
7908.746030842686,2406.3612137300915
9409.725800629129,3180.174216455847
4162.3824346247175,1538.1597019284488
6516.716409854393,774.0157632201816
7882.241430327579,1618.5783571326463
997.3616866687552,5277.990479481579
9605.436666283986,5967.52493962129
2116.3346480147306,2152.556435702937
9150.793031915295,5038.0380469719985
9866.028477291378,62.29589493032983
1004.0460639438343,6020.185970071036
8927.47273285359,13.04680473768638
6409.092736996982,6427.766518941562
8179.26736337371,4833.212379541942
1090.9765649607916,1092.7405437912685
8342.619812202594,884.0465776703011
6260.343186716486,68.9004355749534
5106.187156501921,5516.448514075442
5600.326801570005,8065.493780493341
7444.676819533519,8565.437487357849
2976.3672903800784,5692.373046776977
9434.77242061114,8871.678129712149
3076.365718411258,8619.79515206537
8770.801479959655,6982.226250854875
121.11493606326019,3630.8308100664367
9164.800657304577,8271.92304297011
8515.778197369518,3916.7649428776663
1241.8042279160425,4032.6444449829237
7369.229303153461,6780.75072445698
3741.1508199127975,9279.186849970387
4797.782678089779,5000.197795461706
685.9323921840221,1772.1156405595784
2125.7379206446235,1424.5320268794858
9536.46034583093,3022.384594343962
4179.504870553397,4576.545684017329
260.30346896862454,2976.623452262599
5150.781092037208,7119.178371566392
9946.99133613566,5426.520742105192
3328.2062688907768,4067.314749462182
1412.1356289142407,2134.049613785609
6435.534287295381,6054.148874405877
9198.243412155594,6741.001814911338
8591.49431165945,7841.7067891777115
6569.875165101887,9908.464328976948
1841.474556501549,2313.285535187456
7843.598646390868,151.1187759060606
8232.219546624809,5004.444171720139
8495.477804883541,9240.048846493775
4039.4130751264934,2487.6129547120663
4088.5894480386373,7558.751653694061
1551.5710544528504,3195.1104537424612
7726.867637390882,3912.000763487098
7372.262260874119,9477.253622259726
997.497140424628,4610.178564344656
201.34220957510053,7253.221819635302
9517.199260323838,5498.544753186875
172.68408877701646,7639.053676633955
6285.986592300257,3173.655220731436
4536.41507007895,8768.947891044325
7774.134874984066,5489.223956769115
877.2873783308011,3091.608985340363
6823.735950985672,381.9869209015003
6149.425513510989,132.08284047177554
8535.941757711405,3533.664362547051
5185.451341659922,2157.004361178083
7282.920817482831,526.7898356139511
4375.830624011811,5528.462720534222
9839.78530063495,9887.890362625722
5594.110664886008,4223.267062053319
7535.391722235856,5521.129280413232
929.3514602561603,2198.0408601404242
4627.559270145863,2049.166121858571
644.3767481342521,3283.7345538784234
1217.109775975954,8350.5160012552
5061.353806430725,9605.763408775805
3523.048273631252,7397.25228486275
4598.230167141221,205.56284128301905
4961.44187656028,4384.132571661986
1597.5020358855197,4207.023715184514
3658.3141760025173,9352.002970619604
8605.975181471378,7455.682610636579
8566.10978799751,7143.907288744092
4906.169867804106,5647.760928582802
7491.460664626745,6458.348535257732
7535.5271461825605,6986.087347710151
441.0676042775097,5525.557912460227
6108.912068202997,8448.284331729088
8045.265660497295,368.9463605432075
5939.712020662203,9413.811283935382
5415.527958325613,7735.876965278981
5312.157117699199,5289.618297188436
5079.491833727562,8603.280488795903
7783.0817795222365,8279.805591675025
6424.322734098624,4193.902525993418
2155.028627129212,8398.161765949464
4333.482361881832,1883.3806195161706
5286.252504094613,4692.017001568654
4189.50857288423,2322.783269332265
2375.8150838627057,1243.9821105909987
1247.4071566806488,8946.029621889013
1173.123257137083,3669.467652062264
2962.8790337024147,6843.8347187152685
4026.55153033048,3750.987059330839
6828.776440757402,5441.2275534565715
9849.169492761515,3480.419163472501
8973.559364145967,7427.266844334394
8136.977815386209,7864.635614482397
8137.360703335539,4305.326214140325
5960.649670368144,8596.132254485216
2527.596786827027,3553.036872789833
4719.402093682784,7624.608187205409
1425.5401294572357,6500.637680450184
5664.306017734676,4559.810353210666
230.0072155863142,8889.179724870251
1894.6512227577773,5722.5338357205055
7122.947228196414,8401.82562621566
2768.923538295994,7333.341114134002
4199.622425512265,5325.742115790124
8320.609672265722,3264.203166728108
445.5805235149457,9511.36701848972
227.34039922783666,567.4592212914031
2289.871493986142,8944.862520983645
6844.433701313371,5063.929554214206
2361.2083533051286,7487.410833106428
8636.98406973685,3341.3154244005427
3518.4819877374807,3842.0972415026267
2835.111945587451,1907.5094539646386
2329.130990460122,9543.40763707057
5739.70354910692,432.9904944044627
8563.112774862226,3868.3010292164154
4060.623085459476,3347.008850663905
2525.1699278777296,8130.769731324643
4208.662313055787,5015.895039491065
9047.89753792202,1691.0414728475375
3345.375818072519,5090.127660109536
6557.479120245392,2360.1646596553182
3297.3953220498174,171.13124803945
6747.578297401446,5445.450356546278
8810.107486892937,3604.0772113865737
5985.587728708035,2388.8882204929673
9474.4197855949,1722.3805734227903
6015.171907220472,4536.935321257375
9748.758934483252,8696.208256172724
7237.304458151873,7581.292869010571
6527.883095589371,46.29948082630841
8298.332608483097,7311.501491484494
110.92776569627816,727.2207946728481
2572.494636445867,5480.013741084803
2160.9063811907727,7800.463958063184
1108.9806804923453,4532.915404592418
9377.866381857299,3766.954899270698
1310.0213150016193,9394.730858897028
2628.3666836092934,292.6613792784982
3351.6398240691537,1059.7470935850617
6246.2796404394085,8703.282908592506
7674.642431631075,8862.375086904884
6046.759919641989,3727.322227498534
7489.543885169937,5401.96983063802
4021.2420428716246,1643.9594401532265
9957.78236919221,8842.794403742888
1700.9232443086942,4690.636951193311
3997.6020881138165,5640.882349510026
8321.830142125586,1180.6002902472424
2467.601977496335,6148.225112733206
7508.430155980928,6958.25123343807
3642.803936707676,2947.1805969416287
1775.9627536913947,8961.472517164031
4033.404646428108,2039.0485595600117
7847.885064759242,8973.812710854205
1119.5514746957347,7033.441910283981
5161.0155274737435,8308.508235454297
7413.564180968221,6990.876782661826
7515.720446365668,4284.232905460968
3895.8671411045443,3315.734782762898
4664.383791837305,7340.730626486528
8567.65946519586,2981.638730988334
2083.7783946212853,618.5694853723389
9925.92467720301,2470.067889276163
4192.37171251714,7552.340642353328
2754.513189443458,7932.209729163205
25.993515290329007,2766.0748309788287
1250.2310411603846,3279.230760755517
7565.090242323638,5493.3852827998135
6492.308398156079,2619.6830597205635
2465.0640174961736,6061.736150052216
9270.031172350371,2820.435537240351
8356.880060563828,1208.7526143209448
2692.7383134443407,1548.3225386098775
3300.8787191276256,2505.500134813786
1847.5363677884516,1679.0567099845598
6425.588488376079,9743.426564334026
7011.374210148788,6583.705244619151
3958.8110915351526,1792.5871431155272
7371.587026886999,4239.0314285388995
9915.666515186402,2691.295115723341
6119.482073284284,6845.296511098757
6492.838557600033,8672.7643868596
3738.4238556768178,4008.266087890866
105.86355192799046,4288.371383962476
9539.213691657762,3984.661260938055
7723.447053989316,4492.24583889633
6955.681262738074,358.5168084904211
298.10556783505194,5926.04724246202
7590.121449559074,9520.379658695758
6700.842430293756,7853.225174983706
5689.06120072077,8614.11408743009
6236.007096271321,2291.3592308172683
9183.661505872464,6071.800545890795
66.9039464945198,8929.704121873285
1569.7216222105503,686.0630517307353
8947.571968682552,8772.543857175457
82.1066650355029,645.0071838207006
9036.361428790844,9830.684214075012
296.31851847085056,839.2153733220808
7793.377861464146,3679.66552318843
8909.232111390795,546.4803031431176
6125.272585565622,567.7289172410805
6414.41052748454,8662.841782101983
505.6373192967889,636.0699157680549
2108.912186465971,7926.215327292003
8994.717781122423,9068.810950171433
8237.160226403486,9350.498520497535
595.476750512538,8640.437571735987
8129.851110026332,9551.643002061313
4234.845073466215,517.9345957169601
5607.226676514605,9966.085483489414
1084.0545797244306,204.88644640710208
3986.4403913577808,1665.1420150535678
4349.1051397133415,809.4829232659429
6694.883452764452,7439.952957210081
6575.353033399012,870.2850749665214
5488.744803596966,2926.8561888356926
314.4598673569077,6380.764694399776
1615.0106484470527,4980.167762361789
1602.6917269414298,1362.2549949093866
8877.324325438503,5215.354049714219
9017.096751340243,3406.6266698885015
8064.982548474416,5859.392138539415
1748.7937065540339,5384.959313115502
8401.516238997137,9895.07171605142
1875.9439360229069,8635.172269618333
5546.306968560088,36.67371855913481
7338.763549170102,1760.1185692201004
515.6100545556841,9131.375536680938
5979.2931505776305,5394.574178391531
2511.3352058463147,7594.682113591734
4978.564742980526,5035.066559152261
3839.0225763668195,7857.642388011038
6865.78491726218,1327.734799994782
4891.903316992468,7379.017987267876
3016.302292766402,8696.069647785942
9103.587443518547,2656.490456573194
9590.53622655775,3683.6584692098418
8019.0764856231,5905.817994582853
5807.409959902091,8682.422807857474
8844.00485860931,9077.944674375018
6016.732898455791,5344.256307551337
1488.3009520365865,6580.652795364817
174.273766724099,8729.105836361392
7259.14567010431,2312.97232262213
7524.854289470012,8252.143611800277
9258.259870632599,2618.543542876798
8242.375163338414,5810.039952944792
6395.823696109467,9346.649957877513
1903.0343550643825,5114.948195209594
5940.504826068478,934.1035135277153
4346.851578741698,8958.097960730009
2321.084692652261,5849.692666234666
7991.291076321205,711.5086012684901
1495.5588601815373,105.28504412094075
6303.3917368710145,2612.8284073083887
6107.539174971711,1202.8865480497175
3036.1389452324174,6284.3470629441645
4292.391410497641,5967.156785030878
1165.7173305787448,8408.810145703994
255.3291770142896,5133.613273072353
130.18792740784656,2531.209322643618
1743.225860674934,502.82613840089255
8669.730680740731,105.04749223130716
5226.087385777935,9257.78308924881
1171.159527384662,1445.1250758755075
9054.950847266413,4991.947427992025
5688.887674146983,7947.829841581371
278.85528599934094,9286.330647209725
7627.289150413087,2016.9570509191003
4734.3515319618255,2319.3250781868046
5328.631668695064,1797.495927492667
6132.2685562029865,1589.309468312422
944.503943666175,4549.55198068529
9477.401861978293,6359.052353626573
2553.9246111496072,7062.608349647852
6218.322225601536,3271.9858986998506
8555.62966390122,6238.113147497471
3319.17535044267,23.68681366878289
6275.52959817589,8882.731569880501
9888.7714676377,8697.521676159202
8517.992164518348,5440.855925187231
7792.846835771579,2433.7032945127035
4393.002011825758,9722.275245876926
4512.695394635711,8106.416002534194
4855.398934982712,169.54039211306116
6904.316188884955,4696.411893726084
1443.3722683679007,1020.7823244045477
8610.280249550073,1322.408888606157
180.7904418317463,13.083640837017185
1699.93139704662,6877.12636274345
4818.143524031726,2525.2046349764314
2521.169395325783,3048.426939496989
3655.8169848328935,470.337206023792
3325.8309193743385,79.44515883015923
2689.6473268496934,7927.228152885086
3802.7635603217013,6614.0959374909135
5052.883693829332,3823.1848781789868
4763.588013174561,698.9829174521589
8119.223931147608,7758.080935222045
3081.450600773097,9263.556126621193
2819.1047510493772,5274.312663757017
5044.487902292782,1389.4720096970925
479.34346256127026,6525.329829770978
1118.1029346417915,715.1723767364482
8030.87987922938,1655.2815854624803
4937.094618672936,4707.325448255526
665.3538200291187,2490.3310742742224
4403.8292396571,9302.141773556079
3982.643690100719,8088.708765057655
2461.3448181599774,2767.6686764516144
3721.032453414631,9637.942120656859
1883.5540309183496,3782.9501393837504
4490.59565268353,5683.731842576999
4085.281114994729,5640.128411408121
6075.003503210886,6495.860720834138
9421.04217703019,2436.285689802682
1854.6250968555821,9220.513381032568
4174.409317420856,2656.7721595342373
5622.205317297981,6648.40857380959
5469.912438603752,7657.6084026072085
6613.406304745916,8815.114421261775
2679.3037921862337,4569.360990297978
6345.50792870793,7116.846016276949
2011.7014324003092,853.8805802849736
1254.5554585082252,7780.197894742136
8316.450002257037,7556.569990515599
4737.399075840227,4106.047317111501
3972.77326057172,3134.576727100068
9285.146399174782,3801.999207784159
7097.573885001629,905.6640298758556
6771.287724232358,6378.056400011665
1942.5972710115002,9130.32223988433
2092.5820879661383,6657.262118926124
4831.013558748823,5805.206269427582
6523.037686520657,9907.041204506013
3952.7252082251675,5418.381309750672
641.8526779788236,3458.3111375729736
6830.289316541464,7046.61367024526
7737.512575524629,5214.276048590089
9443.024765674261,9720.894538082379
4087.677246141217,8979.550928439501
2580.4805546028333,9468.41668784531
9258.080054638049,10.21975185524715
7151.388415772193,3342.1119715302716
639.8630258694227,6272.205278469707
5800.273405981041,3083.185985275637
285.2665941631116,6564.437401839669
2265.240297042429,7149.516450191649
709.528891905159,6232.838827394994
2048.9137697429414,4582.609689679513
4899.227030585926,6967.527442782157
2988.664848471211,7803.764114777389
880.1263060406573,6960.887749650941
4820.603066042897,8120.032789648503
7084.8833255471745,9472.518974008777
531.2528603262856,1025.113059827547
8824.024575923508,9064.194657031037
6530.698342609012,2735.187958749986
5194.41475575737,5637.692360427781
3963.1685698959595,9423.714886496484
3932.877226556558,6200.726249168966
3355.5878066754685,841.704782414836
1157.2935483144042,4992.273616720925
792.4188742208604,8943.482209782047
3088.302851453919,4120.945132024376
6670.640443683407,8479.579335965353
2883.9435759558464,7941.831220242491
8122.649526331652,9064.321208185333
3802.906451812399,2630.7352831804797
6311.9358480110795,4965.551261740938
4319.134420498019,3352.1012938967597
4978.264917277166,5342.683589371197
2501.6056987677716,191.2288788777472
5138.690783457829,2416.731525670609
1106.530703435231,9740.362528465339
3867.6758107945498,6031.302832684053
4483.009637842226,1733.2464281300397
7039.9594551169275,5083.178093704497
4002.2117787470233,6979.869800128705
6654.360057237939,6037.211833644644
1746.1613120316554,5019.241799592573
252.26046032977513,6739.610030396668
5059.474709816631,1669.4339236225642
4738.707826017059,4381.869233283271
6697.524950076566,7502.611160482191
3135.4526254172497,5794.558465861732
298.65359219214184,9062.794462565047
7235.696048475489,4437.609710326962
9422.115946822812,1321.7899019800006
3942.6354719423116,487.59180912960943
6111.277805659843,4774.445048809102
5446.872124764615,4375.728289456875
5660.01458541183,2565.1284851404853
8673.762134469393,5905.156014349944
7363.367723029941,2501.757779024093
7697.864121076395,2163.210084929471
900.375053443454,6222.179983984502
1467.0746883202878,9449.42263260603
6633.046176613462,2027.7450726811485
5404.577852417657,1828.2223385752593
7742.783203935619,5193.5029148849635
930.7331979988886,1194.381407221854
5664.87121166537,2940.8803428973306
4860.693972099104,9907.598503475125
8546.86876558101,8410.435168623986
1871.4897283967302,7061.227041412412
3487.13139300588,260.2419104294218
1504.7146083907426,2650.735335688508
4517.324994866108,5696.685006124776
8814.058126196598,7102.8090811023785
6703.334777278528,6683.750604142476
7442.987826140473,1854.6178370711618
933.3687815517355,4662.863012583584
4520.259346305842,1985.0647559161905
8386.703563656536,9235.70067200727
8374.796086182725,5574.156429935952
9880.201941119883,3902.59271266178
5260.4082909393255,9180.186915370046
20.714291854075917,9039.610433043144
8990.604959099754,5041.005171192874
9561.96715244446,6867.778948482145
9277.462035788063,3188.448716176723
7719.1125701690125,3076.6336384907845
2119.149509039777,5495.621873085912
1390.5707502305097,8466.446727233802
7008.860034768012,5971.599141169673
1404.230086042012,4590.389980673918
9533.15664932765,6641.414919049793
4458.277707833837,8122.928393629024
308.1505998730505,7873.424698010864
1505.9360052797344,3705.9626324825545
2904.8117948506224,9356.59212687863
7037.5470193712545,157.58649443774587
7372.923247986737,4507.8906015726725
2130.2520315384963,9075.25369926923
6485.555315260664,6960.06100211338
318.2736838710654,7039.916751760777
1028.529251509731,1564.7045698362083
5350.106749412286,5820.55662221046
7038.236398861674,9669.489733970111
9143.672572687407,2115.478453010767
4377.524762869629,3271.8098625262714
1199.5306084869317,3886.2229016770834
9289.766308644954,3598.878072306392
4374.376852945838,6270.496907390824
4974.731006455544,2345.735432001206
8544.295044031702,5056.895366765668
5857.796936059294,4002.3912488510714
3014.5025477834297,6444.805691127976
5407.804377344757,2419.4090266397184
6248.610977650779,5531.247523725315
8897.998896061665,7403.661793325625
2348.344714842234,6929.549907074957
5593.790306132187,8342.795351345028
9204.9903858886,9561.605388437622
454.7279053109665,8539.688298058485
1945.6781283601288,9382.052608316211
3463.1491438166227,175.09132429561646
6784.683995688591,6289.314557726513
8418.47272154897,2677.2567905888077
1991.7084883869175,8089.953177335978
2467.0447803245474,8190.37981340695
8232.854362251015,477.68684436956363
1483.4350657459795,5955.552467021432
2611.769425783648,8508.821182365937
7326.935859111595,5874.133813308978
1661.5879495954323,4255.400644440168
8280.335246848868,767.799139202997
4905.165976390066,7302.716326546645
4475.720755906839,746.4130994251572
1352.5520152228444,5979.143848099664
6796.58285896204,9176.269060459446
8840.010381809652,4191.103443703311
6921.078842874684,7701.650927788344
3168.8460284685193,7998.108969153264
6987.986662089499,103.41021062409972
5099.424592000832,9149.399556782195
8537.30438348376,1887.7995964991412
4596.470992629691,2826.9842698070233
2373.026518905057,8707.746626409054
1012.5622140078394,6865.912137435939
2810.6676182779565,3718.579686067748
5635.398858346953,878.7960508824333
1700.4253059220332,3862.327057348547
397.61133931560886,9663.322361912391
4488.430521706264,1046.1604629941035
3474.3211860197075,8461.317472432562
4203.906250333605,3253.0133278008534
4541.334106148095,6545.633767520638
7660.704707320032,6315.435155532832
9609.26855290325,3255.892523301893
2622.8443731253537,542.9307774443271
9423.988795207859,1488.1863857412059
2283.7562023845926,5658.487804613733
7549.451065969562,9488.57985423178
6813.460485044648,9257.680872015546
522.2221647793956,1134.7279006754563
7249.218030324875,8752.288944985616
9011.226916716356,2338.0946389473224
9302.222967450893,9098.711378488631
6851.934043951636,7584.93728732359
7865.880365040907,9612.638780954732
715.4185001864765,4417.284603644326
1612.5264613832492,7315.853329429123
2624.7966244504205,7352.7490429752215
5313.383728336708,4961.718321289851
3862.4474549495626,9745.18689740016
6571.350358218118,2436.623248987827
4456.887869860804,9862.140221622527
7750.22240350654,8121.186303958009
7135.8808200355625,6160.972094925327
7472.813976157056,755.865529852624
8288.488036511042,2593.6282257300236
8342.224148811654,8412.82186227609
7795.523805034251,7281.536137416898
659.2658222938253,9626.92526126734
6232.0335147614605,3967.872643449668
197.89431981759975,8944.539478725137
7437.590396348046,8618.260442631865
610.5773992587749,9661.34336399028
9832.149950969277,2724.5033233150207
6140.782093659662,4945.323242774183
1819.98096295385,809.6339133426178
4682.79509564803,5909.167834078474
8266.769757194237,7323.223465150104
1799.97963248268,2380.116742100188
5367.754704424932,1696.5228174891868
35.807675759023105,6395.306829335179
7884.262488750096,3931.277542983258
1946.0760115233177,4265.642924427661
3871.7819166956224,4711.201591642719
5302.437005736015,5114.743645948302
1448.6154510386007,1955.2597715879895
9266.70846827001,5777.379012409918
4688.061387698659,690.9695076465239
2317.8356249225208,1135.106608375409
7351.427709203412,7115.284072667655
8942.134273245607,7314.344664657289
9126.709149404338,2663.208365485803
4311.339396817118,1846.9620702560642
3594.6127382193604,539.9273698658358
9292.574175986012,4188.861361725331
528.3816011542286,5090.449959817995
7505.401067202869,8994.592344455155
1775.0882624590292,24.599580245620032
4655.012915010835,4058.6123496887226
9536.922515326056,4192.817425575732
5811.4812590242245,8865.53928039793
5234.407512585518,1960.3975733687507
618.0075859249001,661.874205219517
2773.405470997942,3816.1013120684474
30.511029233275533,6123.174779827965
8750.057347582084,8581.444438983483
6448.5467760872325,2690.2257036041588
1180.2766526115472,2513.11466455575
3634.726889934594,3259.7666395565784
8114.153411960101,1182.3318806994243
1403.0319823765735,9772.152548255184
2302.653042911712,5406.177673263841
5414.065231213139,2722.232043562466
1449.4664628259313,3617.371284178803
3827.0633898802384,8659.561259113181
9821.277279575756,6737.244709956212
5438.513295274429,5532.058170383189
7015.277812475309,7248.073766592868
6632.810482513189,7558.230843583354
2117.1602493313326,1942.1077436669864
8461.133869121644,1586.7953456616378
1220.501551368488,9666.963860081742
9215.951351681972,1857.25767685482
2160.7187825754913,4647.618981827215
9547.442864824327,9827.807117160553
7979.634631466781,4172.124987278786
1709.8324195509517,5148.490222766536
1604.0269057736666,7983.634964134515
845.2943912666933,3403.934542106961
2473.553893563839,4310.338423287604
6591.067559279019,3321.7333176521556
5203.024593552114,2873.9676558188407
6133.507898980574,4718.180990969096
311.40604122357416,7458.85356254296
799.7138144290427,8672.881057479952
6919.740461583919,4701.153294115248
8479.083433820717,3210.0365665885156
3594.217768972031,9115.926504771873
1664.8240797626524,3359.2581263465727
3083.555167302311,7750.047639855743
4120.299651337669,7486.1945715755155
6301.359279378346,497.75771487291064
4094.734245855294,1776.3943319511322
8970.411245705487,5728.468664019746
4012.1239472898683,8676.273435158655
1813.7351896389587,5939.9310710083
2483.446066980739,7427.100777645128
4651.662620159599,7344.118886925236
7824.626749012632,4943.663658479099
8694.068664751816,5608.023520569224
1852.907194035035,712.8155655989821
34.71907718477496,9277.323589976908
8694.088117004403,6743.462062280693
2281.9646707532015,1544.9692091231836
8216.627398030085,2440.0557961335435
5507.479094428181,46.52124283429204
4041.1554298828046,2640.077337242288
1467.5708855608004,3166.213896419381
6720.370900829168,6831.39473760732
8181.573679496527,4766.574320992547
4610.9411543345905,8427.785608387101
4463.553478944963,867.8711192150612
7552.790990529702,7070.217834783625
5001.186130152074,8748.94153294868
7856.125847491381,4213.270802211624
541.1641966349989,2887.335289998625
8576.3061721762,4455.671540971627
2620.7064433219075,7888.424518748858
1691.9462347626136,9190.413510211136
322.9350746988602,655.8800809132881
8340.73099043272,5285.187513456798
601.1529087572387,6397.1018001826005
9544.304158173902,174.76094495098903
5648.4201608527055,1812.4824183535482
6986.831849271575,625.6158110614296
7253.104220566832,2903.692299294759
2926.844887655261,2054.0496348647785
8064.583479096766,4868.003028018939
9462.406760251399,6553.414916737851
3698.5110962495883,8422.175471510627
8353.49390644085,3043.0904831315743
7720.398153108133,504.06425549777924
5895.958720640545,38.48168978992095
3676.15977982919,8445.516745275047
4151.852938625775,8781.355145754647
3076.085192089061,1009.9266023333576
4262.704807672013,101.7591940484408
9896.269183214796,8002.654915159996
3634.1476974583875,6407.280533539297
6655.097535505546,5561.44485307275
3196.064333144788,5332.029748166177
4666.477356889437,7737.599677639408
837.7399841334709,2933.143942465426
7632.342358956455,3891.1465004737934
6610.244472345368,778.5112700590058
3474.8500815001125,5661.296890712324
5248.44682163885,9608.115213010222
8722.218360290914,2838.502137146519
444.3271566106011,9292.497364352268
9302.164967477287,7292.074002733595
4707.996024723784,2338.7952289747172
8596.554055065297,6628.543563022828
8614.829246960386,3662.339811416285
587.1227680223923,1223.0202083755194
7815.945718942407,927.2170778151723
7328.673860931802,172.2750841372056
431.93547004759967,7978.084848846687
9405.37870356501,8848.49760029133
6345.482360534739,4825.383158359818
1675.3400860997858,5199.2575670330725
1230.9719437053868,6915.862402855215
5619.729923474226,7009.083725741233
588.3426446981022,3241.2775336768605
1644.0969473997714,1591.8185972889487
9484.522055753117,4304.172111861997
7447.408587268705,6970.135444852387
6134.891120556828,8042.081968469694
2088.1962477774186,891.6232961270665
2185.158109135722,5883.144595137041
4458.2932458885,540.9724934683202
7540.542660553396,8247.797556140275
39.2960408150278,6668.063676372293
442.75266660976473,6966.25761634297
8701.116207583143,7617.184264949333
8140.656820427059,4956.423580682677
6946.811520083138,2988.97906278635
4995.32011688821,7856.640384226646
1451.2677787639261,7773.695011956769
1022.3319129535823,1349.432442987496
9053.76327493043,9027.623245835413
3825.2183954133325,2212.1292061964505
6957.226172549008,3064.593397290358
4561.980822876971,2159.1636259902116
7309.289198737415,9655.972108107215
1933.088813596826,2994.6139003551743
4845.679191677328,9714.025879727706
3768.6635300136504,6379.387254323125
2450.5370047816778,1765.6464396190995
5977.11137801839,5538.427217571131
5369.732943506435,8822.643118393318
4956.912303231592,5616.74786460265
5911.027371441107,1325.95499901505
1425.3076964710565,2869.3516204412826
3705.4833418692447,2248.0738502227027
3246.7427341759303,1258.556051434635
7691.754207534527,3272.863973310607
357.24074943774053,6610.627585237567
2819.3109285163664,3825.098372378635
9182.943101842815,4438.017348415855
3003.506489153498,3206.5966470556828
1518.9947554680828,9944.71814815349
7573.453964243826,5861.977116392687
478.4419053035704,8338.824137537007
4263.198498732147,4413.290080203486
8553.57759645064,1686.373296639988
9540.948107142414,8468.076494384683
2490.1975695344427,7634.3452012339785
2962.0223376961476,3298.089772524504
5672.511048786443,6064.176009938797
2265.515583351011,934.6809358336894
1507.440665431241,263.22412283023897
4259.81511057963,8157.592087096723
722.4807954588052,9419.279402319171
8942.199711945905,3440.596832191776
3341.9662194164625,5975.7314698271675
3362.8412464665257,7172.9133578802275
7913.731131790678,7460.425415153469
3415.4835740595568,4810.712338629088
7609.068569537822,6132.822311166191
1812.420140090719,6570.527284471654
5289.883374300386,1032.5529960721592
7685.114694977223,6451.106120936877
4498.99103027076,5108.576759469885
718.1326396812337,3784.9952925236275
7369.023497075815,2617.3619929713877
4940.564937980847,6379.194568549924
3164.1612311112353,1667.5892313395602
9927.95734853987,8108.352470025593
8760.72225607578,1717.9737184738908
378.2254958123632,7716.17296628543
5936.540301583809,8174.171637722622
3545.6873118474828,9396.541239637418
374.0518904219814,4632.910875692111
112.9702692911938,636.8704992155549
5837.577825044918,6776.820216605008
3201.306593601223,2826.224892278437
7033.162064713564,927.2656208062235
4544.212862289887,8557.659422191171
7664.9755924534,1397.3737353088989
8130.652346751995,5063.712383344921
6572.344050107249,7885.115695651932
4179.7260847109155,1990.939151196771
9884.772503451602,8966.354412730194
3066.853807381784,3315.872805415625
5145.793344442002,3964.174656661228
5204.041024226012,1314.9346761568092
4283.388512611454,6444.598315944831
1214.1531911543946,4953.161785959279
3539.420922201969,9741.604191608267
2151.8974590158277,6983.298159256555
8998.571930301092,7589.91877475386
6553.75083009388,1990.8455946791692
2878.1418405578065,7127.714498142926
5657.326232174287,5573.945015529211
8532.075221602474,4038.328084784505
9344.344946218938,7826.594311718219
750.3556290024427,9785.47375407578
7869.08501656358,947.8158911339563
9663.080911232606,7888.89474371684
4672.458022372454,9194.795204947657
9955.340100218662,3151.859075162509
9570.779908611283,3630.2212987211024
6568.913480909814,7947.721525343701
8476.113996922371,9536.423733658181
2965.6311778805657,9389.206851219778
9174.6365032338,556.2645009890066
5918.891102026382,8714.282156604439
5096.655880504019,5864.535044967243
8356.617644905698,4211.265750652365
8894.943785497551,8455.341159307587
7012.490668976693,8004.336575268535
250.36283229809774,5093.486226290418
5972.06141701148,4107.204603427686
8216.558963844249,4724.732503403767
5452.693386944489,3183.568460330666
9348.586434767483,6805.205547903577
8973.17385856704,8920.335600879866
5296.762518057664,2505.0003860994198
4038.3079275011614,8255.078173334068
550.7645074173062,3607.443161037114
6325.977431042466,1318.2887668605026
2659.6470522699233,404.950431697344
6684.523122055884,4793.615359866173
7987.612374044046,5683.1353638339
4086.9351074933934,60.33611388195803
155.84738423335963,6526.266976529703
8652.534331639941,5185.2944890316485
5490.071082760025,9974.160512727196
3147.914377361375,1045.1559872218252
6337.9604522780255,7050.190894541377
6743.941262397848,2170.3207471101705
1474.667067997899,2063.420920635042
6464.015301727029,187.18975665905745
2866.8698067145783,65.43656317001489
8036.247988587375,1866.2270367726396
9415.105797539005,1755.024359724411
1026.6736774462893,4.37390681333083
9173.577974695067,7171.490435016303
9034.459751228258,5036.735277361235
3429.07617707507,3961.4547848886605
288.35515636407627,1037.942978362878
6632.25386569844,3338.982118811871
3447.1117738807834,4705.894441569003
1916.4749615472265,9980.47850715117
1085.644558446489,5105.995352963088
1960.2636204589762,195.08383541377628
2374.6683243455004,2077.4156740244043
7958.255188781414,3545.2167168441006
7838.19445782686,4559.264807639623
4944.142064112509,6742.798253549379
5533.25295268936,5905.929465143747
9178.165018645588,5092.650002348205
9080.401945431395,8378.943810271037
8286.738030907209,1962.4903858814534
3742.737951662155,778.7946803889545
3665.5239777520733,8382.045327218593
8878.826517486128,4621.642325540503
9265.135661610759,5533.542473275571
7984.546469315222,8373.84555184007
7571.360117351505,9458.14223977607
5581.640142348605,5520.007150086745
3383.3490114779306,8122.565355517324
2406.3256756750807,5447.8317214125145
1403.3830198818853,333.2381908971549
7282.017909462609,9558.5855664455
7769.788180968303,8177.671061411862
3586.4518443838742,7534.22187863576
60.41191040497607,4418.257390095504
9385.962794597632,9425.45110240463
4370.893221560021,4898.463981571015
9745.91047723319,7207.866719310772
6773.595699342673,1005.9251210855447
1240.1349639153914,2188.609740600377
3269.522079852928,4242.055046420234
6570.502107780295,5812.979899188929
6492.528116952997,8055.546391013282
2319.8542571091707,2408.7188952264282
1768.5686118449228,7743.557872353655
2767.9079943689276,8899.92176776811
7868.919822959854,8184.5027947903345
2418.6980111220314,6224.133214041369
7017.807245824324,8099.925055812585
8699.996101094888,8775.020518675667
3916.2234385958927,5551.001098813386
69.94039123353613,8101.613952730569
1419.5773657962818,4211.26355252309
3118.968672304636,5224.784833334647
1899.5422645305737,526.1200584076142
2895.1359983166926,8834.900675448038
5440.419822621521,1403.7075955378775
210.8109952099324,2761.9625774729193
642.8149150332318,3174.6297512011733
8557.39335195612,1159.007342070013
5223.197373966306,9217.534355194164
9355.311094229042,9700.336599112166
32.75609357907161,8651.968413601453
1.5119030072885398,3463.6497275458287
7395.966045933604,552.3694399493662
4762.5272048475235,1828.9146990645067
9137.98346392008,7720.999143973842
7865.839592313974,2859.7423397433918
5039.626631646732,8926.052684788408
4785.240018717323,8351.298357180123
8111.804263457168,2369.4526978790655
8037.063723219055,6934.545584912482
2769.4480972124015,4422.946814839986
6746.368598282019,2149.4714326818344
6432.0225364577,5901.12427271591
8560.844984455585,8373.597561502007
8685.79570798286,9267.932582925474
2682.806417908603,587.2901715530288
8797.424540950005,4187.349085749039
9245.711215444204,6044.213408316182
1096.3666554068752,3379.9102646698243
5737.461643952316,3176.63462910296
4364.636808648672,7719.336342505554
4019.8470323538913,7825.07691925062
7048.293943046253,7289.2125220569515
1295.6836019848638,8985.251241433109
8199.458090392607,4947.080093121863
265.9942760103751,7878.118039449058
5783.0086205112675,112.11562411115538
2253.5999946186926,9874.295825103478
6674.689191948928,9192.333222574542
5254.318938040661,8413.4894262373
9997.522309574157,5877.666644356623
8623.225414030845,5441.54330582714
3366.3274193534476,1501.3017286128472
5284.8242909769415,539.6321481552924
3178.1205087314925,2558.768216925972
7287.934916541754,1509.7945835631822
4224.131366056478,5608.210485942077
1154.3776303298037,3325.495966724369
6608.03875832,3878.5731373706435
110.65047882039991,263.91823927156446
2972.900769812118,5486.176677754782
9071.430684415634,6561.6463628447
941.743111910529,3344.0514195140936
5044.2574046220825,1312.5298239443373
7950.884851701156,7037.274922744132
9045.021212903779,1289.8236176243483
5598.3829603574395,8168.5638605315735
1531.8140050314355,5460.224334119135
9408.574188305896,2374.4413560149337
7492.58845816954,8987.290380187755
3956.703575884991,1417.7230248950057
2769.8074127213677,6011.836563096688
477.164894087565,6175.112916676319
1914.3116564577012,373.07393506799013
7776.770633924739,6097.14086859498
1086.2763225384708,6942.165845193647
1294.1253469980973,9101.323365436774
1959.3270194196023,7089.3438747516675
3953.4172985244954,4844.307004258694
1890.7114561022754,8533.000183050865
9043.035038887705,3537.8561749989767
2576.5534886755736,8555.149277467768
9194.876124640978,8439.703516922282
9849.430208509204,6036.596787060703
7548.033564212599,3446.233248105548
74.37059562940496,5912.053951268337
2400.2011756654383,9058.980705844584
2673.3341374587326,6365.395440843629
5427.545883895007,8400.128432510352
1583.9370298446609,3446.26108528573
772.1515309439764,2923.1003858300996
1763.5774211100652,2558.4693483431265
3273.5196637821896,4912.504832010044
492.0997005779759,4319.760584497449
1953.6423332335673,8542.20917334039
1675.199659883202,1126.0221298315887
7723.593266765763,5540.4690372977975
1695.7400186202242,4034.065276086395
7915.395251108256,9375.698536084486
5081.821520496699,7883.894690176603
7578.541795241445,4333.510261024754
4503.569056968747,6406.134724017465
9010.551746190346,7455.912101401836
2765.1868239851797,711.415117943538
7668.068515710595,6737.197425854545
1634.2001311992537,1394.8977823652576
8826.444415794094,1889.478990051796
284.4089746978917,4612.115677089175
4574.361228533,9794.526497865036
4212.582790901227,9521.57264685464
6237.906851048259,9022.70770359257
4409.333595508809,343.2915715239182
5889.786719943285,8528.361605626944
8617.029528901157,7761.659510729392
1420.2852484907369,4987.81046340463
2441.473194415833,3254.2604536659815
8028.19918697428,7555.88442526239
2280.6397516490783,1070.2902987827224
9056.539959643194,6504.433699224032
5408.113472319514,6718.755844274482
818.6432968529645,5536.957493015387
206.60267446522718,8777.804968924736
7629.045840265207,3298.5991593702156
8563.508320414821,4781.612260008938
2398.645986672722,7586.623680644386
2407.799041537033,7166.869333825215
9541.021042375209,5624.602912733086
6561.871366672974,2721.349133933948
1676.141123515944,2942.505348414198
4485.86941340694,7412.052633533398
9104.361156531668,57.44029386878901
6211.7419533772145,6527.344179484435
4074.6959975890586,2482.733248140795
1510.3350002670502,6729.944478073362
7260.018443355478,1869.3788729692517
2763.628891377917,3764.3893944670704
5659.107071042437,7538.162140628486
6001.402001974958,7552.011482268535
5554.494819227454,2096.898205618103
2464.927915767877,3762.815604254618
7082.745942193352,5025.059276072641
5660.500056724631,5873.590265578133
4036.8293001047573,7424.343156645554
521.3085257054084,236.36882937638993
3312.637958482837,1153.2392132912096
3524.4750788250612,1577.2290043926096
7911.633652340691,1906.6274717877984
5134.470674111404,302.73388979906724
9321.188647048215,9204.71278788573
7507.298713185657,1621.949266326379
5380.046487133964,736.3906303384138
1688.8580554745859,4717.254025688011
2210.332016371953,9411.831966308018
1600.7936745797635,9643.858401867896
4428.50733812908,6764.02825895273
7225.248843988877,1783.4875874624456
7593.248252233605,37.95809822818575
961.5122997039726,3350.3223899109535
4959.108358558182,1254.5609308017702
4814.406084751083,7550.955727568844
4388.86652316171,9691.05850555659
3012.1599755578654,837.2277712288401
4758.080619107331,3969.3445423403473
5166.067284901026,9024.695037710153
5996.961664746058,7282.910353808653
3773.6516727919166,8697.805114101078
9451.006354152029,9229.781529180222
3388.386606575362,4126.166202987036
8950.509201298846,6936.621479446493
8012.535188291242,7093.349304166767
4652.707069769327,6308.16043785353
4963.123796693958,3257.7394006876502
8698.615890657891,8321.688352275241
4927.250071787423,7688.97303658969
6793.795737963396,4452.130460020625
8093.028881598029,4209.677245674076
9078.81216255651,107.83583749629955
2181.6416309582755,8434.44316036103
9753.657706232869,2839.8398327333307
9653.335698340441,4708.036507974132
2973.5496857462217,4113.010544091083
6137.28118653688,6781.392671696158
469.179509555,3901.035404094698
1678.273401068222,1797.3654976613618
5838.1717716028315,8686.168292776549
6501.062406179589,1835.4610125954796
5346.029802897474,284.29499801509326
7047.221577002278,1962.397537167695
7928.907651082477,4551.4429795947235
1684.5782576433821,4232.282533796237
6596.172455510636,7963.210688484117
5625.982367489872,1949.3158540211475
1175.862429196084,7756.10532841953
2286.044897781461,963.6810492485814
4196.6901840110395,4736.606477397736
8637.584357941456,8653.289754829157
2170.2578091808523,4129.338225749275
1829.236922016073,9632.808773622328
7209.517278364723,6310.3953438308845
9757.92942833337,7566.519759306271
4473.287576737668,5098.577853696987
3501.3761441331594,4297.5784022618245
2539.405893195755,846.7767851041175
497.4086365929986,1199.4919016453364
1784.141215317625,5717.037876136358
934.1506621846762,6136.337392933278
4941.015546897811,9847.54839540302
9781.975269540786,8577.432546706252
7874.024241707718,8444.868080803142
6016.900835997518,2866.037873767
4866.382697453127,4117.819633463765
6171.819910319083,1021.2903998565837
3760.266430766335,5815.364462735866
1783.8529364491474,695.3780315431424
5897.73653598977,4468.308253943763
5281.032890016618,5661.997624810373
9445.366878186462,2281.8494302422155
6498.328470640566,7754.442983785629
7734.3050886428855,6748.476390732607
927.0171588547161,1478.651288782068
7609.370005985086,9836.80504828377
9828.48837135467,5420.454752749708
6574.955612425847,264.18043694410585
7420.837037153513,3501.0985154248788
9795.212463244543,9793.107685603427
3912.7472306104173,9023.09397058542
8241.7851348275,1511.6298892865643
3996.9252823020797,8550.057297117633
4259.186166667036,6184.108088628385
6582.418849306267,217.34525424859098
2564.191581887759,7574.302159222381
9927.818195261156,4128.363431881869
3292.3156683057464,3961.3895584827906
1228.499614898968,3828.0006162568357
3225.5405700893134,5965.583231560268
8559.662302890301,7142.145480046424
3139.2803770534892,6476.4250688198335
6113.556149131266,2417.619261307812
9353.202108239846,7068.022235898707
2599.6605644672522,1355.1765113005454
1313.6532807578772,9713.409841239452
968.4824986311891,4736.134346223539
4403.6820042360105,913.4623462140323
1042.867026229408,5766.249876459498
4538.084074702721,5769.817023548953
8627.169391506204,388.11431164809005
7774.838280386318,108.63440372338218
5817.0085344080535,9961.022357167605
8504.225061183095,3900.846337881548
1002.7004793190819,2454.555456108264
6094.176959666173,5477.24797081889
1156.4137092595627,83.37630546980668
4821.394112686147,128.95054695858167
4634.623773729764,1127.7961255930225
2651.5536493123404,8025.2533024534405
8298.546375176222,2482.4813930368205
2282.2766593623155,5034.570326276337
5518.942462386285,2236.210255188983
4822.613450314759,5448.284064729172
4316.522112623795,5088.054784762119
335.4214817793388,4007.244317971286
6967.338593004858,4331.979738899175
126.8534332773541,6533.781606339345
8205.472041487557,8421.539212299605
2663.945867913571,3194.0905988572654
1200.0543154907207,5321.4548951365905
4170.406753494731,8541.754171075925
5593.605497129834,1679.2553357847917
3103.626585916055,9795.572404524659
1217.8477294551749,7506.290073151037
183.27273950379143,3661.1321571058074
7038.132429104996,3751.7905626355464
8864.357936624376,2053.4800026379476
1005.2105467975803,2679.15320804639
2306.337665948994,5870.351049483341
202.29160348111398,37.3810571944766
8850.66235149491,231.59954645914692
4447.38549239378,9864.767915594424
9251.95208424704,2355.299921406102
4680.993303350859,8295.650326756697
8621.831063595693,6124.011123704758
9517.564282515757,4459.802467279344
3351.516731220523,7321.804583237233
6407.110551843594,500.2135767838334
6664.200030428144,7560.785399507424
214.08735195126982,8569.900254481961
4382.291647962752,2802.2877924990576
8553.278398717652,3016.1593533569244
9462.852624718433,1030.1623376182433
8992.20873725538,8558.939006715113
9728.979330775386,8079.095455002503
6530.4186245305755,4252.11867950117
2327.9938507751017,3777.188891930626
5753.821711322221,4275.266414197645
4211.439566169964,4203.4613929192465
2586.5257548217833,4296.166610711009
7727.861447505167,1457.4305246346041
6291.987299165052,134.77023387119203
7901.04208421211,7624.332090840041
2694.906678167259,3437.497841009536
9038.845456183244,4908.888973863342
2387.1373991917176,3074.3695726229057
6019.224137796256,3816.3978682924894
568.9466339973482,748.6326343911642
5409.642684142519,3702.869270564697
987.2340981853333,4631.156203311414
3322.1489497981106,8328.410490899381
8606.892586975833,3222.053720304313
8935.273151405529,885.4420351145365
7672.985305134441,7591.939074211826
3677.037919043633,3756.3551500982485
5787.228149892617,9153.634638804278
2239.789663995585,9590.358405586365
6783.4919514426665,8718.523224925566
3474.030184011728,2266.459854656815
2209.986019213953,2538.100722846569
5849.703578998694,7941.22278619136
1118.0219136755609,4461.0980517538555
6866.9898061685235,2978.0164870968674
1870.0542492868544,2939.0780484925663
5534.553609831899,5774.659848906142
3925.084859521729,8950.301857025135
5662.44710769925,6189.268585269541
2459.618697737781,6202.7998703058765
3103.8931879371366,7469.4310782645725
1403.210943067168,7603.003293324049
7769.656454806623,9094.50265727602
701.1202473026711,1621.1220653805292
3764.3451254625247,9846.32861239969
4490.967896238834,3288.3108393214975
1952.0621181400088,2815.6779834213476
3848.2161553333694,5097.868703844243
4180.882210916229,2643.6016797905904
2243.3039098565564,2329.117204189699
6392.557420746283,9668.067382820811
308.54005302240915,1039.942170470657
1975.646638392099,9899.429652000079
6240.749714615799,6224.779832802135
6275.27440950092,9585.796516674834
2652.625989178734,8974.009377576123
6830.49239003955,6483.992387744905
4697.888151068483,5898.381717056816
5272.466624530473,9926.31700929034
3326.1036327484208,5152.123611865166
9842.723214881153,1787.5871650144159
7373.872269828269,9929.437180099887
2484.298995173838,3235.230195346461
2365.6327959021196,874.1426107927231
7741.734934903923,7168.932173917815
3880.109205294222,4460.492316358978
915.1195523738642,3880.2400586870967
355.9991298457299,6316.080467190072
4139.560166459409,528.5216176417118
4147.080449644791,6982.219996272327
7068.567021226201,5034.481958121918
5747.716552146234,4902.416259308079
7701.201344673763,9000.338888137707
3177.5223944799823,8312.108042005888
6242.514724903185,5315.863681349102
8857.027876032957,5783.410208308972
692.8705375848355,8069.636252624225
7084.513329125976,4112.866644552211
7158.830112355383,6712.345752458735
7940.302901938885,5407.75810623214
2690.47319783027,4996.284445666503
4165.208873403233,9847.208470281847
2397.083453457749,175.07781150125078
3085.818901226971,4146.250924182274
9685.08492483873,9301.779227529036
4456.540076350344,9281.481874991516
8485.52447340512,7477.142664314534
7948.798539834896,5919.063250279562
4445.260301772762,6908.4587755584125
9921.791308323944,2529.2606233266133
8407.805189478531,4883.954494288812
4826.950598935923,5360.6096239797525
3097.056811138926,637.2141249583408
752.9455133044427,8662.202822569181
4647.999050541834,4566.879779635624
3600.099034288312,8989.017311739173
7113.768832415303,3899.6004306903264
196.78364273467363,4088.6711866193027
8314.476676241915,2442.1614349777965
4166.281377914197,6443.227319629723
4697.325820333068,5484.974276960477
1827.9017790857931,9129.689673256915
9374.821017747061,4292.3700526961375
3983.8719858635727,6480.74863684782
8427.247976696563,7075.632863771145
2374.534573282553,3198.5573018318123
966.5699649084469,8808.260997332462
6357.609698792841,3808.5120926983227
9844.164898994295,6373.593006524112
6469.415695563703,6158.404761512897
6087.131233382541,4214.078773494159
4422.3071802466575,1833.403885283309
2838.012948767852,5924.97794151561
4308.33257591122,3755.3450662720156
1489.569452134798,3790.9175432728916
2619.0676535659272,4929.216281731072
4873.854202791492,6772.408498588015
1447.9555968587265,7296.193243705553
7915.318194336264,4270.723314370106
115.61320102086769,1198.8052655549232
3215.9342468730833,7917.144468121172
5166.514604239306,6694.1376950046015
9289.478038077232,8006.92716740985
5734.522093724109,3158.88120255015
2949.039760148894,9091.196381433752
3521.9068734611947,2627.308114849257
3391.589501928525,2897.636954363858
1803.693795762157,5363.761061338568
1448.4867688114057,9973.42378987427
4806.354271046323,2021.5264013020496
2702.610411367243,8385.040354976562
918.4286820498855,23.524359302788955
2164.786568218566,2375.216027427115
5207.260735966286,3461.417144055958
2568.9322835089347,6486.076032164143
2377.4218242080947,1137.5841881696758
6206.564957592893,1287.004172073144
6894.163652973997,1463.5718269341303
2412.458887226765,6625.541768999022
4721.412871585801,1146.4181425915333
7645.667530207429,3982.2516504158857
6899.042586040281,1566.7653715926945
692.9072493369126,3820.7064648956266
3600.708039334247,7140.438531823456
7232.756918804823,2777.2352430291403
1794.3749042281231,6176.462329756902
1959.2718256186693,2485.0481049573605
6301.717077824239,7375.7371081296005
2837.509535800702,7770.654514255942
3237.5042721824952,3103.937386135841
5228.156192394548,237.89690532347583
7505.806170008812,1290.8549310359563
4982.888635729705,4909.555401533437
8934.268808373485,3820.550069516442
1066.408187261827,3455.599920009964
7541.492281100811,5793.030438412357
5436.381934642578,1615.008988885982
8166.865135885557,4566.8132307060605
3164.032609761822,2033.8388719178347
4821.014469548265,9810.598276701066
8235.977197839109,486.2440647068156
8317.81383358573,157.8221392941004
3759.9047011788734,5641.809653258892
8221.959952267649,626.2929826984687
6823.984298751875,8109.906084176902
4094.295234223561,8195.960247812938
9697.05490900532,4322.589097318105
308.9432109650614,8383.71785529786
3826.6288877456045,7405.092631959733
3069.526453054243,1354.152193804391
9357.604480692671,8596.013654261156
994.5323610426848,8742.78737064229
6280.244499820772,3227.1296079838507
7166.280253528029,7749.930810228226
1841.7582402821265,8973.61429609487
1499.475141134007,7456.437525246536
478.3133320314814,940.1236181310924
1588.752004777877,946.4342737516473
8082.150362620459,9823.913715181163
9439.561664541723,5413.521331461781
9014.222411006604,6444.464521885224
3653.047957675074,9122.592396882603
7258.755095180979,74.37010529057542
8270.436708341833,4266.916187247039
8124.854885326315,5663.994745927677
626.849459651293,21.42276140120081
2148.303734974627,6244.144610579443
9389.449307002757,8509.376974496574
7399.061661376879,549.07797553287
8343.524047891457,8042.255591068762
5141.232464035768,9775.297109889872
3930.560484706279,9202.876550425242
6512.236529807646,5370.136466155453
4728.567237956195,8604.619436645975
3737.6211263678815,7706.366288845153
3478.7556328705136,8176.65673572814
1579.0699428313615,3980.5044700444323
5294.131893077844,4756.208436028724
5198.4657072462915,2391.2325369217
5907.695497429703,515.6955495886883
1162.2365525292,5972.304394211487
9149.229974755624,3095.7618089116577
7420.561231570579,5027.076765037118
1309.6410011265036,9626.9207749936
793.4394378785826,631.4832877292608
6429.206725126833,8734.865797950702
3415.0271951061727,867.6303593098089
3190.4855364745554,6535.771280797401
8399.91061130286,3432.6055796028886
3451.431994846882,1001.4744569763767
6321.820220268533,7569.39131037551
5370.74511521499,6985.831797321065
2629.67382590111,6402.5771158647585
3316.400712331844,9648.821695105753
9431.928899047087,236.77532365576792
3313.7287319993156,4346.628926549678
7840.034309789408,5626.6297347971185
8612.75490100843,3577.0130308730454
710.3799577663983,6694.9727751557
6631.055002136872,8992.028418600847
7492.605606945236,6969.833878225041
4340.216841869441,5693.749129224843
5693.250763625429,7378.405945457332
1618.0585543540237,1096.3088391873866
3184.972607406967,6299.944723566971
7076.669639384412,4072.437675854268
6025.712332676777,3187.9537865275897
1363.8574362577494,5071.084965743331
9880.486980948972,8047.328962556132
9377.891233993441,4125.702280402023
2241.172842546595,7024.49286622006
8751.205632891893,5888.94956678287
2671.693027370133,9161.554756664345
5637.391303752117,4448.420642402202
7820.51003410355,8199.199972093997
3440.802010193329,8419.767118621505
5551.473934582213,4641.755369781216
4503.5360813758225,4885.892152774022
7601.986165614386,3334.141910848083
4786.7570537896,4955.52713635869
5669.1119784858065,2492.538502644621
8455.57697936287,8582.66734122085
6986.455376360908,2499.1324026133066
5275.032753953012,2576.2326377035183
4612.915959244017,8956.586054735715
1267.6565200176826,5321.602591052128
563.6648303543068,1051.3784948099158
9527.754265636084,3457.2490460527383
1865.2656254653798,7053.864426937064
2768.717074772178,4058.0429179555745
6109.485367467514,4231.762511524521
8279.257182173451,4986.881389096208
8331.419675119223,2225.0538144181096
8296.474176043126,4240.546523558085
9780.880075975832,2153.4206163968106
557.0304674632387,3507.451508539351
3998.481982359983,5323.6992559538385
9135.877459024494,6937.236235104832
4673.378176002905,6339.248770705118
8712.9662342327,5755.246804193624
176.56450670396117,5955.33873616589
5043.678186690517,5109.2855094628785
9224.522159175858,6146.137949376032
2612.8288577524527,3755.1876544051356
9296.58309841567,8994.477113849189
84.7728720915053,5905.603583411004
789.2753785518358,9365.91424630595
4768.246225160826,4045.820519157881
1063.7960844636364,3945.147242364384
2255.9731554918817,9650.198715135286
2975.2502137852234,7290.559496192939
4814.960093632,5187.396313926198
3905.1363532266723,7185.062608001277
9221.476386495957,3967.235786205323
8860.14661486803,7588.076629770559
7480.708911134118,2095.780600881959
6593.0831103900755,9508.798312223065
2043.4106023000343,4608.545083363987
6018.262583796167,929.0647769048621
1470.6276754165071,8450.128084294254
4527.191176908608,8943.58397893128
4615.237517731824,7299.580712096447
6897.099565721312,6297.039807099438
8351.267251406893,9284.189542984002
3205.0226939712325,6220.559365475417
411.8127615875178,7914.152573606353
469.70371650907117,4712.452394523745
8748.242882872413,7272.057640654874
4863.258602819755,9989.823928714926
2480.1258308910055,3825.05121228671
322.8672739930194,7201.067068096382
5287.6433804566905,1488.9192940026041
1370.947798535107,6350.986058916016
4170.280672000664,3228.8798549045973
5160.777150160704,8665.969627890407
2292.0032579655726,3596.3957235743615
1988.368061721012,4451.442161904547
198.0807069285939,9803.103243757501
5855.207851045394,2153.7086548525185
2004.4121105642953,5647.60933355541
8782.284458278487,8637.5836649745
6037.7654977584725,3148.2676298220435
5564.143297470508,152.73139591304607
5046.846646081359,8963.409394382039
2153.100783909031,6196.321263194355
9694.104442769909,2304.251613991951
9670.446294744155,2763.3464761605564
3212.7242457983075,7995.872764085427
7762.162240229746,6420.979837533582
1192.4606571089435,7326.004857836903
7805.288456318465,5772.223484073516
2863.3193297128514,7900.405167475579
2891.344759672575,8210.664220817302
5072.333094475989,3868.9676025342646
3923.2896166874652,9009.615460557929
1178.311429737905,5051.995081038965
5930.771429299544,1601.655482618135
2138.436093822711,2184.7453001983417
4444.797813048565,7338.247729570946
2310.106898308477,3773.408102390116
8575.852416265552,2624.3964823804567
3380.216772720682,6047.7200084785745
8874.908251659645,7822.702028348941
3260.9724355930457,1092.26445682583
1794.9707205331067,4491.260437831578
5766.346426824969,7714.704429892735
5551.377762557467,9036.28841847078
6189.13557112957,135.50323200679946
3021.395985763492,6560.899097234678
3199.689158633715,5973.713489300534
2374.3008352758634,5177.409678214224
9284.009702249963,1601.9706508889165
6829.557315638784,7417.876850687661
7562.557487942132,3927.9597231352004
1941.631401075603,2346.2509285641077
6615.7829086649435,8500.251245025514
7626.643172623185,3070.3004110503916
3424.561070762363,1984.1555616306428
1576.9260701247456,3120.465402811716
6970.042495111962,1810.5272993202227
6111.435920334699,7772.7312204337295
5756.18248142197,1820.7013450049715
1825.666459055617,7166.681278863503
2624.920904379473,1625.0048052794853
6248.845291896271,2263.064251984539
6135.862240850151,3425.1989192865117
5547.228334817776,9500.60636839024
7681.393659872465,9138.16198661991
8146.571979027818,851.1571833614673
2765.1413537660587,3358.2299015948993
1576.0756429117628,3463.446402965099
2011.6778410171166,2115.6395457824096
2813.087959317253,4356.168835326848
9477.485726091687,7479.952487474856
1371.6211507151243,993.4116324747699
8787.614911253462,6716.512148085114
2033.7745920416394,2607.635047082919
3484.457130493548,6424.397728150982
1258.726633963113,6818.935292768387
1033.6035097576057,7281.374526554064
951.4304312287236,8617.096349116253
3427.589066657942,8996.197645978189
5236.920889942278,7591.302207667806
2008.0754001236,4810.982505948067
9326.742314462974,441.82686752338384
5864.187801675689,9371.075114806403
8850.647549504083,6013.274627048088
1488.1878364755064,5345.709997526977
1434.944880728174,2394.856512817376
8467.527020828,6842.361819411432
5679.813545686938,9947.309535748189
9385.86795271088,3300.2912413341023
1468.9685234775307,7995.800298895518
260.17979620863053,2911.229404584518
9165.605490855185,4877.310711038609
6988.37105247886,2132.8622412673317
8071.680483499724,5127.84703919132
2960.140135991501,4593.007654204983
30.664194831129254,389.15976337046243
4828.798495490627,3818.0556309806934
9900.094157846903,627.2241490724895
9075.374170678531,4506.256600352905
720.2278504409277,9801.713008777813
1877.8365997352853,2929.7691012134287
3112.2789711881173,5156.3971692312925
8304.004552763838,1301.9633603603852
8247.144317460068,1539.7262783867482
1850.0450283385471,3554.694631080243
5330.800771447405,4897.3748066152
5017.948658774806,7014.089602791604
4142.804957979463,4566.9269944010575
5359.204559019719,243.85394615505817
2927.888640257923,2709.58866646427
5315.491726585095,247.7329749310908
6856.081830756234,9179.4173327685
625.0327733434036,290.350905558594
9673.058998757007,495.9039511642682
1653.0359896679224,2982.7549727736005
3602.986632197107,6323.288178659866
4706.2736251225615,3579.568378465007
409.8444052862304,615.6587541097214
5483.618355825707,8362.512071480276
8699.737669656148,7002.205073398027
9010.181629474431,3963.7204527645576
3261.916275892723,6769.069870420141
5587.966086759943,2745.869250469901
7767.974316097154,5278.678039683924
2528.4571188618042,8805.083261453512
5284.725081084274,1076.8106900116825
3667.2159966484796,8468.936430903359
3781.7495968099224,7885.483666968383
941.3753267977421,9491.008791005283
4068.896351035325,5137.76799624522
1608.7925680311178,2749.1097295596965
3012.700724578875,3530.9934433751723
3302.811028999454,6398.093397376537
4305.999454894447,1407.9535918295117
9169.137389595404,3516.680533811345
6309.970856511219,7264.329815909786
9744.620384881,5737.472339772878
5906.515162588025,627.5227498446557
8054.900431004625,4968.542988063853
8341.514662922917,5242.16830898327
7390.038045601277,7008.062478289711
6699.149724717016,106.55043905440476
4179.149918364674,4284.031514175062
5672.7614520502,8866.16360623653
1937.166736328988,251.48491993154943
6182.466463834414,6724.102396478584
5142.965220983344,2231.8216034905827
8043.252556429556,3874.855173741255
9025.436244522132,8841.115077319935
1327.94551792915,3625.2763996737303
6909.078016153959,5454.512479302243
9500.463080638774,896.4145566268611
9178.8083741715,3247.0556248564185
8344.262503036442,1416.5081022984782
483.4100043357581,5615.572119193055
2524.8411663987235,4597.865961725689
1482.8846472060898,2645.766866923388
9269.344608369078,9996.23216194434
7488.898155456966,1532.743877260946
5317.846363302735,8254.813810401636
9794.002354210168,357.6100986964481
1947.1876534103726,8468.374759598655
6415.719177989069,4769.92948758105
6093.810282736377,8281.901412263
3404.5424491986055,7471.893343142605
4853.802920843678,5726.343171370859
2353.861686599722,3715.6663822405576
6771.147557479799,6655.122676858887
4182.407103403047,8325.480692000876
235.50096979051415,5033.060729971887
9507.852230739432,4148.679247780969
5014.1915727244095,1428.9404532110784
7056.338797012782,8962.478209445928
1969.2999017803193,2673.0341345669717
1272.297179160361,1235.2095728393197
9024.219296465642,662.2142650829721
5909.325233188954,7507.805194666495
4933.508718829977,6749.960472434058
5211.500356541103,1204.5839436974081
2362.025972050855,5301.422915018557
9126.863685127253,1526.9555703646997
2142.4018460371453,3835.7212682642185
1580.0627783399834,7828.683778051364
9300.458878555408,2278.3589406927817
2575.7385630306917,277.1492107037132
8624.847188897691,1933.370658744179
7725.1280749623675,4004.949103806411
3819.4361755846494,2416.8231952508745
2540.020062890989,7222.226230471334
7589.885745560297,7891.793640884618
5975.986909500539,2405.0316594397605
2540.4034977302326,2686.2254815330766
8908.794660871303,5600.725895805349
7209.824177529829,7525.154664661579
9092.781306896975,9593.68973483017
4374.703869643328,3005.5148457447876
1281.9951421274134,9110.711079052278
9240.753615900183,1817.5990152167233
6014.260305637566,410.5996586720029
6060.595004707698,7924.9350024626665
5842.654412897157,4786.141623505377
4723.9302252970865,768.5594295745601
2550.4307981032557,711.0606754778681
6130.218780209203,136.1851741114961
7186.027443067806,3063.2508391761858
9165.431850231405,7353.633371298964
721.4770806484894,6653.138903369879
2547.0953255249005,9996.677890815394
7766.857867555001,5939.315309478335
7751.506934839328,1104.7225231858627
2120.3450612575316,9785.004452055735
1847.1767887639458,6929.715205370693
3671.4020925945033,3740.357932974313
629.1536508482332,2469.9481410337266
7303.607855363939,2221.6669413958966
6698.087251048863,9562.33185980343
8587.254943332,4194.20942420856
4300.491471055968,4868.066852864375
6367.360090397318,8368.021855976282
9539.49488779046,9638.641426555938
9588.023146253414,43.93351659994882
710.7761415375435,9902.432590014992
18.843449508305632,754.6152665562012
9599.843950300175,8368.349798169404
5353.166019467846,9503.18579479786
7004.005409286099,5611.13609215991
9125.971580386511,5517.134981836469
4331.545991033764,6690.138959117162
4406.532819481064,3528.3148324680346
1669.815709225363,1658.0340248419022
9058.282805851159,664.150693850275
6476.733060319608,8811.011853697828
1802.6924729155103,5473.275443682956
5597.920145678858,6940.706153380713
3281.6393838945123,3320.5218363347244
1471.819698065262,8070.085418753884
1818.6944739479882,3499.212541120208
5592.5715781020235,297.61147667278
5643.852259327584,3369.04428319615
7899.4078105232575,8503.259011536209
2479.842842033286,8758.88472386672
9158.333822413777,9347.186381577816
5186.129315470151,4994.784641778429
2041.7268884128614,9565.93249187142
4132.805756033909,4991.785107586029
9233.592720407272,1539.1545570976816
4781.56542866866,5020.3696676999225
8747.151104790451,8686.14221573772
1598.3273516663899,7856.8984606461245
9139.583986092961,4340.531735585878
4306.188054994361,2125.4335280400037
9361.269435307644,5811.19607385256
8660.785194623313,9312.253687685574
6599.663068829243,1774.922165318118
6728.464169530196,8270.402104171788
2115.079878768994,1473.2461083894277
6028.29778922922,9196.00876669749
5494.955718917042,6932.561916418728
3341.4703634045163,1091.8138040193749
5056.21524248456,2024.2481269618452
9291.435520282294,9269.217193024351
53.056637914579156,5075.664399771514
4171.240927976039,4534.908016892593
3336.387207708673,582.7194171190042
9612.310674198383,840.3979141353457
9738.94231285693,6916.48590828578
5856.605356360545,7769.338747885594
5500.069684406664,8670.065100330803
9032.124968105247,5028.098844705758
65.42473764604595,3285.736002153776
5622.806029223149,6255.226289404281
246.32408321593192,6188.801137224852
9681.622713170835,346.66398304283086
3201.5955734130307,9388.028010647655
5208.0130183853025,6425.602731343017
4175.68504597267,64.68570633063275
8936.241241401842,9596.342034927602
9998.179441584152,9526.509531420055
683.8797798622898,9459.197516154674
7320.311359833183,8888.987846473281
3679.986239482537,1846.360227964413
1390.729197484135,9771.72891814941
4054.3752963548764,7619.324502242647
9981.466301908724,6407.5702348231
3575.6729935187104,9426.70611473961
2773.994884645573,3810.872729454974
8461.713745999117,9313.68992269603
8679.379998234566,6056.845026259208
3388.6915483196535,5792.973662021897
2986.731406124308,6459.514170211503
6472.81477547417,7541.603423924989
2051.784837206099,4449.2010132637815
4836.854026226933,9806.043039893497
1413.4369164770933,885.1879343912283
3047.547782328519,9138.24031342217
2974.8149769874467,6574.231048788173
6948.999650094458,9099.164961497345
2822.7303499475865,3687.600225882913
8984.957033905677,8289.987336487742
9830.460943692315,6159.881073123691
810.6170125745093,8311.088481388819
3976.476318476031,3250.2237663751666
3018.410634941371,9173.011624739212
3519.9012851095003,9242.40871426424
2653.5488606995273,4748.232915138901
3826.648612030249,4003.1487516572174
1414.145927689885,5751.940900016533
2798.1827554533766,2001.8440038525741
7478.17877956384,4962.095976142071
3440.4652565175998,8968.207949077863
2078.3489732484795,3651.7599890673414
1084.4403856484153,7360.487961540692
3480.0414728318597,6231.227355433323
6434.090886203523,2613.9012625371215
2533.0487106667097,5317.653811728655
4224.456909158632,8525.911616179452
9523.985797491721,5549.188856409508
5523.628518335263,6968.444087610563
5319.386158641635,7753.892121660251
4099.433125690898,493.9962994200664
5568.399770072555,512.5440234938228
9845.672743971778,1149.5998239468186
2538.069054589296,1630.0033516595158
9419.278948493102,8114.426469054267
1490.7098437699774,4355.860436218078
1111.0536354655587,1852.6274769576855
6546.69495743164,5318.02205908726
2511.7902466907194,7633.4023147502285
4443.923063074269,1400.6367884499793
7296.547685778375,3444.025593477329
5348.415031630973,1943.698483817161
137.49349330529404,6463.749103530472
3058.432329730367,1368.3493217882049
646.8666979227921,7810.956669326629
9261.14550055703,2078.2300435817456
7946.485934168029,586.0199589301441
9838.41683676411,9108.686199200516
8851.095124417478,3332.123170324408
4753.320206563348,5027.454055184983
8825.975172105367,1009.9216682138201
6724.386133282719,4794.616630638097
5245.996563910009,2225.6280167370346
3706.4604591788375,8403.785002620736
6809.661759364045,7137.544436269837
5901.334229539547,6633.059884999546
6141.849825831582,7812.613608693891
3998.31331157004,2937.181882648988
7393.1511428994345,4536.487929821135
813.4276763372783,865.7064356060107
7261.589627792077,677.8444164505759
7307.613136069561,3290.915297481014
5159.433953813776,8227.452184660415
2632.8315026848527,5976.650486399134
5192.765144063696,4245.102031088446
1230.8618542604743,9669.902382406866
2851.4377538705503,4421.694920425819
4212.9987859427565,4688.7927328757305
6732.337849900634,9925.29677415212
1872.1676775504036,1313.6271388977493
1581.7075173236406,2556.139190569291
6077.963621677791,4533.0688088905645
6795.455410030209,5712.921160379293
836.5575281331006,1480.8246531174018
331.63183469601677,3288.225758502956
1471.4985140116587,2202.638084941705
9010.267016072476,8498.96045038857
6726.38535187376,8346.199295540917
9210.259110152243,2398.3721544528967
6647.1480316716725,4349.262036469594
9652.37240723072,6516.424547733966
4389.066704649579,481.63175988646276
5990.989382278451,8836.081197276888
6011.854512054095,5110.237000122924
31.39916460562109,2265.3890286559085
274.5446036035737,3967.5501769529164
1452.652108122805,9016.704209693133
5111.295551542567,247.8318906519994
4305.265204071711,1427.9055952820474
5397.490588828371,1927.388405495004
8004.907939993493,601.1224410964611
8222.402785286575,2252.557759793231
9770.148535550356,8171.559647660727
5575.478000538966,5270.767315441504
3472.1548896513123,6054.3283516889005
3080.2770487353127,1558.8505312243694
3407.415766435713,2783.152170206934
3238.2960192872765,9174.882359601737
3929.1997455539395,2104.4002794005746
748.8142113571306,9067.436171768335
6334.32473547636,6632.137013988126
5680.4122307604885,5027.726886648415
4619.60892571442,1739.493192249203
811.0529041352687,6736.003953240021
932.0869280881117,8863.973111377361
5451.051752517486,1597.8085217230964
365.8036696983158,61.792503801906264
7247.889306329253,7400.611325614047
9937.781421319996,6004.607709956313
5974.068988902359,5030.874342859054
7234.314820284095,4560.45887543236
4389.3599243095805,4975.964640729936
6674.12330982342,3745.831767066018
6517.803232985912,823.317265003215
8240.908958980302,7757.239614588448
7113.395853796996,4678.339114170951
7490.495440334062,8249.543559551545
5566.359937876021,9822.207472812599
4845.149359275378,1717.5005454115433
4587.164937806571,7934.838149167196
3920.10920631085,9775.182034205027
2660.2776332349254,7244.370199024173
333.11043777972003,2459.689102045034
6710.956328054878,8964.85769768502
9009.611947257155,7932.227655714011
9304.824376214228,4493.094215093412
5805.617067013616,5725.67661257006
941.3660826119352,7219.221826656342
8786.643070424561,1245.2071146018818
7477.448823425696,9269.839374603083
2514.1105421518027,9874.441122404896
8035.449409038495,3305.3246535423973
4720.079480700371,7150.849716932636
8875.93111672327,4213.047250523082
2476.109327639511,277.35146494982763
8009.059206273234,9587.168835249664
7119.103157675111,1423.2172391592935
144.41172398682255,749.4351801438337
5633.346088456869,8371.891819343566
7155.342779575766,338.6751280132039
1564.107886527304,6878.870444810969
5318.989354572933,9300.760537204651
3040.779102453881,4061.8661723211703
6962.5291497757635,683.5146314735752
5401.398128864517,2182.9247007779763
6214.5799432166505,9483.241140292734
725.3983732162051,4653.860379149818
1377.951401980082,5413.599921328387
5520.8918069046695,1560.6110426088314
1811.7288202400227,9180.16899161864
4986.91171208798,5171.303589779626
6900.292989276751,5288.606417440388
8097.717089074285,5760.472470677913
1430.0680600815308,7673.750763403782
7418.788671602761,2029.5299260648715
3631.8608443271905,9423.295472211155
6789.329699947028,1754.0503184669599
1452.8463263115266,1974.1500296110194
5151.751817298891,124.08177562948764
8375.622754947686,196.84221296427884
1064.3141965147063,4288.416391676378
8276.807581905714,1829.7174914073655
4527.68395747439,2119.0179955923472
8232.716027224342,9879.283376300189
9583.87710036401,9293.140380193212
1596.5260930152792,3224.5348715271107
6745.696093927469,3431.577976890362
2350.9645386906054,2920.9836975778726
1355.5427537017672,8822.310720230598
6280.825960473485,982.8592421974002
1079.836324486092,5840.860248088348
4651.72570124038,1863.0252032101957
6359.543403495009,7581.530893147037
4996.307279613229,6313.597359225728
6970.692773719817,3878.4361390970957
8014.120029665254,981.0904579883805
8722.46422747895,7674.087666886431
5598.722557325734,770.3629423613489
2766.3047090125615,2737.4260049654854
5096.6186815239735,2536.4523065969115
3876.886073819084,5785.249452718672
2259.2558958317522,5137.330612913887
5290.6732652378005,2797.4278400040553
226.54862753301975,4303.751629648318
6055.64899456545,4363.666203162673
8216.037933570617,5735.595051579213
9994.357205384775,8982.387289922603
9216.790747640056,1419.3250445454676
898.1591607778638,5576.966983584563
1624.293796987163,183.79197327347052
1386.4462285993507,6982.206304662493
5583.515528407005,6403.939241572952
459.3596618444262,6940.156781194083
9369.92733878219,4749.42776132375
618.3667028616102,1868.5841020209748
3912.505553426594,4480.810589365317
8939.698175010442,235.9802880038031
9483.783204927173,3814.357324409936
4652.907855258216,8385.751258150332
4884.315471477668,3385.8647213500703
6361.770936964424,5917.542023938155
4076.3880181815093,2611.15083471134
3246.61304413457,1342.1766767572274
7394.270121465931,5209.225234186355
5953.583046822817,357.6417061369741
4816.710945969284,9044.801251854178
1007.8733511516181,7771.819658766278
688.6162000493667,9979.190670963508
5108.1522543846595,9931.847622792997
6194.3171985098115,7289.860449503332
6575.117240968774,7766.909398435002
8948.90107921972,5280.915280280325
8162.248636246711,2185.434630718258
1407.6223887045003,8084.079973575645
7944.3095884990225,2696.9361416464853
6763.031431464074,6499.850600699132
8280.288944616752,7308.769341081006
8433.545982439093,5642.913379705948
3455.3258379956055,6627.275169286757
2632.6886305904395,2929.1137375016997
5526.340282521363,7605.15541231788
2986.0768804712566,9435.481022081036
3496.8534002935457,4840.056611547936
691.6006541974429,1209.7757363732076
9913.637251933502,6197.183178955947
3092.969594208316,3414.1291267373963
7800.733197233341,4191.05563291012
9931.58294640358,1516.2516209734988
9691.260166039507,6257.87635803792
6338.831502540905,7872.496828845576
5386.614499835673,7664.399451645421
3092.7649484481935,9938.817179370748
8615.067268177601,2121.9683868515635
3379.95144354338,9141.42406902438
1067.2379577302038,7326.186652941406
2940.983913430745,7074.855022232721
3150.9732610908727,6837.584253698982
7184.853723581805,5383.645562018486
1695.419587243815,3786.496795427345
3168.6323367485093,9433.456771477302
765.8642450446862,1510.8690582682727
8484.011563136164,1759.8210035940697
7247.754521946763,167.14636349881684
4374.870032375242,7393.850479271058
4300.152660893644,8939.850667698473
1663.7179808135938,1860.4450928325346
3844.731251554948,344.20006474389476
9068.251744523317,2441.039418603642
1386.5802312031394,8836.682287515467
7650.2838243162605,161.83251508793518
471.75824917579104,1011.5658075369216
3116.795495224741,249.88456230247368
8469.375510501222,9431.500505642933
4449.837174007765,1355.0315093908782
7026.940409127716,9004.18272239582
1035.4175863260007,4734.386229655937
6834.257406667397,3948.5813757290366
8190.206441152364,4265.121426860432
8052.458632230876,4186.692198438474
4388.697519219786,3417.3121457611146
9041.411982312127,8107.993060159209
5749.749759217913,5079.957114241675
8178.717438895875,9909.807192477469
2134.5931079529732,5177.7153711216715
2102.4051328035566,8184.743167976255
7543.621958279123,7450.9691476596145
6466.351260683206,4011.0264835080266
6763.098884305904,7886.353726283614
2365.702834892348,1549.6788509655946
3996.2263427452804,2033.4196720275688
2583.7969025874386,6188.7952506943975
681.2592947342678,7115.639499733137
2039.411870120753,6438.288445538555
9951.642948857398,5094.437984202584
2340.419459923021,1376.0732298062628
1592.932368258758,3727.6019735997256
6968.767985039438,6048.910816603536
6021.444357661138,2260.701344284166
7460.130659842475,6378.359845710986
6536.730959980498,2342.807858104523
2229.9339488621663,978.5842584628979
5009.060416265214,3243.382932016883
1766.4281047203767,2727.5365087084547
2535.3792864040647,8104.458754356519
9869.176491252278,4836.138278342939
7286.799417933217,640.4207014842433
7828.504747379101,8155.669828679758
300.59160132369647,2686.882533466718
3821.339398108915,5678.741582552175
5552.4887709238,5415.245631117133
1496.7402031830313,9715.876192977476
8485.464216354358,2549.3527107757973
1396.0020983371014,1451.8445937493352
6365.054700051258,2584.23526013674
5531.872066265825,5764.614735271964
8493.132046129493,2175.4322513541215
3118.107246280254,3404.7061497207733
2840.8370830660224,6580.548589234463
8464.13109244205,1164.7995581732207
2214.0584084695324,9453.04241909939
7460.413966316988,5323.5231467932435
1911.4585699445174,4835.967283573182
8756.954125989545,3630.4452537124675
8390.635422413181,2456.647547441505
7874.630493466348,4834.0072293189205
4914.712797958489,4862.723994945995
338.39221176822366,561.2198235375243
1324.6520229817515,8473.871678264519
4566.051025391032,8207.625450680538
436.4764441543578,4478.065956149193
634.7244293486721,3367.5611855613265
1255.0383773910933,4989.320208787655
2608.466975603033,2214.344339847543
7493.227894463121,8.423735320177705
479.82394760122,3543.0186012298527
9836.393953563223,180.05223525961677
2738.295205869714,407.0248891030326
3201.9777803489824,294.70111832320066
2478.848878425509,8800.591870193271
6023.9077988248655,1436.070940047024
194.266272131155,2543.3835784685866
935.6952570324262,4902.657549152949
987.7743904789394,5293.107758766705
6645.324254984775,1220.6846968879993
3295.217376089918,9095.134920135793
4374.9418747233885,2310.819700611901
9499.733533741855,9425.887623515597
2000.428768220065,2568.7579470204137
701.9678834590437,25.939199614197772
4414.232295819803,9718.61362794665
1640.7321240944484,4837.163100102909
1446.571484881981,8787.503706897622
4101.320830591798,7343.429475995047
6696.511558855329,1790.1872933155482
2428.519004601164,8452.687358200623
8759.638952056785,510.78354439605624
3624.47946966332,5075.581869234915
9340.482623139456,2541.1320384428027
4923.952782804618,3615.862102111529
7267.37893167836,7570.28328372587
8490.168594198252,6833.834889472795
5297.198749348176,4400.835248075507
8503.234512903708,459.18375982200945
3779.81786641953,399.1572917154618
3634.0407438703237,7022.0453651865255
7940.633902315788,9488.29566977985
2412.6972470623386,8472.671955488206
7170.384911372117,1221.8404931041848
770.8695711629032,1212.2687530077626
6356.250637591676,6105.2842327597555
9419.097149090276,6576.12361267852
4564.658869321668,6164.891469162009
4159.65014711901,8853.926799026955
5405.408624898162,2310.0466072889535
7195.660744903342,1722.94510703355
3588.3630914932564,9141.675517778109
1.3001127079648178,7221.496255652184
5020.847102521146,7117.271716062876
4192.781605821551,3353.7887711994586
5327.030616730226,6278.719797827427
7153.122812823517,7267.0202217121705
2833.9105270101195,6002.756608203544
5052.596768465978,7362.208182755776
2533.8875028622456,5900.503791247646
4593.466365431458,9820.31930730142
3445.3910670205314,4920.0331135027145
3690.4130080086784,124.68984190240229
5793.6105068561865,1633.4254343650678
6896.109919231692,9641.58349236559
126.58497380686806,4695.204937645113
8766.412395027433,1205.214540996039
3643.3540855123956,1558.2016365238594
6436.103227961631,289.49566369644407
1223.9243017990186,2263.3953101466063
5714.56080589202,9866.452310161692
6784.595305664299,3288.1522221915916
1574.3804577628684,2502.520662178167
9121.54803759204,6676.211206366883
7574.664070451129,6741.977985736285
5339.195605726157,9678.335570701198
1660.6603591690105,7295.977277140429
8655.5136941545,1099.667493121279
686.25968749087,9855.980304928122
1151.715580116358,7502.37260442697
6981.7423768583785,2592.16484687092
2538.608515424583,2611.959674075046
4593.1789943465465,9599.97234301697
5389.1012289647615,1926.365173185467
4582.341587372808,2275.875582775406
838.9365655755109,3589.312842569289
7374.744386284879,6794.714132602948
2399.902077606364,4297.240365881779
7385.316808721663,3112.6416599890185
8652.907856909034,2676.2418781858155
5363.738253896737,1250.9594579444229
7063.764386093888,5462.556044942515
369.37786072455015,2734.1204922343245
367.48117056085164,3314.831062939626
1971.6228892984689,77.96267791780886
3583.832914997659,5312.397461010928
1827.8384523038471,6964.233110334096
6349.602695447233,9275.339023969671
2768.876169308402,1971.2699889482665
8457.510253872802,9193.624769214268
5606.0379925294965,3611.3056596180127
3780.795332935698,8023.927901305553
8930.781664846014,8968.020277010457
8283.63061477723,9613.64538821789
8200.351462044362,3254.4385622309323
7283.51249006212,2604.53666900881
6142.1433657025045,4395.643003624903
3668.233991971326,5546.533950509009
4226.004265365569,6906.488560759672
6471.239930346191,6918.775193164526
1728.7133261309273,1166.4960142507696
8278.146214452561,6118.175658270657
9386.70220402894,1678.6870653242204
979.8860614154537,7113.682031434102
224.55681055802313,9765.805989995924
1427.0017459218654,7708.998261623715
7599.026052722544,6947.351247775345
1078.2655905673566,774.8462908371146
3722.495556205715,1846.3303265815778
631.2361594362548,3552.406001584091
4325.571690540733,9334.776267882968
6038.590686315528,3308.9169099359306
6285.096001749141,8137.717310566662
5189.153459444275,1037.5132969841316
9381.07910963896,6620.022236415056
5311.365305165245,7791.0885964900135
8592.38022951518,5429.21781300398
9930.257448812657,7668.459207066169
2297.4539816422566,7236.652230155704
2655.3541654944747,4769.8073372456465
5218.695334368043,8655.190712117033
1823.7838259202333,3416.293184761883
5641.250684577262,4254.089074378755
6843.899068462943,5398.610158178601
603.9754901358818,1306.9865544674763
6813.949027455817,5153.176806854224
1594.6685943127459,3241.1605766505445
2993.1860752264593,2566.655532798926
7388.098214959698,5768.349880917918
1635.8999598185087,3296.029801866954
5316.83048113518,8555.077007436477
5891.753062147126,4099.793499580674
1643.5787316337392,4130.376186345469
2747.8144566677533,9819.421151727678
6064.639217343286,3415.269643085984
4611.985075811237,1314.8594977466964
6599.8133413455025,8765.83271413372
8547.168810269675,9169.983535370915
1350.3402394378627,2264.5003505903337
706.3271399484861,8820.770479629133
6667.265688371202,4945.568354102676
7706.436470194115,434.3164701100666
4493.0698861647825,5488.310335559227
3939.094696878319,8487.73045795707
5967.7185712199025,3966.49451047174
5514.539522664452,5510.0004769028255
4901.706911184498,1406.1430507317086
8187.051282375125,8421.969628946172
1735.0046003178543,1068.9024807060675
6812.089115503848,944.2903149282744
7413.397394581755,9335.583772501092
9013.020104973855,8734.729196593637
9451.002025813437,5748.748186677436
5078.656283332058,1061.5390648027678
4336.400161772397,5459.86123721127
5039.085640145723,9205.426536235951
7325.7926276069375,6123.548956587215
171.7136877467973,1982.3812891916414
1741.4393545240437,9058.307411628353
9076.663211942026,8654.562620556726
1954.3468029073929,5465.874231140493
2284.8335763909345,8522.432785739054
9394.643367591543,563.6211112242285
2942.8032370576007,4611.812401194243
2904.4274091689226,1780.8912576926894
9237.088448905957,8375.409946652784
3750.8199402345554,9711.912495574059
4939.42019403545,9306.993203844364
5604.073437094627,5033.484520207936
8682.824779995022,5109.972044491007
775.7142769238035,9082.286595484795
2608.562351955065,7217.466890309771
5870.0809646881125,746.0518095112322
4346.127754908223,1283.4027161987638
2782.807436221122,9517.224646801493
4096.422593579844,3658.8941061846626
9662.426353098504,1873.5955954908834
210.32565064954878,7355.348394694303
1469.7450270930146,8796.883284969708
186.5516759036223,2065.548452222193
5933.966589257713,2514.360417714557
129.36875238072741,8999.409051257258
4540.159759797414,131.71297369052425
8591.962118691055,9079.502335226096
972.0498967675339,392.6226211830963
3651.740554930911,954.0309252031765
3779.9792113761077,8622.75356081868
3622.5426389048744,2484.197265876704
7274.620450150864,2246.949393120298
44.09598961777617,8441.285299444791
7799.650742627436,5421.936792006367
8390.413358916874,3506.1900559946603
4314.635642046011,7142.322164460645
8871.569957556425,8097.456969129726
3810.3901337547663,8627.686345075885
6947.227819548313,1193.5198500978972
3888.2488024584327,5825.450028154861
378.4342102077498,6782.189803110158
834.2637299490685,1164.7437901236767
4420.494157400949,6101.256759396899
9900.960932220452,319.3841413217258
1775.5685864363202,3415.7074395849095
8955.819569674983,1720.1598838108966
9193.941871802643,5612.064918540748
4096.488185018335,1910.9281639048493
4618.2548744662445,7891.440208141261
5028.204423299762,1211.460935841846
7704.068482898476,7578.2901156741955
1237.2436727101533,989.0868349586324
3286.3726807773696,4423.939696037861
1707.0233817778146,6985.34262517122
8784.141511391494,1614.6800694475016
705.1807543770394,7523.440263591392
7477.041522008886,9534.112030118917
4397.411656508555,3734.012942719712
7146.041466836629,1.8030276088087938
8898.952577685654,4768.296019117973
3396.6231456909736,9024.41115826701
2270.01396865025,6650.059697858925
6502.1859436598315,7032.861009654727
9975.258322238082,7924.668341769847
7295.084169289083,9082.03704554204
7956.22407960299,1248.0398304683326
6298.572294208322,5902.095342892003
3681.8345634097573,8897.321037252663
6546.44285888777,7758.890540771561
1285.5023124284592,2489.418421152283
4888.180399251045,8746.06351013425
5730.582308334122,2941.0348165316223
9067.499870164562,4108.863736185189
9197.19331078297,1856.4026014275348
601.245096802917,8852.266510924797
6318.811285292702,930.1454991468472
7963.907450592506,9941.088870662767
5364.484428155863,3286.805086928568
956.7015650465249,7108.087665125456
2327.293134636811,1287.2629159650794
3136.4397106955066,4878.630378984047
6627.99410362232,401.32006835080114
655.784912664108,8783.995479539928
5496.201169756078,4464.29350053713
1089.3447308931404,7427.540494951265
3951.1978789042078,8945.145543212668
4255.562834690626,685.9526768392299
4518.378535246547,5114.411749518679
7108.69371903248,1895.4111515628902
811.9641764612807,690.0702509256773
2682.423206757627,6220.331107178105
6411.297736666653,1140.9679151635764
9435.65556619328,4919.351256644654
6207.974955034462,1969.1844614339916
8833.661126069379,1977.2137598255235
9684.059175293898,5229.942744650167
8839.043236838621,5553.89677794385
9722.068753704118,34.793151470460245
7770.414402971596,5007.69261269786
8871.563799455573,6697.502647704777
4914.515398629263,6785.117736674766
3454.390632580885,8498.801239919467
9997.106298144672,8953.00410162916
977.5990400638157,6228.614549332709
9581.98642801197,4818.320179804212
4308.743000510661,2041.066117036543
223.83311367265236,1267.6124373105713
8030.164299227873,6090.996669829916
4442.166875356443,9465.831262936123
7986.861333835974,2782.149105241507
448.16470465462663,994.5334568178132
9741.465017941915,4238.615300225094
6710.379547672568,4.825826976515568
479.9618124894389,5535.745157902863
46.46776240027406,494.7928976546512
5940.015794594683,9309.65603096444
9764.992988602613,8699.329920340093
5239.994895533131,1149.0165987780142
3538.943809175665,1468.9653416144454
9389.25935534004,9534.474879229034
9839.536123938018,8135.526897143452
7844.848062690377,9420.245551467247
7179.147539496814,3345.0142063113485
20.637023951489695,1109.572294872221
3136.8265298727747,6153.868679799862
9251.762448958078,9667.051875876925
3681.3580784387755,1299.6359675475433
3345.795701257354,8188.947617783538
5371.806562155162,3596.1288714146554
4477.863613965177,1155.0833842333918
8587.978789329092,4590.37216769198
816.9606864222345,4887.333849048527
6587.493528112186,90.83428343416355
6971.901871612641,4744.500041098863
8801.127624996188,6474.780789609509
4157.844044467194,7646.616454659948
2950.0534361949835,985.5746448404612
6265.608623676449,8765.378085283419
7249.250698700585,1677.4588875054862
1709.7927664255742,6582.870106585165
1581.6362469901535,5526.325005934484
2636.0314037194344,8800.08597397234
2479.1732075880414,386.45233387306297
7506.541067935286,1915.626260697798
5307.0259752156735,1219.65760715122
5477.908533707268,3275.511832881832
147.02165947224734,3388.4847175631085
9942.5752438112,886.1246365397657
8297.900775005575,5143.24956075059
4436.644958707415,1162.431443034755
668.8221923990556,743.5029716896823
6942.879819603276,331.72131964563033
5350.461433470181,9291.418960275176
6775.389051692532,3967.387790879301
6775.7748057292565,2836.86328603897
1547.3436348510538,4822.740392108886
3288.098516924124,1576.909804767046
177.60050732478217,4061.5762437268377
9822.628236147459,1905.4564030621511
8064.654928435028,3043.92760001557
9288.085588726139,9242.158179645145
441.30637191114096,1486.9903819728459
5003.469960736595,4738.448814976916
7474.337507131936,6608.5918595628855
1037.0474819212284,9179.971898573649
7770.869562451689,9230.108371392156
6475.0227252119175,2472.588768357451
9849.553029516246,9431.547408962924
1408.6579751327654,3313.893469173298
6292.77288311179,8949.213769913016
9471.343622843946,932.038285952883
7436.694141058263,1983.505383758216
3361.479755851787,789.9763978471764
1192.5083344918962,2990.2690850116574
9637.665007590329,8738.529710437622
719.0371698159015,1592.6982042395898
9751.684567221115,2248.464945479123
3035.116996275141,2161.858641528355
8603.111096018461,2746.9822906873555
5543.117789544577,186.80780325331935
9125.905294245524,4238.474545210417
4266.189316158006,9762.931494608552
8498.039646390254,4480.8474033969005
2383.8507592969504,8133.400718529517
4667.415191439311,5714.295151187733
8463.024545713179,148.82936436948157
1183.6167368730821,5855.079129724281
7286.342924359753,9465.135529633144
4368.718285101171,5535.105579502465
5132.149585758302,5279.3291714318
5790.319219912614,6702.254739467417
2756.6008891333336,8708.877242661983
963.7189939083202,5647.563415638692
186.59352523677896,4064.3627494406755
4309.221037370023,370.8012862082255
2688.70732134073,1110.6544450962274
6329.300788879382,6487.213676525206
7159.378779246001,6189.3856316525635
5037.447458548146,2390.2744862997315
6189.613172047003,7189.230005505099
5607.461260463576,2796.6572278735025
45.780511142877735,3049.7422050928935
8417.019238181689,613.974824811061
595.6252696897957,5502.813511644925
4103.404230676158,2876.9533510375254
1110.1850277147319,8189.388094433159
6623.1394557726435,8014.6697917740175
3255.8776427525527,1284.4254671004628
711.5217390896278,1599.9317682960789
453.5281803287772,3209.904227999212
2371.4175092401256,5808.544418968548
6672.647563087203,3425.142819315652
7182.21498175289,3502.559488008812
1284.3041609606187,1400.6068051323662
1391.1221370096594,3355.984491835928
5932.269409544677,4704.065632390282
9572.663460354534,9847.192923547986
5529.110627819685,8379.648507004084
7117.421272806844,7929.815760229473
5754.159621053728,5598.206441901459
1048.3578111613056,3600.898646222629
9464.64010689174,8569.464027118598
719.8493559839825,3474.295673462393
7598.701428556318,5927.960078810025
9793.522282584338,2571.757355243353
3189.9720680390365,7764.096915263987
1716.3024451504193,5145.331210928427
5661.7435512421725,8951.685350819185
7950.665641623069,5689.0011739346355
9494.750495848428,1643.046769093085
6936.742541712748,9929.477274494517
3358.731152380754,5019.659390052949
4943.461578411026,2507.0805220181956
7612.005858842194,3292.8309558108404
7879.324236677417,1212.34189772503
744.3724896965376,739.4017274641318
6137.396606971928,4505.662734904375
9673.700521077648,9518.731195885159
7852.567008339028,1229.7762537116707
73.2278584918622,9027.242052240017
2249.4157010886297,7967.3443259564965
4450.0877626406445,8064.264793196937
7062.694681573262,7099.533519622555
5552.467126748015,5918.35672325236
773.2785820542942,1213.8740663851522
7382.685828883456,5756.527125136621
8387.136818796913,3519.7760780567833
2057.5782577300915,1053.0436164681278
674.2363311083965,8038.279616662696
7909.57520381636,5465.486271352878
6404.463543909258,7449.552795002247
8035.040258966537,4795.100852574875
5665.967601471509,5517.171945650801
4285.378933083749,7123.432111749485
9630.77712905349,2469.468726377839
7799.597553213575,8470.484874909826
4119.1624624903025,4209.483473801988
9075.180863727668,7084.893495041372
9934.992461680671,3260.801841781086
3082.365142353909,7024.748050683271
8924.767888982075,435.2119000011101
453.9747402110583,9292.61831309785
2143.49002576018,7868.947095069554
1609.122726525386,6648.055653669035
3565.935802578384,3238.821442533999
5626.225780576194,8425.875314531731
7199.798483344162,7676.859533132672
9028.037971671427,4530.8448560352945
1585.4763317187815,1974.4983439546493
5782.8351491549065,1755.1400573582898
5546.933276690331,4881.9590503968975
4584.738653201149,7834.080952771355
6945.826473243991,7144.652286867672
5133.611119236766,4935.642870407276
5501.913979593831,2044.2724655388388
9033.30998373833,2392.304865389794
8602.722106475496,576.3747201546876
5773.340008670017,1767.9613267032134
1562.0965657586116,127.59320780179384
9587.01488944178,6744.947606835383
6226.999319575272,5882.395517876819
8074.746247067792,9879.56335650894
550.2177533563101,7627.730871020663
8968.253781713156,2462.405195290145
6934.955324101818,7078.923165554715
6854.248897535636,121.71753442752897
1101.1235237141036,9861.576386901741
7128.632848925475,6144.353078182576
766.3724812059746,1196.7016337828595
558.259585645433,4985.1921314316405
3253.479315017994,9406.14347643165
231.69634644511717,8497.000650611468
1596.2522594353056,2989.189729591265
7261.267426327823,3961.4639435014255
8349.254702431062,8535.581304797177
1795.2142124351044,9000.115972317302
8232.975415038267,9145.970431298312
4805.300956288186,9478.895250242318
9578.946456326183,5005.42055802395
1393.0895384207297,8615.190403608662
535.6478228895289,3469.7331551431967
8450.79905769624,8381.067258825053
3619.855453389643,3474.647315972701
4571.701922042896,6083.179233358239
5117.940058121317,4684.649380353919
8251.667279860974,8929.391994383794
760.0038075733606,665.2088803387779
5511.242670892074,9487.931515820073
4305.6823918462505,4620.944947180718
3402.8030709745262,4813.929820638719
3481.312206427578,8278.169877388473
9303.407545857885,6661.81977999174
2681.125223033267,9537.09978020287
4546.191651091846,5466.161790257963
4928.0234773896445,5586.5181118496885
7198.637814939233,9717.026654564668
5189.86558849172,9264.401902437654
6212.327390244351,2086.9296204780517
3988.308556446646,3069.44794283999
7186.1663676143635,6253.388415608581
4658.51800725241,9393.75004799566
2227.1311404293515,5633.568217629791
8169.302184747269,7328.229556624958
7654.521708606333,939.9868433758307
6274.901457030749,5226.241597342989
5219.47213259796,1476.0166215566273
2084.961066796013,2606.3211641063067
8683.540832050605,1663.045714065332
971.9234078234562,1659.1205840974665
3831.8376862653736,9917.075330611367
8525.609321215697,2982.4535928759155
5955.667881100341,5654.8491165567175
4386.1987841794435,200.8542010359804
7913.608035062156,8063.861948807563
9895.140432597875,6802.277400314764
1888.13394616134,2287.785159911564
507.33001890796993,360.60088510078134
4629.880390912194,2745.809866723249
2873.9611099505537,6285.803967889497
6667.515373082688,152.0288534954828
4942.5835871657755,753.5880337171841
4990.029524122338,4093.4731807200033
3549.8202898191144,1759.9914738134703
2106.730491359647,6318.100459463313
2134.5430803242803,1746.5908114846684
3869.702400899242,9936.148719756035
6818.357808696212,4358.128812129243
3371.491688412267,1483.166798751575
3260.1711916661757,738.3399212660613
4250.005821231193,4205.603570187516
9908.614549886155,8090.9219940099565
912.356406495024,4388.350921759775
2946.5248351109285,1410.8025097352706
2920.0210294207363,4887.090275406937
9745.007783023064,3373.706322985187
4071.7800001843607,5018.685666999156
5669.719345040551,3911.3723692733383
1981.3096075499036,6478.89105343652
127.08339687787617,8036.245728204465
3392.6941518258436,8864.531943556844
6390.330619554312,7412.9011623460565
6915.404775151675,3550.2300469332727
7538.75832324232,4484.580277520215
8606.636441415678,6417.654618104982
1156.2304234977062,2198.285154599422
827.9261222139378,7017.628189794151
7876.854032788555,6497.897625495056
4357.513390325498,6564.871199220092
9471.167266716657,3333.2692833641863
9434.847064519317,6015.668650680282
1416.5210572300812,1977.3194735275645
6912.247671428147,1896.959749573388
671.0731259027125,7685.207952284199
4034.100244232539,3795.603465444872
8417.100438075979,5445.988151602528
4609.59522521403,2927.42179549632
336.13433284652274,2358.5501933074815
2403.2864368798714,7798.667655012489
863.704431405512,7941.8114424561445
4082.3529183963747,8362.851655195807
6966.990490094967,8544.452449343922
6603.574060829772,4113.796295760995
7189.3999477956395,8089.673100494186
3838.160082216083,3459.344021931391
2652.7959890077923,525.1802098224612
569.3231737460313,6893.375292768535
9415.753603239948,1989.5941827066122
1182.8027265981577,4514.720622916527
1782.4416114451446,1638.693991070499
250.00801064261503,3915.362722429876
3171.6822376124333,8848.662993065567
8188.4697011422395,6131.521759731709
3322.467322028755,1481.3910404236185
6659.827268385075,7255.01158747389
9655.445764749938,8478.434534703902
8925.30598746476,1663.9260350012387
1799.7214950328798,7440.96602644504
3592.073371774759,5491.251227813001
7511.404981119562,6042.638307332122
9776.586616414614,9390.249005841744
7159.349387558932,365.607181047527
2522.125205254854,6387.895222364169
1328.2270642643346,814.9256315606046
4951.596860700788,7895.86196349494
1929.5135768791583,8961.33693699971
2276.147971412904,865.2975665951545
6344.318010928014,258.3939808612501
5148.353527227017,9556.687153913692
1206.9327455099276,9265.264360232717
1536.7811109924812,9237.474037286082
194.3439362465782,9396.851578546353
2196.59883871688,5000.969192108559
8873.131603557958,9768.996067649017
7930.333462197701,8923.124864993935
4147.819013591165,976.6319617277829
7419.34101062346,8127.090277997103
4069.6926107111185,7124.441857923532
7921.040395479696,1340.9800601833554
1819.4597551321845,7379.229936350816
1525.1735972307333,4849.226772557481
779.4060631429755,8538.23887954341
2418.063427128999,8187.969418523839
1463.1623216240653,9423.308248056004
7986.413729946095,752.7911789825781
2399.716901442284,7102.453926576478
5162.076078032655,3770.7290572592633
7561.971522025897,7759.936496984218
6770.7445068183415,6025.623962772086
2045.895735186818,4955.806174564673
770.7184668937417,42.346283105476616
9117.616414134884,6071.688246298754
6219.937387535402,4203.8037272265465
7065.637002795113,3325.273603608048
3860.1404620396042,9887.703599159131
2416.0685642918534,7003.6640543426365
5306.174654855432,5398.84777738174
778.8186774944417,8687.22620850978
7999.764436375195,2270.982419040186
6545.050314505321,6199.077703300358
7616.339904476617,8609.244612550892
5692.608853799307,1235.8562532283336
5779.091433592171,2360.890951557374
6003.75660136593,826.3220700523011
7841.5906377294705,9924.43409068908
2253.8540687553755,5809.128187903986
6815.321115939756,4894.857858519058
5527.056626815586,3384.3519206100445
4951.077525183468,4494.501794628604
5409.065537247928,7758.570650705981
2722.001304798307,9167.178021446107
370.8063848330645,1049.4520014207908
7591.6396074548375,2996.2942462526175
9161.735234263904,1891.2807023528856
4807.625804959588,4354.858273963346
8379.018045319594,5304.841531232815
5552.564334719005,7212.799606522827
9303.022216548126,8756.581862065133
5084.175200707601,5421.2980263961
2048.5271541459547,4887.685876930691
8701.151131449787,5757.529248925531
8002.717933182009,8884.102039990414
3980.107347876799,6485.459368740671
8419.115452601052,7873.724056663802
90.50472721289115,7194.933039095114
7997.472018548702,9235.087083127071
6880.401627092247,8169.375353335183
3796.780997618201,3412.0416320053782
7915.858279214584,8543.686027064203
1266.6187928249728,4674.458986649032
2033.1942006868953,8472.226748120991
5335.800311354686,9057.461663329892
8810.262876896599,6852.6940436762725
1301.0503130511108,7188.83077125489
5642.686778665409,1411.0837114840024
7531.317010578773,3238.449664319726
7433.534738274858,5577.32495264242
6279.61132169824,35.15145172314882
9409.210674737084,8472.779107374554
4821.371307292762,3694.795220533309
8802.446598175746,7233.982890009888
6195.839396798722,7692.976228704892
7374.666788487099,5480.830509086773
4648.321851134215,7902.265359354589
1676.1933973706177,6824.078383879852
1090.9542175500098,3598.4453681960626
6823.304151910329,8161.560275461868
3764.761927613862,6360.554602547192
5674.828149192727,1602.0474472328128
7460.493319414388,7728.241122350282
7864.817078378057,6761.8701274290825
5096.603286207205,2846.5096812698475
3145.0239706311277,8419.781291164205
7758.802746353166,3740.0751957165567
4153.452731642709,5527.392909618622
9367.307576126928,3431.5960639143427
8245.720242591133,7243.669085077195
7469.167283854643,5811.72168475805
2412.4413262360113,4702.930714663192
3627.62005904657,203.19424515020447
8489.807315624606,6071.845721618515
231.39766499565394,6223.521294803826
7814.687461018618,1812.3535434587434
4041.515589958451,3323.0920010801656
7993.49076647883,8787.87911064596
5523.918976441938,5491.657594592384
5268.067008923089,4350.797054796901
7015.913484465404,9359.617386165155
8063.338370152326,8119.455117962002
6934.547954902369,974.7199068908519
4507.143058282208,8589.273713587994
3208.3607652884903,1497.3556059965842
8456.29878868014,1748.0233535915445
5207.776191307562,753.4754652921505
7834.6075146985195,4813.510936060899
9957.174431233043,6446.893162394614
6438.875802689656,7537.154610029893
2783.4619475628906,267.25265519871755
8655.56606927836,1778.613296384982
2736.7304757784873,6212.226924079901
2604.0096835879376,5255.835200148374
739.3702169716043,513.5390055342015
785.6269724984621,9354.099416192259
8623.213679184644,7585.103957182344
2307.2951509609784,3587.9630453423692
1086.8818152381377,5363.983449218559
3525.879938713512,3742.560002328862
7135.44105958214,4552.892960088169
3396.310556329344,5961.841475796493
3092.800671597721,3984.6741613418835
4880.657294988346,6207.178156972202
212.0014362069622,4651.468165676573
4910.734727105407,6572.609857710217
9900.190220236336,2622.215181527616
7993.48600403299,1711.9210248703998
704.9179916181192,135.82276614386157
6548.224898591845,6019.801385400868
4611.122131392767,9807.81205471087
8262.485671999122,4203.872929273284
985.2621575224917,2126.281421692392
2327.2881095114863,131.08930912127502
7911.410802966231,5127.839433364208
8491.993380600145,9927.046058054531
5293.1576662535,9837.753532417393
196.97026971121522,1013.5283331842726
8937.15023204548,8164.070218981491
3827.6522602397567,1733.2055859907614
396.8053418809336,8093.515112443394
8188.122458496552,8535.492988865351
4180.691223551543,77.3422904741905
1899.9029042913696,2372.61380112209
8015.78264419503,565.5167624637347
4577.156768622183,4989.096253758182
6078.095634608476,267.1619438721096
8231.214237197464,6260.852381800405
5224.220890414957,5583.297919511761
1104.7803206942508,3793.931603201757
9637.618253865447,4618.017444821106
2865.4050744322126,9900.949790555569
9942.494315547916,1676.5262017244409
60.24538046446204,7310.3795283277495
4837.880582548335,6453.09692385425
7049.34996793921,6636.98676711852
9063.019340183482,3457.142623292002
7803.369453824599,2164.703645973456
2556.278186907207,6508.2298760676385
2433.0440792992927,9127.246539249796
3565.8666592462896,9759.874845428363
1105.402007091586,4809.102063766329
6695.732453952048,4256.116520939054
9412.583425458304,3489.4233696475117
6421.043810746968,8099.753668790027
5333.736291698195,2553.9943282299027
5033.492160381465,5130.273820194557
5926.131271797094,3450.5438696318993
7106.12924862805,8757.008281220957
7949.993538235368,2826.741603279345
6983.211716049109,6864.8780574452785
7050.318727747409,5887.484980605121
9517.338093016817,3283.710888860518
8993.433953183176,2547.816650053306
8239.23318456807,8037.88299993075
433.60240960183205,5105.00880893214
6688.673470876072,6114.631821116944
4549.807763808213,9620.877563939534
6175.992182669536,3980.1641431668677
6862.8217310582395,8142.789696696927
7146.518762635335,6387.6287880537175
8694.262897795457,5935.347253154819
9099.911682352615,545.6142512906115
6068.2841324450055,9123.578777095181
8941.642353860709,2285.998306185253
7646.217203363414,4731.881580768428
2027.2538855548783,7520.133121156066
353.1189863388817,5223.233904504523
98.88318552643382,43.36296530287997
5866.231974728808,9490.379736533656
5215.932555864967,204.85108826893915
6963.685525054121,899.124460256232
8428.282869493567,2241.326041503906
1644.4249736184845,5989.601394181478
8564.317695035335,9711.373366352598
980.820454060527,9226.585802729376
8832.43354504646,6513.363427660517
8504.864438353148,7416.881410881301
6969.558029855761,7118.824496054907
3000.2921901695468,6869.4734851179455
934.1345948829916,8123.94669459046
7780.870659288138,3398.896342306248
2178.79413959585,2211.2137508940377
4409.370829257942,3476.4647958088335
5308.590667143719,486.03785058651926
6854.423179362207,9670.364186040482
4874.380722532863,7395.048331575983
6945.332661509895,2134.33508733604
8140.382395145027,2557.9066089805337
7130.608877447267,9926.084819479167
2995.027084580103,7681.072983815771
8942.861503154494,4256.593705285173
5505.71438804407,2066.5063198406574
4653.7481776738,404.2816534388993
5750.470058045267,6693.126172937305
4832.200002253765,7799.781815996484
7551.099664067855,1077.4506314248033
4206.6397613504705,23.89855124010909
7767.231392937451,3574.253069104075
7601.5523681365685,6674.482920077046
2768.704170254659,9237.960246934495
959.4133050987797,8795.365531804964
8509.580166948545,6885.266240895452
1689.1979402979684,8140.521334374143
311.825395755323,3558.6372837765202
4023.264953295015,2451.047223596149
2541.4942877429294,1242.123705116922
2203.612121167776,1816.321422618291
1723.1359176811966,9629.307162086927
7491.965647609372,9299.574062880149
7834.227190544622,469.1920907678582
463.8958366359014,4699.4072003150695
5468.117537246384,3733.326273997973
1351.4544593238431,6517.822861238324
4995.541273002818,3283.9834511288723
3479.2980869988955,2806.0957021801014
2018.161937439189,8091.707388964935
9480.59702309947,9471.154351797568
9567.461767837984,2027.957262797826
5639.705210811585,2352.951223212698
1880.50064266291,4191.165845148303
5832.659442675096,7063.031846589613
9284.992667251016,1670.6255766083045
3777.60780066969,4679.333725801253
1377.3679735745782,8408.488652360615
6936.901845373474,2340.6661974860867
6562.689374130933,476.6134512764053
13.882415097277168,9068.275198777783
8536.05587986373,7875.316183206655
6607.470983758903,6988.074728145012
1956.9859380822452,873.3023403368522
32.387588528003384,8993.333196592659
9723.00138299489,3052.654891888644
7546.797360606777,2114.9121379700064
3650.512012719118,4874.987986399298
4327.8843255231295,9227.995775470648
5388.605117878829,9945.544009921197
7186.279034199528,6141.088088984321
1729.309664463351,9555.082541800082
1957.290500971771,4533.343290316988
482.6967889708911,296.6501704776925
9857.942379831084,2756.516160998501
8755.709875379476,3018.2744248794356
5529.580135969052,7827.075777887135
4302.736456528612,1242.4430566789936
2374.399526286489,1749.0434659140842
5949.827976834337,6142.696100485311
6905.103584094772,1306.1444231315888
6891.827733616814,4955.166873134268
64.36137938264585,350.6658852210676
7020.389198743042,6688.805000724383
8663.72851242774,9083.733427870591
1149.166848962353,8748.978938897817
7553.770122947577,736.1788343884057
8232.385925651264,5910.039961008277
2761.6938503087586,1038.4033194999442
7121.061918768363,535.2426073436789
967.5487303008889,6103.850247005046
6492.121318789293,5724.586038825371
5103.2935097732025,938.3538302208793
8498.521472606846,3598.5791194106955
4519.676105758842,3166.523275602926
4280.958285126826,3424.638968682301
9337.84843874152,3331.9061810779394
9342.667512206299,8246.562421440936
357.11631340105686,3536.0847946870467
4855.650525880613,3304.344509713929
1609.57601533373,296.17155579417687
2737.0621764958205,7904.074910376967
6661.403424645692,6598.785969135403
1292.8787825988243,3414.33728088117
112.70493422808836,4518.399824002651
7271.236426006724,7940.731667834576
6413.442861982552,3442.1821650737515
9026.642843862663,4733.695696534907
5423.101211177281,197.86556970244007
9453.306915356681,9183.172223208705
6093.133612654622,3712.4125483460234
3871.5036539522807,2964.334429292862
6084.637052934028,6091.183488523766
7491.802701162894,5266.977818624247
3475.411526667046,4009.2477858891916
3725.2493709604382,9223.525347414572
6299.3729485029635,3629.8215245155043
4555.919561270315,9983.73701199085
5269.732061474895,7891.277333267729
9820.816324818174,9033.28408847966
437.74932344836645,2827.5686522265732
6479.003730188805,702.3836297068065
9228.854653586399,4191.970319487928
2362.114065218904,3133.8494356354495
2120.275943140346,606.6922095765382
3629.9806093030707,714.8349282942135
740.7853225221628,1742.6877627461256
5602.847931819782,3777.954347239515
6454.588782729672,9352.41631396374
8198.868095077822,6577.702684435978
661.7609831491555,3984.127595448251
4361.849792744925,7993.992860019732
7842.068364702321,5684.929771858764
7683.018637913037,4174.490774789319
736.4055927293556,1443.6788296562531
113.9558964296017,9270.402453128316
7833.277438612216,6238.878800573853
1379.7763535453312,4392.582390216119
5777.895645243008,4382.865667181855
942.4616989025625,7650.355570856024
2955.1113410447906,1794.5317300075492
1580.372820323974,4175.419222659431
7363.9436865621265,630.1176706974243
6727.244176315794,799.1836152473008
1353.0548059366142,5262.964096855406
593.303461371768,3808.0478830347065
4663.352509721924,7195.116803918427
1955.4794916092567,9867.31043107599
81.4203690302706,8594.252339644563
2642.7274122820168,4418.984555022297
2152.43676987257,3778.5768657075737
6849.592487198379,5850.68243570941
8608.630786870408,916.5087727919441
2376.3891598774158,9876.602190082649
2230.4776160983097,9809.927505617912
3877.663389224478,9229.540410066247
1725.5763396908164,6622.004584357245
9468.150400812485,5031.201253288191
2435.2653957696157,7066.8964332476335
933.2911354725514,3143.9350498351682
5568.887963569144,8522.291696316675
5376.195462534835,1346.178317356278
6319.141723481814,8034.753546447259
9667.025653720268,8674.799076339657
3234.8718453647452,1701.6631863905095
3595.7137658146053,4785.705896997832
3370.404454113597,8916.525319405631
6286.296606464112,9592.915249111938
6040.690389460868,8113.642884912253
5288.07062725503,9409.109318459086
3643.2595945326484,9369.983904070596
4276.496528570518,9797.196129509546
7925.072014256444,4133.973188873629
6092.4672565710025,2869.425630394291
7163.078537829314,6329.4356746927
2767.297228511433,1888.5119152620177
9114.920933345287,5570.153770166664
351.62721943006403,5792.877613941408
5956.968848273174,8064.369739713584
8123.500519306939,3617.9267473244845
8662.85480329225,6018.25726828436
3195.51731167258,9032.748966264819
4597.5086283046485,4217.502723746102
348.89160041931655,5717.233044231221
7897.654138330443,7873.761002970989
1245.7198786174117,2496.4273950563033
4280.814257194406,1033.7066909144
9908.090099950743,6818.007214588494
9177.372396664758,3704.7785408914237
3300.23564962996,3816.042260608604
2238.806012659391,9300.930083347608
2516.924766545665,4078.7495572415
6847.8565707439,9536.781483409379
7257.972780688937,1063.713312434551
2164.9307978782986,3429.7708834456153
2399.899599109151,6929.427656638837
3233.8908285141633,1259.9799263192747
4331.779783575046,3870.4157304665687
9174.708827336517,8517.45290491134
265.0784414664464,7617.636404193141
6381.973847256187,2821.0433572025504
8616.975999061784,3564.526955243078
7233.636001610512,5050.8261585919745
2167.4211979565684,7312.878767546068
4767.466543553039,1518.7554271135762
9102.805786032151,5276.534260963983
1157.1746536242122,733.6146013420886
9875.111823612193,3978.1752346626054
1436.236764062967,1909.9307162127043
1424.1754353020597,3090.406373941893
8128.5931778150525,3314.859327642372
8283.465182943164,7701.257849424183
379.1865602929023,2651.6068449967033
1683.0540614295653,6637.634656636652
9485.276536678733,5332.77407798203
2793.452654105125,8042.257203008681
122.39665168893077,3215.6917935414854
2540.421005382505,9946.572423250256
7354.325631798992,2957.7290643885303
9164.533791808384,5795.466481785449
1551.5658522799658,6322.179524254718
2244.1381985171406,5381.68348082838
4415.3130419333875,8588.404495963656
7483.023524009247,1129.785654636969
6586.97022053559,5972.670079083598
3275.335810060329,5063.3247337939865
663.5181916253651,4172.123229134828
2529.6064658121154,3462.2119014425557
2195.6339632629106,1528.8274282556324
210.53763074104558,6499.729459719845
9750.399765414619,1177.1081112687964
2553.7153134334644,8292.92936769295
8365.350472606016,4477.258214899817
4848.616053400465,6054.1869740123175
9722.907569065073,778.0558152073436
1495.5312095356499,933.9292534292931
1106.731609395577,2359.0029141714963
24.62924490255314,7797.418720963494
7184.470889866125,4858.324532610195
3063.7627005641966,3108.5912185277043
8703.549476336497,8494.634164625204
6338.048521470965,1919.104637766651
5774.3188868676125,2594.831641365756
4868.915367272295,7767.3150842337445
2581.7364508445808,270.45096085751675
646.8853125884899,2203.1357458420807
4435.679785523597,5213.331975377512
991.1965198526673,9150.354158807113
9057.311320953739,2658.7774658866992
8293.291184033433,2130.961385173139
6197.612894740295,9749.164261947024
4524.3969296774985,5245.147048847323
4541.954019645856,625.0876663244842
4645.150770105802,2764.911182891935
7454.631339734644,5336.621597051591
1262.0506379622009,719.8267393526447
5312.957828144112,6925.516635907718
8126.666613652516,5224.891425307746
5101.258764022482,7097.221935739999
137.4123188519083,3417.4165371383724
2446.905939378522,4199.668448662265
6685.846423130259,9281.340310618252
9341.995749929452,2106.852753879199
8937.480848684756,395.1481180142791
8227.049195234014,9822.126000519802
9501.641632885912,74.17251929648705
2799.178554686321,8882.464350241486
123.97679067132961,8259.734966548092
3543.7459587825692,4876.294827907334
5770.110019269309,7053.418719432419
3164.660001437033,1050.7698442793146
442.0375854584513,7636.643820477838
5071.869915167036,7837.593872677018
1996.9636098669464,513.4157355434821
7275.712771394993,4972.415021575186
892.0157644661653,9481.480008080287
9581.257800601037,9511.422542943206
8766.804791098895,9845.147227852005
8738.541507283371,6566.650620747792
7898.9063875352695,1411.1567046069074
6335.892924591671,4128.8980429233325
534.2903930961229,7269.367000370137
6624.258884404557,2838.339120814287
7469.272816792416,8101.438496420516
1308.1991545521587,8613.611448269954
6157.560255071125,7635.489880492438
4788.674742015746,3421.0273812836244
4724.415423199988,7414.727348538764
1994.6223351832714,722.8300705356294
7394.381855960992,3352.186023714676
9251.246609446534,7656.012373899685
7878.033162500583,7948.209146382435
3690.3222281739213,3187.793901996935
9841.773105448674,9603.128773886277
3641.703059569329,2732.7853842581717
2344.238631677885,6600.099635248365
9680.846389330361,8789.637533700215
7898.165349846518,5513.990080807622
7612.441415334618,4124.914682167813
774.3194340703186,2114.062646277517
1920.236062239159,1964.4081143042092
185.17961517369176,1589.212317924762
7766.491782441368,4430.200449089871
2782.4296129248683,5479.205072716651
1322.2382546009615,8390.471325853225
1818.9120363239242,2173.470206208651
6411.319435840692,7552.076312725453
4330.506907913265,6941.105289333648
9413.963892439542,6345.189330918023
3658.916173313853,3393.4669747548405
8338.743309124897,3179.933918961938
5464.650115120746,7589.385949971687
7053.474941924383,2745.3426166900817
1686.6076152304177,3297.1865254924646
7489.845260570066,9651.917783338713
856.553590435154,9984.643731044147
6911.21389925204,17.12648626212343
4655.175987219189,6867.640545572792
2285.2613995254646,5355.005026416055
4803.871274712891,4601.703812676522
8556.781294760596,2756.561318004992
1547.191780844225,5071.511899330884
1696.2641676325052,4565.752762350998
5339.972456285071,4013.1112714845653
6252.54550311821,8498.167236922625
4201.997720682389,2706.4526698527357
2663.925981265171,5974.760591546209
671.9207857837229,8642.149985142292
497.93128982394853,9790.01541906006
408.2010297478178,6027.516950097019
9012.830333652368,5200.363198536851
1313.571556719405,8405.149661323898
2951.2346075645123,1884.4660682100966
9858.922858178728,6300.157288258832
9274.747444956083,641.7798105830053
428.61913402268084,6600.184870008019
5512.63588008672,7958.0922627203745
6334.984934950337,630.1105133209883
541.1412643487446,8484.205817617361
7281.261248084856,1233.5902260626185
9878.699877235811,1758.3370026402956
4293.795755859531,8364.035358343272
4494.175472371701,1247.020331930132
6593.468847836193,6738.552145504159
7365.420553803407,2948.142873805805
7897.723341178516,2483.65061487167
775.798423110301,6501.545231851982
8006.888881639691,1067.6165207255772
8640.73952270981,5746.224043718582
452.2724408898593,9245.225916156336
391.34998163471215,8514.083195543746
5508.904851989904,8511.153339852872
4968.066104491279,3029.235372638975
9800.966987584643,7012.827253025656
2944.0150169384992,7801.08146521633
5901.999796067829,9014.044922941366
5066.732536618241,2641.328936460061
5357.333247254888,7608.603820237228
6596.6831502420355,2322.7423677981574
5375.949906600914,277.9121232481829
69.44552748937016,4818.346194720611
8437.102674556845,7658.923489975239
2011.544076355718,2143.695359033301
2311.546096175522,485.9499237126042
6479.727626551695,3737.9046082977043
4777.516554598687,2028.7751210461502
5744.799602042552,3820.865414546132
4974.9893753243805,9208.319044007414
4178.626292340038,7439.012763446277
4833.024713851898,3729.4405182775013
1410.8541023302578,3250.4926463407023
9693.057809980766,9211.94566590209
5747.517646772445,8888.438625008646
2868.169864869581,6040.874777501396
7128.402647342271,3575.8758646581514
8801.061173878932,7923.344270493704
2964.6765333102708,6637.335653961514
3245.115812394199,5646.703707008434
4385.487054484807,7385.545173553086
2172.897717815684,1344.6606333052148
8097.883768489912,9301.48468791336
5841.766748325812,9729.208340827516
570.4450608266043,3544.4920227914754
9967.040765065496,9468.001316264941
5749.715061639593,7958.311588769322
8899.363290216877,9410.298583088099
5016.181662784325,9174.583249970625
5824.494988407758,2009.0190488032877
4544.75249718921,2600.2611384328256
4227.607334704375,2605.9406932186203
2183.0444226572777,942.972662500714
9621.242515669197,3976.879319588802
1817.7124362414154,3626.218269260335
5264.042787895161,3439.616565347551
870.9684593702016,3489.451018073905
9933.769031370897,620.7065093956566
5556.76393204808,1859.7522415204294
8145.832299138863,2959.087475369221
5629.288538776242,8889.776814049903
8049.852198297156,9265.293223511622
5344.099264071637,2852.0948078091733
4449.743676182171,6941.588559262972
4559.057986505237,8506.221490679274
23.435398465865287,5061.7517533222535
3706.54950784888,7555.43566940521
9519.440554235234,9758.667980239119
6755.768427833191,1622.141230365377
9193.190029525002,704.1901596746436
2002.625698133036,6400.23398198708
4911.602486097254,5084.817399913826
344.8193041873471,2966.0365240494557
6770.52151914907,9165.868824666708
7840.1626800892445,8458.281341384905
7478.013912115393,2644.0134768888024
867.6999293120813,7741.933709820795
2475.2765661883045,8284.045148479903
6558.273668826241,3253.294912003659
7589.911008901476,991.492466259779
2742.105450308634,8504.184464030894
4062.410443811444,967.882671368524
3512.66077615646,4786.079660331657
45.64923202764359,1943.649002385802
5765.1310644183495,9274.616634254078
6691.127655211322,1071.1962785643937
2764.3570858174025,1169.0067936100822
6877.84524292789,7017.296219800672
2427.4880000522535,2055.557941084766
7155.3039200003595,1323.6109516027138
4571.8742230941625,1681.927085344488
8719.348965538864,5958.963416784316
5447.344254052468,2226.2588515313496
1846.5288837755622,3772.3847878925344
8220.11276092838,8497.344771940614
7776.785007470227,1756.7243050505542
842.2818136053789,8262.77382170529
480.40692566415635,7754.013287673733
1362.9104145060678,8311.76118182122
8453.150611921257,3470.1731120075374
3203.825557214833,4723.621901987527
5047.514326391629,7070.059791489498
6029.663993916194,374.2724171075418
7434.814319009803,6637.62294019808
8299.553141995548,1200.950538728902
5158.655130199145,2880.741652579896
4157.596100403257,8097.842342503301
1959.4178577762257,6353.839628297617
6075.203557284976,6218.567569964617
5498.770593363614,2269.130919198128
2911.6035434541777,6678.774840784861
4462.034799907506,1317.012364464648
7396.510254286,9647.945968636128
6270.800310691049,2526.9661603727313
4817.407392691434,8267.478435962841
2723.164486277253,9201.513129061921
6680.043190124897,1717.9186357503684
6276.5798548115345,97.4941887277736
4582.335559865228,8742.948853537113
2385.240476914925,7639.8630144697345
1748.7650097243957,1542.6939879264678
3393.9949475207422,8303.775836792865
9087.148640750715,8104.697280994996
7538.865899962221,4612.741409982829
8910.697944330193,9468.233967065082
8425.989849173218,5821.093000364046
4588.825652052696,4428.800777937416
5304.424886569864,132.35392943351297
1695.8606993743174,9527.776362158536
7208.721516003636,1283.68592305814
4219.488273892414,2961.8848654319563
1612.6902593584502,7294.370362864882
953.5480008517671,53.45944745586806
6961.348098547837,5425.8888316740595
4822.029731368664,1589.0733112970233
89.95392338820297,225.38358770239796
8245.156022596215,6416.658618628602
6194.6222608740845,6029.782285072151
383.764023976183,7342.947116686963
3046.848323137824,6182.215577080319
7224.056801408556,4419.868403410715
590.297392870841,4786.205165769067
7362.5255902121835,2201.2290218287235
5048.952311065253,837.2254615705255
7828.574031656477,8608.510793019897
8552.369377180428,6913.133629092559
7677.5845107217,1229.1786250679281
780.7491518735,2642.3681374443063
4603.734941708521,8632.285208281832
3187.355985940045,9598.315101995364
5084.924167292276,7911.429065287072
9658.019370452703,5699.55961589798
1243.9620246058669,8691.473025087616
8655.983086256745,6268.099658009743
9908.531326241844,6994.130175008525
9900.219785408088,8269.494375339855
7966.892868867692,3539.8115986381486
4655.804771408286,7845.38544914233
1780.0062077267241,2069.5037029810046
6082.130757274076,1942.5170321719943
6103.726742603279,8113.387933183616
3164.345337321437,5637.9884896964595
6168.222166189505,4138.964810317746
1165.471795084,5234.516775539485
6340.084179530797,9779.201112400386
8967.223830135817,8941.723840107039
4720.6531383980455,5075.765691170015
7645.629758442569,5471.896744465873
6356.405659055024,6142.317061554132
30.641257965134947,7908.257323871773
1219.984243656468,8738.036125304829
7748.353835997978,1465.2898468150634
404.5292730675687,6281.884370128764
9562.47657129796,2271.8914563683356
8940.761617912962,6217.798595681352
3623.749421327965,1713.0788885426828
3103.8386415425125,8079.655289990654
6129.317867564058,6609.335829975131
6117.92621985522,8659.958639273702
890.3319330325354,9444.378503834723
2153.8567916830552,9339.272822491797
6364.665858691374,1451.6344663180626
8007.705106138099,3768.2025557395614
1920.0249662364376,4830.952451220866
7019.322145734182,7889.485492815931
8704.752535733089,148.14573341001224
1178.0514287653755,9254.4552618517
4391.033957319451,4072.307184002809
8505.55521690542,6311.062346380295
3706.2689708241405,9806.13926163657
2694.5732663908384,8826.576204259727
7456.147526081261,3621.806297429151
4007.779179836035,4845.11717710975
7063.117421249359,7699.4424115559605
1263.9120436046435,7435.557546064623
5535.109016780731,7047.998404459466
3794.608422368547,106.92721140208138
9973.050626606006,1990.1615888746005
5913.91419603638,2216.7795179622017
6821.653161752538,2506.160764789479
1310.3511684719772,961.8507917000596
9919.692177581177,8066.053862795126
514.0446615646043,3412.9660010394323
708.3667100336888,7755.879514681396
757.3527426820459,9315.246094246582
8706.006448803555,3130.242230390714
7285.893087468477,4537.717171451467
9730.529508829834,875.1258616506774
665.6033305758801,2948.408265221263
6916.7564359199105,5462.425976299358
5332.692840347119,1801.8807005412662
6391.361891108994,5370.02571836898
5129.163734963809,3128.8128195608165
6753.469552814902,9900.48110515787
9070.590939962645,3757.1212120049345
5874.738760190025,390.5622715230295
8964.15875853538,4729.543679359004
7821.623157179487,3340.2205047530565
8649.240340604403,3700.284757728979
6592.5086729650675,3705.335758790854
5186.0577622615465,8811.701480179436
695.5437400868691,4982.645684030088
8349.024636480808,2528.410167029436
2420.1073995958077,7925.03563606753
366.6099320105354,4434.4647060268735
5190.711799360467,1453.5555327494899
6325.156365034615,9984.983215679962
6618.314014022437,273.577966037426
6697.157895352628,7092.33888264328
6537.2239352427205,8475.564831590877
8081.92142060912,3538.1330945315735
7693.6160894890345,1573.4339019348586
8128.340276080288,4365.5798893175215
4602.621393379639,4824.771664991003
628.1874585406766,9997.035166535992
6395.762645460042,194.65671963069363
2102.1474768458547,6558.839438647534
8595.215566476074,8044.486773832342
7216.657197691625,6179.04108697202
7658.698833235444,6299.314308089758
2864.222104569969,8753.108621147843
6330.541026720025,5651.7044408295305
5280.839374483438,8815.853513491325
2684.5186472644987,2101.8586868177904
8122.25626873818,5161.226385700386
5499.584151983685,335.9603806760381
1907.882560605595,8034.834900661051
3052.4712538018584,7772.845566999833
2271.074592482817,5390.399039080626
3123.9992049932052,3958.2312477505466
1881.6919258930366,3701.1209670435765
3711.3889719327453,2011.0916647713473
6939.83170065364,4278.892979308108
9592.994292884237,3039.0926504777617
2105.3605748624173,5776.716156213341
2998.2960873380184,7864.8331144207705
21.535709972552162,6941.366635155257
2253.0466804114035,5139.55259131165
4184.518531714992,9486.036952008446
4617.374050689937,1973.2392389807574
2663.3149124426336,6399.730731672133
1503.2296849496474,880.4212153912605
5630.697184908464,6730.131015378614
4091.8921229983353,7253.35829683238
4262.658750198379,7826.169493405175
8949.805841078778,6637.598381718722
5614.429045406409,1226.2183419707983
3883.3939158276366,442.9248198021896
2537.8980457773214,7142.616095995432
4285.977048102565,7982.326255475165
8618.684502327087,326.41079110579227
9651.00049591498,1499.3234144603584
3772.3076465834083,7902.865057718016
2089.8214061810204,9678.282250502474
9145.19658634523,5205.365849360675
1444.3700520441548,1533.1179458294598
2973.8525807758733,3212.633519209459
2041.4593984667683,7814.231703538018
5658.295853131899,5432.255828552101
4086.411234686522,577.9518612330093
2871.663507938701,3084.1928954898444
7679.28119716662,7527.9108970005
6641.1670798592895,3257.8120589542805
9955.114746147521,4323.278019494244
3119.8820825935527,9050.492733098188
8452.810671058101,9846.429836791576
3025.0746693299357,7572.024977302768
90.37358339200496,2401.257857231983
1508.9768637085676,2431.461122297288
5084.705183678854,3042.659443507745
8100.093399581005,1605.552253934437
574.1259403372978,1788.3252967819908
8320.145994386758,2559.896186058256
7160.743932283337,6598.8627941715295
345.1908309758145,6124.692622870838
1062.9576638275585,3409.017394244548
756.2996334108441,1966.6752599915071
6789.929963473826,6240.219003951009
5610.295928602905,1308.7353226648067
3588.5829447044694,1462.4635630421258
883.1157509460874,3833.667758804171
3929.8150659942266,5673.701398791208
6821.730668634291,7282.887830069981
934.1173299918115,6869.8029990181285
8565.849515531103,3784.5186129211093
629.0861730623842,6546.523419474931
6081.937601500948,2113.4684076092503
1891.477032924117,4937.449804466386
916.3967428967123,6152.779482163456
3549.715371294734,7444.058607448556
6669.280413076113,795.8916651555825
1210.5294508704123,1011.412719279372
4756.973240356579,738.5250151790002
4061.071156149214,5464.690270933758
4274.542414225847,5700.546873940087
9434.16750169496,110.15388764379685
3490.299015449404,6567.008878303491
9916.289078536605,7633.245123335198
5383.911674521854,1166.099744295568
8424.80885481409,3373.271177543333
3488.643352180023,8499.721286218692
847.7382124361077,6872.000734236614
844.0364739214012,3046.437355289571
5741.492881313414,7422.428678324481
9299.157996045506,8872.675356710984
712.2081859122198,3093.2005642941463
6891.172983161327,6842.836970960027
5632.510905265479,934.1943721353074
6522.506134389538,586.8289842400087
2155.409560024307,5862.573207437811
705.0851239077072,4924.240359323871
747.2822940984047,8100.882826094594
2467.2477758522373,7802.832605063961
2136.39265439587,2866.956143542263
1263.5760892156188,5122.624067570917
2646.8296125409597,7557.765554378408
5339.736918118732,2709.5273610297368
9495.138101827231,3619.6134037255056
9222.687598781908,598.6348051234447
2717.136421155423,1304.8859496330012
662.0979409251793,6102.203528693476
9956.335885029519,4967.51212307467
4764.083528336784,1685.906580328862
9783.01042913381,72.81202648328433
5376.420178055321,1690.3313982197155
8863.60820533655,7496.399546556989
4472.2065185280335,936.823079897311
6220.2301104488615,4024.4936840870196
5357.403178552699,2387.890290269813
2198.77319095789,5493.966577643874
7637.982851020025,5115.5233481536425
548.0557361812243,9829.535386151349
3624.117458951898,7728.800744693945
8699.027136075014,9383.295651206565
5026.8376268501415,5779.582701290482
776.4547737510286,7377.81364788381
2075.302535113598,8950.765741853795
1096.3953005705284,410.71000616715645
2776.333069676107,9154.501771766385
1653.118312643098,2117.703036861589
7119.507834256685,7050.161051596447
6594.2631090743935,7733.408954117077
1350.7886707247685,1093.2600026100558
4449.908326046156,9530.999085663809
2958.415790110848,9265.591663551975
3372.1596935168864,6545.527803898373
5759.797676586019,1553.2914308092938
8986.890452054256,5660.505605560246
8973.250173386326,3441.448427352388
4130.214964421567,9307.643358093028
3931.951506129884,4066.5574351633327
5179.758709165617,6937.493531393402
4741.150070361784,6370.151028077053
617.8502383282403,2710.1527482087595
5787.49451552224,5354.96841835729
5847.324596603394,4099.801626099321
4503.374087328811,3746.277744150879
4139.647433201971,8640.054568697502
9389.45744784583,1397.5835489113053
6008.240018081437,4103.939478979911
8162.794402127654,67.52453273734749
9538.410641325121,2618.9032377665912
8101.016899794168,6217.467839496045
9429.795721333081,875.2227311818028
7592.935768320831,2711.811928917678
1701.2052189299732,8802.288209506854
2269.3042268022077,6918.353479917818
1938.9525092833026,702.8875270839962
3221.2608925311615,9923.79811654876
3549.927956039052,9451.415931921929
8111.8197848060545,1416.8986135491268
3608.5196568425804,9218.684408748399
7272.186774763434,5499.437537227332
9038.167736850914,9293.810350823169
1145.534156088993,9680.507693199906
2.6125294294754298,6935.6356898706335
8886.585950591338,2912.977376952688
2382.561816746432,9246.574741174734
1534.3775014335959,5734.784390957953
2952.087770458167,3415.4148840510147
1860.2610777384255,4600.3794661758375
7936.520035046118,4062.020194749294
6345.0801697332045,9352.90012777698
1673.0428779525641,8198.330548418784
5835.637748879261,313.7484179670613
2080.910574592838,98.55661436353303
1975.5597241760004,693.746587119749
5954.470038107747,6103.868801148279
6646.870368743888,8144.797660690006
3462.020521088318,5149.484952514849
7634.075809872352,5347.212153511435
8372.144893974903,2404.2249061465272
9163.442047339315,4592.9228649058105
6260.599261637309,2568.4605613035305
2200.2488985485134,2740.1287617514745
7484.648016869587,3911.5990084472287
1078.458412473654,475.4501970652547
1812.1486147430887,9549.583605902282
8327.881273441964,9142.62627613837
9108.294424805332,7962.652402469313
667.1706605800288,5685.110979929837
3121.2153082356563,8130.254883500073
6291.775318004127,9741.376848332948
9386.477399365236,2835.8391133911477
5707.25440571345,3642.7514243832716
8209.925522913718,7290.458643746473
9227.55118972511,6428.654192136904
5190.42886252295,8248.188409281494
7404.495695856589,3469.8050368519384
6624.129126463827,3105.5260230449976
6713.622284779152,5854.1711549330985
5170.666670086065,1458.57818111937
6231.916572275971,395.74871958896085
5543.745061391339,2441.3573699877957
6377.430119521432,1583.2448659576414
5051.977897755551,66.75219702788615
2224.970148203982,7780.087814340739
6936.184502854458,5432.115165637805
3840.316836614899,6689.530629218182
1277.4151418395995,1630.5056870378353
8513.24194969941,2566.9196025675387
1813.470036211182,601.1236942336495
5407.08973543063,9974.737905302056
7211.1739035556975,1030.8703255410069
6477.024185147277,903.6500832340888
1608.5950031537477,6141.684674126652
1941.3812661282836,3318.828059993948
1488.4798376984431,8875.792715895417
725.4718810940586,8315.18512712989
2832.7348298983347,8681.526367020911
5241.383399336746,7351.303024663338
1729.5088746324739,1317.8972466644634
9708.592718635797,636.1172461362696
6988.304813016577,646.2956126688546
5834.345833110018,8017.796000567296
6814.186131931349,6571.175762105935
4359.500105475145,9809.843648883496
4699.081778342261,6435.082648422378
8886.649563474362,2492.634208201563
7219.394538454208,895.1429027047076
5881.8683804405,3655.9960300026605
9502.125554328913,1996.962875295899
6626.412911917512,6283.95361320921
3986.9010094110145,959.6281836306053
474.57921589113215,7725.105718108541
3906.7610623006967,6965.506759607089
9248.058049248906,7363.578938745375
446.4985802972021,9654.769682588973
1845.626459186036,6505.600468048016
8087.4755009446235,7885.524135557702
3649.548261108455,853.0454068037463
1858.986776932371,9430.906223015716
8156.651460255823,2185.7289417247493
5584.396423391497,4930.50814052532
5484.6346173749735,9570.94379550062
2937.849473166428,1793.6354065633054
6751.347034019037,355.06991494994367
8618.260883644776,2970.6419216404743
7502.05308278633,1563.7555433606044
6124.260786031474,6680.304026550791
3505.1952916994333,2783.746180894594
8548.035976540834,628.3931616509985
5661.075900341751,8930.235262943426
8895.847813669616,494.7485483723391
2541.786032914238,2712.7121515430117
6542.955029605339,2402.944199302284
9351.889006273715,235.06755878497708
3740.856801506018,1652.327074534997
9512.66363078826,8148.489412418828
3924.620276445635,375.28086313547425
4376.880301675683,232.27277985204742
8064.473732336867,6340.212152636938
2607.7164861105853,889.2178551541996
7058.730505442368,3715.789795501231
2983.8919051335088,21.415540216463967
5937.7020678178305,3623.798912431696
7759.608795720036,3180.4178405717707
261.39308366252,6127.004622304485
884.770737569338,4990.957334026599
9343.743554975012,6785.251284148427
8158.295464332344,9358.557112587696
8770.095206038559,7951.733527075844
4389.4166755179285,9335.507247139367
7163.518733470997,542.2574890766019
9982.752369848868,9903.389946077508
4325.312385553369,3220.5942622729276
8467.798298131664,2767.179737245449
792.8301306586916,4035.215884536846
5438.626914115953,7833.016792410063
3332.3981897043577,9542.847522552323
5230.903991522115,5542.356757066102
1140.7438992958473,1543.8737064030627
3676.81933876477,2140.5430110862258
765.2973707696353,4053.7153999867646
4530.931374571437,3657.572004263858
4417.94886144155,2382.700003804802
3297.101408313374,8502.282186954992
9483.12053635621,2801.124494756476
829.3355736042207,5927.531508781983
8248.786473418171,4793.027561880586
3549.2713758757877,9234.602067497282
1993.1371855958225,6289.203995985032
2725.5890158188276,3320.9346095680694
9018.938168838407,6386.917966933481
8248.986206733296,3189.0652903764817
157.5764362768195,908.6960070690375
1473.2944634071432,4852.058385053295
6750.271406323335,8601.98181308204
3174.140134910085,9091.809501815396
9191.411090149471,5437.42042658212
7865.016658674176,6995.238767414387
8750.387645852536,6106.913403477122
1928.7045889835686,8108.24830608154
1507.0521680081927,1032.2466893183646
9319.299405854725,4013.7204459610275
4041.940390396562,2530.8073040260138
4157.16709104902,65.75895618526783
6845.706345216152,8299.199002024656
3974.511154579713,1341.8566303279244
8751.913488422993,3233.754210894546
9590.748838227295,8668.767137669267
3325.1899098736935,7213.175357556693
2080.576722992845,5677.132681337901
753.0562143566433,3102.6753647577398
2143.6278621828033,5153.221751603188
1394.4542403878113,562.3784348405425
291.20333669926504,7272.974476093722
466.5761114440115,2373.156601010388
5093.637359471141,4792.00244920704
7077.938288962579,944.6973170386752
9832.581247321046,7107.879683339
1556.8045465714042,8958.313311259179
6982.298208956614,4559.363444428593
5539.969214772431,832.2547720181717
4781.2544457883,9450.748623372476
7218.40448169074,4470.493269281664
2386.553015941052,803.3945528499142
3112.917464695745,1884.271135109834
3846.112142715433,1198.4468095061518
1823.9620018303037,1975.2533631572844
4786.214580142405,1557.862579976057
1318.6657424227321,9228.776184533099
3181.431604200469,2090.7431212944794
1131.6228877526569,4419.66663752463
358.82968799776484,7298.78903879976
3552.0996313293663,6769.731294125798
6175.504370035885,9564.661889844765
1518.901048463508,9660.295628440314
9934.572046938853,5706.944935298345
2743.4833598307073,7523.039385423984
226.94775257665057,3860.452713628396
280.3434197389909,4292.500891417791
6665.686271081072,1043.714319825223
6698.703649483413,6734.1953476237
9027.02850055785,2706.0869589340473
908.4129183391099,798.6131254973883
3763.6859516231093,982.3089516363292
8892.730897137199,7223.769466485074
7976.7729835114305,2289.271670196423
2334.497401431902,7699.853028936046
8899.672970733422,9059.200012559619
6808.16509459075,3408.4878524111264
2643.1704001794365,7938.760738032343
448.2438333056349,4287.4932177844385
4974.432068884891,7722.1670976866035
7130.776151943958,3067.230716730773
2686.4417935103393,9314.870214521037
1687.3601268273685,9872.065785033568
752.8122942536276,3861.529267792411
8420.246479706879,1989.2720447801348
547.314279999438,6853.308652260735
6094.037678512965,5835.942827375797
7632.432204858,9914.678611201787
7804.8186757880385,8115.941767389606
6536.999157663945,8351.046364553185
6527.959558086089,7264.804100323816
4740.91908910566,3507.890228095287
4167.068511154225,9358.424502544896
1373.547853905226,4656.701477804509
5353.5376591982795,3994.433219482525
710.2985093012959,1942.3484401743897
4681.97160052717,3039.5703245191085
7309.007587800988,22.546739820024086
4428.629880257589,6599.046069109164
5082.829807141284,6054.665842116163
8422.058884282107,4030.3318151781295
6465.823244227918,9671.072403968034
1275.9654164230749,6931.062060699929
5429.3710254339485,2427.1620791960913
3645.7537247860473,3787.0174386480603
2068.3255273336067,5157.997571459942
6479.68680587957,5453.530694058847
3865.0332258908747,2756.3536004005728
7673.0692953183725,2494.402790994572
5865.0078765890175,2994.234413433876
1042.566191070944,9633.52958962648
3503.4927934882785,3595.2508300296827
2698.4293111519496,3741.4241049365305
1499.7256729989117,7202.442143441349
8002.1951049444115,1627.5902545573163
3785.2870412671646,6431.631736425639
6132.588474963635,6661.299391745289
8820.121196941438,645.1492841982354
5430.066106834138,1899.451983126551
2580.8055273637674,4664.910017226574
7906.848016848661,8354.174326774328
4357.548157370635,7323.432654452598
5638.365392671701,8734.51096360251
9020.832175486601,8510.06386216574
4892.751865029414,5115.020147130994
3346.9421770601425,6222.837749535021
7273.935795120006,9207.990945474025
1335.0042445171462,7410.727341101707
9137.242261738782,3578.7667317068085
9155.463839185119,3503.6106832403348
5794.073441082215,3666.2212419784237
1542.958385464277,4952.031846198231
4520.910796667228,3624.8800663505585
4233.050339465105,1875.0902150642091
2983.136611313002,5949.190787871913
1751.001227619845,8692.102748256466
2636.9556568960784,4925.484626967638
5555.284985247012,2191.4877805126075
6857.067617125755,8130.503620777846
9795.961787426359,7557.442149483472
2157.583865691357,7002.172232106818
2040.1623830104666,6747.244114175558
1170.333456368129,7822.742117946984
9389.934887832493,8302.629452004341
3818.4909594101523,8982.02987033311
9239.807992281845,6099.311971524758
8894.354938632816,3935.9280321493384
439.75706322350703,898.9625721479566
2797.7116076132156,7224.164100573
3025.228977797342,1412.0758607224716
2773.470570317362,8685.198281354842
4253.358128569637,4058.746362538449
4993.078531524962,8761.365791728302
7581.99425056251,5184.746298933968
2677.028976466007,4534.831103924638
2987.466552113475,3635.700024912649
5986.056366273604,613.470594963047
1792.6895859277504,115.27954706249454
4731.928530673271,5086.8927689437105
2509.8509975071483,9011.076672315632
1979.9010188192478,5861.101119614143
7956.5307630730695,8623.778777980646
7071.227971438313,9997.54222386921
2498.1261434213966,1786.167412709212
4151.735251493568,6595.765417989541
1542.2406193213844,4169.077751268984
531.6843872262067,2088.0513972179815
5852.202035796275,2409.0371067086935
3635.638249279417,2446.5361823019125
2072.5120749046623,7296.5167183701
1146.0614575752581,3550.0198915262736
6800.278026003035,2557.3429513042356
2714.600060145469,8859.60650531144
9073.88910275214,343.44619857345936
1928.0564976243752,7356.176975784086
2437.7511562482114,9605.567332595709
8517.34656519262,6256.432775232937
5724.307257097903,5481.629560911392
1083.7867005441149,614.465848418787
5494.601879071668,5029.588109446261
3081.280534896712,3614.0414917224552
7369.416943123074,7781.005956544037
777.9012440695476,8117.762423489029
9178.855493954488,1676.0244792226454
4782.0254808588625,5222.440656769887
7342.851627226504,8599.377517301526
7046.615927537703,6245.266337335566
1782.5084912453115,4809.710692286845
8800.932759594773,8980.615712425502
2327.012941984602,9664.878999577199
1905.6732136718379,2352.7410413468606
5206.4185832946605,1827.9613667546878
9845.46681060724,8648.297692463599
3133.945498554884,2429.4949650563544
9644.51203902096,8478.385890619871
4350.911996285878,3011.8704267849316
8346.757548137306,191.86645930273306
5299.843497353158,4219.391587168328
2052.6122246696555,403.6712119176622
8799.932408112163,2079.911752944117
719.662453579638,4793.617635554364
6827.544672152708,384.95311975877524
8307.58461802699,332.14743174321046
8320.254669275,1551.4748125017875
6552.991160786755,4627.53525293289
2509.9739553653776,9740.1694715645
5316.667476892617,934.1433302833302
6295.363155163826,6219.602931069246
8896.943531051867,4970.73227571526
1596.6802069429486,601.5526841205287
4649.194156687026,341.4188158806664
3331.3593732721824,2218.361008740779
4277.1237958911925,6847.507769159877
1830.4932912966588,9623.883093786926
2174.3088545572155,5560.777372531287
7698.489385131293,457.7228248062204
4783.763335706135,2579.7549577129807
5141.472097275793,9423.22280227045
8974.781070164425,125.20537883603966
2399.796236265972,6022.516472210407
3292.7155455883862,1789.1791283193613
3086.163735696874,662.1110197781011
6592.381425590279,2544.3623649526626
5624.507184870884,9369.88363567686
4715.446223884692,7617.591302701851
6679.8433856474285,1712.2003424211484
4839.186434705045,657.0297084175813
8159.573563567335,4931.460929125594
4102.431271683296,526.6106296302064
8906.076099873113,4040.5966533117166
1196.3003356064316,8002.512725895707
939.4808174980928,5006.634948172315
6557.015156142245,8968.407090705201
3897.058685347642,7912.573421874602
4557.14357210719,5552.6859378814115
6960.186440944005,7904.041401827597
2145.3938307087506,948.6661156785115
439.2797676576854,2013.6169941986348
4388.892060165993,7004.204743375059
8947.25345489034,57.19971994782247
4507.3787836413785,46.79255640553048
5719.643403992213,3803.414368578536
2083.680822090691,8670.765692194747
4640.739372715301,9808.498802737822
4806.545627333253,6498.353270416086
2351.4122175120046,9502.756234602582
1637.966674542445,8476.734427531464
3502.5776801445786,2014.8207458713484
388.65449922149133,4039.5585276750658
1664.5178461694343,6237.7160230846885
7313.534891546963,1513.124654874195
6491.3384893367665,3131.040602306804
3127.8081619018417,7563.882843280339
5511.619685079292,3446.571517108429
8293.849548983966,9259.332797798388
8391.447007744102,4067.7683820522116
6543.769079495858,2197.5993941084935
1240.5338732900395,2101.1870950271737
1629.0023470019078,6872.147890702935
2916.732016227547,3681.518273916019
6707.147390441556,2372.5194422353725
2580.0386959898037,6938.664110338814
4644.324837873663,4213.975254392758
8255.256401668054,8459.926352267948
8917.73749961739,5489.781809477805
8385.453652005037,9721.765090922832
1164.3868425985504,3744.5434487645234
9107.541151537313,2821.043886362422
6841.3871937297945,6445.530709382407
6187.865983467516,7083.645508352871
2475.451023891103,169.68473216874668
9282.278691594367,6693.83146101316
173.61066407034832,1810.211066191636
821.8601345906251,9588.62988540666
1536.745770073713,5760.06766486432
6941.444327860231,1266.3990233698453
6228.572849291512,527.1834908670992
9446.777976679388,8796.034792387116
3489.81717573393,8506.240048476582
3476.167407587746,4340.9499506314405
6695.340082602812,874.9998328825903
1741.5721316555598,3899.8241794783107
4640.426394589468,7605.295359578678
154.3324904684096,6614.940778960064
5920.395072719087,8651.652397955932
7839.903943127992,7511.921294909912
2037.5432985326925,3301.348379660771
3071.7066208121137,3411.3320229182364
1318.3932087855321,6477.552972897042
6156.745110886563,3101.7268952936215
5640.205294877706,8676.60097264135
8263.961753818641,3277.018223832344
9703.437059738782,4889.330123175685
9836.435837412171,432.2758617664713
1071.6776571184716,1180.9043898044015
5531.365110219083,1318.9592579646715
7896.547292568164,3441.3050487113605
6589.8308052678985,1166.2618416705418
8969.86722538952,4571.080787677249
4417.191878928795,2691.549566745145
4270.970731807238,2724.562864802422
261.12542199035806,4455.013597501006
156.49813107625698,8538.39650887356
6926.459716003112,7617.302747253048
4714.661465366528,8837.257320221548
6602.307891443666,9901.755643942428
2382.223308705319,111.02066341663442
8630.922640980163,6925.080802883945
9028.645103102832,1198.2954931833513
6622.9671802336625,9368.239020029077
2778.013384346972,2268.457878087359
2161.5596941108306,3499.5555271578473
6254.998663015055,9790.531642145765
9407.779775408282,8671.924047767287
5781.124511688721,472.0813644969013
8393.048437748854,468.6655027546727
5654.055485545575,8188.410345589175
6746.01293761134,703.7202411849707
5677.76645319852,8517.344933224991
5753.637495223093,9246.207666956034
7392.500927926165,238.3712103128699
3962.4438780054907,2200.0681473381646
9039.976943593818,231.89931512327843
8634.928484727488,728.332182867295
7253.142592990688,5340.726879196597
7434.26192358295,7301.640026383418
4132.408084299689,4794.737115176031
8325.264756726789,3859.44771984561
9326.095335783211,2067.198493045298
7951.486076490979,2365.760995889149
1330.22904144386,5823.963287007602
7866.219217153588,8557.642973705077
4645.714937973698,4045.7018098717936
6086.995099040906,9396.276223645957
9911.599581512242,521.1887396777826
3593.5480946073994,8292.106208618028
3485.283851073112,3386.806241834672
2631.329798274108,8687.674313266614
1271.2312028753536,9194.16633469474
1681.7367351299074,7004.0843323951385
5142.689904607677,3550.532268894915
9097.99826874344,4569.34391555918
8098.992674908246,5517.7619616298025
1824.920735062836,4620.7991257886515
5616.901456967606,7911.547722947186
8469.246415331298,7715.28288167399
5394.930311722746,126.55422976642683
9114.321213338322,1516.6187872684022
9078.849597268269,3635.488290335862
3482.4402952797473,6724.249687141559
8739.295729110027,2296.979415413246
5851.158037900308,3227.8937180609346
4798.463092091675,4620.800092744755
7742.65274797547,5895.554393323762
7896.167580218049,9017.964516056392
6754.2236165419545,8046.3262850965075
8108.9377075585335,3592.1748214402073
9514.239123559284,7679.838624118068
8730.874537062065,8326.579907285417
742.532708865834,5223.3740704958445
8500.289768086468,2960.423090170243
7815.276919320837,9430.72052098511
9267.413939175,9622.525624261827
7395.689567882812,2245.912004591547
8778.535172685873,7850.661100559424
102.18761784698826,417.5465861321814
9778.053243324961,23.866439948193594
1909.0630406048815,3515.732732636013
8642.295554286446,4625.384462599551
9296.106328802603,5463.365504611256
22.23433445791234,3782.64514315092
9136.780906680597,1287.9790565318772
8292.118829158499,3447.915297964087
9224.126455946065,8218.257931583661
1768.8230499508638,3357.099555498044
7774.40933452345,5923.036144351613
4874.85854754508,6808.766695924316
2576.890349997404,7324.368954920879
7561.714039618787,4879.870553003756
4732.532263677845,1257.1217763856034
8998.846875339974,9005.08228728071
7107.315033239198,2603.0885440604534
1391.4538296029755,3389.558894292951
2507.634708908424,7737.78307848618
2645.3353030438607,7635.238158743685
3440.500902528025,8963.858934809588
6664.504292449443,337.4816855695284
8943.32563754259,8745.106492901783
5937.002570940904,7922.254742808449
7518.017116321575,5250.947866098513
3167.3289663091773,1594.858510860353
5224.648058929375,5449.9370581434
5041.263436110719,1939.4336486557117
7010.598246394338,9649.570770571914
5179.589443333693,7088.124124265086
3342.536306388302,5962.361065607477
2439.074028523427,8133.636169247169
2547.0594887345655,5324.472139575959
9808.844273238303,602.5983151846292
3574.764867707326,2590.2957658724868
8066.040970137983,9816.875517588263
713.6640206425903,8508.129860487277
896.5322909999063,9274.448272656988
6861.511524599697,978.3101135090411
4572.091181025088,2479.9836957320085
8804.932992918117,632.404456098461
8622.202742823336,8221.643637435978
7556.572407474075,1739.0036516469165
8153.162212852013,4100.52735830776
8705.04079126174,2695.0200586087526
7835.755494493052,9303.574656548148
5268.922499358235,6083.801995505238
2647.4653699729147,7995.042985424239
7873.823411627027,6021.411197698627
3177.0827101138652,6125.5073604925965
2448.1799454807074,3829.13176725613
1716.6761841585353,2390.0031077876015
6271.885272570952,3483.8696672543424
2424.7897630363836,2948.601122300505
3748.276369460268,6912.262499913654
7090.629993223775,4225.642174553126
7938.292583433841,5501.638270213312
3147.6466435445236,7709.414926288599
8428.000904493765,2665.5509764952744
579.5673635250708,4236.496251078944
9858.727959407777,5194.872026268235
4168.764649682711,538.0717190160689
3248.852165459306,1521.8665521454366
9236.75746123213,635.1061984733819
1323.890255475909,7522.5674322925925
3577.9871239912,2999.084894955032
3589.0111799863357,4225.934702113963
4243.616984667264,6723.244470063036
8483.390771341212,9664.695358619336
8493.814840593895,8110.456056730104
5916.372967412805,577.9959529656176
9917.58762071806,3057.339244586512
8441.607784135955,490.77202452744274
6810.692599668946,616.6831634101654
1994.5842249965185,1274.5603644598625
5497.3073887010205,3210.8180972253263
2139.0673999403343,2314.991777465969
3016.562329896023,3521.7469768020414
6858.638076409686,8220.100030815845
1844.197137990924,7976.844658007276
908.4098319643896,3507.3888711449854
5315.455924956745,6598.212442016425
9.51459119968634,3726.6367821374156
6089.153482311242,3859.5702467443393
9013.415812019413,6757.224163532587
1902.4268886333095,3843.216855671142
3827.69128158179,5492.59765793435
9163.664951051658,1152.2597359652732
7038.711802185735,5388.13209576138
1353.1371766467503,7419.994590247855
3819.9452246644782,8883.715660183834
7559.951813055709,1472.587462570899
6647.778061369119,4107.108713910601
1556.586359296902,4861.845257873064
624.8208352842499,9048.120076704126
6816.648132580481,2574.0840756860416
6090.2278191565865,1656.6300077675755
593.42704191783,1414.9078629658452
9748.118915440798,1548.7958581894322
2524.385710137531,8695.241272182173
3860.235486431327,6198.072261927506
1775.9748924147,4207.276964892864
8285.221702067569,8667.379050339741
9625.68208458213,2980.2873012022123
2133.0567336301356,9278.602646143787
2831.690840630796,7588.568893768305
7065.159854843386,205.79392349161395
5278.891935519353,4626.3319458481665
1050.674876471791,8424.66945630447
9286.192969143087,3961.44370983486
6111.511089822163,9871.437232054792
3012.575098939133,8465.85478725428
4898.031290179852,7530.511032807994
5002.468516002952,1355.0762751257428
5254.177627164895,1078.6643236292125
4973.056980542821,6411.894999241602
5617.932530499268,6614.252970591482
3933.527005590539,1475.1799828685052
1461.6269517653645,8539.652625784682
6645.83109204249,8737.30718875329
7924.864972522106,4165.917261189176
8410.182031523356,6077.307042691362
219.52105762874874,5107.35756080996
4046.2533022134508,356.6260091912699
9784.382419347061,904.1355262545347
625.6309884714694,7797.764068161615
7855.540942895887,4883.139802843931
1261.1295090756269,6109.015590565468
8246.391606919153,6128.669955278584
6722.212989863864,3796.197343280852
7250.3308828937015,294.12620038678614
9773.211496537719,7869.096866623931
9394.837831068908,4684.400542558379
3043.714824121746,1389.069030949076
3752.165193646251,210.75248912940435
4071.817151895496,175.20979881780696
1805.7488656104924,333.4717728065406
3811.3488249793404,1550.2360055234044
9790.248676531935,2314.660469303874
4895.630358146415,2471.4343265326766
9526.008888212793,6321.283344105046
714.5796896434687,2415.6418826029326
392.85525330392426,6739.5720045824255
5753.301336258022,8233.475029178819
7362.537912889215,3847.8967584657344
2174.590119948433,7183.532658678398
5033.58488576339,1041.282040967192
8729.40500148038,3279.243618098625
7617.244493378005,6826.376390635661
2318.1391793280827,9317.850407602806
3344.714152962307,6155.528318074065
3057.9126809486124,3638.366455742215
7195.069013375063,3136.9021281709374
9681.811477217576,3915.496619047727
2800.7844347964674,6528.9939246829545
5883.0051954804885,3269.9080125879154
9885.585037329885,4699.9795276181885
1575.7944347857888,7590.007028705843
6590.823151184065,2377.7863219572305
3319.8809714586364,7165.100435327936
9916.685578564557,7614.589861743014
1087.7135501535006,8636.746918180863
4512.566170425944,238.70009554613603
2549.7336294654137,1137.6138157623072
316.82341536627524,9548.3755244754
9635.971715636313,1257.8139245785515
5681.718742578932,4878.69606643403
7007.871563385032,1669.4952254202233
6202.749443973732,8118.879383004044
1484.7360659790754,965.0326711129276
1705.6040384242788,856.1682396435477
6264.4552330512715,5047.03241886226
7798.095162047773,2381.7933769264555
6110.702020307055,6615.561417716178
5703.7387357977295,6847.9757551262555
7459.623184074825,5860.48591335363
2436.0835708348736,8346.344218635713
7316.461492960165,6973.512516028445
4112.2044498884525,1875.16840126007
6740.50092870782,784.0742424733271
2747.166530761741,7477.626672881191
1374.649512532402,7400.215294905266
291.59016342504395,8503.228662274625
8034.742084750484,2023.4573241772014
1969.6921824266367,2231.479588829559
3634.6435013385394,5766.712378558059
7688.549307596983,1556.1931898377213
4501.819352172838,2963.37803930207
2175.489188061279,8124.306862237399
1947.62402988229,3342.122195134443
4079.35347120312,113.28720166826622
5651.763659434542,6508.26324983556
3923.516970209685,1805.8618048081553
9045.69574219486,1958.323980041078
38.34030313441317,165.29626663735252
4020.1160336579787,5780.320382389188
7428.348742149155,5619.041314580571
8908.911171339503,964.359340373565
3584.0181759373813,504.30638830110894
6735.891293722611,4908.36074098226
5803.487530183731,7812.904175577691
2015.3246653716083,9537.421715107394
6809.4435034846665,751.540065433478
2495.646079665027,7081.720534259839
7839.076668240195,1914.4695887477415
8659.011951677314,339.7582031795132
4784.222969482008,3347.7138252864393
541.2459133397274,5738.813252204082
7373.525589581886,6013.5201469045705
4672.151618068807,492.0192468128348
945.1923007074824,9277.971225654377
3311.370210714858,545.8846260194427
2906.411498597904,2171.9187138965344
7263.593985738971,4325.046626067061
4240.6670487899555,9456.523413726896
5870.476993500251,9912.32466414109
5010.986118968907,3.5176837362094204
7242.569282392141,2245.1573033351656
7180.508457439254,5013.505363263581
4487.8983242558315,6943.956043154907
1350.3333179799836,6567.462679833196
4078.763554488548,2515.1085363112325
1601.3521590819835,1975.1360938185192
9591.579156053554,142.73900974691279
9501.440980001373,8428.598870641674
4566.856622855853,3787.9702414813464
276.2787587637006,8643.407920940175
3746.4368956639737,3237.0594750337077
8950.940086624643,7560.34788233819
2880.2113591346233,696.6106030532537
6219.798444586003,8114.4075200157995
1839.372289045803,8910.12349981609
8251.642056848405,2648.803408813981
8918.973208646352,1418.6495176029546
6151.196960302039,1961.4485107322444
6237.624806083829,8677.84627952648
3785.600294031166,2862.0574139554
7070.913656205083,2313.544985575351
4784.615865295752,9788.830616040857
7454.868679260568,6700.111138336858
9685.118957177507,8322.25042945403
8223.758640449467,7470.5460862244545
5173.312446387938,3740.1366303381046
9788.885156165214,8627.463846374529
6070.822293683917,5881.690679043256
648.7241956250334,6573.965971830668
7303.67623720168,3260.780639050682
8200.621307505886,9811.638824371414
1348.394059703293,8546.018754003695
6792.899664807348,1481.1443363186038
9209.166407041928,2038.7713949891074
2514.2595283617075,7485.837029435528
5850.086088698728,257.5176567422588
2745.882846581412,3354.5042630024823
7744.074148073729,5325.185317826803
5806.600372246651,2049.1109539624877
4280.763477230423,8731.511273723017
289.8798903643029,8892.681540334876
9447.989479182464,9568.461472103485
4977.392729783797,1463.3089054673499
8041.095431663958,792.875403649338
3918.949112714081,5560.9450843120785
8491.036370122238,7924.329311589099
1600.3895042554595,2910.583053870737
2314.939120514924,2409.7156754460334
3333.913959461028,5177.207692607223
885.9533732432645,4820.559486178271
4438.409427003923,4795.50017128552
4859.243888633309,4052.7699743347457
1147.99997746596,7270.5754439884895
4270.98706239753,6146.907319368114
1972.960506909862,4878.15284839673
8752.11769782346,7207.004946664828
5092.934241095391,2616.9609107645874
9519.661422997513,8918.3677565996
3414.3149352557602,3841.6766840564596
3413.9514275675074,3275.926730197739
3387.1184681744894,5422.749532981897
2682.8451388839526,2704.09406065347
7842.36615235514,2687.401743480875
2827.408111913989,778.7463947510587
2880.1321337875806,6519.390521576051
468.9625866562708,9127.303646480748
9653.61381571894,6852.635539315091
8862.938488470068,5677.374472147869
2925.096558425232,7117.886224190472
5207.690372909344,9664.508441143169
4827.450963444555,3364.9374218550574
877.0309652575426,4306.905577249762
5311.971387709094,2862.1842180004273
1133.2659689130787,167.21057663982575
4340.896266230497,3474.2654837646824
878.0428686101716,716.1555470124881
5889.161856872009,8583.987642471868
490.0888372587542,7156.091937811382
6284.286301969585,3040.3140923186943
7072.184692714815,3279.4466013420056
5708.6319307767035,5696.03273936394
4694.900304099034,7980.319174337853
607.9270633558542,7187.07295939395
113.5327090728766,288.1812787255467
3424.315292773075,7852.960421449321
7712.52434064131,8813.338107339281
6472.778949673703,898.8980817331383
1252.8094373052834,7700.597293626984
6879.391632036949,2517.2908510135426
5749.155904110022,1737.083939840247
1667.231935456722,5438.765337520873
7553.016414212799,5526.718762971779
8303.045086828319,4708.768575150062
2325.5743167362384,9018.031738075326
6358.86293363317,2416.155888483814
3781.324802302555,6025.437581244964
584.609981858859,4098.672127852565
8613.532238862766,8737.789978436278
8207.444809617675,1328.151400611245
3179.4250814015536,829.1527731754255
5315.051668105087,9927.601991814561
5123.696394117153,5772.036118791113
1774.591313701599,9119.417676788642
1456.7390839573636,4082.1712860645443
8442.678754050394,6042.952843170647
8673.581145077726,6940.898463316122
7251.7971010080355,9861.129725210812
727.6552500744659,1127.3850726850321
9091.421752404252,1247.808087254635
9807.52734858333,5232.034862836687
7756.139290897094,558.0018855006408
3534.126682466896,7274.797864484001
4057.747723529835,9907.555061817971
8696.367267799678,8114.357780672727
2801.8610755700224,2658.0883397384714
1418.5761111584272,7995.613418789898
8228.042916714854,6278.762949477654
1933.325502790163,1194.1976461322013
9072.998287503822,5659.24150470838
5956.82127016089,8967.76602280106
5553.698523714251,2899.229365222372
7757.493314001707,6591.075162510316
164.6528820717752,415.647318505048
7135.389964198687,8342.153026008546
5984.939543937142,2059.373565019402
5237.806878302871,6086.252362939139
2173.2612332571975,5241.9344190175425
8294.344447588659,5481.303128791816
2506.5032290726954,2537.3678790201225
4897.728751582964,5591.120050646289
1580.8034594379728,6027.5135702212265
9737.10207084076,4254.566980559101
1945.3288431303506,6332.530466846181
8032.184014271471,1915.7382548508995
2630.792508296512,5125.952597242535
2560.432374079984,7168.015742647817
4217.103889037677,3679.959221425314
8458.475957005012,4111.463445961005
6875.574174795215,1642.0397813905086
8716.348443733372,6164.4911437511655
472.12304238804626,1235.1920551744445
9556.927280537837,5008.081996349234
771.3689502759436,2104.210131951325
7210.6538913144095,1941.2845205407857
2071.731546813703,958.2956434405021
8408.44856615061,3573.978772427214
8623.61697519053,8674.10627232385
5512.497429803391,6049.130060547969
4028.7071926743934,7791.093434535014
7933.712066695725,1145.7077287074435
8740.31363439969,3133.1428404051553
7382.596506739951,3886.140959408666
9069.167583434799,8600.091005684952
6265.315870555869,6643.982875779016
6704.719315999876,4904.784685580076
5718.6196161047865,3004.821117916173
4881.622372297966,7599.4961814247945
6548.605981239322,8883.236464814116
5611.5539587909425,5368.125176985966
7312.399754581486,434.26535979791845
9342.34386043273,2718.516333003177
3730.471813469797,7458.068145935642
4111.684184365226,3876.022127383122
150.3357752097545,6259.174461011491
5270.345640510852,5245.217519820449
1314.0095639438132,9077.170303534564
7160.0071074822135,3070.017010007643
7795.869313329276,4460.584160366914
7227.405666585875,647.7976129953322
5466.443483091276,8049.622440270529
5342.172906007957,3258.219959113615
6465.539408250752,7219.339516703778
5547.008159959454,30.31580390358224
7502.908941335189,8674.332747171158
8945.278146804347,9719.600152830688
5361.294935735871,4699.607545932615
1103.4161802873077,4826.04330997912
1310.3288361255172,6163.655866298066
3759.1844689371433,9751.115129836211
4962.927435026452,5585.795341657292
2250.5037453906684,738.5546601963445
4527.502066882084,5651.6920383018
1357.3391689068014,4190.477776245611
2408.30007645226,7608.59307495333
7339.589481162604,3033.3856126970973
9855.70322374412,9244.649691120128
1862.0309554413038,8000.759589575958
3390.965799791987,3265.669741459628
3506.866469618688,3519.9034245476914
2233.260796552874,5178.169614669238
2040.569521491964,995.9316418767428
1316.943338783797,6901.182841800933
9075.145957728711,6091.463344441457
6493.723535917268,3187.05794931217
2904.67943135543,6380.460616974455
2580.9446384308767,982.4377562390973
5897.231543837294,9520.513488817987
6972.223779514981,669.7170129412244
2530.0856894401504,3288.3920595061413
3471.6285092224266,9705.333215361303
2906.1232207988296,3983.5478054356454
877.0833098585451,8856.013711957645
3865.2844042153656,1508.993482790656
5336.111742699314,667.3701859147119
6553.662543343696,1081.7227266334983
4167.366854899469,9720.525045322536
9833.701184296211,887.768928839593
6258.376926518684,6517.367745311689
8865.845585712226,4405.995443997658
9159.877626435524,8607.973298105644
8213.993639512897,2943.126320990337
2699.8558232744076,289.1228653809297
4312.771073812297,7486.001379122424
3.8515074738565414,5887.583927621183
4514.068861526654,4345.030780633443
2937.5270555702573,3230.159978126389
1118.9607633078147,8994.368330188723
8385.878520233013,1217.9962364303587
6734.468659800596,1413.5466588546585
9991.035417928359,148.2895435963183
4983.884424087633,725.6360248055804
3307.061359708767,8572.820516144833
2638.113951196509,7936.497732105233
4353.610969369514,1024.216698423721
3098.7217857849014,7798.153348430985
9907.585535820554,6410.493938462001
1827.9392545041917,3874.85094993792
191.29694944508003,842.0461831417725
1299.9949390077204,6023.517178129113
8915.323267239768,8396.757791930833
6939.192592894883,4207.094953362449
7839.722105644738,4243.876189400482
3204.7156699893953,8266.831105060972
6227.035583840385,2105.9329030632734
7078.986367949193,1724.6859826678617
3264.1611218455655,6955.801400592642
7245.276910928553,6564.649513362632
6296.58715798868,9121.263672637686
2962.350003001216,3342.5328167326284
528.5588517975759,2020.0097452224475
2378.648219077193,4288.296163328963
6195.361809264887,3837.9030274384286
5990.306572762557,9380.948973479603
5076.491513149191,9176.063699279533
2514.751015233766,4281.49625335833
4445.367425514052,4124.951548712005
1440.437532295743,4449.9278802528115
6623.829460710407,7308.955082778328
8691.600465768015,5500.600912389201
4636.858987027018,2879.2437761801793
2129.9754657713966,7687.29618125546
8278.862911434559,9038.290138299106
3130.794246121148,7177.5770289229295
5939.676322276233,1946.5229964869056
754.2152572007021,7917.735989524041
7179.374442296335,9889.511444294627
4606.717049308457,6851.551338724964
4233.486221233911,2438.8620672469087
9348.364701610511,55.47608612610389
4914.8954299180095,3854.061492795038
167.50513228806165,4702.500930371598
9598.208833586577,9096.544661685924
122.1289356019406,6196.797403595729
5358.694442581509,2816.197128047917
6335.970223842108,6917.303691398627
8944.841553917184,921.8920954006005
6792.124610001558,2134.310039316649
8111.327869475923,7444.906364797958
7699.226013479671,2972.29839677991
2135.3486210328474,311.41485285894555
7004.680719252067,4967.680356766554
6375.8217514817725,6580.500350109303
2439.7085309208355,7890.202870898538
1283.3096963881285,3060.319059804755
7516.393709755986,4245.750629517465
9711.262704678802,5565.613402452574
7384.458363637347,746.7129013295115
7494.498764483565,1976.4367651573677
1667.0451396561193,3692.541179354284
2470.553615794644,2671.7717842965617
5857.626351534054,4658.286060986497
314.3083985495021,6507.331729349407
6679.229430331739,5396.859045725438
1448.1125178899024,7742.082260421058
4133.963712130139,6263.510671358859
3201.88126065294,2919.1202974175644
1064.5550047758645,1199.690870570832
5787.714855145136,6396.908982201723
3612.458519070972,2119.5250619689587
439.8498533073869,3186.65293224078
4444.199782412542,7952.022852483633
5902.588707350783,2199.1395385632386
1304.1435560105751,5378.353088587359
5849.939010499346,948.2446507249875
3020.2413656880312,4165.394898454618
2596.4813971327385,9802.770868438884
7954.832099621017,9543.82820978655
4677.4167212901775,9465.943014104152
3779.230012023046,5951.61532339824
8130.223897770764,2946.9339505906764
9103.442526078465,3549.5164679195113
3150.836184580522,2060.4443070770494
503.9806330111485,975.9796017992062
5407.175634282462,1688.5179630470416
7151.537035253967,4672.613799573631
5877.907442622524,270.3035127915376
6880.557502201411,9391.962218504405
6467.24277202524,5616.230195248319
9559.949092300776,1735.2026593004255
8659.179796262522,4163.406379616539
1318.4352241087583,3762.868131694771
4526.038780433814,8353.497769309006
4547.685576909674,1204.9485662653635
4563.337104602979,4298.706432667898
9307.039491092792,7113.100774802148
3271.9286370540203,3731.889302334033
6142.730371821743,3575.926816106024
8963.134466673037,3404.3831506521715
505.3865299860272,7620.102785507742
8785.539727776792,1193.0376079487737
7649.589981531601,8567.042991341055
2078.7239200889762,708.8492127242873
3255.1129466101493,3190.0411660856876
3105.867471173521,3890.461352057898
2213.0650478896296,3935.886786671472
6385.213720232301,1876.74364577607
9828.282997367329,6031.588437849068
1666.1179346391907,4535.7214452618155
2321.888594193544,5675.731994636426
2903.741316482267,6149.148028261703
9375.710509067749,1913.3616444029178
6258.2158557570765,9202.91317105693
2126.682676471606,8300.944061435184
8039.890676461558,8284.044536491167
9228.726961207261,5316.537876165887
4034.4219435269547,8200.538542600538
1728.1688931367057,6274.849816696471
3099.165554873381,4505.54914857986
2171.147526084679,7524.6058918593335
2014.2701778617654,5999.432053050202
1707.8873748624967,20.13637841358884
8760.478204608193,9970.027951545082
858.8802045751021,4298.510137068017
4133.4952954354485,5717.279749326426
147.35066418145593,4059.358920280539
2933.952998507201,1003.0239088104287
7069.351644144125,8340.100210805478
2028.3575686403922,6825.553435345001
9987.296497208092,8285.158437693191
482.99242153684753,4839.461405142099
1364.8366780211052,7917.0715984511035
7868.809685982038,7977.193610084358
9759.98356644796,3362.9626720766037
9540.130061797809,40.7317668331153
7982.364454138843,8597.87431914882
9729.865685890602,1846.332430748131
8407.944493281522,8687.132311248259
580.2479639607438,6182.9888607720695
8456.34117609625,6347.425166037421
4837.79935845692,2472.183692559932
4567.532129074031,4026.080972082393
25.273168399932988,3120.9191965732552
6202.571649332251,1903.4848482355437
6716.086730332847,7245.063013889691
7907.154422951374,958.4336979226993
3259.5298655315787,5119.669244906141
1281.3360166348386,5360.084202103574
4398.503108004722,9553.864735419915
3622.879304491481,8693.920937448414
7531.33243308269,4916.887485126467
2294.38778809576,8441.824744713438
1381.7097915278864,7905.777000431816
4401.854812313854,278.9644110610112
6279.895907358981,9221.370790326815
2809.9761717300876,6879.047650761847
1144.3316120964453,6719.523505078534
4391.163914136165,7134.814859656129
9618.77346073501,2247.6187391780354
9673.1447254368,291.7240000050014
7086.856466899767,2318.433909234309
7771.534143807101,7945.77942440036
2035.1013697234478,5973.151665372184
3746.539256075,3612.7860245126853
6047.541538767262,2415.1926462743
7504.166217753019,7998.315631141079
1666.249335267972,4578.692254910189
4576.283725927268,6117.442069430581
1627.5438043427125,125.7089660448496
6333.58567250042,4299.320106600329
7721.62207248499,154.3446524765746
8333.084711148278,7874.283376021622
7323.651563372529,2492.514949282334
1591.451535744337,1671.2238408311719
8284.119377503606,9263.941184107993
3344.1391421649123,180.07653227868903
8357.663300575721,1978.209973238051
2509.006184114141,2404.8448925252587
4757.032562509444,8228.039404965062
5765.717275177479,7100.838754923021
347.2154698882346,9674.084715891835
9036.945653903293,6948.572254752956
5115.432864583649,2363.1892910512097
1920.417697038983,1668.360723930331
1608.1192828943936,7554.05712791894
6865.4824061562695,9009.033668489414
817.3311998995514,9116.728384485967
4398.2171893439345,7710.966610969224
5402.764853847083,7943.66096413586
2331.310764448663,6623.69105115296
1291.9985300043168,7358.271010223774
4907.065392231407,1160.4936613106254
3403.2776951526635,3292.0765436640263
1402.4161950207692,4580.988173318593
2103.7360172408526,6643.230693845728
4709.396813520473,4176.816939767573
1330.5039783630723,3749.980209891488
9361.193319441085,5635.969785390303
7754.558203997662,3944.288689483513
3255.578370843577,725.4091597475642
2583.5576210345735,9694.168348185873
8742.955068172376,9261.62056332734
4269.280532308617,390.08769445518897
8627.17823666737,5291.867489869402
7424.563768282926,7127.739688096066
921.1800819328697,6098.628324465074
8136.039369104491,3533.866379382825
5398.810432643404,8032.752539222775
6776.001404930987,6147.471652656082
2190.044663300007,2389.303049899929
2.705754389797921,6112.327174733636
3336.880932113494,2746.7128125466265
1906.2733831477774,5958.498483701727
4352.165145653,7643.184117364742
908.9781104969352,3025.440491697735
8950.463007480637,2825.2175901927667
1187.2387160824749,7267.024651158971
7641.849305596746,5083.700484367987
9393.245316672139,1388.005803647394
1482.2846639773525,5456.954219568938
3464.7679359033923,6632.090551890015
7310.624880967724,4913.157278345083
7144.620780443954,6241.612473343283
373.95050274578455,3648.5434919623362
706.9405484876212,8778.139487454151
1201.3963232679603,2399.644408115158
5680.218656048432,2813.452795419156
550.4310848153393,7736.598342173764
5884.099479245409,578.584173501786
3424.619837095414,9873.801952329582
6694.104333897537,6290.152202176315
7820.42333585385,8074.44865260628
7913.993239141035,5839.438561441034
376.348242211374,7863.29961279108
9471.953270934484,4341.996121965754
5866.462867868676,5767.424826123702
8956.990954698018,6619.244579052016
6151.451814094255,9019.28512192546
4841.170278466633,347.7257567216308
7297.286158422193,1089.1009980223398
2194.2126294552168,6906.461200281431
1032.2622301648898,3443.624323774628
904.98219694909,6777.3098501543745
8491.360684543226,2277.3747600363567
9124.44791948661,6282.590406129619
8144.139989427307,4781.151819883051
9044.336308705691,1229.1849027331025
9847.757572111152,9294.271144677683
5260.588798899077,7921.980339240312
1538.8056972390962,7810.749252720533
6079.26518939442,6969.250701682902
3538.9326964666225,213.48250583876793
3464.485964350478,5046.2229807764725
7278.081108661379,7509.606351479117
906.5068809543875,2167.49016821569
375.3150953870887,6152.628428879664
6952.744678518028,9294.828676972493
2607.2978548268857,7529.318086713835
3855.0119517323046,5476.390905224431
3076.329849446261,3099.243045369143
6148.412084097864,6365.384226938495
1545.1553911913218,7144.037801111779
7205.88054471252,6377.701124108491
9249.269566181449,7554.187118476591
8361.08688089344,2792.472154942103
9070.369694183384,5078.111218934571
9370.70856872009,5486.71593191981
3723.341823630195,898.8500422687307
7957.4018087352015,1765.4443471304814
4948.256148845628,3066.2263225727415
2697.731698428999,477.5613464257689
7468.820241475215,2336.0351660912083
2441.285768706689,5221.566681055415
1096.2053861819797,5417.4492982722995
7046.195587550453,2494.2716845651635
2875.5501359517953,9464.882195207187
3059.187740692154,4671.665544002856
8811.228333849227,6372.762798170821
1355.3922537790108,303.62387414701317
7648.460178612472,3991.821431417336
3862.125403846964,5421.083617224418
8930.10350940386,3122.5430781627592
4403.44200877377,1713.7198992024328
4090.228908706922,2011.465011516047
4298.6611137293885,4665.500971304674
8376.904559636996,710.1602175033639
105.10205436028875,2344.609726060487
7048.630198139704,7195.388876309465
2052.4031397181575,2147.4014952688904
8821.255171333853,1169.3491497305886
3759.2665413435643,837.6115068342859
3389.555776970297,9887.282458868585
7126.2438220200265,868.6277648870166
7224.49015341275,4334.984730072811
6337.109825806053,5110.721803923839
3298.0822763598107,9645.759398191745
6103.530517471647,8910.992441812969
542.659222079378,2376.7876894743567
9551.798093458017,847.0118587462749
4527.118119399386,4379.270893288089
3044.7775181218462,1009.1449762482507
8607.78984239383,8711.05499385468
3241.7198621261555,7037.749303822097
9971.734225656088,9437.864576058877
6905.9954778262945,5694.520446995757
6495.780359305524,3644.249447010053
1518.5656006106817,5006.475933303285
6098.627020145083,1607.7709777027903
1551.2493411104056,4630.63276005666
7836.041565888613,9987.077233443435
1384.0239653474507,6905.061562739481
3588.327064336474,623.5655465564582
4767.327841784007,7256.673997638525
8051.935635926053,1006.6072453197472
6327.601991832324,3906.4457558274335
7479.673606410391,7862.502525606801
2439.7411045819117,1280.8988432316714
2372.6344843054694,2927.4338772905185
3806.1993581456554,1952.6222791076975
186.80869116624476,8700.958099860421
8307.041338226922,1479.1652604761696
3699.6865363962493,5357.852316929399
675.5363760665989,2753.1489037873457
8722.154652015051,5072.57721580722
9678.264026916077,1673.640805547142
6465.84537866546,7575.764617324654
3565.882756462906,6431.114378711495
4137.569865650446,434.26241935600075
2561.556634850709,9475.65195181339
7112.7535078983965,8929.73582602945
3560.720757020932,2977.777070552413
324.8379332748963,2918.8041357916773
461.62181079237644,4991.777778171138
6147.495638565559,6191.191000508399
2903.840072826577,2910.3593537782426
1685.9163829360457,7953.527682999326
5523.650500112,784.9529645511633
2784.364942871874,3978.360241505797
733.3529452097076,5558.091279320824
1935.8239049191338,7996.819810253397
7779.06719880462,8718.172938498166
8520.11466998239,2444.070292947249
8721.476289194652,2410.642327819492
5348.328758501772,3682.644512425489
9509.511320659,4275.555758134194
1516.6882192879127,8484.032215288353
6783.561577697816,75.71147235379883
7042.615770675321,6849.600687702549
531.854031970117,2200.587914204991
2824.4764133208055,8824.020162312123
9490.481355214195,3173.4757251793812
7590.289054165272,5375.560518489329
546.9392971792919,3290.354419617869
5407.9383069802725,4252.8132383382335
6486.221817759911,5222.309354190856
9730.833950825234,7475.37367868607
7164.341300675213,1207.5657886954493
6386.539547206278,3522.2696276093156
9085.27464552621,6396.370608355406
6609.372677641046,5888.000419575556
9321.220607412548,7808.304606869132
4927.761595665098,8890.743354123788
7185.650308489954,940.735463507304
6317.546583026361,7138.416538817732
5525.260234661343,2840.061483557391
3240.945878746001,4813.868539903374
9037.78429206214,6277.73760030135
2700.446522888705,1506.1022002025704
1593.894309388344,3465.8961400022913
7120.501112450458,9760.823742348324
5465.528389683162,1362.9705446375506
2628.6066414051966,833.3278472504413
8703.076562036238,8367.98291439584
2862.0707276098533,4306.352452285916
637.8207402215896,6747.915864501198
153.66717118317163,3057.344226834905
9228.550134468862,1984.3275051825437
4021.7810007772914,2124.753471283106
2134.8890659121266,1955.8900428954562
5671.014144307266,2469.7179887358657
4878.85664759465,2212.204071845131
9998.42653319027,8136.977145599091
8885.049754321162,5332.937051471078
2711.0229907102944,2965.0221716758506
6977.094773056498,3450.560503615584
3871.7470071754387,9577.981575704624
3644.376628796916,1838.6981922104717
3671.0732882236352,8867.541484165491
6392.551708167901,7368.039208959636
5379.838696848547,6134.524689136564
7550.499220898381,6240.9250995884595
1529.8584623716426,4229.399078447741
4254.270464528073,4388.506748360757
8603.230555960385,7960.814285607937
31.643894698377693,8108.629297368084
6234.922488192912,5711.576653954216
7857.370213633692,7685.926702562938
3838.5447191404364,8100.542572338799
8836.159883449816,3321.110515004023
7356.917028793647,6233.586876877255
6060.4819117689885,4357.942871238445
1983.2247824736671,981.0805596903383
6701.039419635568,6484.656516787426
8337.668675120633,5874.840329832856
7299.09044460154,1025.97706201374
5748.568628776702,708.1286029088252
7145.768387497402,2496.3434015608022
9768.885731321287,8334.154332185595
108.04341020527963,636.7680604029413
6639.28618577527,4603.683198982403
7929.925807110723,1790.3653040838897
6388.915256604217,2535.5307576833065
2730.9209625560547,7699.238984107305
8227.573965550253,8506.044972502816
9132.991144557524,5802.884844349474
6835.047317731721,8632.437756008812
5110.242050720065,8568.731922905903
3663.208778596323,2215.1906038418256
3300.5675795665024,6450.175690686632
7232.276454744408,7783.284667555061
6071.233922219393,5610.542582324214
1568.5057332200802,8057.785013286673
1410.9664555828904,6288.315760139053
710.9920366871958,2844.569917639196
6835.119190155698,6855.962921897726
3143.6437101004844,5879.998943810485
202.42468970087302,6249.505468900863
3376.927357092,953.2023637723075
8321.166519835413,1257.354829119164
2476.625301907034,8146.533514936684
6335.493946606841,4312.707971204093
4396.711829413228,2152.772772717224
5488.958868640732,926.7580622714578
5957.727076630474,2629.0377936958753
4548.1098079611,2951.9647235403245
578.5584190718329,9829.641553365225
5676.95416929702,8345.050325162505
3975.248123775045,784.5706053715807
1998.7990548538958,7484.498474308414
8965.082045189383,5639.302050246265
7360.67188546189,2284.755734628989
2840.682473724173,7465.77154986
5389.5717593045565,301.7868502482568
9631.131707259681,7315.306949515151
2454.615719244655,8952.879696865317
9473.84479589438,8826.125374064806
6833.613451530617,7723.406699003634
5408.366469507564,9347.307585918206
9832.076925182197,7073.275774631567
3337.0886142743484,6867.28057505075
2782.311874366202,261.9377961778768
3395.9327505855617,1741.8796230223688
7508.584019018753,7814.286912574195
3370.0654741888525,9975.027346473435
1027.6235653389897,7199.321752930969
6443.120964484271,5798.296586498014
2229.8360023277532,1834.1927211858556
41.630703266059,9479.12353299196
1991.574367338934,6497.328182818342
8191.454289436823,4890.383129585342
9402.481055819217,8613.870348599294
6619.52797343868,9532.820611321124
3104.8978402408466,3711.8480639244945
4364.973469031756,5157.852038863694
1945.4874094087272,1151.0196380186221
8807.779233844465,9598.550151966378
6655.8156279038985,1206.7588865631506
844.1259737736407,9290.279302442146
3669.336836362681,1910.357414978965
5380.225967947263,9087.750259418477
7973.300810004765,4523.062421939913
9205.046007960924,5920.655809567913
1326.7342329193455,356.20139410696527
8345.555601911365,3943.867380585442
657.8377686241965,4933.933972062247
2404.9047083657847,94.28612300821482
210.1229208559785,6608.56626108262
638.283842816183,8388.953760292463
324.20184861962855,247.80007967913355
1460.0785994917942,4925.356043680714
8765.280752963774,337.31362977189036
2838.265873462861,8732.939194983808
4797.153445056578,1608.1567541837694
4871.163682181703,585.2474687314512
9952.629335710733,8576.97900113504
3646.7291072477183,4445.07706572482
2650.9932826680747,954.0900630114369
9632.446998322368,6479.189560966099
5925.256470973398,7055.995996578035
2894.814389370427,5683.3467237146615
2874.8593662296885,3321.2860888951845
863.6270831082537,4244.859470301756
5568.686377926816,9548.408237955222
7236.87885052679,5343.616736261746
4747.137979232299,3970.5919578380244
8844.368837270302,7081.919447262042
4839.647838817151,761.5733476142572
3463.5833788031678,2902.278591275217
2507.8284975159627,2264.7270381243366
2432.9332635267597,6801.035442845684
3165.1396717253288,6039.127761099904
9919.748998803327,7594.364429799185
3608.265255444655,4267.724047479805
5245.998953782295,1739.434909003289
2746.751320367966,1828.2764828412724
1435.3586434602528,8922.551054278565
6458.334401591035,748.9419321550539
5452.200411554955,5941.198708345423
678.2638749739256,2316.7316351456748
8827.86908986084,2142.7778452123703
5077.099115992153,984.0755548083935
3353.1978273782893,9792.811862509197
7793.590479654729,609.8492040799197
1120.9021423064403,1477.5148777166603
4737.801808730696,3651.679317393571
5487.724890934031,4557.9749984534965
7751.24988283214,9507.992890729654
3702.446240658538,2417.8812500332
8549.639872105541,7209.781147447266
6976.729099475202,6563.886368506807
7710.753609272273,5174.947867762837
9690.77642791341,2660.6066705030994
8447.535865839669,1566.3678238818334
3467.883682709523,1765.2068028839817
6458.110603662962,3459.9456210190815
8686.115918381292,1371.226960903863
5251.215840725055,9985.80622104358
6827.998501216678,4458.16169649737
1722.611779501446,5389.902126258869
8159.142767011151,6164.571728624321
7574.606313018384,1957.8405208536064
8888.938721661274,4817.537186492692
7101.487518855828,628.9040607967944
8769.005939823603,9691.670583605988
1622.1609674359029,4728.2572358966545
8136.473582257006,296.6218638744766
9529.672578871046,5990.740812522113
8155.077538260503,1001.143126979992
6152.279317496939,7899.8053789233
9265.001038922717,9533.55616373323
944.8632659797429,9165.600396254196
168.64597397536429,4277.8365477506195
9653.202152425945,7125.838223798702
6830.05193083513,1558.0419452524363
1141.6645769898248,756.9609256910726
3400.1228353405945,8210.508523433167
7488.020836505556,6951.680358657406
7503.875655601164,9070.609278494876
1699.9154208436962,9145.880722091957
4701.476664165226,3472.8035365401056
8073.110969398538,3186.4816954238286
9667.972646025113,4419.008834570387
6225.6558789398305,6656.821953845746
6381.333476796154,49.892975790225556
4693.492982752845,5346.113984402282
5390.579945599829,197.3089932520278
989.3358060973634,4506.740670343501
3495.880874651617,822.7868381380754
5072.937010161392,5622.168580485467
2749.8123184138044,3142.7443966843307
3598.290313863307,4789.142795287123
9711.966454754936,9576.941588226515
52.02448908674051,3409.6889708239696
3026.4343976572573,7192.835680697572
5839.540160204696,6832.946630559116
2789.668837924346,8689.273469492244
6764.638547896473,3344.1137864698335
2992.7508042576624,560.7718145557328
6382.077031141022,9706.306732251931
8498.625964005425,3623.5731227232172
6586.439412669407,1937.4020153772408
498.8454261635533,9141.013931716689
7952.133696148614,1906.1063467432682
2128.0137268677136,5287.559290464297
6347.916644837561,7555.010589670918
6467.336820860925,7310.149257636015
8037.371042476144,294.651060069786
5058.231204074548,2024.3721218973099
3759.633744901837,8884.932842978507
5180.282217723572,5531.809173956866
5457.569321533684,6872.209050249158
8215.381440860678,4022.9157166774867
2050.710111544538,7452.030512596307
8468.321150039093,2890.9525249927324
3657.0761110922313,2320.3074244928102
7438.623120273946,9971.120745330638
3357.1258481285736,1576.5175415976685
7088.85349061282,9813.600427057441
7991.793203928633,9265.1000078514
5580.654696178163,7146.757439121992
6195.446229714249,5819.731048775028
7077.605708819467,45.29491568247557
6884.273616029504,6352.858828905856
7274.155503145333,7724.112965180625
8496.753397723254,7328.756346502199
2205.1641820065925,1720.6442846918435
2147.3150831082467,5445.337635420387
9706.824160886394,5501.979894511905
8513.206560844372,6528.824156814668
5917.051353573201,8309.450154214624
81.78796592877791,6982.30847735544
8547.58231092942,1413.0570889791438
7515.965703437197,190.3096808088034
9563.761828959709,1365.8532266708512
131.61824336586747,402.81954290783403
285.25742836165824,4367.733410698147
5174.50509928464,2837.5319837319057
8560.492092886145,73.09742526406926
9913.163774926115,802.7817568098894
3200.252288495867,3975.426586482701
363.63685887511156,9397.61782152001
1955.0802305620673,9947.987748373354
8770.103693272078,501.2039462620943
4664.503786819072,8305.80097350539
8533.069562441335,4802.577740738232
4439.082915298569,6210.41899158931
533.8981315430125,5059.692029690565
6175.752302443381,9245.069111386714
4356.8049613536205,4784.848562643905
4913.53198618061,1679.7297705882097
9489.707439525702,7798.532329896112
4570.749885956345,5137.745336542939
7965.274724225672,1170.6893303012655
589.125620155001,4615.922712307961
4790.389516624265,6873.948286321777
5866.948342507751,2958.379292981154
1132.3109235427087,9119.73369549085
3022.33319434268,8499.581848722004
7395.9365028662605,5678.949320048549
1839.0665472364565,543.7207340888783
1284.5137241720183,5832.6441071059235
2992.75510293572,4156.047921120234
8589.616808013654,7240.686717319072
7629.434996846404,2670.3106295962266
7768.015778109928,6057.635233810585
3224.5752257269733,5544.371679808389
989.3906388581686,5268.505616656222
319.5274784726732,1159.1138172677195
5861.984241425479,4898.854584131528
7022.855902190495,5506.223526996858
3778.911383196523,9276.577187844945
5288.617677527414,4608.640010954435
2790.0387075873655,6398.649155734647
3643.0221797063446,5692.457970015905
7298.161363577517,1952.452677462585
7182.202206281981,1844.092613250572
280.91706064487965,7393.981282777841
9442.315656308552,5230.639385683322
2690.1191639295052,8960.329356047823
9075.865002740089,9081.552330535696
5118.968342149847,2970.7577554106347
4991.820160778637,1015.2688487258544
4506.131636462333,3440.805725482047
9224.27390131957,670.3875096978618
2081.0798441328548,7812.547543065872
6116.451721344417,1461.8162938456746
3177.816074247605,8663.594958129926
9152.386196259691,4153.27203531443
1693.4054345775307,2786.0378471990266
6761.897724252579,5015.187592441573
4217.584390766873,6054.70075559398
6612.228657110723,7015.434197518651
1576.0751715458744,3381.8227657633106
3936.590858695298,9829.708001002067
1072.6251648830887,4222.872802480856
9687.769822923856,8344.682533741752
2139.9240417320366,348.6767023041337
9932.26126233271,7779.631307245768
4184.981576566509,5513.381472307238
715.4912687720072,6396.256089331838
175.75182562921123,3728.787734762511
5989.563720102191,5448.406050280897
6147.296563118718,9322.204527597136
5247.931641969694,3860.3677029739524
663.9917520354155,1057.6603706412468
3315.0436867419476,7205.12648795964
3590.708063402598,5051.640044203668
7048.167327258035,4249.413394710231
4188.547251997406,7778.1828038399535
5729.671101834518,5621.7682809699745
2863.303418435411,6313.806956457568
7259.817354813138,9260.759901190078
467.65914898764805,585.110055175837
9885.042568611254,2623.820942107914
6414.92587629706,8982.214593013556
1488.6117616873762,7927.279546217955
7174.908170599637,1885.9854686063127
7865.571667964073,1691.1820981293502
7885.9599405093195,8251.366760154304
2707.3215901114454,5528.638461853495
9586.377137883968,8603.397555576577
177.37880780060334,9176.841299393544
3798.3944707024466,695.4328401246835
1042.1817017247836,9697.78293311251
3848.594060665107,7164.735887620104
572.2499713428575,8344.656603063388
6449.797294606652,6303.341114673255
624.6115683542763,3051.6175643375777
6158.467923105602,5994.308092574811
2340.842589038273,5158.703940251002
1791.478755924707,9320.747260654436
3470.008639254778,5550.303671258191
6409.610288711529,278.94658202794244
5782.0048832317825,6860.951997980907
6804.715956633093,505.40544256004847
9189.809798910772,9440.007874513964
2033.0317851310099,4865.926543130557
4133.571128092086,9680.076996629947
2658.206164042626,258.6467751809296
5863.479945815215,5328.499164057502
2834.0079368207225,2262.061031637006
5580.167021954212,6407.413725754583
8231.638019104623,4982.103152811123
5509.454574314375,5661.248062651606
8381.291353779035,3596.405945079959
6113.502032919262,515.4444755675736
8702.998348000745,1060.9660877648353
9304.170885299116,8585.605612615922
5078.1286958466235,7027.72298148862
7906.460025708033,7693.976733401067
4688.154453216259,1226.6939962683543
7051.937781925801,492.41179485863483
375.07866168965285,172.76350930617969
9669.12449480852,5218.143310198949
8943.33460441892,5008.971363951284
8932.873628546316,1106.4804252904182
2812.5128837745683,3466.2210696765483
2831.6724409888407,5302.148591674642
4026.007552047577,6758.148388674119
8801.895428067153,8099.985307916399
8586.391366418184,6413.887873620295
2894.5997139316805,300.0646576672428
5417.761689142617,5860.911684568403
4751.701466795499,879.2136362269309
6506.751850656483,5649.10122693231
2138.999096810673,3759.8740258038065
850.5063213683673,2863.3756137735554
272.5512239730343,4817.161026957262
3814.173146271468,3814.78214228946
9466.118268800139,8302.705072920005
6848.143103199268,2264.924413771974
7491.301707551334,1367.0897098351131
9451.636265596982,8369.791945609253
4220.515356090217,2434.0892475635255
4743.679266661636,322.3611309696872
3595.4109928131716,3869.8326223602353
1813.7266234513195,8190.449003790766
7663.939441125335,4318.701396797947
9066.857929310168,4700.854073109082
8138.755673843136,471.9730212807427
477.2016116203837,7110.50148056707
2991.4474357290364,3437.076454182959
5920.855838326899,7286.182553649414
3271.8509182846465,4109.708010340361
1501.1888142397834,5268.928565718847
5383.630974576757,5894.857590989176
5214.921726178369,1968.906704126855
7098.942992190561,2940.1440024221183
9998.67200502875,5855.688321085917
6482.38432047243,8229.405724046688
3168.855528783856,9614.433687168814
9563.811572323322,5241.699793436531
5713.004761599347,739.1250320630338
6457.361129265842,9560.13410113606
3575.609771838467,4207.689466421533
4518.363831788121,1024.7980960667712
4186.3094404832045,9722.020013626548
9362.157655854355,2805.1380116386536
8095.901342329027,6568.379818876424
907.0406460190039,1441.1932768668378
3138.66369538948,7195.6294456811975
556.8854021525327,9763.138227267571
5167.5935281176135,9850.566878795069
2794.2429073016715,1262.091965323907
734.0019396830244,7687.067649156297
7720.09100372207,6642.901552056848
911.2822374378115,8014.707136419565
2715.6384998580083,3332.087254280738
7716.372286090993,4017.4669053563994
5115.718989704053,3418.1222164242586
8171.158656836873,7665.166745001419
4144.812586591545,8091.047864237282
8148.622146567026,2493.01270353502
5381.636975246944,5727.885670294055
879.5385749989249,1259.6734720669544
4714.904959550443,131.63037810647538
5535.436194847965,6100.739595669637
6121.016773303012,8402.026248484934
9278.832848683576,9065.531886197869
1835.5725553457369,6203.613241091655
6060.279894849563,8086.9141452581325
7520.224290826884,4042.385794016933
8899.549888374078,8753.372676487388
5253.060929194082,7747.175814267705
2139.505317549808,3085.279045573789
8176.821338285166,5972.166836945255
9050.478797143198,512.5866668706014
1063.6810505818262,1465.8712982109346
2297.1683633363414,9466.52713459148
8714.63261516186,97.5421315430547
4844.155661284527,2032.3455822151725
1691.0042730086761,1388.0850841622128
6452.94596802913,6987.686610469306
4582.88924957502,1056.9436605768844
9679.59394437331,201.2899854857686
2227.1415767286608,9304.892865864591
3621.61868542917,8727.594127389304
1661.5120794232241,3584.4877320043156
497.32541182273883,1005.2389505426019
2739.0332657673976,6782.021594625695
8198.279404044748,8831.160530887526
2672.329685140341,9746.518532359503
6963.430619598678,1301.2393257286715
5260.234525492805,6002.106822830384
5197.100171711584,4305.51027591639
7815.432574601614,1567.503531957113
6177.678645100131,8078.957956242858
1598.5572884605626,7821.908672075363
2207.6426306322874,9646.484286713152
5437.846772060265,855.3382104105777
8453.146502020878,2388.750277387546
1523.1926252014282,8275.755450803535
1068.9532359669174,3954.265555058305
5175.3851607374645,4759.344762037566
1886.5093244310372,6115.25221614019
9942.356613066526,4084.5441605887754
43.582911979055396,353.97139534462997
4488.632303298128,6039.849219863789
1625.4145474147708,2288.7245602305106
6810.78857254734,9688.71045787097
6301.3451743482265,6903.256455754442
8070.678382651252,8406.541610839173
5634.029990280095,9544.014209543075
1893.6856121605695,633.262546822736
533.1472965728634,1486.9250843000282
7221.467740514306,8080.233325475657
4399.218628687247,8847.917595381883
2222.1283343806176,48.78737413009482
2518.217996735036,9452.247150317025
1490.267623869269,4543.783421629275
2835.8033439081078,4626.266931245347
7920.213928425286,8787.426023854117
6206.600649850652,2895.3279332393167
9873.983096669903,5834.910987030727
5242.812351345261,3341.8938874532923
5214.8964644705775,1135.5452639143582
1913.8606133035019,3585.7857817464824
5864.555285332847,1730.3248141367123
6083.676631184477,5209.794543952443
2065.3106404380696,5297.941825815895
879.6607422627523,4373.072576297629
3687.7129255366394,1738.1337109233718
1721.034576798801,1187.3219267540214
5032.045854835231,1046.1799614030042
5261.098264068678,1121.6475347854537
6081.5586715554755,2948.7825770350405
6028.309969788111,18.644125735225447
6748.781299340595,622.5631232643059
2304.5488733206707,4704.4438713412455
7308.4303165786305,1826.9067497004744
5248.233380639662,2633.7894645351157
4373.05960767396,3533.225590280581
6478.954221685544,396.51414822396316
5012.6068990740005,2200.217034404579
5256.680303206855,7766.875251052803
232.47807728522196,3408.9696099867815
8020.368313752367,1861.5959422062977
4241.758638963798,1977.4450781507423
5180.764913431656,9847.329153031502
3899.105287849712,1484.5531793581445
5515.304745074339,9054.18218212359
540.4238619684998,805.4481649357892
3839.090613997358,8744.304398882943
6686.777921260265,5069.163022387114
9384.461038174748,6087.053720372968
8491.802422082848,2459.31690911708
9628.1803059273,8986.086749530983
7815.146510172175,5871.454351209153
6326.172728238005,6757.000563378651
4232.724424021487,5567.610076907712
1231.4239356982182,1252.3465709874881
2508.0213703069544,8362.246825716278
2711.7504640703714,1835.85139945051
4278.830189836071,2919.4802684933184
6098.409711627365,6695.186259475616
6186.618461496694,933.2929004096335
4555.426374396066,9334.042152704002
2746.4375900595437,1241.2758505162335
564.9441185562498,6671.55945441503
9888.363852803253,6351.220785024576
9395.598981220159,6980.3045629536355
1829.2595926132094,4333.468048648405
6053.958659929749,3822.852106568397
2956.543403938501,9776.579856393257
1944.2836326218737,8171.584837473398
6844.113253817595,4854.436424402923
7861.927540666968,1822.6758812573619
4065.929483215498,8905.535859613747
590.6368620494407,6487.494363955389
4014.958219840957,1357.7339937529675
5321.939666567572,1831.0438230208792
8932.16520410516,5408.198599321466
6568.02650482229,5036.836375355148
7104.964370720343,4092.8218731122456
2026.3128438727717,4268.739952781811
7202.716243598112,1722.0237655303526
5018.248569928109,2554.659389727031
8204.115527352833,4927.084286966747
2163.694581077015,637.046404019087
5148.623996484638,3526.822937407148
2094.7710007627397,2103.738372079037
2859.1644963762265,1746.4819472092108
8322.040844004803,1465.9301747559439
6877.943180371665,1401.8943257794292
7284.880417658551,1604.3893389177576
685.373379655535,3741.3293469045793
7287.565587823339,1014.5506030613427
4914.07095618388,8970.414340153708
4591.437927920409,4979.161253823333
4126.269283761483,5047.754870245304
8517.948791253046,2110.9228678481127
1774.6393902877921,8671.552047872956
8141.1469783265575,8281.310712141085
9283.238497163202,342.4605012434068
1682.3882333419515,7324.043488484059
9995.959986501008,1842.6915357987118
9905.342421337817,5556.168443829706
6213.189291271832,8705.182692962102
2685.3490242392454,9340.527939685197
4296.250844433024,1844.5233750505574
1703.83245239609,9395.760245386695
1202.0219192133497,695.8273428104777
7040.2963499950465,9093.265440812787
5798.4602540642445,7723.259990435199
5635.739014621178,9138.248012929384
2477.60876077359,3661.462263358727
2349.0624480637644,9407.792918604991
9897.342459021822,8185.168022013826
6287.738114489697,3283.225209658056
8194.555629437455,3389.3416585357095
3785.1192174524217,3572.1546446947737
8436.810938562207,5887.867413429195
7223.807463062219,1818.9926745470752
3501.244195017099,4334.998852310024
7176.944482195495,676.6052403472366
9256.227276073369,3583.154765847868
2137.314883757082,6667.33047892354
5476.326115784752,5894.693150713055
9666.503871653389,3165.3572087919356
8213.979400173896,2572.0404595522105
6202.911816744644,3270.9651237214166
697.6543758227294,695.4754461203805
4063.231970695229,2575.774722745575
6507.6546790689035,7080.510103513704
4096.618547882435,1787.4868472428373
9970.838008761011,1382.3054706483374
7533.92800032955,8460.57197818085
1870.8181878578077,2365.524790839435
4903.863494821351,2511.042039690652
3839.7220621794913,4630.387296774168
5938.431798641703,4719.119893403005
4465.645161477298,1862.023641387196
2379.0071582010587,5561.395597467939
7243.712653246772,6957.4130555869
1066.6101405590543,4844.926109749409
5321.339900521101,8954.348053822012
3101.599824485298,9915.922589362628
9665.310350302385,5286.105015026637
3035.6135521216356,9726.95532051219
3409.415444782651,6464.887294681968
7070.871706893623,5288.05896567645
1284.752423127753,8700.244303919319
3246.2509922773584,9664.950788275662
6959.148238387388,9990.095159700371
307.53740620271583,7591.762970182815
3110.006290643634,4853.003694477879
82.5566637134445,2960.3647085583593
1502.2919750340436,5579.8068158656015
6041.973940650145,7775.294569320587
4567.1486057012025,268.2457724483689
1560.2591449273518,2676.507463568527
780.2543817556551,3546.034960553471
563.2446872728203,7799.477485114823
853.5815829770299,6135.52087485038
960.7679392907542,4257.065540607638
863.1268458210606,9192.667409548962
550.802211031054,5381.4624406690655
6970.307257635152,7239.1212643690815
9412.667079266088,6554.722676598386
8559.788848683364,8585.082281850362
2658.5356412040874,8123.786214842773
2042.794471666274,9890.313817571372
479.12052200860256,3791.9119685555393
1560.3368003298567,1648.7213769951293
5677.712928258976,7598.175978318945
9981.248517982418,8747.140404882895
8590.344068733444,543.7197111110892
5149.215303454735,3328.7665667804768
4234.548838863807,8071.940620383031
1478.258840137896,6834.364097913291
4185.912341401371,7553.014206942673
5948.58183152962,5431.996594894414
5954.745081151299,3818.3909906750937
5575.464831085453,8113.911601698464
8240.188365406277,5545.400766264055
5100.838736188189,5150.162395423674
4728.495763124064,7348.442497998863
3057.7390533323014,1908.670820514573
1802.4173247014753,5860.0426645134985
14.039465295745401,3044.1477444505417
3220.98295224587,214.49421960181513
6330.807654217081,7488.678848372196
5588.975095928535,4746.855158275248
5305.165629985075,9032.47428959423
7723.767714952846,5001.662533022803
2328.4678141374793,101.8923927579729
6785.380048595595,4087.472963392391
6071.648499703613,1710.7373022160189
3389.9142812422024,9210.788379153455
2185.43602792011,4457.9901840954435
5626.8986955384635,5106.939185170987
9451.480694794705,3654.9650924106236
763.5084213446742,5222.242427252204
9529.848392945501,827.9216679693413
4647.581438878154,4587.331042398052
7100.43500895691,6634.43319869167
8032.046670349169,3722.544181274262
1515.1479703517857,3926.674182885813
449.58060814572656,8374.195902298554
1284.917265330905,5366.262406227743
3409.5288929040235,5876.483214887833
9565.542296037393,2968.1663092630406
427.7543791537453,4829.797903975887
9197.980996247526,539.6065804132621
5612.94691462122,4302.9693369772385
1023.4096149846805,8026.956364479408
1527.4849116933142,1614.5740882274063
6893.311718156173,7644.77685925204
6084.534602104292,3742.1563119445755
1674.5646947605453,270.61711983730305
9043.31088007096,9532.078491262415
1329.0393325772675,1813.5771390488942
5115.735860539607,3347.684372287496
5282.943427515069,4807.27817904638
8705.023566061649,9494.432202081844
221.50215987903232,5811.676613151419
1364.5170090788883,9053.409204752776
1706.786800543738,5644.652011549733
628.8139752480404,2053.9581945974483
6314.832840909547,5643.7167720725265
2295.99860703148,1004.4441090050793
5766.698345603726,1170.5889451972673
7826.122035924328,1156.6517186934977
4085.28493289268,122.52741321075789
7688.502743300797,1512.8672070338423
7778.6855064362335,3529.788817117291
2634.2306574065765,721.1628811568049
157.44597403064887,61.62872564243749
1032.8185320633231,1122.7182068826346
8235.23740170793,9360.580318151402
4053.073150141239,5256.377149779442
8390.9601611847,4350.235915491051
5475.143203468078,4871.57284312801
1973.953877217103,5548.085577848297
7122.372570940032,1078.3116546338667
5581.863426325874,5847.565149129728
3518.0521214714554,8342.233752154345
877.1699544953037,5606.453120074646
1022.9835615644034,8830.476558391443
1885.1161414637875,1382.302107562423
6729.311192575993,8258.863386813431
7279.714221161645,6626.143051148787
6309.15852765238,6036.720288486894
3372.6838770019517,5887.73326290813
4404.700431552788,1189.4607365324882
7095.597779464339,6419.424419650281
6598.550700369441,3987.801871143819
7730.13530912725,632.5669801373568
2411.375541016264,2052.5610392276817
44.888912995492134,4425.779696844418
2664.4210079889763,9929.781051155627
3478.914643736166,4306.6607301408185
9605.13464292188,1497.783659640215
2177.322733088524,9017.095546750163
8264.043507348095,352.376229903546
6225.115289831318,1267.2684235097674
1675.3664789945676,4737.248347715971
4035.04810673628,927.7868188118665
5101.5865725219455,5715.856794251318
3441.5016365123142,1577.6709162065683
2261.501180810885,6508.574519100877
2528.5093967537077,1176.6424353005566
5852.057653356155,8101.042766151527
6881.060525940517,7338.300174756238
4689.712586474322,9254.031604231226
9417.358367463845,684.1788721002018
7285.664261668716,5552.969723407316
8917.579659017125,7088.535872572227
4756.635462883377,9026.644912155112
148.82927955808034,4820.5394065257815
5920.70529607183,9513.157048210473
8182.593794753549,1224.7929923895463
5365.350592898078,4332.292214653494
5679.010481767712,2531.7201185626413
9749.708958316229,1553.8814418252366
3661.4218437499444,2867.82061576523
8018.728188715667,6647.180795869329
5050.742394764458,4832.024726109446
4637.110038284327,1815.4879152760207
1455.7706310565488,317.1974278300549
7483.950835810465,9234.997605753018
8232.944222219538,3141.360468052561
4308.774450769252,1275.8510345064344
7635.305933739036,1461.4764016856973
5811.207867998326,2534.2591796733473
2575.543146388359,2308.1209390886625
9237.155278878894,2795.5015027780196
6967.714136970251,2255.099838201655
8783.346176787289,4306.467047140872
2814.6442563277205,7656.036652305755
9163.63189346566,271.7894462605963
3646.668612081466,1904.6272139197406
95.3188592829779,7119.859981900919
750.2843796483816,1488.803070303536
893.3848439927827,7413.294472552928
2071.433682052718,5148.095660459346
1865.2198578233636,8816.149025658899
578.9399403121997,101.59980011898884
8953.92432332972,7843.565455179429
8283.100836999623,5722.108979456264
7628.232330168283,4688.7860782210955
4791.333961146298,1457.196677079906
4251.4815382226625,2340.6322156455963
4253.64485403338,7860.29957187933
2617.6740986618584,1490.0886359566823
6082.576135052346,5273.469865992703
590.7965104670753,2076.2968997798316
6587.839108946044,4892.718249912802
5138.574638532055,2547.4036869187257
8165.20220384116,3511.1159914237933
9727.419368300825,8024.442051559193
8766.101378732112,371.17328500886225
7199.2414474948955,9242.980580830384
4327.8341264302935,3193.8188915529786
2145.2426203995055,5960.4191965408445
6648.733172066646,2217.544197115202
2015.9910900618738,3587.3514394451745
202.5894992669419,4596.653375115129
5732.329811963177,6887.466462210437
3941.3041177021514,8730.90177198265
8760.186663693257,8661.294341346951
6457.800612296395,3370.090011841127
6472.501035622416,887.120331262814
7878.930476363378,9250.186408711637
3356.5200113679407,306.9628881747821
9581.719516331903,8810.646255912021
2213.2149146456204,258.2257507667429
8716.798968258403,9766.206186674583
9108.410016540907,111.4730747287318
390.4037686438666,169.99209843720053
6318.221036286283,5087.11304874008
7494.208399999074,6667.69841927699
9538.304046254918,3527.8123596257383
2513.788991381001,6058.968040821097
5618.501754971416,8458.570674654018
7731.174677725539,7955.843186417894
1483.5551942778102,8840.78794235429
8529.821295563239,1591.6246758306972
4036.3803141925923,2246.365118614909
6397.508454669215,5877.133078208862
420.3809896272159,7236.693927784401
2229.3613875072538,1073.6288664635906
4781.849919927958,1756.3276965835505
2892.0954251691533,9229.309141103979
9578.432528836041,258.3827623363766
7949.325034666676,4017.9311009848884
8648.799200031634,2108.558152087261
4663.1790578647815,7743.2235746776005
4736.42067687785,8635.856382424137
8051.890127151546,2469.90298951399
3875.327407854152,5898.830091551268
4808.493031115712,8432.092894084673
5285.897321342759,5985.05659302937
6071.5767788228795,6007.033241634682
6499.704914329989,4128.63879247697
6807.517367598542,6530.229123211437
4440.092614240725,9603.344040439704
2951.4685508249127,2996.278806142042
9201.541389754488,2005.9806525344393
8267.216976882759,9581.382797111803
34.3739316806857,601.7552507710233
5129.23420993016,8399.095525929763
2746.03045865652,9097.958612502438
6427.2898893002375,2194.2878243241294
5026.398353747431,4257.092571250736
211.66468765679957,1230.2847096746593
7277.725282408528,3669.6690763183515
2753.867689183397,4573.225595650067
2602.365191337052,5095.683279900455
319.2611742417817,1224.5943939217107
8283.361655839959,4036.1953542002925
5788.3951061752305,6251.447245314074
4848.427169505899,5001.426808644497
6758.128074642506,8414.195114612163
3453.7008659859025,9510.710137095051
5694.744789871892,8168.539481543644
2492.7340806025622,473.81804557752537
629.5514386099421,2146.727470363864
5613.433519938824,876.0732000186778
2211.9171977173837,4338.322200496866
7500.421809753812,7238.004158070009
4518.431592571665,323.5548772772934
2503.9847954722804,2670.4928995877253
6083.458679415456,938.992264181614
1166.2078823720046,4101.080017345718
7614.238806234752,9253.319689290565
4521.779562932078,4128.3397492296035
8126.456283006766,6347.345408473591
1380.9637004149477,3870.25166423824
3825.4227666692495,7314.562609172539
1800.2968611015347,7430.27261114568
611.9556931988768,1380.4812825461743
9553.47637796717,6532.05053987636
7266.485529438995,3863.5302880894096
3256.0527748824097,8597.46967360103
2461.503700859886,1578.16627316387
2043.2191704096647,8974.329248865848
430.10452946370293,5115.2220278865
1026.693598181483,2555.19917784088
1029.0716746736716,3346.6219168069065
6662.649795309608,50.10917421474525
5947.076245654314,9499.093262975928
5681.9339030360625,2249.7479968693224
7344.630096059505,9097.367104559367
2511.7225597403635,8529.637632951468
3424.750090463061,3490.778989686747
1267.0167763714835,2109.1184921988847
5877.108640638118,4266.08794417071
9329.055593037736,9335.663509444077
8631.378330253245,8551.19626620129
5549.988113902568,4886.182373537255
6446.077305001534,5455.485172024086
9923.0897449812,4086.463257105678
5173.547216332831,9447.559665408362
8705.882120678314,9889.180479748115
5006.572624031138,2891.533768082141
478.68389520324797,9497.2085816936
9346.614420528796,9504.222705483753
1118.8027821522116,4734.441313439302
7041.880091261081,4149.018852839083
2379.5895205810457,8693.047210735811
9010.366972913529,9430.582346160454
2004.8883546062768,4023.7948058137063
1400.7438628128177,4922.019197156688
4387.129578623314,3342.3252714980554
4966.807653030387,2089.44342365313
8189.274849357018,9962.137424247107
7624.027564191151,1888.297806055188
3282.6881378941953,8141.782506601062
3849.49812705199,4205.837296199046
5766.703615904861,836.6413756220137
5515.760255202678,3249.3047505624318
8620.465973499471,831.3271138021672
4724.737925561557,9819.497151345468
8935.090073982888,2652.003879188509
2050.716759733475,7460.3623188497295
8676.25754364031,4256.1831705754785
3042.926057459935,6794.252481510209
7892.576563297265,2550.733494197819
5653.873888194867,941.3878837712397
8755.618670767879,8085.47937353675
2312.537653255612,7167.159322458956
7014.989935973923,1094.0539537995153
8489.596956054915,7309.476552363093
7766.90487057804,5976.406496736641
5659.993376495135,1714.8856757444953
6753.992050667694,8256.06054622465
1965.171010653961,6988.9974049529155
2164.636619194572,5068.191849006107
2672.9052466927874,1786.3482614293525
8280.136938946946,5401.644943670983
1674.3964583979432,1627.0992454663303
2989.226212575452,1839.5223943693152
9204.342319355872,2413.4318158427236
7552.353909983031,6545.118121902345
7331.256925602432,6796.55294409389
4551.414348821954,727.6152553545878
7023.615576405051,6508.963921730086
5657.278256400061,345.96755488075945
714.6461873135812,9049.86805055008
5765.261395033661,7786.649349995792
4522.472798427665,7243.9143799911135
1139.6276303401587,2392.0907198524123
3442.6501514984275,9875.579808794908
8947.97375213386,9243.168051555589
8037.024813406996,4899.239165594905
9139.03262008104,346.8819320994687
7170.797491812857,5113.907132497626
6325.536620975892,1539.7756721377255
1392.3762478431113,5926.975199820452
1072.096360397825,9865.858454810748
2467.534458641182,7569.238038967766
3141.971768764733,3222.5872219999474
6070.355080384941,3941.5932936933505
8773.090806511877,9445.751330041807
8907.306004990342,1101.6499598028317
6823.566810675254,8901.630328170328
5739.139681521205,745.333100720349
2443.8861891072693,4146.520585959947
9379.444999875705,7454.508335458378
6711.128285269025,3950.668924050291
5334.571938800337,5711.2014504057815
1039.563801882497,4907.797725811715
8258.833099865382,6046.438355177814
3489.9240346562788,1709.378363093912
9005.866924826634,5780.915286323849
1684.148625209625,9872.643740681639
485.95035783959185,1938.9103932013063
4347.280897271678,669.4902583125828
783.0320862286034,3917.9049324191174
618.0296498891469,3743.621972995966
7137.322559508825,1257.3719150674324
2573.756549854601,5714.755851667921
6388.50710683677,4375.922533071233
5708.326449153699,8368.863508133278
1407.5273533477862,4229.572768864899
3857.7903882257015,9856.631195535156
660.6388616795444,7798.4884492302235
4216.7329775194,4874.505564379377
1823.6209070397779,5521.94827394766
963.0929779340091,8667.50608415595
3169.8522955425,7741.540385575797
34.19253306862436,6577.356182014222
7577.690194353354,2668.0992645737765
1581.8371126125464,4103.4698618517
6258.367285044535,7871.847818377955
8325.822227977804,6274.652780169638
9172.38280167015,9564.993271458301
5575.7476606129785,8728.84261838418
7882.838256596387,4270.93440899141
4547.717331961702,2938.1742177907745
4901.807764250322,1240.6863435473635
5467.721897930649,4076.279766251545
6701.370358175554,2266.8234022434317
6699.1738901760455,167.05905377236817
7853.779239242381,1382.1420790729155
6169.439846112577,4530.11511754276
8826.341694103996,8924.165702418488
7092.360710796437,3209.5946801564933
9289.52672002766,4411.201609361369
7504.3677760523815,3840.7281939299755
7387.043452495243,3689.7482459044118
8603.97201068606,7226.388549248131
6558.101695621496,5060.312827650954
1795.7531883262545,4084.428398488685
829.6833519911106,9433.224551581905
3158.261256360356,2762.874789901858
8143.938695914649,8328.498262165753
217.0785635685868,5150.058358713353
1500.3961314648718,4416.888422146109
1061.1580539112176,629.6579264690538
371.74969503704915,8584.923762742139
8102.838372462788,2706.624803238642
2795.8584260124653,6793.560217466894
7289.260485786073,8744.782520615376
1419.121109257202,5361.370609520079
4089.3373091437757,6406.677149360232
1164.6560100850345,3401.82079016626
24.804071855365486,7265.390502764188
6131.622356759901,6566.034810554744
4809.819287996192,4447.860805400389
4166.362513310589,6346.021559448859
786.5956325171275,2626.596290332095
5882.048225186126,6578.204277704655
7800.010360490587,6727.4150489974845
672.4447328290318,4448.8772164171505
4134.583408401811,2493.734684338822
3115.5647717125257,8030.659649141207
8918.766435862985,7541.2717823953135
2626.557891741258,570.9185404834305
9442.80666612238,4942.682182933898
8284.02429959034,921.1095731034658
1001.5888372557969,3195.6275829957226
4806.377382403353,4222.391486040403
6490.0147849613895,1768.8622305745293
5930.7176278862335,4689.023905874995
6792.30320270825,7062.2119756133625
4263.064692710641,4369.654892461561
9047.427349763679,2341.3979118266047
2703.6084767495936,4148.182636089548
941.0082781727614,5924.0679822327165
9779.738921470502,9363.923171019112
6519.588305138265,4994.447920939855
6591.975439919947,8878.62995929911
8175.266350659952,9845.559702811952
4214.414466909576,5590.184299946547
3862.3556441954156,1470.6890635110615
9491.450074147251,8753.129431866762
3867.8135581383553,8623.563043107622
784.7783717416168,8685.605769620666
3078.294909926853,9505.490704248481
8735.413282122048,2764.3545830782045
949.6005086977254,3334.305556743644
7167.0528613684555,6870.969913204091
2664.0112751361344,5639.033477294317
7457.703715727995,8683.691036633472
5145.544583477035,2545.0629461633544
6365.757209990702,6584.094292234074
2431.962372432783,9404.098541344676
1681.1861058886036,2158.7184688021334
633.0849720759724,3068.796381342321
8255.767908246968,4074.177758178493
7104.846038369663,870.9458328318864
2933.5214153649845,1768.6970965842386
8369.133653427483,3820.9362975377758
8336.966637978667,743.9337932259782
1377.5914415934221,3626.446572333385
7136.874338704559,2441.417870997996
2922.8189585775167,8645.106108094342
4671.893718067438,6084.935415947705
4301.448126959347,8984.900292085558
6001.837495414429,2028.869773483759
3471.3201956133034,816.5754184672902
732.5396227838731,3540.471994568302
6726.50157910802,564.2520674322693
9605.709583358355,8835.140551571634
6678.677416728884,1881.5203068069297
5396.053042197056,1410.7250119796145
1636.2154561931397,7877.819335936909
6251.778096090063,7124.0716101118605
6110.868622761091,569.5602808103583
6187.531242905494,5095.652442373879
8923.130723923558,4488.498892523782
7163.2006715069665,3868.575822446135
7833.998663782615,1267.0015807112945
3133.3889939650494,7873.520206661917
2703.7501448116186,2399.557948271155
2067.8091374033115,4582.353090506439
7783.709022792398,8810.643057667961
6985.884881024731,3182.4245401513963
3420.939687542398,357.3220879483485
1411.0606859230923,8891.32442548885
8466.673059743483,4938.90654056165
3842.779850874257,4970.629147230773
1897.4921407136935,5514.15752579872
1444.1061202632088,1799.339850100371
9196.798642657208,7148.861217841664
1301.6325623062087,2313.813368404325
3596.734514588126,3011.4817289033604
6321.914999056846,6311.88981207639
4080.7631353019724,7497.562003598675
4774.604663969747,7306.1687921652165
8026.217869330052,831.493527355297
9992.34480503182,7545.771000445109
4672.177819486825,6627.254352096452
3788.2698110775414,6050.959762538183
4067.6290537306136,9668.742524514837
3691.085673425756,3468.256722396581
4737.713712347449,6830.862171311585
3331.08155805009,5732.3391127897
4626.165345677496,3879.5993197512826
9454.571811736527,7882.396133551612
2862.13222198637,4031.477321696234
6518.747203337909,5585.557003647889
4869.335736481659,5606.2722480996545
7323.96352261825,5113.27642315983
4722.920580273571,4574.0221919975
1605.4232439230054,1677.7911283269632
8724.187356905,2408.457628957751
6757.670695988696,1235.029335292027
5258.708330077921,7234.911728034375
8310.837198699162,7442.94647668725
9761.855923191171,6385.2897238640535
4093.993684456526,9176.431414103554
3530.61197958216,2649.641312708949
7535.9224003822255,8210.239052025561
4546.0552867984115,1858.3367758283453
857.688724985619,678.2265861291592
3544.1492365718186,1.2882473329134392
8086.321060786916,5806.333642215858
7066.941819928207,7787.403052064771
8628.43716102112,8229.863785435244
1466.2652948327805,4706.545217882083
2439.2161368583675,587.2051307572524
2147.352662805495,357.6236004609823
9713.328228509,9173.515780867794
1689.2441081599352,929.4036117012505
5979.3005565558215,7846.647746197617
6329.135985603413,695.6708521408073
6188.934196048248,1833.4833940895824
6916.630400287106,1628.6667762690277
4839.216457614428,2771.0721217310074
836.8828206787293,4056.2994988882874
7012.361094184765,1247.2598863706376
2811.0486544084233,9731.58809729185
758.7193640664968,20.033142012287897
1697.859813232745,7721.184660798503
2872.1960241181464,5265.080579194313
4324.395728085614,855.7650319480603
8613.235291898376,1200.3187363287636
5365.025577064402,5899.99223081675
4719.672547955789,3152.533910366003
1912.5780098221555,4501.894034096101
9592.627181901355,5491.891107052899
9085.159284000252,5733.481334595674
8160.7723009653,5826.106654972769
3231.5122825741737,700.5063963544789
5616.276242981296,7404.785339926826
3888.4699926921817,2935.041632169283
4029.141456670594,1144.3088448319215
721.3135576382834,1022.0089399537491
1400.4458237053918,2370.156290185248
9611.68786175636,6286.799136658742
6100.838202568329,4719.229551399087
63.09608230303465,1070.741096396438
8091.859576919193,323.5267630209038
870.4161925612441,246.65686977901169
7081.557581053885,4210.918165743084
6208.4902162632525,7881.389283632093
629.5126060008749,5736.295499381828
5309.39170609036,8096.783685459621
474.35308139569975,3193.8858777353817
643.89749621104,1403.4106301256488
511.7883813834734,8030.016069318259
2554.4123695359613,7278.417256044381
8017.692820935373,5891.072466377764
3624.547333036711,8877.599642658404
6395.382462166736,6306.801058299867
1248.490127362164,5258.1550474649475
9328.647440817265,5023.1005122006045
5042.407754310589,6173.750393007873
245.94898751345684,5166.253307040266
5374.066635719097,2727.013467108451
1845.301258684715,9538.725105298889
1958.164209307658,9580.615906305124
6003.745037415924,1668.460377430767
2263.8349619206433,5305.948194078329
2139.8107143346388,7896.158782429304
5409.5983822742655,547.7577893789231
2354.594514210786,1235.6271961750508
1105.1260471149105,5448.929944877389
4082.569153616158,283.39403443003454
519.9843819421901,8329.917642535474
9053.230889916385,8731.658633507124
4515.374159347912,7363.10547396305
130.94686776569776,8223.606483226768
2246.5208430410953,6717.127763747553
9578.178476911795,1418.666795191561
4963.909013435577,298.5452570272895
3588.896693483432,8480.844359353212
3151.1150771587095,7071.608174725785
4169.706516799798,3984.6148525823146
2117.6440377294457,7968.3707710676135
7491.270523420469,532.7999546815643
5083.0519803627185,3190.857651201361
7514.336721662703,3418.4975828241127
2543.8171842652614,1048.7512664344645
14.524251227284735,7416.965720643149
9662.290014954911,7775.268912620151
5120.660977655875,5831.704810602893
797.3924471318638,4178.577440537117
1037.512236579796,6070.524522739712
4346.78139817208,8983.824667991517
6952.642238873092,3577.520123461908
3966.4184324942084,3342.4718071548577
8201.52496855609,6227.285401364071
3290.59481086424,6836.381867050517
456.05398688094544,4577.487695496164
82.9116404497221,8595.64346241202
8594.442932607451,3522.883330300608
9844.62275904879,6409.172671844883
1327.988521167942,6677.958669966708
620.4076513246304,2948.1959756263354
9144.076392000936,188.5140473978908
1007.5639954578197,8266.122564901225
2284.041874489806,4824.181499034959
8016.470908862336,954.5508702891603
9979.843233194875,9575.596949484063
4860.138894260627,2964.2700993060535
2107.7078902175163,4744.672628232218
8477.180165165233,4840.669363789012
3943.1150890691924,3707.9997172301073
2726.4227335407863,1515.826738738092
4904.165571273068,7042.915164558205
8557.982702764659,1954.8619172615777
2330.0081849282606,6823.256603879339
4238.3454963336235,8021.079773369672
4442.436871511239,231.320994184524
8327.642378998564,7317.846418112132
6760.051864922841,6380.331678839949
7804.866185530004,1957.7323861659236
6933.857847828546,6201.931365513631
5926.759050960652,4207.716403848719
1324.0922191847126,845.919643669083
8329.491896148373,5236.882163695756
6072.7871225065965,9732.854432594871
7011.716178478266,6488.102113410522
7787.479841261276,3305.4470044428863
3116.998544848967,5635.0164372849085
4373.144152664098,7378.012665556153
5412.906688120106,1562.4198218455588
3428.2247162703416,5288.286623857065
2585.368230404347,5068.649007839174
7768.3273798453965,3765.5825729856697
7537.320733937737,7470.655959555387
8317.99287269939,5650.107493114314
6966.949957072696,6988.960170477869
3117.273009816357,5959.612591714172
3270.0226624125985,7809.39752414978
5277.941787299784,6339.31112558723
8355.954572545066,6777.41422949679
3462.93163958186,2254.981536644617
7659.390013253908,8458.68641567253
3056.9259060611253,1553.7355858215785
3385.25382883627,3398.163139770375
7523.658861706842,8894.058803756347
6785.753444784611,1085.854430517228
2082.2838109862073,8666.78882205704
8270.212316501485,4753.652855136079
7846.104076378138,1835.8667490668513
7974.180903581874,7371.935335639785
4703.51178875092,2838.8183011972533
3286.3962309555673,6779.091958990267
8497.818054315454,7908.955742124467
5882.129660150903,5693.288137570143
9309.793980999246,7859.986433787669
2538.2703308299783,9350.462635526263
9756.266163924744,5504.017533836839
3792.1804266008276,1523.6855263668447
3844.7180743542685,7096.016794870697
2388.16649364769,4100.735839999422
9650.25358448634,5313.027960251549
397.14237460713673,6268.153613861596
4733.57631189503,7174.926599840685
3654.8159310558326,6397.926317848518
1592.6330419233004,2328.7025751182377
7132.434418894253,7481.659138280859
8983.21097008266,8073.420932631855
2435.692525332109,376.7341078625919
4976.5515846322505,3081.4332335475747
5782.139642500605,9777.983512184448
3904.8893834083974,1777.2721897759347
9215.381302811209,1828.2023411214054
4615.161950957433,5913.244963915183
9827.802398869304,3381.618139098502
2952.0514764212726,6571.211218604946
732.4729973864353,2626.4511175531293
5749.672650431362,4260.007571651341
8233.400583593471,9984.325049587269
3883.914334824726,3734.407473287514
1850.9886298468348,861.6583040579239
7382.400010685095,7424.3615923628595
2708.851022635428,5885.762857232173
7697.376931711991,4445.79221874025
2623.215026256712,9087.209370330282
5572.882387093523,1466.2732468660056
8876.771412728322,4897.328518268878
2046.1707180019316,1917.857232456499
8206.944686534394,834.9460696963506
2654.2967198469437,4423.537216675528
6606.648812097858,9473.46984182992
2437.1279706286555,7220.669715454725
1145.693109436343,2345.1061040620525
6640.232796221867,4626.229657909657
5948.881951359987,7974.517527059343
4014.8355019577066,1954.1357647279845
366.82394833778,2036.9655672652177
4752.792678909809,1810.304000251145
1487.0650537438569,6074.430776050581
3594.7164104387066,289.5093698389117
5861.979763582191,5876.213212516105
9393.523707641754,8253.697520713893
5113.1196259179715,7826.52157919928
1947.8302731161145,6668.312948134137
9462.26305331217,2194.9235345263196
259.0995680352415,8164.1721851758175
6428.201328413244,9574.653671439724
2623.921147058761,1837.8232917316639
7575.101479097478,9103.282560058053
3312.2317790147736,8529.888870630104
4287.464402302669,9792.801211193286
7704.167131947548,3192.7573133843625
8978.185784528945,9340.71544637346
1825.5344127254614,1795.1796752715966
2962.924130619653,1751.7691159123372
43.24776520069018,1069.8859447315601
8565.716028944405,4277.720953964307
9471.282505146062,121.82376683192442
2794.456775721794,3813.4395772090625
3845.5507061250005,6259.261447054716
4289.565051406513,782.614383982595
4097.518656668081,8184.749239717393
3928.7534791999988,2927.201511844054
4758.7462154816885,464.5554123953677
1537.8359033701804,3746.118400478783
576.8000176596755,1384.367114998849
7235.265071768845,7952.803390166252
8465.660101967938,3340.073004050189
8101.927791651462,1170.1527323886885
6266.264865013641,4536.598631318841
9688.112372353255,4519.766544411294
15.431119531980064,2756.0950271885267
3195.4231215203877,3269.9643056387363
3100.1611113993367,7688.388693110502
3496.729472423513,6387.245254487639
7999.896039442472,2146.575034142909
3514.9657453627738,9481.843493155784
5270.835822005147,3047.2419193382084
6139.398533880376,5334.393738987004
8453.832412299214,5711.205961299493
6158.615771389914,2136.6622664025026
3813.0649300301934,2912.2538101599957
6947.421554060771,4806.93748591615
5155.355786738633,2563.2156759591394
5284.02234237881,3056.2842711402104
3351.525367496392,6131.498385547235
16.075182078012507,7337.544766973015
3558.469476700842,8009.80567035518
3027.1792931347086,1217.1980487132894
1003.3903419065382,7369.974880510682
1986.3619791481092,9363.656890093123
9808.900781288157,5807.336744575858
2798.1695284110665,6046.802289148323
5181.580345499086,9553.235376314447
5493.326162702572,8694.322642917974
5600.300563927622,5576.69192708301
473.28135120177416,7658.495387170746
7714.621827423519,1808.9900661891722
7303.450242738672,4131.138611488573
9771.92136569413,7154.092595470939
1846.9126258576507,2885.8270002651398
5537.913051271066,4538.976328074137
8038.302269241029,1727.2794292038407
1243.4602042260979,8978.031631912767
7895.707679600563,8956.683657288404
2699.632839407191,4783.5925093571905
2808.4607597327417,1920.0507388327749
9455.955550685323,6792.112426419849
3138.730905896747,2135.349563206156
5842.374118758955,2285.9460131107066
4400.929532844388,9720.465201394793
781.5932725328778,995.4134491964073
9504.825611858912,3792.4179686681437
2137.2523996926398,5548.74685089311
2676.945267997012,1077.9000619008095
3772.4655583520885,389.4309872519996
4985.359942104761,5423.379788907489
1442.8571606620012,1145.5925710470326
6299.365890172232,2511.691449898653
5147.024934764214,4972.730199186335
3030.103275294368,3474.978555270716
6926.51802512543,7105.558129014975
5140.801420925716,9624.541231905703
8406.856360772508,7531.920883700061
8554.047957032712,9999.92042302966
9801.06697251135,3889.1269959842
673.3575782885681,3052.386535299729
4051.7864043553695,2125.852924932523
5015.189741509437,8848.779902425431
2338.098658510217,3899.3572587861936
9220.351905419086,7109.419869741573
881.2838466295381,6747.770567130128
4285.06094690605,570.7466045857657
1851.9072132686053,8796.462128095909
6821.388108336502,4865.351050851116
7049.923311404176,2235.4820803723474
8725.140154731676,9790.869129299772
4089.705651674749,7531.563238840015
7751.103779918419,6167.338473641405
5495.805679378879,9883.761680289861
8122.709099914872,7565.867407968016
853.7899122871928,1211.441620371162
4634.476533919759,9911.47125380181
1505.6059228032236,5976.0101047555245
7903.5548454146,2994.354080833206
1526.7138536895209,8175.206266162156
80.60370509283766,479.19786373033514
9295.237399517306,6543.664526060419
4845.9831618965645,1592.7313031629408
9851.908879259743,875.427188413569
4529.9723436097,3539.840380849589
5907.926366806492,3563.6345855979303
7441.752958773831,6005.2662812906465
2807.9833827536604,5654.346423209756
1328.5639886178647,6879.479268219097
6611.295130510244,1741.0777020668888
5106.86809890253,8708.634019491778
8268.011652261965,8586.737957676738
450.68792536331335,2162.7251632177104
5447.701071024226,4735.740946567983
1857.5589464324528,4880.152848350767
6173.174446987222,9212.377730783632
7604.3977046225245,9056.18886324083
2630.1019192560802,674.6751313247901
4817.886799915987,9580.299885845247
4202.041662593035,685.6209387053258
7548.708086110853,5495.717553838245
5998.677862032841,3115.9314890343258
1207.0739925592288,3904.638735396351
9767.481114486194,6267.169120317503
9123.375092310262,5838.156415712548
5787.200130047867,1674.8873777264128
7774.769106115064,9697.817846934626
199.7049024933495,286.9426049510415
2014.9182415311407,3433.7818678524277
7678.630283216194,8013.790817470567
1061.880136228941,8509.363747705002
427.266770737148,7972.902538258217
6157.159151077975,3724.9884806055443
342.41794283108584,6733.999103710481
1831.1384048477587,7642.996841624594
799.8191943765853,5779.5372311729
5342.715815581619,6790.177895941182
6769.342437673577,5536.2500035843395
1833.0919430525073,549.4963494800043
4687.576216594107,2732.8567104538615
201.71073355471302,7026.510511358345
2646.6036289041217,2415.3390006391583
1796.0435174000445,4554.656110828563
1659.6435891575711,5346.128300056415
2250.1998105752828,6709.708338321237
8053.440652986163,2591.4421642805573
9497.50594048409,5952.15120343024
7060.522949050003,5965.094577330158
722.5550234206612,8450.239381377303
6281.6381223399085,5520.477248730593
7341.153358214928,2950.7673510206523
1111.2532375034734,5227.031110771692
2943.2277340700007,1072.7663037140412
4283.8132182350755,6077.487577759511
3107.2398996465968,9161.309100864752
5183.1839065905915,5298.10316864313
1309.2019949577327,2921.682466778512
4447.49403205394,4055.2610267924683
7332.802422826957,9018.579200057933
4609.33242964464,8130.668691992329
2104.349096741619,8031.754201973744
8021.125390422558,5640.798412906904
3943.955844815694,3964.129829743899
4250.924005807496,1324.339294960787
3576.235194887437,9756.140130794822
2897.316340920709,1791.0316761611755
6019.479330851377,2521.1852853085948
1878.0729913657524,7642.615132758029
7692.296937752868,3507.516074855489
4816.994961914352,5838.685213085976
8835.874966072364,7616.41426156833
9388.90844609923,5561.214127347947
3829.729795013109,4907.194203069822
1588.2321174779568,507.0233858485507
5052.600644478066,4876.571951457818
2704.5177604946402,4550.266258357494
4265.229540366774,8805.119677565284
3774.4287224380637,4473.928191254378
4504.721485390603,6299.428241103725
4985.655925254606,7737.334609708702
6274.288931876342,4677.14960002428
38.13969606636158,2608.554294359565
2564.203748715669,8939.533625377473
1702.542115620309,8955.179865951972
7104.466596661444,8998.354669934613
8323.271779288098,2727.75539210483
7257.564575085144,3154.5932920868736
9746.638124325798,9187.965672525761
772.4752963137571,1257.8333015482624
4647.542371501191,6558.812051345411
8993.702712095288,2923.17928212205
3190.883647669158,7213.065967761278
8023.171076020741,8336.64714649676
5617.406700828289,4081.1524394421904
9785.566727094736,1511.5770984001485
3710.2195224782486,7322.360624251018
4171.672580932397,557.2772215927946
1638.0649928762114,149.92605684258754
1596.4013187508208,8771.899233421345
8610.022970484057,8168.074834178437
4072.951257552512,5819.550558951388
6204.655331762149,6653.749721647311
7522.522457236687,9526.037419442542
4382.432360819494,627.6633557856626
9537.839945312802,2165.934792681905
9381.736787191552,7292.025332627415
6801.183027083075,2640.3572853462833
9952.078133146857,2072.626149364115
26.484973454655723,4422.031842085175
92.52703476531399,7236.979332587524
675.348153947043,2105.2214173560847
9435.198285934199,4295.45127294548
6048.345440026614,5188.170373156039
9277.223920624063,1722.2492145113044
1270.9817235745913,4767.879988256297
319.7866758529511,8658.762108128338
5432.822524800961,7460.653078696503
1752.1938309766638,5034.475828441941
8598.338778389958,1252.8208247793448
4204.093902900931,233.56951469895247
7704.5676132365825,672.4251638600498
5164.38834900189,7502.164253670007
5286.704546524763,7043.72658957963
6818.450082420833,7460.640786272819
3354.518250142079,3072.1066482713486
9488.473012702152,899.2569738768408
4004.101063350832,7143.320160260966
3980.4238342659205,9224.661064013904
7074.2224095951515,4521.915999526938
6362.518578072573,7643.145121312335
9957.816131334504,7280.7337261021175
8502.308095704831,8536.915302897482
2845.9078607731904,283.7972979634962
1015.5261277236449,9553.049966643342
1066.271801462748,8653.568238301847
3616.087749187865,8764.80290132688
4771.859951140424,9963.528345765213
6371.240915102986,6394.763376902525
8577.260353626172,816.7358743378817
9895.40482155315,8227.964153603463
4087.1599851711694,1348.7508832538574
5455.803735863569,7378.93750754958
6007.473203296312,4240.244797003171
5585.6174240710025,66.13272774601553
903.1308523302439,4357.787694785002
1150.4066796177071,7966.641853739012
8887.554838552338,873.9890288284935
6755.840026169899,22.119575417524075
6787.611110100816,4527.621405412374
8147.81751666262,14.968151501746352
841.416131720405,9347.391893948687
4154.799489621266,8248.620905758637
2466.744245645288,6301.172875410859
6608.066319313913,173.1798971956555
2149.3489482624295,5698.224576831262
6921.248759148576,6710.865325292442
3879.0046579068294,5874.460791946763
4394.055381664016,9468.912063610012
8180.127968237625,8313.438661859796
3481.670244508953,3650.925152040957
2565.9920210557175,6947.9865328844035
8502.647733647404,4611.462403289575
6853.990887200294,9283.479813889558
4038.9557908901065,6181.2635021026845
4985.609207635904,5820.6990398211165
3478.5806885923553,5006.972390888513
5512.089886254938,3777.389698638376
1386.9581630795203,1480.5869514314672
8884.420994451344,2739.315516365365
5540.480285762705,3325.009282289575
3852.689393048283,1540.1766760942437
5715.936872470707,8127.132599243031
1611.9265186893495,22.18328477917586
784.7281768188286,9157.715478831458
5481.261365803932,1282.8279706880862
704.9671195643692,509.6895475640717
6608.693228423564,9951.872027977604
8002.4153191959895,9997.960660381075
9883.673897941804,1917.5757182919206
7692.438669229463,1337.9681086940332
9741.252056181507,1977.7462987427118
221.82895962645776,5113.234664021414
5588.476219221886,3211.8391972003037
1647.3672452049327,3363.6636740170743
2451.353115777487,8095.699814008726
7345.354249003002,8901.94558056109
2528.260322494604,9698.308722913749
1798.1157389965008,5147.384032469995
3718.452040838621,2461.363505281089
832.5477688147042,5549.179216323604
1464.9396283572657,8710.510921974377
1464.5050189906206,309.1168912357123
2260.565339923466,9112.428402956952
8707.015411238852,2265.474067743286
2952.3668236258914,3105.042188224305
2738.6805670470126,3640.5375946520203
1259.8839805234209,9137.613676604868
161.05181650839296,1759.9693944693051
1603.7884319083396,2230.113787757617
7229.712577026338,7311.026359734236
9698.463018984565,9346.87961725702
7438.1396746098035,1047.3477567244227
8532.276768062406,5222.487314435122
7867.456604909739,9144.607149503852
2960.5225750026643,8860.896250183043
7312.301789879354,9484.5799632526
7505.870499818257,9021.049276130565
2585.638016636641,3147.030550812319
9206.536239360075,2080.112118829417
9979.471746212264,9014.746605543462
5612.972547074084,7119.546297665495
3165.9514659049105,3785.2233061917764
3576.1062832407497,7129.354191218543
5824.436412946349,3071.9153433492284
77.7969597676631,5813.442373078345
3083.3651450672296,2333.3365144729137
490.0411139616423,5617.416162640373
6241.798164211598,9231.612077003736
6040.536356399262,7714.393606732604
5910.480513224799,6560.652900304272
1509.9067313428893,2460.1340241734047
9445.5917440819,633.6824724034295
5342.288002112081,7105.697705835976
5558.6199897714805,5760.976830032071
5442.59245509799,2126.045172440386
5244.1308968540325,9347.60589665563
9384.279334239114,5520.192185742017
6020.242052244974,5718.587082573934
4851.252149360515,2987.605145798101
7664.451770239208,8793.847898463608
2514.6249892689443,8913.908969754248
1920.1002793867983,7151.468486113201
4392.126438055427,992.7484147748867
156.8564593175903,843.856817101526
2935.1700625629196,4693.800336088704
4200.744118648231,1421.0903345158188
5786.987294306279,3319.197949492296
5432.0343828115,1713.435838651184
3674.0187634770004,3101.1535750158414
3432.6307939697585,9429.128820842461
13.1878102598737,7533.64318445999
8811.127466145868,1383.0566350300066
2312.736999257192,6689.154634221081
3580.031586173873,305.0663394320841
202.54980498601194,9836.249415641729
9568.431474908648,5316.950469519887
4945.7254367397445,5054.133056579018
232.72479326935215,2403.3511663316176
2511.940325346127,4578.334955555312
8792.625646014947,5262.406981598001
3757.016146832516,6581.9781192149285
6894.051223007635,459.11832049880144
6138.507051178518,3421.750427389204
4719.383647359752,3869.971149244389
8332.18797514804,1491.5014705345764
403.54297655505354,2397.858088245233
9124.236146852647,2366.7258179436144
7180.554076747814,8103.756673481343
8637.13766635519,6872.22499099012
169.32448012403455,9227.486595569879
847.9459327420047,3098.9459623767725
2058.7883847237363,8816.61572175223
5935.607978578688,8638.017650990478
924.2089545006737,4479.586881309227
9315.470023145945,6297.281810397276
7485.941013443189,5979.531904848626
8075.96247622146,3078.281878599751
5838.500085388841,2620.7139887702556
6309.480694387494,1689.594106579283
2210.578407748107,8376.652549634817
9100.413015371078,5335.291860033379
6489.178168208597,3383.6565808957043
4177.401820939097,5099.925461849852
8816.719759714208,805.9040392628302
8638.21878200766,1059.8317280228998
5.392141828836072,7593.523358468943
9248.375351551917,9012.44050984667
3634.271941074746,3202.685063533999
4221.468871528405,4091.7329031286577
853.1346093837088,3737.2589127624356
8775.771407216349,4790.4294414819515
5392.046580601082,4139.820071724783
9057.042143945822,3862.378720037616
7808.156806834191,6599.46858644066
8979.813248029108,2721.12645635618
9482.5863593464,9426.340914628037
8859.043628822521,3084.7647461383986
2098.3527968677818,2145.7985041956385
701.1253319184851,9719.063735603946
6202.531719841266,2288.0532992220815
1550.56232105386,5366.767883577387
8631.066211261166,3289.1873664956083
9474.562978512899,774.7503506667574
1212.7683788862075,9529.125927174016
2358.393287647045,3742.629538378466
6252.25108325077,6448.193486006494
7252.579160349775,8622.527693170638
5123.12136252672,5529.843969022695
3690.3247339847567,7128.542336722713
3060.2493425102507,7846.062198243877
6659.681142775426,3815.4441593190636
7445.614883589383,6287.764230389167
2888.36110462106,2059.583510230627
3259.9580172755027,553.3646484076482
4600.673571192504,9867.25709435328
4502.169829451293,926.0466983399529
8426.546514946063,4287.223881899184
4369.095409522233,674.0530084199104
9784.093450729815,9226.995386417077
3109.633712318206,1091.9118612193502
6928.20806668275,7865.072530881391
7589.362553937489,7157.481407715668
6304.0396756291375,450.4196120749659
3670.4776063149625,7212.686696109226
2574.1525356446914,9693.101595770835
6042.82162540352,5210.069112172671
6586.31186609774,2895.0208974637726
2576.2218636466405,5449.727107185494
3364.8910476456317,1210.0862394110957
8620.629866289783,9559.62197841789
8105.125378205931,3653.313816601538
1837.807984773907,4570.0275352117915
9333.558343997098,4013.9467100786087
6280.328465319246,278.5297037938805
4967.547817282319,343.53422119117295
2008.6454705573697,5623.7155943305615
7301.951730571267,5023.245034885033
9207.951185337819,9864.955411997647
649.4839331566571,2632.3515327949876
5207.446656280565,3684.7765820693844
8771.320504257928,9878.622488060426
9525.228990421434,478.8267522532719
721.3975742788082,6426.350687439173
7910.548298916124,1016.4567783395395
2814.062397341597,9463.987426689775
5415.043535956643,2880.880874493278
7837.324841704867,8140.976422792702
5451.345226768471,9112.56536098573
1100.5991237794876,8470.159118695365
5905.348614721875,5569.02039810611
1178.1090973865837,9734.165750140994
3474.437724362522,6766.055023237646
5582.30986057208,7861.4613407836905
9914.14976918613,2441.210641346818
7269.303155614979,4183.731824066511
3033.0269378816643,5981.868730228177
8765.523561416741,1458.1207164642785
2261.4706417476905,9657.285463356548
3839.918130043648,1097.0759453562418
6470.213156309123,7328.603274343139
4105.614287828832,580.178971880061
7295.7698549653405,1026.4028216660893
6506.072326106562,6233.334845697353
6672.844865780451,4524.827439452917
4202.637467684261,36.43918678104874
551.2992728181388,3936.6591993663114
8727.0726960193,2500.9014846023756
740.2280239352854,8715.844116177044
4640.3452432940685,7080.881752309965
3019.4027441803096,7374.9980367814005
2963.3095031453936,9509.491598501954
2266.2428998167193,7098.596206877117
2716.5274227375603,1605.7153064387785
9553.412919749988,9373.120119181758
9720.528700719573,1131.0768653205282
5709.245582394721,1926.0809548213997
5246.5670821474505,2851.4475099762217
483.6508719621435,1751.0062661037896
8037.354168412573,183.21329643653516
1705.517831268093,4591.560397854375
1425.834105162833,6879.683069316305
4240.709262013737,4212.272353171784
3475.4080552315922,2347.7512097246367
966.365976124135,8829.037832459344
1479.342935050515,3883.007965605498
9923.371202488259,8388.821054747465
7348.256851894444,1784.985846170597
5985.57195692303,3333.815613156008
3036.1648727142788,8035.098476189078
4284.401141382034,304.4647700348413
6279.835953835684,9204.89863244554
7842.795799385297,3965.561237429541
9464.091396024885,9779.818953327194
1226.804537047952,7013.599089045324
1916.416989027514,9493.92618895765
5675.715939780988,662.1023988462227
9384.933596248537,7220.142323935943
4525.4194036408135,8754.627101314518
6339.464681621453,9875.647164263206
2937.2547403558337,334.0400834234591
8117.387690840828,831.4290081826903
6052.611114244326,7316.842640259463
3818.0836022032927,389.2586670049081
5426.21264998927,113.68791220120133
6947.571926250318,5450.716339260521
2135.126722366901,5294.638889593508
3414.4508437211,6135.007332111027
2505.1047634755264,140.83167077778347
9601.5951294083,5032.966858975113
429.6814981566066,2866.8388012554146
564.4120759469829,7560.5986287406395
3557.3617750430362,3482.057533207115
5380.267973571077,3565.9547908413247
3288.9724089048723,6542.337271601735
8569.324155426055,6606.654752319394
1693.834677205186,583.0107953869712
3646.2607471362808,6260.044674344447
4879.507586249641,6578.522701457838
2021.6464632905584,4575.236446018399
2900.903236932787,8278.65218908249
9474.097726578797,91.00092384621283
5202.2705103675435,9683.747387389187
8696.665294693974,3760.2494008747167
2693.6628064889123,5956.983592833533
6123.69495530918,343.25372308431133
7632.448369032626,7089.003214048352
4215.867882230199,5437.006803198467
6247.132022268473,9603.651285246799
8632.194793521121,4225.307004908985
1407.850561535955,7218.731540660962
3547.417570147694,742.2778477058545
8239.037287270467,645.3106520193963
2308.9628339281176,9490.076877905994
5561.143116904122,2533.045881756474
4380.155510472554,9123.949841569332
6648.971149440674,876.233237363766
6680.053460249411,6377.392192216056
5784.812635490596,5515.837792220341
9467.80382794879,9661.784796585014
1753.262763812019,4040.129999096007
8350.8697104092,484.06655652637573
4894.179838725749,4740.78640677159
6618.121294987231,8241.854827611636
2737.4687957029755,524.6539289046303
946.1310303632375,361.9485333075878
7777.060398854621,8217.512755171223
2517.505354447589,8239.751757771961
3902.9304720809378,1999.7894727512567
475.24551693865493,6574.761922830556
6502.0391371002015,642.7199286983421
6874.486447153116,7656.10508650222
9016.594320506303,3051.9667757325988
8910.206192960593,2305.1196121683347
7051.357166639432,6776.436592896512
3221.290573692429,9115.586092578702
3746.262372384828,415.04950321133435
3817.017361646863,1437.3665362605059
1296.322503441998,2557.2921194520404
9472.869606287795,9277.97085212018
8181.644524672112,8771.59157620686
1452.6976238405543,9071.724401179601
9464.63795305265,3783.7232175544045
8432.241152465409,2316.3072235112904
9188.532982333358,1916.6105085742802
2856.4440691171276,8819.530956944394
3355.699391464544,2312.2252252049393
4699.25434544209,5308.390468025177
2242.0066657724847,3317.392830786299
4654.22589018991,4989.354383098174
92.01685575927931,3457.6701837420264
8775.365710046834,2929.4871606636298
1622.9404015201821,4273.230012791755
5008.478289084516,3329.2553671935652
9288.264927282507,8396.913045761978
8209.825426116064,5806.566103482558
7761.2457805232425,1761.6702753944346
6054.456393082496,2359.4569964635216
4362.734858843227,535.5349765574913
4460.373710386337,2996.8863346721673
869.6560300457335,6695.181578741386
647.8595528996367,1829.5836990856362
8434.385189573517,992.0235687545287
4086.5208760136197,3210.153860579491
540.160463774354,6125.222334904881
6630.542741976521,4727.800457740591
6833.024004816355,3321.9026147149834
2274.403581290079,8829.517579338071
4107.195897890684,4685.576975122697
5734.240685373705,4550.466704977024
5962.817654622944,316.5675774542465
5111.154926008104,6393.428315792702
3641.9646107276926,4593.4488450123545
688.2006065058932,1450.771388053902
222.83615235914266,2437.3918200598487
4595.347380785275,2023.637317843371
2029.4266696180152,1220.9822092568234
9384.888453348598,4355.413669987871
6404.170177312416,3632.870549227295
5855.081177172141,3601.2304507586014
4065.5185236159996,2515.2816797829837
3295.252593431073,4364.265335203408
1798.0796589049075,5475.230041977441
601.4308490712494,6115.017717198314
6344.976422059112,2198.2567077430217
7792.004511245395,7278.433955652059
8577.626664278047,270.2907122947895
7243.078314520165,7504.402332993583
8969.508818981987,2829.6760079874307
9828.065114664125,3700.00862358594
9616.679679138893,5807.1133027725855
5922.3028344254235,6104.513937107406
2242.0000325169653,4211.546574694209
1063.5543247432834,9378.989473833017
9939.249981064188,8583.254235431847
3083.9023143555823,2250.3655879178564
339.71059254916725,5889.101939673084
3910.4609640774734,7209.850074065371
7480.997352506704,2169.4358247661585
8907.99986493222,184.50424844707047
4775.638466416495,9756.045404654855
2940.289151227664,9583.484151487399
7784.042014942668,3203.4769186646527
5037.683524910183,2391.148274953937
860.2959119799325,1546.1468783098642
8877.49706381665,6871.457504140642
6558.070466274785,7552.9167176125975
368.1211854684807,4204.023104998903
90.5673904359694,2428.094131819686
877.2157357657873,4487.237827480094
8219.553917712043,5163.593521055133
4813.076914402751,5434.038725926918
3353.011953057039,4433.67454041028
2492.93412375978,37.337484044096534
5068.579840382505,4717.777841621108
830.4022481826856,3472.7188921283823
6171.804600309152,5565.619975449766
3805.2738824457865,693.7858514481699
8584.400328054971,8791.892607217802
7544.268541976422,8754.410151081955
183.6617557402298,5641.154327951006
1664.9806337942907,7371.196710590104
4740.345139509424,4379.0374061456105
6586.802651598134,5902.998442921731
7151.259495960555,6176.74180871306
8162.432629685213,3538.885840913325
492.1861466008559,9608.721732981321
184.83200013226454,6026.036962161995
6005.057333057314,9905.315162192099
7238.269471944546,4323.70768138033
7866.961224411417,323.20767587511676
1557.155845720336,3024.3698303948095
9687.360171685626,6507.877322057219
2294.2908819463482,9103.434978525975
2503.303799508304,6151.642441988126
1542.8903946738826,4717.6366539445535
432.47443056122046,807.4303899653612
8097.241248038805,1447.563915770822
56.43536918647496,534.6937965202181
4637.798619423298,7111.823954476042
919.6718384568436,8310.913992698632
447.9534714555455,1644.3895141832854
9346.569286021691,3252.323451535064
8253.998286228847,4791.076568779701
3948.7625934352277,1427.865390217785
4585.937291336518,4161.913005440768
8681.125590306983,9668.321081521039
7968.369200038399,7191.481778436763
6916.150041289768,1669.3179064972342
5365.653799623251,988.145675806661
6078.224373395642,4451.508864335292
3933.583532945588,9879.511274705681
5280.970244026697,7932.825724336855
5396.977956277829,2931.2341212811266
8648.396142626934,262.80708483499836
2186.540587336295,4112.889206226091
2466.216323145403,1605.3730873695372
2109.3756909151393,1802.8086124385245
5791.677741361125,1622.9815984037177
6951.5771534630285,7196.0765952543725
2385.025308839812,358.4141220934978
6769.6153129257,5647.328670121043
6280.911252296803,7525.208837936496
3210.7817056351705,1564.0912761699178
2298.1884318698376,8929.310116617522
8818.059533308247,781.3442990695385
5696.688696410115,6827.060068527709
7038.992119315535,1719.6446096975615
9253.388201716274,8060.317895996183
2053.9755012575188,5713.9780274620225
3505.5426979127546,5892.058419093156
4344.500552521472,3460.225175455828
2328.945107162901,2832.6273262735713
8404.20539751965,4633.210695654013
834.0310909286064,7577.137723162134
2391.5943183866493,1682.1980756421851
1910.3413639872801,8162.694693772801
9533.91728681884,4798.378987218055
6273.541620862309,4522.13966623579
7162.152100616747,165.98315016412292
1084.2110060894538,1241.9525547079456
1940.10557011984,4319.726685986764
8098.884714046193,9812.984446188486
5677.30858597319,2501.497017789641
451.21524672789735,102.55458087025882
5656.697661183879,4358.4501158609
4753.8543683393245,159.53988070900428
1536.9369877892336,3362.215182416136
5929.408322889786,3540.556902909937
1738.1763141544338,23.531158648324446
8114.501062029988,7795.679570261166
6184.893290413631,9128.515665526105
8713.117199608678,9987.604540059705
4246.662630542845,5087.815959149403
5119.208893813475,3066.1911429315614
7605.844583646414,7174.747362945131
5462.761907023845,7364.628490973799
5719.841867651379,3791.883251142457
5533.389874026542,5655.852862279353
4913.154987390805,8217.705419685777
8056.969911306505,1891.744610463898
4852.116417438311,204.72905939693754
9007.945459192779,5396.965101394487
8086.166460290431,6643.922310823066
6924.400564391175,5749.729990814505
8986.585065603387,5962.44297082845
5370.933109211893,3930.9286574618195
8218.409337238303,6514.947275304827
2418.2303996409705,428.1116378954286
729.7563888537717,1511.8464222723826
6850.006340594159,4448.083550387757
3016.103001431524,9429.880944730392
6346.046657865956,6444.919522528707
773.9434543932977,3552.7850779152313
9556.477493992006,4579.592211370873
5151.146777274385,8456.34424725747
95.26254853012173,5424.696710162309
4760.768821633795,478.66856273752757
7897.208366670241,4168.6577784665105
8652.1907730385,3880.2982197504143
4612.614264724577,8998.897832194947
1259.3650123641899,3054.1188461548863
9061.699446370058,646.9320379844002
9811.703923342078,3548.2126267483472
631.9390956724702,438.97605797650783
780.6780663417389,8322.913276707483
5655.944747088144,5902.068974170374
5339.00448836999,4693.76206576996
5886.546577778373,3598.4503973625524
3171.126145005142,4176.567543291999
503.4307322575493,7878.410240108533
5803.511433536705,1800.147499804099
1514.4556989658108,714.3876271162342
3412.5911297588987,5617.249804241996
5824.491773068561,8589.062141644547
2084.8656283312985,5622.3679245650355
5424.627450712492,7961.550330680192
7147.181730546341,8927.590896981645
657.8039441960715,768.8785043688918
6194.723345024474,5891.801647853849
5094.343075018747,8327.571101561905
974.433844437983,6435.39812113404
7063.453101758289,5915.386471921375
3108.897252979669,7880.75679284169
1822.968927776999,7072.640099502862
2824.5538064519105,5016.228097317308
5462.002726488859,440.3339053753663
5800.562676732123,6133.370972772673
1696.5150476491353,2131.7522333149464
9366.367097278253,2540.863737280049
3289.4360729299055,6795.439504906318
2682.9064790117786,4530.949986132591
1867.2281101990907,7167.799314629172
1205.2718300708698,3925.5879761127376
9820.819156455857,8700.316703892286
6747.239546712906,4270.683092036876
7870.307316347589,4938.234043003486
4014.869917372864,1262.7012816418026
4146.1088136136195,5035.65059222824
9868.917208734803,2398.0028297552944
2006.9025003065144,7629.808228124233
3269.3246441481374,7140.44575319865
1951.6154002625408,158.43161105754123
2826.240192843793,4938.121244689977
6635.741907377679,453.9400139620675
3089.16862951365,5692.811633763316
8755.230480151471,9016.389268800847
486.505485655615,8671.688744004292
3547.211988754729,2438.1509024395896
8607.070069995583,1401.1381521896105
6213.783730602908,7910.644755814645
7709.605212928552,5461.8275215141975
3236.4599214671066,4238.2920725942195
3693.0483568308923,8104.976694338756
8882.288441939278,2525.1150695088963
7495.7818923648765,2246.083421688713
3842.606095113792,6119.318907481801
2153.5824558722893,2725.851948325675
1062.8998123356248,4267.901981811959
8618.279728579073,4548.145557328525
6976.481544050589,2050.237788905833
6073.421235109044,616.847375733478
7765.8783429901305,7666.780141657001
9149.894257153359,7835.8739464655355
7615.892597741369,5983.695770328092
4206.59338719431,1486.0955807774367
1764.70217409762,4762.132305904973
7138.241789040877,1778.99364552505
2467.213432646994,8812.734570668354
7826.133699326212,6972.886220785199
3387.30593157461,313.7657482882161
1567.7193311953852,16.65909225173179
2546.4705464974845,9837.609182338907
2666.3822266329075,398.4690015514114
3788.012372368461,8658.597302506041
2572.9041387322914,9558.156276216285
2255.5749894089017,3081.0370726852652
3917.4888868249504,5401.365602942936
8681.002094114105,6474.081663475387
704.5584691385553,5204.268193995101
2962.4028429205373,2135.0416418841933
5623.084117857269,5812.345442416193
8744.802929169717,2586.7084332129884
2841.318199895343,1650.223247067173
3487.4242254532405,5055.240602109554
7979.507023311832,3719.9882567774202
3725.1767242660794,274.0973470573527
8515.537980468805,9496.777728093208
4552.709092970343,395.56616385507226
5690.965876766735,9029.558244539954
5608.809663054261,1897.3631205286124
1193.0617139967114,1418.623229047814
3549.4253632093455,691.6395364742945
2415.854177388875,4257.047321655504
6830.212411106327,5868.624755723052
9336.468368703256,9037.345839877138
2124.196542975263,7837.485317670127
912.6063066768176,1596.2363328238416
5065.907279755346,1677.2587093897816
3908.3682287993915,81.60367091760267
357.1771522036182,6878.215294059863
9216.21641040482,174.79266958108974
9401.506684729648,1385.4843921066783
8504.128681883814,6345.488221306782
2805.196091033252,1502.682740836826
1224.2794567812375,1532.1673943268943
5924.944222023542,2340.0313908217195
2815.135911376757,3852.6081225993657
2017.1783947069866,78.66097647366344
6413.047735761762,7460.624042352662
7503.783823580129,7738.237442327241
5272.826123309035,3667.442297286253
3199.9410595987797,7981.238127770834
5125.209674729484,2847.7163021520914
5997.359733209513,9856.934548363228
518.8833519486479,3977.3224007918607
4438.137279964408,6688.16531929192
5983.306674821662,3224.4600109763355
1294.849828969602,4508.308486811748
4488.3626317184735,6450.843531677652
3467.2855122905967,3475.2502962615063
8678.84868398304,6565.923218786936
4893.8601176911925,1460.14795372031
4262.756331419209,4837.525513048696
2438.815718611724,2728.591311741957
9574.709273839895,9200.283938386656
9611.60953139787,8247.036896424663
3667.5489118905125,4874.1956242882125
9290.402180148234,4537.500639939132
6186.00978522163,8339.892036014739
7810.471426555584,6904.501228935272
898.4649051900284,6833.206024454988
213.09897500616626,5482.545218444469
5140.7762324659825,8623.595242257663
759.0817324275112,1894.9959493668543
8917.001543549039,8618.861170607073
8201.524524432405,5207.41143700795
7148.332777478658,6213.274928666105
313.96510359131935,9624.21350606836
4583.3450628298,4245.032701121223
780.9094050021558,6680.320568584354
9286.424463511059,5221.300324669672
6126.1857274650765,9316.05823820955
1565.322730447951,4876.455447401472
5606.091839394738,2561.319508231793
1185.3289973550106,4827.330653642176
1456.7675148389592,9167.574751499365
809.5591205012464,5007.145834570635
8717.293720894115,1461.4119673729797
5456.805235959856,5416.075535156972
3279.0402239450877,3875.9928118672515
6.778299141398936,6497.740277169066
4720.249760908304,2413.520189704854
5127.733236952108,3222.932448378215
3365.6620009097405,5165.75161374214
4843.247790430802,1182.8140090967065
1007.228130873784,2105.0546185953813
9220.616020411688,8013.413180737076
2583.405694247075,9392.194729372464
9484.981161805646,9695.3523810071
4928.788113692104,9372.616577444067
8567.249588557628,9420.192876531324
5772.051991687171,8210.924184739573
8444.157267299606,7356.1457455622285
101.38324698221068,2318.3871368156197
1864.747165047308,4417.302050230397
3539.0485825031637,3979.6570022540136
2961.3384284348585,7303.435022707628
9467.304401090314,4753.863577624452
3946.7063585971405,3601.7362157094126
9721.127831488819,8140.749592951195
6510.149186742452,7499.0638824726775
8355.51072760184,3688.1721055931316
3938.553327554717,4193.207475286359
1900.7634733507616,8931.881848645973
504.576488010714,7326.785248894756
6564.051057155448,6899.825838265069
9717.995497387647,7117.036429285104
1182.5708641100007,1023.0277593010339
7717.542177556601,5635.015135272077
3646.1250328422825,2910.010882159817
9934.629570176528,848.3285673064489
8700.362574571136,7310.670662535008
2307.6702946093296,3043.3537293856148
7657.565213240897,3100.5837104695565
7342.298630402508,6398.554355879358
7634.136529918375,6662.631772901883
828.2295079168267,4740.646638726518
8094.164267636755,5564.67582644458
2614.3256812724426,8488.872645127667
5904.226684340508,1070.802679145455
1154.0296194053258,653.504859730194
5581.247009752305,6562.448621712103
9064.178615012539,6038.108398296545
1771.7520126220477,1859.234251060503
8550.420830914902,5218.988004767541
4354.454191694467,7456.678569049936
3223.3085672451302,7317.058821819324
570.9797544534856,5957.230561988401
5285.103395469107,1304.4738028771142
1999.382102728947,3040.071369546883
9401.00349382989,4057.8218646853825
2381.422831733364,7882.529221003044
5867.856042097589,5438.09445232993
5585.370494569829,7331.999485462749
3368.221863596037,9235.09546583321
8520.643659599536,6239.231838106699
1832.4411521840334,2371.470800190376
8170.589223634116,1395.808565339175
2074.7902564917754,5.427022485000599
390.98622498958457,1756.283207792051
9438.514746382149,2692.1148327390256
6372.984080568988,2697.7943899171496
6304.789124362017,6670.8193423866005
2650.4527585124806,1502.3927688224903
1391.7028290496037,4354.569048709973
7060.607041839153,49.0802806740831
5187.391326172515,2611.615646819708
3179.0918471864616,410.54542241482307
3167.87599674309,7095.597133146874
