x,y
9313.253918558736,3202.1989322050536
8639.78912035158,6791.050960828579
777.9580283737819,9055.17069078062
6696.165546786775,6307.466773614522
5642.623837082357,8013.407832689489
2463.057853307077,2751.8361820200853
4632.5895285570505,3341.2050311756625
6654.751120939082,4700.258973568593
4037.647645767153,1904.0420550845538
7895.482583994156,6432.445967196957
3810.3418225290898,4167.900104618599
5986.630968429133,5194.538912228943
1893.5363532176964,7859.291107234021
6186.964654588797,3814.212710638368
4109.234715162255,8513.851824348252
6674.28561166794,4638.3848659195955
9182.452445678218,8195.347019480252
6556.067518657442,1584.6212388527592
2593.993721254473,1352.985294471184
7174.336464510887,806.8222764428557
5513.566611195434,8117.633562494102
9765.58796050819,5679.4464529112265
4175.904011501999,2668.7549482919017
3379.804348359773,3790.371751518963
6995.7644753172535,1542.1131088211482
998.9470152065438,9106.473558298027
9857.890903496416,2186.8231282141537
238.8499691684276,6061.271873525769
3392.335017909437,7120.851194924692
3599.2402262624355,3539.075053779299
5641.309269115957,2921.6091757758754
6541.543508642121,5236.038299332487
2746.9853560750357,8711.230502074328
4523.295244519195,4603.451331713822
3299.027408519567,4290.8848730976215
8194.674500751176,712.1145215631641
3003.787115404761,4839.494270726978
4009.523491059459,6221.2716833736595
2315.009838459828,7330.692244786174
7582.991882226283,6685.990636344761
8841.387027705565,4349.501977548817
9903.645591051334,7236.5821359915535
6172.107329219731,779.6837913788124
4583.361960005885,9587.002997072485
8272.054639187994,1352.067861961772
4303.423486920298,5701.961435901409
6172.871876243239,1392.5865592661435
521.7746451957838,9313.366551981735
852.9060290993806,1390.3372864809405
4856.1910603083015,5170.089418173579
5248.279918252534,2776.934097371808
2121.052448838897,7860.812344600292
9004.309210732301,691.7828973397866
5418.469424267633,9452.811251418041
5565.318855910869,1579.3063854224142
7014.534813369786,6749.277730201844
8934.512951963467,287.40686927212766
7857.718900316017,1811.0649079607333
7902.715957960873,7116.5662543225435
3262.8380605956677,8242.317416253392
1078.3280234257354,5308.577689232296
6112.930618756623,4749.88344577579
1971.272227612919,4324.425404442661
2903.297508271031,1498.302745818213
5639.474328267865,4707.729272450661
3027.4170169044023,5781.758598326674
9042.186034153166,2241.928283634517
6155.079665943201,5842.195320214371
3521.860258767726,956.7157339728283
7803.020786059173,857.5013786757557
884.5665648232015,959.4987392573584
9520.39957998644,9066.902645013293
2879.6542351789344,8130.44571982152
74.29751571375043,1024.488421658354
8400.922371557534,9276.415439531394
9173.338144451125,8924.040274333427
7374.679532516352,1251.168006443284
5312.8115816240825,9428.16410166601
4421.9993900182235,5921.7520999057615
4271.9319918576,4961.623496289758
3358.014508529865,5888.602958781588
1308.2730285640532,3148.644312467823
7109.010518422061,8940.225428793354
4565.65054076984,7821.305258349377
4003.1836070346717,2032.3433609990893
589.9047411728886,7383.735254630558
5786.426103628827,7583.189432984218
9948.286477470128,6282.663134495624
5704.128312713551,5359.3546130470095
6357.822267600972,5515.222337970476
6769.405655373459,1277.5037475315964
6320.742601811757,1092.8439334720108
8913.558436773708,1788.0856017648582
5448.502863836048,5373.659305452916
1190.4392975752398,5701.518448394676
5982.516648109247,984.8714999076547
8611.356294568688,2998.003661414866
1743.8820000635592,9697.61565428576
6396.385697031273,3173.240139435437
6138.876273248558,7074.523791923565
6906.6727036308985,451.527348021602
4586.318974439001,3296.4813888345357
3872.087948712978,3130.3723777786586
9325.381349318812,3914.4142809468717
5571.179557796701,2077.362664599828
9814.044996228844,9657.989962536732
3823.108524259413,2456.6086333394787
1714.5346953586782,3343.8334287030148
3440.462233633833,4493.050700158013
9374.922042312479,1390.649688156278
4380.075856010187,5649.61263206445
75.5839987425344,3606.541083231254
1728.8960454871149,8442.462600299408
3424.124519888658,1960.353119024184
5481.666867394694,3487.046361044063
3750.245925807174,5262.9194143278055
7484.5012553857505,4747.620178875444
7334.05117612391,2184.966432855173
5190.380406303995,4322.8129702179895
3386.1923261096917,5300.11698587919
7628.585922891435,585.3410166758622
62.75326990229701,6137.7252600826205
1688.0566868913027,8699.952857255048
9331.959744044801,8051.162169898206
713.7194628470501,710.6369405506108
7646.2618097828035,8657.11506294117
9551.712084908719,5518.948911382515
9806.284979026143,1104.194845688724
627.1797413039537,9778.414294778226
385.22723943048675,469.76674112600756
1758.932631343273,3168.84516696074
4000.8673085661894,1925.380891797045
9937.338680163666,6383.816287119165
7593.017245816422,2059.223951686876
6338.470542412263,3001.657176507163
4886.806193247043,8095.893492072815
4679.756949937432,4609.7398138790395
4114.071947931685,891.3779359973006
7186.628891194684,2152.9999150105127
6517.151037506323,5132.477128466672
7730.943246283699,4042.450476662397
1847.535706902984,6763.251500912598
5649.597050223043,8560.389482549137
2389.239624198343,5302.761745029745
3815.1006771772954,8044.382647159968
5639.872718104193,3981.6064590904743
7720.11423493254,565.2825604024158
6388.365786711868,2538.2682352974707
9841.678924128622,6660.4526704914315
6168.9082737937915,2705.436163343927
9531.183267540828,9125.002585622762
8266.895190358106,2655.2136792137017
8671.125069624059,3076.8356531357554
9806.98872664733,7547.174017704456
1470.4610225949755,6880.529828707517
7787.131418556652,2018.7682750834213
2879.1684410725647,8543.694564722104
8917.741801143791,206.8891496645464
5061.791830161552,1541.744810059037
2062.2136073970632,3112.2381092363894
383.0165921872175,9424.846141836639
4970.141232082781,4239.088795117261
5203.039404718388,8542.115914748223
9673.114583384802,5701.171887073902
8256.71546775832,8228.863081019277
9252.752806737282,1284.7023844661899
948.4183424950221,6239.4929872795055
7303.910746613268,6697.912100204292
5350.2590874387615,7895.003765785653
6783.170821575595,2471.9793183609218
4245.324130629092,9534.966945538232
225.08926462332823,4888.31924491244
9119.251291427718,6352.438902409284
6527.913307054235,7827.221214965295
4229.1260727973095,5188.289564343559
5545.163942662514,3754.455289951225
5107.196049683202,9227.605457726717
4142.439540709833,1255.987657332741
4521.038501683458,1103.4397339672453
5802.26124204266,2289.5937306869805
3631.380258147455,9652.783090340516
432.54558000352716,5776.7751771556705
6856.940544385413,4318.449318436004
9709.782709603178,505.5282067321043
3761.002217274545,4886.168186274985
9332.114995994902,9241.2340245215
7369.839769372703,9466.145220026629
3221.6972693053126,4737.3990558476635
7043.445849495668,6952.542660086571
2729.8342230386206,5046.6407681691935
8803.457202514175,1951.9758183593926
7815.374937702154,6924.098351333634
3119.1002263859523,2224.8175434361306
4259.233415374768,7182.834372823983
9098.13279555695,1597.9969868046428
8568.415304152499,3038.230746403305
5919.806063565826,5019.842696624935
7315.873898135839,2755.6486214156794
4949.994242057497,4568.76743454812
4167.646193799932,1565.0517101769956
2823.4287944510406,4661.656895161339
4129.790404626269,604.2133059435495
868.2080815780336,5330.49996179802
6565.6167243717055,2813.916033439796
6868.082235900062,1390.8535339031357
132.04319180389444,53.72704902151915
841.9192311020862,7807.54200179002
2946.8652418300558,4483.680929954598
1758.6975795868186,6047.464679622525
1430.5345247609546,4664.67848225627
2980.3656540619263,6787.441047921427
5849.640530397361,2921.0400264754667
3602.8356074292133,1207.979541961638
824.4247499997292,5343.700211489816
7612.685333999858,2807.909318883025
8568.766408014028,9851.20210666281
2631.8301169666956,459.1316677832025
8363.009617713024,9445.57464673764
5442.657965872254,9851.477428120517
1320.5564926201018,2495.5029251566007
3941.5626628046916,55.823470441925814
3830.6947925237555,1410.7690749586388
6752.0144714659355,2341.370159393268
8410.557283568885,8015.382362517938
9358.151755372863,5343.758671826844
4901.965167469891,6313.145607990606
4922.16866758102,5304.2142437601615
572.2827322108748,5655.5191956821845
6354.173451396933,8598.558183958343
217.56226030346437,7136.209308640461
1849.9246323620255,7363.818240446879
911.3084385109327,6366.380664245968
9536.069157927872,1222.3313334250497
1685.9811810121562,7428.494909319422
6175.353761751754,4929.2311167288635
6083.870061757636,7950.482743684229
8629.817524295218,5093.120877412678
3183.953265515168,175.05943894814857
371.7876603784243,1623.592568589406
5758.752869115687,2876.4384021872324
2140.6728588917545,9541.832595873633
7649.916484070114,2066.117038961798
4358.395304096026,1007.5649083725602
588.5942830455515,4794.087286005097
3006.002609560168,3623.153839781763
1474.2746858810585,1839.1848347796658
630.2828484586942,1022.9607402538676
2218.603762883937,3837.444135523345
7734.32361979708,6474.238607446775
5032.356490735165,4972.304242956576
904.9236391959225,1866.2132123423914
3496.972072435709,2135.895948988139
6753.2136230412025,9447.334935081772
8899.556124729577,9107.587624384198
4401.438205364342,5550.717451730717
1499.326378977378,4629.770939034797
1657.419815742507,4331.63072860244
2091.3790634954553,795.6927921669032
3795.350454016816,36.22624038252753
4787.484433326717,8277.327154059743
4388.623231606254,4571.015108323837
4849.224880610126,7170.02975205429
3958.5238197839844,9443.648234515435
5083.631207084498,9592.93363125385
6561.240717099021,5698.00074337472
4673.679319642907,5116.602294196286
186.90071170955113,6800.835215306284
1688.8716029358998,6187.6733005941005
8400.043720054657,532.6416364750208
4446.311850595304,8283.29146652298
4532.901733475402,6562.384257102025
6654.061388258861,4792.231415763711
2206.2639348622224,546.5039477515676
8802.897652939595,2628.83390208673
5970.901593513843,3586.1515920940114
2589.242222933722,7877.926904228954
3503.1560539991415,4453.883331837671
2966.4917943065316,174.18913238144484
8585.611763867058,2125.1489975623126
2351.531960486948,2816.8143988191873
9016.289979909294,418.803075073606
9547.613438956365,4762.495565448567
8433.532413558984,9690.622830789374
8039.4961359510435,6742.427512162084
4256.681551243473,2669.866937095382
732.8007776728218,6116.298656578652
4372.101721327942,8428.340661867218
4311.946357444735,9230.614411816132
4870.131565692865,4192.108259719269
7328.583013219833,4607.414539413718
8941.090204106407,119.0795673447309
3091.703885377645,1517.5678684804461
7567.183113477528,9382.394221285516
4997.083622043063,1959.666560363734
9670.154357448995,6850.127816124801
8022.851550926445,6040.606955996241
7954.208138148375,7469.758037679255
2549.941551068691,602.5547470164239
5152.693753313238,6770.299335306913
708.999442253323,8835.17346159312
8609.025718513158,8933.109206938363
1851.6214760849014,5984.494324142319
8033.22079368711,1468.5265617246191
1010.2539313368752,7340.910201517507
1470.32252015736,1378.4836564128188
1404.4180263193007,3630.9118242483064
9502.288079676042,4677.082127266112
2898.8564991687063,4807.661698493909
4838.531409132342,1754.260227986829
500.4979972199386,4345.790388643734
7735.408232357152,2514.61681651985
9878.198571078923,4166.3410086651365
7586.958999811003,1175.3911539233663
8002.859339869182,2413.524412966451
4734.627554390079,7477.092440239922
7048.972073824011,8968.663601804936
1722.7553011168884,2845.4346170637114
7570.045952311959,8338.814488332288
9407.487518008944,1365.2920776053622
8326.871512801396,8140.9630542615105
2453.5859138335136,6640.617900153221
657.2013401982401,6185.633570729394
4323.33814919935,8743.483435941547
7371.2709002866095,6118.987952357048
890.8978408635614,8035.439307478246
7088.837330021327,2037.6884493784153
3666.6057866091737,7851.455431589054
5500.3778099236815,2013.7618176392214
7104.436082872556,7628.873221412745
6834.554070792995,7656.494864829295
2047.9469835960706,662.1519865423476
4516.654061226522,442.8247409922437
4918.4992424548345,5488.224164310692
8560.35800031919,8250.397485261139
1242.2110495827633,2321.9782460365136
5063.7126059154925,2246.132413126657
9888.218456765293,6527.836722859766
2432.844726293487,3631.337456019519
948.5464646174579,8942.684540754073
6683.17150505685,7117.175590290399
4970.310220845145,5830.229449052417
5905.124403280085,5311.751820694135
3887.268036158872,6105.756705327143
5008.044487405458,8014.596064352419
8446.816985217043,5953.109178278739
1701.1151005717472,231.86584063789263
8351.148337717705,1655.1838089302007
3076.317057547453,3792.4149587170996
1643.8563134359806,9193.068252654186
8849.207294264936,5633.930842051942
300.4130791270521,1928.9183961440037
4899.172526864652,6760.471090276316
8969.54759673402,8610.450851978076
2070.840319832098,1270.0500745204336
5758.180643567129,9806.178371661072
2284.044614738343,671.6448674931064
6495.569067613653,2979.3205457667937
8383.519255200095,1359.743206142291
2888.351681323752,1449.5005489333346
9705.222250779483,3137.0924953207623
5834.621108355416,8559.660801115633
5617.813688006973,4278.324594107
7251.113929696302,6821.368340987477
2620.134310703047,9460.371098436013
5828.68866846913,2284.135933959609
7675.011243453056,272.96289398125896
5100.817408048138,1739.8832641806216
9846.73516401841,1223.3261618045133
3363.6688641444466,7241.083211848115
2671.942011844659,1678.2892968797069
8234.320183274564,3387.374674999446
6678.689321610454,6592.857304969399
4912.844824769197,8872.891443470317
3068.0008934878088,7608.20877256717
6642.179153649877,6470.839284003837
5807.020711409279,401.56220404340195
7633.717223158796,8387.37771570249
3495.081568161915,2811.000527620278
8080.519491786858,8344.238781638194
1282.927211672117,359.79479411834546
8875.22821183037,7602.738100128144
272.41294276607266,8307.058193842033
7102.370764923542,1723.8635042995786
3960.965547606953,1129.0178824298557
8051.38528492048,4185.825108029955
1452.2840964408156,8319.161588095561
4710.123355740881,7661.326552870342
9421.232701372153,5233.770463270704
8399.22039564471,5786.334114638005
2283.4260252593285,9403.396302236188
2170.1269102903075,4402.342884324226
5619.508482759338,5396.5370952664625
8185.547540955861,1209.746574978713
3105.8545881312816,7139.720533933891
3075.1923130243963,768.6706826628231
7043.7476143836575,4030.696263676412
1883.8081017523978,9979.916470213819
5891.429906848589,389.8087413998319
8967.851843530052,7661.976265163423
2395.4334160760927,7036.7761372330015
6091.94859948602,1068.6551944031685
2310.779727752735,3592.518324915058
6051.65527887296,764.2784941121972
7037.644379806156,6674.750685887881
4475.623965858402,6704.904065962888
502.40789981727653,7658.720697787632
4288.647334161448,6814.07391331709
8260.837510886962,6039.082690453075
5464.543272542489,7925.8994216976935
5661.826716026366,7346.822086926106
8492.000683953063,4875.686272807636
8507.581704835966,9090.781275660944
5609.773902589828,5669.6564822760865
758.5533911212794,8606.408094837047
8485.399522924934,6044.135514633809
3588.5956074471915,2498.4584270900546
6287.248522179283,1421.3709909262695
6232.6542311972935,8505.707978904407
8707.356353559579,1871.379698445217
3491.5493990809045,8132.541615182544
8388.093458896006,7404.641826820959
9209.392233353827,3319.129433799167
4869.0532069661695,6027.665019032301
8502.18983189582,1120.2117729545823
3676.882296323333,9030.038143589316
3530.075005049603,5855.266640360299
6859.626242606143,1051.7669128092343
345.4880899662238,9304.595763410147
2532.6466533101975,9686.68163916567
1677.3903021660785,1139.1768438605366
8075.948372077606,1960.2032847722717
3427.02324994307,402.4395278890658
499.32603618610403,6206.774993974271
4609.573501231913,6779.709060183101
9668.330260298693,8096.847751741896
9678.454944317007,9391.920857916697
2119.602402555222,3565.34787274396
7323.527954558113,8985.625065695695
6957.718227932215,1517.0842884663693
169.35392115249525,8069.920648745833
3941.6636597343813,954.939675161669
2452.2272343355867,2685.146366340665
5868.4032825145505,5963.29878469172
4761.933966440155,2107.9899048449115
8535.58702483504,7393.545343198991
5020.065519168998,7020.247303431355
5451.4598627924925,4777.606934792081
1576.6904342576372,8400.929985907424
9442.331577564295,9228.311060980106
2557.229902256244,539.5327198690081
2687.6820600370465,5792.699279864022
3230.9448546697417,4668.3382761716275
7740.488445764105,4334.747088889911
7199.736232486751,6071.909166410781
7281.926160597637,9943.832387525876
2445.995904723638,4540.6597604559975
1525.1358408090387,4398.912548049714
784.8358660224563,6730.090236202091
9525.845249989405,9489.860865837014
1163.1259582946552,1628.4641111552733
9095.177064938198,4034.679083859645
1579.4441973083306,7997.558053711013
4006.3254301629336,5040.431534214838
8892.744191833262,2634.482893137432
441.7891584867817,5820.192016675644
6139.744181320023,2804.8069368675
1986.3014795576862,3415.5422033358295
541.4697916658417,9865.937433247405
2610.7222125600815,2441.862930538771
8670.96587388524,4075.8694911667603
8143.014511549789,8671.371914080039
946.8171565966466,3489.30109186799
3013.4780727679477,2731.5304086334545
2660.3107003774417,9179.764512279491
3995.6519647362074,9437.974754513041
4624.034436664069,1506.746784266868
2889.1249572301667,5208.641100534659
5572.438049966024,3212.995887522242
22.09459050703466,2650.9292018570495
9753.757892511054,1559.29617060671
3947.174640443535,4344.726884772674
7289.543893043775,6766.76284482001
727.1437668822589,1923.9099978943907
6408.743676287651,1082.5572868573074
1832.8604116165682,4708.83886953637
3317.4350313975456,9875.934286454463
9185.917916048413,1889.5217718018341
7379.307610790333,668.5719900460397
1200.9729150041337,8545.908062943012
5729.752414596874,6375.6875745227835
6839.083316611322,7132.374128531793
6632.594804840238,8261.966375578884
583.2020700645513,2234.1011653846267
2682.380295785105,727.851218226545
9509.820822122843,3519.0511744095343
3296.5088093795302,6152.092601175302
8286.308496292926,8164.962870314798
2148.222051311978,2581.5806348627425
5341.846747401272,3604.8595147278793
2865.6935962095145,3908.748375958514
1608.718847044095,5577.724524300468
4230.497057942287,9376.11047452021
5234.548734449903,9706.238377738622
4522.859254041932,9356.626684436427
7766.199859000207,5984.7672769631545
3585.344162710571,4776.26768382571
5568.8038788161375,3171.1946683109195
7367.515777193808,9862.876779547641
567.5967829222617,7654.213995059445
9158.845442017217,6611.774366546758
2431.1301256802653,2751.051463892036
2722.1888854071794,1867.6376478178458
6369.788512044104,1146.9562719092364
290.309333493266,2828.020771681037
2019.5172654551864,3007.742900084832
9892.358842986729,9252.421465492764
8825.63401901975,4678.340920548988
4144.474782698454,5565.856460001073
1690.1118834293827,2629.074554581432
7487.954244521148,9312.955635053848
4441.21953166037,7242.249113880399
7790.9018208860525,6936.762272329646
8804.810636803666,1503.7329844139658
3040.023765366953,6310.148926181722
91.010442476962,7725.144568265605
977.4163976419426,7730.020748068481
2948.714971608165,3642.478935878506
5330.296313505762,2403.3246696067667
1299.337159481163,8160.107490726436
933.6120462254149,6375.638148897507
4243.073814865903,6376.653327692569
9452.255263517292,7667.028857079405
6705.972290554695,2313.0801069012896
6406.493510282569,4342.771126188937
1683.6782203461653,4650.973367482402
4218.261944763367,4386.366717690418
8971.634041174173,6928.430514206245
6469.6853494572815,7116.304574366434
7558.125737199383,763.5380013199722
6620.584918673165,3889.83720736369
3755.448324673769,1786.7196591943257
589.0867777060238,6425.497986535021
9387.087885555811,1029.9124007236826
3954.0821305882546,571.6082150774349
5048.989469878924,2434.5358296528407
9656.35296737531,8823.837737764161
6187.277210454796,3106.9183086975636
1320.16903564646,9946.57224327914
1223.2971273716953,7008.871040838428
9627.639633683582,1951.688614873499
80.17139926649986,7247.946026470496
8342.59183590872,6790.697175270741
1566.1665794378675,7592.374553936916
5764.114269955582,8459.001586398388
4066.0655527421018,4728.24895159732
773.4019671535508,2769.2943731977048
9292.692255274409,969.1856020877588
76.44184389755004,2136.2912796597066
2641.84961410476,6249.829087159316
9272.354996785152,1670.9096206710994
2565.1387924081437,2947.787295875343
2119.9466094653,1994.1782720650792
2423.5735474730413,1206.8414011203954
6656.819435982725,5560.950955653254
5279.957621844687,2647.303982745357
8688.589526015969,6822.6208572455125
9060.863637534534,2481.259104566402
689.8439521222832,6874.648626668834
1811.5247186439365,5493.766080555131
5622.9128884458705,5462.000403229857
5734.687982102348,8991.887495252928
9082.293401007246,3740.6938319962023
6422.344516391104,9775.060230389758
6435.318851783649,7189.255189426228
7885.542588843755,1574.7794241392844
4572.46421265937,3264.9278157861186
9101.349494280112,5097.512770419958
4148.083663556933,5848.540708379068
4147.819919890395,8144.757691770388
9300.78226752402,3439.3411124836593
51.08502306990337,9058.693273186915
7199.224872371345,6906.078962837878
2607.940497548774,3998.2039167006224
6175.924619172307,9138.700071329631
274.61718666457745,6258.052981534337
9174.458223801928,7037.883759937849
7649.687472079817,4336.39810303014
9080.5237927145,8880.302903126143
3147.0052524377124,8892.673530922297
4159.855161373939,711.776526388056
4143.608256167559,6818.897619328136
6436.870368129453,5980.785919454519
7757.122358776187,5425.856939242788
846.9207509620047,8781.245919372956
2202.890453852727,9919.942158070864
8555.014057253242,3975.208514641715
4618.567546025437,8208.661366308874
7287.2154152691355,9261.922876171511
9432.951781535015,3158.2878891706314
619.295160719131,781.769731959594
4255.674634442368,9020.840396778187
9706.304760281038,6911.28434147635
5967.876154012477,4035.404406403338
7284.0102346269405,3273.733888206426
87.29765291495939,1797.9215204549394
2309.5292815996236,1156.8735372122053
6194.734387826936,7633.815581590291
3006.377616479695,1536.1377714950963
5169.460382117589,153.40357735904144
9914.45203628704,580.7438905617479
6780.838722379579,9773.599863395872
3563.4740511764417,8378.01450588047
4374.193787786228,1588.65128473609
9267.500615493158,3530.092171190068
8822.788079121992,6597.959508699676
5589.726857683747,4609.055954816233
7964.2799857513955,9565.828970832401
1556.9924154226844,9920.628062396998
1420.0353832005596,658.0307318124478
4956.809802388818,9527.731293109839
2198.188026280332,1835.8799762408062
2654.4344116319653,1654.9710167627575
6401.8156267372615,1049.46926049861
6659.716888061174,7288.627670442155
5705.8564682221795,6711.3730782818175
6011.039420879618,8608.542445772759
178.54433345605324,6631.437580727272
9247.394095820924,4700.235777340585
4620.066711851541,5923.131870703068
1712.1257990692673,1818.1131149880957
8163.953630611301,7959.255430909381
9580.247829284344,4567.8283759569495
1511.0274204046136,7716.837681701551
1595.742790443324,6477.864311886214
7989.81427511545,2515.4333208345124
7484.499637283692,6861.16392563442
7162.381370389224,5671.5014084816985
5146.7087485331285,9960.091590295455
9997.806779657283,5190.285041068518
6764.866641630573,9434.226447281993
8372.35988807107,8672.578825302358
4096.549987329388,9269.815739646298
2512.5213981713914,3917.405175488201
7437.231761966769,9129.579892898564
3360.522876819646,9739.259318541393
2924.40761922265,6743.28302242677
7631.070530604103,4299.3435677636235
2312.6315224950176,4691.186032355862
7753.759135015926,3966.1982166540133
4619.695340051444,6066.978179766998
2688.2678339763766,2275.6021256111435
6671.2942730216055,7747.73435310573
5245.237790098771,7550.6887140833105
1958.6867281814368,7034.212010072713
6833.301858624529,6828.991572872972
3740.960099909483,6893.518037634286
1991.466433372625,7125.522774145283
9454.98318260766,5538.316611997796
2891.840998621038,2837.642845426007
5691.558294217805,8056.2409629575895
543.0866017935465,9082.905067064155
5868.450830277564,6886.914828970611
9289.633163329929,6080.472660290012
2519.444379654342,7869.840105908713
6867.427469541395,6904.223474219767
5168.708541001956,8725.930980749345
8877.433922424623,4535.239956442982
1096.4129173175963,4211.30514177892
8751.866061051513,9055.832490788174
9036.564851734433,6441.056621050209
262.35824109270277,3961.5227829898504
508.9332588321094,3257.0805125681613
1547.4463800581862,2940.8127156663577
8138.50011294374,7536.976354592814
7212.545249866104,1291.86115461998
7913.154693028365,8524.183904060405
5744.954136819226,78.85681590590443
2774.1751154956505,9514.289990021689
8434.24321911002,7541.857989235285
5725.981614366923,6289.2887784560735
6136.124912537813,8677.73639637343
1527.4040932192856,7751.074394972614
1909.915589557656,2277.426327363977
6835.095343332538,9958.091242781238
4835.158749978472,7942.384330539941
1829.5800341788515,3049.5120377802177
2513.6772822083753,4943.287204457518
2041.570838556116,6623.305036605326
1632.8985741003964,6757.25231748554
9412.044138058754,8298.657269327203
2859.103283793807,6981.882224534197
5583.006667418753,3545.1746351787037
9196.249303596216,631.360154790146
6187.287963654573,3983.27499177631
4982.129324654944,6695.715874458584
150.4759139338141,2517.675075323722
2244.502222954602,3981.5538732509003
9103.51469134614,6222.1680289001915
4112.987128639177,8520.761337774198
5675.720593128141,7324.716145271381
6888.427630206277,595.0355751877678
1051.431904713056,3696.6177535238166
392.9779239155795,7826.522297856182
1165.0764690723947,6227.792703930933
220.5063342376512,4227.909508246055
5030.374211098223,433.2123166847202
5078.0703608636095,5684.676530731305
711.7452921243228,4613.1207844044675
1901.6336540722689,319.1782439277635
3377.0091998117114,5176.467875462016
236.08572032746133,6952.404305155598
247.94726067926766,8299.368681359152
3827.5193398567476,195.460327102831
9483.553431805121,7144.336609814529
103.54143870012655,3652.9712792268133
6267.683595622304,1244.8226639967875
8759.967412627684,9702.654514638587
9453.273899450463,5073.072278498671
1259.4197370097127,5705.461843245709
7812.226771018178,1989.3416539894527
9785.635998338335,8344.481614551865
7514.81804372265,4406.45818555449
4053.9046267284307,8648.095216446174
7883.118144775744,8583.133788076108
7239.2075616986285,2717.438230718191
8765.950712914051,7408.35447034317
9312.797912850221,671.2250222527749
32.7246055838426,3229.1171463094047
8365.634174346707,1125.0081381274756
80.87999679886826,8032.798404145963
3299.64038998095,3727.437120767918
4166.791684703308,256.4394368434475
9271.165733103488,5720.159334978321
8175.908196018582,5807.578621963463
6958.099287788313,9890.738629913638
984.2806726513087,1002.2614182958056
791.635879071737,5039.393263064396
2725.3039660667455,6107.914470022758
6417.19425969416,4040.7286021860923
5933.392296997841,7291.657973022917
6331.517480427547,3170.573014297755
4045.964575142803,2189.594233594043
8297.152393019607,4710.685712584387
2090.869081755361,3505.5353983600203
8156.169620184168,288.4000751863125
2042.8733018993285,4135.011748423246
7094.341766716152,3052.7656829859807
2222.6595394409633,1032.2096811680003
8352.145153126321,2155.8628981793927
2291.4168460542173,5407.079471175505
6045.073772811428,1389.0162571731014
4210.696483801343,1452.638121645734
9342.476121508711,5225.183932425621
6070.384045550317,4668.519048238188
4061.3257361875644,8385.625674378285
3435.8332636866608,4128.158945772547
7803.728340161945,5015.854058525163
2218.7593164422547,5013.44847964643
1121.541626847977,4262.431995141403
3635.620910764845,6298.5170341721305
4206.026514492789,7617.149526468083
2985.763330188472,9376.414009100274
9767.077073208633,9129.199162279516
3031.9624354243756,5585.865100643732
4081.325363308598,5358.064342205564
6307.474889047976,6574.975928975407
6066.303615471204,3934.092799319072
4397.143580753028,9449.451524430693
6534.313731501356,3166.113425519008
3344.9407315847757,3234.5222330737465
7041.958999156579,8516.936309035082
3477.199836961894,377.9603803791265
56.73059392843904,6279.967545028504
3769.6444585462687,9410.35252604378
9546.206310576923,5479.363700186785
3776.6813233685957,9876.265012539321
1997.723327552685,9579.380555296742
5164.061315199278,331.5405114801395
6691.167910503406,2155.93789820259
9115.302147535764,6764.721275111503
5922.037562561279,8303.43214913445
5065.4791108404215,1412.836466681806
4894.584240236059,7888.975325248396
1379.7697746189262,7692.635927284359
9586.232089446255,1086.910548392841
2400.910865486966,8950.20801362149
8462.750875999292,6235.470627465434
9420.450210124334,4895.358684448238
7748.005967698037,2931.0684410080366
248.92402283918202,8029.255065218705
9443.788993841928,6449.119734069324
6838.668045588491,835.709102472213
3175.539195384751,3557.5283606051876
4817.653875388462,3208.448591595402
2013.9647844793474,4072.304362219369
4059.142573430723,3451.1641243006366
5935.863111839474,6864.101062275588
5420.240567676842,3279.6417845029478
8959.745730770714,5933.522077332245
5176.443386955464,5214.468960453612
1393.512354433497,8020.984363807282
7827.857076598548,4824.1436091366295
9605.640533176302,6828.764100687865
6697.256750155769,7874.4962428770505
9881.768082751365,9416.69710439006
7183.975899141529,1202.214531168061
1109.2746837022082,4495.935097642524
7639.417137745811,5126.260645689628
3916.8197169212635,1666.8106962097218
781.2232173420197,3607.738836024641
4290.521280719958,5911.0991230244545
8027.834435847958,7440.772213235783
5855.862030804956,7209.976518146982
9325.925553337625,7731.19477358755
2770.0427535457475,4020.263009621554
8486.941742009743,5964.041186807253
7644.64685988665,2270.381228901198
6246.266934689075,9485.342129324947
5835.92160332318,5879.553465833078
4751.316939860708,5519.443394434144
253.3338461273782,8268.258048470834
729.1542078758317,8600.993552288572
7318.836417512474,3367.4015539136203
523.7966979621267,8033.596046202732
3049.4512666896244,5595.17766483488
9195.050714081266,47.076663489432626
4408.114464354974,3539.4477934394963
5913.08076233718,3715.8771695364967
3729.1082054290437,1628.561176080544
9064.094800734338,1338.8473492680553
4364.654754484578,5158.969993998157
36.038909814767315,5654.146172085473
7197.4622388785865,2882.4836759844784
9453.430663801008,1217.0564471683188
8814.501532814978,2359.188891601165
6045.87394613729,8675.707462268725
4342.361528273614,6255.199391651547
2463.8922509976815,8921.044048150172
650.4520130391555,3999.2394224342665
4256.03197482683,173.56903843023463
1702.0364662981035,8668.455683722037
7881.105128135642,5627.217833963969
4786.592321560435,9813.071962523876
4453.47222082721,1998.4940131709227
8135.825416443294,809.7465151451522
5476.362147130582,7234.661365256954
91.28206379335535,2214.8501395160115
2135.264937026429,3080.933482459901
3695.7369022126195,8044.410112965913
9021.153794856584,5098.965823710811
8755.792714964457,1835.3919248481666
3379.9230330003506,5494.507867087443
9864.089420893197,9252.28353529753
6048.8528546277485,2489.666594954888
5999.602096693803,5500.316761891285
8668.070076205877,9670.092952065312
9880.287735542992,1151.8346688407232
8865.500465360066,913.5249461342854
5541.1690787945245,2987.76945873089
881.1063003003051,7874.45722399526
8485.055862765617,3053.3970615206294
6888.730511258998,1002.9904856573824
1689.45043211299,6042.068563375301
3312.1928313170824,2195.427328603793
7554.89072691094,9794.972394811273
4127.521007465844,847.2761799985095
6178.646143481416,1149.884405461691
9264.840889456173,173.68402756839708
6593.690043949555,2195.868092343104
7522.364541248114,3636.5571907872372
5517.428525606627,8265.772021287245
7544.116895581299,2290.3750242095743
1213.443667248516,7648.547394629741
1621.4693715231842,7665.217918858231
9425.816843463746,1241.958487482131
9596.958690430725,8516.121490869313
9982.195387033216,8914.45166289997
6901.435796850484,1947.1687720637365
5118.757190465518,5404.649535607403
8600.293336019433,798.4773876009443
3900.360395132755,8246.766057637808
6515.413860787934,3351.832453733823
7377.00308613838,6497.547182654213
5264.730492334517,2611.5873715663483
3501.354322182394,6072.964906848053
1894.8550445591238,2898.658110621184
199.14279187075334,498.5155346791226
6358.639408726551,1031.8876291677725
9160.062813776782,4731.013526156109
9827.837756530093,7269.836724324538
2440.821070263258,4803.746994835041
7300.982462640755,5145.935393429987
4674.46056115269,3308.788250754079
6951.226734479563,2392.3480090060957
6390.916783922134,6639.606957075519
1526.9282580457223,9409.099172013708
6367.903034700106,3916.890069676582
307.2872244225211,2460.881326557864
401.2142164603194,6456.466581279668
7155.837356049597,2047.1580352883368
6227.296337199106,9025.975059682592
3289.978114655545,5141.741748174397
2442.30600700182,9163.869990036592
4654.166430412464,9755.101957971181
2813.1651663338253,9116.191423779353
6096.194913035863,2184.3579519738164
5953.015893718921,4116.789372611629
7956.093073101101,160.07801421836552
4347.411425258469,4478.301579142245
8731.340899337805,4543.667147279181
4282.949751297066,2799.838531575555
6495.389050121937,4796.579513564703
6945.811358425926,3100.7116685678793
2937.616528935105,6626.959715531804
9310.322174121597,2018.3134696979832
4894.005155009366,8830.960383312924
8332.047405918334,6731.781239217931
9431.513366678375,4145.192067873402
4922.194048437835,131.2348722292811
296.0619184055857,3172.0015867528064
9687.781581014078,1777.7155956616787
3891.145941106248,1300.65940966827
6573.87921198351,1436.394813123697
2167.985240785153,1254.8165929635425
5341.137925830144,8908.752425821815
9317.447210937109,6486.007660117814
3125.380343738099,6388.604451958023
8064.0914492361035,1183.4171512620007
9187.658784816205,4752.176979527621
4570.537567157442,3206.0104651179213
5610.257369011958,8208.50298021967
7936.715749164984,6288.957311954981
8244.062797694649,9382.593739842314
5313.455445964809,3365.839098946023
6461.475298359384,7569.636606023987
4526.894603518189,3682.3688822821287
1503.5830534451356,8478.769254106024
6404.335937524001,1896.1810610784792
2263.7932490626176,7805.056371960738
9992.81094182273,5491.438992050478
7362.577783992931,7840.1223739344305
2468.0309806295577,742.3641536208359
407.5547151528591,6708.044179687089
4826.027737481857,1544.895102288829
1435.555505123396,6297.484674614736
3125.489183350484,2110.1221761785073
8297.534579065225,7061.18270434329
1110.2999745618501,41.73609166940317
693.0106289909066,9392.413947493096
2229.187212172331,818.0658864951762
4399.370651564145,6774.73494716386
3430.3315205405847,4555.625436650556
4579.485621171543,6221.166013604671
6964.615897587866,3475.4431649659846
6175.354663995853,1208.9938254198628
3057.9821310314824,8088.166241427904
7517.3006424785135,7585.922473357682
7412.347173034532,7220.9551493083045
6860.79269577508,9368.819945292402
7694.211439525616,7621.210034952779
2723.9523495164754,6330.303107229657
618.5341800547817,368.56208690712936
4844.580494670218,2494.495948174885
6526.940974752173,6874.176125686653
3932.1327884634616,6789.796199809214
8412.596865207905,7965.211764815867
192.12037370411883,6912.472608459076
9909.04609748956,2366.2171701667003
3272.87895834656,2709.5966272040996
1834.5736407840695,3235.1232318512566
5584.936062350536,7004.949970656089
6415.98271195845,6177.869142152937
8176.772377794766,3301.2953426276968
4486.561592473922,1664.5949895483302
4048.032728237968,1354.930742538727
256.162818243284,874.0073203527398
6413.488750615749,6566.892061534064
4171.332674741294,440.2053488219193
4803.357696749356,8840.945369334444
8525.319564004423,4429.190894095653
634.6749491665182,9753.186522345066
2906.613125419952,1564.475778818304
9227.631711143595,9667.847916323719
3161.1814749408463,2869.063710423473
5963.405556560393,6382.746430055931
8416.209526605318,1817.839581431412
2558.7673444186353,4715.964581055518
1268.7158258737686,2076.5147996753453
7980.95260167518,2293.7085026849713
6579.197458545877,5002.830351337254
3091.8318161666857,327.1325157130578
4930.3941082104375,5458.493399058687
7897.308098938085,9785.450146898835
3028.4557361208263,7763.219646740445
107.62752073254278,7595.91419619643
6144.65804347548,5305.752399271517
1240.0001744967992,5889.085454759129
5271.970811548414,4934.340729740689
9466.879143743541,2363.41971824888
849.1267060161733,2411.2674566814862
7520.6418207099005,7196.524506043508
3752.0838315432147,9274.252005792301
3299.6672689674447,3887.4214597277046
1842.5318000227985,37.6250832026126
7979.011353678799,6810.943266656629
7536.461141806055,880.0652911913853
5381.424083195435,7427.374377375571
1241.072201636545,541.4864220231985
8220.319979352815,7947.32599071185
4463.4862389791315,4729.081638145066
1761.4053668452023,4498.144604895087
2007.5122503898324,8394.662769155013
7941.606768452094,3929.1304129649197
458.68876620699274,3374.738883426025
6116.994675678084,4599.995800960327
5617.482650346948,2857.7558031523176
8891.225344344468,2534.842647055209
5855.395227191924,4894.980990541644
2084.109099863658,6027.208867427032
9094.030185368249,8458.70794910396
8219.153445757885,7026.658099049619
2895.632353810059,4520.339224073582
982.8187583928383,6888.724652382563
9985.520355169227,7580.481745042344
1566.6620791460705,5012.384452106176
6187.864883735376,9218.261937445206
4362.1127763539935,1146.6693544510508
1872.0350782783157,3536.40523892629
1110.528764546297,8238.295796397715
6144.992056387409,1923.8150109729147
3748.4882733026393,9425.619173643054
3069.167923122893,3517.481370879494
6296.155571185441,7390.429746449304
853.3750267779405,3455.889895324219
6917.031181416198,8130.443200018277
6081.687311135567,9297.532471947958
5261.3664602978415,8218.903799581469
5866.510106696857,3007.9263518164057
5735.877750564476,4767.537767420283
6670.223947727568,2663.90606923812
3229.069514215066,4905.1354283195005
2346.372625712977,9132.935029558901
8964.5900368147,4860.81314160928
7551.9130128255165,508.8701842432786
3577.314056926406,3840.6010734142606
6525.983719292002,5945.938878254426
9228.663699720744,3762.9016308651385
9569.421432160792,2156.60023742848
7209.779882508726,5058.347155791314
4579.316347199879,1823.1961024540021
9688.78921243743,864.5938179237578
5516.95371497391,5700.982545319425
2690.913863486507,219.38291657890295
493.31098058438494,5400.480065099269
2512.213291490151,4462.523862569919
8174.661018983288,220.22952279851737
5269.190237194444,4693.638948308744
2853.7639572653206,1990.4768225001712
1449.183577371177,6945.7856734953875
915.1722858763122,43.078484441679834
9332.587635475018,7075.637586137129
6379.577771913503,4009.2411325149724
3468.546698513052,2803.3331502057767
6184.692373421846,2323.828157032943
6743.827722733096,1776.9002114263744
1362.343432410905,7444.155505267199
9422.422217737863,9130.72035560596
6393.733646121313,9010.256588528293
5328.521120840946,5027.305726579865
2823.947989170309,4356.725442702879
7665.635472366574,8757.129512708383
155.65518030346226,7321.855156309799
4550.909085373318,7492.857216600347
9392.839045667082,3404.231144594563
64.68981813982366,3448.69794736405
3811.0224541963535,3597.7837230139944
9325.645637284768,113.03595512204944
2980.9090833664154,715.410548610953
2853.4678954732094,1284.7698381994699
1127.4928181834355,1429.1136019971962
3602.7962945563986,5813.891273312939
7262.7314062454025,1209.5610384175204
2576.4962964402216,6287.403279278835
2873.767594630222,5047.89385846949
7740.925390662742,6679.025346246701
4922.42498454411,1914.6489508134102
122.05419423956143,4668.416805068696
2962.00232644929,4021.7062149248263
8415.70884166947,1744.327357356933
1503.4051316889052,6641.591659373068
8155.417192311283,2692.9306467644333
7200.793103740437,2992.824323978007
8901.365674058163,550.578290840501
4398.70143788654,8362.144451691765
1821.543219010312,7528.444549452614
7466.793253691648,8887.595932021406
6268.766760962569,1937.2098547935946
8407.537071652601,6580.495259626396
2971.1141330318424,5851.705353561085
8868.54048714107,6078.645410866449
9398.91591251377,6626.12316312168
8966.895402912154,893.4474756423616
6332.075164503517,8719.407912942821
1609.8745448084894,4433.7635870934855
2679.158332450483,244.68823134713992
8286.951594679505,843.2586734340364
6427.9454703440715,6326.771615889579
9838.237857460193,3713.764700037777
3674.546554456636,833.3912296471657
9223.94720942788,4340.705077812305
7193.021412686154,8421.610561866477
9824.63039346951,9217.23003209571
9636.046586336555,9155.449248992081
88.14050669544659,3815.212438004886
9272.79902908249,6995.939960361577
3719.043347998602,1567.8396303770603
2681.330629388392,6199.155511009098
9083.58253701451,5960.346806270067
5353.342994917017,5907.844463474523
161.93753079060568,5291.590333420097
6348.298745274348,3113.607034636531
2729.095700369983,6076.763147410123
666.9013300422266,1553.2092137197085
3511.9135634425534,3188.624466484962
8146.059218124544,2849.0012522861684
3894.6146544443095,3614.273815482021
9645.907327068528,1207.1200179098153
8397.752209311007,7773.25339710875
3378.7996151168154,8992.812885081466
6617.7589834413675,4655.433053106493
9156.541157269123,4067.9051677382263
2811.3856664769787,8523.515793383645
4660.97176314015,6744.917562884912
6445.6289823986735,6981.199989946838
3269.8298254360616,21.540008722514827
700.6435017546008,457.3516406774458
9824.981736327603,3472.222293667614
8598.443687184268,1079.0153249329226
8940.331544744233,438.2540642883237
7996.4352032187835,6290.187152601062
707.1947470181672,4967.920276776928
1901.8948025562677,7651.5537327470665
412.82774400282494,1431.527626897482
9467.475847191055,1380.4472712474137
4087.013710309567,2615.0626563403057
2583.748854199964,7347.500574644717
305.94222701329386,5268.6520335929345
5170.22045082483,7345.222557821726
4712.200719007492,669.0022507271954
3923.9601833959746,6126.313745041253
6048.552888575224,759.0512867696075
6613.761534964593,7665.88595070662
557.8337547248713,2610.5190165681834
8525.590763115422,5668.872935033518
9796.991473228813,4927.980875456896
843.6346469455247,7598.976968964389
9397.30986486003,7850.91008224194
3964.0453211134054,3923.669628180758
6333.105435478552,590.5451254622307
4996.198200783486,1679.0647758864486
1028.3430678419647,3939.070175968794
9754.386745422835,1576.173604280361
3629.1941711560125,6265.601737378167
2784.8534270619652,5402.9378135227225
5514.298231529029,3283.860090379933
3388.163869177222,4290.1566921769245
8869.845243100515,6968.418014068571
7255.127362947143,5637.468642678682
9345.321019799878,3266.577315876695
8972.952695150578,5483.225338007937
3908.233340013859,678.1252131734993
684.3589943193884,1983.0120664129613
7413.2491673058075,4140.716553921438
6625.121948570317,9470.4631782187
1114.1904438417005,6257.189559395012
9115.187324518914,8178.532421222736
2720.7240095625375,3754.024848579919
4106.136930723633,3489.8111206848303
7620.242274162621,5306.494790546786
3700.559931777274,9524.187647559653
9896.23582850422,3526.255820901839
1161.6221407083603,8823.395907456326
6909.27917709467,200.9472736307527
6352.053491628142,5266.295697397024
2667.6761382112422,7695.278158054033
6286.347318916288,3118.8636726196282
3243.587965105025,9201.099607159142
1064.5047738669766,4272.141973194895
5960.109027059652,1214.7257192004256
4385.816482954519,7729.049156217022
978.838981103346,7856.813459489485
2306.9319898606177,229.69466173694997
3018.135340811522,6828.187646502035
5289.2479155647425,6693.6605842929275
1435.6516709926848,8611.425606151666
1537.1950891232057,9876.028488319122
8982.705439805215,1309.5621442788797
4896.124197256302,7401.910411503286
5595.182975463773,7999.93095829855
7854.116168331523,2788.626232686594
429.2683219428661,1795.4072839999114
6218.230100420601,9979.41186478742
4737.3888286210895,9686.443509799185
8898.142259162141,6080.248903690018
5506.168126043681,1605.0025535455059
3961.756771170073,5365.667838614439
9276.983090892783,3443.638958217049
5313.25126756443,9596.991122714033
1242.9672708979333,3005.865762996406
294.2892734610636,2778.555136952484
2838.5265544695303,4992.077668026797
5538.576718875857,5149.408481409916
9900.493812189401,1345.7152831699236
4201.141114894586,7267.372256514856
5570.356654625917,7265.151421967459
4196.7016512971895,2889.2340887069045
2394.2291333132803,4270.674302673796
9187.799091605028,1622.2707522948788
5104.963352146765,1419.2688856024138
6218.737062529266,4002.2735316504377
5365.024175580599,8705.48232400364
2162.8423145543375,5417.117381737217
9990.62100726775,431.8464067828154
5395.724049210877,7127.966197443601
1378.3741522283087,4160.932373902932
2497.036068320394,8723.961031452807
5502.838803557226,889.8237220593675
5054.5158859455,5285.916077782037
1040.7771982605163,174.7396882262453
4161.4586211874985,4080.579326137491
8120.869701592459,5298.710983157702
744.7653167590051,1432.3112779682335
2851.58037169995,8320.67046478073
6565.027810434928,2861.274650499641
7655.1739732034885,8395.961379648603
9360.325381553945,8477.496555075728
9061.175998776453,2574.8026610331176
3153.5087417601994,9307.928557671717
2919.6246195366602,981.9539380555964
4200.8359034604755,2774.3713171170125
2847.057743646364,5582.808481551503
1857.3709943735494,2033.2012684129775
910.1014254027517,3887.2881517328874
303.7626832595786,8028.072654800974
9435.194004339111,5278.748723774096
9735.440529298578,9362.03428827818
4659.924276828957,295.02868105995674
6219.23809710441,175.70339240817412
5901.315811430575,833.0607959627878
3452.2027720800484,5776.419743953303
8945.413885377207,5237.194672687588
4726.572399033643,8845.841097722348
331.04215377180003,5401.660077757432
9190.465166650174,7773.97472407643
8868.05542957329,6450.641541306072
5993.904520198461,9483.893550838056
1553.3635957396198,3970.4782246492264
5623.151076469709,7431.175874264039
8904.607026882459,3065.742404101205
7353.628364150084,5684.903385884157
7546.9346475134735,5739.967353178541
8469.248351486009,8094.425763524698
2025.038112823574,5355.572054677943
573.2748987440673,4784.339708502986
6587.690915310288,5221.709017245867
4693.351735519703,1800.0456049846725
225.97017926011986,895.5175688028883
5915.152442349133,3176.2715075230317
4983.932104563048,5429.493012991226
4839.7606393004835,8572.141077262537
3858.843296290926,9315.922675651926
373.6933274086662,5564.936260767348
738.7475214207761,4070.4116232355905
2170.943397755064,310.0286044659839
713.5233457246803,8110.943073730749
8568.27480696801,2324.6155829428562
8527.89080184886,2535.54237900571
951.5725757040383,9665.774443757276
8229.076842317074,4109.322453075044
4815.699421860029,4861.811769516957
6456.772270704202,3787.1199690956246
5610.734084289148,2112.4892850108513
7652.276386864653,8440.61387521152
6953.694764255305,4690.2220984976
3697.1131859914253,5575.590997201196
2425.747161936268,8813.982788917947
9104.774218134398,3693.1552104146126
5821.423593146144,9084.371217972623
1912.6079579817124,9237.796326967115
8434.298470924394,7839.051334698409
2869.455515891295,4102.200841852953
7245.92185957014,5800.690730319442
4288.158203168105,8472.17983431506
9928.671721374809,7834.105446550147
6840.650053936327,3897.647715321374
1814.8957997068317,7161.4851612383645
4892.973367816809,2709.3453578266035
2981.5240938637,6277.304947192088
2150.981401391392,3375.231829155051
3514.9068570074005,4818.293092521888
790.8463300149782,7403.470387083202
2274.560003213045,6827.4731915498805
5029.39671341838,2980.7279859372325
1204.4665769974538,6919.280055298931
8632.198558533564,8959.691092533147
3676.5297863443134,2532.3658005506254
3768.5263737790797,4235.96100459054
5277.527688645389,7218.990954622168
1615.7871286123825,2883.9809123018676
5967.349862581311,1876.0687625634264
301.2345706370556,6122.725864476195
3682.4095372511347,838.6304415412183
9558.04737632399,5913.918032175398
6104.781050370126,1613.1922132094878
9315.086560830754,682.9208617847282
9895.257305617457,6821.608611301879
7417.579147949131,9125.967525495931
3167.8425316586045,2324.060462099313
3464.770516324458,9779.069324467691
6895.3086219917495,6169.368323847718
4369.232766834192,4268.264643352044
6554.4408817677595,42.41111543167308
1152.65686769196,4317.255376718989
9387.064051521751,8905.696930100146
8107.31646996878,5153.188814727811
3811.298015114828,2662.720219415927
4484.198820516713,2991.0253366257766
1870.132009569463,6707.174809233846
9620.430296908253,8478.99402830549
8231.746432733891,8464.753265655807
7614.726448542043,2631.482982302026
8350.50959429869,1914.8928769954532
8022.222287070798,9088.750927539482
5304.183212878481,8966.812770014703
2259.3632799360053,3756.5101987975945
7441.544913420811,6831.314390589975
3723.788584430414,7517.903655908885
5898.030285739845,4131.4235368845075
5905.5041852046315,6979.409939574353
6677.150265330865,4140.52894649268
4980.940105903479,7774.310294506968
3074.1787009277054,2021.1283478486807
5409.53137598954,4808.717134659963
3153.8061074922075,5239.995508067696
81.30525055495386,942.9300566805898
669.1714074801125,4017.0340041056916
9920.435515916868,7656.160112690441
3520.802976764553,3099.4838365239953
4528.166588777552,2960.551808052259
3921.133664752716,7469.653670021668
4181.440606682979,3573.454676118095
4291.071964726823,779.8907111638764
8000.0386305877,4185.518765463937
1649.846626535514,9990.350133856082
1684.2145547911814,3701.1887283405654
7110.496231880361,7486.32457674348
7221.760252849568,7653.52061930608
8160.839402482607,9069.922084584006
6064.639749482729,3175.480938714498
2417.128994732991,2325.4520237794986
6111.790913153147,1297.7853727667678
4920.086926278892,469.08651116011947
7943.23929282676,1588.164651791293
6053.626446870992,4204.480296737884
8692.507257119129,6162.511748787605
4392.454655375752,3659.5953219495204
3192.5929075537883,8146.627024166535
7399.876020961109,7336.222100273632
4673.436732043504,4302.2320210335665
8909.181792829339,3039.6686223243287
244.40557420078446,3313.534552219587
8594.159037776462,6101.693908721301
3381.8485369665086,1882.2282559491566
7131.548622844987,161.02784609308918
3074.5966838869444,9043.184699649908
3044.739008648094,1869.7584345649543
7142.45059152815,3222.2684045009496
5144.661653035607,7724.671618712472
3649.2161264074607,8544.915366293819
5314.2273510225305,2147.0836421248464
8505.244613473653,8237.01254251267
4098.884149043423,8020.732464225068
8280.674278138453,5982.554896009118
3675.498879436393,7668.158965595681
6981.11668765325,236.43240141179135
8676.776256520527,7077.803810051592
7616.109399621485,4509.056806319865
1577.4209030033571,4477.270340043727
1169.2552233499298,7126.510607868411
7876.431253157101,227.77731194896566
6463.1184717067745,2176.6572777276506
3729.763520163303,9666.860465452202
1765.096494322962,2657.8312100055523
1184.5091470489388,4019.424696758949
8809.127387687844,1371.856128483222
5466.55284584674,477.65579670696724
6049.4026595289515,9932.122489210127
9676.552173285414,4257.857419362694
9209.304941166736,926.9742166614126
6249.42267385239,3999.991910995346
457.196627173988,3448.4036230491356
2677.752030638508,6655.471894166834
5485.208953642289,1423.133825480405
2535.4758605182137,5091.781993681805
7470.066964943109,2547.306064769852
8469.747140441612,6861.567260566169
9505.061654656654,1080.9507340000002
666.581443298373,1217.3385057595876
2785.9756777767743,9026.721679049424
5604.801556994228,1558.9183379396088
9034.711663243294,3229.268449128152
2909.2227634705137,7867.820940807661
8666.978305759985,4789.464885777691
6877.766761457124,8160.9262513642025
605.2607363346551,8056.061975625836
3027.2421020057272,7028.77245694247
9811.467752192551,6952.243697586216
4039.9626235347396,8415.522985213674
7191.120143230887,6214.489247313884
4074.0793392514106,5708.665523963787
9039.04250278308,1848.7019027233252
1041.0365910664732,4497.720746058498
4603.380770785209,89.1147165161954
2191.04837850816,1224.4426981527413
2724.8404014146686,9530.835617095563
7591.692667723756,1299.4861484466146
8968.113206767543,4900.488113398377
6372.025047657105,5509.7596481746195
7710.438064017868,1495.9367897199327
9616.722925305456,6320.593221321006
5732.522188658517,682.6270245977583
101.22055956368392,595.8786188027753
1780.1615106293677,5074.7868167150355
102.3891411097444,7138.011919076212
5847.725012883251,977.9037703796478
4892.125665393938,1070.097849820758
1306.261534579658,6067.921366663849
6430.032932509384,1559.1879845413791
7204.253101071918,7160.914054701474
4467.835442484244,9998.853050620666
3137.305828230753,3520.126441609761
1899.9625352349049,9508.742391119866
5826.716299956753,132.36360342306796
7872.42235438715,1481.0148532674405
7273.614406285099,2402.8337504747833
3474.004662194925,5165.414058056681
2458.8876438025477,7187.812290823472
2043.3730874109524,2880.2324954342553
2115.872632229927,4825.528603033022
1703.4816487870862,8595.09517593286
8652.465118858943,9278.952967215186
5923.499836235893,2602.6360488895084
1127.8986652484891,7790.53543709676
1042.2703131963883,3728.7091166420228
1737.540315301882,4802.154541700667
6250.263420548496,7907.096724909716
3263.0607392286224,5795.910320402746
3090.775949439506,9311.813457465858
3063.6190063647628,9400.433875575127
8239.194360186653,6574.375023355702
5518.430415897614,2404.410355537676
1779.0167494858422,6458.630738649413
5485.050459573815,12.262757412436764
2371.204108934977,1306.0553805201735
3167.829989290668,6743.664626395962
6493.324154047541,438.26564329245144
340.59154985880855,1941.71991437342
4810.533680553361,2812.956424334748
5179.844040401989,1036.3151019672955
7026.789149472804,3442.4103588405064
7166.897874143942,9166.919888098233
6697.255181737719,3577.8167494943445
455.936117985708,8038.7011123693765
9457.673263277571,4762.491653988904
1673.7200902554505,4992.523294347274
1931.029781679272,4090.455620449042
4284.470658118938,277.1647134945388
7329.029460330794,5257.662055094139
3846.6451979483686,6184.794258974132
4836.242025762491,1207.8128298410318
3276.3958320118445,609.9449172962157
7033.161154418681,9221.769876474262
6238.700475935073,7499.577051040725
8379.863556731092,3704.267553826428
9806.293421725764,2499.1312221799953
2419.608295873035,107.9000668650898
5179.805079714261,5672.446906927197
1148.6449885195937,6943.532516056042
2805.28332955431,8583.797988858652
8217.572039414577,7283.813722870584
7367.702661484748,5649.881093668496
2268.582761033614,2975.7504571847257
7326.257196284286,7986.001254505407
1289.2064121908077,9639.221106928879
6190.529249697004,7294.605405491429
8183.678023801486,5660.495040858669
6205.851358255831,9586.500339309758
3920.793923432171,9935.39161996091
6601.946979729761,8857.54538790641
4637.713914504093,9074.368767569287
7013.8566000126,6945.805050377214
8460.350545360621,3091.537058578242
5551.337676970551,9051.819097449294
1335.878134859626,114.16148323916242
2787.4675153003404,6013.132689319696
5897.665228217153,252.2464332136587
686.2368638529681,5884.658780555593
2672.8001066686425,9442.483168285673
2647.123256046152,9579.90806934775
6819.518393473107,6785.223719228372
745.8329895619187,3321.2556186403995
1571.3078215679432,1872.4575011558786
4230.171465318809,3354.273002651803
9165.469165021379,7641.826790555602
9050.514086245441,7305.075781514074
216.57853361745194,5259.595648983096
7679.049129083154,6999.219960951766
6075.762050761277,8612.866360553617
8037.518562631732,2563.6834986157864
5290.002053637451,6116.445455185817
9477.183523300531,1599.4826875409074
4590.423737950926,6143.895899365519
3182.9513253074283,8413.21141788028
4235.498123899382,3857.436766777913
7489.66409068069,1547.078936564873
6401.822563531086,8948.33322610671
1871.5272597680066,3850.1328954466176
2712.5038771930144,9513.299835517251
1998.40827100503,4144.73810785584
8282.435977931931,4577.419533821057
4842.008610225974,2735.9487334934083
9665.561486061128,2322.8410519967056
7307.251330965731,2962.532793841941
8529.195220689073,9489.097407560745
3415.4467646975995,4246.392496697684
5121.1721643743995,4663.167494638302
3832.2579753512287,18.24761025867594
2769.6072924381688,1733.9732077687763
7243.95480288352,1179.9088191156259
5835.868875905285,3344.16955030046
903.351150139593,7178.936225450108
4011.564065996022,9302.779295015795
6127.744976337979,6287.99827508821
9267.383774849863,9830.235997683392
2105.7214021172654,7272.466505663675
9986.51744617045,5996.15953228949
9263.235801149242,1876.9123408629519
4582.331737639761,133.23881283234806
1045.026410861023,7082.09678518899
493.35978927301795,8640.851518464726
9995.102616840084,7128.416157348497
8849.913879530664,1236.5975818365116
6872.714677826154,7494.490565931108
2224.37479016218,8848.742531942242
4967.774194096876,2695.2922170968764
631.9577118338559,2169.7915529755487
7212.648569759012,4024.230632059761
7073.401861067694,6389.401339635373
4392.136857867021,6092.63716129968
9775.581697529125,3683.803599722607
587.2534228943671,658.5937112676543
5563.91347753712,875.263938082852
11.771958791021442,285.94748790376934
9240.157557546845,5475.279872298487
331.5665708020077,3740.8022041683275
2062.049754764329,7576.745989640642
5802.036176588441,7339.36386221553
6309.160562021561,5761.298972953652
6752.140997182183,9363.19623097435
4963.756587437561,8235.284157647498
7950.431143632571,7870.8870689423775
1637.9804552265375,1570.605875237613
2694.8751888262914,7473.088888945599
9249.291422968485,7057.347226785059
7402.503030046705,1821.438421078374
8530.572559438084,6894.479543379624
197.75948482590567,7411.76392996848
165.22454723922775,8059.932369294467
1963.882674465054,3870.839470199101
7950.98911426393,4220.336842889461
702.7155536271301,3150.633499776667
9002.251081007025,2678.0490373635967
3176.0588353665876,494.5114893930025
6547.079790412138,7748.163791456162
9784.47753809752,5680.303231958559
2482.9513380499834,8058.4137653945145
153.40697498899658,6274.572741036415
3154.1420164123433,8036.612600925035
4799.145823107279,2751.503891986987
6648.872560326497,1500.4912554144357
9002.713383578928,2559.921075026049
5092.690137246868,8056.806105047088
45.27591415521726,2103.0764131116707
4680.6228176486,9662.296793343005
3757.138587802841,776.2223387102307
7899.123520030379,3211.382470260781
8908.036598995026,7935.628103451135
6807.303485922005,2647.619194614561
272.97766776211097,3205.3175695592618
6540.371540719156,5160.2669268276195
797.6778980981126,7136.803634993412
677.280779025008,4685.71920198338
5864.576494681671,465.12158043815145
9094.169703598303,1257.0527245713924
145.19936259605348,5917.526624372982
3920.982668801506,7442.775540815229
1088.9023122261121,6444.621366152919
4974.700176379544,5713.645339406147
4850.299125643466,286.99855569480405
4723.255388880786,1402.6041177009452
1927.5022015692623,2044.353369578793
4981.65029232137,5711.078143144968
2270.4670349524235,5799.015458669159
8274.619274377306,3960.4412429630397
9552.77860295959,224.50271362203677
2833.963074508836,4414.603004338712
7763.433257055685,1855.6626826921774
2698.382232101106,6221.299162716519
5713.256861329288,5643.48097985615
5818.571545914839,9085.736337004762
4508.983032216238,1046.6940355896947
3467.2691319522587,9011.13304094427
1340.262844120842,3158.1236666543487
599.594047682207,0.3199908930417994
8922.790871444311,2174.6294578942793
7329.127778935434,4320.331505695094
271.65567396247536,5492.061551085467
3508.5470954914945,6585.667483601252
4802.489650206478,6478.841414577744
9514.601875701037,8242.154980421847
6218.61927576064,9327.417791491636
3617.4909689794654,7729.080797924186
6312.249984985002,1343.0695268282789
1121.6077376715107,7105.8636531326565
462.19366920544513,32.179824209292995
3959.302920237512,6299.928031462407
5349.260734744088,7018.74752573864
3847.979823790175,6632.310933517552
1200.7316747774555,4023.0207464615255
5130.664749765674,9620.908126154985
2631.0699296478833,490.2239680511955
8354.38690570902,801.8783257641194
863.632997440249,630.6614643568953
6433.964408101188,2352.0524091055927
2507.0135567602015,2743.841958176385
6077.600813568303,910.9680716653679
9600.463375802477,4280.690716033474
8629.278909430568,999.9334383689052
9174.919328195121,13.53061032139613
6442.519466656653,9111.29052056315
1473.5725842731463,2535.364418580144
1716.728033536662,1287.0598556523871
7053.3467011888815,8635.195471553428
8402.77561479605,2074.5688023758726
8201.406165732718,9681.713175321158
9617.414449654601,2988.605654543438
803.3695348107017,6005.559674046197
1952.7177215999948,8159.141138507744
2064.0468048076586,3445.3907534890827
8204.113158703069,2908.7382733732957
4698.856219658489,7935.417759966102
6937.4486649001465,6860.024924577296
9967.706977817197,632.8071511117006
5596.173391930387,1474.1655410951983
6508.844984533302,6871.503094769279
6194.588228389173,575.9883120066023
467.60146798783484,5132.9525830697785
9097.941993304814,4790.374821395503
9352.997721526632,9096.33033026309
2772.547667084462,7951.578675037529
9409.929589734884,1321.9701294793695
6729.63649075385,8407.824494939956
8288.205986534658,8035.209335846034
9106.515163259703,1557.0388955143544
3151.4371779070684,7424.992829037826
9158.510343163856,2217.5091005244517
1402.2250174121332,9147.897173701915
451.6175919145193,4735.276547060568
36.25657857807107,1275.0237162418243
2800.113856123899,2023.9142922797093
1124.954848038906,8235.155518086283
7428.145210384905,506.4566047522112
1092.1387570610175,1804.0574720259106
4303.643997391028,9012.557946029496
6841.0919963300175,8094.036717188033
6096.0908077664635,2583.6101485713793
8085.638005699822,6752.82809876568
9682.896634794213,8050.954544071481
4960.440896954435,7273.718077786882
7988.273743170852,5196.9081386708285
2827.280155444949,8693.446653896595
6341.167141966402,7707.543371845567
662.0922503922233,957.4719485071614
1029.1549520212184,1586.3260089144226
7829.494958063004,2376.6779262345526
4483.638406307036,5763.114323168882
8595.042160411904,6458.312734183372
2048.6311674385693,7447.938762165508
7728.430102596358,656.5551789197622
9973.387404270992,1090.0856465362763
581.1749727317184,779.4694062947905
448.29910789326743,3578.451024895233
4270.052692382977,6217.407873752589
5136.198066511196,4539.2240550929955
8442.586096572808,2320.9123788056672
6135.017032709738,935.5569563159094
7176.035328316531,8778.316960746502
4222.5679000295395,756.4805801724539
6871.066148577385,3241.1380443707294
5492.408430055777,9037.143507297527
4124.003752588417,2684.0041470690167
1823.2344390423816,4738.483497975887
2389.1240025932934,3840.889955795237
7055.2562959441375,8250.563914239117
4045.069968159868,1863.1595125414224
9483.474995383402,3224.170419408655
5109.632778342557,3175.6666922150944
8348.292524822224,728.8172142046567
1750.0590261680836,6199.755777571617
264.1763404346342,6936.178513577313
1610.3888485229445,1777.7684492783308
2347.2455191854833,4025.3431528888273
5367.5282197140505,190.7657228629167
9785.746531541057,7650.902363984914
1147.4262291337488,2652.0516351722667
8326.132577420893,531.9290908793816
3195.569232887261,894.6200459562103
6549.013810126021,1487.1713454648627
7426.460882108165,1404.7993114344638
7950.314586630754,8955.537984109855
7313.288032872795,2037.137022982093
1246.315702994425,4467.032141637973
6762.568651775671,8055.9009494540815
8335.18403885903,3552.311280721837
3796.779218464734,1239.3783769803024
9671.424369142094,3985.0630695234267
398.29091155862193,2339.217374334759
2321.7979787263653,219.28375595372086
1935.0035823275714,9414.446372542812
9037.85671408782,9057.012794915896
2153.8045324590194,5837.11511418159
6428.658718317556,9392.834752230126
1673.0214424226754,1703.9652906296799
5321.525943866828,2875.589239261718
2181.0366414695504,1401.7231622371507
1743.3541505378391,7536.949366699798
2880.1792909522574,5729.913887560436
3120.2810134093397,3110.3262743540395
911.849520094451,8147.7121377464655
3481.297082301189,5659.926915789611
701.4832659684944,9208.231820073619
7163.710943135498,8553.543825676863
833.447325029959,9851.858757718232
8869.227317074767,1151.9971447994003
6140.005580378642,5320.236827972796
779.9272403162139,9687.580844316766
7495.883050413452,7877.366783388765
1653.2150930937728,7129.120710255059
3259.428921929085,1814.7548603791975
111.72944623444425,6659.518330457059
7798.817273686041,7338.326319442306
633.9941364179514,8568.079186098828
3403.2268552761334,4069.116729298623
2529.0243292851824,2390.500656643938
1313.0882858835246,2523.005438639303
3145.329263146577,6646.990779352043
5101.338197959179,4424.552649507929
7596.321020526727,4779.208620694731
8712.836051368668,7589.582345976093
4054.329979998035,4990.313426505425
3122.898058624846,7608.384427272271
5962.379539458598,252.67958978526738
8069.68591446707,1527.9941229861026
8158.491243727774,9240.894010971419
5668.376936139544,9814.202867750328
9991.215507876736,4650.0431930489385
8609.651537053498,5993.859281861332
3983.870957979676,512.4622376639976
2939.23984387889,6448.505274522707
1381.821646169148,5874.56644525946
7907.328967897334,392.5700001628296
9614.689621543665,2787.554905023626
377.1649060954629,692.4572625705971
5721.374403073643,4947.659850259738
4484.672821707089,7332.4150564730735
6413.786386798476,3298.6524061386867
5238.412158095205,5198.2405351575735
4002.0945966336376,5267.842484666337
287.5050323011197,5195.190879626296
2286.5902779646062,1299.9702727044216
521.57296668223,62.11987673299446
2532.833112316424,1817.5283865225933
7349.917551567777,6669.978317978043
287.2379253338186,1221.0788830462072
7184.204420949914,7700.240491193611
5451.6322535097115,2068.085837800767
7752.5370463456875,5827.2498187975925
2006.2112392148013,3516.212798844274
1843.7923359194308,1154.959644281548
6665.6401751979065,1982.8848287083667
8267.141293771783,2861.3013848118007
3437.384298632855,9362.487125280093
4722.357720919121,6412.202173899177
7642.8267868994935,5241.374849380583
1341.9179397733528,7876.440454905468
2477.094938021005,7487.254284065394
1514.3635013051282,435.1010250327503
4555.614981775604,7307.698697930336
8709.74953966546,536.1134815458723
9143.396294456676,4518.901252437476
9272.870099535194,1471.0744315108204
5390.3612963810665,8728.54154751093
5790.9437966105825,8458.64056721804
7273.944439327001,7958.773234749043
7574.076695916616,6402.344631801551
545.8116125301693,1716.695551173507
8740.028537885408,4471.929892076779
579.4514345290369,5550.143858339814
6575.463760227376,5846.8982395529165
3935.070274844381,5050.102059005491
7234.231416715729,7075.697750840241
7578.5086044809905,8969.064777528118
3070.5883759598883,3634.064273305757
1501.4420640612946,6640.225696661467
3024.5610979529424,3831.8138320992643
2392.5518421931547,3285.0024680631363
4177.0092233792875,1163.9093680585822
2850.758891414742,8927.403094778256
4655.3050127775905,524.603748442145
9171.021613913848,3231.4170495648596
7570.974387818496,7369.651695400289
2242.5028537331805,2158.0097940482233
2874.5935777925824,3915.061716731749
1399.932927945411,5483.3215561168345
127.7298869462984,1553.8898258087809
1604.1665389146785,5437.452755678274
1413.56477225266,8142.272623591961
8134.730171352161,9989.329226597369
4789.857010105358,8178.657062469603
209.42913956918386,3446.818458042664
5802.622233882555,4694.497546467757
2159.438563593695,1760.9974306141253
1277.1979862170613,1573.4652980942865
8478.45098466392,3508.0077399909646
7052.028530769312,5258.422492729134
7960.5542066426515,3798.1795819112094
769.4232755173058,5658.035050059432
8924.893977205651,9710.716977122462
9076.746073916354,2690.8689995698633
8428.291487707202,6046.835247134809
1540.324871871216,7529.696694072049
9445.725566212303,3694.836098798978
8513.73116480237,7334.9521050063195
1612.0862722820607,8424.83282416269
6677.553148851138,2887.4375238434977
5574.405137586086,8411.82079160532
84.98020111856741,6730.03113569207
25.422255712447274,4062.97778463814
2634.467415732483,268.5050334015682
890.937998152026,825.8772194601161
4222.937520524884,7828.557950342338
1580.7394770000703,2814.2496900640967
2230.5790079325893,3694.994924666938
8641.19271879339,1876.0919478180792
4184.58448505872,9867.61512310503
6559.061166717698,6097.683292706335
149.61715545171893,1343.5093235489837
2192.1131142354834,4646.039837364792
4934.419970666786,5328.154000448309
3440.53991917035,8567.921942138371
8482.73749656852,9470.042218645118
2529.6064035642694,7823.687187407256
1905.4463037286596,3439.4244039139953
872.8840462762865,3733.4727855762194
3130.856930802964,4417.218655915217
1201.6087161541634,9815.609748817416
474.12124795317646,7691.91698227114
1063.3972928343449,7504.664519327509
2405.44785325696,1973.0517550757265
3907.0476691065146,2459.3051096264185
2198.1674667503835,5669.665351806189
3632.6321919699744,6167.55141644278
2539.176494106298,6384.845618330655
3663.9950880202286,2712.158196665189
8173.331012982901,2481.263332691177
619.5756914066885,6820.773037976435
6181.12823541072,9845.691972828145
3268.114353576633,1017.3557342213724
1742.7030138158373,1069.5446707165247
1769.0688961834267,1861.2088403580274
6302.5631807696645,3299.9803649987903
9211.347797031232,4220.77926400974
4495.471970746532,8975.704598677337
9186.985033024777,4263.05752786253
4287.970351842251,4098.090596648426
9293.407530495339,2193.056250868396
1609.5292389542992,3454.5786609343877
8234.595960166862,9171.213574556088
4790.44913672148,7991.2163167978915
5718.464731110912,8316.105800447764
7602.2191388056035,5680.338896450118
3981.402889531097,8594.71054797342
2408.6072725915797,418.9874703161955
755.9616285227999,4770.215896975349
5372.644816223149,4041.3854912182123
3733.7002384984407,675.086885279611
5610.8889752105015,7187.003823726112
7901.870704764217,3309.5693793800206
1673.385323754798,9598.142394973243
151.17368361387884,3300.2556732828825
4766.670387997742,661.056361445782
177.1027926368296,3939.524784621947
6188.743475684622,2759.577183841571
5283.330284431435,2576.625506633515
9820.129489165789,2957.917984480025
3546.4195635581364,6185.765736075831
7059.758926096347,6915.224050522453
1965.2791468757625,4793.676625951336
8888.043046391798,1684.4491025439024
7834.900605158521,6981.269361344812
9226.1753050424,3860.717191437457
473.1314555429311,5249.221626035758
8321.424213455091,9162.1284739877
3614.612267570193,9575.483751252736
1325.6166467426533,8051.327960167925
5590.852361103873,97.70473446904515
8272.549141999443,1886.8487435138625
4825.9346224207175,1024.8584457597187
1111.6099525435375,9697.048934456689
2475.6238074753646,183.0487954861748
4520.43422398109,2836.886858439972
6653.529062104068,7773.2761749367955
460.03441612985085,9207.110688592697
4992.248161549853,3584.7092993480255
5694.185008019223,5367.782768711809
9173.470476770462,5121.177800795783
8505.029409267852,2056.414153476761
145.49689995015268,4361.467114334522
5934.5996317829995,9998.220582380465
9853.41835546527,4478.534679764486
8147.4609381946475,598.4428886394655
2124.82066072895,6802.685403596014
3138.7842678673483,9080.798929769844
8560.367372554107,4190.0403363745245
8262.682025439255,9924.384702250545
2456.195338780004,4423.366118892458
727.2110060434611,3743.8236229279364
1643.9937096622825,317.44844387341044
8377.796621603231,905.1749003158516
6465.649272010493,2219.7134748048875
5103.575129897421,9236.246479583606
5489.264861835821,1835.064379520257
1145.2028047369356,1595.7145638369686
5826.2547279289265,6738.010719603336
8080.85638000887,7554.127170328947
5670.183003746647,5584.077806271875
9868.336807185504,3473.907902715149
5886.794877001591,2782.3560258358525
8524.407296497557,5831.524482645754
6308.894309354315,6284.735716537574
7426.749413252211,2557.450962996164
2572.1525054389517,2641.476639942546
6549.144792519026,9146.2955616636
1699.697376254461,9902.891513723285
4669.276851897302,9363.948615595296
6349.029363956595,3010.1726166397902
121.49619789368349,8221.035195861843
9183.309072978767,7371.444040732762
6806.957463619281,7400.572204521465
5982.644281119461,2637.9939916524077
703.6060961174984,9445.223538469996
9004.959248195235,5143.6982156134545
9329.436443663226,1266.5994020260607
4423.489952451232,2150.016373970686
9440.542584571494,4262.085009260228
3186.3740467289113,777.2255280087314
8368.822650295275,7271.396138263431
700.3145746096139,2754.5096918795643
2015.6709392667194,4762.188805753402
2593.603634565813,4211.671687095691
6795.681708039089,8308.589852240797
1911.7504729542068,9115.071040249488
3863.29626339836,2525.2741308620484
1449.611047520587,7071.55145473441
3683.018886534437,9133.894482703587
7970.762100598999,9366.724752640228
4308.044523913588,9714.296626678024
7983.369300652574,9373.487756137662
2254.7069865515214,2397.197206211743
7693.099646557804,8866.887570747518
4841.670171286426,6989.972300676054
1328.1739032502549,73.5102229933804
2873.0268174724692,76.35821203518466
5401.238315526632,9814.223930374887
9587.410537459917,9076.536556501609
1193.2156750818024,1177.8141344364767
8353.579245987397,4328.364617185341
705.3521322113854,6744.322166372639
3555.672401736495,8572.72314359009
9263.61870550811,8516.147601146366
352.1106562256793,2894.167824362769
6376.450558946451,9267.066698752196
1332.2520113470205,1641.0955370410607
2441.855580311951,1401.4040728273592
5289.8456148790365,9390.278094529318
4105.692056192316,173.50408210305423
4913.841517055093,9059.541770415746
2770.9724714649055,9607.015989866046
4538.366999937343,5137.814414718855
6826.332508025821,3911.7362020972732
9415.461133504383,6974.494510765838
8571.864606030606,917.6324842369388
6242.234792305239,7650.567107872785
3114.1935692949596,6019.254837392018
5616.587909622905,5439.397295583463
9799.57021121753,4116.97575278616
4088.376142367557,6681.272663267976
1817.3179301088626,3916.1210954454828
7251.777269347849,4567.883080687334
8191.559963416897,7499.934784904535
7622.805653405443,7560.934346663495
7325.421317815611,5099.88450328097
2536.803851584409,3135.091719980584
5484.015010487172,7705.149383507051
4079.1334492448527,7614.737718066564
8877.888278993225,2782.4107318136557
8357.999122634283,7144.864121797558
2684.903144690557,7550.731399592136
258.4381713585593,7540.794418583669
861.6941312807159,2687.6689645045935
8317.013862647105,8597.178037733192
6531.186080292509,6137.6035818946275
2006.5465577525165,1669.1587293480081
4273.968875629561,8437.159554981059
6636.388782223158,44.01841914635551
6471.988202227141,7733.704740401366
6498.596997803361,1223.2592530432762
7620.279399995038,4001.3983604781365
5414.696155456706,6109.387379077954
5771.875850628985,3918.030836601416
2466.1500811903225,5758.7782786721955
1303.6329982666039,9507.08961892206
8625.314210334293,369.0093027794994
3913.971512433353,9449.536279682583
5147.501126096649,3191.6966589668605
8693.061143357285,9620.087539210943
2765.6498582477675,5235.584066500496
4070.216835509586,6748.751534206527
9644.425893612195,5259.546492165674
6236.30802560848,8680.331219898564
5657.207527976305,3500.776292149137
63.25654950497417,7559.773176407055
4757.812012732999,9272.246958941307
5784.222117739757,3649.886311825369
4538.373717872712,9465.169823815033
2050.2875104191676,4961.17941918715
853.7345366005167,2184.772325435652
6208.431878442117,2055.189263862083
2769.8469600123276,7514.020598034712
6888.76186681887,5144.342891825148
4616.392433846141,5828.004457024771
3683.881385259711,4108.066978078634
3323.0710005248065,6903.487259183942
4295.120621602128,6113.70330311086
1535.2748695862495,1370.8395615471313
1097.973102996116,1439.0990275352533
2204.0765439595166,3754.559303379328
2858.7678505317804,1796.768004106769
5651.531859165666,482.6076360603215
7052.3683137544,5200.448560258504
5255.377685779815,517.8439608390661
8673.023145770632,9231.090992469308
3399.6666207601425,6468.525149663517
7999.796258560879,6121.6394959042445
6946.828738988596,3400.1060748783484
6634.291767699173,8747.564464854679
4120.439695016582,4008.587747405672
5203.223987531579,9451.75295237462
1646.5174952283935,7963.124309063367
1900.916106643471,1286.7268566006328
4103.520322361098,1202.5389242526874
4824.03806358094,2641.9781604730065
3346.9426984978713,6955.202631858148
2086.422880641744,1494.8171662232567
3387.329323477741,7558.7503762302385
785.4931261687503,4869.75042907813
1936.4771029218841,6463.814652801044
6135.474696212519,6408.455057456628
9608.775274254062,129.53188256907944
1933.6076576206983,6937.479784670731
3111.2842126633254,9203.710703218347
8857.040821091476,3394.729440321115
7155.805517090101,7933.787723927606
8440.058640680343,2776.7367658973108
6986.627382871412,607.0598605549116
4738.877956140241,4510.382756966272
9268.448037589107,8245.419514557303
1649.2833082703096,5896.424691476615
1264.004817348544,6160.705980511616
6598.173387193264,5383.209936896035
4731.020524885611,4567.152876500461
7818.222600715067,9046.958866797762
9700.822968659442,446.20893885518154
9244.630113964333,8069.938882140677
7990.512158440204,5798.055712917326
5776.499681352616,3909.84110047075
9025.852096405124,8020.926957554615
1436.55081165895,1332.6312599973855
2844.126900038838,3411.7684666536697
4343.557890095855,2587.034099457596
4957.578036648191,4378.84534885826
1632.7126016925397,7988.797875316029
8414.754114298185,1208.3708013744133
5214.783292617297,6833.029430158619
3416.2007345402767,3758.572470913557
9032.492507154986,8546.062615360606
8695.264523130203,4638.706401606944
8609.846754507862,2510.8269407333582
1710.3024431217807,7969.715464384539
576.3592435482024,2180.536170414904
220.48583662543143,8926.285853698197
5956.061877333791,8922.635241395377
2348.489732706077,9827.942003918428
9312.668461278477,8976.405921236856
419.87291998981436,959.2014828671203
5754.405673923575,6272.505544326852
2625.396702270114,6877.234216808388
4378.576897068986,5773.172465917017
6625.908167493091,8808.49244343809
2040.1077573678472,5989.48284176842
8730.57677787161,3256.7723422792183
3324.9775886187795,4434.918703726716
3309.4273027700847,332.032809230538
8342.806177249893,7009.455286400042
6384.257346465753,4809.1534823856055
5987.200130662292,2552.890785096672
3272.438583937949,6035.344432466644
3911.1421872861274,9112.2519522694
5063.647951828857,6164.467728233787
5209.138772040165,4199.631852705431
1765.8483289996075,5818.6512552400145
5295.680569510903,191.12369012121212
5538.751009699374,5293.0696403032725
1208.5351602971828,9633.230302150134
1947.101934749631,294.7978413797203
5713.849449832763,8429.742848892896
2030.0464284382858,7830.5253092753965
4055.2163124283547,1954.2280903053888
2634.7538664188232,7532.178583453161
3472.582365991864,7377.233813654724
2655.0007604019443,9874.226752034107
6012.469828266698,7601.942026211921
3624.5968903529015,7252.818170731397
7964.954026790398,8872.198605174153
3771.8153844055423,5683.333280711329
5149.424947356405,9468.430629438928
4332.775128294814,4980.474449613183
9781.364851000186,5852.727921646252
9585.577748189227,4684.6584785047025
9993.292438960301,3150.73540960084
8884.951213518545,4846.875114638172
1651.633926242838,1573.2264612035685
1795.3978246818713,5061.597687332445
8475.30564285079,8376.835629505955
713.7459006996382,3568.6013667448747
830.2549068643772,2518.683569047716
6488.364522385437,7316.812391472679
693.8574387429619,4006.9237590458574
7088.150672010721,3832.2647448403245
7377.523234573253,9568.450280318488
3651.7152083888436,4471.136204167256
6260.626755301772,8899.90867355811
2737.5700824595237,3298.4683615893127
2216.5939492048014,5327.272905522009
4692.491942658712,9732.101223231368
4730.2380941479005,1550.561405079308
1487.5417634485577,963.7095935832607
4446.832941641036,5181.515399634223
1980.0897122206595,33.28565617544355
2142.656386285954,2481.1498150242596
8535.193668737906,5251.559391534103
6661.516809623079,8278.288738989315
2213.081667715483,2499.448020585204
5696.345063290135,853.9320752097834
9681.223315978323,3600.1065151299326
1973.2264849163762,3220.1652412811754
4731.601023627574,5723.005341672129
2652.460264946397,8354.164374569751
3689.4449642661843,9903.97066154314
1629.3064359529285,7516.956355077014
4541.857254733686,1560.2102171889264
804.6543513578386,6013.107246394038
1435.4760885740702,2285.926355518576
6094.498664528939,1672.3218867688238
2806.2712985852236,2733.57866734842
3134.137984285943,3525.677679120708
3070.8231253862327,3043.1158639131927
780.7748471940179,2035.855640904184
5127.998290922959,8741.573335934609
4135.212240041972,7402.465098124296
1434.043050257553,439.2083005516945
9656.560934413465,126.44236857585311
6798.085738046414,7654.460062149665
7741.846134953034,3260.9997292241223
1912.855911547442,8194.5363002916
7167.166394862934,7590.709309135719
4976.084932596874,9396.228995962223
3107.7891665288703,9239.340085046264
2705.5876420424806,2855.6177424373163
2129.386566221748,6375.774064804561
7131.528748271525,304.8361032737346
6945.768476668277,8398.931950761107
4714.362198244162,8150.4266391499905
389.9283888393645,2566.414088398086
7952.613851492806,9537.430048704658
6751.271633040109,8439.296455227834
4429.2418482475605,2370.9296123247427
6080.905585906277,9662.956880903566
5792.85801682847,8621.670075368687
7489.836091496412,7354.810307349796
8321.43651667548,280.38466182982
853.6561537023968,5298.116004877836
206.9688672070502,1356.6832799384322
9069.042927871076,3790.53480354959
6220.644343891907,5739.522094728025
8082.06427476982,6188.986039631711
7169.5225923629105,7530.700662554241
1095.5242584250934,117.53029350055289
6367.918371869112,6710.817682387203
9918.547331537058,9222.01830160773
2928.5798129109653,2997.477551902116
2438.516116413849,7051.358993301648
5771.353914909732,8408.840384279705
7544.860671019158,6537.236680522834
4980.952163606504,6714.102986948856
2742.3577548318103,4090.175167450959
1989.75159415279,1375.5268463759473
2767.6537785779974,4814.358819107879
8441.223846420455,8012.283155774918
6370.43666291311,3310.5795609756374
478.34754119857047,1190.8052581104412
9603.4274409269,6004.320226278843
8140.575588134904,3710.153598131
4435.737114983182,4002.4004272098423
9841.118335962876,312.4076137861609
8903.711087991333,8768.866271758097
9732.968748700525,1789.9309084818692
2892.8591107773805,1149.297388606756
856.1060154488831,8412.537282746309
4535.544394031851,1286.218575455208
1240.860855763145,5023.170898365808
5970.958512153711,8168.764954544072
8693.780694084116,207.99653697259112
2088.6788142868863,7121.905744948199
387.1805847179133,2593.1735107619756
6608.956950063773,1942.155078660559
2268.7194320828817,4859.9676970035625
3699.887101161109,4935.416711486875
8130.674635634982,3241.098035743889
38.597121894956565,3793.442334289202
3750.01915972661,3563.080532618658
5834.721666655547,1568.247823325054
9499.208269543962,2835.2851775893973
4239.232975027405,3849.7529874329293
7020.768785005444,8151.854287570241
6000.502236475351,4752.788064054541
7792.573745246142,9273.428272688214
7180.931547230277,1679.0960646711173
9712.683233133068,2976.660946780181
9532.910875686159,7915.162068561747
5352.829545399544,4755.713403919482
1391.0984224058254,2592.420139418489
9429.912617604503,7856.53327303842
4995.367513397108,7622.458792103957
242.9109839292265,3311.9724074924593
2138.164359862912,7140.544754723972
682.1311989232026,3478.2274104623643
5803.793584962509,7862.405901842679
8351.254611522376,6955.363523831746
9157.683258380164,4139.582555813686
4582.482837025551,7126.75498874704
3947.948905141544,5379.914271572455
3298.6164669179184,9206.023823299729
8180.032856949442,9843.000247978838
5410.121748573948,7410.300966599709
5563.815234602406,2634.6658571601365
5405.564995689313,4054.4545822307364
3102.487800670394,4367.829609687514
238.53608952198124,8096.3065397831015
9554.390484251971,9839.84490916923
2828.0647354055322,5427.867280737164
310.19748377453027,565.6466899254808
2715.182487811487,6210.958944476147
748.2255794417724,6280.74047661625
9081.77876121937,7686.971982477595
1418.3796930322856,4139.160384274347
4796.96215266711,382.5870803619247
4871.522281787791,9543.120393665191
599.7346442935569,3476.8171679296656
611.570991053585,9314.816121869319
8171.6255779039175,8623.47499976724
9893.766368778393,4068.9198463866715
791.316478162024,1041.8723315884592
4696.749930651176,8078.102440478771
9560.947035198014,9074.112921670096
5529.159427445062,7761.597644494672
7848.20158140306,7023.156903481694
5531.898265586023,8008.592713178749
8991.645583961803,3877.987546806708
5239.592765841471,9442.194882951138
3357.6089626681114,2328.4639584236043
4468.508234059026,9898.46824437109
3443.746493137524,92.10665682261366
5731.795979145202,2102.613977624955
3476.8308885721253,3404.9342703256525
4447.780824833194,9382.357738651728
3049.571755522541,9014.167705522856
9761.350334108378,2743.1027303846267
8332.311161890158,2725.3539631393865
2823.028240180033,4342.155034310404
4622.547841600276,5354.088800222968
5347.031329260906,800.0271430372862
3191.1991661464435,5405.946423034767
5263.382821830363,7872.107739033179
2106.5242683137863,7786.432555780772
7808.793994594311,5497.6728019304055
4991.002469981009,9004.47037457826
6320.503326598638,6632.5594685791675
381.346076223843,6182.654968043747
6455.029327473366,3424.105108224017
8283.01497508695,3537.9394045726985
1543.3322645982562,7365.913375992601
3384.5884446397677,4140.356121520431
843.1963978441737,9668.123287649463
4201.079821047024,9546.19167288985
7510.435903079853,7798.3485967505085
3880.2551321804344,9042.464160793832
5797.061952275526,6544.538529702363
3858.8809494475518,668.0545330295084
6982.876836205894,430.97764032268395
1474.365464609444,5377.149171713943
9629.25202566026,6557.076994173207
9907.310751610124,2356.5575767182713
155.8356511683334,6419.371727556235
2808.827428246804,2068.698048626044
7960.9198495015835,6360.937511489162
7735.769892772063,9997.297981478343
3168.9492160206523,3781.154367390652
260.2057576611072,7183.592062664345
7164.26459570682,6407.281992382571
7584.784081270346,3438.8611023981252
9849.900388545926,5965.281694894929
3304.7714336040503,8621.662562373573
5870.155305388235,789.6286846883349
6837.602410758796,4514.376319204481
2319.869184480996,7597.174239336649
6341.96650127712,3414.657959967351
5299.041285663757,7218.8920834695355
8326.990490803495,9791.145080142192
2175.626785888105,2928.3307358007883
802.852143109618,7575.790300794005
4426.83391850269,2885.99651226606
7255.268665044752,7593.125038753959
1531.0754135623606,4855.424341888564
8443.691550526635,7875.593939332898
997.0748440833444,1504.1832189522652
1852.1469640428033,6802.716103014865
3009.6131281396365,7599.765453345868
3533.42699085592,9740.20110264675
6618.068506528474,466.65162220343115
201.77772122601743,8603.818374502855
6878.215758301775,9921.146108980265
3204.8779402503324,5941.3322787770685
450.5208983571396,3619.5513573204676
6606.438975191624,9469.451672955889
5833.53793492414,9677.771238507567
3233.6259940311375,3355.3673807377336
3381.9580684267694,7171.570386497367
7222.80123612271,7095.818449615788
9798.823575355125,4946.580987206315
3680.8169109912683,1257.3433187829842
6131.010790642797,1125.6991904806214
8512.285011761704,6970.539879647496
4228.868513079054,433.17554100966163
9323.437140514668,5468.946111390771
453.7075112928868,3869.7008914857443
3090.2694009744514,6036.657937023967
7903.204246763369,6519.619033139966
2587.6888939846854,7545.054897411554
3598.328834062329,3631.736283849809
3219.54856560684,5728.717991986282
5905.060016093103,4369.994900848705
7513.355934109436,3660.8530371272586
9205.015149547025,2829.0571098732707
613.7987724378968,3707.5781622765235
725.7901091024743,360.3875869977469
9934.590834357088,2382.4612356552375
1474.9022066303773,7643.012506986984
2502.612772933843,5439.352247338495
759.4210453601069,4655.965772368238
8716.312481612682,2073.193460658905
6665.490769033704,8766.474057099038
5954.40014736672,493.6496096715759
3462.952271955898,4064.809974580589
7574.857947309373,2614.672149407149
6782.604260401418,8536.424511452213
7083.140203481739,7504.949760303652
1373.6663426863638,5359.109454068487
9523.56563367537,7622.162830328705
483.6896737978324,4070.044319803371
8232.550255607066,6400.971360943947
1932.2938730494366,5652.62361451122
3506.339994054306,8013.626127215916
2528.3580001998894,4877.689540545359
7521.608999839088,1175.9027575839898
5628.908165915556,409.89596070843845
4448.900210946025,3002.82064790495
4371.470026163198,3826.8512915334154
1912.8045147954476,6086.905004618262
5429.796572003396,253.4944621520352
2701.5555095288914,2457.176409235515
4124.592200092507,7146.109585832867
4665.431090989663,6838.702485192016
6824.362402895292,7655.693709581923
8486.97759678574,3952.387998874575
4912.374038615499,83.79174193533956
7400.879748792624,2014.3658822499788
2196.9112742755115,6630.6321519599005
3774.564265133471,2531.392559707679
2022.7290903770445,5911.767278589876
6854.832461147902,26.80674569836561
4112.90668951236,8573.591756493048
2159.9722544937426,9050.050936385725
8259.165793555296,5101.969507542677
629.756615415692,1282.7838597667662
1726.103030987668,9018.601043481127
8746.789980589447,5291.3511697497415
2438.6639713664404,9002.603558730309
1457.2803880301476,440.39454111375665
2789.2617317143618,9787.288301200648
6994.176434085896,4711.969452739922
6551.5403802583805,1309.4256570184216
1134.3607157941237,2296.3616951634103
5968.247196070595,3381.359015826082
7949.969447441413,8932.857067555164
6581.765384934039,3809.286248140984
8300.476437621945,6600.601672652825
2425.6199416948566,9882.95328634549
8694.160701706443,9673.319708368881
6365.674590549985,7471.265917911914
9112.711527059995,3870.5916040222755
2624.5830155891713,7229.24709429672
1906.4143937395872,5457.944327236271
8234.670665905647,9021.762284899325
9304.238836628372,5115.928285844079
7081.969109937142,5544.45373316126
4450.437555718367,6455.378444799738
7539.22760552402,8852.09965252439
2298.551592858835,3322.0068778102864
6034.064328005346,1256.8398528685054
5570.041725479971,278.67292566049474
3610.879014554197,3498.045611434353
6888.63172639476,9818.60431380705
4991.654705820318,4329.001740018535
2115.1755962583475,9761.297251951593
4426.584131252125,1767.9290065582632
395.58137316099806,1266.2113365522464
5711.378820342363,3039.620631120957
1951.2027428476165,4393.9860260056075
6718.373357538384,2632.500011971721
1007.0813419898438,9120.150969835136
5990.002496507995,6328.086339628035
8095.612763161781,6109.636304340841
2051.7551786958975,5153.757330825878
7210.690548898566,1017.6272250467345
3543.4711864148117,8287.870783478193
2678.124453370917,370.7341172618739
5778.223641714642,4417.678691768438
3427.874701964876,8372.903082823328
8017.883136100887,559.8949949087695
3673.4283921234746,5608.563916097087
9269.454402788517,8466.49711864195
1214.900073977161,1212.0199946054333
7790.814918753624,1711.1764203406387
2228.275841197437,5965.732938494432
847.7146919660416,7132.9134125176315
2877.2868530980354,7918.6026067878565
1898.1140293906574,7975.425337791579
5427.767610787471,9782.401131074523
5870.812423168893,5110.475081781355
9725.888300435608,9490.144148620471
502.8150892741334,9838.61666571694
7800.193651906901,4807.076782502478
8371.798458896776,1324.3660108414724
7109.143166649853,8984.852727869684
3616.3876025281406,9750.381147637998
2168.526650176985,23.591793595000297
5126.0180202119045,5957.380404289396
8664.012898929534,4130.523917344939
7174.133900177566,6952.884924033242
6473.71142404648,7627.558565874879
4498.197849169483,1603.8013674844276
4799.068314135382,8318.291056194934
4290.275816039626,4662.791296727816
725.1181690681141,873.2017200988873
7303.418108774591,6154.216558359764
6582.457851012553,3945.4977430206104
5403.025191227042,7686.070852725455
82.55859278168853,9875.396907255332
3885.069842486384,4173.820216771612
5758.7550269517305,2854.8760455882284
3275.082658756395,3577.963959795507
4749.305010379895,462.023598350344
748.7949917241655,1533.6118735718162
5399.566226448188,7858.832281425373
8979.6980728662,8308.026264304472
284.06371686333756,6639.852395146664
1829.2165835464846,8659.489952912114
3659.9701753665704,2378.392231671099
602.0642888529982,3816.41047982757
6819.746679964044,2527.9344328394272
5125.111311211676,7071.7726643511505
2831.275953951299,4601.505291116144
7925.655598918888,1452.86291154755
9970.980055462922,4148.125843916396
7325.7116793682035,5397.363634118488
9879.271788336064,2492.0234872207957
8487.856859310072,3761.224344101867
2590.483244986733,2397.624817304086
9100.018449859821,7230.768142881824
6800.167551697818,4491.155601754091
6807.619605697857,1481.2392767780568
1468.958699222429,4747.944478839032
7841.723028773761,1519.281486830426
1606.064408155309,1151.1973307034118
2996.824804626632,8940.770750598744
1615.550248734119,8797.508432202954
7318.198765574644,2502.3835860561217
7874.806134860888,6236.856464919713
7770.417718457089,3258.4160665134655
3785.1947430494415,9290.269536839865
6829.078606891589,8527.829725547748
8462.137909313667,9725.818773702755
5410.305754130624,8063.788608321174
6709.301331813058,3754.5674909005943
1043.9085497296142,8811.178897784555
3782.9687978624447,5665.5318670887655
4340.729799977513,8036.272504865757
5666.887518696867,2801.375473192882
34.0193940321043,8045.328204340887
2993.1219074559444,8821.119456013292
7148.4742397675745,5466.353478838975
4796.577487768222,5439.019978402623
8872.930143419708,729.2024227802362
4264.918038565431,7467.129152714341
9665.936263707306,5462.037442294139
486.4905618500892,2551.159298759289
2735.8505061599026,8976.947412936317
9219.743212228068,3799.4189589374605
9998.852678347188,8047.504614026656
8308.256906351797,7242.182605429587
9708.16374592594,42.20259159095296
7452.843588500016,9289.012295478708
5847.796626978903,6946.233950117667
416.33909368968716,5436.799016826533
4058.3905714185466,8509.058211068354
2407.2030112278985,9335.128293898186
2121.876142988519,3690.9128904986
7926.543595093348,2564.8766192949324
6837.605828243531,25.157827731617786
6427.3358632125,3669.0266941543236
3095.2072332023627,237.52261141109287
2121.1689390228826,5244.159314701662
806.8838702820192,4567.338178518124
3227.8937972500867,9012.189878314422
560.6107601415911,164.71000196388695
6112.186270615038,3300.0904641792517
5879.03205172243,4190.838072004217
8133.780670994438,3293.076776140248
4072.0560917394223,1397.7738279408525
2322.882140170113,9496.007566350305
8477.49143332739,4860.22115871909
1998.1436372635753,6668.424308157959
7440.761079425123,1707.1364810929501
2516.1053057674644,2010.3917762213741
5868.003144117219,8331.095827347035
4433.733783138908,5882.3875240162
5110.323053580443,5335.012807676332
5521.693904061768,4264.404802839732
7676.619313306746,5802.277014036462
7435.046779811847,5984.372716541713
2657.2347951497677,1414.3077771120916
5510.159161946967,2978.3376733844857
7182.015074393584,4659.48634083178
8699.237361650361,761.7350558296532
9614.112730320068,5996.371073235612
6698.570367391236,2857.2022729697533
4762.333280355684,2066.385870031169
5179.000895961753,3897.5877432229645
8906.920852996522,6666.1733314244375
3137.844316773515,1947.7775047431712
5242.82390756542,7541.604167898702
8210.898750091468,4736.964409668819
9589.629847735236,2962.7607040872194
7671.743043040265,9600.244028854804
2884.3920268451375,1997.6804164791183
4756.80927344616,5841.6053683713435
7809.095347319375,5574.09845489984
2415.8538132484277,2186.521214054232
2259.6318855259124,7642.533479346306
1017.7975997235411,3783.6254374954324
2338.750127768525,15.43241762183234
3907.682642029203,3932.6805384538366
3106.7910540279486,3461.4055165327704
9389.494067132982,5881.122241443441
7320.926139445073,2642.3638597218437
428.57928692724204,4918.547108075655
6577.350227262816,3454.122493897086
3075.6686372790255,6220.265815047388
9938.258932169594,2089.019520199048
7719.438392177321,5053.722028034877
2046.4343335288515,8875.517687567537
7863.876683040468,7302.889574044905
1940.3230303561293,1015.5783468960323
1197.9058273413646,144.2972440244994
8725.392541133411,8613.948270258874
2585.233678560562,526.8197780512019
3692.4232816512113,4797.956244531174
9511.930466966925,3620.6936196656625
9369.971889927567,777.5625433586497
3874.586211824269,6901.277436982637
7207.96995714023,7667.491694174253
7885.613163639612,1349.9883563576543
3699.031762177324,567.5695505416201
951.2119095109106,2179.782093123004
9376.518806332939,1620.157248186951
537.4899735830929,9479.365535396433
9076.712448796749,8717.39913911332
393.4005736131785,884.6565678827834
1684.2414619001734,4973.510666264682
6901.406652962525,5047.717830154465
8300.024186959216,2827.745314523884
8987.770741291606,2698.918935186583
8732.992047953254,8941.442579884037
1696.9221127633482,1632.477472765107
4617.935100077496,7111.621062284808
1691.1096290933892,8417.649744419145
4676.203962244595,6980.868776886513
7737.2114572638875,8706.186422337882
2464.5479479077003,5217.578605529686
7933.92435799353,4332.118272283503
4250.118785104252,7179.105823456333
8003.772054806103,9188.72766571263
3891.7993109771987,7351.020792107641
3866.654871221179,4907.109904280888
1546.3955707820976,8855.992936891445
5095.243415461439,8481.936056482054
5611.737648044729,4246.5472061035125
1876.593106939739,8533.72246052792
6424.96309244063,1513.849105366919
3598.5140731593956,6256.237629086153
2094.4402812309913,649.199167732818
5045.76501027674,3092.9457811776783
8476.447539610363,3915.8523981468197
4265.601965449618,4090.560032285383
9502.331918649068,8067.214609886208
3191.5349490283515,9310.100806135131
6718.629169782576,14.618579710433677
4087.852178179088,6302.725142681651
5557.926310063639,4641.769498882377
6489.505866672106,2672.2145239132865
3700.249721041622,8141.158669185153
1811.0480299405929,6354.901443475283
4830.014900164549,7231.38635987066
3178.8162033616895,8741.962557057397
1661.5397243958075,6956.434534820259
4318.732410097038,6836.895377048917
1589.5967627990804,7139.562016745585
84.64817806880576,3381.362267064991
5919.277554573301,1316.728377613079
6442.078776890302,8242.248887636015
1427.2911050831594,3978.872322291117
2734.1575254401996,2822.062324275434
9152.208336021597,1314.5940216023232
8892.693796734045,9813.151687567548
3941.538588817518,1488.0961624625088
8422.23488028264,7883.54720100341
6292.373937184823,1231.611944143386
5326.402201306711,6156.3863786773145
6806.623621125637,7502.979124507425
2733.7329539322177,8163.1299854438075
8879.016493068117,1316.129879416339
2070.89318212448,9787.415526159195
1075.1523792747776,919.5122105412279
3386.5146106684406,3338.321910282577
2605.2381671423495,29.333571508527445
7602.814836202032,1481.769421789052
5369.925067342009,4812.488044526692
1055.896715392296,9097.21027975845
2417.9001505818196,1299.220776995874
8612.777371337683,8532.54754068218
5371.606505711793,1120.4994510076094
4658.052488959732,948.8219494766381
239.1011427616896,2367.2110808827674
8023.6977220594545,3792.1799483518625
4619.449831971041,3751.371364769693
5054.941911853561,6385.11286573421
7649.433942576451,3995.893124575414
5981.967268486681,9667.132255680357
8935.417139732808,6140.232389273416
3245.2070708970014,2744.952091779184
9130.56545689465,5451.794107848096
3849.8696899470697,825.309734366776
42.84388470992106,5558.014459514953
5408.880541919745,4924.1909330279395
542.6902326420125,3618.802382415611
3825.56626080665,2122.5377676685143
9593.64421587271,6729.634902447939
642.9405645866037,2984.9225210748355
3701.7495961485124,7561.508042724975
5245.1056596353355,3999.051901234374
3597.320347527797,5951.4687955532945
184.74111528050895,8534.24282250262
3821.8902002696377,5195.6043705223665
6637.17380455735,609.8431188831211
516.9434441094922,6835.011714969012
6246.044126852082,7463.301133268211
3052.8723634818434,2937.364426454935
893.6116639151792,2534.6175559236995
2678.9612892693935,6564.782280608421
262.8996352816415,5073.745253658143
9092.073954463325,1608.5062334018262
1157.7464310886953,3088.13938837982
6442.260159863065,5858.658274491426
4127.873157704238,5158.408841044082
2571.5100328900153,1405.3745285829045
7291.677241367261,9966.094485863921
1974.5119532757883,5352.954197305337
4610.335629167706,4929.508907016716
9562.982613244243,1947.3861488484013
4940.496536835903,1155.5189485495853
6936.211297269135,3278.976091552759
7254.838132860442,6957.958348604043
7062.834234614222,6501.654019787358
6843.937922305544,1314.949727307424
3629.819453356837,1872.7615246509056
49.570990441154535,1047.753711606557
2479.1585086201694,2369.360063986882
1971.795136959289,4442.516278928846
6886.949977347391,5932.446859479021
6422.816700745314,8323.489742862866
9054.131294285884,3837.468784347008
3375.9539090642143,28.913601403848244
5112.223423828781,877.8167916529711
2649.0172277106117,9607.24219368194
7194.699075794889,6502.294476259254
0.5120577690942429,4922.507600174757
9520.298936474092,9359.749654818303
247.40803828871782,9571.63314886627
5927.521802716617,3972.2753645383646
7785.729705218897,9279.173875001203
45.2071983773783,2274.3942199502576
9570.871456189485,91.20442926357164
4873.213429207103,8895.615251677962
6528.547191415799,8479.249439937681
5530.116230323551,6960.818973465942
6185.979919461202,4093.984851908158
1812.1808953936436,2352.561243368553
6373.872171197622,8028.170230377469
4396.713375170647,3198.90342350188
1804.4347960716088,7245.792468181919
4509.761131507156,5510.167182476093
1270.0579603192418,6972.846779543147
8226.021419514751,5612.467190590791
3847.7142091811347,8665.902133434627
429.94073233308507,8704.222482469135
4249.524956513302,6158.435200190604
7935.366626056317,2466.618932107838
4145.105532106477,8686.676337212532
6189.442625388259,6056.594621664892
712.0226884833303,9744.687192104413
2450.3353805229767,4424.004711498034
5138.228907706727,734.4535657695683
7707.888975740635,7650.095193736386
2910.5269924376576,4747.381479458594
594.2870888012542,3710.2415142230902
2135.000220099792,754.4406223157529
4660.782318800057,6866.011795988921
9511.361794711725,5277.512124679035
8884.151829683686,108.91887595950168
6836.750922088035,7484.774609662891
117.45059196447194,7134.902769203582
6405.814290498451,5145.87768171482
7085.345353239395,1788.7525338157461
8342.127840078016,61.1651772370636
6945.993282443886,6518.805983261748
1175.180642951401,2981.8706729324217
8701.723238440642,5308.379682146348
7476.195209773271,9572.481013878523
6168.719799093583,7730.277745537417
5159.092583295041,3784.7438342867144
9957.277498740608,2791.046115474133
4069.4832508467216,6707.994985839784
3544.230845730325,4834.001739896972
2203.679504411645,9017.730964988405
8394.833236585315,5193.052080283845
2845.354375279141,8388.871081627416
3787.047026629022,1429.9118783009123
1948.3337479711126,9366.94070119108
8619.684375006656,7904.046760171019
2779.9507163646585,1285.3261608854027
9023.5877406168,3961.166410923711
5928.902090375896,517.4787575142681
1183.701772106618,6968.4098872208015
2786.063225684575,6687.063908256391
3486.5155376826497,7425.43851116663
274.7188933382705,7126.836906987219
4596.5902090950085,822.6297561926287
580.6754586325103,8776.868658527814
4.193234451997929,9058.178080559528
90.49808393283621,2542.7189381166195
4969.73012687394,3351.9301595865404
4316.2617745499565,8771.626671845908
1878.8801259358434,9147.11620420843
5767.834570481247,2473.7436148422175
778.4726562920929,704.4541586199759
2512.123472311333,8930.351067714757
4773.86038150555,6065.775891532958
8331.064496844565,6025.4192302221345
8022.252574621695,8061.499139935704
8701.669881991826,2683.1193954025957
9945.121320414271,3277.047486463589
1917.5629632051273,877.2869374729597
4733.957355008569,3824.0840774680096
4947.950279927398,3725.490053932504
1434.6425720256927,1804.0734523850954
7932.444965600976,8780.572702678932
8274.731713346559,7357.194757585901
5012.338007053176,2297.6743725773617
7198.994723717283,9603.514259828777
6594.189197568323,7787.2576694003255
6336.657813839468,2851.037189993225
9881.628430251441,6699.871009083618
8219.458101724804,1419.0335651790676
3482.591806674653,4060.3369018218905
8258.183866699537,4966.24413631255
6431.564767611932,6348.002075422058
7773.384853888084,8705.85932371431
9207.920216842756,5597.090282880914
1292.959524713978,3848.076720630104
7333.116866185385,6213.729202881295
4354.2472268573265,8907.319887896843
9751.083039298288,6057.828958696872
1708.663586494934,6881.586559663476
6678.27617993742,6603.237668991763
9715.520576812653,4503.490646977128
9138.710368880676,1001.0941559777153
6204.645072750443,1497.5714503100412
9776.877075667757,7368.336929112037
5131.104161131618,4943.271204020561
60.722970664216504,137.3291107354302
2047.9986190960708,58.85101998659326
8463.236902113826,8852.646122133505
4460.762383148105,7434.302950782758
3442.5026838814365,3884.600377806998
3347.0117358253924,3824.399250177292
9924.036743602206,937.3080495153463
4873.174926698717,5766.486804516014
6504.899117423847,4571.966761339291
1707.0470443995157,3598.194555600538
5827.626927398592,5443.937756062104
1891.5725044343524,3018.1512188467464
9178.694931947719,1657.6121491685092
2811.0988617284106,5577.401230185125
616.0590794082399,3580.4550761631403
2906.4687725892145,9971.857967851043
2059.044441470301,569.269163783962
2540.34328757038,8515.81013053254
4745.028969468812,9575.143222982233
1684.2225381851617,3914.6906459508377
1348.7591556163925,4439.047022353309
3043.7131091431925,9541.075070066074
2738.4606390282183,4086.639206146259
4843.461912263692,5790.044551310098
3667.207344422593,5991.273894176359
381.23310963679603,830.5640795961089
2168.28747329207,2891.046386216034
5075.913211326561,9600.694236784884
8299.305627680242,7535.13780677028
6785.277295505245,1203.6845095933645
3909.5603313804627,5026.828336912605
8658.404891451399,995.3757497783333
1912.637855122271,9379.29480867881
5407.445895728169,6578.320054981481
8295.268727362603,8388.565959162826
4639.092203889088,5204.390929567771
4736.084378959934,2810.161912528815
270.2305274831041,6271.526406189285
2472.310816280754,9883.75484471629
3725.426195220138,637.1171415532207
6903.825244030528,7196.161526130711
8612.23973225052,1624.6055018112816
3085.2466625768416,9871.365386587731
8593.329121304394,4522.6030051681555
8397.659769744241,6994.273802204082
5241.435884621805,4445.568622761254
4861.5033267362005,3203.138568923682
4399.467898443846,4056.904096600976
6275.789429823772,1312.1481349049525
3462.6305099469155,8143.693143662132
29.111071384801956,7197.601183254797
6781.0308245776005,5909.212205695388
6259.463267039622,6786.436003852071
6167.623405946328,1548.1183484347648
7253.20445888231,347.92707664512477
7788.395999373426,1199.6123169762495
5366.111066663345,1742.5075227739228
4576.8924703527755,5032.03183252647
5348.710036331156,8379.072618782673
4389.611197701088,8013.809575519804
8891.943057216244,1573.850958579116
8584.59303034928,1351.651261834248
1411.0264332955303,3471.8862177974465
6610.131039707427,7066.251512990376
8506.189305649174,4455.996036695572
4800.273939193283,2058.616375970831
4020.0923464672323,7076.242096985124
4641.632970822273,239.4996356896273
7694.040604560965,6486.881514926576
4849.305464657895,1698.6263145548176
8664.114549862592,5493.154867744431
6510.994219244038,2590.0075657318166
1582.0096842862808,5617.030538200637
9153.569881060701,9734.733799973896
6402.306141763089,338.6050444279409
9007.459385743176,3158.3969782312506
6743.550655978681,1129.1713569895212
2955.121709746182,8999.139171121236
7251.460455293241,5637.991589785952
3780.933425995654,2950.195303576032
502.2314494034241,9626.555842688605
473.09018578091553,9702.896179234274
3042.6347212464934,1224.1070466810434
4418.866043221798,6498.0389726866715
6990.886801154042,8720.71019828498
3773.8674230422907,6091.270517890882
227.74334490383464,5273.203003186473
872.6323063282526,6480.537590936962
9753.56018803567,5934.824103660921
5904.083773737288,2451.98868062487
8596.667796009975,5484.642908710073
2319.455615881646,7099.976432570072
6555.446690347201,7406.99277793968
7557.317638183525,2767.722034283483
747.618886491126,5022.5387961599
3800.4337726208128,9651.516393265767
1052.0540403703915,9071.722271650266
2341.840028467772,731.3638504200293
6556.0915897030845,2015.354938918027
4381.301263943862,7667.150466555989
860.5553388028164,6959.16291994744
9295.34070117717,7720.399886454512
7602.843204904277,4083.151025492685
7760.419133185727,8416.35647639122
6371.662231742643,2673.1776872926293
3372.2881585916098,7776.194806384231
5684.572741254473,9993.195383581937
2278.9979419855854,2915.894210633225
2858.802948407152,471.93379533265966
4594.762302327146,3583.759995659128
5710.3324931923025,2260.094244065588
9187.388316844039,7945.404732188375
8544.45021641956,2157.0848764192997
1634.6220101886156,8684.700651349327
3987.3454589119406,421.540311702463
77.41595285588487,5917.849564057541
6829.829465887822,2438.545155658224
4622.9628381597395,7672.618484794367
8768.91636455884,8178.354750946422
4235.009421004868,6833.47113907344
12.381051446678226,5157.068875837976
9371.041042551484,8174.414965113683
1047.9843772406293,7552.587500216929
3170.534728738096,5586.309249975347
3902.2786535150713,5944.9619204330265
7888.497562181727,9748.784312509772
2435.9730713465833,3040.2464755334368
4712.416727784793,2832.8359716556083
8229.017911477293,9889.175535207993
5306.340917954089,8418.854290941403
7193.583978697776,373.34640485840674
7090.126605265708,702.8047766103917
8178.2011029924915,2663.581292477898
3612.8622575866766,7034.356854752754
1835.8740494707126,2365.4779894307467
8238.574627587916,106.02483783774485
9464.315855907376,9625.738638305353
958.059993048761,2015.076055369136
5692.774959770985,1761.300806259274
2086.611495216859,8689.011201204932
5319.408112374614,5792.955335386841
6574.4916359446415,3251.5267563168136
3287.2412086719405,51.87298525317075
6666.857264831358,1954.5846418584745
4618.228001441363,9608.463978150377
3694.013481008437,8785.413281827352
9723.119831087617,7503.253034273305
3828.400814787801,8942.314017699018
5463.205061809639,647.2768811516805
703.4479909831103,3204.260713481353
9185.674420558651,1108.155060112983
5087.417975416458,6689.537086846496
3321.4174779598784,4639.754841720447
5718.566581298914,2378.9546036350816
2582.661913911177,2531.4934826635317
3944.9895352843,2586.241692661182
2217.5132006160147,4089.7231551504874
8638.798251954177,7425.779814068871
4415.363975132464,9006.336612453053
5364.782447506278,1058.2424807466462
9535.668988360843,9422.9030925643
3527.848181335468,7557.0625147802775
5930.623297031779,4814.8808224597815
1780.1662673458518,3013.922073896005
6175.030809459396,9362.344173115067
9717.076507657222,3749.821708003357
4249.243345732661,8158.512918246403
8097.852448050262,6993.248559647341
9096.193667025811,1927.679413461657
5433.872937679776,8734.407911397031
2766.286042929951,3501.9766951962615
9695.629855022435,3957.767229053224
1708.288649248486,7174.711143382238
1565.5426450563225,9539.082796587638
7028.409060893781,6435.234949482142
8572.60588414563,2099.5005074288797
2360.7885253579375,8107.519711400017
634.8846422814258,2168.704703957135
4045.142287423308,4204.046589626446
5581.425657228315,3544.1299541078074
8203.476798631955,7956.2120999759945
4212.195005372125,6019.516989534808
698.104567951896,3484.221324173865
880.2077289509048,7465.579066468523
5080.943148333626,2107.093901811652
4322.749323717177,1102.1421037437594
4843.356359251618,7860.969292295255
6056.043348934758,6310.6187118048565
135.9796371901123,2119.285934147035
2204.4922766501886,6007.460402293934
4764.374301285983,4309.502431196555
6591.823798087439,2666.219824522509
4298.071937937906,7347.313840610555
537.8528989071252,6066.371136905848
9244.392363532337,7335.862209113956
2408.4772549504096,4653.359446044671
624.6344085988798,9551.444800702358
7606.102784169639,3859.8504618528827
2237.612768848205,6970.831014246618
4637.456303828364,9786.800399407222
3383.239949557857,4215.825933366462
283.3399462260855,8020.730752670334
9692.963714132435,6854.425956465639
5287.180261398115,5116.589296408775
236.76411126648534,9703.80033930556
7615.257102441749,8851.496612569155
7217.246081107681,2685.079452239838
962.2545610678224,9536.983656694782
1215.493780178073,8226.166942547992
3563.957950123998,5768.00228741124
8924.355613697906,8532.913958939445
572.2175164113919,3476.526304710259
697.7768950763564,7929.283350867811
2276.2746168920667,7523.013144954066
8753.65725124473,1389.6090761195856
3497.293417582422,6011.088992629368
3609.9554954118007,9116.853083931697
2709.8697866575803,2820.908209102061
6719.823055980939,1674.346557562515
7971.684213558844,5091.551769278889
3114.8467060491225,3579.728026629515
6479.2473638848,9986.402193982038
925.1699803350344,3550.632071813291
7426.161610785559,3502.5059795918046
1948.2713266607489,8841.581514205891
1333.0847221579777,8007.681583666188
2057.3889380266573,9551.992940158227
9083.9843694705,9802.21709130609
3826.0820896229075,3817.701396075903
5086.971707246636,3599.74193744373
6307.7829340746375,321.32195728287405
9868.005637957021,6186.509472540861
9845.791389463693,9374.838746972066
8564.861545433716,2866.0231970343684
7193.901251653076,9934.663401590333
5418.59088188083,7590.206686827142
1438.1414784057645,6214.979129680049
6748.21356938639,4538.0405059171935
8671.669110635254,3072.5868399958113
8135.173463951899,6172.23205338905
2566.0895239416136,754.2495870031518
199.9790373250854,499.2945953608641
7171.5237559114485,5736.469695164189
4937.11488210558,9349.46158077108
4770.803393676127,4370.202295263157
5805.6647150643785,652.4059816222672
3651.549323522031,7224.831335859756
3702.0336537632747,6696.8628696428705
2053.824008629269,3796.3972110032473
5663.425407608407,1586.7960164879046
4524.506720467158,5322.657036476014
8777.403080842425,623.8555749645546
7310.522510263365,7770.434023156714
5702.986860400442,6740.848221965519
5688.334694744849,3933.598976045183
4859.261198629733,3063.2880964321794
2332.090444031991,6264.039170880323
2018.3471128602782,8347.717404727578
4436.570908115323,3928.4176332057827
8593.134149795695,385.8061921716816
5057.794401813669,4898.122171333348
529.2075649980077,3941.780683174654
7805.809450535306,3887.566362323296
2408.975200912926,2660.5723954026894
5440.690971301556,2330.098074135205
1455.549125060901,1016.6027154884528
7305.106066199532,2600.8967212617827
450.98119204977525,5570.366302860247
4393.181043813423,4401.283401531063
4012.6222103872765,2655.4933877770904
1091.3542392176755,7288.046740720159
117.09039287904454,9235.44745142381
4826.429190403182,1628.085341306179
3302.4972170726983,4038.873347806593
5821.693252702147,9326.413620693394
4560.076565039585,8426.666441786274
342.8550584052759,5005.798200008864
4367.172528311184,6961.873753506784
3038.6804341480556,6619.615124746842
2596.832585628235,3182.8076093257796
9814.307083743404,5625.2169451547525
9516.258199791517,9199.073918862463
7501.75343702821,400.3943839203905
4709.137766147442,6909.270624957064
3374.504969049763,5617.797971872605
6011.7091516226865,7074.131274848003
8753.01446626894,9866.98672281436
6897.9711489424735,4890.705043324112
827.2831627730948,5814.491062820878
7430.012320716639,2521.476583424328
7468.403996992639,6246.5832503323445
2791.3221019770185,349.8577769384414
2869.057604550569,2967.4869590238895
7330.905425676203,760.4196977741717
5717.902722973818,1744.6653919642351
4019.7986091189487,1515.784062709803
1965.5389324160876,277.9606584285477
2888.4718560235756,7652.345796844017
5065.434884356379,5745.4553295553715
9806.714638601657,5373.666675630872
1574.035043930495,8350.85198087915
9920.676205116632,4977.48269306749
5449.988556272112,9304.079385970426
8114.652830990378,8809.585516609593
2062.061373205254,191.77548065621554
1114.1231957829934,689.0638937794557
2190.2204946797365,4904.63969521015
9171.730478318474,2923.64075900569
4489.620334866904,385.23084645293636
9439.290393093148,7288.3641681997515
4542.412499108508,1293.8380814767613
5311.137896996475,9941.795083393543
9820.085894203732,6052.1521014274085
6656.9925157719645,2121.0124353195615
1460.8229863271215,3533.6172618207706
8551.190338644985,7038.065703986475
1021.2134477607804,1207.6448437977615
5387.366065858583,4256.767469334408
9774.370771994421,3946.992204847519
8993.433756397055,8049.646349057478
755.2232626542522,9934.294958007678
8018.648446682365,9373.674667873307
6980.049771359808,1522.4131229186232
6142.686629331168,4432.656983222675
5857.241453299671,6287.856947491732
9329.367703378057,9493.963157005088
6256.584776773798,9172.021157380444
2835.0509153279136,4852.345466878792
1957.5557883035965,5458.531122173106
7734.074448154586,8705.605374173681
1164.1128055516904,9011.925633073372
7926.184280707333,8428.770735972355
2588.7455883337198,2698.4517324388567
5938.443829950861,8151.57238199871
8985.250666287011,1955.6394807198928
3660.949263759071,6771.618914974471
4818.6218442383215,2650.816753460369
2938.2471009685705,524.0294430046699
2860.994418988615,9991.11613114467
1215.804646522165,6598.825365934171
1200.531557525877,3865.535983876277
8506.1195509279,4525.089837352894
8252.380423788843,8913.219773400651
6303.196688997565,4877.622045144581
7287.237038449439,7851.8964785220005
5340.687339119854,418.78837154503134
6485.720609700714,4527.169367796171
922.7082164516165,5386.772962785443
296.03172216889794,6496.271225727122
5454.755909794055,4651.213276224743
526.0431418847189,9433.15000632037
4998.7856487824765,6733.927504521342
7397.3101676798915,8671.309347986067
7063.993716680225,6135.974210925548
3841.0973468542265,6678.589209032729
4595.080386180704,306.69382492909403
3349.76478800205,7979.943545829465
5008.632374619778,7684.963423136568
6177.448031568402,2374.538188454214
486.7783129123049,6272.028975113993
4337.012169800665,2967.451408716596
4415.333575358696,8518.882601707497
6541.038626850085,8641.050375328994
5960.823894993266,5686.05024707247
1803.6964378124387,4397.881321132748
4971.1182612932325,2597.0130391097455
3212.8344797633545,2130.5879710679997
2708.7167925885637,2843.365125193378
1725.4467669315798,1257.05951824164
4327.2566810182525,1788.5351054309428
4272.484928615256,5850.051684943667
5945.134422801682,2130.743019089296
4441.108465121329,1333.4630297063743
7250.995679511783,2385.35931454273
5085.942046103542,9023.456537652368
1079.760508165154,5128.596072154118
8902.207897333928,8310.882676621439
5290.237971986265,4911.475038912473
7928.186532731874,1193.6198654410146
6136.3557217850275,7161.134493999256
2781.6906126578424,621.7759048935767
7185.429827093307,6150.137609717076
8204.81642335973,4547.326045194161
1400.7928448702455,7168.633966929382
2150.681732935412,18.092582500937038
171.31366289751205,2203.608170775969
8377.379415092737,6928.844140668927
5828.5945095335765,8251.811971687774
7178.728230967654,5963.244298435498
5062.389103465819,2486.3787125247927
9058.490001245571,4911.685615525887
3313.754986336852,922.7097283993891
6295.8613928075365,2075.724434936749
531.006654040137,7860.738409349403
9759.980886231428,4217.261996539615
5260.788298754136,737.711226290686
9076.745377238925,6518.653171402472
503.97009321325845,9242.87901701024
4598.281500378443,2195.396052825941
874.932830362628,3658.4383518927434
5397.49859374329,1758.3356159588404
1756.0754503145326,4292.019170051444
3122.0856198888137,6171.173935090809
6687.438156998614,9108.218030174523
1364.5595411041888,8213.578681205336
7034.35204448802,3164.521881407245
3226.6556226532484,6893.862364302691
9748.447253351704,7287.861593282379
8837.797913319182,2424.253902963429
2716.515626331263,4919.830244454336
9214.184795743267,4713.782521421427
3121.408801081822,9047.471253565185
4812.071780668684,9596.401460856972
7996.323855292396,122.06391646555903
3901.6580618384432,6701.109946642635
3840.4271339480924,6894.49670624466
7314.285533468672,6772.083060069069
7597.330833089033,1602.338426188844
1087.9171303320768,3575.1223705417556
8349.413302746332,8728.804829459403
5706.933211763759,3568.376391319398
487.7726051931597,5343.322157614867
3316.8213791158128,8299.133797801438
4886.247773164992,1521.1939657920782
9369.584012110166,5654.746441047631
6478.409511517383,6690.848727304566
9549.164162834843,8533.461591536363
773.0401447097302,7711.996664618668
139.87333757448872,3381.048401705472
1889.2234459684776,2359.0078118679603
5807.574980582838,7508.844509013991
6666.564969612443,5413.497955202365
6296.511984278696,5617.857839364638
7578.980448530012,3871.936230148604
1498.4288719825022,1175.7374324876791
1789.1915176007444,6984.227830580053
4240.331403670649,7281.997036997164
2684.884212157381,4734.8779155314605
6581.670740805369,7039.462791826485
8090.414053204291,5485.8120773667715
6048.854308469894,5919.103138981696
2218.23810846272,8313.60731201822
6001.931541224227,9824.04017585408
6270.0893165771195,125.66453924623633
728.343325784655,5547.0009894263885
1728.596332577259,4724.736430361321
7457.244004833938,1772.3973781512425
676.4100209246449,2259.9073013381985
4364.065423414502,3464.4417655517136
8040.531801737208,4491.0931682254295
8867.136809199845,417.1077055874206
98.47994321967258,3988.536096252142
1582.0931093169588,7101.975548928678
5315.70635994125,8244.413279746648
2199.797444641628,2755.460075913663
8399.858121857242,9233.241762181508
962.6788439997936,8934.435296909676
8881.34859361898,458.87712213592226
2390.1569050352314,2692.4693043161406
7152.039312247424,4456.629597633161
272.41006151743187,4224.180449993025
1840.8526177942174,6385.998449122947
9089.033256220382,6320.956123762923
847.3087472700769,5487.183962471536
2266.4526925839823,7154.996337437761
9588.415954330612,8052.273120868175
698.6140516004857,4487.727439634785
1346.0288847149627,8212.727614547686
4989.830890895591,2817.347331382749
7897.126848137333,6224.025697253313
9603.767547134123,5981.738458960704
9806.301208129975,3474.19119672604
4200.2065094704185,8659.56351728992
7033.429445309848,2815.7100340449415
2488.70234954056,9595.70275011274
2751.431275839562,5978.371465541397
2207.988831289238,2880.3478833446593
6245.964230602612,8960.276925216318
2921.5396005603,5646.791172903777
1830.1886673177937,1773.4482198920775
8705.696702924179,311.64641607122843
9990.98752453782,3246.968444629641
3053.455000473617,7383.825866489039
4794.556749322134,4430.409020370533
5339.750274199796,9190.665306263825
3994.0938732854147,313.306196319838
3671.921606621218,451.63125225133217
6881.611281953554,1720.4592908455197
5292.962818789737,3077.615603083226
3138.402716411939,6632.644437842624
9331.4445193133,6070.082298298071
3029.3586723789876,627.5045588423078
5932.8127439681875,4409.716198562488
4831.312797722342,6323.056820755864
1698.600518827814,3388.0106552653688
3266.5185383472717,2485.321477037532
2648.312904929938,5465.424567117828
5736.3108040574425,914.6140767927847
4957.043653445337,4763.53428681198
250.59770221126155,260.0478884991364
3304.933717021278,3041.332711222576
7887.357422000392,5874.723349293279
5614.039554389479,1528.8084313708716
9023.555103484807,2480.077592817532
6785.813488695244,227.08494936859003
2197.1633414306625,9176.558252840237
3151.34290769111,3805.407664078715
1705.124585140043,2724.5655110631405
1287.5458758909385,9018.074103810583
3896.630976299682,1017.8572647420592
1151.2082506529919,8658.29004478813
5314.143012192437,8895.570491690452
6673.666299798844,150.7714463255716
3588.379546965732,5261.2194490240545
5654.377760445343,5677.4700746359595
4517.261999559824,420.1707632322604
2050.8023928411844,6349.017428078104
9010.284427744218,3066.051754815379
708.9899032336589,4366.280144290652
8878.682886533692,140.48268980483834
520.3103079990012,1547.9272285904067
7420.168379097233,7111.792736177674
8011.190723657213,6754.497065385499
1970.9990011109057,359.0895772560276
1529.6017663228922,2611.8988113860173
8585.539023040245,6385.350210091465
2734.8243685215734,705.6266292116875
625.1149420913249,5705.343144795817
8258.688321287877,4043.344033518169
2546.803116483992,5230.8499032249465
7664.358324998502,1049.8625007276519
7088.803419058341,6033.817992328608
7382.235879783216,2144.1784774789894
1792.5174989232917,5442.910803281061
6767.252411556841,2070.819635845631
754.9146385953742,8910.5239021432
8461.398995589721,6875.607354983736
3803.2910993205937,9023.372922172635
4316.991237514625,7548.736138769056
7431.107810938298,9378.977460674967
7886.180606026285,8463.31646637881
2683.781349467451,5796.6371911698525
9288.719611937731,8651.2997497454
8043.996729103737,8937.552805316122
3326.02719457881,3491.9715867224622
5414.122072509604,1362.9205978099912
2912.16683894825,55.42699631413406
3657.361819780941,5819.075802747748
2300.2654171454737,1261.8912581957486
1243.4001944831075,9170.45440531418
7009.025735743267,6063.185297258017
9390.477389776594,5456.112721248704
5253.214315220261,5423.596751722849
6317.3178888689745,626.592149341646
8705.647342252392,2649.43553159547
1485.292544760759,7947.513890230821
4468.696683793822,7517.643273530266
3860.3745445024806,3774.276622560937
6712.078326772243,735.5653867319179
703.1625677741082,6855.6624560697255
1679.7496044530947,9533.172649817427
1749.225770091284,3799.2675477309613
6742.907026376039,1581.0435999808092
6775.722323183024,8244.158741869414
2876.785314359874,2107.545166167778
7562.261179302085,6068.757655944835
2469.16702796527,2130.613552810715
9302.390509763336,351.2742339981734
2370.353911193349,212.6908942830641
6209.84429142813,1645.4072503189498
7506.806587265171,2998.99975640967
2633.497204888593,2681.27564473018
2585.088408297902,9247.445729175986
4331.024946492012,3639.8912234760382
2794.9047615670843,2745.019174630585
6099.410713519553,3460.093150856637
4229.054769768792,3869.3504601779614
6229.846736314538,3276.4326337900407
1417.9350968428494,651.6312190403262
6387.603273974235,2738.949832487119
6265.756952458923,418.66450833533685
852.457526296424,4781.226085794714
2642.061093554736,7539.24369834475
9813.830043803677,7931.590161309362
4468.880117986604,7502.555181837629
1653.1647810012473,2195.00002973016
9820.901148856867,5108.640147270595
1472.3206029634216,4642.760557752369
5442.169486380572,3706.024844460819
8869.711146286769,2311.0463700152304
9151.871035895454,2185.0696664885218
2074.5408895436467,6846.367179587069
5086.957977384622,149.9757908205246
8663.181525473348,9585.068863206567
8505.438329000337,3876.0150019355833
8735.081129493996,7375.704746003767
7511.783111198865,7784.442319274616
5011.096859843833,7474.165636228198
4941.776966465334,9130.968209937366
4108.534840566902,1405.5587021233341
3943.423646520976,2296.0956729708305
7504.017678176125,3874.726189263288
564.921441788857,4539.114802593809
9904.501485738914,3480.33272870921
6787.296021749398,8385.5185028224
5848.113996801334,9125.250526044638
9104.186780050668,4930.479268083269
7900.9436837796,4680.007281805439
5282.89996026634,7536.773458837543
2732.5912851038424,1035.4709161554465
6011.684869384852,6973.190023327012
3574.6962891773537,5116.026402002795
5165.1320718507595,1530.7569164705938
4550.798632708594,9173.869607350727
6285.926652886898,9260.843881734172
4962.786965801887,6467.598863779051
122.49980966582696,2997.8046400490853
3086.1526653749493,3870.669888984194
9822.77155696302,9232.273545336535
4854.990058568525,8484.978783231374
8244.590970859557,8073.310740985093
1838.0498202038864,4831.118255112316
2529.9355856631923,509.5660175808203
7844.533884859924,7284.428976038878
675.947962457224,4192.908628944604
9646.993597939552,6866.56470896762
6842.776020702795,8021.25555352865
988.2514409156151,4191.955094777183
3293.0348715114087,6795.754345325013
7570.574124355962,777.6931113985586
8759.448510186032,6094.791194750248
4362.358227590266,8730.575181347782
7648.406028337169,4057.8152769268504
790.596948399781,937.3390734107156
6959.202758191411,4164.689745192704
2226.4240201475372,5713.309741917177
4124.260747611947,7160.336538992241
6867.076446545333,6671.787197607896
5153.942896843224,1427.6518706293896
5058.10450596551,1533.608992993679
8302.64544158605,1907.521714459176
8289.349344217484,6514.829833576723
7721.145582262344,3124.191187087023
4563.573723745414,2707.985412755157
509.89222295057755,5786.164315906498
1785.6200141945633,7294.252157144181
4363.835883348638,8326.106805532947
8758.118305641934,6973.467537075715
8622.908389405316,8713.253177488923
7263.166001123874,8396.797614325455
3884.113206054216,4459.998873131642
8581.811380208648,9247.04140764517
7245.954841133025,2137.1258367038413
1751.24031869211,3562.542245222224
8485.92783570948,6103.258376402736
2647.3627807587272,4057.052324060114
9997.459230333336,1567.2058624110418
5733.221109772756,3580.298048918581
7002.821840959253,772.4154138724037
3208.7701693699723,946.0803912922833
6835.401365885498,5855.441690042362
3514.822655162434,2204.3414951940954
2542.5370295043094,5554.557659857974
1864.6695286693116,7469.622105694332
2316.58786957761,7394.150245036172
6873.849371939562,8325.345436937858
6751.67310292857,7977.115156108945
1992.7351851303254,9752.961340066055
2659.7480648596484,2756.3083980865367
4128.90290792855,2076.0644808342377
9627.52886624477,1232.9985097425279
6283.030157597182,8762.170060892153
2654.2184394678793,9362.923623452272
3472.8772345237658,2202.506437565851
8823.44487309899,1915.9989820236224
5342.216451346861,2447.4964494827
3002.167345410662,6457.291802442135
4547.3310727026665,6384.526469926842
7626.992475542776,5400.665505866
6259.1329020575085,7562.585756079831
1826.6134690870872,9039.557988981609
2799.573879394722,3175.9976482069605
2983.9737391602894,2297.521758482197
8085.171594388618,3961.8705107942264
2518.0573999135167,6671.5207988445445
5012.977026465064,5308.873740645839
6126.2690004861,7312.749772042807
3106.821866887762,7351.229622494365
8161.249937581293,6333.507661489687
5884.008987992508,2976.2665845707115
3413.90615847212,7780.754778400937
2939.965554464833,785.1570253486228
6746.008201588736,4054.5773645663185
4373.464181890537,1648.2910105859482
9935.068559661147,7040.568347245679
312.80285095734774,9415.668722302167
1417.2037266850868,9753.34149780005
3616.7018779950254,8885.71786092083
3897.9716368970917,1819.0923627935063
5249.503856114032,7795.9236097681705
5757.058205982677,5652.200818804584
6157.725871301381,8960.636434647657
6646.931678593012,7014.172409778456
1133.1635574788513,3688.6695644459146
3373.677250452122,8086.046843084547
9074.154982432234,1590.1856696993134
2690.096095152652,7583.911292128039
9045.707500832832,4731.973015667191
263.8261248391205,5620.206607825981
4230.532573145571,3392.531350327038
241.11878093282303,7634.925751332579
5310.391198806201,5939.205140005969
1617.3162114227302,3849.847674827578
7069.460098213618,7995.552222803113
3447.3543408597197,403.5420109156662
4532.156021112389,1303.7387553207902
8152.941658275339,8964.281813817888
2985.8088937345997,7315.996431575475
1863.1553192355443,1918.9698609884608
4488.912119902268,3368.040531111499
3911.4622979372602,7126.590151895762
9811.761291788329,8882.96586090302
5354.6920572386425,4435.275820347984
4591.798410682371,3606.358688169069
6855.293292390573,2730.913045129321
9898.337207569208,7457.950533544344
7229.32191233688,7938.894985304421
4719.995265793296,7884.474411286642
7160.895595346984,5020.218043833904
6219.122545310508,2402.4091735796915
66.26256421195187,5379.924912779008
1713.6966123958885,7758.242172691626
2606.552715658094,2922.0064893924246
2592.91351316298,5351.571379010338
89.40657076820679,3468.5440818696334
1831.964941281299,1149.916108923893
6666.973234509503,251.9907579597014
3605.6615530877934,8111.054826383558
9628.26984181617,7891.2749154528965
3246.3605826633348,7468.784948437414
2771.4553294949364,3385.257398271252
2151.9497929939325,6177.974023225619
8042.987098131562,5645.467388223577
1501.4218634389874,7893.975070421182
4922.323875577692,4157.7187301091635
955.2220051045767,9452.56826993773
3975.446980396542,4973.020877127674
7717.430798907673,3622.570030173303
7376.612187320459,9346.415501180754
2359.545308145624,3315.219045066918
2829.8100921406244,6643.439685173158
3161.0624938861574,1958.9229215918924
58.53895589304714,5750.498056603318
935.4539810909434,3811.4611305994417
1430.5752374977976,7057.209444757915
7948.621873001981,5984.243307011386
4736.539816765849,1020.5499725133316
8908.094632926774,5865.034987924512
1498.4921598818723,3131.851361024831
647.6697936651277,296.3041628363694
4631.9309746966865,401.2328283512678
2351.939936185948,2194.0066024854464
7371.1734302880495,7763.650333464749
7358.1757701496335,4920.566332523507
1407.3703448193398,5454.606085543477
1573.1619319106128,7276.194279019866
6346.073358579668,9668.5744952142
8664.901035628436,6591.557183511598
2218.0090160389686,3378.482448873753
4556.574711908208,9610.119542652952
7667.707771007957,7471.565742248384
3795.702885217358,6297.898786295313
1239.5654092693098,4420.634950028988
4847.865596605193,3518.1024666682815
2128.4592245645395,4765.415541810465
4047.7142464836234,417.0153836057278
5754.051264670605,3911.888462312321
8764.861210446163,6529.065705876206
2877.532791050804,513.3484629466411
249.31709513422052,8290.564439965867
3507.0218717883085,1317.909586732271
3132.8991667080886,2126.1826587851697
8302.928892341059,264.0440581933523
697.2497235418163,632.0823429158618
7257.062675676909,1227.6349819124355
6925.306707782464,6266.213492927838
2941.0061776344896,4220.568332281757
9378.042238022806,897.4789394002358
9533.38248784732,6757.4283272830435
9766.763125718902,7780.3060795196925
2865.773193188336,1158.2774962246212
4531.5898846380205,8893.811685918306
2063.35385001297,2677.4158336467126
1879.978267209802,2643.6259543964234
1683.0548807765856,5271.6861012905365
217.06804890821775,4044.2528679030975
8319.580726052744,9392.811030415713
7524.114179565233,3979.5826864793403
541.7936288527503,8711.65106483173
1095.4085068537322,3791.0702918329143
4159.049270320925,3912.0272480384
8731.439631609823,3352.606834338578
8923.532374446382,8154.9861573489725
5828.429846046196,575.7532949715427
38.849099743191175,9096.358035708718
6708.6338411814795,9414.285095305539
4695.3259465753135,1329.5652029083205
610.14518447567,1226.203413777055
8109.510726627251,1555.3378253874262
5504.4382054189755,2250.9640246035146
7168.811004387831,9054.17484266685
7869.398962111864,9434.17377515016
4240.562688356689,1519.040814592283
506.63378163146143,425.98108482987175
8444.925442654414,1719.3387094005718
5947.8332755472165,4687.325178816754
871.5904970733945,7935.438809386025
3995.520570212078,7835.725772473322
2439.710135587493,5526.129724898683
7562.790937176388,9207.61141880073
3566.81691287004,9116.33476249188
4598.580834921228,8188.575532350012
1047.2267954385838,4322.185845479066
8031.99007099064,9012.900674674818
6379.336009962403,9498.996366085934
4892.474445684812,675.9707875065213
1617.4908358692496,7044.116838716172
1981.3106758698407,6727.170150233396
5519.42056508612,5802.209933920054
9181.06433866415,3191.2902945493506
9946.470533678075,8096.7645678723975
3763.4257929525215,3694.4100931391076
5323.984331343624,4440.842618618441
1086.4167376087453,9213.539938195841
145.07072777136253,3785.5551926382523
5982.318632530452,6380.946533474815
4410.53629892167,5697.2643028400635
575.0618598645763,8967.871172590338
1414.3125546913982,6017.755420017949
3115.5101294912693,8803.638059103701
5398.976947286946,4502.659858957184
6443.928146667449,8133.1951320264025
893.0634837412122,4665.916846342084
6372.700950373397,7846.645946125981
2385.8241526539446,860.546238098694
5574.887092137117,7071.799744410811
589.0930030326514,4914.632634341194
602.5649705625813,9319.11068279364
9145.449456620829,243.4094215015925
9402.241887844108,9675.087577302946
3561.624047736065,6906.741270639556
1827.4023477281453,4579.439854699148
2832.3851187833116,2733.38462696315
8766.284450983318,5442.915655824388
7943.4265984874955,5297.960486294038
1621.1166507980502,8149.344364297495
6953.412455554556,5684.729661473429
4911.106053758915,3310.589221077578
2562.8236764863655,9510.826561144844
7960.053469358819,7027.276389646901
5645.695422854837,5241.609675270971
7016.8219531844525,3065.155792349398
5399.975991666516,6013.9036521978005
4113.816050787529,7289.677835507201
4708.139104579658,581.2917444341748
39.346031950739935,1721.6091645144716
7450.482316417496,3630.312111794457
3106.602449616136,4634.750080961968
1444.813956067208,1097.301988182191
6974.551631343925,3383.491518730187
7912.153056160546,6987.466401377538
195.6295071959202,1584.1751334329756
2879.7651634268773,3574.3587583431313
2656.173260037966,4058.8713496871887
3419.6715252309705,9595.228768206029
139.7560088048244,1448.9014163750512
9027.50140140219,7646.810037699457
6968.322993167173,2102.1734640400105
4694.345241052776,768.1603614613907
7915.4935435082725,2138.9390291330988
7079.705702786746,7680.926235078298
3153.869460881148,2858.5284131119292
2312.8834265289256,533.6125911283495
6745.218771891584,8697.072774847018
7404.819996739663,8041.35186713369
831.7992254005891,7778.174087837003
8717.588616587605,8984.536740197555
5041.410447827708,6681.526360031925
1965.434746513849,9294.228426678714
7816.097957630484,5541.768824613141
2183.378118461313,1176.137197088517
3583.182351184012,3130.590858383252
6847.936011222498,9812.998691920879
796.5847269429594,2370.2774912071036
457.0555268892695,4755.666173015234
4309.4861750812215,8187.44108170902
3189.422283323081,9089.09839469047
456.01674047962894,2971.1408952313614
4691.188246292003,2506.7829616264225
2223.3248165768714,7255.275879307299
8175.013673603458,7263.479704670864
2784.7151125759005,6254.1712037066145
5804.83389806798,4809.840348427312
6943.235611419447,8892.640618324594
9971.562943135483,1716.9274191687712
2947.2605241455753,4102.511313322534
7565.823378191523,5879.915999620444
3382.747583041681,133.28432286766832
1338.4792394214585,7408.528649083065
486.48778368370785,9312.779814240375
1946.672704092003,6980.182685729169
2878.035816125497,8683.290473095603
408.43557928410326,5846.59994975013
6878.889427392769,9420.533579608113
7596.645470937595,1747.9073951749347
1416.626037474804,2536.278300048005
9152.658849027575,7583.45121207013
9421.293613503227,9389.085139200573
9955.173207985325,2918.885531821419
8427.073686107582,6445.5127561559675
4567.543503503115,7835.100909930586
4916.456931830649,8251.72492871628
4517.2485583466705,5254.617935653536
4820.819039289773,8018.825152024072
3827.1299216958055,9066.075978820832
7492.760876853417,4932.496296597776
9832.531014243494,2835.460420875765
9184.804725689577,7107.071784479266
7778.234963779629,2893.6241022888744
7150.024857948323,7104.995109269234
2376.4675800284554,8063.6827771613025
1909.8631955897315,6002.596997058596
8079.756797949887,6061.683495448617
5113.559395686964,4284.255441237326
7123.131646659664,7691.251481960912
3279.6360283124513,8662.841018973326
7627.4284465308865,5684.530857602877
9878.225359884622,6555.534594850059
6583.208847694212,951.9903379173134
5601.869501890845,4753.723338987913
5204.130854921995,4394.648656954862
1276.4461964374107,1123.8021603113568
2837.3965254320665,1718.7482051232428
6564.187248789035,142.39405866288357
9792.131954735229,1524.2351316926372
81.11292574965012,5595.97750174467
264.3823338040774,1868.8126266318238
1486.041472051881,7076.127858895016
4380.726245693883,313.6754682205922
4554.288985475454,5648.283417637896
6314.633830037653,9047.022634049143
8101.857685054271,8559.411424193666
3757.94964132526,4209.150451013247
236.50404517577607,7181.612843103382
6968.357245027967,7726.79258194877
4225.868067062558,2541.2917685901816
3379.213474538587,3421.921357154322
3765.203120177393,942.8879726266103
2361.096109449159,7746.4660822141
6506.156846206776,2471.145778963366
345.4533341254129,8334.139934417466
8602.025556837358,2783.781670371288
4806.000472669507,7817.610153773764
9417.307845794627,4054.7091370077746
9142.473572039473,3848.2386899745925
1188.2503843762393,2802.8278592590527
1874.495378123029,2404.743919784056
2825.5052551758895,1088.4113497915482
3708.49369083842,2177.0750272389614
4338.967916229898,1017.4720782541435
4212.291035913187,659.7345413705025
3458.479889199053,9428.650746488092
7322.019175322868,2299.023476402553
8751.274572261613,5579.8443411472945
2041.7483727976694,3216.862868353203
6379.717585431145,2533.4994819325407
1373.8138823073652,3318.5168781470907
434.9735762575546,469.66043381018176
4362.416109649964,5742.339319534046
6822.2469661038795,1212.745644509272
8397.234563372356,7582.968308791749
2872.283704058345,6376.657367975753
2148.6871921594798,3443.100477578217
9458.78830529523,5430.599526845593
3093.167371417177,7424.983296910786
8535.10908668605,1620.6038285183754
5195.170766484548,7697.92868749058
9349.950991293814,463.2818015771267
7781.088084393861,3422.4770940679605
3065.553369987848,497.0146547548282
5427.7320803675875,1340.0961434804026
2437.539699302457,8760.729542542529
1968.6291887017426,1059.407781963766
8922.943403560314,632.1321504475752
5274.3935112319605,7039.976228509186
598.5154356436495,6229.618034139858
4297.401789274815,7857.2972631757275
8647.132232324111,289.36053962448915
2619.5151448352362,3047.011298460963
6118.853519127274,7234.112485196721
2534.939725528954,5553.5320135606835
3176.347935819359,3557.3265841016955
5066.094675833598,8155.0366617149
7634.240728777125,1092.46933887295
5139.649588903168,3621.3126567893883
5382.625126171133,4760.670883797272
3452.977392389188,6943.411798477597
8205.417854973632,6188.014230668422
6811.959043907537,3127.9760674730474
6506.232301723425,9893.720680856959
833.0020818189776,5036.28941978127
2923.6943118831405,2485.4019858852894
9335.519351451812,1369.942095774589
6362.566692134072,6201.105741833869
3067.246428157231,2801.729961644397
1297.3396330115716,6618.306913699487
8342.963828371645,3962.2469961185448
57.47157826376248,3247.6315800313205
8995.875589567546,93.98688943954792
7244.608735663532,9470.776632192115
9094.346698135208,3610.2351939007617
4321.595419962354,3321.201552786087
236.41741627857814,7913.387360058247
2739.2216378781363,8403.730659160214
2878.6177152502623,1527.067315711672
6940.02994606395,7926.31190309356
278.58219668016494,7951.157027683319
917.9027686160501,5045.401744602006
3739.121546680483,5510.034281461167
4456.895632247449,2471.2472614060875
1784.8762008123886,1148.8664485698796
8390.766570710886,8977.707413090575
7380.539874712885,8745.198361116922
1069.793860778595,2719.6094213290335
6909.453706797698,7510.649467158075
2010.6917909873446,9213.227689549418
9848.788809650694,6567.214501105127
5682.294986189728,9736.89883877006
6478.010457509502,1487.2507286317405
8159.479138581184,5101.197978060741
5806.44099819678,303.0387017658209
7809.453169339292,6587.759083254946
5823.377392101039,2180.688177834178
3501.4221555333093,8343.47417215357
3495.4803759402675,4149.199182824475
4434.036053331669,7578.392817463371
1580.5841755380134,5258.2597349254065
8881.987495265092,5033.857521253429
7725.341096827448,852.9807859104266
2066.2484094445213,2202.8480799011018
293.12169528772023,1457.527981213832
7692.173134495771,1953.4165093760203
4113.052934697251,2819.584283831009
2340.5083782411953,4962.889229403766
3795.7681073721396,7278.608478978778
5520.549956537916,1044.6484530337063
9672.722935146985,4260.780679756629
7455.360813333825,9657.815587895746
6557.99749610234,6826.661289837242
1876.8541679364503,3604.104568553156
5100.205823131732,1070.4267214235254
9048.90482560902,9907.99866010932
1918.8408374677667,978.9861041246173
5767.466235162459,9622.159283993886
4956.66021351893,7015.618318700598
1975.7527803462494,8203.754278127257
8666.552588815746,8516.341455713873
6363.143635923151,4105.734962944771
705.3334137391442,9557.133562372108
2613.280605307625,3985.43278049305
157.72945172280006,7656.083344846223
7.815544917347816,4557.190828149062
3159.9783600361643,3144.170743305965
6115.100594986042,220.29454868343623
5844.051778808717,4047.394183867226
2127.5329166895885,1915.4920444576019
8822.536237708124,9792.527990742372
7140.4526784262325,169.547720463884
4460.61844973473,6668.855678772391
6680.06114364151,2424.506089876398
4356.954865655796,9508.57416837756
1694.6232609881451,6343.868866349205
3669.8676066212197,2096.004452771316
9551.692767338725,3619.5254731180803
3202.1941804367516,5092.759974106247
7090.07164468547,3253.637386340635
5277.709767042422,836.0579823703617
5043.364943305839,6322.608094938838
2020.7930028318876,6969.062419132773
4401.7752544705345,1700.8485141822093
9941.863221437166,7405.179483980217
4734.274210837154,7089.13347846547
3100.453967609125,540.7410292383486
9486.179952506047,488.9630857586114
1015.1779392148774,8616.745308511305
6954.631321336325,9765.31195207043
996.9460300737898,2683.488846529897
4030.7009513433254,5922.441622757315
4625.005688029172,7838.001068943125
227.12784017043575,2172.7538951750425
8687.6528722334,5129.514255389264
4.938373583793787,5709.037056939144
6043.333402550282,7129.996993887185
4274.08823264483,5084.68617857753
5033.016563618403,2697.9195532133617
7605.539676289706,3491.7245075719206
9305.693958864267,1888.6578300087253
5834.528343674116,2876.4253965655153
7701.673598979018,9001.925247357714
6905.557455820206,7438.250241818959
2265.138381212419,2783.3746461102946
1043.2425621662655,2721.6538881494603
3743.20827079737,325.64012306212754
9376.016148677903,3175.2497935645497
9487.528231231454,5818.611733808583
1587.3956238784292,8864.643736687944
8217.703714271165,4840.596548512295
82.36755362169168,3606.7267854625893
7760.09941529196,2363.788831688326
2776.2950762625683,3547.4468988823182
5609.371824014744,406.95422822628393
6482.803549284879,6385.052972373692
9349.643860171642,9.201228964607067
1712.4408178877359,9055.739303524468
9632.999944125042,3260.472548467779
4988.591893850835,5150.070448156584
2348.583791069491,2606.5107761386384
4574.511450855697,8873.855296962121
1640.8148647127784,8218.514005314271
198.19118051637054,288.3543964218227
1955.2594923015365,8684.461626887552
8292.949023364992,2610.622050073016
2926.151468614848,2258.1909544635814
7318.045458414024,3099.564810347981
6989.956877355533,6593.720747296136
2965.991373304452,267.5839164363969
7479.163613099732,3132.5055020493874
6070.933345433625,9274.044618086442
5881.088041002294,4982.376631841236
4253.600642575129,6592.656586263439
9016.0143401333,8115.047873436997
6627.683464427641,2959.769086027475
251.50672634202786,7249.948559024767
8972.389051411454,4141.699643557365
5357.32276039379,4300.5772978543755
9760.346718888637,558.0382024308461
2441.337351347458,5.751336841813837
2369.966691817905,2705.9000754100994
6467.251086531976,8705.486117969487
5541.870820881339,113.45269676306225
7363.428052245741,2566.01598626825
5917.710832397801,52.69459851650837
1854.6753049153042,232.9451376536751
2520.9545472553095,1614.7562687312677
5593.799914060091,1118.3644897913048
1697.782220469134,649.2814869232666
4806.383201196894,4187.290184114279
5313.740079415342,4958.895498760496
6315.42890905171,7816.630290043248
7244.07644862214,9350.195984484115
2832.2385168067967,1239.051217726892
3972.1639934007026,5815.501061144316
2996.833347690565,5719.690852601245
4963.777957235226,2546.02253731532
4135.937688773867,8693.234370211896
5379.565974363162,637.0836755610387
7447.655470744146,9899.543187549956
2635.257986075893,3784.8234102785436
8287.049748898302,4572.321899648974
5480.501595086545,4257.004690234662
4747.630873653812,1599.8527335820622
5876.309074884351,931.6393030502146
4917.822694073799,560.3334267342208
1598.3416312916654,8912.803216657328
6438.991677795029,5810.675842034571
2129.7842591505155,3269.5583226710987
2578.9550709043106,3802.8212511048455
3656.264217936951,8171.699683959221
6653.913598346802,6156.550141873421
5856.267232732407,7887.436224947235
4545.655120439514,5928.487305590256
6546.601683772878,187.005124141012
1850.6947394080576,3133.6348932043434
8142.721394077703,1972.7844705184284
2035.916269299942,4120.553925427733
1011.1591150690335,7547.346331365973
8188.1252916315725,5943.8227393074285
5104.919942462336,6987.512354549103
5521.230782794652,7484.575324091105
722.8427744836807,1747.7517594718606
3479.1553861114,2559.3105457445063
5290.379474837647,9090.12854701126
2866.929012591207,3391.655013782515
6968.635407684301,6922.357198341202
979.6579617974454,694.6678198368971
3678.635722165767,9817.705732087385
2631.144828704508,112.08447481413918
7653.686506615061,7411.406849202555
4766.256637914753,7670.110188896301
4787.07172927586,8643.114502518183
4955.726442695095,734.3919196349735
9597.947283588484,8334.330975935616
7505.327874656823,657.9845422212571
184.7704300246622,6526.103059883506
4201.484867317413,6595.841725851904
9147.51071701535,9731.279422133206
2238.8468631774285,7495.297514449368
4890.813666877223,2009.9913226798972
7327.335201203865,5265.893702459232
627.6215357900284,8687.391205857248
3508.2178932439547,8611.466484234144
4316.526557210902,5270.193627733449
6273.118352477453,8763.699252702014
8361.662040500574,7594.792835954814
9946.470662160975,8166.709524348922
5746.390119949244,5498.317542824221
4852.477449767332,9250.25814899565
530.3729935469248,41.97515985056022
5944.68394407323,5702.403015603273
7809.561517189457,7041.9850089112015
9252.81736647318,499.38599768644343
4623.2888982361455,3089.74264975609
9883.189341561803,6240.270858168916
1374.4429993699214,3262.002609854927
6518.67249795035,7995.217725995475
7450.628062147329,2225.8031924690104
8611.949204181365,884.4706110452316
2172.047828578758,7891.990695527275
8885.10257364495,3342.326492103631
449.1832169155474,873.5858713378764
6344.169874050836,6375.055613135191
5766.171788984497,8906.623763286076
5292.056378769245,3795.2432394382063
3717.8706345505175,1390.292180860715
6775.870241058012,2128.058989862391
5042.1225118877155,4065.9203706824496
7045.662586685321,584.4015954909654
9095.041412171562,223.66679751981033
2556.378640490885,5444.335307245109
9983.583024525975,1714.4506575465002
1175.5429478880642,107.20371056416545
3441.428485467142,5166.803416439845
4575.887622570211,1094.9448389676486
2383.1060297927897,4710.22758474623
8780.058831499782,7697.75588472109
5379.374291818463,1721.5954639977504
1384.2158185775156,2206.4663049334576
1674.7574871926063,1280.971436076992
2734.9380455897754,8005.0699340648025
1690.789600810092,9940.062466661651
1937.9012075429137,4485.438322126894
2643.0949708741423,4591.017323559966
3074.8243649494166,3444.426475402935
8192.095281414551,7423.76283303791
3423.9587654232264,3985.9075218771236
9483.74545142784,2923.034737092751
3860.882347823593,5775.232545267558
9437.001616810943,7937.071874414368
1312.5314379874264,6458.91343206211
5788.635601298786,3887.721035862923
9376.590279595925,5830.135278788003
3844.4610884645845,5930.838885325321
2223.9160039828053,3112.572081359668
8167.160981485604,4927.750999587235
4235.05682397078,1746.392155096972
1167.903822376194,716.8431855549973
9269.923333523908,5605.850071627905
4035.187977668452,3578.7141890561834
7562.533640535025,7865.50912864411
320.0936059542547,5935.6323254857425
6013.310651159451,8075.296970900281
4597.050435334235,4439.225552256503
2877.5921677850138,7622.876904864322
8266.492116276813,4522.154608612505
6280.038500118162,511.79265199274846
9244.507479268505,3503.4423137892823
7389.773460902265,7271.444177063528
4257.636987275515,6812.423115497657
5748.9794994235735,4230.638086912441
7351.94065860442,8941.293947896707
3492.781883652514,8177.266967603575
4274.687424834203,3084.3997731175587
1703.0949667281836,2419.9655560735146
6628.706963984694,2046.3768021043115
7539.912309801833,1214.418348688755
9163.483562559972,8605.481008588737
3077.048622530737,6337.9837978621235
6467.020113614746,4193.332927970037
9461.238480352475,454.1535319023238
8652.31184075207,1986.062587009916
800.5347660746187,2314.3211739331527
2311.8337678534785,2280.735942742663
7775.822515699539,7432.58072338419
5932.235009138557,1486.9944970149286
8944.736630991109,3286.0441352447942
2415.370446736984,8820.894492273703
2987.564735368632,7118.264741603158
4991.321976687301,2982.431761410069
3427.01549080632,1420.1565667030136
5084.588901744875,869.383326449521
6266.059803282873,6498.819318848739
9785.27298933364,7509.198936692212
4645.252079102767,5255.121555971647
1596.605333198482,1479.0023203559854
8408.263862926513,8938.835779185642
258.27654214436666,1952.5781412317656
4835.4620834926245,9112.811821779838
2519.438435080211,3589.4154658924635
958.6327890736635,2798.1686359508108
534.6683820763786,6419.390711854909
7668.161556853325,500.7035941058191
982.2116931991332,399.67647561483966
849.7010538777616,4798.330408390563
6541.738565158862,758.2229513617789
6802.4736881170365,9447.058161572959
2870.3749735748042,4579.404212237168
8037.636195043815,5035.342012926495
6338.573439797183,1069.517138823627
851.2471993602921,1717.7224465263696
7688.253407258605,1312.0044742535076
8201.672534581518,4837.095067701513
8062.631156736956,3908.788000900504
4720.722522166409,5762.887970846846
795.2269446245585,7189.508265034274
3892.643977481315,999.517957009749
2374.173979390769,5481.083987331299
6423.4438864492995,3620.189449184169
4003.742916930496,4471.679362179808
5430.628737396343,1532.6781206185813
2042.7025528877373,3626.440089018401
6534.791774780715,9461.925893002863
1637.4654515780019,1996.902282601547
6554.85881657281,6231.212827135215
4472.752926095238,1298.2289755320953
9254.83350540836,4737.345439718925
959.4137292451754,3118.3607056905385
9407.737445426703,5629.385632220442
6190.723104864487,7588.699548948332
2417.9985702673025,7180.839269016465
7386.597592563643,6089.4365992774165
5594.26850335167,6950.903915796624
1821.9470125611558,7859.1337181532
6484.940775208681,7405.389195801928
5754.021862819309,2062.258974625202
5516.884504793616,6164.502366615368
9784.650998127949,409.4815570245014
6043.429894688997,1309.916610689381
4766.591530379776,6828.560567361811
8215.23117803646,1083.7542171124348
8.878762513170324,2491.997430786527
7280.842963010267,4341.727911776663
7164.832432217617,9268.802938109318
4634.990575809874,6934.747489353544
665.2793433276072,939.8542647533037
2511.0913389701795,275.6236511204679
9719.026872851722,9381.926624966485
9452.11317976204,927.9643948862492
9678.987051407265,2489.51587898129
6463.206100021211,5430.878568459058
3656.3380182917795,6897.304224212324
9595.239002459235,1117.7312150448681
9492.191106990504,1729.0418325358003
8672.229234763936,4364.762657098021
8273.007734844601,6563.333485611746
1233.0370331696572,978.3009187511238
4128.664801756722,9731.515373874736
266.0798445536583,8682.253303760275
4971.401454459657,8730.56220716599
7970.7555006345465,8066.302564333333
8877.525308136284,6235.444469735933
3832.2416689725856,8364.150544116324
8282.596013552942,3945.1969850966807
2442.6242778689357,4460.65603415852
3523.4531866112684,7679.834294670617
7650.5526420817505,8925.350505080742
9960.782006793675,5094.761925323947
1682.3402858857373,6827.324521641653
1475.4899590515947,8765.572583202702
558.9264566765717,7437.0446817962165
3212.1816420485407,1512.371749902658
1017.227269787494,1746.1744577694649
4628.424277028147,605.8738205240211
2966.3836058743664,6764.443991627597
6668.7865240022375,5787.596450452251
8694.883975771596,9951.64468576777
4145.670413610896,3674.972829741786
7786.163822247592,3910.6002436504737
6580.652678111165,1218.7490635908637
7939.64344068168,2556.2809878968596
935.6510874869695,8432.379265290294
3563.6958057032584,7503.504366323064
1794.68436039808,9189.706725386983
139.93365540307278,5795.309651512685
8762.4959390572,3504.54437051158
4058.3586292946384,717.7128344560347
690.2442086157456,6439.670437834957
6151.618061676226,698.6822262240844
5959.773091791043,8284.889909150286
237.7797416873384,1051.8115232901348
9671.935854903682,9332.758912977068
5783.44189998519,6777.69833173883
9297.114050001695,51.11301120542699
8699.013335731763,6178.713309178578
1486.415788910501,3336.097769577686
7836.179558441863,1320.644600082117
4580.481866665047,136.75542345337522
8626.53807628148,6995.89942108779
3524.1738236705055,4019.75436438186
6300.528734148886,150.20046737209802
1278.0579406566362,7760.856156920026
2449.447966607333,985.5130695786607
3281.5017798664026,4885.213771502489
9837.881192866236,5657.244354990804
8338.91374476816,1467.7696713679045
435.9299512067427,647.2639573765193
8910.368651391836,7716.679979111241
9322.274336767116,9950.926429832054
7517.984841952774,6901.61861955575
1930.581018371782,6157.313317485591
6612.602823652201,7831.6564482092335
1145.592782159286,3390.3235270977616
5486.351045688518,6053.056458917282
4200.268285208558,3324.3912326136983
273.5147771643176,3267.737827906194
9330.815133909728,8587.543159110783
2864.937921561108,8871.726975469623
8798.25016508226,7985.505997468981
9473.805618771199,7747.179640746088
325.813576162145,1485.6576190028413
3807.118653957553,5453.508245644657
7443.080560504358,883.3713275868415
8640.12818289916,6186.84171948584
2237.1893463791457,3904.7972000159302
8659.13951901159,6924.196011681145
5254.885239168148,8739.921146471608
1573.7405541843784,3230.5014128938515
81.77615124118076,4.761612714310193
4810.037003453322,3096.3203683984975
5606.552099882008,5190.13767638984
9622.544368539791,184.07101685607995
6833.213332209231,6354.17582265173
7991.151942364288,2786.350927796116
3615.12164422759,2312.800193736604
7155.242665419693,6640.362446888045
3024.14580538939,9446.119539032774
8943.367779480463,3592.5400911205143
4865.887463824943,4465.690971344575
9089.235738471969,9901.01818733143
220.13464659648818,8198.437296771133
9443.80630817836,4783.868077842448
310.21070191890266,9747.02937281503
3011.576908943124,66.56739193882765
1656.1228829689267,1755.537758309651
5632.7982278629825,1610.9947426519122
1515.165233242134,9932.567734203012
445.19347746851065,2104.870191896144
5041.162740828919,2759.7166197461056
4256.269691207044,1313.663996681036
8092.395506189212,2136.3111082928076
8422.961040844937,6083.533208002504
2504.856544759716,942.3633900297712
4170.999997271071,4628.387729395569
7058.927814781645,4107.062208288177
8368.077255137578,8721.19307747817
8111.111820212922,3383.329989649874
5662.338071232822,7509.584911606975
1409.3082609418827,7616.661810728069
7698.712087082198,7724.155494890737
5060.231988442552,6497.694353174189
8494.846329218413,2023.347777585187
6262.546416089456,1577.2043937646517
5052.731566784534,9564.866864762604
9136.427010374835,9733.805066005028
187.08360923501033,2486.0409096656454
217.77917406929802,1656.5012860973661
1150.6923576398576,1395.6071805896975
108.28699399771713,59.65999174643244
6253.291840336222,4731.930733709852
1405.9967551146158,1796.2440037004135
6283.7541877849635,4422.130835314795
2499.8664463262567,2165.666648863178
9281.137538989535,871.9810702765441
3239.2676028434707,4504.4740907512505
327.18842215277544,4623.853533424255
7352.573537077287,1087.796868242925
5488.379838938843,6587.260652199047
7535.920086949564,6312.111878461109
4137.737604122354,5006.440715091749
8351.952367831998,7822.1845094757755
2976.444876909217,5790.991829965461
7912.110226099299,3183.7942888030334
9025.468964847592,4614.820429435245
7957.9975471070065,209.7546854556054
7592.334316828453,6121.466558524836
4340.366477043246,1757.9954466165636
7084.793102674976,3775.123066379169
7327.188766914157,644.8982363119393
7124.879448197284,4995.487005200874
5964.693279872888,429.85326982272863
4988.426672381209,6386.960529673752
5614.044562874626,8449.691828744177
5634.601157327747,3587.165321723339
6606.617658498671,8525.914695083471
4763.341935122846,4870.284504091129
7623.630106841591,5188.1812590730415
5277.887133799394,6483.852612365211
6133.956535282648,7120.205187467441
5650.251934808627,1293.6072980223612
9253.768555545757,4256.654610292483
4710.175223487701,722.6512259653429
2219.6647527014647,144.38474176934446
8778.26598661801,4985.604050255938
3108.3424406998906,1675.0914962882534
21.862011876698784,7597.8827574822935
250.52534517272738,4630.6784633578045
945.271375826544,103.09090172139656
4560.9893047072455,9160.052072608523
827.9696456760278,6213.223374991105
255.99797872843388,9437.322178936256
9368.892938225628,4915.062034151698
4288.159990517988,2665.881154090243
6284.864103450439,3625.4364798201786
6215.900856116856,9609.384094422881
9410.037834831612,1087.0389019009197
988.2074976521083,9904.417666970565
1831.9991340403542,4081.922895921678
101.19865395402994,8009.535907795294
7117.9760907044165,8750.642370164125
4878.879234734635,1343.4430656770335
4043.2821605896183,8729.147755055808
7672.443580379216,4716.835764056493
6611.61174196778,6954.185149518559
4303.271636952376,2622.7879550607568
8316.527446449481,2947.625699393023
4407.42479099567,3284.981215238545
7620.645385333896,6766.089957997214
9282.33661020801,6668.665566273724
9066.011835359135,6541.524504780896
6623.864560020855,1244.160099610917
1862.2491988950162,8113.639954024374
5303.682694059869,6638.090677124319
6540.09476264276,1632.897019922288
192.59125500536877,9359.243636456633
761.7534652705039,5225.767147821228
5410.834444765625,6021.110744432899
2300.867359169456,3002.4264444696623
8051.422843293757,6689.818811532428
7681.684807315866,5769.322215746783
8819.453977842632,9895.425962078232
7553.448403078917,1364.291197325248
2361.2899851154034,1796.5197119350473
3694.233573432751,4497.191092130911
1519.6563900879667,9549.56567089531
5742.754746387072,3362.734202810114
9788.869867590782,1342.0054084017008
8260.487009839038,8427.52017713023
6667.844231611058,8569.766233466566
7334.858622897673,7600.359122565989
5687.670550599365,7819.237573266958
2629.107400271805,4367.335809674876
8142.773127870324,506.1007233702519
6234.209347389094,892.0444843484165
1197.7129871224502,6530.800795133268
7472.288771925078,7520.565455743736
9466.824918600683,4262.505835805119
3061.9148442602104,9484.705212997758
2495.2929484171195,1026.0137352738652
1980.3401959824673,5195.643658437882
2383.1821570446978,468.53484802142685
5417.607857002892,3536.4961238165115
9342.987261072256,6322.14110136838
7941.140356918362,5567.376790182107
8545.240838840828,8606.198171855338
2063.737176035659,2142.427122118151
165.02945757205902,5544.36254889497
2736.853423892416,3643.1066267796564
8152.3724769013115,7381.056462072891
7172.854670618383,2329.1369346678357
2006.5177001374345,3275.9661845324786
8705.780090569993,9355.468321653865
301.40392994467913,7404.709825825089
2231.7927201496755,4512.342302398423
3095.6276960343034,9245.351592629155
8062.398423589328,7430.622583801102
1993.349034082631,7236.029910139487
4551.371674503808,5770.162966657277
1818.6882114403836,3035.264048818723
7872.5863571954515,7810.245862247175
457.87558134358864,8727.89492359927
744.5664884558456,8629.713524615483
6053.156901706812,1734.480410748358
4998.737168265222,5920.055603560452
9045.793281774955,4922.6436833382
4884.678661718661,1085.1050367047721
9893.174861950685,326.6548096193933
5732.8471551344055,9480.385170525185
7277.519216353015,7068.415427887015
1992.7781508791563,6283.3921015208125
7761.285269958456,8397.896369180404
6909.836450814652,6364.810352016211
5714.851958445515,4501.780275460123
6339.227257190168,3168.8192049433083
317.691821600653,8169.738989166673
9802.594519726577,1147.743224894794
4514.107403358881,2309.9397121924526
1549.9131032871826,937.9114423993751
4250.841675521186,6143.360148093241
1961.1751540136868,7934.886630057784
2684.0162074793006,3786.1656788731902
3539.295902308164,1021.6550765164267
2519.126278477243,1485.708507931799
778.723908147203,5362.531838288443
2658.9270349608364,1471.3341397454694
2218.754297303287,1600.6991566797112
4666.581341717254,8827.834623621087
3124.448227249511,5722.0219950087185
4817.9174790837,71.51046345255318
3756.5675284254053,8567.118044815148
1557.877000790927,5483.965389498478
9856.060570509204,120.11180256510934
446.41985232804603,8424.888923224704
9363.239202822077,2267.2480793711015
9158.784577923165,3824.4058993416197
9333.88657553761,7129.699925077113
457.9897075297346,7103.9723509300775
9356.42197475363,7131.60485007015
2476.912258250836,76.97652848343672
3552.9205613130866,2136.8151402119784
61.992281370356615,2040.373276147498
7845.345210199165,9246.296818219962
5390.0425423027455,6010.08328356551
1826.6204578389445,8380.453249246242
3083.0729763828867,2828.6977588644922
6184.749736228512,155.41211702803537
8528.56909430975,5902.135180227162
977.9069580180111,6854.880242970047
5412.784508938027,1644.9746436367464
5733.1769784453745,1895.6996571168338
896.8946611917484,9566.86745960261
6422.628835472038,9542.801099981774
6198.200536748046,4535.039036712264
3080.7830594605766,9880.2516333499
2007.8070348153553,7639.649660049059
4028.9638797711145,9257.338761343965
5649.795832612811,1329.7181351423137
7683.051153179036,1547.424871775066
5116.751751437163,671.1607426896937
3244.0237050525166,8237.083302387342
9412.97461375328,6072.033087734997
1970.9558618883593,1990.943260600594
2055.878916050704,4639.8986284610455
7047.176359005012,3696.2584217956273
7959.729514669417,3544.7286336621296
7249.097322744412,5376.934809039968
7864.060957988171,9639.542701034692
8623.387455199672,21.021140922533597
8492.654590791584,1978.791916448568
1339.6448497273216,4670.599800679311
4725.397096308016,8010.546586684189
6928.766976270073,9029.837016154439
9046.941048654342,7261.242539366566
7675.510026607968,2907.094245786104
668.2338667696364,780.5129705020807
8362.859516455399,1376.5090497929543
6714.357450499717,5285.585438406457
7635.126792514838,6960.157051996465
9742.07513894808,616.1778330394229
9200.60027090481,9707.366937961735
7059.202514746135,9986.940954681007
722.7968750070924,5295.215982016569
2551.7807062301367,5344.491849346632
4752.523781410411,4782.09239148966
78.64133061482481,6695.2159856350645
3446.9031650267157,5034.773595493753
2276.8176296230567,9017.887197214264
6686.871041779008,3375.8756960129376
597.7068271663843,9132.747321401115
4213.465770327227,994.0478823066235
2874.5119335145864,5373.263114085893
5127.513042912276,9045.855515754378
7724.68624305909,4224.9866218984935
6657.0117828732655,9940.620956436427
3335.1277078337116,2036.760946695022
3593.6413649560004,9775.008408563033
8510.800427500479,7040.294611680614
4483.2978697909,7491.651938615949
2864.1117657847535,6074.328981209278
713.6907597953068,9786.53866410543
2821.169165405172,1971.069108591802
1976.1837692665752,2631.3362277205265
5482.646137964593,5079.523354553705
4510.50883656356,2937.129309515566
1220.8962422883762,7377.500640089427
195.26765196274388,9370.38293667103
6011.092562895921,9499.169914298356
817.3084529194264,4006.8451589465735
6679.671968423594,4329.160869547483
5582.545739391823,3030.8286386742234
5529.8979017290085,4920.155694685218
6979.7373496215,35.3379458933778
3520.5338564169942,4909.023570615163
4179.494430820229,8074.322620622048
8435.44597904389,7163.836504506571
7890.838704986316,7655.03827980448
1296.0623468238075,1576.1766516979003
4377.591913008691,7611.335721210312
4009.7386548885484,3415.7306549369528
50.15626367806281,4155.4426924338695
1241.5285176848013,2703.247333399513
6091.435149354093,8649.280133353
8053.773667113792,3100.399256978493
4560.227420367335,2470.9528620066235
7918.926447659619,3199.403662489946
8357.052615235216,8684.341735446658
7494.057877374106,9083.78391050907
3665.423105225143,5980.806574958612
6404.37333944975,632.3883136716968
2098.6761846906475,9221.386196557836
5125.454164140795,5800.352242176812
3165.175354365032,352.2956118705745
7002.50794421162,5482.814039114041
6187.400026125934,6602.719426783266
3536.0178037064893,3649.7802778135556
423.79122449444526,5457.898190115372
8490.642786004788,5687.140124544192
2613.2923813625976,497.37469370183527
503.2433584229323,960.2367891065644
3651.9715729095024,6139.432488502421
852.3394780297044,7377.5396718746315
6213.459894351849,7021.765885663116
8984.444916317248,6207.870115468673
6630.147266405928,2071.907963113402
7730.326233685483,7062.090083701381
2317.6115678663546,1943.6013679485543
5685.158232325323,8884.583831001242
1980.5557413797703,6944.329705370478
7233.365223212713,5073.05891352486
8532.594220294732,8092.598208733632
4738.924615681874,1746.9019218720105
8991.412783509482,655.439177996483
2614.43935438482,3765.261699346679
466.87929665843563,3727.6915444185465
2416.2446775375056,369.0660884792352
6748.045991297612,4424.465491650072
5025.820878482024,9788.930106844353
1907.546676682772,9748.070055181546
9404.030742122928,107.30546881567716
2052.094795639653,2014.5656008386882
6943.078051078001,8757.955780929235
4353.2231300930025,5502.4458158537145
3639.1114625853825,2867.34039107556
9241.704276139362,5983.836654331626
6837.603633937685,5325.1410029613535
2612.8790815318603,3938.4329410093624
877.2014059827982,9871.905623637696
721.1415481224948,3017.6788219475757
9086.923883814668,6993.599641631403
7213.91777539296,7803.840968118287
9018.124168397504,4167.845042535226
5767.672010462964,2913.079342063518
9105.018851232735,5038.940735709534
4011.7541799912724,7702.558554754233
9484.819284739779,2055.3527487488223
5640.472714909443,5728.023992374187
5621.0472345052485,8406.417423612787
206.6218271454301,2833.9358714524087
7799.840486044826,3048.781849011889
3075.5493349106387,8996.417718731098
4451.465257199178,9224.574946294253
7832.166940188281,8126.836925330879
4289.213141880962,8598.292119697648
9843.153037122447,3068.0090927415495
9118.163203837796,5496.594216392362
6913.374085307096,7640.971065658625
9716.445387287618,642.5070552971068
8793.224368977397,7834.816121202664
4027.4353825899166,9088.72876432537
5123.158059148731,821.0225899526513
2296.1243533923025,3671.3126747408296
3841.7802665149457,9822.758687662266
2594.8410949360814,2563.9222622713874
1492.6918127485967,3846.27726451885
9939.579803099341,7405.629149512541
8199.113112430794,6306.585225329798
2245.7770225010067,4073.8714520680273
3565.8011977639603,2896.880602722296
2649.9920483956007,6056.916037730405
2077.576976050951,3000.548897062013
5035.87897175613,4336.058078689272
4133.552936704894,5069.798061323959
4904.529130433153,6497.421377653254
1608.4146150308065,3354.279646613697
7881.922991535497,4772.094424461735
5945.295680332549,6890.794061770463
7503.7423748587,1506.1806426591252
2460.5080762044486,5417.706027391742
7025.445786522312,2390.476248959906
3242.323564984949,5090.662414076062
8296.961084373297,2847.161296873705
1711.1454601569988,1192.7700719771406
8555.478660984985,1655.9983944163448
1244.4441483186285,5721.58336360187
2495.918617274866,8227.13634150052
9599.796035066853,2254.2517304035982
1696.0989097250979,3092.403043375095
5594.976582102169,8643.205824309767
3844.383228183218,6081.288226014899
3913.0221255426814,8428.852769681875
7621.087312159004,3612.55689467017
4158.401487884334,6762.811743094779
101.54708412865587,6095.664611830715
6196.137762745516,4157.640013724699
6062.034231530378,3220.0053614996827
5582.542129959865,8283.599570636543
7669.198030412812,4784.587304069614
4285.1328690396,6827.821536614165
3082.180401163338,2844.3171521352883
609.0621444723831,7069.486378596178
3596.7110369304532,6104.00903344792
2592.3527126352565,5411.316519533268
2137.984441951527,4040.1550984093615
3002.8186391094146,9216.896816896351
4699.644994146311,7084.900878762742
9006.056611316642,3928.837003532294
2237.677530918422,9447.015497390776
8309.286572527626,1086.4035552907303
2995.8006723613616,4179.550909897352
3454.3228446433404,9266.222723382818
7931.146666874241,7692.146180734502
1474.980037807422,907.1115484812619
6671.425868208407,2278.3250406268085
6948.134897257792,1778.9577048041283
8769.64322960193,3373.926354334065
5559.226242280705,2490.9716214279433
870.0055966037002,5947.334841256969
8080.619593870379,217.9592794287999
3385.3213973419847,4224.90050878242
9828.599439784386,3622.165839066951
6455.836293682918,332.483616516398
5709.911720713268,6857.257020050927
8368.844134004452,3469.8643308603296
9021.61491677165,1743.3011073980676
1880.9188494891837,7643.627302871048
495.6026565704441,3437.0193573587894
2175.452076545513,6208.916533350952
9651.222996151446,8588.942036070901
6182.074924731043,5008.4247341389055
6703.258165252314,7047.053859100971
3411.7225404872165,5841.42546381672
4629.1697998950685,6333.390224372492
28.650622533480387,2155.145369808491
8462.753963542673,4486.110094751239
7562.26158553309,2403.1998518364694
1063.5587435381856,1199.346841291884
8271.94566555307,4149.447912416717
2393.3157869939114,2550.1939121988617
3975.9021774746075,7063.920732758487
7509.061505013978,2078.025433044145
5686.7313301455115,9550.206253643291
9025.623383143084,382.39836533124793
1818.777628442585,1002.0326263909362
8656.73818566677,2940.5805096214767
1059.3495806675578,735.3891569636517
1823.8884332535488,8661.424583094411
1305.6012017399444,4429.35658551249
8031.080874322855,4944.554357100312
1709.7215446238356,2694.190466482046
4187.09807550363,7374.799904771856
2501.3249430468377,4503.128105623766
7800.76856569523,269.8990634076315
2223.8687323684035,7417.992988081693
3749.9322539122027,4144.28351023793
9809.624655322901,3011.151919229563
623.7826596959773,3895.214984409241
6624.916721753002,6638.89734972179
4752.380678853012,6066.955218396069
1822.2333682632297,8351.386533095882
9566.544543442951,8894.60755858385
6307.547255071815,1782.114456789582
4290.566326153917,2356.3476375914693
9042.77456571312,973.695166680999
8604.399229435649,8028.369614847189
1110.4660118559495,8265.153414226472
7284.839476003844,2982.93729338595
4180.133177418516,2753.2389781723878
273.1567904437071,4231.934799904433
6554.812076138018,6797.533583542405
5850.066139158399,5359.308372245247
1916.9186008279837,1995.3196627866043
2681.135466907689,9776.050129569285
6198.783635759271,7094.444505037829
2383.7968648245433,7817.243175137038
4535.448103322726,6595.216143470821
1212.3686674631306,490.2878936223665
2701.0303248008295,4140.191364354007
6898.386976135682,4257.868403783448
6344.350207209779,7043.480497627367
9827.73217873616,7702.164276694399
8302.708422530686,6598.184221059108
1065.1946206028672,8823.789330170677
4811.731610660633,6230.479017600599
3426.539087968321,2647.458170963134
8539.60874671164,3147.2829418869587
1601.5855510310962,9230.575478452352
2877.110713754203,8844.16224238611
5323.995388914713,4276.629260057797
6357.389950762642,2326.9021506145127
9710.372642486003,8860.169230707877
8766.154482226522,850.0373177981568
8805.064632333675,3401.4360134182944
2209.109962450706,2172.515357057736
821.3823046940039,7698.9756907000865
9169.616183862381,8349.822741319615
3016.844117829658,9065.990837283462
5406.529779108252,6794.663722710042
6475.800929896648,6391.702126820479
5120.1492710007215,4901.716843255545
3900.672709421763,4192.658960183168
3896.613617916024,4623.478035238166
1645.9424241263443,106.47257563102586
8203.704800268502,353.3391601223423
9952.830061547329,8285.905040675992
8059.952330601688,6574.570037600398
343.51653882676914,4917.85678836902
7658.148761554012,2894.5278530977835
7019.880179798499,7855.397196304433
2762.1737729202655,2868.6338456088633
5150.804632202681,5240.414272341326
1863.795077487701,2055.4007755351577
5284.560880593592,8516.292024167637
3052.758571555868,5503.791802924398
6044.305461806962,4614.3160889825795
7595.843861481854,4581.58407909579
680.8663818914983,3303.682733805202
9939.43269872402,1272.4400287419191
2703.951495199836,3544.1363521384474
8163.329272260922,4106.867842014299
7774.790814932701,1689.574694304945
3269.763204684536,5624.348894046651
316.27877215439804,9749.03162869346
2526.309681577048,3903.7366181452517
4812.175876233743,5625.411161101929
3809.597666865172,262.3177042072855
1159.6007013090148,2958.7065667837255
7014.697487793315,9233.740796458986
8386.126997657104,4943.846271575675
564.0767766057753,8388.70570534766
854.14281658993,4420.020148414078
651.5673315352843,1724.8211358642973
6859.657926322862,9539.490151601649
2182.309970869387,6861.78003396234
4857.694764719118,6141.672685923831
867.6051288510578,234.39331594905522
5070.480048430456,5548.593926856449
3586.1774220941534,3140.9817099146276
2836.2814804707946,2589.87296275059
5407.131971584655,9337.51853576127
8177.133140224835,405.2551446321251
6027.982415477738,5462.121437123102
780.1003728656552,217.03286941177734
1504.8628848109536,7085.8301656695185
5976.629460733196,9038.133940724738
1053.4171219106593,8996.268882405153
1278.4372637821884,5554.596912416026
9784.795169981673,9413.039994890009
7994.507833473241,1193.739568889547
50.9425563600141,8192.063177304524
331.5241663816781,9247.672030962145
9723.542569635127,4603.8006398701455
9663.386754212499,459.52966799275964
7374.418460692994,4093.454124969319
4904.993034712035,7307.810765363204
8008.446947373127,8751.908080743335
4610.002360456951,8883.005960146853
1720.1281625740871,6146.062620254987
4271.233329818703,9324.64860994186
9725.078151703554,5375.7630754977745
8192.18512719102,1986.1036866570669
5595.797256268551,4289.554368019518
8425.236494564644,8921.084961177912
4850.502939535095,8415.033799122235
6291.349466942749,244.82775124833657
7014.802171427803,767.0964924016355
545.111147247077,5559.314412255825
510.9940314219863,8615.202930815058
4456.957799012388,4752.5113181342285
1481.56234550469,8687.486336740132
7206.362785843222,5436.126648234075
2666.404005220244,2610.633894064758
1025.1465416726646,8078.463686003702
4496.48260524804,2958.2813103890917
24.056197157665828,9462.030066268948
1927.137383203168,7906.412478164041
7133.580778451924,9927.027103502991
8695.938747749775,795.8620315989207
1421.3390974898887,7115.08955859091
5543.250348180617,5855.428191243788
434.7132045686375,692.047758722002
3610.49840692402,5406.223675145671
5211.497965555128,9407.998857392537
1667.7849623799545,334.81066208104096
4081.368294872828,7255.3376564985365
1587.0582908824383,2649.3304424453213
5096.343228235858,3621.4816859048515
1971.499611873817,9110.702289857225
2403.171153516841,6206.311062687214
903.4463344803955,5264.184825806757
3455.525806397467,4332.7955776390545
6384.112948516512,2547.567683316591
4482.483559364981,7790.563521147474
6883.888757289677,2325.198188025008
2534.279761095053,6193.782522820723
3266.316641649388,9421.425800949766
8144.197757923887,7882.408769071737
9456.876227175599,9097.159413601059
4009.55675739222,6715.839089297986
7233.878008938008,8839.324730786646
5738.036847648499,8166.86674412548
7087.820442345889,2138.9113294884996
3052.112682892074,2849.0998963567927
1396.9809802568034,3146.1425788719735
3726.2273917783896,5152.096829484408
7577.954429743261,9982.747756389253
4476.828789592525,3727.949441581555
6872.2388772500335,3081.306312673442
3169.586803568284,1686.8334463140732
1122.763592586634,7394.112236263726
5090.735983864435,9271.50871997908
7428.21244593902,7132.821310743498
1012.1078769441649,7826.593386088122
6018.247923953285,1541.7573085414992
7530.514546975725,790.7902595075866
4157.019635739899,1904.0733728620519
4209.996223517308,297.50942722013065
817.1953363477779,3531.086134159148
1393.3342716523312,2154.82525024652
9282.138167553861,9162.766330565306
9466.050229382292,9662.351479448836
5947.981786678688,9632.712569102958
1167.6860339498053,8876.854925167183
5952.873527344176,3796.5947942731436
5700.548930787657,8331.415166043778
6108.854344589535,8265.149974870215
52.50432102446134,9861.847631492139
1853.8052475920663,7596.187307572165
6128.194982534064,1381.0194657297702
2131.5009096640747,1154.4713593624278
3085.9320246590105,7966.993734132419
6431.742432856415,3101.3145772267358
4000.440889319319,8230.627056233337
6976.041018638397,8586.215179369154
1838.0446746050927,2583.131339245824
5530.690468275891,783.8591382700732
6947.074467009104,4168.870490444971
9675.637871028272,5122.076397003885
9339.903658693742,8609.378786626618
7150.495093824469,5278.65654708207
8482.60449970109,370.3808313472856
3076.151614854087,9937.664452745295
2633.3925420946225,7763.577377889699
1852.080221160266,4957.512756338055
4838.854482016642,9092.208552086442
8039.45714357856,159.44632230590506
2304.805807873053,9635.73542335537
4837.407656970235,8966.74582625322
6845.427334675684,8955.363836396085
8830.69157065755,5093.49035016674
6928.296578120969,4455.911344779547
1082.646389038371,2118.9403160426245
2320.4848233050625,9904.480137437056
4643.783229783284,4489.180497659464
8353.399375195517,6544.924850706626
1205.6042697050373,4827.6810172577225
9723.432373409036,8399.00954616896
290.2452674240763,6305.018212989673
2579.6725258637234,5907.376173261425
3803.9272394887225,3231.3655399684394
9241.7634492353,7877.122919401897
1105.8064893884323,8208.201439229455
7832.9378699457075,8576.23330624646
1341.9788561220437,5972.435043301905
6663.942034224516,5750.275862198752
7887.312285442052,2114.4786490187253
2501.2338430919644,1690.9567276736393
7259.131541765755,3282.7954106567036
8466.493785574681,6354.396273084968
5650.674209397813,612.382154049943
9742.66845921542,4299.132848699215
5031.729849437914,4766.846547958673
9113.069877945703,1464.701994420956
3064.553703534921,5123.140637079992
6771.225607977007,8192.04193483285
589.6576017130018,1380.7126902343425
3854.458711886409,4828.222791462719
5990.41063718541,9487.94376834354
1937.9697378872718,247.44638865336398
5834.695774316771,7399.637327187889
8230.775975551242,2962.601174354953
749.3288798422648,958.5849197572315
3161.633343376268,6059.554633683828
297.27771979168983,1516.0210771011607
2791.9723137300225,8239.871431272146
3130.632088041988,6705.299768452195
2323.4850676175565,9737.168457036103
4589.361463845379,4539.633247018459
9.306238455424332,862.5701481777936
4517.583955298716,8072.251215590578
6447.41284491307,2412.33927093606
5179.588385497836,3830.0383832193506
9137.381680721737,5718.129301848722
1187.1017936531957,9546.900462776674
1208.140870312686,8166.939967997806
2296.048627754759,6717.41378814625
5255.262954919874,9548.737377768282
9341.767432868019,29.11821606159215
8222.379272100063,6074.954709299051
9754.77526701175,3662.5431736539517
5356.759962013365,2219.4860829594886
5036.275109729768,6748.487350824473
379.6491939580604,1260.8834432009253
773.7423875384453,9138.879619231513
6155.402538753438,5989.573661286527
2899.6861352564783,2047.7532974508151
5723.628579404198,3813.2337252406846
8273.83692113742,8490.840645025557
8061.979914941029,3347.455507813414
7618.2116043520855,4530.571599467077
648.6877052922301,4073.480025746824
130.71773264352493,2975.0142463551833
3504.005069282499,8878.076083507494
3522.144744395803,8781.013779277404
3079.0185874430445,6511.658018182044
6393.343639540555,3651.4216322277325
1195.954005860257,3108.7987761023837
2176.1396041972234,3645.553888805495
1485.906778041205,3062.4221602913694
632.2388750033448,7495.779030500188
1080.698812259836,9024.6377963342
6219.305919105242,9362.788386859851
4331.38066210623,253.52735736941634
1747.6550333454688,1727.891012751327
6147.541020263907,1627.37103107082
5343.845469516152,2070.0124245307784
4507.08673768411,9.949849227839369
4463.077350593936,9154.297070249067
3650.572721974892,7202.113084443477
2614.5095881173174,5173.671158184255
4492.644376407358,492.9892522476143
5244.462057110471,6062.212267135179
6203.670748766218,4790.527603404078
7729.949803223778,7240.9974322606395
3987.586189038945,1622.2180781803897
6240.0295396687,4363.712236560286
603.0084883346465,8960.309257017703
9620.231629987757,188.2640860438778
8909.129902816634,5986.522570640589
7578.309516522789,7927.001526578303
8160.429378016418,8367.029581246426
220.05957692360136,5014.585726538877
9959.931329340046,7050.29472014326
9574.975114076458,9075.438489406226
3201.6689108119713,4588.686316735644
3951.2266290923903,9915.972341200753
6064.48341973044,2683.0359061293707
1449.1184333673257,5689.531397519494
9466.096263387442,6065.538549892303
6717.4450906563725,6220.266789522138
1543.3475928853136,8917.2031310174
2747.872766476186,1175.7218227504607
5270.632801729862,8344.973187204425
6952.82368987879,5039.822167496833
9255.995751189734,2504.913106520793
1940.4491994353457,4319.2646913593935
9776.555358068657,5204.587290765071
9475.19570652338,7587.01637612183
4854.398820280997,3466.5438321784104
807.8675052590456,8483.101855415909
3035.5724001275153,5186.411444338147
5422.921526805664,5207.20666278936
2785.2503334820967,6166.435736176856
297.7945008208072,2389.5385242077937
3781.8475501729863,1309.9209425106028
2627.113763838901,789.4164508577395
9553.524840092432,916.526078941885
6710.787318222685,8398.554683542556
3898.675121729366,1027.7778365260492
325.8723350265158,6435.784788900213
217.8071913049695,9233.596175493532
6357.17288561066,730.4029096801535
2213.3950801387346,413.62812716938646
5846.511149646476,289.2659944884135
7668.680810653652,9936.560416404616
7811.225747447498,8657.8494088432
6274.016779615748,6259.83378570287
5885.59873671879,2219.99135512437
1661.6543350591905,6090.685842035635
9809.697006739912,4306.622913042542
1902.109567907596,9821.674392446183
1600.8133789512747,2599.070510553888
6282.830445330236,4907.371935440614
7644.956010867987,6327.433048013292
500.5956644855225,1815.6690023048204
9464.89216148996,6404.494513733587
4333.640725749474,8115.369065163941
1727.9385888541453,5752.382339945215
7383.801622756385,2146.007086547788
8510.43930336545,5642.581000258805
2268.429601272901,4845.19373356648
6307.114458337639,325.3599099719229
5200.555694306158,356.34121761341066
6057.1595460527315,8484.73777366044
1486.0405197678117,7354.32272876902
2467.64362839778,7679.531579044092
1466.101632512875,2411.484893364496
8672.084903085237,6336.304247369401
5697.252956036528,5970.976992069149
1532.7727564312554,9733.126539552015
429.0172002802095,2914.7853372755762
2802.6220705893866,6736.59673013676
6251.061140889482,1629.8866323962968
1904.5228298100149,1943.824666717534
4896.907670071584,282.79219475921826
9487.038893432085,5441.647930651246
833.7775828630256,3028.969973281722
4251.9780090837685,6138.004650229529
7714.75918792952,2792.631794475753
8550.810491731017,6124.745545620242
1913.7729518137457,6967.178089167178
551.7686971897095,5625.532467758345
7062.282522295495,7189.727405323486
9522.95083760629,6689.0012727813355
711.2578835249228,6821.670328796339
7693.9181766516585,6782.737178817785
2468.2658595626085,9480.127311842607
1697.7581359172411,4840.133077660954
5157.014900400655,3424.4671272660985
6690.621996027485,3166.0484697779902
5676.098305638239,3139.6835781690293
4179.4814638377675,5697.354427068497
6314.618270131672,4622.65723674729
5889.329952281426,3323.9803582986137
7840.572673590716,2146.8243781787023
1932.7378210064894,3561.567836173335
8181.808858789491,2666.642021399702
1206.83286832985,2835.942612610529
8729.422972782342,3654.090876996611
9473.888457899553,3065.0402313135005
9435.67710315915,6207.094410203711
2211.521124421477,3948.103673356951
5055.165375200689,9215.312798032226
6837.989317196681,9968.44151432868
5218.947877988126,6229.280682778911
7865.227915697397,1054.2961618822367
520.8020020051673,5081.170996431728
8281.906832417462,7273.3732978445405
3420.5889938552036,1105.398777685258
2847.7372427843716,5656.456826535375
1591.0202369814165,4942.905755583564
2042.499326422912,8567.676926628743
3885.9842830478706,9301.152253462931
1361.787765540533,8335.199861388213
1204.8266826758647,9541.928078676538
8610.758770265802,6316.387911234158
6314.372073936852,4047.016099508438
1492.7780393887947,2608.7701125923522
2524.6928810930726,8396.176026076733
7312.960805990344,7155.362599221039
5460.125713977796,2991.6879731282775
5989.262148999698,8227.055319986224
4704.333258761735,5827.675809931004
9589.799209043416,1523.89591532757
7103.923608714608,8861.072440638285
4664.102708241795,7575.06514917009
1411.8264129552972,6225.205976311795
3663.8088085135823,7953.153005721743
6955.089951403443,3129.5611061091313
5219.196058385227,2602.393645255845
5735.365096278015,7405.082242942958
4839.714877680415,3685.947052201555
1781.289216753551,6528.58100814173
5874.712135074825,3618.5476902962355
8544.351225229006,8606.834139525892
7055.456053820628,3534.570036318683
7314.589044728629,3782.360971145844
3702.122237070501,964.6839565345944
8277.150558536547,9703.011996269035
1130.8702547308492,2022.1786565155219
9696.65240921836,8266.116956704558
1731.3129833796359,3286.4498853373434
4478.179864499906,1694.9336359610568
1251.4255609550196,9687.130497786336
9693.533103471418,8569.406300919827
3558.072714389756,2627.0719730544747
8807.311438113344,9940.466166017024
6130.868394831443,2705.641440863307
2854.8642207971466,6575.57663851025
7233.553635073491,563.2418404371342
286.54127414383555,4012.4743301010813
5442.819181233327,7668.390751126576
4570.965623492059,6723.942150675874
8630.965727634552,3258.969057922996
1900.4778343278072,9343.838656238477
3641.3668268970177,7333.510334128919
1.6826864617802695,7352.921061933674
2208.285443089677,1925.8154115459602
9506.448214803022,3012.8021660615354
5843.836884913667,9867.842535302436
702.9778734287718,3608.1063936576375
5581.120893024203,5278.940783796286
6921.404662570137,550.0879821645121
8941.184102146603,5146.66638677515
4000.9642514223287,4938.788382500917
2964.878530664673,9048.670824670033
6694.195994041274,8875.45497255003
8839.313311699821,7832.468723157394
1859.2571579422013,41.28813366294892
18.10630715435635,8414.12306652345
9114.104930178484,2055.516058011134
6235.03327293714,4401.19720334791
1231.4316386285873,6543.4612040809625
4669.669191362396,7120.131598040734
2652.058005927036,9874.42776928769
5162.327214427035,4924.054169158758
6582.496566442552,7293.42235472229
5585.566036553754,4223.610672332607
4518.731547610467,8761.503191274458
6148.527551124231,4630.817958325763
9912.030431584984,401.80541761641985
7343.546298282037,1056.9060034771194
1936.2982681165809,3992.607896195759
151.4929791577646,7473.574420387697
80.69338754725818,716.2374937693461
8725.772289263583,5324.041694869093
5956.694849008168,2026.06499863628
6676.557328289462,4775.182497309242
3172.888072686271,3007.0776672539546
3962.659576866244,7332.863532645809
2673.164709378163,2316.6898301021756
9366.81845834116,2556.2298934918826
3820.72963205456,2071.458974550896
2252.9888455550686,2101.5436375624963
4583.941677305203,6085.38516793761
7162.319529739349,3133.1352211726717
4255.214439885165,90.80375182206501
6404.514932797097,3392.2075113098117
2914.3362088441995,474.5606706177208
1295.3305971657503,604.9197838225184
289.04766456532616,3622.4622047826106
9221.849375034632,5860.661099675345
8583.345674047152,161.6924405690101
3011.0563063123454,8270.386773666854
5351.221736472173,3944.236610210673
3762.46502713126,6397.4274956470645
4643.4452487065955,7585.7194438369825
3451.1043429434217,6398.90041722264
5838.59463650353,4739.921564047778
9078.041076252879,3711.593510938024
6356.700460846292,1037.5127013041829
8512.06975804252,1875.4158011941013
4289.431484515193,6452.520126114359
6880.645344816141,5278.555230288758
4015.291172724621,3674.2882509486994
9262.808641940757,5737.086659645931
4396.526623835647,1005.6190011168786
4555.066172059474,3456.8190585644275
2585.814632343608,7181.984562510336
6239.882795284092,7370.7831152827675
4020.108274121098,9243.465362679315
844.8607205649561,8180.6919601141535
1266.568399217225,1153.452091923689
1967.745477985179,8993.590189398401
2180.962396920508,5911.760217194716
1643.0479773295515,2492.8748307073965
5118.371264214069,2866.7128848524303
9689.844472404116,4788.243971956189
5842.962070792019,2387.205936525977
481.68043411262795,6126.354344413939
3819.302276051569,5199.491801400173
4520.037266375618,4922.445843470983
4392.130227665791,7447.000990316478
4276.9830996528935,2788.420982548111
1842.819177483639,3670.3278596684163
9771.807612270964,3158.603282963567
2213.764557364607,1982.013445146521
805.5563001997245,6288.139728603836
4698.300711333014,5994.474395189257
5060.805591872082,5552.45384892186
7186.400384266175,2259.0140972351082
6696.183681388999,126.14117023713179
4431.126055907151,9028.906041659615
9209.758528638617,5306.069687028219
4640.311945233724,2127.435971208167
1496.862873112973,5348.931475554242
5666.97268099722,9400.912298798923
5813.877435132925,1174.6648328295228
5635.665219607041,1762.6541864108724
3939.773173463582,5646.930720906364
2885.438561727569,1354.2167235378777
5759.393299282179,2574.7233507643996
6167.313744042623,6001.5357132183335
1449.7538118556186,5667.609459461776
4619.553071043555,4288.437233246624
8800.106485498434,1045.0168045847709
6506.336959133083,9141.792426217306
4928.209591176051,2054.5437180951544
6172.085814342815,3702.1985672096503
5590.267811265087,449.7148894295611
2454.6512333058313,5055.127241979058
7576.594773353348,6323.659722267927
5137.297596651372,6560.633676738982
3766.4373279031192,2814.7635657063875
3703.5650826545907,5184.042549110605
6331.233152757893,9926.88140515195
1986.4260246765552,7058.515476567315
2238.895318873997,4069.790093597414
7586.245791265837,142.2599051656692
4172.320605559896,9981.201753405403
3819.5318174804593,1671.072913732623
1885.2242035355348,4708.406932413087
923.0720784769908,3670.9949106628883
8431.789843918566,6505.995622807942
9050.08874806157,9615.484783192398
4080.591681356811,3540.451490370252
4146.062123685033,597.3470483999499
5543.056576274577,1862.0866793946855
3191.923006246037,2136.0105281222486
1281.363604215824,2149.040680468187
6475.045353128787,173.35474757752877
7324.186699332348,5802.015048086524
3220.8323403791396,3158.6632669733303
3767.581277762272,7532.457613247216
6924.576925634217,5871.050758144629
250.9091023202148,7889.685355235959
5200.976941905211,3230.739000678823
4260.702922117643,4133.774559142981
2897.907880926981,201.2181003220703
7957.025858866774,4368.449679991841
3099.734016204557,4539.902535780724
1337.654934389053,7336.947356702591
2513.037462525749,9865.211545662716
394.6089323692681,6636.188545097619
5082.579235302346,1198.003799727162
1143.6661712070684,1296.2596337449572
757.4765349712409,7086.701907881395
8059.333084443298,1051.809025138314
7809.651814588303,9787.072393941366
4083.6465906502094,8935.08965841401
7734.130817999377,9995.697372637278
9886.214578065827,3023.1344804017003
9637.840853268694,6845.543191809873
7935.412692995066,8765.079186395018
4058.252577929854,5116.629495564604
2765.826420302991,6411.09707464405
5215.339521151371,63.563011067168105
8951.563978713892,9425.653284689353
462.93805768435226,3464.591006683112
5893.96316281266,413.5135377542498
7759.77821908195,6179.431888817947
7373.99352013568,160.15365041215256
9155.429984941857,7898.87241701208
474.4717693813405,4791.796296190361
745.2864312482521,3101.4582403278077
1775.0385072197662,5018.099881846364
907.3828003223772,5960.145208406033
5436.125413843341,8412.685728254293
7151.829299929495,4179.96997537183
4015.1866371333144,922.4969667680472
9762.19833962548,8347.483996542018
3731.856419320714,6999.9362966271265
52.26577793269627,275.9656403074084
3083.8633276586293,4766.910608013658
5652.346866019555,1877.3609150293169
7543.351903061045,4419.2614576961205
3243.678451501457,9470.75357864199
733.362158858074,6795.589007858902
6170.466235356452,2657.039031272094
9043.43398478153,2384.491038672657
7128.369423210707,7457.707045220024
1284.5180950345336,6152.040499973436
5392.047310803747,2388.293739269034
5910.498556222064,9228.410470429802
409.5895723344778,476.0225412377339
3655.111440971268,9957.572749469464
2977.2190413732737,1810.5614636001355
5056.112125165666,6536.893567904982
8345.89105578935,4113.817532697553
4241.2383376812095,7667.690433562349
8369.657756971028,4598.947622632603
9256.97974260591,4288.317440285286
6023.908360322846,8225.272638405233
6777.8248056720395,4401.330303046357
9338.087945866635,3706.8378382580504
2598.7641106522487,774.4492220038346
3811.6611868684868,4393.674342447654
8078.12994491471,7912.4257556039365
2531.9450088083895,847.4471837418363
1474.0554045172894,4057.7797348773956
6860.122314191176,7123.455244112533
8445.244594600212,4985.442176526756
7945.460970407473,5684.143074407767
9181.08986281717,9056.808864015806
1025.3065054933297,7665.494541553848
7945.033247165927,5173.21267926436
1481.3770824318274,4622.383894129902
6986.680579583873,9389.662121549532
3837.394603400984,8908.445373060802
977.5919714084702,2.0518912906108966
4471.975958414688,1546.0073416850473
5525.591817198299,5247.2272196889335
550.8367924363033,3575.803425290167
9874.700586860246,3949.77049253084
9885.925501375405,2737.548274684978
1934.4028009746194,2235.501314477104
3714.3125517608987,658.6116001199682
543.8686476662757,3550.2831289440596
1532.8886084686733,6623.267623411011
4848.162620212314,9.48936651726906
3419.192713332888,5371.028378041272
5403.1888486872085,1574.784842242024
1335.8196317670202,2562.6029336615006
3046.1869499861873,20.305163257474668
492.3255761542522,6001.123857628549
8728.432969391833,1430.341178453528
5447.627102543655,1907.31240498613
5848.8184135101765,1246.094692129971
9009.824892019345,6688.851249266393
765.164076009135,3408.4565079211725
2874.0407819013335,2074.1263777079976
3808.9225015750562,178.79173759479784
7712.442886630613,6162.127588155007
5071.1890253067395,4031.1252693680353
5442.106666719323,1679.5967277181544
8903.013077106938,5180.4544866627475
1152.1103444891323,5770.772749027281
347.6802292901049,970.3233662966815
810.6884603107933,5093.730459293235
5126.693316006335,7897.539196358445
8518.86294658833,5774.653429971325
111.73392452490938,3418.121112762528
4312.084662232125,9292.443061058306
2156.050303835425,3926.14313996277
7112.14970456917,4143.630830182287
324.4716142643267,6256.615636254458
2481.0116728976627,3268.590062422603
5193.293825290789,1049.954229911303
5442.819122826189,1622.3738460420734
5683.5914797370815,7880.8731430409225
4345.612632941656,1534.000388703499
146.19252725791677,4535.548177511482
9286.052043407199,1109.7980606689828
7719.615320126746,776.8119438070942
4608.576403319094,4731.636584587638
458.6944959410899,4324.280557546003
5853.013074770728,9115.04332320855
4104.792177158366,4512.103193593108
8616.520876083205,7216.7769119005125
5110.480057457603,2852.155636928939
1380.8889124402756,2286.206028286626
5527.66135946858,9298.89440476983
9263.561084149116,4551.008962747252
6179.999958091623,6815.798449814797
9574.472117365487,321.4353694761041
6552.481463553271,8382.394021271795
2304.9470332710553,474.3398613700733
8575.621381314633,6768.554370117109
7140.893346264641,8318.044367204291
979.0635024480731,6465.974300232699
4353.078639585757,7000.89391839991
6632.750509233125,2501.621449653638
9199.677170539979,7123.2825314446245
4389.169610671657,2032.2486452947098
7538.213970425976,7448.801434205492
6661.92170819751,9396.927154544695
4457.357953350322,1272.3450627968025
7020.7055763572525,6450.729664630113
3680.931817942281,1549.2285262595783
8159.206107446838,8616.22963695143
9803.37519296454,5474.5698773768
700.1985016935719,7762.707252322717
6148.988062899848,5513.0375741430835
3298.7825597719457,1371.1352359213768
330.0583888823028,3262.4454437649374
3210.5627084580324,9434.354047145387
3719.2835795486235,4803.959715970362
6017.810428725472,7439.613382322203
9210.71639093233,3672.0702426838834
9164.35317119703,7740.115973579478
1531.2498845895261,1967.7286494051916
5064.546946097282,8855.778468461483
9971.924951357554,5667.250946767796
1520.6108389312656,6198.7240234623705
8995.926107171168,4481.935042542367
7149.9168318458005,2766.5457551643235
6537.6090593754925,8299.606462945108
2030.7458796174305,1644.865812898676
5359.772661342642,7006.240627010086
5751.183768573976,8844.422389651594
5371.040591161514,8082.928671145031
1145.974126201481,9695.143355103068
4265.957810475279,4866.279099863742
6101.722952917979,4909.7204814207
8875.682868346923,9413.08379629909
5927.431998681829,7059.31675831398
7480.626105096077,9561.925932444563
7931.312986086179,9481.894056699848
1821.2673764351562,8831.0367537664
853.671164730373,3879.4640775798925
5618.38292304241,1261.3069534182807
9010.56587535994,2566.9972612373795
8571.917399450758,9868.318728507098
2716.3803140066566,9476.654405796204
4167.021318434233,407.35150612408955
1918.3741954250233,9929.803812980539
8172.369519359024,6506.386820451497
6724.623926626673,4588.99146023798
8495.932638799812,2651.3246435267
2059.0145358656464,8425.92849240674
1405.4888654367137,6282.446092790631
7650.0942315791135,6580.793856396674
9792.390972158555,7713.023605049597
8013.789219530247,9081.270649664873
7546.63875845155,2347.874053596153
6304.801670835248,6007.922408322047
1733.378005025854,4149.212092289829
405.9908761218345,8889.218771446322
4823.199601510309,9822.872989227903
5654.009628409097,2373.2240039900544
3743.5566089592053,2637.549528957628
1537.162631428557,3783.9307549331247
7627.722611924855,9506.513867282107
3961.46613330983,3661.474929209296
950.8368479174434,6153.068033596865
254.8368970217596,3177.053863049315
9127.575926670015,5758.7733974623025
3564.3215108418526,1618.9205220328274
4666.800660266066,5286.318881633612
505.4210512890966,6361.055029537735
1253.5992006272434,1096.3937264694368
2874.560360942623,4576.286359907571
6733.118875124365,6514.443754733754
2814.07648588222,3102.077897837745
803.7430308413873,888.8158431020721
7787.192882936473,960.7685038547131
8666.349289964679,3535.4235050986003
7391.361351243232,1908.1086006806324
4075.693772748159,1510.2604034304056
562.3535968227234,9537.776734072224
8287.159073242276,2454.0260569348884
3244.0308904209537,720.4922877146969
6416.616903443773,8178.954511499894
5071.902505856107,7530.307139947101
9321.1844468497,9865.729540711514
6878.031287628841,138.93247972229238
8908.561510353198,5431.600825226114
3075.9982732827275,8576.1774522772
9722.97792925276,5391.303349535036
3141.768373992824,6971.635159009478
9913.403958914256,2262.930556563991
9337.334355653928,5173.603887968256
6551.575036371759,8682.416665477735
119.97461624506323,8955.165048910498
8354.902144388847,6636.017937821002
3122.2607512426894,2582.454766531972
675.9630921377269,194.66534154507718
359.91200754328935,9712.091161382881
5014.291259102935,8852.992206308203
9461.531846617618,40.38374337755779
4003.605421941373,6162.900544303478
6777.513365310657,6200.734408861238
3311.5603887779057,8064.601781672064
6251.555837539351,6033.043615265044
2166.1070047957674,5727.216349494646
8186.651735813251,4902.644147714539
9221.989048383206,3535.540351305926
7140.623685454973,968.5254823230705
2705.4292053912686,654.062484829151
6983.693636265258,6711.184247519827
1916.0836800680813,9079.644097601522
1957.106561908527,7266.135496924053
8039.015232205623,5307.467072688603
4217.443414501493,7051.422533153919
6973.5782976076425,7340.191638463767
7624.48542931418,2003.1905389366455
9442.104029759936,5160.539453615851
7832.647358855742,2562.838004702159
552.3776746320685,3196.058300934017
3616.676866572244,4811.291368465
7922.763695633531,9673.069156899266
8027.029374026247,5675.305793657274
7834.463830554016,987.9342598238894
6354.468725313879,8438.06957316274
5258.025567269891,5738.347133213976
8099.643850789119,4448.935090954914
701.048792273391,4537.114858710405
8681.699535979931,5104.287458181486
8940.196357358729,5641.997893956469
2046.8647000562,6532.607182032367
9237.217224692504,1199.7381217464542
4292.684339224138,6596.029439153952
4060.056356463537,9890.401500612534
3948.576922653545,4540.836715355118
4760.043439601338,3455.148200198327
167.850024617513,7140.512441475298
4357.421071058816,4723.421644917875
7239.350835169581,588.2499263459018
6844.49254860553,5028.35970293815
1022.2520849829386,5645.391328169467
2267.062856005795,5186.898683684499
6640.4698341316025,1281.201522211166
1609.7109479309124,140.1207363390422
1453.8003796945386,7394.711893654496
4440.486465776001,4788.675633259804
2404.1150691412095,8682.706113015953
1063.6297096444791,8312.600395093577
3987.297633257115,9608.935265795884
9980.27977100502,1711.5839154908451
8511.384401592368,1649.1000074347196
227.26844974191974,5944.3557659094
8834.449829442523,6541.424460294518
9469.600753715986,850.5193344899253
997.7445073547409,9050.88442574909
3831.304025191219,3353.1437618921323
4854.255503919509,8133.292079421137
8517.254811908932,4928.864096166754
3428.4665601029196,8569.93856337096
5752.712862894728,6333.850116691298
2821.0301258001214,9398.455804064566
9369.324287790132,6677.865807804262
5128.096165326195,1167.8811687729328
2953.0209170060552,4793.629920425894
5649.155177440363,4013.8922577640833
6670.697893720491,5628.196440641264
3844.9594100516083,6810.818531860943
3554.7828647616566,3676.987634109907
3826.2923373507206,2418.034447169736
4486.539100778864,2666.641827864994
9664.669692689022,3743.2895691403
3302.483867512407,4026.200238504647
2564.4845029455164,9933.521959119216
2616.6778708338366,3055.477727942755
5171.414516633313,3011.7315833574985
7777.908483386052,5231.079547997713
9407.358121761072,6540.092749492212
3838.3592578677717,3361.7054706136096
636.8370224981068,566.2138148838746
2831.6780602285694,1268.7026414713364
3049.192578781389,5951.6350594491105
1324.9112379337157,6029.940525678662
6344.758715429305,7301.423439951544
5768.066736239585,8829.25890192149
899.1506833868967,1127.228517263389
9811.892723530598,6464.550629859444
7492.976121318848,1584.034957718149
7743.724293889026,9637.912327041693
836.1674998692437,8361.191563989114
1167.1738599864823,6866.071666646592
8551.42895239583,243.77609717082916
880.5215962768675,4470.8259737626895
7388.363412655816,1077.7297825102282
4320.2525594287135,1875.6898155700874
9774.951314861828,3547.876045240499
7654.54601208199,4966.195375706506
8501.10769622837,6261.972583843131
8830.421592063321,2608.7285073809285
5417.491998197082,2077.1253730072967
5823.015607592015,2768.5064047014876
4345.03144859998,9579.695575065616
7711.565814476566,9603.510229726471
9117.689333724471,387.3871303564291
6104.170011316552,5309.382281953451
6791.4244845328985,4373.12322898449
1473.409504676868,2165.9039008199143
584.4345129559225,356.43423301306876
6296.782735400323,4953.818705686183
6541.605102331692,8870.05435343681
2306.614122824654,2298.07477501202
9217.133746980498,4906.068539142414
4473.41627080928,9953.79860585432
7124.908152072473,9078.933665286673
8341.35287420186,419.50424449510473
3192.2520747016215,3479.345073325625
8728.716079364978,3805.263585936428
8629.145552696467,7209.192314706635
4385.757740558266,2381.1346754518913
6352.4463604354005,4020.460557305474
5438.41647957548,5904.997861678872
8448.816820758962,8779.601850898045
4937.276291530035,6591.131606134714
5398.608391797463,5015.138745905635
3234.1230864610447,6567.928422057999
3642.0638309145816,8985.46893045991
5766.132661612219,3013.850673862668
3504.8760518143154,4220.769629594941
441.62046563006487,2197.0579858331885
7513.080081367453,7075.163386544962
3858.866751927571,5272.054467054854
7696.144841433791,9717.192635958778
5680.554852515862,4944.856984489592
6930.974211282482,1809.4800072908913
3860.8149474594697,2230.789757685651
5237.348737901143,432.10295949477563
2432.136150130536,3471.609741421682
9094.528106461212,620.0078967763678
9299.77994971866,3471.9676897111995
302.1458124087584,6618.819261932721
965.6645196690483,441.8823243128278
8942.509380181975,4501.019228487413
4274.9793934151185,780.3233570538337
8289.979059751937,5846.978787623108
22.89662814926818,1833.2913036099442
1189.4493135296846,5217.8341428041895
8223.238372733242,8505.050070259615
5724.258089806675,62.093383871616446
7559.7594868584465,2721.1929731574814
8628.00868582457,1500.6107084289445
8666.633596522874,5959.314905363667
3189.6544424613003,8154.354531837113
8530.041544918158,4163.003918143495
8095.8567206755415,7543.498579908643
2595.439327866954,1993.745902148052
4615.8681464895835,3529.651762245444
5471.275911370379,5598.825037919709
7553.187571417257,4780.176784245488
552.0141720358706,6230.5173799627055
6880.0386295546805,9890.747857592476
2285.317951803957,8086.631360757464
8003.036761413053,6014.135603775447
3492.8500847813248,2021.7479455481403
5370.007325717416,3583.2560290476736
6163.295960374261,6022.589375956079
4601.956620591686,2728.068723512529
4125.418110464582,9311.526348379452
2169.8161397337003,4618.986259563135
5498.222890330619,9932.246618795307
9548.387551503167,6592.210519451507
5663.125857910084,5107.276042912956
2975.210379849181,6413.4158389347485
841.641106613078,3528.6670331015703
2538.546927052615,6517.470283568378
8573.33259265308,5381.416120816333
8536.301932149745,2931.432796672978
648.3905763965258,5331.441632947795
6188.393303145903,4591.10969796193
1950.5991494717944,671.2430189957341
50.86250265606718,9637.145537487037
8399.047489687067,8200.185281876986
3008.0866221988445,7344.007161173169
5986.0672685410145,5326.12197785219
6686.124000453541,8469.523602555528
5235.270585302115,3092.715675956399
1197.9804568682916,464.9521745400742
1713.8970629369387,2881.666969210953
8987.684320184679,4632.176330202899
4289.715116547324,6421.602975125615
7799.780776606366,2203.976023961195
7335.277719250096,1170.9651603092718
8827.83317787215,31.27469765349833
3663.641580645458,9534.553948777651
290.0293924397823,9307.913358802392
4282.98571103043,5959.028762684529
6380.703669107292,5260.657898585184
9884.443869012408,4770.330030890004
8780.249486200486,1655.0500210607643
9095.791262736933,2586.2877831047604
5673.496584514122,1857.3043900149544
6774.339453575407,8714.26848060493
7600.016495322246,2248.7106258520794
3276.151158797521,3532.054575187542
202.89053734077746,8066.339594666192
4497.50635068865,8863.721938029059
4417.81784461443,7177.626115205665
906.3535057103234,9075.8654419261
4199.073242907756,4699.346895772271
8887.567687602477,766.1337469447693
2279.8068927333716,964.878941258277
4236.08911799294,7851.96942090996
617.9473023708715,5835.638442014752
7222.815633872796,9943.642378311106
5608.107344187124,8024.959159678257
4418.810301180628,1525.6564998205158
1119.761614417716,6655.1043040644145
1203.3698518019953,2625.3066663829704
8534.550242824951,409.3729599441409
9671.350987100464,8507.453136158998
446.16041307631525,2535.3198409962465
2261.9253438186183,6243.463713755422
1840.6495496714892,4745.408905647891
5743.394301842697,5900.522146165656
6098.526967702993,9843.874134908147
556.5045275283287,496.85477270904886
3283.10841241488,7141.175805042514
7569.968706036561,2408.3988988275505
3193.6657230603837,5709.215584976813
1800.0954898103882,7523.34784345747
7333.030510605179,458.3210832930495
8233.906754393429,8990.257708366713
6430.546636154851,1171.4776586261532
2894.406288908439,2096.236050866228
447.83696237169266,818.5571525711066
5204.792663773868,6977.043198817811
2633.6346269178744,8607.843028296727
8009.9023934768875,6856.764905726494
9113.283171988065,197.42284339174466
956.3596524112916,6680.794635983065
5598.3358023802375,5472.241645478888
1484.793872811949,8157.21097328858
6762.048913279976,4247.741643526816
2191.110580785839,5787.837082355839
4654.79254013615,7961.618891128479
6274.46112653678,2839.348625286444
1960.155412992245,7181.57895782549
3229.0215766026377,8593.89743457105
7278.43389580918,981.306741250162
483.52950697004513,1900.5811663345862
5140.069736685904,1082.508260314058
8760.751861357434,6315.588269224874
9053.121277435032,3394.6815182787573
3090.7478846564018,2078.1570375575507
717.2724590174639,8097.175710016352
9967.868981986954,8273.574019118181
5906.257313826912,4441.5219258261095
3357.5613496575884,9236.041175312721
5642.038476281781,9736.767290985894
2430.4517835335614,7104.026886518224
5469.763165435627,3000.2441563448147
9399.100306227268,9977.691238721687
4620.802016280251,214.24575043910156
8593.25880988477,9450.022508182075
7497.034474080598,190.81157999943366
5748.465038422261,921.4070618030379
1240.8981933783868,5657.665118836805
8150.454989088797,3817.46658364602
3531.2983234000308,5100.416452718683
3602.2582650145764,5674.398683332129
8834.753730255308,154.08570835652392
6595.268323253189,5568.356306024208
3308.403757447149,1136.098926008241
9410.107381235088,7010.590133733915
6108.470284465095,8366.336760915074
9672.7912286522,5435.420003158113
5281.562517501683,6496.605996244598
5997.809936578594,1949.9362810154064
8941.354681900035,2044.2246751395144
6219.428267934599,1267.978137420469
6302.014545608749,4868.018961537208
39.19799382060884,3728.831024956761
1287.6162306445171,8722.27253983627
2528.215752428651,5914.163083052576
5458.731394615096,1930.7318576279042
1139.2939211033924,3820.3221788419173
8956.511535535034,6022.672915906182
2675.743097571007,2513.759273620203
5504.352501956482,4855.701378561496
8602.061168482269,520.7399382965605
9993.810918828545,6782.177915719169
1970.080532207581,3806.1865435898358
4369.254492581716,611.9920060298311
5437.663279213231,3153.438272647894
9811.843789722496,1100.3907809668167
9132.326333359293,5932.092290008618
6406.14511082486,5757.94949054447
1115.8954341348272,3416.964745699381
4586.5731253932345,155.256720910818
1589.2567046827721,1017.8209889776091
5691.5846819785975,5815.339040509762
824.0780266743109,6017.047065476855
5428.341493830696,1004.3638487951833
6473.024881958774,5083.091064914694
6096.010810079328,1290.0332074397159
9020.286232302476,7574.525822705367
8059.7932075947,5354.605070584663
1061.8218362133136,5846.804207077286
593.5767291036952,1956.434332594148
677.5900996752981,8140.999866616307
5545.636753947858,2964.6416280756325
770.4224177476926,8844.159585001507
7851.96064803588,8450.448863064978
4542.534537252359,7514.032164351311
3285.631643447663,2144.7914266793346
5019.470575915277,582.9607119507174
9498.880594267475,2360.0692277525727
1289.8693491837444,5333.567742741089
895.0764137253652,9071.944096460029
6786.119701724326,4204.47224720452
868.9382673641833,2504.4100089383514
1386.9697485554743,8878.228977165681
7315.7652049047765,8262.315757734801
7881.856352875596,6726.999212365156
5346.946952871749,5771.926553715012
2694.820631736908,3235.706000869819
4947.125919019862,4741.510499464578
8317.672188548651,9.895877390890817
8065.119250055695,2092.6875765598506
2509.254588810602,9949.523488048571
5769.744902600021,6254.779639503263
1844.8222446764717,8607.556738255733
7665.428202618533,93.98027508221385
8469.212274457353,3095.848533948172
9932.446325670957,7990.825858566614
8724.84521668464,8755.748528774224
7632.30905023694,2046.9436114137152
6874.271466401295,2115.3648493354003
3151.387232719245,1769.0354759197412
4138.060206802123,9700.33257379997
9907.244044907648,5472.806764158028
9736.621317389003,7902.479487973114
3654.02690559495,3063.555695927315
3846.3020997932285,8875.906584888973
5839.17895160281,8471.49442540001
2518.9779166572334,9346.747063867797
1474.338132512395,5658.647260311573
646.0358816071877,5201.638851993871
746.7608751039434,5809.260096180945
2480.432670920222,664.8499084674786
2076.965514594409,8625.128533269482
5839.3820673559185,9674.95955375468
2957.1126145149005,9265.843944915601
9841.684214594587,2879.7572941585568
2732.527999103418,7062.302324682997
9529.775251686366,8128.880139738324
1850.8488053001215,2949.5743158369246
7561.811918858646,8816.556149530023
293.6767682636321,7514.0797754245405
1907.3110985298636,6788.413289479315
9602.888184105288,1017.8953371842791
4112.7663778430815,2768.732482725086
7139.913224497044,727.502219375169
9630.20895833032,456.9170020197144
3669.0081557653452,6737.873146288872
2468.8808982915343,3297.9709169814887
3648.224180664219,8324.523732043279
5648.637167774567,1207.9037817228223
2440.0966795705604,1544.2397631749482
8328.899248578335,2878.0404470588974
1054.183628711457,3077.1200772490993
1030.236571192934,2837.9992143100076
1131.445059849756,1964.6219088720761
2453.281128005059,2346.8105696898765
9497.26859328688,6752.429255955779
8024.232342428254,1300.5186947398172
4824.321951417263,8732.240111928022
2869.6642733281687,5720.763804588126
3425.039876467767,7951.644111688228
6874.84071161309,6681.220650795731
6650.7865210895625,296.5782625130353
2201.8102736885435,9752.803139779471
8647.372402260873,9143.560646425603
4435.6511716370605,7151.19726839908
3524.9857963617947,7951.641000588322
7085.521251232426,8496.174258191115
3065.467701811028,3133.2758891836975
3432.1331426984602,1229.3209653107594
657.4790419724874,5921.543372420029
8908.331962490687,5805.826373881343
378.81494827345483,6195.241118470549
1034.4352100907217,6214.401312798303
5983.092408465386,4111.996115687927
9022.856910885439,9139.419342947427
689.6534132970334,7117.1930332185275
2498.516801066236,9350.523982874682
6296.760094262491,1638.4733890564185
6457.151127038641,3518.3844786426243
1423.5666551632542,9479.965864009366
2192.4335151747778,8162.130269507859
5881.343707660421,2651.503201734997
1926.402771249688,8475.594446863011
530.6653874098688,4380.007905050827
8977.79751829232,1676.0914529207948
2634.665181141137,5529.03771113195
8714.163427622265,7349.836029939423
3175.8409840493127,573.3810083048385
2087.802162118658,8492.843123226497
3222.450910615887,6991.844375056157
7828.260632686498,6939.971657978366
6241.994227020664,7797.937538795325
4531.074354707593,347.1936652536889
1250.099496177871,8745.943627303624
2229.0381038073724,3098.4109206045964
36.97189217472419,3250.9221901045603
4041.0156798068097,8654.753330416717
3263.2828321747543,4133.394307650956
1232.6216243902866,586.7498835849772
9611.421931989516,1614.4292566033669
8172.15677856004,1735.7004582882707
3832.0996235648554,9259.265013620749
9718.159401345507,8881.024009061344
7571.17897897937,509.0685593268529
9011.893079784068,9498.197577323792
9213.54969829387,7286.186877390995
2605.1551403909225,6291.466251866836
2092.433451433543,4559.131606282468
4361.946735066522,123.01925059178708
3662.1518414789666,2981.999923041845
8384.584709151564,1355.0037081659561
8774.335625365562,4779.16316870535
5864.123034204352,5382.354804331536
9561.76861491385,9446.025491558255
2767.7611181849525,2409.8259779478403
4432.692454123475,637.2046614082205
9277.945361324168,2775.1063872001523
4671.206313248328,1590.0468183411788
8236.81217468271,3119.0105165791606
1333.993307406638,2534.69736588831
9348.9360132111,8560.362855397176
6578.5974026158465,8023.834702406717
7967.694322382288,3290.4474684358056
470.9476101458343,6942.033022197977
5334.278456258215,5373.028162849163
3598.7643346701216,1225.000602234807
7979.099748899955,4420.111981953279
3192.3682022056532,9439.826874357923
9724.49375495354,3310.364630093191
6327.002181072367,9499.41801308487
3086.2312922520287,4083.4241445772377
5912.545794407803,7391.045450045884
7802.7500539504435,9161.576921651524
6312.210422428771,7503.442680626119
6136.9195653173,6906.902218908202
6495.135119148095,662.1338973150926
3246.8172936066885,2365.506840838568
7665.0069941911515,7004.06835744363
8180.668516003257,6583.933168341325
8175.870549095546,6412.658687610773
8700.241947547853,5643.640241535487
5656.682123894016,45.63801296614156
8298.065824409618,3935.3774974210296
3766.067426822163,9682.857440044252
3963.766162054602,6049.887903441947
9129.64282202301,5752.203508607366
552.1426736343637,5875.3935167224345
8586.396265265854,7511.350358290898
3093.8881658224273,3684.240923319948
2395.296162482301,4248.070448575882
5638.82994599634,9092.256454216016
3492.9893903923435,9458.355548669317
4921.907166366734,6273.294579609241
1571.1530619421387,2538.287452291077
1508.990905708909,8473.585905955466
5568.342697836295,7835.485012943703
902.1232147099934,4129.301993727251
7680.501825068154,4080.164890164436
9346.53285726901,958.8611883556941
739.7576267915329,7623.636205785009
989.5291230522063,7347.87949377941
4450.491726424012,3648.9217918648687
5824.621910961891,9196.970006203672
8013.816009216001,2276.83482488071
485.7474470428802,8110.518575987186
1958.4973897609802,1738.9209082753775
8756.311707513847,4899.052251222882
6019.108982161143,6635.555690164408
8484.670296569067,7847.900257441788
8940.338140829639,1332.774466882084
350.9992118365024,2436.0445790628905
2391.4304118998884,9348.050564039044
5545.3425840226755,527.0718070229941
7957.258726378071,333.10935634840666
86.84789356116495,9097.912157663706
2037.7419023169307,6148.048469086498
5834.239275439221,1366.91276839635
163.354318320752,7292.8702598550935
3170.6759949588113,4465.707656221753
648.4682598200642,722.9263404905306
717.8674049402766,4166.002642825788
7979.824724054995,9930.454377453507
3870.788003737543,6861.704738711997
2890.409278455792,2214.0384142244784
4504.612639079336,5746.205400163585
2141.8483671720123,721.4043733718778
1034.7929922135945,6879.57517413177
5017.573466019967,8748.920036737421
1258.251336199453,5139.8461242559715
962.5901796701908,9808.373458642296
2202.8409691852967,9980.947610029285
3607.801117960876,6055.421693607189
4350.3102683312045,9747.304252218915
8422.513419714622,7326.087311643271
9022.407229881443,8842.783295620296
7723.1011619836645,3912.5829782285605
1987.0323247071908,4603.497030261105
3024.2467961874654,8731.150573106846
2954.0294014654864,8411.929028494354
189.76928032394258,5099.6470647506085
980.575481120034,7159.790867522316
7151.390527695138,6907.618639424684
6464.870125505977,1803.4222805369438
8292.376658571357,2093.6705880619265
7645.686459745016,9737.223950129586
9161.030338575545,5022.369973629655
7973.426461109758,3858.750831657677
6029.465189521693,8297.633117543566
655.6672016235077,8083.124750717797
8440.646334438705,4644.188425618266
6457.717894536285,7486.865911731293
465.0114966029095,736.0051433365189
8513.751551315345,3722.2942232129863
1405.4246361746825,5488.46404548784
1404.3710664410603,7470.703801907161
3978.5016822544726,6852.740886624199
288.62815207457373,563.5669656999643
7760.131350139501,6347.659313414103
3700.282864782857,106.11739442834333
925.7589254358356,7919.591814593833
32.93629918779462,2562.5761813405034
5088.691977737426,9675.29395949778
6272.767153848361,2142.32618092029
8886.66580221363,6810.0005647447715
570.4026338136703,25.670620568909452
2847.574609805752,4825.0018780065275
2837.7991608785037,5722.813471798502
8173.616898437786,1121.9817346823058
4938.606973588059,4374.6128368259715
8186.810619052657,1457.178940940631
1849.1956408348553,308.2123407912296
5320.621939756278,3157.506887582171
6930.265981442613,4639.149415330965
4291.533075220106,4118.317361644662
424.6305306665532,3738.328591540642
6303.910488992793,7703.5820160958265
3811.0049835534,7395.0938677792055
5616.208918189316,326.8115694747231
706.8161512909032,4469.332875618097
8963.104214439441,6592.413934149345
2048.6214309166785,8773.812818774077
1784.836807373481,133.55730103634556
8635.10498286751,7852.339528626786
8566.81414598612,1726.0457982311516
2749.9504682557,7252.784354875284
3993.6827257830855,6883.45595325959
5280.492506033611,2658.5930681971713
1493.048207252865,3954.577626435095
1649.705359577468,2798.232237334819
4151.906639214646,6250.023348623954
5637.233527165875,9531.538607401146
8210.35419671386,3127.506322219742
9848.248825002198,3244.904231484591
66.64848041104233,618.8171818276211
6638.947259482126,8016.260558767238
3681.628280892314,2337.823946679843
2415.818129067432,3334.261911811318
2910.505902309445,4298.909902608336
8514.60490972708,4415.35852036439
9330.702047665052,2195.6177527770783
122.81487263609448,2275.976257821718
9188.21037779396,8806.832892696013
2210.63787646125,6717.28851757403
2962.5012874032873,1969.4608101412969
4805.234150920868,5724.255379667002
2368.1460085799213,7599.518910712934
3351.154445625687,5724.427669225366
9682.284095107603,8633.359745968155
530.3450839026502,4905.501901971273
6831.248923640474,5700.823826432945
8265.697400369321,1681.249904644686
3475.9473591324418,5766.637455163681
3792.0744387610384,4311.060835477396
9841.267402490252,4663.381084621885
8176.835811711133,1097.16166559391
8804.656148753755,5296.0050376431
9571.128058055374,8449.636484665292
8156.313713038772,6582.324425295361
9182.991612317579,7633.020597989062
8856.429738985535,3218.744004560373
4724.40068926599,669.2721815945669
9617.8752947399,4377.361616498344
1771.9106511671046,1166.6595134718527
8305.622859507066,7331.790145903473
3342.268082959535,1752.1815911522642
9519.59180910607,1663.2260551870204
5324.996500545217,3390.2582180495842
6358.459852393013,3971.4996763388876
71.96696843694727,1060.385777942201
7054.003957888441,2801.352425405702
2794.8444070560918,9988.413369083515
7267.703031503461,758.8101007860881
3875.387059066421,6356.986835540534
105.71676893969317,1545.9177700388927
2933.7233332530045,1872.4444574183085
195.6847603382095,9429.06668431985
2092.4689882780413,9586.742603965131
1831.7439695352066,4083.1306607481265
2838.212238840083,1357.459024345722
6647.0234878184665,3705.409779168113
717.4505640470396,4950.373090449461
3436.529007680175,9050.96264987882
9691.127696451087,4506.435208701498
6219.034728071787,5446.953602947708
6832.204143217811,1792.51638683663
4522.492051345673,7897.224828641335
6624.794394577587,5609.785176540553
3469.8517429592057,4446.326242631183
9422.939002757184,9565.737381968967
5136.57624256304,8346.326166411034
6213.25707973527,4668.62087396024
6398.166513856058,4131.7876141238385
3516.858264844478,7312.920529894317
9279.746728581034,5086.146294248158
7658.946942805724,396.1499863323037
7873.332648649137,2762.768255590996
8012.514386967689,8781.322176026752
2874.0537461385916,2034.7537776506451
4807.583577316317,1035.3361022093643
8851.086357190828,5591.458748895062
4360.922719456506,7946.845763173222
2311.843080188345,3708.122358304291
2912.088841683581,4793.082597322583
4930.041396910383,9880.043253795946
4095.2695337078126,713.1105737272536
3502.7048590558497,8087.939939002547
9400.625689088223,9165.21998681403
7398.640294170531,9286.414591260587
4133.135715139384,7578.118918198238
6081.128118032654,5595.819195687862
4410.886429634943,5371.539747236701
4638.487444937585,7342.618067058257
5690.361679199638,3090.516970426235
5798.34960051082,4432.136772750462
6273.997111387789,7631.315881227978
5836.921679304352,5860.80010004179
8471.403346650448,1211.0268445464023
2442.336242626929,8037.599822447885
6610.584248942732,3157.555199571016
5011.243532660461,1925.6598008105318
5901.379121812918,6620.303457758681
4803.180047255967,2392.4627723110125
7945.24080178938,8703.008029869381
7318.808538072318,4485.154714227855
7820.500548721862,5399.969565800102
8287.866556170096,1703.465667999361
9226.38183024781,9294.498146303005
4292.464153543881,175.50793594930835
1853.0637442090092,6755.871365218037
5795.335350571871,1985.1805963497904
3480.8811938696895,625.1566024335198
3957.3372968304952,9978.751472986834
6043.249995549899,6653.386936519097
7605.625920096225,7235.5303088304545
8621.426521077194,1163.2137215084592
2152.544154270929,4715.173876990497
3576.280807726866,6713.989469866954
6882.334927136553,2292.384822117163
7159.184356051888,5100.904361697047
930.9566808682567,6420.277776877805
2451.727286610543,9705.563119672339
154.76124010989966,6568.997316342605
6027.095652256754,2423.0278511794368
7592.469896321812,914.8285523800937
9814.58118678686,1445.4323835490634
7863.95855155107,2841.7189631652695
1411.5865955622253,6181.798959893624
5687.082371528175,3075.716292980757
4265.414576214991,5395.027260571088
3557.5860534883154,2077.570051962908
832.4456660678459,705.6293916911071
5984.733315266908,3783.202956164735
5032.928831614184,2548.8026775155913
6551.171657340587,1655.1442764248525
7627.371383139744,5003.4440955258215
2142.4025617810526,14.883001499844672
9839.626029435603,3561.3599734773607
4647.256911200476,4975.57070845515
3477.4569231328755,6526.468791025598
9790.4864119624,9805.363669075701
2178.301781362144,7432.353786685972
3441.133647363377,5031.850177188465
5573.950828695388,4698.877060356233
5614.511484167872,3659.90217310854
9123.49905194438,6118.057775671721
9616.929792875235,4140.407112776468
5253.244023435246,748.1897505443525
8496.23475069772,5114.507616934835
1913.1458067567064,593.5919606642892
7412.886892830795,7577.601398388519
8398.128246803066,9608.889596374494
8675.69977534771,2420.2252315654473
371.39901089695337,9192.133497368663
6590.059930921575,9677.902807249284
1600.2346881348374,8404.041816793
4784.754688266346,636.7172704415013
6355.101982058934,8425.702516189865
1683.3778110969977,6802.0502410324025
3318.137800670692,2502.6892607774043
7176.1938417308065,7509.268051510658
863.0070961735281,888.0289401057117
5232.267440695133,8941.057483402083
2381.9730287090756,690.3338499749634
1711.53299850894,9622.21504694135
3423.806371315359,9660.943399576438
2785.561406632171,3667.30812986278
4188.484619280872,5126.302900091373
1397.2840597966429,1417.262246083123
792.5112650926958,4290.651419973037
9937.082454939495,8298.37372700725
9579.768736692196,206.07988680137245
4429.433541602903,9208.543171250627
2010.7653930663305,8250.962544848018
9785.50326637657,2731.4897257396474
7560.077183927016,1263.4930817575773
4295.157163378225,5728.498540239187
5660.759161859948,1735.622900869297
9729.668277828418,8081.048562722171
9347.317313972355,7991.48287121306
1989.6767870988551,1928.4184910764425
2669.656371507374,426.8287495426959
8111.434582645221,3531.296074841974
470.668946696462,9707.209222939
2976.228712316901,4784.082533424689
4999.034213042086,73.89908741525342
565.42403279073,6288.654959475579
3682.5541620352965,1686.7188002384203
2122.9137964740917,4864.8416093211035
1516.2236761887993,8057.872313069289
7282.739023892032,6475.905630839118
6835.760344376723,9934.110488685094
1095.024953654873,1822.1399486595978
8957.982635051821,408.96132484047996
4159.065025749176,7208.656002498229
9039.321493057276,3788.927791257425
8905.802632568731,9933.696436857066
2362.926748799811,2407.7783091353067
828.9221754172061,2948.061676622503
4358.687745143399,2260.2463287771325
6320.98835530369,2419.7472476451753
4628.768337344122,5872.512086467661
9084.520491863446,8117.25321385943
4309.559171678544,9854.018782302335
9991.75852388324,1443.83159283053
2459.1326019827297,7744.1129959113405
8790.84606165378,7014.796726936055
5132.530674771838,1376.116876001764
1038.274600947321,4263.532328776739
4075.8089524074794,7093.109784769232
897.4997868805867,7007.822358987913
7477.108179745595,9484.583916565836
1067.6280855374055,1688.0949269191415
2275.7498262783206,5740.003567540249
3762.4568124661164,1580.141362178078
4456.558499123683,3029.3336129478453
8232.375431727098,7736.725074318161
7552.525407730419,7469.770605790966
9251.455568017713,2930.1837913098607
8258.73906653834,9336.159329422784
8109.086366561362,2311.4629047934677
7331.525488905718,4047.0868513434234
9280.642208401912,4065.6420476756216
6742.812701329268,6054.287372365405
684.7269941675827,9586.355946099755
5316.200176501123,7907.711555340592
1654.2353835074875,5540.871823242801
4455.6215352703775,6051.071039212744
1328.067942449318,3010.3752336201783
6204.15759144473,5671.041612898463
587.549830989289,8274.331314098617
4348.688250668812,3517.628481214182
7660.015360195264,5216.569598490688
2139.23243793302,9653.474321878108
5955.311461643287,4477.408731674549
2445.6960089128565,1042.558789290625
6993.4591961849355,4125.2510760765435
3787.0404375124112,4672.189786868324
702.4981095480398,3010.3368516811147
7224.555562431611,6096.608581040424
2421.4603622616805,1517.052054239637
7497.259436767298,4358.934722957943
6737.635568128119,374.32949679320535
4706.340113942478,2707.5463763237317
2176.6083585150463,2408.7826608211317
1960.8456433465826,258.9339780318789
9429.428499164012,5700.6057998303895
1270.55061490013,9061.124588692015
7803.31844614356,1921.9220798583735
7722.674407400512,4176.174643103548
8996.236902897821,1378.1926407643152
4053.738512978727,43.9874210276614
2449.739008255647,9167.861584079463
3337.681410918265,7890.875597322143
4026.9051644766264,1991.8990523872005
4676.446103137897,9325.354656450074
4607.303207477234,3015.517486656383
5929.464321250032,3507.9413054259458
2508.0731472895045,7540.051178150497
5849.940158156794,9268.438369871641
866.408590368446,6594.669074592427
7514.701524797791,656.03562805718
84.62976433763036,3711.5427203440754
6240.383748335269,4309.14360682966
1242.438775608381,6951.502651843354
3744.952457119186,7130.807481147551
8925.306998580272,176.128854988441
8231.42674711302,9443.193580022717
4523.189916795892,7829.924913838403
4470.587702299939,1205.7681320116321
8142.648504901702,7812.673479540675
3568.22621706513,8830.989205477317
532.0521196977223,4878.767961832094
2018.0401970767293,5615.891277562188
5297.142389053609,7845.149691306506
6709.88691211881,4406.143680604569
8073.838095649041,638.1840857661858
7353.734879164161,770.4798936192925
4462.551572546451,2421.962525140742
5024.188193669134,9314.1295627013
2879.862445593523,2933.805393108542
1462.4049271044148,8729.21458724131
1716.7886333494876,746.2378810197889
8743.443384095448,4740.3335919829415
4755.160909056827,7642.927396977189
3107.179889370313,5707.820292248112
5010.541235457632,2500.1449358236005
6571.466659081566,573.5281749889798
9733.007486302862,5998.771464366474
7349.028075779044,9886.187202592972
4880.849939881799,440.68413161470585
2619.2391493817504,7867.759050746139
4277.344929562509,4935.542825561757
5142.933251533072,5712.050066534637
5333.607343388558,946.5622572295607
1017.3012433554962,9651.482647066854
4446.706573734431,252.91673562841567
1281.6607020698546,331.1666715806627
8097.616502536365,95.84429213123413
8317.136920006436,3425.9833515560967
3658.8741822527627,305.7795103496885
5460.093619217948,2921.024908351102
9126.82235805189,9775.24487958639
7951.673346905524,1862.1426200168355
6092.976669355225,7166.9871964999575
4381.395149001798,5808.819042379133
9612.071853641908,209.61509720825222
753.8058134829217,7677.7318092334735
3282.9806480917946,5636.284295385018
3267.6761596554284,3624.995564154527
5005.962942076767,5230.78348389544
3101.514287224042,2854.942703721619
4841.495387600585,9425.273997353
3661.6732520685005,9637.384070674845
8994.346706377863,2244.629023186665
7985.155657024046,25.00493915620572
5398.797354235827,7715.694147273422
7607.457999738008,5499.12581134991
5365.704022001826,8774.816279467894
2089.1078420698173,3567.5848596054616
1395.7169304597783,2234.5606275146324
7557.07695330688,4789.166513786798
8343.97712641613,8743.105007147225
608.7594803823725,2620.5840238313626
106.20525524966284,1359.463681635269
38.13512237903494,5897.543839173541
9602.72722702777,9601.952104825108
4682.384557680349,5084.100144094304
8564.973655502652,2058.9565388189435
1723.6939534613327,2880.287294071091
1221.9632396019597,2984.1354961935517
8750.5451631114,3692.1142195964085
236.1589637886774,1273.4756456761486
941.1350550714492,9877.390711526692
8645.575508775362,8544.550896916953
2815.03141176493,3334.519626945325
7097.99625482655,5467.099731241325
524.7145908728401,5848.814483404518
2805.679241178477,4416.868731022651
8277.391922798566,2671.9987787375376
6892.42586439782,8229.082583590547
7291.172628421369,5305.486165401369
4984.215402647749,2846.3257835551017
9818.008387298789,5371.355785095415
300.47841319086666,5299.185023569932
8795.54298286244,5695.5181689959545
4246.821030483967,2392.677184342302
6960.159878186666,348.9050715991504
4480.110482705939,7351.590216594779
3609.220218373076,9953.666267771709
1601.8718402883958,6255.620340972429
6678.593796639455,6383.603999382182
1511.7832533630017,7312.617537037898
738.2292055211259,4962.842146199243
6164.874960811996,5168.637293742752
2996.745965992099,5740.403016144452
2878.231037471535,6622.507332084543
6812.979933908411,2101.621239862548
5874.315707212838,4501.026029807722
3550.382008557268,6744.668824165897
1398.8253745579705,3905.93330523104
1506.149140600389,2962.6076950058555
1249.9772079844906,223.65128596185778
452.770465214688,1840.4949096856571
6043.073615419764,9180.757178341006
912.0290597600011,1590.7644956973177
1542.4650779568394,9437.841079530108
5366.972797246383,6497.411678128861
8197.956941416485,1434.624452146539
4350.300061203572,7459.361955566005
9717.442136851883,2025.850046727067
7937.807158035635,8810.894125457251
9016.368236086695,4571.357335362235
6927.83506424844,9781.571923673657
7689.829847671846,8050.2465721364615
8255.35825321787,5837.355657907907
4422.0325851749085,6706.128415649843
4757.088778528437,3827.6309292883816
3441.761904165256,5058.165615202412
4758.539571205984,7349.484987237769
2137.8156223904366,9542.627580457764
1399.084315980037,37.232345356287276
4012.277011989834,3612.7224159254524
1042.630337104764,2098.8795759108293
3514.9070076999924,6794.689495476406
6974.629619821779,2432.0975344645203
5158.519848481381,6910.9935127845765
2608.0898139869446,2507.9647184622345
6321.194211551719,9280.120746000071
441.2006403889357,4896.974936049598
1417.3143249956931,7706.208877111428
6384.791891141638,1393.5459885141354
7430.169267320338,6506.550670165001
6024.124619399736,8379.38035883508
5002.238482897525,6782.0951575899635
4576.319866561457,8501.490281755332
194.8971427285884,8984.881735039577
9713.053330728708,353.69311371477806
8342.745899303476,3199.6072822322576
7194.154600411273,4813.9968688574445
7807.537951737482,3916.7574690101114
7984.283142401274,3842.453415950938
4432.303658912232,26.04760715554488
94.80842894512342,3964.393823800624
3958.9503931980553,9634.80461753971
1977.4961784146637,3341.97264588877
8131.211606274942,9024.283260078224
2639.0257344328093,9200.387328572346
8713.749772560848,7229.0289417940985
730.148790445776,9117.80772829087
3076.9782296528047,511.6991543402827
1878.0707803408093,78.36663108664155
1418.3461585621394,3400.551042345892
8888.093305359722,4057.3223535635616
6484.782393794864,7321.546011852987
8471.056490197643,7817.82587997419
7615.809855096758,1151.6240465918015
2666.9550952022137,4602.808639532535
7359.284101378881,7494.779583360005
2243.177293422397,4372.926237256765
704.1051794747477,2309.1498340008065
7906.429239065655,3681.7669881608763
8119.8205106958085,5093.684213982929
1498.1892958635035,1162.2657029926454
4205.485153150864,1580.846571265263
3164.860909664743,7375.9778653611065
4539.909833543364,766.7273400109209
4990.082019352121,9294.83350002171
1950.0219592873568,1957.919662181785
5705.049252531996,7066.602450946194
5906.848636528497,4577.759685243941
6531.88727121848,3856.684023792025
6655.068771059526,8758.37175382731
422.13893071352146,5733.064286539452
3926.9886836285104,8664.021124165933
768.7782004176858,755.2626603779122
4856.465032730771,6089.433799900107
8855.194051166145,7881.570547497932
9295.006841441047,8662.975599460811
2207.044237038556,6318.288066356818
966.9321019120591,316.6741648035143
8665.766069293455,3946.100306294625
7348.868410913549,6916.62684292736
7694.879501485008,8007.2126910742645
3189.1555349546206,2383.4721334219375
7828.520999426285,5774.656137749371
3333.7000385210213,5456.590686866322
8404.907837905608,2309.4929377910357
7895.07154030671,639.9429225623621
9730.80796494021,4353.589306920875
4646.174845090738,3641.127371969446
8051.284395986622,4203.3107249659415
9120.561755098062,1283.994797659065
9648.626525450894,3278.0595085251994
9735.195855590535,6303.078189637184
5046.953279947771,2239.23922795269
4814.373536788889,4527.925833364424
377.2227558734109,1750.4948473536108
7025.324413609873,3150.048027291006
1084.919625348425,3008.3747830598595
9845.163438872245,6918.824614057273
2842.228798405999,4256.71832537365
6119.735734107796,8750.062739195553
4127.4097829001785,1622.6202100608623
9787.759716839333,5267.617158945936
9870.324843766099,3490.588518703577
4520.6863095753515,7356.919207680583
9833.187795157643,3001.9393564106
6944.068098487888,953.4359819259486
7769.50391839409,7888.911736192791
9537.561374158162,7362.164084515538
5009.601727783735,173.49541649102184
7759.064657600276,2007.3367343706827
6127.2156897403975,8817.147704931067
3606.258956297439,665.4676031351903
4851.469269695066,7800.827947704514
2948.3052570407685,620.9006327580457
1769.745229197406,3892.296944370236
2557.3382022772385,6535.4221451541935
4109.2682813276315,5600.544776067492
3059.2879247544356,7532.465100045468
7925.838030006389,579.0249729574581
9841.063076051705,1509.2217675662844
5603.876828988996,5077.111111537004
1549.3727567706394,5646.594603699489
3006.3975546275633,1635.8768583953554
6467.327068031244,8780.142559896556
6815.133970505471,8298.118860986428
9602.486857794689,459.3105945963405
657.1994206196041,6770.659122235301
3812.4183329446237,3918.468013028341
9290.877303960471,4877.443455645109
3271.2541704088017,8751.255509802846
849.1901139029412,6465.052860886254
2781.0705335157136,6650.075534072063
7738.193462040954,1832.1132041401645
5450.795650758474,9871.41009277605
4744.695277504434,8937.524481980408
9305.522837410774,8921.553408073409
1547.1331959223455,9953.568418949259
5368.224821930604,7945.248671504051
9222.952413606854,7189.335428076413
1172.6268588401101,3785.2420971910497
5185.464546818202,9216.27665619742
2817.276267282658,4150.845393877336
9858.31355619135,7243.179158629446
1975.9687720535724,7268.717191634554
2140.036810268865,107.26500356403102
7187.549718341131,4630.127466359109
1895.228282099969,3536.693226890999
6558.222554639768,7442.250763299096
3957.3449617469914,6879.250572165578
6033.560468944862,9145.871414070452
2360.237251810201,3997.059815245053
7436.01033348325,7831.16496807915
5387.555795277303,107.08916163626458
8000.427544264168,4185.698061514821
6937.19902531189,6832.23761375084
590.2920458270399,812.1935479871423
216.8526954290251,1228.0387182663999
7274.767773735375,1678.9602016216832
338.54898265218367,2819.759278845849
5883.201531584984,6315.760257995413
6438.954208236744,5506.91272456181
4340.066003269193,6796.675813340956
4777.811741820394,9966.483414189644
2608.721199088332,2705.916940761868
8969.868913364298,8542.738493622026
5254.355389680098,3303.503548078315
6633.999439909939,1692.559783297406
9697.019202905907,8884.947199911856
6625.903160142028,7654.2053918484025
6998.71951876829,4050.9056772609365
6958.018263120899,1863.3254890743356
1309.7812373440076,6740.008411647273
5273.979401409881,5656.846123771355
4234.704680677608,9311.185267107408
5925.5890176852645,5108.501100251284
7785.359890535535,4866.289496049053
1628.6529577851604,2494.756543211852
3956.2877475839487,8749.186207312458
4900.403538167413,7034.902730139426
7381.532531634351,9891.210409127267
4065.043550513555,5375.064400199438
8690.431349841601,665.5476353146062
7418.256449500321,6963.127714855137
3973.5269899204404,892.7971781852717
6202.6979738760165,7717.571161302915
2029.481813386047,9941.361913288656
8931.778873751135,6296.883862113641
9050.852346279988,2376.594646066226
9579.091364433903,715.4607606743357
9748.31894092228,435.40835469275453
6161.5309093558635,2431.6731176632343
8997.051742892012,9746.794034924998
6102.85851874243,8733.544115520688
3767.5870459258385,5718.831198160334
4570.187444647058,7980.8411060738645
2608.0569186256675,1028.546051871918
2162.073402168151,6985.908309975958
6746.359321929295,3235.3710657913925
9517.938082726985,6384.795439978821
4959.301301160051,782.3217217430433
8594.94387031079,8404.208367812838
3772.770300502627,6413.018205455537
7737.165526809634,1796.060429441102
8649.452525858922,3232.2770025349514
5542.721236204104,4914.181834800875
258.79618041992904,163.907715375321
1837.1781186706526,5969.274461612127
260.901328117088,4373.189226778558
7365.112787150113,8867.993994530778
9958.174036922555,4028.673029135472
1271.8451787365848,6772.007154796778
5993.639459081805,1806.5792663856505
9012.106372071225,4799.715504119806
4276.526851381442,6991.759771278723
6842.285999191484,1440.2987014978942
8796.695668163857,4466.850050773693
4123.387085749129,4599.2248549001615
1135.0404709349204,4271.277075929958
6107.3894686908625,6394.686408567302
8480.359786635348,7300.4179750444855
4613.47810030601,7950.862302172205
8487.059710894455,2905.9503251250994
1070.0235227851606,7390.998027314075
3267.4858582965526,3616.647142349598
9301.425505364954,4528.027347452671
8209.6475532877,7276.871310294574
3280.2579306374914,7049.8590729018715
6501.436809311341,1936.9737461073832
4455.220968801561,5131.607210316711
3112.165887449925,1122.980439617578
429.9986573476666,234.85848638283846
9479.022437180436,4706.523249238477
8973.678598381302,3058.3864701333687
4787.9442935510815,8020.357495594965
9014.71842658706,7383.023105861927
3605.7244029979784,647.4983679880797
8766.374460225796,9980.996504439596
4467.486048472282,1719.0866202956345
1916.7779273781439,3097.6776458016884
4560.123890086496,1446.5070874444075
8498.132285647063,3376.891620524043
7946.637567401689,4660.966438030649
3622.5458196356876,9595.134372845894
8183.050799341155,3123.6739962728443
703.468345623759,2630.21673554837
3640.0348027666796,450.607614511338
751.2640356077493,7378.871555684572
3734.4849431464886,662.0293099285457
3848.141284121859,6431.764405393546
5397.3916966351135,3597.5955625770316
5910.0291040128295,997.6028453295771
3590.62434362876,3669.1414363149634
7442.719034952879,181.6703759231919
5133.141909642623,1671.923536356784
2417.943483886603,4834.243215783328
6236.862039454105,2401.43973948996
9500.853002432379,7596.971481309549
4666.885240879649,9428.221519834373
3268.5943653903482,7639.126540293983
4222.542907427338,4768.936418628641
413.54615703539264,6454.783263627035
9783.440578277387,8430.06967408206
9493.769472054448,6742.51933368019
7486.1622904128035,7097.125903058299
2713.5572971641286,445.0848214650549
2582.0362030233146,5073.581172488171
1266.9676628562477,4056.281429562014
6251.97327148498,1816.4588176577356
1638.5719416096945,5745.622958254644
8456.22346321353,4804.601103396826
616.514709132483,3915.748356399702
9242.890892058895,763.0747117545155
4439.318690711141,6145.501985839464
5148.114642382169,9840.052242095164
8176.363867188836,1446.0696114469429
6853.774020535307,4670.149980777231
6992.199188418571,5387.146400540357
5953.750676436906,9884.36860067347
9955.086059214158,6377.811504186233
6358.943635578495,4424.864256859329
7947.159867426471,47.87501417112372
6581.560604322153,1000.4562077378043
4095.5121990091957,4165.2261163896155
976.5259768891899,8278.931810477663
9105.988998600664,5199.411618764729
1000.1556908890396,6879.685343416571
9180.869954324493,3543.1000589064834
4825.412959641021,873.5494794906284
418.15240062021974,8933.09610098891
841.0283958784171,9563.874065338347
3466.0376515711146,5932.8207664638685
8704.02304268627,8754.619364575867
8188.65795882075,9555.372047172315
3255.969897398242,9589.16007592559
4936.1481890976975,3835.40852091353
5905.953336033167,7063.14512824234
2193.619113523386,7285.532992720655
1558.730803693791,9993.071007333423
4394.639454269142,1672.4498310308545
8876.166712438531,7930.905540272669
5809.2379246018,7920.633602441875
4764.7463458749735,9666.997222501484
9450.747072269849,7318.021005712886
9803.262271789956,8954.381826043902
7866.725991105508,1210.959884885523
7120.89828556675,498.1898623115266
2255.185481807387,1204.48066017376
5056.158334395174,8428.8967053731
2015.1700628615342,1392.9960740797787
4209.045078436763,3668.6971568599315
715.1748503382216,3112.8451516610558
2265.1460306807394,4689.054683442273
3889.301954108102,8820.565092427754
8376.72435510396,6507.540069245362
8377.477745748343,2370.474652679948
3902.6764266806326,4225.8084352546
812.8555302001439,9887.184932608003
7238.194397413545,6735.573082568244
6551.953682712858,7231.371134771125
4361.405914999819,6462.783590702585
223.89239551101502,9640.67630227667
1061.2953244289502,9568.525057250241
977.0906405171942,4927.197310376967
2875.713238071206,6706.867081374881
2118.7129862910315,1631.6716523808338
7174.417121606859,8540.479514434097
5516.349548297953,9115.520165127904
9014.09843012697,86.71100203770155
7249.535025052638,7580.164633062621
6125.63652646843,7995.1620916097445
6012.67546026164,5666.055318554798
3665.909826160639,5154.215791864507
3022.961901796248,837.1585602139908
5335.337430563242,2083.747406072736
8869.763420870855,6576.28162156478
6206.101647928168,1307.0387024523966
8166.2268065379785,9376.331203755877
355.69632556547106,303.7248142571147
9057.698206467561,8806.63032184681
5445.407199346998,6055.340770449649
7271.176111620571,1032.5911361244998
671.3502805962124,3951.8043216034757
7579.782419770717,859.6497263525038
9469.462658868095,8696.297666973674
7127.39668396151,1044.5163130069313
2696.1559511026144,8569.159884019151
2266.1700348412405,659.7575629720087
75.73424747189806,7671.128097647509
1778.9102065035202,8019.080436265169
804.3467915364278,4297.906388014814
3904.751885125475,2067.6523101027565
188.00402861146927,7017.057995744114
1418.3130637353547,7923.721862798118
5373.1010010364525,4354.254659314159
8722.024283226965,9531.650623311383
1996.9344372826736,613.8074993958187
7194.431716231814,8350.05513173597
1351.1053643446835,4625.4488180629005
3809.405372845004,4915.596725518024
2165.134291448099,736.4648566458054
6685.814069206893,9675.757822731639
737.3132558002071,3172.4527418201096
4398.669861440143,8506.899615354803
9799.936932645402,1262.7880846934204
3695.216437671347,1557.8324025888446
7966.743789414855,3420.5514424639414
5324.366573647188,6855.834177780419
2158.7012501577065,3980.6618093199318
7801.81232252191,4830.7795172850265
3101.5565255992383,4521.82830285857
9721.87437341559,2428.4276849962193
7682.847832241786,7097.831982012033
5369.478916179383,3469.031825946444
8621.196752687662,2918.7330677442847
7327.980579410673,3015.38085995791
3699.119648421846,2170.7419702443476
8547.313254613222,4630.177609246969
3735.530032327029,4020.5513624889422
6608.798227130183,6551.479662387095
3169.345694586575,9063.368474203768
4350.807751128114,8684.304493254716
3425.279230629652,6965.108504639279
8459.801703844965,2388.4022203614795
851.6123494406003,7409.340113812308
8770.242258152344,6348.763258871572
7914.75576911675,3051.441312657144
2438.4065782755283,9350.2297626118
6009.545218148616,6328.71167602181
1213.8568448782205,3030.4473824850897
9875.732300106041,2295.3540217788736
3854.1657125679953,488.63129762776293
2138.895923943541,864.8807709099104
9116.105006841872,6738.069261228198
2849.16009291561,7380.496558267593
1797.7422184305558,5177.95502411273
2037.0500744246178,2916.1841755769824
8279.079714721385,4763.099229377109
6105.377165246224,4673.927336441969
587.5871664445309,8108.2739993232435
6638.596735789287,1698.6697925984263
4135.158456794249,1546.6645940446388
724.9687374369829,7994.329248728017
307.6760749938001,6933.625484481464
1111.957951044379,9805.104253041218
2264.9345313266545,1968.4117477714758
4088.5909432948665,2113.854982355742
2417.4919601180136,5902.007548430609
3445.4414378126507,5040.556698547143
8729.956781748957,1514.8471731458192
7434.873317624515,4368.959136628897
7410.829294632368,2045.2742491775089
2817.8198241787077,7670.928170378253
9623.417874887313,6478.687511185004
859.7870979880429,1315.4324402401119
1728.078139032303,1574.6826896415623
1315.9072215894273,2034.179568550033
7273.104106555736,2116.852265107012
7650.1101166113995,6317.934901437719
9493.142858456753,330.5955546629957
5298.402834240077,8965.61320470356
4905.697369879985,7526.131657387863
9702.40636298336,3473.3033320576524
6601.379067348303,6015.796065518173
3135.617548769972,4756.26838824231
2345.487717974877,2410.4022672702085
4624.624213271277,9683.8841510849
4250.958930216274,6679.41216693737
1732.1017516518677,89.92033542053801
8975.379958853948,6074.762916593362
1084.0726176288206,5648.277680751881
7700.214618021317,8303.859357138323
7721.77829475037,8635.179764197754
1108.8467664186342,7810.035187136406
7372.086410298841,4634.5780716795725
7282.244753482434,3659.9692138513938
8586.07141501777,5292.871688346456
3611.743590434059,245.60346970419312
1204.2895965462285,5601.680233427668
9120.511683243034,4620.878944858305
7248.726222843024,6809.725570510036
7596.4938443516,3539.978527973674
9371.13716098046,4210.394174573838
464.24167184283993,3241.0095862365797
18.227980036111813,5864.565372715363
3042.7615474042946,1758.2457146645968
5368.129964568476,3792.3061125478953
4921.029105509748,6629.122015671802
8426.282927398679,7682.092087071826
3385.66151699071,2014.0726080277982
9157.884997806228,8676.255193088487
3364.2295562679114,7895.690112651262
4829.684228755135,4709.116962556035
7962.781646242435,4582.043203422361
1335.2554054145016,2316.442769627437
2267.802953920891,2783.332425424555
5489.771486350773,2406.0382527315173
625.5318334019466,3654.062893820681
2658.3462228905473,4938.639498636483
4483.692969969859,2494.189638960391
7768.766248274127,4399.543050197312
9802.081963549137,2113.1312701805837
8788.834763886895,1855.6698704690411
8056.499868018984,6989.785259098757
51.480270197964416,3857.590279878017
4609.982491339953,1406.8090733990557
8766.055006731069,6996.570327194764
7224.494592066401,5464.920768941954
9399.247042997044,5458.540669799895
1897.5057779077497,9054.292844397616
6447.869898464417,4299.1642601402455
4549.695862869167,9186.31608251454
233.83158777828595,6408.5818051981405
8909.733049809507,1215.6080262933278
462.859497097714,4879.867079562649
7025.0436890559595,4144.226909931683
4800.415291790884,521.93600566532
5828.589140242628,263.73320685451176
5975.2591608621615,8015.503801991886
7259.736262212518,9362.67204515656
8463.723919298862,981.9939733537775
2722.020973429571,1514.0222252041003
4609.721902880076,2884.882141310583
3125.563187008348,6316.156300207492
949.7849587883989,2546.6376565196347
9489.941563531102,2967.3651165592064
1674.0157809873936,2285.1358174969314
5178.827392640434,4721.225818919481
2644.9177144700598,6046.985504579865
7617.1785477919875,9802.385131420366
9478.82295938335,5478.23952006544
7458.287296617941,109.5489472784139
2380.397953322263,51.38396587015315
5033.791947735388,5700.019045214105
1380.1282496111244,1000.3625374529402
1653.28936179452,241.17004031860455
8638.826568502975,784.1995106499211
7568.04883853592,8768.361793027028
8976.8168071343,8581.999212141507
2386.9602348001285,5778.769883804696
3608.4227697916817,8981.482204431624
2786.267496900545,4875.902505868153
5216.839493968754,1744.9992214755039
9879.512051446096,4358.139585263804
6370.863914255837,4233.561051240184
5293.690543016983,3750.8099045606236
9903.617943043286,3141.511134219768
7508.291735639633,1004.6048457243672
2241.988933904798,5781.836682190231
2958.144187206113,2355.1098413119244
2594.5765628087615,2962.9700877939167
902.8515992087193,1401.5480964392534
6589.036322579359,6975.950058095484
5528.047134060703,5059.344534149213
460.8349554736724,7953.773705330128
5609.6755070753925,2169.1745582596113
4942.32764677472,3221.271229050321
4027.7482895164053,6488.809187046196
123.13941894112168,8795.989493339654
6534.934289528528,7777.144434081993
6839.8110313432535,345.57375981339345
3166.710409052318,960.8474839591374
9135.319774561513,1863.8482252579513
1017.766860198025,2441.448818064319
7373.888394876809,8873.467825430234
6266.623035401489,5505.226098683051
709.9559566304214,9279.781743817632
4168.892626267544,3722.1269962059855
3910.3376399779822,9629.671612105993
8773.968797596879,8191.68016687179
7977.515332999303,3282.518763937191
2559.696796743495,4032.7519612933515
717.0410551541262,9523.494427749321
1765.5947633451763,1315.2555131471433
9545.285910243014,8642.557456045814
6892.407064325652,1068.2339814881382
7618.678847568082,3502.9514032603693
4297.90817536133,1012.3682668639689
2655.2446520970475,3869.4825874205276
8157.252295465693,6775.240411977063
9323.29680998224,513.5915684542847
8497.04655504682,4708.524869152181
1422.2760875382146,2068.367266397423
1706.3269129679925,8634.392565280155
6013.769487637167,4132.1683053280685
1868.796016040214,9583.695612665744
8154.210137188896,3418.9759036011815
493.3804495905125,1656.5961653677784
1223.6240699655077,1083.7548858008383
5380.045911150371,2088.4042311989692
4043.7343778952372,1839.5067755939442
3019.492030293394,1364.7412788936097
661.7248870288616,7192.480624771155
8105.628773661625,6683.619060363209
2697.6629773716763,2284.713167650322
2904.272980402102,7458.145387434228
4010.752514030078,1526.6821392227625
9520.548356000505,9221.176490788917
9179.557135054398,1737.9711749916405
5609.078410581998,5022.006682018224
9298.31838729277,3591.5872539593706
9575.776976532301,1666.5974463228983
3963.4089311669095,9721.467376689594
3075.5013372608673,8725.195717361736
8460.197241533653,5676.76571272057
4836.571376544263,8663.749030990777
8938.668917536848,9003.197999156953
4305.771047125795,9505.14972557924
2668.587003514463,8584.961074126883
8229.092434971533,215.75831952940106
6344.582957441748,6569.91347982279
5918.849376814706,8023.001036371557
8043.787496754883,5041.377238772929
4914.22242896947,8028.465049460807
4441.4670015489955,2370.2581734514183
6667.696599118091,1996.6751737107013
2882.713497623446,4748.09316338136
4923.649990875846,3993.0979301050975
1704.8116686748372,6471.5512710092635
7462.745788647517,5305.6468999852905
1134.5706124446708,3175.9570812700745
5630.690889727934,6897.3800509867915
8120.683526016334,1861.0126481460488
6738.421916214764,434.26817223266244
9667.63907264395,9213.591718372421
3052.990648231616,5896.823887271001
5671.325946702459,7998.0435404963455
5711.177217781008,2357.846593907409
7154.878449091329,4485.919180114518
6886.582846827365,2125.5505316138156
5303.134986592466,6493.271004486921
9118.395782306588,6592.266331787362
3792.431196943972,1648.2609260535785
9542.610718121376,1296.31396584153
616.3589392333502,966.5766872270243
7647.529536617013,5162.372730360543
8279.61477111096,3411.42700739955
280.11813541657716,1964.498743960672
2403.6859446276003,5372.390308729697
175.85742548630768,2062.9381704909965
6723.495564285166,5592.740311092553
135.69533654574806,1262.0787473915718
662.8598519963169,7419.467994201906
6561.5170691422945,3323.6016803711477
9164.374167155309,9277.203264527301
1246.4724168098974,453.0576675895004
5443.3813934599175,1012.0375782116275
4131.956331683046,9300.537712985499
88.38188332461638,4683.830821555457
3556.107339312936,2185.818640059636
53.72023381347346,5881.099390702879
2983.891814117098,5584.052670556763
3600.407819871627,9962.865390060582
1744.8630207721517,9928.658942469016
3535.58858788816,1332.2957967155535
3405.5407242129863,3474.655085235151
4963.58954109836,229.95636787346618
5792.195066783591,971.5451128041163
2905.9628012818807,9890.579793908806
7987.206590832354,5942.660801312833
6989.205446221857,1237.3481011932897
8000.482741865993,1846.7810584719068
5321.0682102589435,4861.212969056257
9711.740922502308,3354.020431371668
5134.58489590346,7642.211266706955
9990.933588787693,518.9682650960059
2895.750733205059,4346.86589211784
7058.611055133205,8234.932624258683
4492.356801980633,6073.465502449408
9528.020090863982,9109.09197062361
858.0243663292208,8757.477777627984
9248.616420168411,7894.114119755218
8011.783176505383,3057.0573356071504
9789.376066523528,9901.244602706081
4277.246355864939,7783.706065021844
2289.4430483732262,5216.61450596799
4838.805521585622,8384.194914999682
4692.435176657254,92.08482924315642
3431.6460798202743,4233.339025104067
4101.8541213809685,3385.362703120376
4380.116182871528,7844.239190675871
2296.436067816802,9408.768696897654
5602.121603821186,5420.226433025281
8947.78855061835,944.2391822728536
2209.559417136854,1058.354773598884
8589.184120954757,5182.475584294158
8910.937916539382,4332.681499279304
2239.3538503735513,2072.919466354003
3118.2326590870302,24.55561974567533
6059.382825859399,4207.062355950263
9110.425767969116,7254.095931564858
6395.548725548347,5076.029380841055
7260.404608133306,5282.55539973729
343.34351510422744,3594.6607970598598
3385.8411467173487,5148.6463446470225
6076.775217661121,6582.748057585255
9805.229266099397,8938.683336254251
159.6470515064663,7894.758861691365
3581.436524558842,4597.38682641251
7342.106217745866,7689.003097629327
5624.677304924669,3923.9459948132726
8801.191384619955,1705.9828890304495
6278.849342301448,5988.117495079057
3946.517825432244,9352.333490226507
4019.2381561035972,4332.86573890682
4191.623230024508,8389.145845332661
600.9262347706467,5398.89880969414
3046.2061046024114,6753.742913971141
7950.513238858415,8673.827386334191
3609.25209061448,8986.528014169045
2064.5374004619043,8374.348086562342
1472.9543645090837,9546.787859000038
3720.3707793613007,2448.459227318408
220.8289248192785,8923.961283588083
4061.647459650709,7349.638852873553
8493.696226917906,730.5359141724932
5640.005192241937,8699.029245042062
3109.331348095842,9197.952729917792
3959.636451464702,1558.0729753668088
9999.470558217114,7795.357716737344
3186.7976856850423,9951.597793500729
8322.345991719692,3258.9131668932405
8230.873232211869,8198.633043198715
6404.426189279826,4275.906363674281
4524.782302110303,8406.203932132226
7813.693000873265,3695.9859566870646
2707.1033483195106,7040.674224494234
3158.9425212126707,5345.12251453546
2924.3876775834556,4793.6233285397775
2219.2946618947994,330.8883618540648
7826.605401259743,5040.341277935226
3492.154180971361,8639.870103608773
3741.030393804471,291.514098601624
7048.4944587154705,5900.462239763637
3446.845842545999,7761.871661677737
3548.8743153413184,9401.357584543395
8137.564396030822,7924.517616323718
3947.0877370193116,8949.702552017416
8243.756130514175,3972.3137039390012
5303.555634301448,2337.994808806183
8446.822160911688,4564.310444841778
4492.806746552649,386.31158688275605
9685.774388731114,3757.7460762018954
7327.621866335342,3378.6742580588416
1574.416844453078,9709.98660115706
1629.6403418963123,232.5129826201111
7705.317286565847,261.86189653031545
6866.408667084245,7517.800663376771
4891.940252743927,1386.6547912850724
7929.637807759902,8174.758847395901
833.8555057792252,4448.33139297891
8920.807452112645,6273.807300105099
3368.049454457502,1952.9471745078852
4787.0969740667615,7423.210957054977
3356.4018333161384,7160.526538738512
5618.703365303522,498.02724183460987
6492.004894574551,2287.5403350115375
6518.005741372399,4524.815058250718
47.12979420005814,7111.858997087958
6871.916881780123,1152.3753729537357
1356.666538086203,2817.2928162053513
5994.222969599927,8197.1895011235
2387.1332155146474,6346.903395703296
5731.10693522494,5088.982673641227
7348.590687175215,478.19244669311644
2747.2855509144,6150.3698040808395
353.79986006295997,5965.32151414626
7343.390760160657,2931.1264456293097
7065.901854919732,3461.647208090969
8313.160152205877,1100.083712085227
8574.730031692057,4194.02905749869
9050.142925486996,4406.46024030347
5073.5521642543645,4329.00823072461
8151.919893013305,292.2817820584478
2132.2064025506247,7743.6054428053085
5900.882492389083,8767.061693630449
1292.5445623300648,3284.847664788938
9059.929810583977,5727.647283306536
2201.638498670455,1258.3574563403076
4766.150454023356,1589.5934270136624
5020.673212831663,4104.646419653211
6326.112471063622,3799.943138442421
1308.826595845457,2085.2305634341506
9450.568896560248,7435.095004530291
4282.450735371007,1907.5330560353466
3008.8002520933023,6525.387798924569
2031.7093752775284,9744.477062782673
9938.45016552339,3091.5375189990236
1765.9228114864623,5394.992464635967
7137.311201630489,9494.452903183868
3876.1526920381275,2474.212947941626
2544.7750810303005,6302.600472331884
8507.126094477226,6620.554339382065
6092.592604036599,5584.095443848405
1465.5707514212513,8789.96435171899
7035.783952689888,8220.656887191908
5688.295503580322,9115.237917178278
4217.724770846392,9577.979815507008
8457.292197399156,6209.81141672108
3355.6480541449464,2561.352063806721
5267.254289707307,9897.720145580646
9612.560953934963,4333.726127894162
544.5993330435795,4933.831401613541
3461.243075518863,9284.781510318679
3285.8067007210966,148.01645528295992
5291.451545026224,175.62012519504177
9105.317244588157,6483.928158659062
6539.170699503292,9207.678366473758
239.54523904464065,7330.400962409296
1463.1032436204473,4233.099749668336
495.6707177674158,8575.784870653222
1355.4924116357047,7125.17393232687
1927.1035120419522,8519.44039226378
2170.5507779621803,9821.115232001102
8113.114516988983,8489.16587268725
2363.4500186722275,3293.072991287858
8336.082393680948,5978.218862197056
4296.864474525386,4061.8881622297386
8125.663483310742,4452.629760879461
1296.5016923872274,1778.3990366775859
5429.771767284295,9404.451595125896
203.87587837192967,1253.0559834928767
8810.832884754514,5537.8370182924355
3371.2562075757946,1270.8108145933218
5303.011115899407,3925.1812750789927
9312.726958006642,2732.8991865875296
9050.492272464413,4207.856126290139
5307.5844656761465,3903.711935254044
4422.202742670936,9995.404050741772
8977.174129207066,6911.043411776025
819.6160889145032,7882.72209337946
4092.4099184280694,355.0315678694305
6316.24517074079,494.1454261692624
6112.791619152295,4096.067433634502
7847.770633095189,1496.4835717455949
525.7246342223709,3227.744014606079
695.6294736618119,7755.995563992402
1720.1653873565226,302.32823880559255
181.02044737319355,4196.04913407808
2166.2436965233824,1298.243455605872
8089.943454196214,3441.3998049159622
661.4528068161884,1716.164666144967
247.84957562273058,8999.199102677867
8321.986034989435,1294.17585831186
6524.028885480673,686.4071018750983
8954.682613346318,1979.5091150288201
2120.5423708624216,2793.3592084450497
331.2975393899786,3441.7580214835407
9506.928658211827,2089.575010295576
2697.575192629118,812.5567449316984
605.2467377384752,2513.5938640384716
8199.634766669924,9403.753649743563
9330.425106485642,9687.769122459382
8816.638921552927,2608.1131480097606
311.42970725298255,5629.583569493431
8493.178987378242,2468.722816747452
3218.2905530219296,340.5035796560929
5412.556149877875,4820.487400849342
2493.9226218528966,3575.127773179172
3107.7206568859383,269.9201167976029
3720.942866623026,1221.8378563240028
7479.9148231985,6549.326430273983
1971.9461972578056,9820.585049566405
88.37383300832835,1537.8558668357346
7744.529692100395,3405.290093468234
5768.690765697529,8921.299253513991
7866.062406584877,5833.771164471008
9080.17183665219,5352.446030558853
902.8056896794268,5882.590398792229
3580.629076731413,2174.0452092325736
7570.080219545227,32.54376824633698
4421.116442171198,7916.531367942783
7628.948619573561,6871.798748225745
9008.144558117956,9949.572288052635
5825.480860964025,3033.932578316636
1359.3003629566047,281.99634475936654
2429.4631645479035,8804.173426346742
8576.445708841622,5732.091296826277
6093.747368623334,1597.269090073925
2613.1683428151287,8840.150918186373
6290.9038281291905,9683.972977317992
3962.6537350051294,7715.177802276795
5201.78261013638,494.5328042539843
5766.749155404494,8407.581535003303
1316.6651190486157,4458.523152881336
4365.48587586298,8205.252168388946
5088.542966771466,7549.728524340224
4455.024679488445,8768.024975323027
4910.0066768954775,6155.180839121373
5636.407678862043,7615.529864524217
2255.687885354567,1230.2915292325633
6496.188775600713,5392.29479223287
3922.8902612357974,8716.902861466526
7369.892731650216,8401.84143540104
6252.495432163235,7508.418586697792
4338.147085289284,4056.5508890364076
4061.20804799175,8966.649498428593
516.809735332554,4697.759964672652
6513.843075974566,5223.1005093708445
7307.129934269875,2486.8282239701234
9245.215833881564,218.68286911557843
5627.625581374659,5794.683207997709
1376.248128064752,6412.504984264748
3696.9830629477938,6325.734899072289
6297.672662572359,577.4726497003036
5591.7838694857455,3605.7464120188433
3478.178128018202,3550.752065030889
8980.596665142119,6968.426550307066
9132.747035169017,1564.741671446369
8900.802493819887,8137.883221561873
6970.850793552214,3789.6307318928157
3965.0097490140947,7633.247961093822
299.0252987736675,2113.4013786909213
4042.261677601927,3003.6015921583257
5752.680824323542,627.6192075733511
5280.683809152318,1170.5631031295372
6564.315540507783,5202.47339193279
6620.5150080373905,2738.542796059308
158.29321239020922,9950.287268596598
3888.677140504844,2617.824432270569
4576.234638675758,5421.658319998171
716.3688191891871,483.84648592178837
304.5226551766278,9470.375588935622
9645.103995397907,3631.5272018162304
4616.793456222848,3574.891314326729
4149.07758033587,9022.598657726398
9408.95017682874,2377.619834540541
9123.063036789614,7170.012902297605
8500.039839781062,9907.814417184385
4460.9509774207745,2975.8902156574586
9352.68878289911,4861.377517993604
5761.140195318773,7023.039728188236
7821.197456006561,5830.494043529933
8062.462807112199,4471.513950555603
7076.900199219021,3769.856308717222
8060.284726603648,7509.403717319347
9066.397469939973,4362.905491699993
3944.7843619381606,746.1369024595676
691.2735286858185,7747.450530006282
7340.356873557928,2706.589588475796
6147.466546243755,2248.186346902301
1094.324672085909,6234.453534791349
1118.3973514807888,6806.5590252524435
1631.783611670532,7722.597358477848
4284.726061886575,9182.295637388983
6891.251284837317,5580.626079211107
587.3797452093377,281.8707723113922
8047.827940034411,7330.390249769273
498.1143322025694,6313.761188713942
2485.370334648315,2625.892289519148
9872.165707168113,9575.417702439503
9910.05717289448,1562.1460605265293
8930.170494312544,1750.2415886380595
496.1389001667271,3044.9754900045878
5828.5317747895115,6829.916005904618
7342.3951988010385,7458.080953387273
2205.738712098896,4622.008885487672
1869.6231403815755,2688.090239667088
201.2056274023044,3809.7182549460417
8304.760753684981,7947.326081815869
49.384018378040295,7330.2543223346065
562.0895779291479,8750.499691689216
8821.748483273488,8397.945598118096
1249.7756787061664,8853.403755073243
156.43951393616297,8259.458421210444
3197.8956855905662,225.87172458983784
2722.6286699375623,5808.371894106275
8369.100909944038,5269.47094499307
5747.751036846692,852.4669966770881
734.7078506823646,962.2814576314876
8658.012361866118,9267.837135719708
7805.2778672930435,7215.409046277385
4356.836576164988,9487.870778725734
9248.17254537392,9756.671392283097
3711.4245119807933,9824.888185711794
2418.812285716145,7352.062963723321
9797.18293998951,4899.083045521152
5324.293989308167,6912.702987821789
8633.934243976611,1111.6722474691476
4754.294299921873,2302.680468230478
1154.7012891550678,2279.169830086908
4692.384755972779,2522.3576389465197
8997.12038672515,1755.063822424886
924.532522589544,3292.9341730697956
3121.7979956472464,109.03397024055295
7920.835312866329,6909.881177525008
9230.654599740803,2506.3421560864253
4899.86457387313,184.27772113098763
9875.053357229459,3189.069315498715
3178.455275895934,7048.373600477462
1197.31226258173,2778.2127361779417
9524.514402419725,5404.706905819317
4653.608205408633,2764.884393740884
2241.712606633395,4206.578228321597
1411.8402811276953,3821.8279027240633
4895.294525260114,7065.556660509441
8679.074612310362,2862.634420098621
3373.8491361458923,7800.598851769048
8832.724742126742,2813.2091202015677
9380.3563552375,4225.310699316481
3153.8124261196376,5073.387043459888
2193.133157914875,3585.51410501586
7643.698862013823,1856.9563312654136
9239.462104632787,6051.579858159266
8329.144387998605,3195.197515358672
1072.3539998921494,2817.1349344865316
7311.000930190794,9641.039551281594
9868.954650069823,8209.579944136876
4547.597818192881,9809.485075307892
6285.17358819339,6015.179719042167
6345.877356639339,3098.749947743903
7563.067958211143,2800.493760306033
3671.093275935857,7410.649476976735
1940.0938912967292,2905.3340974678977
9862.092403187396,9519.038302881445
2750.05034906033,1996.3111778903265
2744.4375516839514,8413.922803507687
8254.618710068218,2238.4753625792555
3755.3901087397567,1500.116599894884
5225.536037254582,1711.951171095437
1202.6716228790867,5045.369530058559
9436.701950701283,8452.942839476518
8593.16377190117,2697.027101769637
3520.4595159989494,2864.2496767395287
6051.244635746795,2506.60545032257
6774.621087265935,6396.88748708308
3284.419103566826,3143.7114734092097
6476.751251267165,4881.657172041749
3711.348547099639,8270.71643591026
1534.7975137185988,8782.631025592093
3339.871876420899,6454.4585056908545
1835.6749671209138,2810.31943253553
8477.355747157084,1339.8889813689452
7908.249752393049,3862.516600482544
2975.2714371239485,3097.2540153700565
3113.2073011986004,7052.80533302401
4990.810158109697,9376.99632168638
1610.9138911201048,4593.804189559748
9673.089269006765,8542.77216040725
4451.309587850706,6852.851352372418
1464.5481402996807,2623.189895070841
9814.042553729147,1109.5728749825805
5565.719029113232,5548.465306572299
1963.5510854987303,3642.0086100946205
6119.249173292036,1563.7078899645496
4387.066729717602,9970.645889292618
3923.8440132018404,3945.544184648484
8497.713887228036,9087.633863020967
1718.519839757132,8562.615500147855
8582.22184325881,7465.954756307494
3842.4784606765384,2807.1273597359427
1372.7770889254232,2085.1730745308373
455.9004864497618,8968.415821396678
4669.051219315137,4156.758756380968
951.1309627096265,4178.237995724157
5015.827901825342,8216.662390236424
4434.461066667917,7064.070799809462
1733.4296258714999,8661.129846698377
8651.397932772925,8971.229891011184
9353.252795221535,7262.636090211677
6359.310356597261,8298.723965144547
4060.0637730678004,6055.780056794989
4770.1011390363865,6702.674097305041
6272.569308393557,7310.4044487369365
5050.427627218845,4458.210450961977
2710.5084106626896,6206.31215195238
2325.5454104091787,506.61389513095065
5609.45459691944,9204.865387503096
290.8248817152559,6673.467561323406
3370.1652693446617,5431.693338674544
4118.516885109927,2381.911385630635
4324.773691034581,5537.90360631709
8.23293521815427,4063.7389039937166
8377.583360683015,672.7315676332313
9151.679909825098,2980.622026019378
7292.931391990433,9948.593756624941
2925.2783831448537,7693.6974799995
9096.08034697024,3671.6827460976374
8417.165787154663,2859.4583170081487
7688.389950949511,4295.30859958009
2637.6860771432644,4061.0130925965336
1374.720092988735,9664.624842540663
2317.1319906088615,6982.956301066951
5117.4126150192005,7209.22763146562
4858.312737274392,3648.2355652609376
586.5913524637633,3963.331619835454
4350.344750311717,5283.672428312537
5983.056046623132,491.0837820503866
6826.565684712354,2199.0065593180852
9130.458480602085,9960.123984512118
9442.611520144443,5167.4832978625755
7040.823376932627,8456.964151199492
558.7542687244352,2248.604918988024
4425.049363292705,5140.207485695142
6635.440146747082,1454.3776164612366
9889.467107668092,937.9104146590056
9603.399551968087,6068.688602345489
8193.154306967655,9231.636431440302
6296.798865181607,1203.3955974708877
3779.8345481586616,4471.950982109908
1186.5786099334764,2453.6201233536312
7770.351159943816,6492.547407618956
3652.931833078218,4565.583270754804
2960.4952096507,8930.602260077125
4397.275663538842,5592.948922226634
6206.638508275051,4658.966582790744
4424.359580807395,1358.3950434759274
5068.6747947746135,4548.039189883367
7994.120953293527,6153.735288637716
8461.653774029865,9551.218525977514
3148.126669138954,3345.2922199985715
6975.867684245787,3926.993042766549
1336.7286555631451,5712.467151169858
4452.360228553023,9396.37415301279
5059.126921936599,5102.3300589282935
5352.0791808490885,1636.0114756484068
9616.58124905295,8815.246206088294
4790.961309661491,5798.6733703581895
9824.714145243499,366.5487223848529
9629.642819975232,2168.5354202929784
7621.690468757351,2306.2792934010913
5283.006195663797,7676.21205093844
9414.178194390202,1126.4715962503303
8540.675108029829,1487.1757765489024
4776.018039024237,1359.1086359814285
533.4093687487717,5704.587761384996
4600.137216085381,6014.613341313732
1017.5414639714286,7284.436371965836
4384.90847946601,9768.441412453773
1668.6079328901515,7216.954378576158
6403.426975819024,3782.096921187362
6485.59660832183,8303.900412404188
9401.71297294033,5320.274073691485
3941.072434028352,9338.695631392513
2408.2009685304515,4219.38156942274
3506.3891412762314,5679.492478214021
9954.627266195368,2518.877720082373
882.2787556126932,9688.625356855388
8605.637959648155,9225.690511216813
2863.333834777523,9533.752797535071
8430.553215696345,8531.616522354529
1225.2681476226878,6633.043422272705
4641.119422310078,6467.6691479488145
1060.013952417137,9792.794834260741
1585.2806433603805,9115.929354253783
3827.922616595294,956.5429467861508
7938.513465537869,1822.3627875413463
3748.160251786814,2768.427949928164
4812.75122434165,1640.785331993947
9170.826789824323,9130.617326897613
4256.620271954798,2108.734825902124
5602.877263946681,2786.418894575904
6692.073287127787,8094.518902362753
9369.756132018329,9817.391355779322
2909.267314143751,9987.995316878805
906.7440921328251,2558.1492160919215
6341.589076925514,8106.668325911503
6557.722231396282,3931.526573905434
3591.6350827573806,3543.076668044022
2839.6266199542542,1524.69814482322
2166.0471327623654,5976.101597344039
9412.302073803981,3022.0191183361935
1297.206794514686,7950.412480448743
3311.1028105725227,4671.547555295273
730.6804074172346,2682.9640871293127
832.8413925537026,2424.866081617111
8559.082472274808,8362.031837580205
7741.095135619887,7184.760780304029
9672.782653287215,5572.976179854744
3593.6873446092877,7619.384601870715
7082.937292495871,4318.216236030905
3691.7040382848686,1906.2873458784436
4710.98436553142,6827.225807932244
3944.8682949989056,2045.5719476297663
277.8839865262106,2662.665619365587
8109.695585697474,248.90960788923832
9102.153709114122,1221.7998735930735
2358.0297523803783,6829.156485750516
5945.468559490779,3465.594070297171
4169.754379437845,3324.5969700345436
8105.865332487252,3343.137488647703
3910.7486419709403,5552.605407782756
9898.83693108283,9780.596705501861
1425.3336537023008,867.6746918800626
3601.8082415437557,3900.7887266117214
1942.4882633777218,441.1185847174692
2892.214013864077,7620.181906097675
8098.143425594611,1098.321503038534
8218.949289566508,5141.613719219397
1135.2508080513292,2229.1255526378504
5620.563932981104,9458.565809697113
3649.4553932151243,2400.029123810659
1746.7697529031745,6252.37497041215
8447.409878146518,5121.840877547436
2719.2100951110397,5785.676879520275
9949.487899071451,8513.844987628792
7043.537603911541,1349.4893189610445
8190.27152511206,4226.060146914758
4973.467708161025,1554.436318886131
9722.477087199191,2937.8064588119337
2958.5769599450728,717.1403655855435
8027.469038057925,9721.170616135601
5730.34217892611,7612.102558526477
3273.3842525321343,9011.788600219394
2262.297930624855,6752.615927324355
269.69538477157215,7276.962015636058
7801.279613979769,9449.334574050752
944.0355394182498,7882.996691466292
6442.280666053038,3445.695941830218
9943.353502397395,1147.6200506698785
8573.223601469062,9819.880978480487
5358.226845252867,9655.295545147268
1051.971821917509,3798.718014030078
7067.3512544639625,6802.506103180983
314.55426234849983,651.6341838491124
6745.345947799025,617.379259310692
6808.621846509236,2678.1076992396593
2073.2060797518893,4875.497407085001
9786.683399078946,6960.97254845017
1563.8790182279738,2868.5206249258254
4095.337312369407,2384.836164884313
8438.088443738841,9734.669366059221
5026.178850796024,4075.685058545856
1462.0371523945307,6079.729869532502
1732.3243766967066,6160.2785076568
7401.630123855447,7539.661294691144
6726.863592345664,1108.8040111604491
4850.155991887277,854.5700652062671
5073.531836452275,5087.718283639294
6637.447454074307,6518.67871431853
9911.949730168182,3789.356366231883
6832.4408335426215,9842.331599543566
1973.2723403124387,6378.617591365342
157.58371954009976,4676.824807082389
8338.06759137505,718.9211558308028
5074.796097861671,630.3830815778189
7176.470234296684,2282.8147696432675
7174.070578123539,2694.3206847643087
8854.754075841958,5841.010728339462
3755.863139793274,721.1347560461722
8546.150390613157,8564.047886836712
6952.836044674596,7497.385743567074
7610.921989253089,8052.121160957725
1529.1396959817105,99.6651077696975
3344.168093192943,8655.567066826477
4024.459567805415,8061.834118892064
6337.877663445343,485.9060302418261
1726.6425593474544,5553.6289107706625
2728.803745958618,9103.46961356854
9187.175745460627,230.5398958682081
7072.1385957457705,8467.752020633674
1804.523340829105,2237.4195922619456
4541.9581278786245,4839.8700645094
8516.779200119192,4644.614517337983
8202.225510616205,5480.734423294123
3441.4919556844025,1215.3419319015945
2389.0974766142426,8795.566576307256
3544.3083560687674,746.0663032759795
9300.282106968152,8397.488766280288
6602.538003534411,7011.817628270647
8613.225141172214,9055.500458189994
817.120441436211,4525.473690910428
9251.377651123634,1153.869770307918
45.39635963439426,7899.46348886732
5236.7706838675185,3670.381735214465
8242.962443998995,1138.4306646274056
78.45828968064295,3841.324219096105
4448.758692272719,5987.799468152414
3135.0882816356584,4472.612216921363
4625.81565027593,169.22967958145964
5445.022160978648,7138.655527586868
4007.259206790639,2489.2815694737756
9425.533051544062,8058.9647946967325
5814.81167215562,7196.757988103747
4426.412907911122,1288.6280959049468
217.10982946525627,2138.0075765715546
3290.7126298693724,5001.814506571637
9254.815355390476,1909.8819943357214
4386.195940697957,6083.239637980864
7500.144886490857,7689.893069717077
2007.8970276019559,5363.318169612626
4091.244283563904,2796.881528859473
8243.342767911974,6022.766026689319
2456.1676945385134,4908.696702643146
5839.485477472242,1404.2560777269553
9290.581529630366,2329.746132856455
637.3517096767656,7267.922180895233
1486.322913315149,6076.571744851738
4049.6710766916867,6046.445303997403
5719.338937535989,4751.612084180773
2943.928428192614,7581.585868119647
6911.76768062207,4281.778287408315
3382.3249880360227,3597.7664936580854
441.0526371562151,5783.9976711805575
6906.88180989394,7576.062979750983
6079.231800988032,4616.421492235448
1278.930055202878,1397.1240774467087
9973.167980627233,6275.975391292615
6434.048249593857,1642.761190823051
4570.781436902266,9509.289064150946
6920.283403051985,2668.884553880143
8703.32501504052,114.62282430269698
7266.16203661788,6379.664758254045
9832.58368788925,5621.014896695296
2187.5063722007517,197.90379454474817
3556.711919076825,7225.477610067347
1708.1993701990493,9401.477700988555
7861.942628986344,9708.659360605623
1404.3811212260925,5766.706685400695
4398.0774505043355,2016.4113864402655
5771.452251056783,1456.075441314727
7642.464011659006,9098.97243992195
4741.626373327502,3291.4395366664608
4127.605771243966,7044.886481233049
7289.448362691798,4084.5205849468325
9678.211672615564,6134.484414454636
6275.869949952546,4625.152173002191
32.95765617242097,8775.00325164465
3029.5378092698143,9985.386361471237
5201.811371372005,5013.143875879235
9668.4186173481,6927.001833178949
4459.900475929709,9218.48565564189
3765.8679134238037,3953.404275070139
9117.94875826052,4839.524771244972
9226.095355514482,7533.017876582568
407.7602159862748,7552.505129122424
8449.109112843269,6427.043329918559
468.29283910588714,430.9814444871851
4563.213057983957,5092.672874060466
9026.509230713917,4291.0778896510255
1030.4319718871402,7225.87988298065
7802.024594680405,1971.8873721145103
6026.076736654985,1787.844088436874
6439.143030236291,3156.695266806676
3943.852337899889,6026.121247745173
7900.9593198912335,3228.9840917721913
919.5535656271226,6435.292478570692
3223.3181292543613,4848.940374743785
741.3459786069643,3366.63511394487
9888.706041112342,6676.905896979807
4687.444698165138,3591.2453617562746
9384.654791282363,5704.666385294731
4735.824986140724,1311.1714404384734
5409.476570669806,7408.774953644711
306.86236337331366,3763.7186721591197
7349.14283381566,8215.542521104637
5892.685946698498,1537.2917372946004
9089.99094121572,4844.938718884736
3880.268198311048,496.9256039122605
3967.0042979686204,964.1059480543745
3120.932835016713,232.42897926554872
8769.01808866596,5759.350821004074
2963.53435072518,3991.0620146047704
1407.1573727491293,7179.461196748034
1282.014192813753,4304.952269457571
9659.46633054859,5974.299901934525
6956.420772660104,4240.020770224566
8291.72542341223,5141.406773267072
2770.160321881735,2710.06965569644
3374.4391316719357,2026.8015592221789
7369.907279709853,7704.580467204868
140.28835572021393,1876.0834226672985
7461.056118078333,3436.500223655907
1988.453661210644,3903.6295535269473
575.9813684906557,7619.759590530128
8776.442620671085,6247.83331232406
9473.384295485661,1443.8434586873916
6426.998858695788,6796.131092114934
1932.2152061493125,5725.2814820188405
9937.974985127534,7456.671885681775
2284.4378785894214,9875.593925224954
2146.4406798649584,9997.065752966304
7592.532944074984,1855.2815155120372
3337.3660919434133,7580.495330188503
3004.147990896493,246.12203485956275
5559.784348232042,7943.356454954934
2530.3553393437837,1321.4771550496619
235.37132618541622,2864.9979293766614
7242.451422056531,2218.7702306278843
9195.808688373454,5425.305076686039
8133.124330365453,6503.058868883546
7071.570878629923,3658.0099621140826
1362.6964118777041,2136.8596489399174
8854.732716551407,6651.053458937359
6914.119598187451,1965.3278477419478
8196.449843188304,8992.045480181221
1934.9853048008936,5132.394446672347
6945.798043429329,3696.2735149736504
5978.752997521322,8194.686805692398
3348.715637894182,7817.855814586118
4084.2924826167327,6562.885757781411
5487.662571201336,2560.122086722668
8333.569212135113,7236.253872659128
3276.577058160022,4320.792367011685
5483.947960659131,9553.393950979675
5629.511532304635,9580.420665415957
1363.2303506642363,6286.183211143017
439.03058422571803,6254.257657899129
7547.815230788615,1556.9658533946872
4966.180753650833,4826.041108537142
4822.274805925414,9937.480923006393
2136.0951445820174,4156.63405037841
194.28288755537594,6044.124614270828
2527.8666220776327,206.175395609568
4047.3517190504635,6972.52080101079
1153.965594196349,3648.1357994459895
760.6331457133398,2007.3129073208595
3181.0982110391374,6993.824754454273
1977.038084433217,4374.823542527643
7826.855157709837,525.8771827607711
5370.91317683941,7753.705893415536
7020.212798486891,1889.420523463029
1000.6333646925947,3494.383786429709
4004.1119817540207,6984.215024355472
9785.452842925484,144.69905385855796
8248.632003653249,4646.361875237547
2011.5989929923405,4556.267989102286
9561.856814340108,4553.786079963194
4804.418205084102,6339.64780845519
9591.520008459507,3486.903734698812
3247.1185048067073,565.9206554503837
1887.8070850964757,6971.041131070411
8474.317003591592,2201.7118595181405
5930.86291858624,6374.519352044132
2848.6295315293896,1514.9806907248399
3276.607639790929,9423.651819102908
1723.927712392752,7596.620476686976
6649.596203110169,9756.573474817786
4486.340846924119,5635.085521740812
6899.444787269909,6224.971913374528
7846.99216957651,5428.295648624183
5818.6534297230155,4609.028234990431
8644.209172362922,8001.801392105391
2837.754905383053,2240.454156076155
5264.929614075875,1422.2780248873855
2838.564510706212,2071.6827027408644
827.0654169712077,2195.845278226427
4099.474640940239,9957.806775597679
5860.857961647827,1387.9181452758937
9047.255284584684,7704.776042644372
9387.278902406644,3626.514185147188
6589.090918546044,9631.66931697076
7702.095246352426,1870.02693740274
1035.337873838107,2800.7354968543887
4156.135711238954,991.4413750880647
4213.424114918841,2514.410426799757
1764.295002579781,7258.799405385014
2216.239375219604,1694.263654546161
5778.694075693075,7473.470101069549
4240.208458721652,5324.660252586687
5945.183803400732,8117.692142199761
3512.7190588977287,241.9765268898355
4130.909990916531,5246.880242806436
10.997216126900078,7241.796621198792
8257.301434318737,1224.3480871885204
1735.4983880958075,4829.320051388101
1592.593165543119,1268.8239151721282
4099.69450439498,3353.647452866467
5813.039182935799,6825.434617891218
7135.859470280109,7299.126962929527
5363.7468786793,4568.522113234479
6972.139687952354,9122.26757050727
1607.8165156103307,9322.76308106892
5508.071867839888,748.7964644178113
8460.70354953527,4634.025509966014
5956.927838830288,547.5334759359729
4251.254651585012,6553.466074308409
7500.600578535117,2991.16367455606
7550.066563333503,6853.315523427203
3985.6400996927478,3044.1160693109005
3912.632986327186,230.91809067232404
3955.7522973217683,3982.993636393619
754.0161606599349,7785.988594736365
38.67551320854257,6481.59645208049
5195.816269521401,2829.737818870105
4576.388715319596,5221.037469964813
2147.8004769306713,9507.647625112388
3442.3678618848653,9032.86333013239
4059.290806085517,8317.660682949578
7224.747163067331,3763.1582625798655
2930.9494887363676,4977.686012580132
1450.8755107865657,1528.1309507308372
6628.902458359816,9846.389321563454
1676.5338080717206,6934.619183585328
9298.406791678823,2598.2325916019768
8250.365868537096,9605.769060166456
9770.64940275575,9470.746603346672
1310.149406910509,3259.7261348902953
3215.0960863823097,2231.1583264339606
7784.059806380814,9976.677860999427
8516.555121741423,7371.838003331776
7657.9381905223,2700.828667077505
5694.136791710366,7705.623678957853
2458.7231545364075,9466.739287303537
2334.9309185772304,174.58546213033222
3490.11717847585,5520.22611980602
939.4989691000877,6461.1959273200355
5046.966608063289,6410.091093275284
1127.874550118132,8176.2531843951
2781.3924641682643,8833.946164407414
5643.891064835779,4871.128042335262
7975.1465421700195,5781.585685432868
7754.1066710021005,7473.358395363924
316.90286338991405,3693.0382905466186
132.8418298957268,4924.511411278083
5467.56525123953,1581.6578647206104
9164.214872966606,5682.571340661288
5037.098363807005,3189.5278127678293
8779.064528989898,8630.354463864907
7849.1991613516775,2480.785548595625
5001.047581313474,8622.604905073274
9106.128168450798,8343.263286451447
7636.856524571167,7920.274169001452
4720.656808895357,3425.3699324891904
7462.8747366356365,6904.043358871997
7456.668655371888,7960.920959305793
7216.809485202021,6253.67580440412
8396.702557571722,4204.914739586479
8464.718302935913,4693.642588596155
1504.5269487782764,4132.44592090669
3891.1856417810177,9065.629532216726
4139.950273040369,2044.2593765072347
4735.39606860663,4333.013862212726
9822.447762882814,3223.5590169529605
8321.676266935789,3194.1614916298367
3041.7651336111485,7588.984949972578
2338.508319264929,7474.2576254009455
6694.418743372267,367.04295589283674
3207.652686072393,3113.564054890898
6942.5182179247695,663.8685484512441
3585.758793015367,5001.781870449251
5506.732419961461,3405.5475037904935
2807.6995639019797,1554.9905623699578
9475.729168839867,2010.5420664743945
7789.164076196883,5223.262241665426
1670.755213320365,4387.976406438409
4004.623872189671,3463.711175345555
9307.054650837754,118.87720832003623
4557.924626005471,7932.068569084752
2695.5470905037005,8031.551508903944
2739.8204228510235,4839.651795823079
7136.112111813582,3950.0868257725474
7311.6072258093445,4064.7914744189893
2557.606384915212,1910.9327785550945
7800.634369243118,5539.999998847796
1355.630061116493,8603.284920275033
524.6216593058117,2103.604446770351
8779.234158007588,2702.8628830103617
2990.2235149062362,5926.839441026791
1651.763784079996,9406.412942981222
9328.737177887317,6553.297498072898
3828.3490149616605,8316.388610607795
6316.634207101668,272.9844542850879
8569.328675502142,3182.1861983457343
3466.078883336142,5246.294692522691
7852.17271730683,735.4494841730152
9922.741386252426,7492.3762929063605
8847.721402678791,3763.37426431138
9408.448366019957,8832.045946470964
6456.996988843376,5021.297456313284
3911.677655069633,2820.6283991144633
5165.032687193831,3477.1740012353234
4421.069972251566,2860.421845585571
2646.776553681902,4890.304890442948
9536.336539715881,8918.79066681455
5449.290260979108,4632.192545902828
5235.444479211992,740.5884419591536
7502.291902180605,5870.73695845255
1824.5830662852225,6309.4517757204885
4787.930955400813,7155.959344270201
3409.4493800875657,5461.463020963641
4912.579342700723,1815.7306389408268
679.1617984439313,7984.600374606153
8429.569279488313,8761.27594534858
8279.55035929646,9758.653258972512
4148.531812728852,1661.7863549297406
4084.690302746685,1051.3186695382183
620.342392183435,3814.2135423254163
5472.52027571411,8582.175508483448
1711.4137132668284,2388.7494339519467
5936.465807830481,6727.290373497899
8158.735797566457,5696.725585017237
221.81117379349357,5569.087094028074
8511.122405424845,4314.588916650748
3135.8939095007486,1281.3578573039852
1502.3493602315607,2957.617776302642
5182.706395643102,1691.5343262770755
653.7361642399009,5390.6552762840565
5790.243417778782,1092.6575594747624
1316.7040977613099,9506.784771985123
4008.940528911008,6786.3313230624835
1525.119145088236,977.6306211678498
9207.249343599005,9629.647351893727
6432.394213934122,7726.026033945413
9489.371059572775,8895.784799816976
1214.0828929380377,7821.476915204193
5565.559460080798,3611.3987919700207
6276.472936487259,703.0985494651898
6009.237367899812,651.534871046473
6795.36305470214,6985.856114226716
8069.785425789067,4767.669203618181
519.2026236247893,379.1331104099727
324.0630483665663,4311.911680068042
4110.481881822555,5097.67759934622
9258.40496091548,9891.973240596428
8365.601091120094,9193.229321173898
8866.46105720156,9777.713607014175
3552.1094885406987,9408.697800155787
5995.375595831802,5439.104051051686
2887.4003812118576,715.8992823891874
8998.046051291094,3072.0696178858752
4854.797872910688,1005.2496930763588
6245.652795474011,5975.611735740236
7627.685558050119,564.6612548454976
2161.4425654824754,4729.801000131122
5255.002271920036,2071.748402796604
6868.907354840134,4857.542588120677
3365.6905219036757,2948.8830782730533
5750.0153680006515,7561.837351815637
3280.428110178506,4373.136344487169
299.42622498528306,6274.567924786778
4324.264493816766,607.619074710708
5889.371459204919,3782.30545664494
3549.797127963432,1538.1450048012869
7596.458212117104,1541.8254495883843
9317.509779236796,1750.8065407432061
5186.5547936738285,2378.2893091286596
2190.1174121235845,1803.3157102366538
9660.534340387756,3918.6812258851487
942.1541016798185,479.86734182972947
8739.258170100937,3549.036347101403
2977.6247541651514,6653.218515945094
9672.88782644175,731.9094134975679
2575.521533036741,7469.234914738148
9245.799508420972,2318.9199574037843
7448.4553011131975,2054.0028566427095
1827.5989827743722,5293.100365020357
7762.5401145088845,3409.748288544735
1675.7577546589853,3261.9476426907136
364.56995023877226,2381.629977410584
8193.891749604572,6711.058281960056
8393.584292395537,9827.022918257297
3208.2847812196724,2336.871107429236
2517.437886667975,7498.977718267666
898.0117582453306,3442.601905513846
226.9668557971416,570.6258835075117
8049.976298049235,1355.605210269688
8879.12500284336,39.30239331811025
945.7696071916432,1271.5111178404247
1122.7431867185533,1052.5696319230372
6534.479875792651,6708.226515442748
9147.761107689113,7294.774414918066
2737.20310181606,1271.4025286997378
2969.433365844064,384.47027419276304
9943.32259853846,7634.32638209618
3401.703863363491,1802.1239760251872
1324.4200634676106,2935.0394329636133
4398.693107545722,801.7844282044595
8235.520930797336,8754.92450899305
3225.0953272049087,1454.6882353180135
5670.9903606280695,1483.6694717620524
552.093300512404,473.62709578074424
1890.2611662835834,4667.485798937913
9909.279038203844,2426.2931061079516
2157.867421744828,9328.44012138287
8249.159275469086,7609.21207750276
802.5991931970522,1626.1196663755984
3736.2459894189847,3178.413415238507
783.2956828442061,1240.0489430761775
27.749145027918807,4972.816005040164
716.8317983339823,3733.2621779981255
4216.380860304009,4859.686852356396
9343.285878301092,39.7909378537975
4058.9445096500544,6251.507101490412
1867.313602383639,1143.3214709554352
3617.156102304961,7171.742208802422
6495.836487167644,2702.4294172468076
4039.9549589786866,5902.5109385217465
4136.166568308511,5126.3606670001345
1029.0779708920772,2515.9899534869733
9244.7578334315,6899.25976389243
3578.9604672799346,9636.974703549002
6067.038802723817,7244.1189643981925
3316.68611200261,6178.210665189337
7527.501088585279,6841.174534800306
9921.726612599328,28.41366318969807
5327.486194190515,8431.828351566379
4723.69209144382,7196.600998822464
1142.9756761461786,2233.0337236072696
4070.8282735213666,5362.99581422972
5643.002006605046,7558.013614417625
8117.895566711125,2188.1623044379785
6010.458226099733,5577.94874635756
3368.7280403763075,7198.350917508399
3919.138306641836,5974.276876399923
9809.565306311557,1537.0643019778663
8218.413337276073,9766.031162851406
4156.397456435994,8510.674576390604
5912.312054195231,9807.604884050432
6136.687826342667,986.6689138626306
8573.42052799026,6530.522690994547
3558.88495365863,4803.554574104854
80.21106766874064,6268.147855827717
1782.7288041513189,1007.9952816359772
1148.0977680428018,5777.674169622838
6415.429475251361,7054.47504545811
6998.534535613368,5738.6904269697225
673.8462292403535,7170.624170117192
1955.549152550482,2903.4511812944843
5668.471523615473,2735.3481803668233
3492.4132481423107,7978.316358493961
5112.525583311342,4063.2326234896263
4334.977835580682,3400.882441569688
6455.526964432259,6429.906398707162
5180.612193211305,8157.568434510626
1935.2499296784754,9403.82530178347
6472.32918995188,1177.4776092791883
1412.4117144349336,4199.928985217883
1987.0413442932788,1248.7582707286183
2492.4534791798924,4616.437483066859
3321.3949488612548,8327.550133838982
6810.68004993953,17.487354382590414
7187.197404673216,3807.933251359309
6526.370344120568,7581.039818506097
5131.645058056453,7884.876249085861
9242.269700203187,6527.199912714032
3486.786097033765,7824.3676191274335
6904.631408989383,4915.7415068977625
1921.4229055494914,5402.472462507447
1947.0037256881135,5823.742605628434
8679.951865947725,9691.664268412394
4983.598259347675,4310.685869608327
8583.788356147954,9694.115123107207
5099.405277113757,2496.0853276968555
4315.53547435045,5377.644026691622
5816.979903717646,5853.0042640141755
4254.855129172993,424.58996556323126
2643.8834111293795,2196.4403022865386
8878.422198192873,1825.546980259496
4699.342461855837,7313.099913847707
6695.91999182953,1842.0857110298882
757.9494623400607,5543.634047138625
9763.470250792874,383.7024956881652
4990.9321385160565,6805.394708743985
8677.530457696426,8491.568257706787
5436.418452572249,1985.8323667625777
8601.141726440339,6998.981048350987
8307.715381626711,3043.885476563878
2297.7017730607517,9263.70368998892
9357.236300981715,4796.917543678708
1692.757555260216,8983.84668394984
5746.164878766949,2053.499677142786
6444.645076412479,9540.361225733044
8933.61124999545,7266.700335072443
6519.090918417733,858.7523020395682
4493.05374378441,336.59452491419216
8519.230739773308,7443.898709516936
2579.6751531291115,7176.660591999401
9350.005600392065,5640.631839447347
2679.0959434291917,4414.284260479516
7248.415786155333,7884.389041786505
2910.1276858076208,6864.043918176518
3683.3879799264546,9104.342414203833
7434.898187810032,8153.242643050671
266.45062798709154,4210.907813278427
3152.3580708503805,404.0656629255524
8691.37656795562,9718.943526924924
3595.302958354494,1726.8326319080106
6211.4390645258845,9331.106601423407
1826.9912398743204,7278.091575098718
9604.382637110695,9654.809413290628
1828.9457956836263,126.35445354455376
80.21430538155072,6738.727609919042
5029.453235341535,1204.9606265704715
1778.812967763488,6591.885682992722
6484.501403363668,1846.4784819712088
7589.6032661591735,4417.822067347983
933.0206151157183,4897.853599396338
3475.669703228802,7046.52653232066
1495.370072958263,1074.3225109879806
3478.5666124882887,9128.572998180487
2554.475351084633,3799.217248193828
4582.732837619597,9635.604650040856
2524.87219547597,3702.448061629259
7552.441325206229,8920.750075914355
7225.72285877652,7074.487515724662
6418.289384050736,8246.310013329909
9372.60607952535,6677.4677267402985
3477.0129015710204,5098.079509305689
40.33057922410266,5506.15566217247
280.0702366243446,3151.946756496522
5528.938558526004,7355.153779386607
2147.2372406557947,9332.257598327762
2006.4967817142954,1490.434610325342
7840.262390658755,1636.4380033660264
7156.762233228138,3697.7818249033567
7295.581944977837,630.8115465355535
5781.294278731603,9070.194142103628
3763.7251750296996,8239.165608653919
7345.033863858988,7471.4907680582255
102.3176191083619,7876.491217473569
8889.517493512649,6162.045240427329
5931.598661179145,9617.699953154632
4070.788619681628,3701.2973813786543
1857.985924762846,791.4637887621645
2394.29695360042,1327.754616383675
5860.10826244119,3353.2313666614655
1724.5801828941942,4825.037234820774
9763.35214757903,5953.25022079961
9848.384648862659,9862.174507334672
842.8878517088756,3007.6108535164726
9877.046452804145,9861.371510778441
721.1207041841794,8212.374945288613
1833.6687896246806,4324.239410438435
1277.0130976606308,9910.018877343788
9872.97294858801,4427.980733180805
5637.887237533704,921.7890596991396
2410.3272767174876,4335.521592331795
8308.643280176653,4248.241502739619
2626.0703478779856,1794.4157035361598
2.2526793069466144,3787.928111975922
7310.71532828086,6305.67979222732
1457.9842811671494,75.36735691324847
128.60969282858292,4463.165898676137
2652.2056182687516,3989.8281277639257
5593.867454196703,4363.825395894349
8446.5515302459,4396.219092562712
5136.212381391926,4256.911396117038
1855.8725806869336,1395.2237358291363
1537.05896572767,3874.444475760658
7883.474840292975,1854.6359901290155
7647.80452800994,9360.151744346342
1148.8348550302662,265.6281709238306
2847.4474860534547,6885.008844729445
6217.006766512918,3862.5423563865293
905.4403118467147,199.18203083003738
7677.6601080988185,161.4545555547997
1247.4322608864975,111.64468213435752
8696.072801638466,8041.072999119917
7145.906513141862,7739.6486417405795
3772.355323928648,3078.541437611948
3195.222430624578,24.104237232810412
2950.1026930522967,2565.186521966001
6635.86481883278,5342.905854687564
1442.798066422285,6521.637004953102
8579.170556795883,3843.8767332386215
2809.6243695803837,1899.4965746139792
6163.8440472618895,7540.862145485242
6758.287460666255,286.938182133073
3139.106367149873,5557.249311721423
6865.421833862127,4629.715842484884
8244.98245634735,5662.623391298614
5443.8334508338385,8128.942583141764
334.24907393430294,8549.548429715318
5823.034551253676,3262.144530915623
4801.6731801802325,2080.8215743364453
7469.031350225234,8660.65918213893
9566.318649689047,5478.161991842232
3960.7446591002326,65.26756698136849
9428.405779089557,8361.167492984252
2324.8791951239823,3184.0873136055834
8889.9220125547,7855.613712930335
5394.016919026083,5126.068543402813
9850.879872265874,8761.950136788471
1087.2078570861354,750.2387297184976
1154.2511201511197,7298.0854544917875
9388.706914973107,2302.798290381067
2830.37097317858,8885.549129191644
3062.843470090454,7850.185683074662
1322.09705857384,6973.125033561321
6718.080681615976,5593.308519709959
6060.410179557596,6.125720211346275
1277.9872269516534,4173.823943909857
62.92032005383197,3426.489705367981
5449.62342757139,907.4427949760899
727.0729616574134,5732.34035779693
9124.833275500465,9101.91801987347
6431.325968138478,4085.2844915698415
6671.768866571335,2191.3248511142347
2784.3208009134114,4087.1706864126377
8615.020152476069,6296.094814168387
6432.393309634207,6439.087974695955
655.8855323740731,5366.041353059755
8719.432742739371,2609.0781096918713
857.789099688111,7180.280149712612
1742.2512591100326,1156.8020833905423
7356.021189793571,222.18201607498878
4502.132096420878,809.0427166935021
6730.732390910187,2110.643048502758
7179.565240478156,1909.8855814502501
9435.53339017075,9458.763394190235
5027.64576319915,6261.13747393483
282.73483635049,5079.035986284557
5143.143857687655,2981.996133842344
4678.936070382346,585.8451436102852
2688.9233691632076,2022.985643709061
784.9343577185352,6130.837293584702
7761.129511438097,6341.1263542562865
6402.076962752734,5053.816866589697
5801.150309384952,3178.7318278465914
9240.002640833825,6089.113012203916
7239.113039836648,6784.003320968841
5522.2669823568385,5677.10586153179
7542.522956333266,2248.8238339897202
1557.2262713846085,2078.736286959404
8701.260638480171,6846.220034870276
2586.8652107035996,9583.68109586763
5617.532791926482,354.7128869314442
6842.1673551269405,2918.7912428727345
4084.99737974783,8982.942329677013
8095.852274401838,7363.795474150774
864.3318802160071,4297.906227919931
6096.4376374158555,4605.356380576747
9757.076181770268,4879.686351274316
7802.802396485804,6094.428975844836
2665.7899585174428,8120.9245662266185
2129.381533527411,4732.489285223821
1248.123941574768,4728.639124973396
5482.600129243742,7627.2831744545065
4809.708577128908,3469.626643064041
4591.67999914393,3354.5647534256705
5385.513313016679,3280.225881291465
6452.777644426137,7341.950692910871
9731.726193743272,3116.2871924034685
7596.842267886063,9059.043037290869
8364.334165527081,5658.643954879342
9239.135494553058,4301.809698644039
8856.48544294401,1801.3760505163834
2730.799388152465,5952.500060690435
4372.524450747151,8499.94958608593
9785.295519979662,1455.7268066874274
1067.8906557480316,8961.623853621222
2835.816525749175,2691.907462484633
1009.1497252479764,6496.8700339849875
7656.258113794496,3456.5408442447565
8481.967227161427,4881.854857082376
7530.372081284045,5450.3789301269035
5195.9732843976635,9927.57918723818
4107.476897298824,8752.564169464866
5390.661102692416,7588.752799386996
5777.551530728797,2739.33767974231
9692.647527923791,9759.892546343151
3906.728904504152,4016.273994739138
3428.8880476393556,225.65098564337305
4805.602904326902,4420.878233228447
7086.305718872207,4477.0932405270405
3151.5296430810345,9467.001619677107
4092.989133027044,7184.55937612208
669.295651152566,4269.373530410129
7452.04996191847,2745.121378583024
4757.768350077128,8688.898070016676
3771.533396176513,3795.991823994399
6598.774321689386,9649.844178028789
993.5945561126081,9968.976239228603
4832.192289501837,5297.706551906463
4880.136262623425,3136.16216134757
2139.2523804518537,1656.3676193068422
3230.5950696453842,8370.153280492594
9760.14681962869,3632.407643609743
5005.29065822111,4758.329555984644
5614.189339274749,1949.924758148336
4015.7720229054194,9348.084864262828
4293.734345715058,9314.284651507793
1604.984488361816,6092.0358896056905
7364.59210510577,1896.9362979845405
9456.455881754822,4642.962801533714
4160.5609289892745,480.0503265610556
9194.701773768518,4115.128073602873
5644.251711536007,6695.956178419088
2326.860661311555,7329.697046082976
2841.1180946296645,6865.794709092148
5482.361591248338,3721.7427769070086
4969.739852904854,416.57253217644904
8311.266859341147,5506.098743804503
8486.940560337129,5164.109650453008
7865.517389798649,5559.194915726539
7387.147184744694,4754.56683471661
8542.006457350353,5005.711173815287
5409.861190769511,8289.438908198303
7250.292693226092,679.4534048247058
610.7348979406157,8792.228548767107
9783.274220026524,544.2997739002465
4513.05654621465,7988.316441416253
8634.897268463,8637.036966619215
574.8647704463739,308.3987202397487
310.89653395285467,7106.65510328675
699.7762460076906,8107.221803685667
5233.6994978601215,1628.6793097377329
3023.721349077142,2869.528728983113
1239.589670658081,6065.924781704905
620.8806916818721,6765.253553079637
2468.844677272489,460.36943157670817
6299.445655715341,7896.7641962260095
6423.690986309513,2874.1117784118264
7333.134222485085,4282.662311452462
6408.703147843834,8739.534508694423
5311.089348844917,6024.220178691123
1537.5170537227111,8224.175216333288
6692.578307749291,3111.6776253700127
1116.0829415730357,5920.276926140212
9380.283461153726,9369.114481019322
6214.804227871256,7226.178974165775
6037.589108347999,7448.615757072044
8315.772605883256,3126.555404778354
3827.044680270556,9558.78345480498
9820.82294210554,5809.497218851836
9031.627048042017,3065.7436232857626
6606.423468954689,2365.2741103304143
5152.54448252797,4548.95240156955
5177.363273763252,9237.684450261648
2930.81331788948,4141.225035526155
1578.9595807994915,3265.168823091963
1329.2404373482525,3732.1745240786263
6369.948123021058,3493.7367525646036
6525.871271222394,4556.510966710896
2031.06336504014,5591.042545226061
8689.829714607145,7734.24044950071
3307.39334331527,6091.978220739826
4204.634819520547,5605.261474739699
7697.157508372513,9381.85414604908
9326.704683330756,7872.565133960694
1761.095849940829,8445.13647335614
2785.2565658772464,4920.941359821136
5840.8744330027475,8801.480165356495
6561.788746541702,4592.433240590249
9032.174728434906,2555.981519150028
2920.3227668297227,5430.017750083834
2062.828039886947,9434.437797525748
1201.9043324281365,9139.304263040101
8412.350976602618,7322.814714683999
6935.854631821949,4696.418775133904
8478.419971155743,3726.7466820017057
6341.345047373958,4829.718122242469
4814.3074308068335,8540.363401714516
1136.7929981458058,418.0839005221748
251.31457776204624,9991.150797972825
7630.780423155792,571.5446230999544
8766.620142493995,4842.706648716264
3728.19148390145,3754.4380086896335
3218.786913041135,676.2466600006734
2842.829469192397,1898.5287823897356
5505.935595306996,3758.4084985382337
4598.246803493805,7374.023298715978
7486.095583972446,3438.5266748095623
7404.307617306481,5041.913058213066
9190.955595920592,467.46940605620455
4027.152061903777,4890.923825394343
4197.91649583309,6310.734216578076
7324.734195540452,6833.247433049474
6340.229052159624,3267.5746456348843
4011.3022437042246,8569.46343232991
431.9845084119034,4847.484121453067
1941.722212580197,335.80731285896115
3384.268935560769,6509.380235678965
5062.282474733163,8110.54279712003
9326.206222675697,9957.00382551573
4703.434122435811,7348.932216963616
4609.732904867819,1601.6794396372447
4758.7400939826875,4367.1743936117955
8324.657529820393,6922.573661579836
5122.871007578055,3279.099485562258
4298.228827002577,2806.8781922566222
1552.417743015384,493.36914278937496
3963.799465076571,6401.570530727996
3981.543147515415,4478.558537015177
2367.236250708742,383.15470862913537
5059.65419837595,5762.163706943062
8838.246136434804,7790.958562712741
4347.104380282528,4272.760139167527
1723.07013687228,2189.92884285237
7628.531325473118,2589.889002928001
1999.097962150277,65.43478990395757
1271.6887291211021,5211.24137494614
3027.0326940426316,4177.260638635303
402.1607386694437,8916.775330969507
1132.1571452099076,2679.882033741521
9723.094009828534,6863.572629446942
4123.464575433373,3849.1681983310546
75.35255521929685,59.113117748765816
228.80602100967872,5235.876098527321
1127.2406092183762,7986.119695258833
6797.426935771737,2601.8995621312956
9615.583923203634,1680.5873122911842
114.5254624830394,4398.011204563391
4765.642125603956,5120.3999175564195
71.41763857712479,1903.0909318249312
2202.1878002277317,7676.069413446413
8053.509289244609,4850.66606157571
9860.374724918987,6323.8265873647815
964.2928882265911,304.4750629433801
7684.4413029532025,8834.264155811088
3961.9646541413144,1904.5144790266777
6117.50381518063,7712.289475770433
4837.84719042886,1751.8400766154086
273.32713544840794,1082.3858201773462
6861.570325745998,3912.7130898650444
7146.4713988653275,9863.657104842048
3065.361683776152,1388.592648743805
2400.978303207425,4778.823893509345
2070.706870133412,4568.864574573727
7974.294830698775,7361.724233944939
9841.996697184386,6725.437735829702
5305.062377679175,2244.2340685159857
8883.794902786303,7265.454004479448
5922.55118322348,1665.1460272311879
3819.9613351065477,3283.8564236339275
4370.805684026595,6267.033495617593
5949.925545107942,4556.019743307645
4823.157572062081,635.7587756346239
1870.5852982777892,4491.395779617097
7659.098844136048,778.4994351405727
5008.8716274377975,7971.212113176004
5535.206058079993,593.2566308020893
6557.653669917983,3118.1504910447366
8267.91223186893,6158.114761915761
406.5966760345363,8685.039311636036
337.95942996156737,6169.016785703634
8066.891266195009,4363.41021139222
3678.359785239148,7934.177723158178
1142.9541607471638,450.33727612809105
9706.786022550114,5386.841247606611
9997.969205743973,4572.692263544257
3339.459993414007,2792.905547589081
5381.497826691514,4466.666000849312
2145.7404749120324,1540.7238877482732
3699.8516899212664,6689.553242447805
7007.309444764789,8695.822009959675
1467.8605976706083,831.3368209542605
4134.7755255041075,7298.097216675359
8206.416820326123,9617.649912659124
8018.910157469842,8099.547313632366
8257.68041085809,6296.526624517032
3072.2599166692066,1368.6427620064744
7925.797834792803,2320.7392801984483
2502.060468805619,2081.9776364028153
3512.620842640208,3597.6530370002433
9534.661040402621,2320.569212030734
1747.2682756037227,4440.253450940295
5155.682108753622,2858.306113787997
9787.566354409497,9282.96332508812
5702.067072654017,6308.618393761549
4443.4783328218655,9779.30338630557
2962.7352489642158,3150.09153055719
5629.865778649146,9571.306440593055
8264.86893629795,3056.3141137027583
7467.518180986622,6259.400237724773
699.5389396109564,5704.433199431965
1209.8642822880433,9808.474860067017
418.5585353674293,6424.8494723151625
4386.892855281386,3008.3892475050657
4334.998690856655,7364.123439134141
1728.8201429021387,980.2148821258005
7722.975097341118,2984.266731417652
5901.9711423031795,8195.81333211009
6551.918028057564,3917.0080047785295
4778.092896645203,8070.067286336734
1895.7593189934219,5657.163057709682
7979.313252806629,2666.3296728416362
8550.782113806172,6061.00446837764
834.3759969211507,946.1597745205441
4607.123926531766,6550.849550111671
5013.836578574831,5041.352510841594
7049.607641148299,2131.202403763124
6472.127488858843,8936.240749307994
2940.1334065487094,4458.939205248603
4924.354845400386,5161.785547203659
1650.5272484996703,6110.759897107439
5210.307915157842,4039.135461228908
7840.188772036141,8350.246395031481
3112.904905270506,2976.430141104455
2698.0791137276283,9261.549421898095
7925.21790272203,4493.895414149164
1765.065056332794,4710.232275796756
1041.9442701790604,5235.071550675343
8979.751016986867,1330.161422281033
1100.5358346783855,9087.930547186224
8593.786173026961,4936.411116051085
3431.8660271623135,4525.4053650596725
7439.157396445987,9285.537700963505
7613.20053498234,7566.374544636955
9235.947194403872,7582.717105119279
931.8997814755426,1069.0717101426173
1987.6273036956727,1407.746663130145
2088.186381778534,9589.67202306689
7418.493631784841,8893.163817569088
1006.12931751198,451.79140050931824
8286.175041915438,9579.625686620833
7427.544741970479,9436.567329249807
5206.4781086347675,3471.1951276638342
6872.52392544728,4045.3033659014304
2860.2801137608844,5438.2796362506215
5737.903475522541,7537.051953633611
5093.70617205584,3654.988686762419
2378.2610738042363,6115.334113342334
3842.969412196323,9636.79039094213
9116.294016560849,6361.448970050473
7051.874464760723,5084.169629914675
1210.1712796723052,6234.128708724439
1517.4439148605422,5669.44816322195
8610.81445325121,519.0539973283081
9368.3473509376,4370.804239433825
935.6473804934961,6546.708294286047
7438.594616109364,381.50644640339794
4255.95225247197,4378.9154597889
5053.440181342908,7201.216526173199
9439.040063699435,440.8249183906321
8113.108966728997,9662.691169297632
5071.66437375026,3829.4140676595343
8255.504253657122,8082.336976814389
9091.36190607487,6834.8795486754025
8758.924422348953,1210.7851172719297
7977.056600544851,3404.121099052294
9320.947927189198,2537.2663945668573
2939.594566420728,2667.8430941033803
8957.259497735431,4193.405129923475
870.5879489919278,9870.36912676337
1253.8546344083313,6694.978088612182
3572.1161603157,5435.080547573445
8847.824390780215,121.29368391128436
8790.823958801135,1817.6927750648751
2739.4797284399174,6306.0557101284285
9670.051366486168,4676.390465893537
5845.271235192217,751.0220545234237
814.8511297426231,853.1108981869473
2615.2383426116444,3059.535724828747
9677.968142340053,3567.9044450056263
8797.7424237369,7880.704194171894
5725.715837689046,9265.08786734863
6054.526450763034,2458.2200927692043
1422.9008142909372,619.0661525145091
8553.962015997557,7674.581921921987
1361.341244854637,4062.7976291197397
2587.655227422639,1192.6318705464932
6524.103404978703,9251.075104825035
6483.693660499106,7256.230102177983
9701.72919369448,8167.19623053899
7986.475739339914,7027.573705538457
5124.369651896883,9886.296386103539
6990.54019681319,26.668170575296912
9361.40749914035,6205.841628717834
6621.17431087789,5614.320147172065
8675.800457834042,797.007229892055
9367.198475923395,336.2155283168067
5619.380132705883,2629.047538883834
1154.4840639435606,2017.9003011460484
1360.0932596049943,1031.0966761724994
2333.339399720491,1552.6678661680783
967.7152706077563,8805.84903639768
3314.5992093624322,3772.908003062736
3283.550027051514,8348.055625169793
5528.496107406151,6821.096680453717
9999.77404146342,732.7996288409944
8019.430749908542,3036.9204991191036
2790.6850086294676,7128.237747816184
7525.231393375473,5898.280132306636
4887.085057970498,964.509829565211
3058.0015536077854,6365.699908844675
702.1315757991741,2093.954237288842
3824.1639752947844,5283.240946324978
1618.9313887637702,5790.268596414477
8676.585264843223,3713.1573047532474
616.7259072625752,4508.90368932818
4043.020914257529,7478.652412469291
6188.784924742241,1717.570015434462
8415.438857065825,7148.375305448691
1228.9682888681418,4760.652023831559
3281.622064450024,1941.4969548273075
6587.371114644924,1187.8965196042523
797.8883491556577,4224.273013691277
9685.553387605038,6881.631183010684
1437.082998652811,7881.756023324246
949.1692151508779,1844.666134267211
2039.930670340383,8272.081914962879
8588.01906940948,23.78740110208666
2871.3762666429043,5310.675866629332
2995.1825637554784,9871.528678098153
8818.970592304198,1432.5338672554133
8325.672949939815,2822.75400063143
8574.438500070504,643.9494444164684
5434.119278499703,8848.460243691701
4751.659920076317,3602.1867158646423
8029.12961366136,555.2989309163947
1720.9097156743846,241.6747136434805
2824.6927787117825,6427.915940614072
1195.7559491848601,774.9751769700574
5160.374305147429,8007.386186632618
7293.039468934457,6704.011742159607
6768.969467434501,3267.7645252795705
3322.9053128196915,6489.091718137392
6738.644674095546,970.3015983145358
8850.587002250637,5820.354389069709
4586.2082500129945,9034.55807892745
8184.419445691425,4827.750069247688
8229.914182082714,7759.123675282315
3678.509752874899,6383.251972853894
5979.4385008177605,1523.0571227771761
9269.726574307982,4822.787254298334
122.03431622267446,7754.645809767928
7082.120645110739,8546.122678950416
7137.124728165004,438.78877903573476
116.38173335918323,3965.034124818253
5206.613115261753,8059.31011081134
1166.366292594161,7679.067543632977
5060.4798876316045,9151.797091828996
8339.028298684227,9485.614665983927
8125.237252362086,5863.955079242906
7472.14047655214,6377.36988176699
6934.664269680214,3726.0770235658247
836.0580382116656,6922.758502632347
6687.653615817617,2277.5726051982415
3791.659151090193,8913.350652863961
7383.701793364828,1319.616870397574
1220.6092386857015,4288.6221782396715
3845.5550620527724,1601.2699944916553
9272.603273072802,2599.5325627410502
3648.5818388208068,2617.353615372593
9565.227553596507,1788.4013276480903
3084.127751328546,9168.001281695162
4753.277832296832,3032.678448665166
5579.512798025721,4656.803145190215
2380.2628201793673,109.39251795082039
7194.229053718633,6113.391231940211
3463.380628460194,471.9699979356429
2732.244942313341,4789.12847120948
7803.022229317083,8314.255582620084
6339.196268563518,2763.163784079119
1773.1223307891942,1883.145102335867
8230.20995113862,5821.676052486022
4244.269273050336,6978.997832403712
1469.1976995007017,1087.1928923835571
1854.7648338986123,5405.463748408374
1785.2508536914845,5338.331274712022
2381.181097613154,9382.840708834754
5652.42958805219,7982.292904208215
6052.851112535664,3137.243437609959
657.457887369065,2348.53415395024
7279.946202698107,6858.6569543651185
3801.7160990187535,6684.233427785319
40.123340685537244,5165.68300363406
1405.9444157121325,5115.192123137832
2641.5287376537567,3740.8651909446476
9656.3725702071,3555.223364600715
1194.628696965706,727.4983160177039
6999.798437379821,1826.3930516841187
3878.7569998560657,5084.953991535158
699.7907459960695,4607.0044188056245
7919.634934852472,1689.5076638216733
738.9642186598766,8332.655664761505
1177.4197059795176,5469.78599601356
4331.158205747751,193.7311476140291
9488.216179095858,8090.194422885236
4205.111385729623,5312.31740485851
9878.393449376837,4180.001949006928
7646.666841360527,3904.419040920465
4794.116795465696,8551.596625355913
1023.9178605298882,1288.2904748085177
6709.458379517621,3881.968929300714
8065.702153092221,9192.829040644598
900.0213712937543,4655.801330651614
2992.1191210311417,7553.954689070655
2123.2628965208255,8418.835504171446
1254.791132943277,6362.261968035966
7430.541681046598,2685.4372800943415
5990.7327893125475,8779.442143256361
5739.033664738034,6122.123258797317
3942.7752658946993,3477.2520015248933
254.93646842603357,6839.6647729913275
8722.27707392858,8331.585268613948
7996.698604010398,7350.688359327203
1073.538971715091,4718.21897430064
4747.853910685526,579.2061929624182
9645.457833266673,1768.9449713136285
900.4495358040898,3131.170957339052
1691.3366287740594,542.0828111786391
974.6521488335625,9670.43455206472
6537.940993011299,2560.1123139214124
276.86034673229165,4390.196227539247
8177.804997641588,4485.291790645112
5990.827623068131,1450.287046724059
1380.975145572516,8131.305974198049
267.71558181935774,1372.53075925295
7100.443829268004,6663.61493001719
5346.508146091965,4229.889064743826
4505.500864972467,8566.713473765836
7030.412693160044,1567.4264782683656
7704.601738291171,8579.094607970343
3488.845089106136,1920.822647030861
1680.5504375308856,9340.59354470383
3221.7112185477836,309.9740049368394
3697.870802340254,2301.526730512389
9512.174702644625,750.556153170161
5203.875545295285,4006.6260029570612
3845.5232140394614,8425.580832422183
8859.332135767361,4512.472358856127
8191.338445127816,1684.0185844995858
1256.7331884283562,2242.3796824138085
2007.3582756642038,3608.0545488879025
525.1783900071449,9021.12239298967
3188.915479006472,9834.863459148335
6592.750096197222,8093.0301396693885
8624.216968743687,8850.19567547223
1723.3368620365131,3072.6750730579433
330.1468958899112,7373.391991201135
8358.252366711698,3373.798226916412
8161.945937423852,15.643290072019367
1288.700346768109,883.3589272434594
7062.269972892556,6356.647355683996
1255.8675381705598,9571.840630540193
5919.48988693461,1975.941546251242
1236.989567515433,9984.35005716466
1707.7198614498102,6859.366460118983
974.0880707033284,7060.703106825349
4676.261468134041,249.9578416641579
665.88103941426,9272.80056965544
7329.436413794705,8399.054557261854
652.7804674049986,5319.637759784596
6515.332648861112,4912.750088236696
2279.3745740726877,2621.9283502046355
6104.1295119832375,6823.179960819739
8435.783798171757,9920.1775922475
2824.162349167759,8395.880853343255
4563.474311059116,5921.317096325218
8079.459542981305,903.8715373414019
2488.771069694956,5603.949161710901
2329.749773062754,9411.067468545387
5547.538792098783,6936.450613685144
5951.2081876988295,3851.8182012859493
1025.5235825626341,9772.089887140493
5269.261041383052,360.57712636757276
893.2114006920366,2106.9423057378467
8486.386108771077,240.69149379465804
9281.832422108106,6757.576142232595
7566.055879231903,4213.222559256316
4660.310207623789,7630.472719554332
4571.087771184088,3762.5387730659545
9883.225863502077,883.4024960761167
2359.4448459377227,7193.346813175192
7666.0872488133,661.7792004582102
8992.082969236566,6990.624680470636
4599.97823861331,5195.064462261211
7740.860374349825,8604.251406601948
1489.6915236126529,5628.675290784908
3695.0229232828037,6775.479820517259
1259.5294558278104,9316.030501807165
9748.250821602905,1890.1888207497032
8237.281551479873,6440.003601426107
7715.786132826488,3779.4666734392913
3093.670961393996,5982.776664029089
7280.08482271552,6620.163516479506
3994.556922121282,6357.77373184313
3496.944198345252,5168.127461554642
9135.433269885667,6178.348478351176
3473.99828053646,4442.060397618783
2181.9108503437456,7827.264332191654
2895.9075552286063,1446.5547504630094
3165.5523764029567,688.173366290905
8108.020929565829,5188.577654730181
3850.044039574796,3189.8314469553948
2252.4056351820686,4032.920715238801
542.9720275132532,4121.365245059907
6437.424884892386,7607.722895704828
6516.6413602093535,2842.9622275345414
3436.427046414334,1870.3973920479677
7980.322958305644,4993.20060436326
4682.792381236733,2426.238085917677
9051.03322960395,723.346393769162
6873.83065168837,4066.200005024385
8257.43915985228,702.8162323249487
6737.5068714551335,7368.606876101798
2949.672087255184,8759.493035990525
3755.0448519151205,5934.664483889574
9375.518053687776,1224.2134546493755
1945.9335036490122,5533.5513120835
1365.3631980266646,710.2680237377446
8255.45587376948,4615.7130906086695
4073.0501243357808,9563.360994835939
2441.0884989507763,837.4225733282103
1376.0381766264318,7148.603929736464
3643.133936595605,7602.421883509285
3276.88025689842,3302.9263590481905
2981.527059218775,3730.8309690867823
1596.897599626824,9923.187607151087
5401.373499872179,5461.6270969396155
2201.7244979398233,6331.188055812244
3509.375805985411,1404.6239272660143
3824.3565996814664,1862.9108620960587
832.5893594018941,8056.619123631692
1839.9289242402938,7394.503202793278
1389.8437558038424,6546.633611549177
67.93262251238997,4646.614160390471
4579.90908568241,7172.649722890874
3215.133499851727,671.4646836500782
2537.83834277605,5750.4750285482205
912.0962350060735,8948.997940079027
2752.0637003100624,4327.990929925907
4728.092408728513,7356.718061852628
2973.9550823336726,7194.986683767429
7636.882757743878,9098.303771203742
6725.4999145516995,5192.080595116516
5840.797406950098,7127.937582532197
4521.274067974108,3035.2771978509454
8573.027534730712,3791.2710674891127
3663.854325256709,7911.714125896065
8835.114118620777,7025.893261716819
9475.361732465952,103.59152214057588
5888.4259783466905,9704.282485000853
5230.9999497882545,4979.3357396583
1984.8769833981983,3240.8825803111295
4242.343669119701,3384.959814474149
3715.667052271698,9706.720855660218
1658.1213019970987,7371.86233119982
5498.054099322485,6565.634406823636
4792.9406067921755,9122.59370571091
1496.7234760456938,9230.540264794408
2359.876138438987,7508.850217497782
5066.932804323643,5203.133173485451
4273.531991671995,822.3357856085345
5666.100308091706,2273.9748328692212
7609.265976015617,2587.0729961287097
5777.269661023742,5383.661844516403
5284.135627788244,9799.989419799094
6069.056120944747,9706.608423317384
5885.026582308277,6822.466810320979
4134.201424408964,1140.8473723102952
2584.27828705175,3171.749023372231
4606.776057250267,1208.1467105847544
4238.480115918818,4879.964250573008
6594.400342486494,4103.110683308379
5604.438766717777,8783.720058231245
9818.998319078053,1265.4249089269554
6554.605818737847,6847.050732655497
2898.0630743572365,4981.564039914336
6002.442861259076,5554.679026491071
8004.535313623066,3740.400532569478
4135.088170487704,9473.189550753985
210.30531320951783,1580.156157381074
706.4038593082744,9507.114950340207
5431.285661057403,2643.235379651242
1268.4418073207837,2706.940968611353
5396.767967905834,6620.5955255701
8019.929337294229,7300.958968129786
5726.908206877235,6868.045470753358
7400.676273990331,5960.321628321786
6470.320323982383,5740.866099184842
6357.717533515567,404.48363059095493
9616.183342390708,1210.2433490730946
5677.087089598421,8086.365974241701
7286.962028320543,3920.7294120944857
4961.82485369158,3274.287602286562
1348.715828925552,3727.649128172308
1243.475121998373,1772.664161383981
6062.4450020378235,3496.5850390362816
1017.6237549486622,6637.880275448576
7404.8291806011475,7342.966253720131
7852.01183647632,7359.587658814132
9572.932951695204,3104.151838803841
903.1229691594733,2282.242968915719
9257.131566254517,9657.866959799054
9862.540787957007,5289.072200153289
4257.096049444574,7441.677336780085
3240.414513369966,4170.035114013594
6104.445648058749,6403.693953016502
3264.1811193267913,9877.752192472673
9120.784457396865,9434.967750177448
1697.8259173381693,7649.972447920972
9898.262280386243,2583.1069263664076
19.458189788379432,5145.18824358362
2756.3354554444163,64.97727140535203
4684.489615653719,9726.172719298389
9838.837810637613,7859.342118423378
7439.502795039807,9247.079463973672
4779.107639639607,7039.409519469505
7340.881844429582,6240.481045367284
7936.319966626774,2504.8777772902977
3167.5567412952487,1010.4811342255282
7584.810911898338,6988.532213422126
1217.8425534379135,7631.985409923484
267.64572503303884,8011.239082688939
4754.754865934117,9618.420444899393
9724.764933755878,8493.759448346651
7386.880705423754,8746.080431864382
1661.6042827328724,681.1642203500624
797.909443533048,3720.117917131374
450.7688840267343,2285.2809017698614
5739.937491674986,9093.579506605867
2812.6449553718703,517.2506271201338
4317.699774384206,6305.752163713882
6494.523126455834,6694.338289010267
5308.527945844023,603.9990969003384
2534.0824359392877,1976.0256271304277
1279.1742306628828,5449.424764384147
1992.2496384315934,4714.157053831601
5553.3828866466765,4541.351481018064
2598.866978531219,1916.7625807031475
8439.674863903687,8834.81841904262
8958.940243946867,1951.0030557624857
2041.047029596722,5343.641104583434
357.29230771213815,9290.725390531677
3056.2399182549702,1376.4761006193294
8359.008743487437,7773.131362593642
5145.128442083087,667.3172477636813
6899.660443091267,868.4896914306651
7809.738282299352,8705.051959925937
3222.3216015599355,1340.3524991076333
3829.2452686315983,4642.77190528801
5533.494887064749,8671.710185258975
6617.219974864888,5783.180357406097
7712.730409057664,7134.689328716394
5792.725568675522,2393.2042462524273
5511.264865122238,8453.855558960726
1081.3722365987976,319.9793890836067
4317.085939355145,1439.9912414688865
2418.6261975183997,4038.6140678429815
879.7001926184778,4008.516638801688
4595.151301027477,1299.3888464297786
4526.832585592055,3547.621048793889
4690.756797160452,5194.567627327669
1070.0320255604468,7136.200478375718
6127.029766322507,1541.565045190848
3532.1414222949365,1079.7956525805018
8746.616977905425,3194.2162457786008
4119.817565953336,9521.624420511218
7304.3867730585835,6713.983234563467
2433.5216875972974,3992.334990022752
8749.070180106177,7333.537398264723
3469.6201590964315,2505.866254585244
9801.330196455501,2777.7196107510404
7003.48798689479,6584.929302084515
3172.821605869085,3713.347087751071
6124.9837085829095,3412.134293437934
5093.475860248365,9463.077425289232
4957.600864721466,3914.002075697346
8731.506956524256,7696.321890184211
4720.369548210899,1984.5395108746977
2470.782396824809,2948.8083275862155
2600.345326616559,9402.677559880742
6305.201959186807,7903.651412013971
8963.239755503699,8202.041838050489
6319.085981363764,9856.428886306609
8018.80312802002,2360.954998286997
9580.841103187457,4648.299269884656
3108.1159756210054,8001.042488992842
1278.3100584808938,1801.3472644271267
9980.726783273534,2231.6806135319734
3532.216417244244,8121.908078693037
7165.5674745307715,1609.563428159555
9631.606307005162,2476.239111812463
2087.1328778134157,4870.175956717424
2468.945191260057,1931.372329131158
583.8406994181566,4005.5161926658643
2447.213504270713,2818.527266588232
2300.009942004427,649.0172465673172
8575.610101156557,920.2178573422892
4815.296755688625,3119.5911135193555
6618.375021661994,1365.47383772625
2477.4373990659346,1831.399925752788
9926.299694783364,8687.197094541067
6569.553182496414,796.5142250699387
1436.386434178385,6650.504623670983
6380.757927607889,7405.28270904761
6907.809129130977,4513.1545703592155
7273.017822499854,9701.02175194777
6560.5941575976685,6972.380738847106
7796.33746459785,7085.4295071148335
4664.152465019707,3751.083158225634
7515.952238351271,5684.967856381289
3624.7289975803596,252.85080208891642
3334.008453624716,5853.722677012673
7503.523531608097,8415.8270429996
7262.055457581963,4102.582810699826
8214.087823026459,8895.646397289876
6014.846453241488,5338.887914249206
6840.111342530896,3919.1828782930825
9646.550030800632,9813.423660766246
2790.1042879838787,1000.0248919289556
425.9732684786866,104.66906779668994
4188.107185122226,9413.4007603934
1336.2575303269364,1755.6713273826097
4336.397309753193,39.37857881423534
2332.4477880235695,2287.63686284456
2816.065454058243,6640.43364994312
4531.538161614775,4751.639230807031
7070.9228385060205,1220.0753835140354
5510.36525216557,5907.1331656672155
1409.8385756098376,9001.099762146545
6513.825665806207,2684.078777176431
6954.390153650111,6029.383725837829
4756.885830972182,4245.287987653192
1919.311007255986,1198.4142645629881
1355.2644309561024,3164.01772229431
4406.230453821182,9880.51428981799
3056.819095157909,790.6216804975841
249.0530132269997,9802.180861029428
1533.6119383882785,6864.715935012673
4342.276643679878,7552.395059858045
3265.013297893805,7306.806559704007
7978.585570528147,714.9314077389236
8104.783158094464,2905.496089058511
8390.244819080968,1023.888533471009
48.84322901527738,4128.723511226188
2328.4527752847607,8097.077330160079
1991.292939521442,5870.347207793395
183.22479492319022,305.7319480838605
6810.6902755715655,1709.2518011176594
6508.904421366701,8872.92898809988
1475.0307710454135,7859.436055420941
7943.611373998285,5402.310520656015
9632.73191033763,1582.914623037206
6443.367923304127,7840.511538870905
6565.501374766959,5070.754026917105
3371.459408616523,9033.525637969831
927.3820223362261,7260.1341799284755
3433.8746377003495,3296.09691914972
6134.665438107813,2375.4428535567995
7978.94665600385,7416.933281288646
4235.552985308199,1547.5049553995857
2328.0939698964366,1260.067347300401
1207.155377210779,9938.281108611996
5381.0739880993815,1566.5851921394403
7574.159543983131,4999.417208379126
2890.663819260633,1580.370227092761
4710.305266211106,2357.643076321523
7115.039019332211,1636.2684956424046
7791.404083875914,2497.408865678957
7432.475438509071,6117.7883918756215
9384.298527783163,726.6674251506156
5552.98632851478,7794.620814373481
3448.8722400019524,8796.719960091483
8512.762475095684,8056.380181838633
2633.2928007631185,5590.365883910721
7400.631655611232,6334.2536913647855
4665.148720853279,1088.7680006341793
9140.355099462571,6238.262277213033
4158.323859501071,688.5495427945255
5424.950398653542,7453.203183828975
9198.495389912949,1972.9038718928948
6139.81018650937,2880.364214758111
3534.129638519524,688.652496749772
3721.514614858946,1585.3388419900893
2545.8103232954522,8143.4770445938075
6297.924503279117,5225.3361861445055
4427.401285018694,8408.053693464606
3432.1292863640906,2180.538236772077
9301.069485675833,7997.345825421223
5391.756604598297,4451.65530946675
9643.562555195493,5871.948806190317
2614.409524261272,7368.997725423361
5036.753636594511,7347.024930398836
3378.9887262175534,9932.227899784699
7699.634568869772,2595.557604798272
6364.8218773472745,1145.2848455419673
3211.209600915268,6723.328944520903
5861.380617266976,8130.510077451338
1325.784260520847,2146.6123031890615
6018.353552690272,8676.563602952607
3514.573409558579,3415.3741445327255
2981.845555682308,6901.998592744807
2903.484388873906,7110.7225093761035
8459.943081277828,9403.936278015028
8588.003737840449,9403.517455178719
5379.21362536727,6751.449051490899
2047.22860637645,8607.695737657028
943.3301350816703,5988.719567707456
2218.9915707358587,197.96628251375182
97.79866677313231,5139.562211706736
6124.011705436952,8390.888060191464
5533.7816669211425,917.1548395066886
1134.5944894384486,1158.5426203309546
5910.3842708258535,7223.400701415823
1102.9666063402399,2997.522400483048
8813.564643609403,4140.513943072406
3394.747563738616,1090.7228653219947
6477.950887389795,9145.000048231313
5699.678317993849,6535.445273733436
9542.308005444595,9491.533756045792
3274.276182711692,3811.298246719068
1520.0026956149338,2495.804117429641
5882.2500278283715,4570.907758073056
1704.378199448612,5426.661286517583
7637.094254959318,1836.9440571777407
9070.064080220252,9774.52423088708
3279.8926694943075,6774.417105148283
6526.475507238761,4464.3375380339
9405.749278279838,5560.098245548976
826.3553416936564,9225.891681093855
2566.2656095151883,4897.884697462801
2940.590447716158,6251.713803739381
9393.545333797712,7003.102367268409
1543.1480593217295,2230.0804009418252
1387.448569639218,2661.7007395597157
1939.780716223749,3759.705496860002
6857.943439828988,7121.738285064864
9687.218336881775,8389.439658297568
198.86359469587944,9130.532853260638
7441.364442012806,7295.760507677558
9982.692017223413,8525.938348210593
2274.7362947866513,1756.2013167657742
2428.1117568005175,209.6584502867438
6059.03040302976,3811.0198562978694
6666.907759093099,5636.446880682218
3816.8135094202125,8675.419395731837
8848.435993952158,2570.951122233478
7439.911710289822,1275.5236252075342
7032.907931864723,7366.364501825451
6312.318044472329,7510.435723710755
5819.014780184464,2826.398838496307
7670.161614789414,4477.077261434042
1076.3918626617574,690.6077267125498
4487.2376875669015,5996.593478627547
7799.688145271505,4709.314257485312
4716.251766014086,6392.617770961891
120.16232454984844,2733.9071939142314
6658.31260747432,7065.259024057541
1369.880772626838,5108.092579117112
9184.324708502732,8511.275758307023
608.2166705841219,4359.290674910186
8824.754929797473,5406.22315306584
6650.357970816139,2367.2586376368577
1458.7548104111581,3607.4813768256618
1533.364027073859,4851.612327197604
5325.1200251495275,5898.014712376423
8641.03402824376,5229.688275154747
6892.541735141014,1434.9253062461498
7300.767751450923,5689.998927643811
6124.01156383926,302.06739903202663
898.0086578028123,195.2520379487921
3581.7869921000224,5114.645002520028
546.9414319873044,8371.291354456373
6560.7001871893335,3299.1864932867134
8704.862769047744,5735.381311777029
5804.256147825806,7549.528740331805
6959.717040376578,9204.70807182598
1200.1003388458464,1245.728861308958
2299.454098228112,9174.456152867499
8580.39831073927,7967.326220239274
8231.060961672201,5199.310471979279
9940.60522465494,947.9094025775325
5142.074322850379,3967.6870080300073
1420.7738265816472,9600.493066326293
3986.537243792249,2418.4791427790387
9891.09687697251,765.4163952653048
426.2975435449601,9207.89984720657
627.5883201744792,5973.627246092456
5817.822369679081,6552.775190131025
9828.57888078243,9174.808730934546
5636.896520757303,9772.847122929694
8673.557379129534,9496.577503364833
7495.92476270548,6906.069672008382
8757.432138035994,1737.8143119485158
6681.668295119101,3600.9755497830174
5647.68924090159,2585.0014131373455
4721.6002627311445,3466.9099816659364
5140.37988716439,6979.220582644882
6759.132761299124,7043.557376567936
8930.154322495166,6592.645786259777
1439.545849551863,9160.833509110713
9745.052309494478,8931.962331238163
2771.5764720261736,7189.51882120148
9691.62551040142,6473.634392535108
3589.806927123571,3274.1342363407043
908.8755335981724,2781.1850670556614
8810.456573423773,9260.6128112811
7755.3582803933905,9249.354402390292
7462.873855194769,8863.148147685091
3672.087656172137,8022.60551730689
4772.308325077735,6570.244283278687
4026.942810215237,2328.2081630370453
4832.034800403106,3771.3119065675914
8846.13404941219,9808.115284298037
7779.930199918196,7743.5708309481
2813.3818244633667,4848.227101285457
9036.140312833242,7046.651284080587
1448.884913398667,7444.56016395491
5671.746420004447,7313.667295021083
658.9541280004573,9316.992891118087
2104.553688068587,5009.527572387762
15.224076020596833,3407.3448218348967
3111.316876315152,3865.379001810243
5773.309458056019,3037.7114423911744
3487.359855333908,7867.136518277936
4438.40223430981,2960.7994955128593
4924.894345333271,2615.7143372132996
8356.68774663135,1871.3145107151374
689.7608890551843,7709.2808687876095
6326.107891375274,7988.435397265149
3017.931331525473,2439.892732983905
6066.60041169001,6420.333953072765
342.54540216636985,9441.297178839486
9695.953304286923,1893.527407569212
5145.764994592678,5510.91064530083
6242.712290615037,9444.686544206872
3898.869403427032,6827.503548190248
3782.495200566287,5488.597380399302
2860.033708390174,7786.311052571156
277.5689644170609,7514.872340517565
4109.618614327298,9328.320617923222
5866.751098144938,1125.1240872807455
1008.4928717152164,5115.25889003953
3155.2563025524537,8883.19783577743
4990.903067761889,4690.293756871724
7645.55980928758,3074.447280917688
2725.478876822638,1643.504894037564
7833.003360570879,5663.54477110102
1278.9516851481985,9398.978598715785
2508.191199837618,5195.665558644876
7687.170346049479,8786.281431283081
6673.223085622607,2187.146140981375
5871.470759291103,7195.022244255402
9454.317497999162,6970.544029429835
7974.626660768304,3713.285381255208
3918.7775313925545,6409.5339267699865
9072.610598870735,3120.740252916694
455.04554468422054,9428.507808592152
3880.068449110886,4198.388936976853
3124.4931788397944,54.74461878618442
7307.741764415054,336.1384934786726
2185.546867694049,267.0611311910487
5815.788135656447,5907.768793559307
4191.669297962273,4639.212136317429
9801.223267933354,3215.0658115718766
5016.239959567026,2047.2066912846342
3234.6816144017566,6273.396308265821
5181.560411515787,3261.2468215369086
5456.509964761684,6453.241155375839
1549.0266334330572,9887.865962999133
3015.6875949465602,6963.52741511632
8330.790230461185,5464.893777671627
7627.021259758757,3660.4029625149105
9254.717563538972,501.53582116438275
4369.127073601102,3064.166044770268
9273.204397905472,4432.5424091442155
361.167360442145,5494.39781191886
7985.251518464394,6700.558902868094
6932.808071811754,4924.525955059802
4934.197659753377,8714.741348582986
1546.3188546977347,4181.522155942772
198.11616645363017,7481.64034071523
8279.754549275878,3268.8898517053453
9377.480869199526,6591.342167311005
4046.7991079589815,3299.2723339716545
2966.162831092115,3675.7959366910077
3123.042369489133,191.2734843513253
9274.605721882823,3747.878832031333
6099.450614561101,8532.77887667989
7702.002136327413,7718.423154650601
2457.921892478212,3863.20087671043
4828.100575444023,8953.895930692972
1517.9760358375283,9625.61971727394
8363.32480734086,3060.6295748709413
2655.4305066885054,9494.099603627299
366.9315364347947,7207.161279682025
3980.2969566414404,9480.047070263861
3884.270657046803,8138.721840695874
9881.518008845149,7967.354932385763
6358.771411998516,3183.4914647061896
3165.8245217864924,3837.848994077724
1684.5677557005333,269.5867566318233
9125.389348085366,8366.652060002401
5754.144601393181,6562.228241088833
7398.230393164694,5977.658383328396
3846.1013111315456,5503.005920186346
237.87175599981003,4787.338651960815
4337.699307314537,3200.259042056153
4923.249920445764,172.58352949250045
1696.1825360337834,4552.9685358383185
9504.760998345588,1205.4965598274425
6342.493048098406,3185.1415185035416
5924.244678684459,9130.268788806272
6990.703206264032,5713.922545760689
4278.52887422712,7545.210000418578
9193.515545078882,6771.94508175472
3171.8880617968125,9106.948746166101
9781.329735360967,8924.15119558365
9186.71340211071,959.0013034919065
4615.151420238308,3041.6468179845756
5194.464746090017,1701.8359518345683
5180.436329200714,7816.330546823711
7789.047714088898,3189.507571781511
9189.606326409505,8860.621017689817
6492.949667428118,2167.6414241784737
3412.808579294064,5708.799579453593
1581.1316865982083,6541.1608217559315
7564.074491262239,1740.7783049307723
6995.114231923515,2228.119696484493
1193.7358731427582,8890.869406806878
7581.465720371288,3608.522897319254
6408.649027107882,2622.4405322469324
8136.543857631656,2804.0372599680786
3202.3611584872247,4290.959068697999
7699.305125450531,9011.144494641585
8261.490495609996,7075.194809140839
9323.849983678663,4434.743997595217
2083.679153985376,6728.641731263345
5950.55042389132,8082.121426164779
9634.101207135318,4169.19566772292
8227.892252678994,987.0083726886625
5833.6667211248405,3370.1578905151464
8170.548610838945,4618.114834230019
4826.564778585313,2157.4797738377492
4094.0106395923526,5209.619557370291
8322.256753672327,7890.902060206001
2094.9350206318427,6382.183053210037
3956.725234440791,9273.087594494662
395.40862583631764,7136.075379844155
695.3495607968174,8613.428525806343
4723.927935565149,9645.980211901688
6099.657428415955,7993.928327148542
6607.627080300195,76.54582364078676
5362.832093886595,5629.723605161366
9221.033129149164,2374.7568798310035
208.39987846191897,8473.29913211926
1043.846936558771,9225.776163399752
5144.996509066929,1973.91922059858
1590.544392691824,4823.932942603628
5981.494076095849,6386.018827919186
5867.701546735806,8720.513147523305
4127.064142100418,5554.0454100553225
5919.533390033536,6175.376256855695
2796.025254704858,9296.833510341143
9968.626900552152,216.84377152836666
3447.337285657842,3910.265912933295
9203.311595069885,4075.6161703566218
5303.3239645716985,8746.571638622278
197.10972123767044,6425.3190008066695
2111.7826259842664,794.9567459001372
8098.2707516165265,1636.462846011778
318.89973559469985,5122.970100706239
3884.5844486039673,875.6506161207744
3711.327318154449,3139.4190527561127
9617.140684498949,9322.261662923458
2801.0849859913733,4244.320769125138
5251.733368483012,9791.646275970941
4199.404233602119,9927.502560114446
9.911597717939813,385.6436699868893
6118.8056491171965,5390.786486718008
3385.2156047295334,9539.64429067253
1009.7936792105467,8616.758424525033
9121.704306090396,7730.279915438831
9627.54177952472,2596.2527535324875
3436.7223428713623,1801.42364431649
5349.711956504912,7439.751412512958
4620.833590890065,8588.632696523808
1082.8333056403817,3048.5073046448697
5036.50243205523,893.3059600630355
730.6652975050043,163.44324662234456
5993.501947327374,6490.389757276819
663.8076079929623,1038.171917991797
7231.785319280224,1533.368215012596
7724.908818539447,9839.164129832849
3575.997168117061,3315.9946478282877
6162.483313257787,125.66011713622149
9864.95048876573,3472.8222049280457
3918.8189968540423,2966.4669822549727
7056.491688156796,578.9467159106288
6209.428329472584,7586.7517903088155
1429.4783047538106,2990.858881835381
9622.128648314385,774.0807195630339
4562.185750699495,8541.454338816664
4535.634218739728,8101.650754436813
8.017881718088704,6255.7464507979075
9104.896777869106,3749.0934692234514
5835.190140294887,63.053691875361025
855.3961904621499,7844.154308934366
1682.3339886204226,297.03041014956244
6312.203740900722,145.67310407249568
5691.024871519422,9892.952029188244
9141.938539591603,9058.405163508314
2432.898938178285,1857.9178574919574
5387.045039317819,3444.451448187381
1888.2575939133494,2956.9439691904263
9924.324637864142,9116.006441493253
3575.9881861204567,4400.257682349121
3362.2174830389704,2794.704675223486
3697.9741941893794,4592.947745370007
5350.070209795936,2190.9910605852133
490.12333173679923,4441.552598306432
5705.555140975143,469.0550617884226
4220.158113526067,178.39266597252436
3784.761807923217,8731.02178793249
9228.827129197793,3578.0074195394905
4701.7282054904,5700.840191289922
7774.83830452603,9439.752614577888
5483.905274798922,3694.67242517985
4332.202423840713,1.1881402636071403
4143.160582846475,5473.755720925123
1106.0752097575255,9944.036491592924
3754.0843998617547,3441.8541747932595
4083.5462284944824,9900.324088428622
1191.507759314645,7220.409563909155
5621.615508289851,1977.6506112746063
9829.150282804241,428.3999226139001
8425.058285916026,5019.969409600036
7175.375529929601,1257.3559410866453
9030.23063682061,3364.7046445603623
1793.8509666018876,9998.336014091388
5375.277652864767,8552.98121600854
5503.404693467234,8687.890827099933
3857.138274268074,4550.621091207435
1914.613291806213,8373.054599097473
8755.412966947259,3449.9507637167103
7726.060098091127,8796.777228419793
4574.149437257318,2920.379248358106
270.1465546975901,3629.3806255383274
5289.971572539599,3322.897997303689
8577.68724440196,4409.686824041811
6015.5839325655725,160.7748118605823
2043.390192783654,975.1488985001766
9995.949179550531,2820.4252607972658
3439.727362430113,4543.028012222708
5041.487285464372,8314.82492618035
3786.796893071115,7460.537921766521
1467.0462084580283,7210.8481623291855
2461.701035977103,3206.2180600193933
2473.761066937874,8622.725380692002
1474.3613933296951,9204.537348217751
6386.767001332778,2664.7940791895044
2761.548458827937,8217.63854236508
2666.199730162364,9037.557258362818
5557.219675452056,9038.523219388131
9336.899065301619,7153.4374073071795
9316.127158180769,5969.26957975838
6530.252044033795,1279.9362639308254
3316.590168470208,3383.8407023021564
5695.3704064713165,8881.505126720429
7643.26122073182,9203.202941760794
5905.188659002622,3114.7493578995554
7778.57502400967,1321.5475123649512
3573.872249350992,2483.299545318739
8534.319778976818,5346.683672915548
4524.662714280312,2642.265547400421
9066.17894237116,1065.4474702671946
4567.618607811273,2134.784789610222
625.4143824018965,9313.108062210578
4389.220046942863,9290.363559555888
7206.782599072857,8373.442964849328
8327.794850462922,3710.36382791021
8415.449600328076,2075.384596110388
3430.0456813828937,8421.148343334648
1153.6888559069414,2053.5719667282983
2445.702962643769,4111.842469640968
4327.991410221427,9238.860687802991
2825.8005767121654,8340.885392756869
2435.4683748104067,5487.449697980269
6355.897181690686,5614.319998325168
4764.386532756031,6647.979569390591
4844.4514912541545,4060.3861231899887
1271.3375636875235,331.14102140016087
3937.382613164707,7574.608318358267
9398.853022141117,5450.355418655454
7607.093950217695,8060.961017673008
2240.710383559804,5700.602753792672
9595.574372469535,8513.70499161284
1346.3481263110643,165.72124282304256
2282.0846676101182,5472.071456136113
5180.873034645034,476.0156422787054
8177.1616684731725,2396.3265373393574
3858.815277532903,1674.6703007824449
8183.9964861766375,1508.9887825695448
1781.1879574879063,7233.951898294191
6632.526165223437,975.3858695196083
5691.115036088279,1628.6353622433815
1778.738018091035,3840.3008208789233
9277.476688879202,6191.256746828071
3619.8925496177217,2584.7547786047485
8585.640277147704,6187.571024854921
6229.64572702077,5525.495261742618
7519.882599020142,4495.321682831941
1373.6958888300421,2593.74250581304
8417.090548192704,6881.0210713344795
7538.91807611664,5491.993420411823
2769.5546072817433,715.7804926344791
8949.681648317792,4263.000658652293
7604.3300385002685,2716.6676249018683
8307.815395557283,4934.258677200728
5381.082079864424,9194.253375140539
1633.1629229396715,2025.6651615493881
4682.98809208857,8048.319438402228
5537.679350867716,650.5008172118776
2895.5129458502092,8915.471457927573
1450.7793568537552,9405.560936250906
8783.52424504755,1114.3173195105771
2266.866122547657,9621.809180357732
7581.964185712389,5995.696982248732
3469.57695281647,5032.321917631014
9065.192925721834,1740.2457892701339
2991.0496424209896,6496.140313132448
1633.8396065964023,3544.200879768318
6858.908679064015,6293.769959359673
5064.590233895626,6606.538012793497
6419.121288277645,4444.429095683904
4351.635338797816,7246.062016081239
2764.410638576161,1797.1452137520362
7745.449970966547,2338.2088283243206
2597.9578077486544,9397.956103035136
3177.040738365592,8472.779933922224
778.4249552929057,8455.260695984232
6152.494155070261,7307.657811176436
4091.0108166776017,604.6970621190073
2970.9129543276467,7430.53912253797
3386.9937610297798,4467.665388513772
4017.523606301252,464.9594029194348
1109.9976422807756,4235.266480526665
3748.0981699007275,4822.093623099142
1140.9180223749227,6063.165324230649
1056.128773366919,2637.0625324732764
7907.297230518812,4147.467653281327
6690.5113265723285,1176.1342971416077
5809.100413316781,3362.070277533279
1082.7187814597416,7930.0024588784745
2842.8064221823447,195.01046626094976
9920.668645726382,1688.382236003816
6769.185925271999,3007.9655987751007
8944.763378343892,1000.1479830368576
8737.288962851513,1406.6559723636828
548.1509156471099,3250.6818612693855
7703.698630183145,3457.486918770012
348.60850197661716,5218.5843578113145
1569.4238359273372,7849.313486377563
416.96766245866047,1026.5487055857425
8217.846347150125,527.7587822551799
5.3492664594811945,7415.899886110915
9029.849288078194,3677.0682414806497
2511.7909798691294,57.31091248193931
1444.655639925728,3652.22834062655
4126.526913581438,3698.5284628066884
7829.372104857161,3915.0366104886193
7587.641568353689,9367.763633190867
6700.462046406804,2160.154672382507
574.1605849919007,8916.047093671832
4790.761454230057,8551.785348214897
177.11938554733965,3904.3263868584045
1228.7161654640477,7105.596339059907
9733.717215334991,8016.691707711414
9573.189051410265,5935.265358845624
182.35832172364462,1373.366505282948
6662.848899841898,6539.944651001874
3710.9532677054967,8612.294604326684
7511.177603231365,3553.901170785795
7532.850942412936,3639.0763876620967
9057.724851683859,1363.3891630232486
4005.4669892491293,9093.58090595355
5814.288359072206,5207.492331692991
9001.700852749784,4358.6131993939425
6902.219422067232,3315.3512161865983
8516.525453401873,420.68206696417644
4197.215632556308,4563.55183742729
256.76747244058106,6938.164364154946
2650.301812268172,5680.461638394257
60.76815086810572,8942.193488666358
4267.853614563311,4559.628065302444
6168.504939455265,6565.598527052309
2947.89037481243,4051.155048327877
8804.283100218145,547.8700001203307
9752.750426969855,844.2764150391058
6110.908223345325,7964.3624067265455
1593.4685422635087,411.6570920827212
1873.4872336331155,8346.556006698924
2269.340294729162,4660.841599045894
6055.2891995912905,3572.6889833888386
990.22243295244,1527.947916733251
1941.5506613256362,1214.0580325114659
5773.736817253596,2846.600335384327
4285.828256785256,2303.059193253555
6517.598871455827,1119.7182771831815
3731.4082337979803,9580.399915317503
1344.5374796196008,1392.0771768690565
7352.2422191615215,1346.965478447746
3046.309809105692,659.6303579793528
9051.653272741632,2246.987110318175
3816.8396848674433,3239.4648590212205
6563.018363897914,2376.2668071344674
3165.190859036131,765.9746050882799
296.5139914661463,2011.2154422542171
7328.895394560272,7627.848991757489
5294.567181367768,6877.276695222115
583.9659671767782,9108.442802705546
1319.4074960725543,3911.974208968325
9275.571591634372,1057.1902326148763
8994.850294410768,4009.66378596726
2568.878064388682,5536.302164459395
6803.773782742229,4053.682184853659
3619.3855546685404,9231.476037042212
8345.54688514697,387.56293971112245
7002.7685421146325,45.752444561287795
8806.694451354975,4858.104258612661
2250.604201452129,9851.862900290243
4026.2386591234654,7097.341577036279
2698.866008082629,9069.246028569898
4066.173457225847,5198.484773376907
825.2944911938564,5577.467345930648
3400.1908573592723,6823.204743557555
1671.753836207752,5253.359754211991
6529.437621103429,2956.5731678134734
8610.186615678425,7098.279532611973
4394.274929996546,6712.958139882331
555.1721079732863,8209.471721610982
9217.47843964204,4264.828773060384
6309.5120879254555,6329.691936694423
1685.0874829863017,2510.1031304810795
1417.2583305820774,2812.8219547003255
6495.428293471951,6382.801237874975
8549.90972599973,1398.4991354918964
3405.6400811009125,7736.182921511599
6039.847023599941,7662.416066904476
2535.370535331637,4678.507778238858
6871.620662963509,7509.143922737135
6187.919512101512,6116.0726787043905
6459.044552511484,965.20694355833
6710.302883643305,3307.188517442117
2676.0292864835787,695.110371937615
5985.648348196826,4785.714691602378
8590.533152990192,6094.893275950684
7572.986149203357,3364.5166824470584
5609.796723821775,8988.191513641377
5048.569185719743,1176.1670692093962
5505.340365411055,829.4504529604474
3548.9019578643156,7208.401803315748
4030.206849339377,9304.68458371977
2216.6392223012444,9761.236147402233
387.30067822454583,8668.040401037526
4216.7000017984055,4880.713808625714
9297.378794467444,4440.497819012566
6800.714944455197,5224.1990817265505
636.8777643258594,6302.664509490868
9493.639504804998,3162.9629413058015
9739.767423269303,6675.395378672118
1788.3124852447706,3778.4062704372245
896.8128943181241,5929.89020502036
1599.3262673269614,4658.01243083104
888.9717365486027,8716.175909813552
9216.273284679108,8588.621053179626
6440.047553430096,1121.9741728945742
8333.254302941908,557.2582110688795
394.57257221222176,8688.78520570696
4511.4816371927545,3910.738165282088
854.1633689439454,6853.464362489837
8533.126155743737,7278.632409203387
1907.3136473610707,8574.875399440392
7892.196972888071,7088.465860112062
4099.860346223433,9763.376886443444
6873.7724329523435,2108.4054255422657
2471.9351732132054,4605.02791016357
9926.533952893662,3671.1052218578743
1733.8197482444973,9745.577040573731
5052.965343735377,8932.42211364242
520.8123557503208,95.50852283434664
8062.120763610809,4352.60665340368
1561.8658494597448,9183.515644230944
7970.101119574698,8489.310681892923
3951.8412443930383,4890.7717303737945
6849.6888478617,1965.2813662605263
6159.732911938754,3278.49789925877
9648.81932703831,9389.873521431626
2295.6794173669205,4940.831784373033
8324.04251014528,9684.12970570022
4602.757471128932,602.1488421635679
4730.641441773837,2864.5048839678943
9350.272725419287,1761.790873606015
386.1641543063321,8594.100891560069
2028.4807495370394,8051.928474232051
2349.6522915211003,5373.704193348717
4335.919075870855,1688.8276907772415
5542.6146507091225,2076.099231767009
2675.59793560174,5974.306217653481
4525.487772876442,4249.9807193785455
551.7782846424135,8553.838756426716
3187.855711661064,6208.340292374772
776.1283641836136,1853.6278385269889
3732.8236849821596,3409.443863171504
8912.964401556206,1694.4375638603303
4102.2202927203325,4111.805372386208
9585.059265118281,2718.5730624930284
1883.791047644333,2472.827524085427
9194.81912207909,1915.4421351325557
6638.732091363878,4859.894590426541
3716.6909019181526,3715.832694673652
365.40986582101254,2796.2104698555536
9887.310213502104,3036.608076015426
4841.9780682768605,8752.345113142002
774.122240774916,6830.872660064721
6816.782582028694,4810.344334719474
9435.88799788122,7420.173068225856
3752.851428300883,8478.633406062349
2690.4491417152963,2142.960090314935
323.5210603200245,1416.6333443322198
5197.389100109105,7209.640102250066
7284.803693093851,6944.9564312447155
4165.268814626815,6693.027350711494
9438.266203127325,965.3797253683761
1307.8688836324282,5088.385735673962
9714.10739757316,4090.845979530895
9826.628390543321,7249.458550848931
7357.387513466885,928.2172479576689
6454.8708169217725,6644.659086483324
3409.1292112748115,1407.3677599604516
3554.288574056532,1936.7096227087222
2186.3059388275096,2188.2407689973625
8488.072357243063,5999.629240724224
4796.381044085462,7760.291224645507
8807.371419246221,7683.866573255147
9271.265002908412,4446.296713564414
1664.9489739274416,811.9317128924763
9012.902167020458,3494.9650084816776
9946.860042460567,4968.773709824629
6105.030759540563,4298.537203225369
3784.2085906309776,231.40701580837253
282.65059689913886,6170.5685524889095
3909.445727087556,8913.311383854261
2999.751073758411,4660.400500471147
2054.5702220526928,1232.6524742733568
2227.3793512567886,9868.124575633256
6089.041306727693,2283.0289732449583
2029.2449688183456,8744.077652805812
6306.498537499051,6263.046856733985
6749.878085698442,44.015407649315996
6883.704102858675,5938.697765756561
547.0622458301566,1626.6566143255334
7313.258007884291,4342.257038617092
7290.81009166918,1307.400244137129
5900.909907204027,9530.5643897808
2212.911621220215,3899.124572222452
1561.3233555928819,4816.920854943113
4604.067971689075,8984.750791127342
8455.85954333187,9993.538318448194
9616.9113262959,5457.2152392949965
2387.3034180681852,5012.940968121422
5269.095059367966,511.021508726216
4758.864751355965,903.2646592799998
3793.3581288834685,5427.175769371473
9684.206467038774,102.15403253755694
6204.134854370449,6524.122199378742
969.9331907382225,3154.3529181341955
2207.588887641975,5786.860249760488
4066.0983461737856,1602.1410458025641
382.4105875613626,7994.110438291792
4355.559668935573,4816.895077845607
9099.814485311397,2432.1884191405884
7940.726020831837,3136.590615627606
2527.262883097048,2750.67479245684
5890.213279567948,5650.845790357703
3557.3877587772095,6056.72206907841
2190.0645018453115,6217.189670434977
8979.935255260423,339.90249853188106
3498.2384515810704,7083.248946646829
9638.240928103056,3379.655685834644
256.2115983287816,7962.998637912338
4534.694806459914,4107.674403805018
8056.394090344672,8380.415873655493
7870.3075700110585,371.9299715602187
929.6014883688031,632.4846425599418
6906.8916684253245,1345.047020016803
4867.98634141477,2689.8705977607774
7203.033156677902,4001.787466238431
1777.6660747964036,7836.835874563269
5330.375101039361,8889.77190522986
8006.101345043007,8854.894507166111
4187.0946299992365,8036.16697872678
515.9917520198765,8871.991070942242
3513.7332012812326,8394.451278373783
7464.31028448898,1165.6236285761602
1556.9194066546966,1146.514639428442
3974.0940935991366,1926.5089134533064
9686.149672434418,277.21183170505094
1027.9940037506185,3695.4869008522937
7104.626038178219,8313.690266476717
1773.4550024584073,2399.3254896577764
8733.231074057925,6836.315709613061
9037.506271124226,8292.27251534959
4056.6034874282986,1076.5400827318638
2523.683180387345,7223.140718219201
8209.491075717184,448.69040192986097
5055.857358693738,5117.988060934597
1636.563771677979,7828.066153503266
1484.288636664801,9946.508821188509
1899.766309979326,9678.546517526069
2091.855969657119,2482.245473992604
4222.446116848984,5773.488792769203
6290.824442136734,4201.251921276483
8831.211505573789,7460.715851364283
2616.4037925317975,2248.5656198411352
7748.413802767774,6829.6273745488015
3323.4542118883314,5453.733097503267
6536.905282504069,4427.300990755879
2672.1726728058647,1858.2469597016948
7621.253795563778,8815.136096976925
475.83382859264555,159.64759742337574
6593.248618070885,604.9227514808387
1603.1933446085477,4138.697222911487
5119.781351510049,1551.830859649489
1792.2189335775574,1462.4497215427723
918.9624648599704,4411.431315309636
7431.421442799256,8377.542299544357
5719.503248087004,4271.9751946657925
4149.61298839626,2675.8037717370707
2496.879211584883,8949.29946770795
1229.8980982618068,955.8413562978974
2885.9818060407106,1025.8148931110434
8939.97415824117,3817.5016636188084
24.368315289614586,8861.481080827858
8603.84651391084,9865.24415539013
8464.994289333667,9545.725928869622
1194.7544001628441,2720.334483319169
3404.4839524237923,2669.789388394218
5547.452354073429,4745.859848712484
5233.205959850045,3640.3110492229953
128.64327300971757,5810.456952096793
8625.87034999796,8868.41030385438
9439.368849383463,3883.616932544762
8773.828103980735,8899.830612246144
5182.67539534507,5360.656644329885
3820.6987506029323,9216.140352211498
6490.1387248635165,2771.204695159548
4227.994746416657,1873.560644342732
9633.121936240173,6600.053490010029
5894.091813531144,739.5823216956809
4007.7465459770688,2209.0890135978148
4193.272671322727,2123.15025140947
1509.8864195702167,7075.054884385549
9989.472991245824,9316.357163368573
1766.6909444338341,8495.432186421553
8812.673418421999,8885.880911772609
2542.5059733009493,1808.9083049009457
1603.0832398409011,8531.088533466718
5240.950340318102,328.2233146804936
186.36517219171145,4196.434552389231
4829.807392732697,8946.899751339717
6552.269325978711,5704.682514105789
7008.445855334927,1984.5453967432957
5673.186111569429,9492.09459819094
1976.1773090998759,3836.6410871079647
7677.0382777545665,5338.628050629314
313.2849675633509,2596.103118246822
6631.305343828581,7532.677386835613
1309.023621911899,629.8147139718891
53.71337378578978,9774.240447344757
5774.529081649358,272.0005188311392
2187.458577134217,1061.6744482713448
7715.635978316048,3510.760084921111
8922.228883098805,2921.9800676812024
8518.845508374421,6674.012609821161
368.9890052674805,9265.098779819811
5589.5530097478895,9259.942396176075
7478.298068061799,1679.9052385517066
8257.52154299075,8350.085165066232
7808.306211702984,700.9205368089378
5787.029316855461,8726.46929031275
9569.914405401587,481.99744169246884
6847.88995144604,6584.28915153828
1472.6737991611305,7231.453107550892
1092.5876399790568,252.58216011615932
1435.7435881829028,8082.482392509261
5925.474594582901,8904.474938073487
7602.45265455905,9641.854596885772
3307.5383655072465,8408.398077627877
8905.463859891934,1747.2098647886125
5802.939244768169,561.1333614236058
1545.5685463414536,4054.0937592893965
9202.44789730861,6210.115060947381
4799.602535709284,5833.179080289522
3826.6973127628603,2473.214697275641
137.75535596637133,504.8802758817517
4650.478971051326,899.6494266655919
1120.9199398591352,6325.649048883034
7816.725884402183,2405.3014619648516
5972.821455720926,6192.243860683254
7821.313532466965,9413.673519100546
2270.0934192830446,1403.7948887971795
8346.117116034102,1598.3053002660574
5985.55367732194,790.1290402680416
508.22757174045165,198.08505795425813
1741.1587709661935,4588.159327780006
8388.312447337083,3916.841925765803
5688.775163610734,1076.8926946245372
2581.3544588288596,6452.584504025494
5492.430526951343,4597.661595968559
9527.926736567786,7367.241156249194
7270.830815349758,2736.3701661025752
3644.649257152862,6615.605207205705
8834.550168362874,9383.876939312484
8584.24656270707,8451.728855671583
7480.022734031136,855.6865179979178
2626.537618557961,8904.990985823944
4306.444458640959,8948.06304676117
6404.2865381498,8587.756668329432
2866.0173506723077,7.70780591474729
6150.291752243941,4249.906983092311
7757.253258676715,105.77509701221732
316.91304573110756,7853.395553990764
3894.827108463915,3020.9328732141116
4799.258088197639,2235.2947362346263
2242.328673493007,8807.781378368141
3321.637808105794,4520.342952593049
8587.602107340632,5763.777641421799
2692.6430221886967,8278.711682504023
827.6565649045098,8449.600481212807
3122.7223987515085,2292.092874845677
